{"type":"FeatureCollection","features":[{"type":"Feature","geometry":{"type":"MultiPolygon","coordinates":[[[[10.979824465449877,46.80905877294137],[10.999473972321443,46.80946630484475],[10.999867969023066,46.800471899978746],[10.980221771279794,46.800064436908656],[10.979824465449877,46.80905877294137]]],[[[10.505707905013567,46.847713555393085],[10.498915332910112,46.852045760162696],[10.505469064045773,46.852209812732674],[10.505707905013567,46.847713555393085]]],[[[11.017559710163594,46.84584833010947],[11.01716836325996,46.854842808393315],[11.03027944115549,46.85511055256681],[11.030474026028733,46.85061329074846],[11.017559710163594,46.84584833010947]]],[[[11.01716836325996,46.854842808393315],[11.010416598191297,46.859205595145276],[11.016972640276101,46.85934004768997],[11.01716836325996,46.854842808393315]]],[[[10.924580516333286,46.87091441745399],[10.925394558163132,46.852926107712555],[10.879510162530165,46.85193987400306],[10.87909547495966,46.86093386220343],[10.892207338809595,46.86121758792335],[10.891794722011362,46.870211624121815],[10.924580516333286,46.87091441745399]]],[[[11.03644686652569,46.864238401967796],[11.049946304036451,46.85550932327926],[11.03027944115549,46.85511055256681],[11.03644686652569,46.864238401967796]]],[[[10.471734002144476,46.86937050791386],[10.498436425816857,46.86103824693596],[10.498915332910112,46.852045760162696],[10.472459171560924,46.855881945492825],[10.471734002144476,46.86937050791386]]],[[[10.478048527607273,46.87403233440161],[10.471250351882773,46.8783628820463],[10.477807234580036,46.87852853535751],[10.478048527607273,46.87403233440161]]],[[[11.048981179583514,46.87799580173388],[11.042229085895606,46.88236048606401],[11.04878805692591,46.882493097422454],[11.048981179583514,46.87799580173388]]],[[[11.10031702649924,46.906027241618844],[11.100694708017217,46.89703247425194],[11.09413381859773,46.89690286697623],[11.101072261988792,46.88803770633277],[11.081773756186491,46.878653108847104],[11.074833323891768,46.88751708688461],[11.05515445852922,46.88712263597022],[11.067890581632888,46.896380640682864],[11.067507364114844,46.90537529789996],[11.047628635917615,46.909476869240066],[11.041454055643124,46.900349623078604],[11.028331784960198,46.90008317152987],[11.034115134965395,46.91820567641544],[11.027551801153495,46.91807221568275],[11.027161611555762,46.92706673614812],[11.080059386477236,46.91912926539695],[11.10031702649924,46.906027241618844]]],[[[9.956238434690539,46.922708242193345],[9.95680945314269,46.91371826008971],[9.93713126074392,46.913129736056796],[9.942830692926302,46.92681116298316],[9.956238434690539,46.922708242193345]]],[[[10.750612116706366,46.939104434343484],[10.743827849169529,46.943451309238206],[10.750393558693302,46.94360118960315],[10.750612116706366,46.939104434343484]]],[[[11.046080912090698,46.94545521783166],[11.03932002024426,46.94981973015399],[11.045887299440809,46.94995250967825],[11.046080912090698,46.94545521783166]]],[[[11.032752773871747,46.94968657054567],[11.032363231693937,46.958681107840704],[11.038931587394359,46.95881428995382],[11.03932002024426,46.94981973015399],[11.032752773871747,46.94968657054567]]],[[[11.045693654058502,46.95444980104975],[11.045112521434023,46.96794167203963],[11.078151471290157,46.96410274538861],[11.078533312378193,46.955108052928985],[11.045693654058502,46.95444980104975]]],[[[11.025794908927818,46.95854754558228],[11.025208683949186,46.97203931360412],[11.038348691778813,46.9723061256027],[11.038737321709604,46.96331156907096],[11.025794908927818,46.95854754558228]]],[[[10.071302055491728,46.975616314085194],[10.06445786693797,46.97992239885868],[10.071025915783515,46.98011158710909],[10.071302055491728,46.975616314085194]]],[[[10.06445786693797,46.97992239885868],[10.051044060549543,46.984038106479716],[10.064181126285451,46.98441765490368],[10.06445786693797,46.97992239885868]]],[[[10.075663607247145,47.011767388708996],[10.076491203107828,46.998281541024035],[10.037070027003816,46.997142607233776],[10.036511687193721,47.00613298109658],[10.075663607247145,47.011767388708996]]],[[[10.148228226324912,47.00932495997256],[10.141385932612254,47.01363567714451],[10.147958418261517,47.01382041478991],[10.148228226324912,47.00932495997256]]],[[[11.555970428860542,47.02660901002026],[11.556271838410696,47.01761289089324],[11.589599677932798,47.004629057704044],[11.56374891986236,46.99072732161991],[11.543876951130024,46.994915810598286],[11.544180227007908,46.98591971680236],[11.537607394627091,46.98581577870214],[11.510544043123405,47.00788623010392],[11.47750957987959,47.011850952708556],[11.483771914672968,47.020954294556816],[11.477037473902106,47.02534481199832],[11.49677035921538,47.025666001630746],[11.496303023122966,47.039159934995745],[11.509771108891847,47.03037622091155],[11.529506058047623,47.030691725995005],[11.54893856413024,47.03999990069825],[11.548635785376849,47.048995993845864],[11.588268264077943,47.04511197785387],[11.582133722000906,47.03151631800035],[11.549089915049517,47.035501852770466],[11.549392540005798,47.026505754344036],[11.555970428860542,47.02660901002026]]],[[[10.023089103082658,47.01024538410936],[9.995389423427698,47.031950678290066],[10.028821080570252,47.023922465076105],[10.023089103082658,47.01024538410936]]],[[[10.759822812369034,47.020344976090804],[10.753028925600463,47.02469239551446],[10.759604699660079,47.024841742937404],[10.759822812369034,47.020344976090804]]],[[[11.43099501198739,47.02458204377648],[11.424255751897233,47.028969431651674],[11.43083369445706,47.02907993078858],[11.43099501198739,47.02458204377648]]],[[[10.766180510639238,47.024990709825744],[10.759386550029381,47.02933850876573],[10.765962916950263,47.02948748824266],[10.766180510639238,47.024990709825744]]],[[[11.509307034150668,47.04387020548895],[11.502571798823574,47.04826223277855],[11.509152290163318,47.04836819853244],[11.509307034150668,47.04387020548895]]],[[[11.028460552894028,47.04862632756461],[11.015498274097622,47.043861140500105],[11.015891296292516,47.034866677560935],[11.036014148975463,47.02627340561464],[11.029632743841212,47.02164279703906],[11.030608660583125,46.99915649616639],[11.017658250443187,46.99439154799069],[11.00411824256536,47.00311677456262],[10.991367660618833,46.993851612146635],[10.998533642939593,46.98049554478708],[10.972050136587036,46.98444834433662],[10.972649982246812,46.970956856291394],[10.985988227824398,46.966732564946355],[11.000114531842183,46.944517858701516],[11.01324761786006,46.944787575812654],[11.013640288744803,46.93579310361546],[10.981012424228213,46.93061889548904],[10.98141043661227,46.92162453536513],[10.994933442793373,46.912902010448775],[10.969283207167509,46.89886534347212],[10.969682962689964,46.889871025969974],[10.95000402781509,46.889458318322056],[10.955759565223882,46.907584808561985],[10.948996083463355,46.91194393623971],[10.91638912918128,46.906751139480235],[10.909417517934562,46.91560497029219],[10.88972954697819,46.9151817985269],[10.883581380992977,46.90604597236996],[10.863897151201583,46.90561831538144],[10.856497969913146,46.923462828023894],[10.875772929060673,46.93288575166044],[10.875148951376998,46.94637672227838],[10.83532829582958,46.95450888999225],[10.847831824093001,46.968288497699504],[10.834693806672261,46.96799963416039],[10.834270635062113,46.97699346040878],[10.860760635275394,46.97307280275457],[10.852300253536695,47.01340182594197],[10.878599067453083,47.01397395366407],[10.8777667137314,47.03196190957214],[10.851459004725712,47.031389588425505],[10.851038166659112,47.04038346360401],[10.864403499493276,47.03617347259824],[10.883513037110394,47.050092025884496],[10.856776275303378,47.0585149248062],[10.862937484564222,47.06765217811127],[10.856356122959117,47.067508810617305],[10.8489318368191,47.085352770083176],[10.829181388797794,47.084919093205585],[10.81644172604705,47.07563434152802],[10.81558733580982,47.09362179370821],[10.808788637243511,47.097972533326256],[10.82854377729539,47.098409749934966],[10.827693124091693,47.11639727189439],[10.820892499148757,47.1207487293328],[10.774126546219103,47.13321044277398],[10.76840861180731,47.11507488613648],[10.74864776885559,47.11462722946044],[10.74140076657465,47.12796738652365],[10.76688341527724,47.14655220598272],[10.766011060898203,47.16453920783814],[10.752386210931288,47.17323431335136],[10.772168942542052,47.17368131743024],[10.771515743244162,47.18717157539237],[10.797468770164114,47.196755983406476],[10.797037448045801,47.205749570434584],[10.84322687587707,47.20676914138468],[10.85705599865253,47.19356629540803],[10.883235988085701,47.19863426194952],[10.89004148903879,47.19427910486781],[10.891287382417193,47.16729725926516],[10.897881230943673,47.16743860407869],[10.89912250382507,47.14045662039476],[10.905713035072193,47.14059751212453],[10.913125948746705,47.12274990424994],[10.945865391568962,47.12794358985886],[10.946473519778076,47.11445231264137],[10.933502529882741,47.109677793525364],[10.935131338534536,47.073701166525495],[10.955080231516224,47.0696193298703],[10.948700679012116,47.06498418589046],[10.949913744751656,47.038001507586884],[10.963471541881857,47.029282752307736],[10.989779380626295,47.029829143575974],[10.981607485071425,47.06567049359566],[10.988188948044199,47.06580661246076],[10.98779100304376,47.07480096826347],[11.00753893616786,47.075207108104415],[11.00813078996584,47.06171546962127],[11.034455150566815,47.062251519846605],[11.028460552894028,47.04862632756461]],[[10.933502529882741,47.109677793525364],[10.926711452060218,47.114035570125],[10.926915766367992,47.10953850989737],[10.933502529882741,47.109677793525364]],[[10.927120046037809,47.10504144818822],[10.920124165317791,47.11389589349681],[10.913536913314472,47.11375583564562],[10.913947738539909,47.1047617609962],[10.927120046037809,47.10504144818822]],[[11.009707597272712,47.02573771771011],[10.98340157903839,47.025195939913296],[10.983999003099195,47.01170440391475],[11.010298349607586,47.012246044372134],[11.009707597272712,47.02573771771011]],[[10.865331828527426,47.157734196716234],[10.858528990268734,47.1620878906439],[10.858739274808006,47.15759096816579],[10.865331828527426,47.157734196716234]],[[10.845765640788322,47.15280646655389],[10.83896182810356,47.15715899342154],[10.839173753091213,47.15266210566443],[10.845765640788322,47.15280646655389]],[[10.893982470220173,47.10883637390983],[10.887188254580183,47.11319179207098],[10.887395915936404,47.108694803164],[10.893982470220173,47.10883637390983]],[[10.887811133045142,47.099700820912126],[10.87443165464431,47.103913551781424],[10.874640360835093,47.09941658395129],[10.887811133045142,47.099700820912126]]],[[[10.606985238407951,47.048289271431],[10.60017527911222,47.05262753964145],[10.606754070063884,47.05278573200042],[10.606985238407951,47.048289271431]]],[[[11.51573280771607,47.04847378337534],[11.508997519961396,47.052866190622424],[11.515578594556759,47.05297178439161],[11.51573280771607,47.04847378337534]]],[[[9.796986781984453,47.04395665121422],[9.789811273363581,47.052740714749056],[9.809240832610026,47.05784939872069],[9.810136785234928,47.04436559021924],[9.796986781984453,47.04395665121422]]],[[[10.843615886048775,47.05822709586425],[10.850617186055304,47.04937733444768],[10.830880102473234,47.04894395068972],[10.83045563984404,47.05793774372052],[10.843615886048775,47.05822709586425]]],[[[9.624169816950458,47.06546665820499],[9.611016060287662,47.06503620754477],[9.610069180839758,47.07851839098535],[9.623540839436062,47.07445485497873],[9.624169816950458,47.06546665820499]]],[[[10.04436155984844,47.09192310961119],[10.052056809898565,47.07413261853557],[10.013142932820264,47.063994960735116],[9.995389423427698,47.031950678290066],[9.96223334772326,47.035474055229926],[9.961661938313693,47.044464047204265],[9.955086328379158,47.0442685325833],[9.953654179981463,47.066743404301434],[9.973389489753606,47.0673290543357],[9.972534622925577,47.08081410711767],[10.012016552032025,47.081975426646174],[10.011453075408657,47.09096564984834],[10.018034677203596,47.09115790327772],[9.9974411025888,47.10406522503963],[9.99687492111676,47.11305536565332],[10.10854060077181,47.12078154227968],[10.10250345243186,47.1116038734026],[10.082750269111578,47.11104063004138],[10.076994981667077,47.097366320659006],[10.04436155984844,47.09192310961119]],[[10.037220553108275,47.10072272511562],[10.030357460198294,47.10502673583485],[10.030637695481321,47.10053158160642],[10.037220553108275,47.10072272511562]]],[[[9.952794308793736,47.08022830864334],[9.945927024036441,47.08452722949618],[9.95250758796573,47.08472327347749],[9.952794308793736,47.08022830864334]]],[[[11.046841694612116,47.08050637962782],[11.046259473279259,47.09399820638205],[11.06620742456022,47.08989688587473],[11.066592194691157,47.08090226645728],[11.046841694612116,47.08050637962782]]],[[[10.808788637243511,47.097972533326256],[10.801988823735481,47.10232286568959],[10.80857435542591,47.10246937909479],[10.808788637243511,47.097972533326256]]],[[[10.788385851213901,47.111022308154226],[10.788817869706822,47.10202869557266],[10.775647062109709,47.101733001068254],[10.76840861180731,47.11507488613648],[10.788385851213901,47.111022308154226]]],[[[9.937618485094507,47.11130035851086],[9.918446758473895,47.10171875667561],[9.88494941576481,47.10971445463394],[9.884364107926183,47.11870402332253],[9.870901265256967,47.1227984191729],[9.870019439865896,47.13628265029531],[9.909540405914136,47.13747953957723],[9.923293474887227,47.12888570000741],[9.96911080745246,47.13475416200821],[9.962810114530269,47.13006410096809],[9.963954194664437,47.112084170313985],[9.937618485094507,47.11130035851086]]],[[[10.58352052062032,47.119756153891615],[10.576699465741754,47.124093001095225],[10.583287051379191,47.12425255107445],[10.58352052062032,47.119756153891615]]],[[[11.366556435585963,46.98747764856186],[11.313804852358636,46.99105095932944],[11.307575150590296,46.98193826562625],[11.287686404361207,46.98608190458386],[11.222679810311897,46.966886619946585],[11.143844293569547,46.965390956510575],[11.13033238556604,46.974131220948976],[11.110809290581981,46.96924900383614],[11.090150144313457,46.991347624742936],[11.096722678326818,46.991477462199725],[11.095585219387482,47.01846169780677],[11.108737052863434,47.01872036264963],[11.114560744621624,47.03683872839545],[11.121138966188205,47.036967152733176],[11.120576096853977,47.05045937822818],[11.100457772369623,47.05906761141412],[11.099889412550088,47.07255972247905],[11.072792104779378,47.09002810827782],[11.072024403971712,47.10801737542175],[11.058271148743364,47.12124632939589],[11.063703235902224,47.148361773498024],[11.05032548560253,47.152595161337146],[11.042565185005161,47.179446129419375],[10.970415862442357,47.168968210740445],[10.971419608811681,47.14648258225556],[10.95843853643216,47.1417109149449],[10.972021448007077,47.13299118462481],[10.945662613398067,47.132440679125416],[10.944851156641889,47.15042901976262],[10.924666401955145,47.159006084874754],[10.915608172355805,47.212830528034765],[10.902409109916226,47.212549508924404],[10.89498000580424,47.230396297662466],[10.875384200178653,47.2254736863232],[10.87475667327603,47.23896446518599],[10.907770696893598,47.2396721459545],[10.906944710831707,47.257660058369055],[10.940174571417305,47.2538613886249],[10.959382686071166,47.26776698362654],[11.038663564215499,47.269390577291475],[11.057903202931541,47.283279562220464],[11.057515481442188,47.29227400958755],[11.070735244454106,47.292537072345354],[11.077729526404092,47.28367351588586],[11.103975169041142,47.28869073482679],[11.104354961672326,47.27969612783734],[11.144937967516642,47.25797757779407],[11.19117917849635,47.25885619388638],[11.19851232943607,47.24099029198169],[11.218143762873877,47.2458573414975],[11.218503843666674,47.23686232545892],[11.205478390958966,47.232118876252905],[11.199420557994095,47.21850288113161],[11.134160742718889,47.19925721887282],[11.141504870743766,47.18139489128142],[11.16129367242162,47.18177433611735],[11.167521700266988,47.19089495133372],[11.206745340809727,47.200636384136104],[11.259536481595822,47.20161038712238],[11.246160974409786,47.205866744951635],[11.245805803294331,47.214861872860546],[11.278984146995514,47.21096456956968],[11.298611831605253,47.21581778492363],[11.298265506727713,47.22481306639581],[11.351082385570228,47.22574468413033],[11.35818893646037,47.21236622601528],[11.385088786229733,47.199327895375426],[11.385420199769445,47.19033233645969],[11.365794014346864,47.18549405507353],[11.352262633583475,47.19426061266697],[11.35192556307774,47.20325607147101],[11.325357279676776,47.207291202717855],[11.313017004927223,47.18456925570207],[11.286977231589953,47.17510241557538],[11.280206910634325,47.17948121906485],[11.279508366575932,47.197471716523914],[11.28593277414968,47.20208822193123],[11.272559268362627,47.20634767603907],[11.266838651645699,47.18374000960545],[11.247403123587526,47.17438373639108],[11.174853422059156,47.173030464679016],[11.170280921622181,47.123433051764785],[11.157287639983698,47.11868405880426],[11.157657176060626,47.10968915101923],[11.203950151130256,47.106065120079855],[11.209996305177938,47.11968098674565],[11.235816937918736,47.13366302604788],[11.268769830776623,47.13426623809869],[11.275710118272965,47.125390463691744],[11.288889309405242,47.125628275097334],[11.294093171937668,47.16172790165253],[11.327234693044643,47.15781653927348],[11.327575664403563,47.148821123211384],[11.320983085069365,47.14870464748525],[11.32808690451012,47.135327987116206],[11.314905127820081,47.13509471325871],[11.28941016614606,47.11213529511993],[11.276234324865902,47.11189754402444],[11.270172062630287,47.098285194558],[11.250413634535496,47.09792465564367],[11.263937266506112,47.089170141784436],[11.250944000730021,47.084431833270955],[11.238664129065224,47.06170167010497],[11.26516614636527,47.05768671326794],[11.296689962625955,47.094262899318444],[11.335865809969183,47.103959946753314],[11.355123116537328,47.11779893133705],[11.360706640606379,47.14490001876897],[11.386910168668416,47.149852233026294],[11.399767254363542,47.159072799397016],[11.399438471842975,47.1680684212775],[11.425494849242726,47.17750955866874],[11.425819267066728,47.16851386828012],[11.439170879013217,47.16423643486874],[11.43981480076625,47.146244952761165],[11.426629829910683,47.146024612947336],[11.427115837577654,47.132531040712976],[11.440458285572948,47.12825344559615],[11.434513303713954,47.11015201038935],[11.447849527016784,47.105873543223815],[11.44816971701324,47.09687774867563],[11.42857237754119,47.092050246756806],[11.428248894076356,47.10104598812079],[11.421662034967486,47.10093533942086],[11.415400918610034,47.091828605570605],[11.389223380047314,47.08688293286092],[11.376883761988458,47.06416773457471],[11.350723452521144,47.05921319593557],[11.337899059226855,47.04998704837837],[11.338237532367048,47.0409915499708],[11.318670822341995,47.036145109894846],[11.319012462670134,47.027149664812455],[11.345491157327658,47.02311598094568],[11.351564138414494,47.036724355031154],[11.377713450671964,47.041678705663685],[11.377215721793885,47.05517212606211],[11.396959073639536,47.05551064855074],[11.416052017881672,47.073837183139766],[11.455393950497335,47.078995222129194],[11.468720662779141,47.07471430222287],[11.463406664543946,47.0386225789904],[11.45056768565494,47.029409143663045],[11.43083369445706,47.02907993078858],[11.456668300656986,47.04301188670373],[11.456349875023252,47.05200772670748],[11.443188231640011,47.05178930143517],[11.443508884998803,47.04279349835722],[11.404358517937752,47.033133498338906],[11.404849148210724,47.019639949988104],[11.391860337487962,47.01491773079211],[11.392189455078253,47.00592206423001],[11.425388294740339,46.99748427151678],[11.438054545221924,47.01119845904373],[11.46419933962745,47.016132912979764],[11.470933673646636,47.01174315535654],[11.471564999529884,46.99375136919691],[11.451844113558042,46.99342580340157],[11.445750420808452,46.9798227843741],[11.419949363769321,46.96588833010034],[11.380363739453157,46.969713671414134],[11.380032845641306,46.978709310076795],[11.366556435585963,46.98747764856186]],[[11.319100154713272,47.198179241874065],[11.312329540039023,47.20255994539676],[11.312501450050338,47.19806227581607],[11.319100154713272,47.198179241874065]],[[11.426629829910683,47.146024612947336],[11.419874769104721,47.15041171559955],[11.420037385680986,47.14591387065189],[11.426629829910683,47.146024612947336]],[[11.420037385680986,47.14591387065189],[11.41360811695686,47.14130490964667],[11.420199974663907,47.14141602413537],[11.420037385680986,47.14591387065189]],[[11.413444969042986,47.14580274676725],[11.406688845470821,47.150189067417664],[11.40685258009141,47.14569124129585],[11.413444969042986,47.14580274676725]],[[11.406688845470821,47.150189067417664],[11.399931603772037,47.1545749859621],[11.400095925288813,47.1500771709006],[11.406688845470821,47.150189067417664]],[[11.41360811695686,47.14130490964667],[11.407179965991249,47.13669558436771],[11.41377123718971,47.13680707098377],[11.41360811695686,47.14130490964667]],[[11.443188231640011,47.05178930143517],[11.436446526160637,47.05617740820469],[11.436607450644381,47.051679517417796],[11.443188231640011,47.05178930143517]],[[11.430349577933692,47.04257358658802],[11.423607981657316,47.046960933511656],[11.423769965358986,47.04246305942577],[11.430349577933692,47.04257358658802]],[[11.43276770385237,46.975105238080694],[11.426034859943119,46.97949273623678],[11.426196432888695,46.9749948509631],[11.43276770385237,46.975105238080694]],[[10.960594954037417,47.24078456466723],[10.95378928130497,47.245143913830205],[10.953991800768906,47.240646849808954],[10.960594954037417,47.24078456466723]],[[10.974002166756831,47.23656174680916],[10.967198141627962,47.24092189737922],[10.967399505525874,47.23642480782695],[10.974002166756831,47.23656174680916]],[[10.987207591493066,47.23683447841075],[10.980404619394745,47.24119541635238],[10.980604862110921,47.23669830367141],[10.987207591493066,47.23683447841075]],[[11.178701118299115,47.24061730944451],[11.165493799921084,47.24036674337808],[11.166047239603323,47.226874461446094],[11.172649201217578,47.226999903751754],[11.178701118299115,47.24061730944451]],[[10.968405811886006,47.21393932696436],[10.96200770505139,47.20930497291774],[10.968606970593155,47.209442224364274],[10.968405811886006,47.21393932696436]],[[10.95540847377048,47.20916733955072],[10.955812928133316,47.200173174624595],[10.962411039701069,47.20031078471863],[10.96200770505139,47.20930497291774],[10.95540847377048,47.20916733955072]],[[11.11379928834584,47.21236512440648],[11.08739950072083,47.21184743866731],[11.081374351222768,47.19822516514274],[11.094951498561626,47.18949081784092],[11.114554313153533,47.19437570506133],[11.11379928834584,47.21236512440648]],[[10.976008324420249,47.191590616695535],[10.969210241741557,47.195950904204174],[10.969411263829013,47.191453793455885],[10.976008324420249,47.191590616695535]],[[11.028590041444394,47.197168671370385],[11.021992151512803,47.19703489128059],[11.022385207641818,47.188040484523675],[11.028981978257315,47.188174241992144],[11.028590041444394,47.197168671370385]],[[11.207468636030955,47.18264634498024],[11.200690782437398,47.18702041985112],[11.20087211982375,47.182522917660144],[11.207468636030955,47.18264634498024]],[[11.076695399682144,47.15312143562436],[11.07010287211738,47.15299043937127],[11.070487439306032,47.14399583933585],[11.077078849332318,47.144126813440685],[11.076695399682144,47.15312143562436]],[[11.149400923196485,47.15003978150991],[11.142808601818103,47.1499129931862],[11.136589639735254,47.140791001393595],[11.149772015866805,47.141044916648006],[11.149400923196485,47.15003978150991]],[[11.39399750699001,47.13647146657825],[11.38724096386939,47.140856636170334],[11.387406319376565,47.13635883540969],[11.39399750699001,47.13647146657825]],[[11.137335915249382,47.12280133843433],[11.124158133451054,47.12254598363274],[11.124533314089534,47.11355118620736],[11.137895289718275,47.109309075355775],[11.137335915249382,47.12280133843433]],[[11.407834404623472,47.118704252542294],[11.40108126906069,47.123090247912955],[11.40124539553405,47.11859242223486],[11.407834404623472,47.118704252542294]],[[11.091975632582836,47.10391154059337],[11.085198323738211,47.10827876530345],[11.085389181997506,47.10378142849756],[11.091975632582836,47.10391154059337]],[[11.415075203380194,47.100824309453934],[11.401737607972471,47.1050989368694],[11.401901623148314,47.100601105728714],[11.415075203380194,47.100824309453934]],[[11.09913114988745,47.09054918689258],[11.092356136551201,47.09491684081359],[11.092546340164366,47.090419488894106],[11.09913114988745,47.09054918689258]],[[11.197907099719135,47.09244892234999],[11.191139979225316,47.096822454263645],[11.191321817800256,47.09232494126192],[11.197907099719135,47.09244892234999]],[[11.375887207287034,47.091154533284524],[11.369134937927148,47.09553863971273],[11.36930168677247,47.09104085373943],[11.375887207287034,47.091154533284524]],[[11.199356240952106,47.056468690000784],[11.192956978967333,47.05184726900622],[11.199537245535222,47.05197115580817],[11.199356240952106,47.056468690000784]],[[11.192956978967333,47.05184726900622],[11.179979182445532,47.0471008490991],[11.193138509684072,47.04734974423194],[11.192956978967333,47.05184726900622]],[[11.195314482576038,46.993379374726025],[11.1885597596187,46.99775276832035],[11.188741477590511,46.99325524353029],[11.195314482576038,46.993379374726025]],[[11.175778358263154,46.98850833542028],[11.1690226474572,46.99288056733566],[11.169206001319969,46.98838307350982],[11.175778358263154,46.98850833542028]],[[11.26779455949844,46.99022205907499],[11.261046202556207,46.994599762102006],[11.261221778197442,46.99010212298986],[11.26779455949844,46.99022205907499]],[[11.254825128079068,46.98548417686736],[11.248076304793251,46.98986110952292],[11.248252961810167,46.98536349011861],[11.254825128079068,46.98548417686736]],[[11.419138721792558,46.9883777095215],[11.412403072573058,46.99276439825556],[11.412565838986662,46.988266533488016],[11.419138721792558,46.9883777095215]],[[11.222322263885815,46.97588178073663],[11.215571984791955,46.98025678192753],[11.215751358675748,46.97575921275298],[11.222322263885815,46.97588178073663]]],[[[10.74140076657465,47.12796738652365],[10.734591581137785,47.13231368276323],[10.741180648963876,47.132464096025004],[10.74140076657465,47.12796738652365]]],[[[10.991790931487792,47.13340005931599],[10.992188637865903,47.12440571700494],[10.985599892740554,47.12426982979852],[10.97841122131421,47.137625003313644],[10.991790931487792,47.13340005931599]]],[[[9.604061089767919,47.16390514563327],[9.590565197923713,47.1679663515976],[9.60374433809864,47.168399163759155],[9.604061089767919,47.16390514563327]]],[[[9.603427532698923,47.172893179532856],[9.596519961274028,47.17717094086031],[9.603110673555115,47.17738719292683],[9.603427532698923,47.172893179532856]]],[[[9.938440704018646,47.2013952118364],[9.964821229850521,47.202178823350536],[9.965393804532052,47.19318889763416],[9.945899578609426,47.188106943692766],[9.938440704018646,47.2013952118364]]],[[[10.548835153752737,47.52859613811727],[10.554997884472296,47.537749522154584],[10.575151943093127,47.53373460411639],[10.580613127417164,47.55637502994422],[10.593427552029187,47.565685614549885],[10.619999586206712,47.56631759496087],[10.600772364951093,47.55235562642786],[10.601240074546638,47.543363231704625],[10.661688850128938,47.53128350141376],[10.66214596502145,47.522290826266875],[10.69623717127285,47.50507431027666],[10.676557798944627,47.500117746319475],[10.663972863638604,47.48631996425446],[10.665341400837812,47.459341654446966],[10.678600952627132,47.4596500985023],[10.672425895237314,47.45050324230365],[10.625795025038444,47.453910796298196],[10.613002056306648,47.44460364511537],[10.613466723982233,47.435611034729135],[10.580569320650525,47.43032195888087],[10.568026162533409,47.41651349844324],[10.554066299513831,47.42968084563664],[10.527563925962784,47.42903359839098],[10.53490635286153,47.41570751923743],[10.508652376531208,47.41055972982178],[10.54839191079078,47.41153487104205],[10.555963671343838,47.393711205674286],[10.542959541415186,47.388892374172855],[10.543435652603526,47.379899978214006],[10.523577657390211,47.37941327070039],[10.517679026006956,47.36576181537711],[10.484591835487224,47.364941269470776],[10.472089314966622,47.35112218089632],[10.491936194073466,47.35161782865936],[10.491451566772588,47.36061004232513],[10.557621750837747,47.36223759492462],[10.557148215602314,47.37123007128156],[10.576768300036237,47.37620722627262],[10.616714964500073,47.37266237391385],[10.583152735346465,47.380863051818814],[10.575592004263191,47.39868854767985],[10.58221387225667,47.39884815637775],[10.581744200627245,47.407840688599734],[10.601380222492109,47.4128135976481],[10.600913694707584,47.42180618993604],[10.614163428350448,47.42212209240026],[10.613698998380864,47.43111472415847],[10.653455917738754,47.43205339005188],[10.660766944762424,47.418719261952695],[10.667391581280368,47.41887394160387],[10.666936257583904,47.427866791573734],[10.687039773486067,47.42383214631746],[10.686587758189882,47.43282506743311],[10.673107711213069,47.437013976039914],[10.711974506229796,47.45591800612514],[10.71152647120367,47.46491098014656],[10.731418359236425,47.465365052669235],[10.731863003754018,47.45637200181682],[10.718827362560077,47.451573216284245],[10.719274038716717,47.442580194675564],[10.732973951400547,47.43388931106126],[10.76588879417244,47.439134589815744],[10.765230697407437,47.45262439439166],[10.74512219191456,47.45667274747555],[10.75064842556647,47.47930533467364],[10.757280940330958,47.479454811639314],[10.756399791109635,47.49744102590178],[10.735829220175038,47.51048079699353],[10.72830159265095,47.52831597976007],[10.71502445176396,47.528013290060066],[10.721216008686294,47.53715772705691],[10.754415002818153,47.53790977672183],[10.768792236646165,47.5157251818368],[10.88742963454372,47.53632515702454],[10.89469583816673,47.52297638248824],[10.915025028457054,47.51440500199066],[10.875621937082155,47.504563632550365],[10.869196689459299,47.49992425018142],[10.87003936451876,47.481937195532886],[10.850352326227734,47.4770104515634],[10.877092531789621,47.47308618933399],[10.889939002120704,47.48236374800257],[10.923105776833552,47.48306699141656],[10.91709210285975,47.46943652848523],[10.93698739486433,47.46985491340508],[10.950658435532471,47.46113806025822],[10.937601741342306,47.45636419204663],[10.93158736541453,47.44273443104149],[10.951676171653126,47.438653353627245],[10.952083023055646,47.42965944638261],[10.985217458226977,47.430344718657196],[10.985618525226867,47.421350681738694],[10.972568517219031,47.416580769115924],[10.973374617772267,47.39859273420306],[10.986820905801626,47.394368491001906],[11.119276778026107,47.397011906712656],[11.12533442104148,47.410631866589014],[11.197662509095636,47.42550866172133],[11.203925618244991,47.434627032140156],[11.250500678788017,47.43098424786843],[11.237603425877953,47.42174712398598],[11.237961389034114,47.412752238898356],[11.205016631580687,47.40764270766627],[11.20538005467373,47.39864790676026],[11.192133050731824,47.39840043117877],[11.185876279126171,47.389281367696476],[11.159387284038107,47.38878036780823],[11.159943840928548,47.37528834565244],[11.133274375191114,47.3792786430564],[11.113601160075097,47.37439706634062],[11.107550701255335,47.36077641748391],[11.09412264354153,47.365014861871266],[11.101312997815995,47.351652688808706],[11.141204901358194,47.34792473488265],[11.154810630037362,47.33918339752413],[11.14893981419254,47.321067512133034],[11.161982117391448,47.32581736952674],[11.168965493795765,47.316948264657675],[11.182191969406432,47.31719842575641],[11.17631421150542,47.29908390066821],[11.110016454935689,47.3023116929074],[11.11587184115959,47.320429616132905],[11.082228998774339,47.333273887743644],[11.042539349779888,47.33248409847921],[11.044100816482457,47.296506614128546],[11.017265043011351,47.30496708950966],[11.016672796568812,47.318458514869384],[11.003049573006784,47.32718341928668],[10.976794421454617,47.32214302997519],[10.963163663960847,47.330863174891746],[10.937523186193419,47.31232263198811],[10.877597621003567,47.32005119722359],[10.878434569232981,47.30206361797869],[10.905497882735915,47.28913881196311],[10.925325234530947,47.289559225885505],[10.919332993567187,47.27592851975283],[10.906118162840457,47.27564793252034],[10.906944710831707,47.257660058369055],[10.893319061833099,47.266371931295254],[10.866894595956696,47.26580320551577],[10.860920101293363,47.25216940388798],[10.84110728228886,47.25173780804842],[10.835353593158922,47.23360578759909],[10.815333678902686,47.23766656731842],[10.789357357739567,47.228086257991414],[10.762296938605338,47.24098361112526],[10.761859277421737,47.24997702858245],[10.801267098348134,47.255361077553594],[10.807011467193714,47.27349477644753],[10.82001120294705,47.27828363945383],[10.813189125200596,47.282634579340595],[10.812330282002076,47.300621713638485],[10.825978098127127,47.29191954367212],[10.826618697590263,47.27842910727109],[10.871823978781885,47.30192114902345],[10.864371979552253,47.31976578021117],[10.81082589903213,47.332099094279805],[10.804427319114328,47.327455965363185],[10.812115479861259,47.30511849057287],[10.792283216585455,47.30467842255697],[10.79954160128404,47.29133522995505],[10.786757412926145,47.28204730525512],[10.759887959393517,47.290447285640006],[10.728397430005893,47.258220409829114],[10.714965191559251,47.26241433502889],[10.702202848237917,47.253116920906685],[10.709253573753898,47.24427599752404],[10.696047813166587,47.243971095659184],[10.702874530455649,47.23962714242607],[10.70376957422621,47.22164073839761],[10.697393739840626,47.21699156716964],[10.664396811505926,47.2162230160469],[10.658252595537535,47.20707512217],[10.625722917227186,47.19730233189556],[10.62641336642099,47.18381294389189],[10.653022075502518,47.179940824330494],[10.659162240783113,47.18908902041492],[10.692366709355493,47.18536249449477],[10.70488752397586,47.19915768325297],[10.744031536477028,47.20905812583323],[10.738315718945133,47.19092115667293],[10.712599028045274,47.17682664256094],[10.713489711055868,47.158840069598455],[10.694385663574094,47.144893045335735],[10.681204744803043,47.1445864217817],[10.675291666324316,47.130942805458],[10.655525713666231,47.13047898343237],[10.66938162980705,47.11729887075443],[10.675517364294645,47.1264462245384],[10.70187027126795,47.127059264334214],[10.727559970635989,47.14115625121557],[10.734591581137785,47.13231368276323],[10.721413557866047,47.13201171235362],[10.708681463086847,47.12271492390021],[10.709127089951622,47.11372162449207],[10.69617770352457,47.10892008058535],[10.716380260236736,47.1003835121876],[10.723629784747548,47.08704492848269],[10.756984464573812,47.078802857823675],[10.757421540327144,47.069809350871175],[10.737897791564693,47.06486306982338],[10.73921792476885,47.03788273951163],[10.726505271236443,47.02858790294437],[10.733522161883913,47.01974535389383],[10.753247594147895,47.020195641287295],[10.753684820233481,47.01120212988425],[10.747110750393006,47.011052439880935],[10.754121898369293,47.00220861473241],[10.741415169246629,46.992915436909215],[10.74820594529142,46.988568708679296],[10.741854172192465,46.98392196555148],[10.742731732737438,46.96593501375364],[10.756305072427049,46.95724099041887],[10.736822732742281,46.95229450711835],[10.739237837668362,46.90283046400127],[10.7326771859783,46.90267993823042],[10.73333673208058,46.889189775311095],[10.7202188592039,46.88888766138196],[10.726998104502009,46.88454219945173],[10.721764239609808,46.85741078733567],[10.741429497777418,46.8578631213749],[10.742086274876192,46.84437291715482],[10.702543832102021,46.84796172322232],[10.695098646472472,46.86579565500868],[10.674981622950712,46.87432848970592],[10.596994337365217,46.8589631774443],[10.565155945678985,46.840180078999495],[10.552051116295521,46.839858502220274],[10.558134780515157,46.84901221424177],[10.51881438405347,46.84804049527346],[10.524418703909618,46.86618859084168],[10.491641564408955,46.8653700167226],[10.477807234580036,46.87852853535751],[10.523469083311927,46.88417378310952],[10.5227564469858,46.89766267484984],[10.509160229239674,46.906328727937876],[10.489479142447417,46.90583607119387],[10.477083111089614,46.89201713676277],[10.476117042430326,46.910001934201716],[10.488998157858575,46.91482852418791],[10.487554228784273,46.94180587168838],[10.454243916666522,46.94996892968175],[10.44670124422778,46.9677864569928],[10.433565710083341,46.967451170013625],[10.426259785802221,46.980771229054085],[10.413121174006347,46.98043357645727],[10.392168500866914,47.00240432558648],[10.379525134307565,46.9930707568686],[10.34667207478728,46.992210253729006],[10.347177826547735,46.98321842431934],[10.328233128393528,46.96921002960678],[10.328996038371407,46.95572240320966],[10.309554286538813,46.95070263953164],[10.317650612463467,46.92390254882512],[10.271458874005397,46.92716588306653],[10.270681791707421,46.9406531215056],[10.264117923779098,46.940475483930655],[10.264637129454941,46.93148402227567],[10.238386525323852,46.930769795115324],[10.239433262125724,46.912787105742375],[10.227100556370292,46.898940903871384],[10.22762560531694,46.88994961387028],[10.234183125202243,46.890129362861146],[10.235230482162722,46.87214671770849],[10.228937452558304,46.86747138254327],[10.189609834557569,46.8663853803617],[10.177300808262995,46.85253377149503],[10.12488046373361,46.851058840491746],[10.118871043208582,46.84188199812026],[10.105768709779,46.8415087795831],[10.084744126205804,46.86342263812409],[10.051976004545436,46.86247687587363],[10.0508669895038,46.880457774426816],[10.023805623096637,46.89317955899363],[10.02324613410013,46.9021698741288],[9.9836141219515,46.90550753034275],[9.981630868497078,46.93697292571129],[9.975068465645371,46.93677856620738],[9.974500284419086,46.94576863978313],[9.980780184684093,46.950458084087174],[9.967652106942571,46.95006888688189],[9.967082530534773,46.959058922488154],[9.95366646327424,46.96316312391471],[9.933970015678348,46.96257405296388],[9.932531142635607,46.98504870665089],[9.912826824073635,46.984455967460335],[9.90027209167866,46.97506921712474],[9.90143397317447,46.957089822378386],[9.907998609669177,46.95728844122372],[9.909447091174235,46.934814093208345],[9.942830692926302,46.92681116298316],[9.9237244593495,46.91723039796171],[9.896614055734982,46.92992180510589],[9.896032695536483,46.938911481370816],[9.876638232126492,46.933817622578786],[9.874005178243259,46.97427067484052],[9.892831700539075,46.9883546361108],[9.891957668451775,47.00183911077549],[9.871954476610346,47.00573410230851],[9.877354309145817,47.0239135684649],[9.851063597565346,47.02310972170218],[9.845082041400403,47.0139184108066],[9.831939303620938,47.01351351441493],[9.804458921393383,47.03067754060456],[9.791312349861759,47.030267944789024],[9.797286442120411,47.03946207987778],[9.816711862698975,47.04456948925954],[9.815817576203543,47.05805334943355],[9.834954999908794,47.067652254327854],[9.82718794833696,47.085427992700424],[9.833471346984277,47.09012556335878],[9.820309825531128,47.08971932386746],[9.8212035044225,47.07623544647402],[9.808643278033935,47.0668385965123],[9.775453132979743,47.070307473519826],[9.774547931258095,47.083790992803415],[9.80086753389884,47.08461253750143],[9.806550242594813,47.09830073569763],[9.787406906743994,47.088697064034804],[9.761085488032087,47.08787240503717],[9.769177214860054,47.065606695781966],[9.756931856844856,47.05170963645535],[9.743780448699336,47.05129454273817],[9.743171886355855,47.06028339566689],[9.651102289998079,47.05733464670871],[9.64954108918207,47.079805504499966],[9.662698816105996,47.0802314984633],[9.661453351068621,47.09820829657957],[9.654872237347247,47.09799541793495],[9.654248075815602,47.106983769754095],[9.628234032935309,47.10163420179375],[9.620707802821698,47.11490164966016],[9.633246079051652,47.12431920515919],[9.632617941906537,47.1333074245236],[9.626032588368394,47.13309287848206],[9.624773446873942,47.151069218987345],[9.618185918576623,47.150854219448],[9.624458528049951,47.15556329859109],[9.62319831854531,47.17353959408905],[9.603110673555115,47.17738719292683],[9.602476793980545,47.1863752124653],[9.589293191975223,47.18594225401867],[9.588656865214608,47.19493019054332],[9.5820640291387,47.194713102804144],[9.581107459276453,47.20819493358226],[9.59397868679459,47.21312281281857],[9.594614328909797,47.20413486005585],[9.608119127155973,47.20007318534296],[9.602159773522432,47.19086921855459],[9.6426560727913,47.17867670062376],[9.722366180199668,47.17222587000489],[9.72834431288661,47.181423554907866],[9.754711701630749,47.182255778618774],[9.755623632661656,47.16877249749857],[9.769107047824894,47.16469175025265],[9.743357994864201,47.15487405699165],[9.744577021456736,47.136896430985075],[9.737990775579023,47.136688360287714],[9.745490749054813,47.12341318938549],[9.712875647862077,47.11787496140119],[9.726349412821529,47.11379926072632],[9.72696143915793,47.104810520654084],[9.714411148337614,47.09540328331144],[9.728184869886494,47.08683301784058],[9.747925086178661,47.08745779192512],[9.765547585838286,47.119540487748445],[9.785300411782538,47.12015877658546],[9.790682183383032,47.13834225920633],[9.823913915500423,47.13486894428021],[9.844561635003403,47.12199307717964],[9.840052183179523,47.090328112135154],[9.86067866178788,47.077449289492804],[9.861561882224198,47.06396508932082],[9.88816506633672,47.060271699250514],[9.888749086796002,47.051282085951605],[9.928207216393103,47.05247249084311],[9.929361336551194,47.03449284422265],[9.94308454205528,47.02589657127998],[9.937374418898434,47.01221517450434],[9.957375246580785,47.00830866447281],[9.96480229860613,46.99501902612485],[9.997650550113592,46.99598999095308],[9.998497684186061,46.98250471385948],[10.046145312499412,46.956876500271],[10.085811644411086,46.95351698043538],[10.091004819212186,46.97618155130991],[10.10414022715146,46.97655647642534],[10.12302842958823,46.99060221056098],[10.15587675970756,46.991527409086146],[10.154530949557062,47.01400477220155],[10.141115523849225,47.0181311151829],[10.128241098626827,47.013265061168255],[10.134271519250975,47.022441402866754],[10.127426404302794,47.02675127771729],[10.146878729402044,47.03180222205255],[10.152644901694114,47.04547303058268],[10.165797875896075,47.04584082211087],[10.152105620322043,47.05446394968504],[10.151566156311635,47.06345486311164],[10.138408917822586,47.06308542491394],[10.137867046544384,47.07207627001627],[10.131287383821078,47.07189094873104],[10.142823378525415,47.09923380209187],[10.155720001761395,47.10409818569225],[10.15491089891304,47.11758454718028],[10.128569705136849,47.116844921284155],[10.1403852165827,47.139692572952576],[10.002045702819405,47.13572386254141],[9.98830363153387,47.14432720662367],[9.96911080745246,47.13475416200821],[9.968539494185304,47.14374414467],[9.908377319837205,47.15545889035173],[9.90779548085007,47.16444855303371],[9.888024738481874,47.16385152033543],[9.875431908077287,47.15446209830655],[9.867665711264962,47.17224050836895],[9.854483532106618,47.171838225449676],[9.833223981527269,47.19370510443452],[9.873081045866435,47.190420021531125],[9.885388944795455,47.20430443654881],[9.91177013176373,47.20510032277192],[9.912642474163327,47.19161583662984],[9.886267990028403,47.190820152147666],[9.88055476558913,47.177136022542854],[9.927566667415856,47.16504215481461],[9.966824391234969,47.17071404284504],[9.979152271286097,47.18458834763],[9.992906270920882,47.175986131578064],[9.998648389739376,47.189664615550875],[10.012118332084057,47.18555513596299],[10.01730271899593,47.20822282389109],[10.043687795402048,47.20898818688277],[10.049167329584309,47.227159233155774],[10.068685834387908,47.23222350302495],[10.067574747704205,47.25020430440295],[10.048049716675614,47.245139852421886],[10.034286707606933,47.25374866897751],[10.033725186120455,47.26273888776168],[10.00646408099652,47.27545633313064],[9.974013975951074,47.26549800044891],[9.94673710012743,47.278201177571376],[9.94587202526311,47.29168581247794],[9.926923390948959,47.27761090471408],[9.913714497793329,47.277215479296515],[9.900213570988905,47.281313290108805],[9.899044147715795,47.299292318086636],[9.88553644491148,47.30338838386806],[9.86659968635083,47.289303487623165],[9.84678272433246,47.28869930903851],[9.853092023648143,47.293395721024325],[9.845891978396725,47.30218315994861],[9.852499263770868,47.30238498606744],[9.851016481602556,47.32485809468242],[9.844406391480165,47.32465618324356],[9.8429195402209,47.347129126601494],[9.849235477064461,47.35182571925471],[9.842622018105956,47.35162370537664],[9.842026821909634,47.36061285280944],[9.803243223405358,47.345909113482534],[9.797534736006392,47.33222104431922],[9.78461554788519,47.32731621574851],[9.751565357968696,47.32628363251254],[9.750954952252679,47.33527232839011],[9.770484681749714,47.340387525710284],[9.769877333287685,47.34937630665512],[9.776490229879908,47.34958252812948],[9.775580504688142,47.36306572642012],[9.735893791428136,47.36182234513863],[9.741283182392618,47.38000773075617],[9.767445870445425,47.38533129294648],[9.77467031471125,47.37654889354244],[9.787903005643464,47.376960397703655],[9.800533349338945,47.3863592704197],[9.792103482388823,47.41312094727357],[9.8059475275926,47.40454154206471],[9.832427642117176,47.405355778577814],[9.84656055685908,47.3922769273363],[9.872444655344726,47.402071024095015],[9.879653908200986,47.393282023113976],[9.860390276981292,47.38369091319414],[9.867303449582105,47.37939727555054],[9.863349906333195,47.33874469970531],[9.896410034516338,47.33974495176276],[9.89787392865528,47.31727129776881],[9.910217896566754,47.33115285615615],[9.916829048528216,47.331350960730774],[9.917411188531903,47.322361395225755],[9.924021267375402,47.32255908395641],[9.92344025002684,47.3315486828884],[9.950173837253892,47.32784088285185],[9.956209221951697,47.33702643504042],[9.92285903489845,47.340538268999296],[9.962534017584593,47.34171677019623],[9.968859936603963,47.34640675260745],[9.96771244917371,47.36438633680167],[9.961096970672488,47.364191176217055],[9.953328772948815,47.38197503079597],[9.93347603105672,47.38138590582236],[9.93260587536218,47.39487026807587],[9.912456675143984,47.39877227786668],[9.91791070666338,47.41694920204218],[9.964265292556497,47.418324757118704],[9.97174833351974,47.40503512657043],[9.998515755353292,47.40131605992357],[9.991325217348205,47.410112528948886],[9.99794656637944,47.41030593958003],[9.996522744753612,47.43278057425944],[9.963402401388352,47.43180928038233],[9.942662376886338,47.44470624609251],[9.955625015910535,47.44959311698416],[9.976077141127597,47.441188676569496],[9.995382813180207,47.45076021387341],[9.993956804567913,47.4732346753226],[9.967440125080808,47.47245781547579],[9.960234687406697,47.48125223389136],[9.979838789723317,47.48633154252215],[9.97897877212786,47.49981603554795],[9.985611355352917,47.50001015726877],[9.993386060402818,47.48222443179264],[10.046430785059473,47.483760004232586],[10.053622172062159,47.47496017637412],[10.034578873689286,47.46090350312728],[10.054462682940656,47.461475073647556],[10.061929103172986,47.448179643950944],[10.002293775238332,47.446458468003264],[10.003146959525447,47.43297368350458],[10.023302501115964,47.4290557275192],[10.023867570191412,47.42006574709691],[10.037675675928245,47.41145835978525],[10.05754087913139,47.412029398827215],[10.051199210072586,47.407344367845994],[10.058099931214622,47.40303922771319],[10.05921746394643,47.38505884267134],[10.04626109304426,47.38018365305979],[10.047101975228184,47.36669841382923],[10.066950436845712,47.36726782201355],[10.054277306520774,47.35789839075661],[10.067507412814976,47.358277549356764],[10.074678199271903,47.349476236798644],[10.062007966943742,47.340107640640944],[10.042169765123791,47.33953737363621],[10.049342228874945,47.330737629705766],[10.089289051568503,47.32737702532318],[10.095348564721467,47.33655521680551],[10.135024284002146,47.33767385059571],[10.133933568470123,47.35565508158416],[10.1468920061439,47.36052035516313],[10.148521335227887,47.333548321170646],[10.129503767244822,47.31950714924738],[10.109672576498532,47.3189485950822],[10.103887685074318,47.30527588846288],[10.157299010044609,47.29776962999238],[10.15648734492558,47.31125578145996],[10.182657426422963,47.31648436335672],[10.181314732681821,47.33896151710558],[10.213316976995007,47.35785177536893],[10.212252516571557,47.375833697249725],[10.178895001949329,47.3794201934642],[10.178356780117147,47.38841097382346],[10.218604681812549,47.38050981592236],[10.231312389488153,47.38986098586824],[10.238988043599909,47.37205838865312],[10.213582978821979,47.353356286712376],[10.208300145709782,47.33069793458024],[10.201688027881223,47.3305166909353],[10.209897218142686,47.3037249357075],[10.197214005060383,47.29437128798954],[10.177391533380352,47.29382448430611],[10.178197599489314,47.280338158651055],[10.1583805861748,47.279788054209476],[10.171861040526275,47.27565974063016],[10.166603835069493,47.252999264475044],[10.19354770646328,47.244739081854625],[10.199882479602325,47.24941631084015],[10.198815634129957,47.2673983343127],[10.185339389950627,47.27152983386726],[10.238178153445114,47.272976661751095],[10.263814687810214,47.28717784165888],[10.283635546305012,47.28770964625706],[10.309033830736059,47.306396328736],[10.335471939426,47.30709416967292],[10.354285855904246,47.32559686173071],[10.35377803593355,47.33458850720134],[10.38583923276352,47.353430447600104],[10.391200540272203,47.37608046820929],[10.42404507458313,47.38142397807933],[10.429673449527586,47.39957617240091],[10.436294976313132,47.39974422399658],[10.435553081392936,47.41323209326903],[10.448799643123843,47.4135671321111],[10.467691296487969,47.43205087522614],[10.54057654931258,47.43385415070215],[10.539383528453167,47.45633490605392],[10.526365463993706,47.45151423473186],[10.525885792890515,47.46050646353593],[10.51238592058826,47.46467642785823],[10.512867933037047,47.45568426172366],[10.492981667824134,47.45519225120626],[10.498883911854122,47.46884479862451],[10.47236252704434,47.46818478173052],[10.458119314785645,47.48583629587393],[10.438222183945106,47.4853347837615],[10.430349173493772,47.507646253931604],[10.436736588982386,47.51231014691828],[10.464015954402823,47.49949056833413],[10.483918677870092,47.49998760160773],[10.497914706697587,47.48682895884554],[10.511180169394848,47.48715677639657],[10.511662593365685,47.47816464857062],[10.537950559186303,47.48331168912623],[10.537233523981222,47.49680002845853],[10.543867612106498,47.49696185381878],[10.551215382926214,47.483634873945526],[10.577509938674591,47.48877283707887],[10.611607101523019,47.4715813882429],[10.631269698076126,47.476549122655236],[10.630576654831234,47.49003805146184],[10.569931801287089,47.506597659314764],[10.569222644105505,47.52008614304748],[10.542674566392916,47.519442407928636],[10.530120117572183,47.505629998171806],[10.523004324911204,47.51445951285834],[10.496702269085828,47.509309070479716],[10.496217004072923,47.5183010868455],[10.509248825103962,47.52312512837828],[10.482456090924101,47.52696348319403],[10.488607081797301,47.53612043227319],[10.475329417282229,47.53579000472868],[10.476062847035237,47.52230214937557],[10.462297571041406,47.5309621212344],[10.44287791280049,47.52146956995554],[10.442383339142443,47.530461336817524],[10.449021374313546,47.53062864902484],[10.448033985771284,47.548612188547445],[10.467709889700172,47.553607906318796],[10.48836365466154,47.54061640357793],[10.535080212693384,47.537264828674076],[10.548835153752737,47.52859613811727]],[[10.508893474254176,47.40606361914744],[10.501787561458118,47.41489195834475],[10.481916780370623,47.41439802278278],[10.508893474254176,47.40606361914744]],[[10.616714964500073,47.37266237391385],[10.623564848512679,47.368323232740124],[10.623333690825227,47.37281960376922],[10.616714964500073,47.37266237391385]],[[10.623564848512679,47.368323232740124],[10.630413606497957,47.36398367888699],[10.630183051155628,47.368480066340794],[10.623564848512679,47.368323232740124]],[[10.630413606497957,47.36398367888699],[10.637261238627143,47.359643712479546],[10.637031285438622,47.36414011629552],[10.630413606497957,47.36398367888699]],[[11.09393158473725,47.36951210351877],[11.080307960424278,47.37824615717029],[11.0676467186124,47.36449262064135],[11.027737128429697,47.36819489702124],[11.021709532672539,47.35456970368752],[11.068226458365517,47.351001010376265],[11.074265650687478,47.36462375555842],[11.09393158473725,47.36951210351877]],[[10.976593530515125,47.326640094840826],[10.983007127440876,47.33127357372513],[10.976392605371489,47.33113715691432],[10.976593530515125,47.326640094840826]],[[10.905704677942136,47.28464185469641],[10.899096192457845,47.28450096367927],[10.89951080016095,47.27550706533174],[10.906118162840457,47.27564793252034],[10.905704677942136,47.28464185469641]],[[10.655753085555714,47.125982441714726],[10.635531023495322,47.13450823062002],[10.622583231727285,47.12969832162804],[10.615533295737027,47.13853396528403],[10.589175705135759,47.13790094157099],[10.62097100725774,47.16117360257866],[10.613685503630126,47.1745055717325],[10.574122547318444,47.17355310457046],[10.561641837579291,47.15974354761974],[10.541866163453737,47.15925999668534],[10.535749703267182,47.15010547268187],[10.502556391812016,47.15378637756704],[10.496929157890722,47.13563731779559],[10.437140167556334,47.14313484261299],[10.416380954435583,47.160613827673494],[10.389764796476435,47.16443068524706],[10.291406494721096,47.15283792101794],[10.28533405606547,47.14366999345824],[10.265567031738998,47.14313848173395],[10.273195477308901,47.12533315125285],[10.311947291992453,47.13987753157367],[10.338810989301406,47.131582980491686],[10.351480218054618,47.14092102415965],[10.397603917636845,47.1421210864571],[10.411526906388424,47.128972442925736],[10.4378778798601,47.12964658438215],[10.465203631589182,47.112330032329325],[10.517891044142456,47.11364737495352],[10.530825413669586,47.118469189868534],[10.530349511412986,47.1274617649921],[10.55670120716221,47.128108405431085],[10.563759556073254,47.11927640095404],[10.576933492732591,47.11959661739663],[10.577635335687594,47.10610745647029],[10.630548688515193,47.102876257937744],[10.656662187670355,47.10799625843234],[10.655753085555714,47.125982441714726]],[[10.266348382133366,47.129651367814176],[10.239737024623253,47.13343317581881],[10.234201905881898,47.11527121335357],[10.267129335178772,47.116164237405805],[10.266348382133366,47.129651367814176]],[[10.221031245594578,47.114911336744335],[10.221559460565501,47.10592011939982],[10.234464921396407,47.11077557513947],[10.234201905881898,47.11527121335357],[10.221031245594578,47.114911336744335]],[[10.689367259093416,47.11326367637504],[10.702093699316492,47.122562629935985],[10.68891828551472,47.12225689836341],[10.689367259093416,47.11326367637504]],[[10.703656635449383,47.09108614498265],[10.6964015376456,47.10442345272294],[10.677321571118572,47.09047351955565],[10.650759496913192,47.094351339664854],[10.625801945789133,47.06674751887127],[10.606060330094664,47.06627510616229],[10.593828808282865,47.04797253279877],[10.58067253545831,47.047654271587874],[10.601565038513781,47.02564883877598],[10.582305183238102,47.016179390678815],[10.576898766960127,46.99353776186308],[10.596613114166086,46.994015240268375],[10.602722093703168,47.00316655821193],[10.622210575346317,47.00813605146724],[10.628096358006317,47.0217824972115],[10.641246506222766,47.02209527066417],[10.633756337573883,47.03992514982633],[10.692729714492119,47.04581432520813],[10.692057906804958,47.05930421942897],[10.67844795878741,47.06799053108536],[10.704771883715877,47.06860289769585],[10.717490314650313,47.07790015041949],[10.71682439487665,47.09139017176528],[10.703656635449383,47.09108614498265]],[[9.891666225873934,47.006333933286],[9.891083192820178,47.01532357457562],[9.884511451060867,47.01512397727187],[9.885095593369279,47.00613436969437],[9.891666225873934,47.006333933286]],[[9.957072400942499,47.32354179217311],[9.950462075966188,47.323346015268804],[9.951326497917607,47.30986139376898],[9.98437019359786,47.310836207213114],[9.998440214138169,47.2977384621088],[10.044412223218439,47.303576565901544],[10.043851894815079,47.31256678628589],[10.002778497268595,47.33389151870898],[9.96943338737284,47.337416940738954],[9.956496997246893,47.33253155727262],[9.957072400942499,47.32354179217311]],[[10.045700266152704,47.38917379533713],[10.039081394769196,47.38898314656405],[10.03964334707544,47.379993036525846],[10.04626109304426,47.38018365305979],[10.045700266152704,47.38917379533713]],[[10.047662324724069,47.357708237455014],[10.048222483432253,47.348718047828996],[10.054836341125844,47.348908168978134],[10.054277306520774,47.35789839075661],[10.047662324724069,47.357708237455014]],[[10.354285855904246,47.32559686173071],[10.361151151614719,47.321273435172735],[10.360897868218844,47.32576927699324],[10.354285855904246,47.32559686173071]],[[10.467955142053096,47.54911198989259],[10.46156049169051,47.54444986696213],[10.468200352489319,47.544616069142855],[10.467955142053096,47.54911198989259]],[[10.60881290173441,47.525536458444684],[10.601941339238758,47.52987460788049],[10.602175014256758,47.525378391586045],[10.60881290173441,47.525536458444684]],[[10.809263505223544,47.50312006851157],[10.795775235685824,47.50732336288887],[10.795992258204238,47.50282674770898],[10.809263505223544,47.50312006851157]],[[10.829170652036131,47.503557169773785],[10.822320141722756,47.5079085180458],[10.822534899722749,47.5034118533495],[10.829170652036131,47.503557169773785]],[[10.862138599440705,47.50877472982026],[10.855714026130377,47.50413459543317],[10.862349960381684,47.50427799182286],[10.862138599440705,47.50877472982026]],[[10.855714026130377,47.50413459543317],[10.84929058511165,47.499494097418946],[10.855925917074346,47.49963786565486],[10.855714026130377,47.50413459543317]],[[10.478260882632197,47.48183836188316],[10.471384278622963,47.4861687185556],[10.471628903351572,47.481672740184045],[10.478260882632197,47.48183836188316]],[[10.491767853301127,47.47767242988585],[10.484892903570078,47.48200359985738],[10.4851363560597,47.477507589586864],[10.491767853301127,47.47767242988585]],[[10.81719035698877,47.47628615729997],[10.810773705277853,47.47164348013809],[10.8174054239003,47.4717894780481],[10.81719035698877,47.47628615729997]],[[10.797510378541094,47.47135033302894],[10.791313316729672,47.4622099133788],[10.771422107512985,47.46176623837386],[10.77185989577056,47.45277302827041],[10.79174771453575,47.45321662820213],[10.810989300842753,47.46714680950911],[10.797510378541094,47.47135033302894]],[[10.917505094380891,47.460442788682215],[10.910874531472604,47.46030258320554],[10.911288512371524,47.45130885260981],[10.917917944950762,47.45144903436119],[10.917505094380891,47.460442788682215]],[[10.700065663010186,47.428634569616534],[10.693214242326292,47.43297825259315],[10.693439704836624,47.42848178082954],[10.700065663010186,47.428634569616534]],[[10.79945958408933,47.43088038949765],[10.779580125093466,47.43043812756349],[10.773828095422601,47.41230340639977],[10.806949240446277,47.413040260212995],[10.79945958408933,47.43088038949765]],[[10.03823810719586,47.40246828524208],[10.01809383337277,47.40638888644862],[10.018376714381764,47.401893895941605],[10.03823810719586,47.40246828524208]],[[10.727904923079684,47.40226260161576],[10.74821465792278,47.39372063760131],[10.767861065192228,47.39866498755847],[10.767423044278209,47.40765825629888],[10.746890219411162,47.420700196257776],[10.701189578337761,47.4061520941615],[10.708484952326684,47.39281487054136],[10.728349634617814,47.393269478343306],[10.727904923079684,47.40226260161576]],[[10.660995112467168,47.41422284485622],[10.654371078931009,47.41406779498938],[10.648205558805111,47.404919569899654],[10.661451331184647,47.405230000405204],[10.660995112467168,47.41422284485622]],[[10.681093882893764,47.410189234963504],[10.674243296138565,47.41453179468561],[10.674470296957713,47.410035348026234],[10.681093882893764,47.410189234963504]],[[10.899901083393011,47.41055559098067],[10.866358969733634,47.418839257466765],[10.846695827083442,47.413911834545694],[10.847332610349717,47.40042149059981],[10.881075301834265,47.387646523485415],[10.8744539833559,47.38750420855626],[10.875083353670208,47.37401366083291],[10.861844205168023,47.373727953964874],[10.842623248940535,47.35980612684795],[10.862476633189386,47.36023745072082],[10.868674043445429,47.36937415550095],[10.888948314334728,47.36080718753517],[10.901976973844373,47.36558666760737],[10.901562078734232,47.374580477589646],[10.91480165376337,47.37486158742931],[10.914388871308521,47.38385543254421],[10.954318227037543,47.380192717194305],[10.946883077292698,47.398042541268566],[10.940260278747953,47.397904034840394],[10.945864081411166,47.42052734382111],[10.9061108893307,47.41969020217963],[10.899901083393011,47.41055559098067]],[[10.954521219642112,47.37569572250193],[10.967963183768788,47.371473681577655],[11.0275404022742,47.3726920242075],[10.974180168817304,47.380604647552886],[10.954521219642112,47.37569572250193]],[[9.834219040791838,47.3783886073289],[9.833622111335487,47.38737767883047],[9.820386453327677,47.38697146378898],[9.82790126185764,47.373691201598184],[9.814969103942879,47.36878983119658],[9.835114053827455,47.36490497366402],[9.840835821289078,47.378591106430626],[9.834219040791838,47.3783886073289]],[[9.820686068355897,47.38247696416039],[9.814369004608475,47.377778813721385],[9.820985632356175,47.37798246096988],[9.820686068355897,47.38247696416039]],[[9.972895329815024,47.38705560089114],[9.965989751800667,47.39135561091902],[9.966276990308758,47.38686074062129],[9.972895329815024,47.38705560089114]],[[10.608701743457589,47.39948275951099],[10.601846591220976,47.40382099159912],[10.602079715964946,47.3993246834833],[10.608701743457589,47.39948275951099]],[[10.694791672783547,47.40150287760871],[10.681320281102618,47.405692771888425],[10.681546640718366,47.401196305443875],[10.694791672783547,47.40150287760871]],[[11.138958951286057,47.40189249121918],[11.132147250455251,47.40626238301134],[11.132335184651488,47.401765100944914],[11.138958951286057,47.40189249121918]],[[10.523337932450438,47.383909429155196],[10.5098574542941,47.388079142413154],[10.51009834664357,47.383583014858445],[10.523337932450438,47.383909429155196]],[[9.808954670597787,47.359596873779],[9.802039347592222,47.36388699566583],[9.802340393405379,47.35939253023542],[9.808954670597787,47.359596873779]],[[11.145956265716086,47.393024881362855],[11.139146289291377,47.397395195167455],[11.139333595360544,47.39289789593714],[11.145956265716086,47.393024881362855]],[[9.796027723833161,47.35469335257027],[9.789111992852535,47.35898269544587],[9.789414111024147,47.354488261232056],[9.796027723833161,47.35469335257027]],[[10.994042419361065,47.38101312949646],[10.987221426084577,47.38537440149884],[10.987421635032467,47.38087735201076],[10.994042419361065,47.38101312949646]],[[9.783405754998505,47.34529394348987],[9.776793368386405,47.34508812190204],[9.777399490642246,47.33609929941718],[9.784010754379187,47.3363050862103],[9.783405754998505,47.34529394348987]],[[10.809319722115282,47.363576333966854],[10.816152577001704,47.35922566682763],[10.81593786196557,47.36372241872234],[10.809319722115282,47.363576333966854]],[[10.816152577001704,47.35922566682763],[10.822984305872483,47.35487458901371],[10.82277019037151,47.35937135627224],[10.816152577001704,47.35922566682763]],[[10.551479048794778,47.35308410090778],[10.53163106356687,47.35259878876049],[10.525972662233087,47.334451511250364],[10.559041389153755,47.335260091240094],[10.551479048794778,47.35308410090778]],[[10.677417789605338,47.35158124225568],[10.670574504356516,47.35592361723984],[10.670801565613218,47.351427141590065],[10.677417789605338,47.35158124225568]],[[10.505890910472413,47.33845791951038],[10.49903524049367,47.342790025110595],[10.499276847486403,47.3382938935784],[10.505890910472413,47.33845791951038]],[[10.479921369075381,47.32880733112876],[10.473064822330274,47.33313788417404],[10.473308595393052,47.328641802430276],[10.479921369075381,47.32880733112876]],[[10.744465240725713,47.33511469240449],[10.731014723569634,47.33931047110661],[10.731236568536904,47.33481386736],[10.744465240725713,47.33511469240449]],[[10.416033086671256,47.286671107145175],[10.389854788460225,47.281495984419756],[10.370791953333377,47.26749495356738],[10.330908471891826,47.27095396175838],[10.318468335882832,47.2571179503369],[10.325071671923116,47.25729243942432],[10.325583628343551,47.248300845679985],[10.385005514237907,47.24985379220414],[10.417522902229829,47.25969516977353],[10.423136082253315,47.277847953703024],[10.46252985347946,47.28334890173316],[10.4630186904227,47.274356729396814],[10.46962464395677,47.27452285467648],[10.469136928907703,47.28351505510754],[10.49484049527962,47.29766429365803],[10.508780249164634,47.2845039471112],[10.507577074978263,47.306984818709104],[10.527168636358779,47.31197051779508],[10.526211938491047,47.32995531842252],[10.480407666899909,47.31981513076554],[10.474770362848789,47.30166525056169],[10.421896635700758,47.30032792571296],[10.416033086671256,47.286671107145175]],[[10.843897265758836,47.33282525807333],[10.837070111506494,47.33717759742799],[10.837282919768816,47.33268079084802],[10.843897265758836,47.33282525807333]],[[11.048959438487811,47.33711387152698],[11.04214865070605,47.341478442032496],[11.042344016875612,47.336981271673935],[11.048959438487811,47.33711387152698]],[[9.918574874462065,47.30438222661682],[9.911675681107567,47.308679002541695],[9.911967089249096,47.30418422249703],[9.918574874462065,47.30438222661682]],[[10.434126992145098,47.318648592337084],[10.427268011664383,47.32297640261653],[10.427515634571105,47.31848041383519],[10.434126992145098,47.318648592337084]],[[10.533063714118725,47.32562157652536],[10.539914365724579,47.32128742163666],[10.539676294833823,47.32578364779788],[10.533063714118725,47.32562157652536]],[[10.539914365724579,47.32128742163666],[10.546763893478689,47.31695285388146],[10.546526424985348,47.321449096615545],[10.539914365724579,47.32128742163666]],[[10.725066990294865,47.32566969002454],[10.718230979303295,47.33001493021673],[10.718453873250835,47.32551834622843],[10.725066990294865,47.32566969002454]],[[10.751519835926286,47.32627123834461],[10.744685923191602,47.33061806029706],[10.744906568091087,47.326121425300755],[10.751519835926286,47.32627123834461]],[[11.016080247604675,47.33194991565643],[11.022891960318207,47.32758689343376],[11.02269497293162,47.332084035597696],[11.016080247604675,47.33194991565643]],[[11.023285834494681,47.318592600780555],[11.036316215242357,47.3233567947182],[11.036120386350545,47.327853962256114],[11.022891960318207,47.32758689343376],[11.023285834494681,47.318592600780555]],[[10.388350236098793,47.30847149555052],[10.381488829024125,47.31279656248705],[10.38174029862163,47.308300668321735],[10.388350236098793,47.30847149555052]],[[10.560223313841382,47.31277875596371],[10.553375431264481,47.31711413262916],[10.55361229755116,47.312617873384795],[10.560223313841382,47.31277875596371]],[[10.587369712630517,47.29992946314249],[10.56801248215217,47.290457781831414],[10.581463479525059,47.28628116900672],[10.587369712630517,47.29992946314249]],[[10.595145529295653,47.277606607863866],[10.621341891320757,47.2827346500822],[10.620879907006017,47.29172747357684],[10.594212580417462,47.29559204112061],[10.595145529295653,47.277606607863866]],[[10.07389903016149,47.254888518272786],[10.080501249431185,47.25507715641446],[10.081054741997546,47.24608670233807],[10.100858322092217,47.24665022985147],[10.106361396165426,47.264818459890414],[10.073066758076875,47.26837413143861],[10.07389903016149,47.254888518272786]],[[10.112690860363786,47.26950051675817],[10.12671809601425,47.256386928948125],[10.126172257233092,47.26537759378603],[10.112690860363786,47.26950051675817]],[[10.872872171341353,47.27943667529365],[10.866054295956133,47.2837907720227],[10.866264424552812,47.27929388417275],[10.872872171341353,47.27943667529365]],[[10.563291616821802,47.25432696031651],[10.55645155222358,47.2586625485478],[10.556687895360287,47.25416625448901],[10.563291616821802,47.25432696031651]],[[10.128081881614156,47.233910220770774],[10.134681675245224,47.23409572488714],[10.13413741945919,47.24308644728245],[10.127536506404228,47.24290091180369],[10.128081881614156,47.233910220770774]],[[10.167950595310879,47.23052207536399],[10.121755311979527,47.22922900124671],[10.12284755884402,47.211247642138154],[10.096460221378665,47.210500596266904],[10.09041493888939,47.201322344738955],[10.070905744447595,47.19626178026126],[10.1176177148977,47.18858477940163],[10.156643086023948,47.198686583517876],[10.15610292307905,47.20767743856102],[10.16902718019164,47.212540279156535],[10.167950595310879,47.23052207536399]],[[10.156643086023948,47.198686583517876],[10.176698070213844,47.19474151882431],[10.176429734126048,47.199236996321574],[10.156643086023948,47.198686583517876]],[[10.253223743299966,47.2418651451888],[10.226555014493702,47.24564384557502],[10.226819327646862,47.2411482694867],[10.253223743299966,47.2418651451888]],[[10.418267240342576,47.246207166036434],[10.411416353988061,47.25053405834352],[10.411664984767505,47.24603806887128],[10.418267240342576,47.246207166036434]],[[10.095359025846118,47.22848170277155],[10.08188462826636,47.232601001668485],[10.082161163048994,47.22810576300761],[10.095359025846118,47.22848170277155]],[[10.590407284873855,47.241476862650565],[10.583571103496183,47.2458140812479],[10.583805084951573,47.2413177256728],[10.590407284873855,47.241476862650565]],[[10.089035999436513,47.22379866669355],[10.08243765086474,47.22361052184049],[10.083266832630272,47.210124783577434],[10.089863503593621,47.21031288073161],[10.089035999436513,47.22379866669355]],[[10.195149701887217,47.21776604670741],[10.181417756400977,47.22639261268275],[10.18195381119329,47.21740165268832],[10.195149701887217,47.21776604670741]],[[10.617278721848551,47.23311673800677],[10.610445822949476,47.237455569784544],[10.61067748429213,47.23295915582549],[10.617278721848551,47.23311673800677]],[[10.631400847142421,47.215444918035715],[10.624571386629484,47.21978460258942],[10.624801770989631,47.21528815284368],[10.631400847142421,47.215444918035715]],[[10.045085590267425,47.18651238907338],[10.05827282616486,47.18689262033964],[10.057994479231528,47.19138781668133],[10.037931950625675,47.195311995180674],[10.045085590267425,47.18651238907338]],[[10.48695652415268,47.198419375187285],[10.480117434785328,47.20275040853258],[10.480360008921572,47.198254251852106],[10.48695652415268,47.198419375187285]],[[10.203344724662939,47.19097445760405],[10.210204880126645,47.18666004956668],[10.209939428765821,47.191155608435174],[10.203344724662939,47.19097445760405]],[[10.210204880126645,47.18666004956668],[10.2170639181677,47.182345227244575],[10.216799070527701,47.186840803590805],[10.210204880126645,47.18666004956668]],[[10.152481119794105,47.1580435313447],[10.17857514813083,47.163273114485044],[10.177770959200064,47.176759586467576],[10.190689661844557,47.18161998347683],[10.144536461800175,47.18033612107869],[10.152481119794105,47.1580435313447]],[[10.190956698765135,47.177124466248976],[10.197816069722782,47.17281079926126],[10.197549636560101,47.1773063340098],[10.190956698765135,47.177124466248976]],[[10.731276948743476,47.199763917460714],[10.724901333600148,47.19511627564906],[10.731498186898143,47.195267248775615],[10.731276948743476,47.199763917460714]],[[10.724901333600148,47.19511627564906],[10.718526837327472,47.19046827558545],[10.725123093584171,47.19061961766087],[10.724901333600148,47.19511627564906]],[[10.012964814869958,47.17206987249606],[10.006090510189615,47.17637240023037],[10.006373181447898,47.171877326450065],[10.012964814869958,47.17206987249606]],[[9.993473798049967,47.16699604709894],[9.980007128235293,47.1711033292245],[9.980291983868437,47.16660831865106],[9.993473798049967,47.16699604709894]],[[10.131894325991468,47.17097511331256],[10.125029828456,47.17528481112257],[10.12530240387637,47.17078944720802],[10.131894325991468,47.17097511331256]],[[10.395608045564574,47.17808900595959],[10.38876411783364,47.182414563492856],[10.389014351183421,47.177918597023876],[10.395608045564574,47.17808900595959]],[[9.736769519929185,47.15466591596894],[9.729875095933652,47.158951759733014],[9.73018109678539,47.154457393879014],[9.736769519929185,47.15466591596894]],[[10.006938380108425,47.16288717233385],[10.000064777382363,47.16718933942315],[10.00034791074745,47.16269427758214],[10.006938380108425,47.16288717233385]],[[10.026710075387209,47.1634635691083],[10.013246880058878,47.16757478025143],[10.013528897398238,47.163079685841545],[10.026710075387209,47.1634635691083]],[[10.461791348855304,47.175275986642866],[10.454953190276647,47.1796055181462],[10.455197793825967,47.17510940701787],[10.461791348855304,47.175275986642866]],[[10.046761379176177,47.159541357175634],[10.039891443959961,47.163845927349335],[10.040171181641888,47.159350766056086],[10.046761379176177,47.159541357175634]],[[10.099209940781106,47.16554766636189],[10.106075276462434,47.161239521114794],[10.105801119172,47.165734842022054],[10.099209940781106,47.16554766636189]],[[10.106075276462434,47.161239521114794],[10.112939496037948,47.156930960906486],[10.11266594326273,47.16142629968509],[10.106075276462434,47.161239521114794]],[[9.73738025129008,47.145677142432085],[9.730487045748697,47.14996302581633],[9.730792942836768,47.14546865557249],[9.73738025129008,47.145677142432085]],[[10.08657934019716,47.15618162232758],[10.073122641880111,47.16029990924684],[10.073676396233415,47.151309419982006],[10.08657934019716,47.15618162232758]],[[10.28429833366304,47.161652964790186],[10.264263897260385,47.16561696627443],[10.264524612590698,47.1611212733607],[10.28429833366304,47.161652964790186]],[[9.731404581439905,47.13647990865157],[9.724818439133406,47.13627107608117],[9.718846007811011,47.12707317789181],[9.73201601270023,47.127491153336685],[9.731404581439905,47.13647990865157]],[[10.166200068312882,47.14942040416379],[10.146702746168135,47.144372792253556],[10.147514345264206,47.13088651069864],[10.173862776439014,47.13162175121956],[10.166200068312882,47.14942040416379]],[[10.21259191639204,47.14619992397663],[10.205737191350378,47.15051448857166],[10.206002795553928,47.146018926175124],[10.21259191639204,47.14619992397663]],[[9.640457183402804,47.11554507034086],[9.633560067789741,47.11982509235902],[9.63387400332288,47.11533097751687],[9.640457183402804,47.11554507034086]],[[10.201009744824496,47.11886422462835],[10.194157610704444,47.123178099600025],[10.19442405945609,47.118682556554646],[10.201009744824496,47.11886422462835]],[[9.689323913069874,47.076584644719794],[9.682435801550037,47.08086763564967],[9.682745368731792,47.07637337785657],[9.689323913069874,47.076584644719794]],[[9.669899063491256,47.07145547892622],[9.663010050559901,47.075737294397626],[9.663321232318388,47.07124308857237],[9.669899063491256,47.07145547892622]],[[10.361854311933238,47.07365474833747],[10.329970539719492,47.054805666405436],[10.33073423795425,47.04131805577207],[10.350716827061524,47.03734234556983],[10.382597475214226,47.05618562324935],[10.474216235981425,47.06753429509575],[10.480070545808767,47.0811883550049],[10.493234517724769,47.08151825761204],[10.49251154557222,47.095006907440855],[10.465933781700723,47.0988415688486],[10.4530100980571,47.094012377443704],[10.453498803940091,47.08502011378676],[10.381346036498764,47.07866553001815],[10.361854311933238,47.07365474833747]],[[9.710288715214748,47.05923882925361],[9.703404545227567,47.06352309290321],[9.703712236563392,47.05902877483955],[9.710288715214748,47.05923882925361]],[[10.230250271585577,47.070135160693475],[10.22340680385526,47.0744508064349],[10.223670531256555,47.06995518402758],[10.230250271585577,47.070135160693475]],[[10.546128485149156,47.07832630400143],[10.539309700213309,47.082660919791586],[10.539546711678634,47.07816460368082],[10.546128485149156,47.07832630400143]],[[10.618530616171467,47.08007987097056],[10.61171752162683,47.08441882479966],[10.611948407284846,47.07992236013907],[10.618530616171467,47.08007987097056]],[[10.316302662748853,47.06344854590402],[10.302887343073523,47.067593974750615],[10.303144306779865,47.06309816907391],[10.316302662748853,47.06344854590402]],[[9.91592330585343,47.038592578184385],[9.909058420854535,47.04288928005893],[9.909348592363667,47.038394417787124],[9.91592330585343,47.038592578184385]],[[10.422069458642637,47.057204604622754],[10.43596413109099,47.044052915988026],[10.435472833187415,47.05304511990367],[10.422069458642637,47.057204604622754]],[[10.494920024566254,47.050044691727976],[10.488100692925963,47.05437624206382],[10.488341913490157,47.04988002827456],[10.494920024566254,47.050044691727976]],[[10.291275850643368,47.040267369259055],[10.284441191366083,47.04458669097804],[10.28469960495913,47.04009092314085],[10.291275850643368,47.040267369259055]],[[10.488824232107728,47.040887596933494],[10.482005579066383,47.04521878309218],[10.48224727395683,47.04072258074721],[10.488824232107728,47.040887596933494]],[[10.25208018251481,47.03470729138943],[10.245504756260909,47.03452857757418],[10.2460280307405,47.025537215808335],[10.252602346059922,47.02571589943062],[10.25208018251481,47.03470729138943]],[[10.312285151204383,47.01831526979165],[10.318858793237844,47.018490120095166],[10.318347913210212,47.02748181521454],[10.291791435368882,47.03127579996301],[10.279158842200008,47.02193107242364],[10.280452156041003,46.99945226612801],[10.300165899900355,46.999981202167675],[10.312796968779534,47.00932359967279],[10.312285151204383,47.01831526979165]],[[10.48930638744663,47.03189516075878],[10.482488927933757,47.03622637719246],[10.482730541007548,47.03173017245542],[10.48930638744663,47.03189516075878]],[[10.502937972028413,47.023231499532436],[10.516087726820267,47.02355875735223],[10.52218622971359,47.0327143948133],[10.50903417116774,47.032387842698064],[10.502937972028413,47.023231499532436]],[[10.66029243999492,47.03605129348634],[10.653942683625937,47.0313996412371],[10.660519004301696,47.031554722496054],[10.66029243999492,47.03605129348634]],[[10.653942683625937,47.0313996412371],[10.647594039104307,47.026747633588656],[10.65416976546649,47.02690308225849],[10.653942683625937,47.0313996412371]],[[10.693401181003415,47.03232442047615],[10.686600329229815,47.03666786508834],[10.686824669532932,47.0321712419998],[10.693401181003415,47.03232442047615]],[[10.20107062995727,47.00629346907804],[10.194233013703531,47.01060736839191],[10.194498891762237,47.00611180410715],[10.20107062995727,47.00629346907804]],[[10.490270208619842,47.01391027478681],[10.483455134913878,47.01824155142482],[10.483696584478881,47.013745342232994],[10.490270208619842,47.01391027478681]],[[10.208171814959508,46.997483560670325],[10.215006612256076,46.99316882122012],[10.214742533135064,46.997664434675194],[10.208171814959508,46.997483560670325]],[[10.234454955278325,46.99820477580603],[10.150385048856233,46.973361282493066],[10.144357412545729,46.964185787230626],[10.150923798808444,46.96437035331282],[10.151462366673124,46.95537942064746],[10.19742058482222,46.956660529901264],[10.222630472519787,46.97536677511117],[10.261779325472645,46.980937024478315],[10.260738805750094,46.99891990844083],[10.234454955278325,46.99820477580603]],[[10.14408750631366,46.96868123668102],[10.137250105689047,46.97299170802784],[10.1375206116523,46.96849627510027],[10.14408750631366,46.96868123668102]],[[10.701539270592637,47.001000646946984],[10.694743091537156,47.00534458244271],[10.69496661086001,47.00084793938711],[10.701539270592637,47.001000646946984]],[[10.537944631869454,46.98357988640331],[10.531137330168935,46.98791402515143],[10.531374610327893,46.983417712412475],[10.537944631869454,46.98357988640331]],[[9.888013343596953,46.961186262024796],[9.881156194259837,46.96548128582329],[9.881448301025433,46.9609864871467],[9.888013343596953,46.961186262024796]],[[10.55788995723552,46.97956775918456],[10.512381378364452,46.969440090184925],[10.51966418050074,46.95611449569928],[10.559064466084632,46.957085906616236],[10.55788995723552,46.97956775918456]],[[10.119180353612794,46.94546216855718],[10.132037544914741,46.95032925576412],[10.105779469467166,46.949584342537754],[10.119180353612794,46.94546216855718]],[[10.59846618039295,46.95804363816371],[10.591667079043846,46.96238140570356],[10.591899129647802,46.957884966226835],[10.59846618039295,46.95804363816371]],[[10.100309184685983,46.93141578909638],[10.093473027120305,46.93572362418355],[10.093747040831456,46.93122829497955],[10.100309184685983,46.93141578909638]],[[10.65825067597454,46.94596486498387],[10.651457993579998,46.950306213390284],[10.651684939301708,46.94580965253764],[10.65825067597454,46.94596486498387]],[[10.304014349091622,46.932543972203575],[10.29719455700083,46.93686406898441],[10.297451370397754,46.93236826314508],[10.304014349091622,46.932543972203575]],[[10.58695925266335,46.92625091482758],[10.593522386218382,46.92640987274119],[10.592826939943892,46.93989920192136],[10.586262144961717,46.93974020372004],[10.58695925266335,46.92625091482758]],[[10.593522386218382,46.92640987274119],[10.60031674239792,46.92207199343738],[10.600085558923466,46.926568450879444],[10.593522386218382,46.92640987274119]],[[10.60031674239792,46.92207199343738],[10.607109991393818,46.91773370718424],[10.60687940051755,46.92223017843432],[10.60031674239792,46.92207199343738]],[[10.055206871171553,46.91660965368733],[10.048368966670022,46.9209147699668],[10.048646712233676,46.91641955047045],[10.055206871171553,46.91660965368733]],[[9.996449257495433,46.91038997262842],[9.989607403121456,46.91469154463358],[9.98989007665386,46.9101964704237],[9.996449257495433,46.91038997262842]],[[10.107962542490304,46.913621453599134],[10.101129288917313,46.91792974994202],[10.101402564676427,46.913434402302315],[10.107962542490304,46.913621453599134]],[[10.147053967936547,46.91923124924976],[10.140493162269502,46.91904645941777],[10.141033032860202,46.910055574969256],[10.147592732648203,46.910240333593904],[10.147053967936547,46.91923124924976]],[[10.52133009088831,46.92464044879965],[10.514528973953734,46.92897359390661],[10.514767394140241,46.92447731358355],[10.52133009088831,46.92464044879965]],[[10.049202062686557,46.90742910964054],[10.035805339406139,46.911543017631374],[10.036362806763997,46.90255264003164],[10.04975722565263,46.89843866654373],[10.049202062686557,46.90742910964054]],[[10.043199324291466,46.89824824815673],[10.03692008593899,46.893562260262236],[10.043477387935267,46.89375304190469],[10.043199324291466,46.89824824815673]],[[10.58039615835168,46.926091577142024],[10.574066501320896,46.9214354560164],[10.580629002693401,46.921595159979816],[10.58039615835168,46.926091577142024]],[[10.574066501320896,46.9214354560164],[10.567737951389581,46.91677898171778],[10.574299859842867,46.91693905189293],[10.574066501320896,46.9214354560164]],[[10.095116415430672,46.90875163911319],[10.0885570827834,46.90856384468393],[10.089105614316413,46.89957320996716],[10.095663841642537,46.899760972683524],[10.095116415430672,46.90875163911319]],[[10.135014172434712,46.900879581491004],[10.128184742578657,46.905189507498385],[10.128455669334647,46.90069409522051],[10.135014172434712,46.900879581491004]],[[10.594449099830303,46.90842409397264],[10.587656007153708,46.912761621644385],[10.587888180205484,46.90826518975771],[10.594449099830303,46.90842409397264]],[[10.064530907052317,46.87184683219437],[10.057699500318016,46.876152509127],[10.057976225474711,46.87165726861061],[10.064530907052317,46.87184683219437]],[[10.208745524315345,46.87592128994849],[10.201925260715582,46.88023565464513],[10.202189839228067,46.875740069373315],[10.208745524315345,46.87592128994849]],[[10.117513405035842,46.86435892202555],[10.110687240281232,46.8686677918485],[10.110959457252763,46.864172423537276],[10.117513405035842,46.86435892202555]],[[10.714324166744657,46.875245985311906],[10.707545070748086,46.87959068856968],[10.70776698217788,46.87509401798605],[10.714324166744657,46.875245985311906]],[[10.55790035585153,46.85350858125779],[10.551111288596791,46.85784391587755],[10.551346304978185,46.85334756250573],[10.55790035585153,46.85350858125779]]],[[[9.66746353726857,47.20199968373359],[9.666840287158092,47.210988040304244],[9.673435493061778,47.21120022471932],[9.674057626271388,47.20221183229513],[9.66746353726857,47.20199968373359]]],[[[9.937286028761173,47.21937476935015],[9.93039943354217,47.223672712696974],[9.936997237387043,47.223869652513535],[9.937286028761173,47.21937476935015]]],[[[9.897411153317222,47.22268228897782],[9.910024113448818,47.23206922850178],[9.910606317229025,47.223079603375695],[9.897411153317222,47.22268228897782]]],[[[9.758570123954026,47.22291275148391],[9.75796210007361,47.23190158346534],[9.777756771704517,47.232521179691346],[9.778361441420806,47.2235322430015],[9.758570123954026,47.22291275148391]]],[[[9.936997237387043,47.223869652513535],[9.936419507479684,47.23285941118914],[9.943018478901294,47.23305600257985],[9.943595090277864,47.22406621067773],[9.936997237387043,47.223869652513535]]],[[[9.962815686645325,47.233643486409356],[9.955929308279966,47.23794296540174],[9.962528985791224,47.23813842813603],[9.962815686645325,47.233643486409356]]],[[[9.823946131818087,47.23395354644582],[9.817048442449707,47.23824463583364],[9.82364763457173,47.238448131860586],[9.823946131818087,47.23395354644582]]],[[[9.856940054549284,47.23496521537586],[9.8500449091624,47.23925829884662],[9.856644353862638,47.2394598862909],[9.856940054549284,47.23496521537586]]],[[[9.942730099750426,47.237550894652614],[9.935841581276915,47.24184915947942],[9.942441671607874,47.2420457841031],[9.942730099750426,47.237550894652614]]],[[[11.357180057229288,47.23935258877387],[11.350407327517798,47.24373553711034],[11.35701181063889,47.243850308520045],[11.357180057229288,47.23935258877387]]],[[[9.988359111034956,47.24790646847518],[9.989212644888724,47.23442145389209],[9.969414853404258,47.23383855089092],[9.968269996088765,47.251818367940054],[9.961381695174051,47.2561181685925],[9.988359111034956,47.24790646847518]]],[[[10.709476869364451,47.239779389440564],[10.71518807824926,47.25791772375516],[10.721792735231784,47.2580692578899],[10.722681660916306,47.240082737286514],[10.709476869364451,47.239779389440564]]],[[[9.88876331890622,47.253946348226144],[9.88759060826392,47.27192531064985],[9.894194271484999,47.27212472559599],[9.895364742387612,47.254145695765644],[9.88876331890622,47.253946348226144]]],[[[11.290446537492725,47.25617824277394],[11.289924526440293,47.269671072719426],[11.303139733416403,47.269907233866164],[11.29705244213146,47.25629648456435],[11.290446537492725,47.25617824277394]]],[[[9.88186828251189,47.25824134675098],[9.882455558036687,47.249251888179366],[9.83654874165608,47.24334859582191],[9.835656150876373,47.25683243059428],[9.848562853843534,47.26173152759835],[9.840771870023419,47.2795079373145],[9.847079538685925,47.28420468607867],[9.860880911986463,47.275618496932275],[9.861471947387162,47.26662916249059],[9.854869094364513,47.266427854719915],[9.862358123894003,47.2531451396336],[9.88186828251189,47.25824134675098]]],[[[9.920899872839115,47.26842374518966],[9.953629467960523,47.27390227045893],[9.954204721202759,47.26491246068144],[9.941576093105287,47.25553043644494],[9.921480628545567,47.25943409607769],[9.920899872839115,47.26842374518966]]],[[[9.6930086579907,47.310918306927995],[9.732349430147046,47.31667089147499],[9.739876359122295,47.303396302621685],[9.779519294968551,47.30463831830759],[9.766912213318147,47.295237031315736],[9.767822981864716,47.281753792935525],[9.781031896498405,47.282166095276324],[9.781636577174742,47.27317718511043],[9.788239991427872,47.27338272853103],[9.789446497029646,47.25540480402042],[9.783147379943273,47.25070485924528],[9.796348661903297,47.25111539062798],[9.79695038591068,47.24212637129904],[9.738167893180817,47.23127855255663],[9.724051203376064,47.24434425464132],[9.710852178348402,47.243925359987145],[9.692292859724635,47.22531721929312],[9.691363819027204,47.23879992537789],[9.677855533370138,47.24287144374263],[9.704252744296072,47.243715340113084],[9.703635252969216,47.25270386280125],[9.76304210552273,47.25458061739074],[9.762130586136756,47.26806385607703],[9.70869395768203,47.27538526382797],[9.714065179855927,47.293572120444864],[9.707459535437648,47.2933622872909],[9.706842009433782,47.30235078072806],[9.693628636483895,47.30192989713435],[9.6930086579907,47.310918306927995]],[[9.75522343488005,47.27235119208398],[9.754614273602364,47.28133996261737],[9.748009997097459,47.28113247447791],[9.748620278459647,47.27214373901361],[9.75522343488005,47.27235119208398]]],[[[11.276709437870029,47.26943338178915],[11.269926190721996,47.273811537759556],[11.276534251899944,47.273930966988424],[11.276709437870029,47.26943338178915]]],[[[11.289924526440293,47.269671072719426],[11.283142342877651,47.27405001374423],[11.28975046355976,47.27416867802439],[11.289924526440293,47.269671072719426]]],[[[11.276359036128312,47.27842854980142],[11.269574606016656,47.28280668076611],[11.27618379054753,47.28292613020057],[11.276359036128312,47.27842854980142]]],[[[10.932343484791037,47.280704587123104],[10.92553034504735,47.28506223306462],[10.932138970648808,47.28520159428289],[10.932343484791037,47.280704587123104]]],[[[11.256356326781521,47.28256663429441],[11.249569709638083,47.28694357460911],[11.256179365948134,47.287064181842425],[11.256356326781521,47.28256663429441]]],[[[11.282793004893378,47.28304519709729],[11.276008515149988,47.28742370815836],[11.282618291323042,47.287542785127066],[11.282793004893378,47.28304519709729]]],[[[10.938747631041249,47.28534057304387],[10.93193442171351,47.289698598890546],[10.938543643695935,47.28983758940604],[10.938747631041249,47.28534057304387]]],[[[11.22313138739574,47.286457320105285],[11.22277175614587,47.295452305084126],[11.249392156801921,47.29144110948299],[11.249569709638083,47.28694357460911],[11.22313138739574,47.286457320105285]]],[[[9.620642745775662,47.30408172629043],[9.628195923452571,47.29081449080449],[9.601776427330858,47.28995300105781],[9.600823161829613,47.30343487201605],[9.620642745775662,47.30408172629043]]],[[[11.434489337741018,47.29467376858086],[11.374991360065197,47.293667414597444],[11.368882841785924,47.28006053621306],[11.322620225039092,47.279253914825176],[11.328887551548823,47.288365611731706],[11.36210586787498,47.28444416098869],[11.354821999187742,47.302320456639194],[11.367710578856448,47.31154451342219],[11.45400215288906,47.303997996860765],[11.434489337741018,47.29467376858086]]],[[[11.017265043011351,47.30496708950966],[11.011049512087258,47.295838380875686],[10.998028191797847,47.29107129152242],[10.997431190753847,47.304562638098616],[11.017265043011351,47.30496708950966]]],[[[11.268871077598677,47.30079693725065],[11.28156938532816,47.314528260515154],[11.301409011006841,47.31488337616836],[11.30175539114935,47.30588816786845],[11.28887970484418,47.296656668233474],[11.268871077598677,47.30079693725065]]],[[[10.825337171635478,47.305409956438666],[10.818512030726891,47.30976120135416],[10.825123456755316,47.30990675531341],[10.825337171635478,47.305409956438666]]],[[[11.53996326000541,47.30538220784595],[11.53965743259293,47.31437809675293],[11.546271135367288,47.31448191280493],[11.546575837696198,47.305486006333055],[11.53996326000541,47.30538220784595]]],[[[11.53965743259293,47.31437809675293],[11.532890240416704,47.318771829669465],[11.539504479833742,47.318876037365776],[11.53965743259293,47.31437809675293]]],[[[11.50658931117366,47.313853274114486],[11.506277752480317,47.32284906393048],[11.526121922792623,47.32316515946417],[11.526276027137948,47.31866723911474],[11.50658931117366,47.313853274114486]]],[[[9.699306931764376,47.31562319333394],[9.698378093013803,47.329105827815305],[9.711598300800636,47.32952616029676],[9.712215335304744,47.3205376695018],[9.699306931764376,47.31562319333394]]],[[[11.499819437319548,47.318245048357845],[11.466749299639796,47.31770869587272],[11.466271711472892,47.33120220568933],[11.499350291391435,47.331738694325885],[11.499819437319548,47.318245048357845]]],[[[11.558590644052734,47.341676158147926],[11.58491026355761,47.34658272415628],[11.598589978832765,47.33329071749575],[11.552277399410961,47.33257716293572],[11.558590644052734,47.341676158147926]]],[[[11.34668628718069,47.34268455693535],[11.34040944622447,47.33357389419766],[11.327178146298102,47.333342048108655],[11.326664756929533,47.34683492691191],[11.34668628718069,47.34268455693535]]],[[[9.710363601669442,47.347503102223946],[9.711289704803301,47.33402040077789],[9.69176806810526,47.3288950881167],[9.6908370714807,47.342377639538824],[9.71005479553287,47.3519973292814],[9.70943702554133,47.36098577309356],[9.735893791428136,47.36182234513863],[9.729586747448836,47.35711950268527],[9.73081512880952,47.33914237542422],[9.737732994324197,47.33485654862634],[9.724511244920864,47.33443923941025],[9.723896140615103,47.34342778121605],[9.710363601669442,47.347503102223946]]],[[[11.240820704767213,47.34079270933283],[11.235099112774188,47.31818375955774],[11.208645294434678,47.31769415481858],[11.21471687921534,47.331309517825694],[11.208101782810173,47.33118651126593],[11.200395482453164,47.358047696970814],[11.180356666616014,47.36217243000208],[11.17998923076166,47.371167196314545],[11.186609271541668,47.371291829186646],[11.186242837798078,47.38028660456333],[11.2191687005461,47.38540156145809],[11.21363240084508,47.358294218058994],[11.226869442465404,47.35853920689082],[11.220611395762031,47.34942199455466],[11.227228805432656,47.34954427674471],[11.227588045993265,47.340549335151884],[11.240820704767213,47.34079270933283]]],[[[11.141204901358194,47.34792473488265],[11.154067249570787,47.35717280695285],[11.154439003114113,47.348178107984545],[11.141204901358194,47.34792473488265]]],[[[11.485015286066282,47.363010199893864],[11.491949262942159,47.354121473278475],[11.465634547573837,47.34919351433023],[11.47177599475199,47.3627950941338],[11.485015286066282,47.363010199893864]]],[[[9.915081439149667,47.358319579395605],[9.894944894102078,47.36221852407899],[9.914789997337666,47.362814337529755],[9.915081439149667,47.358319579395605]]],[[[11.233488009246685,47.35866112670399],[11.226689715059743,47.36303666760239],[11.23330884524016,47.36315859773095],[11.233488009246685,47.35866112670399]]],[[[9.636370133417598,47.36314766097142],[9.622825792698888,47.367212607994574],[9.63605493665969,47.36764167699273],[9.636370133417598,47.36314766097142]]],[[[11.425439332843213,47.3620301545114],[11.424950783176781,47.37552341400078],[11.444814261575013,47.37585362799633],[11.445136606462784,47.36685806871737],[11.425439332843213,47.3620301545114]]],[[[11.259254758375254,47.37713500532254],[11.279293076330626,47.37299645738054],[11.2796436059041,47.36400138156113],[11.24636912956505,47.36789879729145],[11.259254758375254,47.37713500532254]]],[[[11.299154662338704,47.373351963815885],[11.292359921868945,47.37773139838484],[11.29898104401392,47.37784952733283],[11.299154662338704,47.373351963815885]]],[[[10.059775944789564,47.376068629185916],[10.052878886768084,47.38037388677009],[10.059496728151434,47.380563737652615],[10.059775944789564,47.376068629185916]]],[[[11.292185710091164,47.38222894889009],[11.305255998143831,47.386962410938345],[11.305602195750446,47.377967273053336],[11.298807396095823,47.382347087833594],[11.292185710091164,47.38222894889009]]],[[[11.550300278116303,47.3910502628287],[11.549843396877877,47.404543984443414],[11.569718554645954,47.40485250878833],[11.570019781228488,47.39585664523706],[11.550300278116303,47.3910502628287]]],[[[9.706654455567534,47.4014335947759],[9.701274809655473,47.38324663303984],[9.674807857126954,47.38240205335737],[9.673871582513835,47.39588437149097],[9.667253290025696,47.39567221606647],[9.680178292822916,47.40059026070685],[9.679243068114976,47.41407258787363],[9.692173698109748,47.41898926488566],[9.691241214357365,47.43247165325355],[9.697864222164231,47.43268242006624],[9.683371951960426,47.4502368946901],[9.710182506558358,47.446585317684395],[9.736067901412813,47.45641016559286],[9.736989343628862,47.44292746420999],[9.710801152513113,47.43759697954382],[9.711728726016169,47.424114442783846],[9.698795016505926,47.4191999782437],[9.700035335573322,47.40122333549059],[9.706654455567534,47.4014335947759]]],[[[10.063325463795817,47.42570425645734],[10.049517814899712,47.4343147187642],[10.076294597340635,47.430577480689514],[10.077406511177022,47.412596990346955],[10.05754087913139,47.412029398827215],[10.063325463795817,47.42570425645734]]],[[[11.409573988169623,47.4337715833198],[11.429459314999988,47.43410446277388],[11.42994725389469,47.42061129644597],[11.409902698565224,47.42477619872147],[11.409573988169623,47.4337715833198]]],[[[10.102515944620503,47.43582433747552],[10.103067581093251,47.426833980013164],[10.083196309582139,47.42627084250643],[10.088989111421972,47.43994437357164],[10.102515944620503,47.43582433747552]]],[[[11.369636306362402,47.43759309578699],[11.389356700088953,47.44243056527847],[11.389854978077874,47.42893758875244],[11.369971853716962,47.42859783226187],[11.369636306362402,47.43759309578699]]],[[[9.843881532200879,47.4327278429647],[9.843285635043234,47.44171689358158],[9.849910399057382,47.44191886617756],[9.850505169044942,47.43292978140528],[9.843881532200879,47.4327278429647]]],[[[10.081808406983676,47.448746469640675],[10.081252914466424,47.45773669369157],[10.094508277585865,47.45811272442873],[10.095061513166893,47.44912243677523],[10.081808406983676,47.448746469640675]]],[[[10.705345083364195,47.4557659069867],[10.685230786634019,47.45980374508027],[10.70512051994939,47.46026238297545],[10.705345083364195,47.4557659069867]]],[[[9.722815670322145,47.45599266916005],[9.71588068980271,47.460277518815026],[9.722507290374773,47.46048685957999],[9.722815670322145,47.45599266916005]]],[[[9.683060242218248,47.45473098248513],[9.68243666322476,47.46371914584684],[9.689063563243408,47.463930420720146],[9.689686014555512,47.45494222163115],[9.683060242218248,47.45473098248513]]],[[[11.515010342513985,47.453498354955386],[11.508067179166385,47.462388350864224],[11.527809526451493,47.46720195654196],[11.528272592166513,47.45370845160959],[11.515010342513985,47.453498354955386]]],[[[9.71588068980271,47.460277518815026],[9.708944581477002,47.46456194568989],[9.715571693294871,47.464771687447914],[9.71588068980271,47.460277518815026]]],[[[11.448056071628782,47.470415740763585],[11.441746495970378,47.46131081787631],[11.421850824959792,47.46098007249822],[11.421360438494416,47.47447311862924],[11.448056071628782,47.470415740763585]]],[[[11.474906498508846,47.46185438283441],[11.481063472619134,47.47545523968521],[11.494331113553146,47.47566926512339],[11.49480282630072,47.46217591530234],[11.474906498508846,47.46185438283441]]],[[[9.867713546603705,47.47398451424926],[9.847529289304408,47.477875046520104],[9.867417423416523,47.478479073692725],[9.867713546603705,47.47398451424926]]],[[[9.899978571183894,47.4884673919214],[9.89393564256893,47.47927907483727],[9.87404690264617,47.47867964917529],[9.899978571183894,47.4884673919214]]],[[[11.474270703115163,47.47984539995052],[11.454367828338906,47.47952030253972],[11.454046370453398,47.48851573457886],[11.47395264252098,47.48884088703021],[11.474270703115163,47.47984539995052]]],[[[9.846337515091966,47.49585303834131],[9.847231422018284,47.482369550746945],[9.840601580997653,47.4821674243687],[9.832775295442083,47.499942752611226],[9.846337515091966,47.49585303834131]]],[[[9.608271680146652,47.479345309873565],[9.620894489631734,47.48876384202532],[9.626257148914544,47.506954273083025],[9.65247127046328,47.512304021466555],[9.647099012053213,47.4941148341215],[9.627524292103733,47.48897867510908],[9.634786267294299,47.48020526358838],[9.608271680146652,47.479345309873565]]],[[[9.852076431209456,47.50953833302918],[9.865936049193934,47.50095180840826],[9.846337515091966,47.49585303834131],[9.852076431209456,47.50953833302918]]],[[[9.925628585480903,47.50274394049278],[9.925045853963976,47.511733307884384],[9.938313672336728,47.51212740599785],[9.93773300333447,47.52111682283017],[9.950714003860496,47.52600418753906],[9.951581688971187,47.51251996918741],[9.91294801931905,47.493359056915494],[9.912363226825354,47.50234837441194],[9.925628585480903,47.50274394049278]]],[[[9.712478826746826,47.50971314295745],[9.705535928133589,47.513997327856266],[9.71216924964802,47.51420726481665],[9.712478826746826,47.50971314295745]]],[[[9.81197646216557,47.5128158948876],[9.805041257329213,47.51710609738113],[9.811675361640491,47.517310279179],[9.81197646216557,47.5128158948876]]],[[[9.884948763972904,47.515036380802314],[9.884358948640623,47.52402552065373],[9.890994229070735,47.52422511448524],[9.892171397109129,47.50624674987786],[9.878905409019985,47.505847313587275],[9.878314664694805,47.5148364370043],[9.884948763972904,47.515036380802314]]],[[[9.824043506727117,47.53120072138011],[9.83127852671152,47.5224149537919],[9.811675361640491,47.517310279179],[9.811073006314741,47.526299034555926],[9.824043506727117,47.53120072138011]]],[[[9.897629559777798,47.524424324518726],[9.890699811393446,47.528719694705565],[9.89733570765999,47.52891892159036],[9.897629559777798,47.524424324518726]]],[[[9.943208447290734,47.53929217714511],[9.963409170041581,47.535384838210256],[9.970621488320063,47.52659030298431],[9.943788381558134,47.53030276216919],[9.943208447290734,47.53929217714511]]],[[[10.714800407067282,47.53250972934025],[10.707936677771327,47.53685421770612],[10.714576324079482,47.53700616448429],[10.714800407067282,47.53250972934025]]],[[[9.897041805345587,47.533413514235605],[9.909729187720679,47.54280008923331],[9.910314879713233,47.53381085010539],[9.897041805345587,47.533413514235605]]],[[[9.969470672959515,47.54456939761785],[9.963120875740456,47.53987959316616],[9.962832532179972,47.544374343656585],[9.969470672959515,47.54456939761785]]],[[[9.816806070666436,47.5399860184834],[9.816204332344231,47.54897476345762],[9.822842498657433,47.549178298301186],[9.823443105280656,47.54018951889663],[9.816806070666436,47.5399860184834]]],[[[9.809566217444734,47.54877084466973],[9.802626075827252,47.553060873032564],[9.809264705184313,47.55326519304287],[9.809566217444734,47.54877084466973]]],[[[10.69420581874408,47.545541951958604],[10.687338688665681,47.54988519759403],[10.673601026511614,47.55857044525519],[10.693528006599939,47.559031090835376],[10.69420581874408,47.545541951958604]]],[[[10.667187021969635,47.55391980471522],[10.653674396776832,47.55810634054321],[10.666958777542886,47.55841612802806],[10.667187021969635,47.55391980471522]]],[[[10.460823034316865,47.5579375740148],[10.447293001234502,47.56209979784547],[10.460577131137015,47.56243346764199],[10.460823034316865,47.5579375740148]]],[[[10.466237494730045,47.58058331253],[10.459346984337945,47.58491286910291],[10.465991948659184,47.58507919791556],[10.466237494730045,47.58058331253]]],[[[10.479526414354442,47.58091478869505],[10.472636954980677,47.58524514226069],[10.479282003205634,47.585410702134695],[10.479526414354442,47.58091478869505]]],[[[9.820438018293332,47.58513323036071],[9.813493963242026,47.58942388567107],[9.82013722697014,47.589627575534905],[9.820438018293332,47.58513323036071]]],[[[13.019218207804242,46.62167851387879],[13.038857626248918,46.612733565615905],[13.03890757798221,46.60373527431006],[13.064972561985787,46.612799395581945],[13.058327101051901,46.635279287141046],[13.071390072629985,46.63531070335917],[13.077964970685342,46.626327518059526],[13.104067074693754,46.63088345711103],[13.110635945379139,46.621898371573316],[13.156360174014747,46.617481340305254],[13.221644013956304,46.62206571793259],[13.254327938559513,46.59959825676939],[13.20213314895409,46.59054992855549],[13.208702028792846,46.57256085679607],[13.189130426184352,46.57253701851708],[13.189105733421917,46.581535331650834],[13.169502873262052,46.59050640604785],[13.136872656422817,46.590453437109794],[13.143366310274166,46.59946310454804],[13.117276175967223,46.5949162754056],[13.123767074042261,46.6039270754915],[13.110711728880394,46.603901725065896],[13.110749601516298,46.59490341339382],[13.097696462256849,46.59487655570978],[13.091128735255783,46.60386086479746],[13.05201058576239,46.59477065041113],[13.032430982748359,46.59471959415766],[13.019324710745257,46.60368194173884],[12.973631514775882,46.60354427097945],[12.980129190083336,46.60806420236514],[12.980009501800485,46.626060742483986],[12.973448690513445,46.63053907046759],[12.97997956714749,46.63055988210603],[12.979889732970705,46.64405731155883],[12.999487334220792,46.644117492925375],[13.006075379282263,46.63513849542843],[13.032175653530345,46.63971107273579],[13.032226753735175,46.630712762314715],[13.01916492946069,46.63067681108482],[13.019218207804242,46.62167851387879]]],[[[12.901317017041029,46.66627817867991],[12.940561634590752,46.661923288728865],[12.934128377949767,46.64840278390813],[12.947292551691444,46.63495117485916],[12.934331089352026,46.621408008363595],[12.921271612766658,46.621360721085345],[12.927698371466496,46.63488192768803],[12.875486207954937,46.630181520002495],[12.862344999256804,46.639125629851954],[12.86242464750874,46.63012741840839],[12.849404025609289,46.62557270594429],[12.80360320646995,46.634364326762416],[12.829728299750453,46.63448464008598],[12.842707933635575,46.64354072854204],[12.83600734370033,46.66150838075008],[12.842500421294103,46.66603625956023],[12.855570729371014,46.666092668036775],[12.862185622345088,46.65712207321737],[12.888321949350601,46.65722881801984],[12.901317017041029,46.66627817867991]]],[[[12.927182707512568,46.70236901943421],[12.953309051669544,46.706959867858494],[12.953373490611831,46.69796155123317],[12.933756208416872,46.697893357885775],[12.927182707512568,46.70236901943421]]],[[[12.3772377655093,46.735035141581896],[12.370613239042681,46.73947830671423],[12.377157004180507,46.73953402138723],[12.3772377655093,46.735035141581896]]],[[[12.436884617276355,46.69053034181343],[12.377479967890423,46.72153850887977],[12.3772377655093,46.735035141581896],[12.423040640394067,46.7354145041086],[12.423194410499656,46.726416683721745],[12.42973662919019,46.72646935413371],[12.429583960789147,46.73546718342268],[12.442670640067558,46.73557140554003],[12.455979743595595,46.72217731764304],[12.528143546706152,46.709218060903204],[12.541157061033996,46.71380985060173],[12.54749867378695,46.72735265038586],[12.508174511706434,46.73157081949564],[12.501420716915312,46.74501957984753],[12.53414368725613,46.74525649739938],[12.54055428707844,46.754300723669054],[12.566737323641712,46.754481952152496],[12.57315455107595,46.76352433346129],[12.61898307670023,46.76382429006677],[12.625350371539932,46.77736275086833],[12.677795246957395,46.77318079311065],[12.690837200744388,46.77775534924557],[12.690673991608083,46.7912525827349],[12.70372146572892,46.7958256569464],[12.703614804837969,46.80482383062601],[12.670798505106585,46.809135039318406],[12.670910708505508,46.800136895952924],[12.625110658280379,46.79535893103886],[12.605642946606267,46.781736611024186],[12.60545817761848,46.79523371564152],[12.585679245251969,46.804103138568934],[12.572704252216482,46.795017437722734],[12.572832963271052,46.78601940373084],[12.540151929608285,46.78129468537407],[12.533738156631989,46.77225042427444],[12.442218940833312,46.76256497189681],[12.43544461153308,46.77600980701189],[12.461416752872797,46.789712219775105],[12.461195473062649,46.803209069740554],[12.441465092846794,46.807554321588526],[12.435064895711598,46.79850446231834],[12.415489393001751,46.79384731804332],[12.416109925069266,46.75785599334536],[12.370450573354379,46.74847606010168],[12.363578018319462,46.76641545690365],[12.370125077474345,46.76647157888214],[12.369962247227136,46.77546934383908],[12.284660007080031,46.78370770437765],[12.290680357885815,46.81076136446191],[12.284127950750033,46.810700642685575],[12.283950478954157,46.81969829412488],[12.303436844890395,46.82887703633793],[12.303175411698449,46.842373566718834],[12.289886238780515,46.85125085886036],[12.289532909548464,46.86924620091276],[12.276324253781137,46.873623070044225],[12.276055732030198,46.887119549313766],[12.236592407459655,46.89124323266722],[12.23031036449648,46.87768301048396],[12.203972596890626,46.881922629876684],[12.19702676408217,46.899851936845],[12.222997848049843,46.913609068219934],[12.21586490505177,46.94053710157141],[12.228907940379615,46.945164857985894],[12.235848947142564,46.9272335959215],[12.249074230676523,46.922861442948616],[12.281905240818555,46.92317139638715],[12.2690433397966,46.909552089475845],[12.255914278691364,46.909427759480586],[12.28226150541663,46.90517606688476],[12.282439547426813,46.89617840236851],[12.341338298452614,46.90570985260264],[12.361030821805048,46.90588094051689],[12.374321760883221,46.89699529627381],[12.387287714066751,46.9061037371317],[12.387448016996546,46.89710591578611],[12.394011165409506,46.89716065556787],[12.40690201760614,46.91076576867166],[12.439574897759007,46.92002792884577],[12.439423337010941,46.929025822717385],[12.42613527167988,46.937919097017534],[12.46554478474705,46.93822839152704],[12.459273014040946,46.920181953580396],[12.47255111695979,46.9112847989491],[12.49224609150594,46.91143309624377],[12.492388677691988,46.902435134335406],[12.498952584390906,46.90248379834398],[12.498811107248502,46.91148176848182],[12.51201080991467,46.907078979422806],[12.53156838029906,46.916218433418855],[12.597225289592636,46.916665282693074],[12.617226330217987,46.89429665680358],[12.63697444558928,46.88992076176162],[12.63059074697711,46.8763829097079],[12.676739365221572,46.85866324103186],[12.67690630855952,46.8451659984359],[12.703134385146713,46.84531564422359],[12.71640537995634,46.831890894479976],[12.7426270327584,46.83203139311753],[12.736324641687808,46.809501313050895],[12.710219653395772,46.800361174938665],[12.71692781341602,46.78689995166549],[12.736577463359925,46.78700580544213],[12.78219345062471,46.80973513084349],[12.808448877649075,46.80536126091655],[12.814913165417552,46.81438989825028],[12.828019792561816,46.81444949980339],[12.828148330524296,46.80095207693226],[12.821596670915314,46.80092247338303],[12.828276803448308,46.78745466075105],[12.854476886010271,46.78756925248736],[12.860866658609051,46.80559355687774],[12.867418912636593,46.80562088669916],[12.867102480167576,46.84161414700906],[12.906551435710123,46.828272747937476],[12.919591281086802,46.83732008988409],[12.952372241658466,46.837435941842315],[12.958864780393618,46.84645635108974],[12.98509409497602,46.846540695608894],[13.011213798673246,46.8646157812404],[13.076722131738196,46.88278181473836],[13.083219881914635,46.896294312121725],[13.096326622967732,46.90082206741094],[13.09624555345583,46.91881896764932],[13.14879170247867,46.91441869686293],[13.155326889665245,46.92342782442794],[13.175027476981507,46.923457524217035],[13.201329143450886,46.90999408110203],[13.221024781552272,46.9100157905973],[13.234198289623446,46.8875321512722],[13.181724862008528,46.878474290804895],[13.168630513339748,46.86945717859663],[13.168658796701035,46.86045871113131],[13.181803066814929,46.85147887915057],[13.240817101700348,46.85604317568366],[13.260473652600481,46.8695557533537],[13.280154361638628,46.8695671905241],[13.28672294709871,46.86057175657437],[13.31295947529859,46.860580167510825],[13.319522820987517,46.84708359141193],[13.332637766570167,46.84708475833392],[13.332638360495224,46.838086274226065],[13.319528434384777,46.829086625747095],[13.326090488216494,46.79309349693285],[13.299884077736493,46.79758736590327],[13.286802106259943,46.77508624362507],[13.247510356177388,46.77506227260885],[13.240953711394981,46.7795561787676],[13.240921603253916,46.79755310107369],[13.21468536472621,46.81102570330519],[13.20813233302795,46.81101848029618],[13.201624686868977,46.79301395957916],[13.18199823223882,46.783990434067576],[13.142683715510646,46.78842927214833],[13.103421532827182,46.7793568063945],[13.057577755101832,46.77925318748381],[13.03127860826604,46.797182431162426],[13.011624757938423,46.79712776630177],[12.998607594312496,46.78359185120922],[12.926562188638181,46.783353921170246],[12.926493125785681,46.7923522636048],[12.900180280944678,46.80575184518574],[12.873971173333043,46.805647837146616],[12.874088068315134,46.792150368782366],[12.88722714260144,46.7877039591502],[12.88730281841564,46.77870564362053],[12.90698591002848,46.77428274085002],[12.900621012456199,46.75176191235801],[12.92694161827006,46.733863104804776],[12.953147859303806,46.72945568203597],[12.953212352544394,46.72045735262439],[12.913996866470688,46.71581834827909],[12.900841044071518,46.72476699946318],[12.914103458750889,46.7023209028578],[12.86832628137589,46.70214056766088],[12.835459932848318,46.719996885722054],[12.789713922573531,46.71528556735375],[12.782986513814837,46.73325015945494],[12.756764445573362,46.737618111255365],[12.743776534158846,46.728552078475985],[12.743876280349621,46.71955390183271],[12.724148366493734,46.72844747740548],[12.678349616770094,46.72819014975702],[12.691543487383022,46.71926743778695],[12.691652009629271,46.71026931448485],[12.671974755885941,46.71465471175116],[12.659006813612931,46.70557895392249],[12.665715974122325,46.692120838732556],[12.68533068799094,46.69223559012986],[12.69824617350404,46.705807378958234],[12.711536329079072,46.687884228576074],[12.744225127561347,46.68806032376706],[12.757446786913683,46.67463086798507],[12.816272438191454,46.67491710573986],[12.829472756748535,46.66147923302695],[12.803379287884736,46.656859765899604],[12.803558437817161,46.63886341119924],[12.783870194769689,46.64776735573294],[12.751205880296832,46.647602741689184],[12.731759838758466,46.63400226769966],[12.698836243873261,46.656317779739744],[12.640090304255327,46.65147133754351],[12.633438897438369,46.660428873355045],[12.56169218528562,46.650960481005704],[12.555027719304388,46.659913390652406],[12.541959340007644,46.659822180443406],[12.541758922137436,46.673319078571176],[12.528755206920987,46.6687273718769],[12.528619362486296,46.677725292838545],[12.482865168191697,46.67738873034528],[12.476184214223501,46.686336997820256],[12.436884617276355,46.69053034181343]],[[12.289002467974164,46.896239221737105],[12.29565329355088,46.89180081878745],[12.295565403465012,46.89629966114099],[12.289002467974164,46.896239221737105]],[[12.452706962629433,46.920130992157056],[12.452856253403308,46.91113308080598],[12.459421195433814,46.91118403361281],[12.459273014040946,46.920181953580396],[12.452706962629433,46.920130992157056]],[[12.610663331492734,46.89425484063588],[12.610785871145428,46.88525674148898],[12.61734776147428,46.88529855058605],[12.617226330217987,46.89429665680358],[12.610663331492734,46.89425484063588]],[[12.555027719304388,46.659913390652406],[12.561496779282251,46.66445740430529],[12.554962023534456,46.6644123628642],[12.555027719304388,46.659913390652406]],[[12.482793380055696,46.68188766459775],[12.49579634722654,46.68648466973169],[12.482721579837389,46.68638660028464],[12.482793380055696,46.68188766459775]],[[12.249349771226568,46.90936502440065],[12.242692893421895,46.9138007101236],[12.242785279278504,46.90930190926756],[12.249349771226568,46.90936502440065]],[[12.577720370204167,46.903038123482744],[12.564527105574319,46.907448560788275],[12.564592293255318,46.90294953637619],[12.577720370204167,46.903038123482744]],[[12.381046239262743,46.888052984472495],[12.367840447209936,46.89244052011331],[12.367922227232034,46.88794162382661],[12.381046239262743,46.888052984472495]],[[12.433847650391217,46.870487463994074],[12.440180628696854,46.88403635500705],[12.4074512966922,46.87927329900479],[12.414167978703952,46.87032902483604],[12.433847650391217,46.870487463994074]],[[12.407608114307452,46.87027545219103],[12.40776487896461,46.861277606516744],[12.414323636084458,46.86133117010538],[12.414167978703952,46.87032902483604],[12.407608114307452,46.87027545219103]],[[12.309125080893118,46.87392513936108],[12.31577144534422,46.869485557299846],[12.315685290621905,46.87398441380511],[12.309125080893118,46.87392513936108]],[[12.315943711148824,46.86048784515166],[12.322502274520474,46.86054672485366],[12.32233111589433,46.86954444695641],[12.31577144534422,46.869485557299846],[12.315943711148824,46.86048784515166]],[[12.329145856526162,46.85610635933189],[12.33570389524054,46.856164474691305],[12.335872753936705,46.84716673496024],[12.368575970388605,46.85195046205191],[12.348736671535779,46.860778446504675],[12.329145856526162,46.85610635933189]],[[12.532451265887966,46.857731376704066],[12.525824441100342,46.86218365132532],[12.525892840120747,46.85768465239586],[12.532451265887966,46.857731376704066]],[[12.401363953698953,46.852225828000385],[12.39472687397835,46.856670426960015],[12.394806330026078,46.852171514135605],[12.401363953698953,46.852225828000385]],[[13.011268653406763,46.855617372467876],[13.017853987715903,46.851136788536536],[13.017827120816731,46.85563599387967],[13.011268653406763,46.855617372467876]],[[13.017853987715903,46.851136788536536],[13.03099558452592,46.84667368114238],[13.03096982901801,46.85117288909111],[13.017853987715903,46.851136788536536]],[[13.050643623367673,46.85122419212256],[13.044061034908694,46.8557066821439],[13.044085687722804,46.85120747081929],[13.050643623367673,46.85122419212256]],[[12.37545786784421,46.83401070332232],[12.3557091181772,46.8383410066933],[12.349403028238282,46.8247874169848],[12.329740484241213,46.82461431241001],[12.330164788510231,46.80212000920297],[12.317233852797447,46.79300506157545],[12.336884710165258,46.79318033918558],[12.349819044597927,46.80229304064355],[12.369636421979498,46.79346488379608],[12.408860750989447,46.798292737045],[12.401915899489904,46.82073341864077],[12.408391408548628,46.82528623958216],[12.388648564452419,46.82962228603857],[12.39488577266096,46.847672601704396],[12.381771672243895,46.8475628442629],[12.37545786784421,46.83401070332232]],[[12.408313138606868,46.82978515878318],[12.421577236385733,46.82089398720962],[12.421422920908148,46.829891843086656],[12.408313138606868,46.82978515878318]],[[12.473717044011352,46.83930132747742],[12.467087607370182,46.84375016298891],[12.467160938709652,46.8392512027005],[12.473717044011352,46.83930132747742]],[[12.519610119802115,46.8396415725926],[12.512984471285602,46.8440930941792],[12.513053930483851,46.83959410490381],[12.519610119802115,46.8396415725926]],[[13.109741653963853,46.83336070561614],[13.103166240468639,46.837846627138134],[13.103185898243623,46.83334740619872],[13.109741653963853,46.83336070561614]],[[13.31296926231554,46.83808395472372],[13.286743803180126,46.8380755473855],[13.273641627466688,46.82907058698123],[13.273657445748192,46.81557287293545],[13.306427947853958,46.811086985703966],[13.312979040995026,46.81558775530047],[13.31296926231554,46.83808395472372]],[[12.670630129003408,46.82263225941405],[12.657407186504653,46.831552568904414],[12.657521696240957,46.82255443228751],[12.670630129003408,46.82263225941405]],[[13.116297412910507,46.833373625451266],[13.129426382297883,46.82889910168304],[13.12940894010982,46.83339832637361],[13.116297412910507,46.833373625451266]],[[13.12947869118963,46.81540143124575],[13.136032247540706,46.8154132083427],[13.135981597295233,46.828910881772146],[13.129426382297883,46.82889910168304],[13.12947869118963,46.81540143124575]],[[12.493598717347437,46.82595249618211],[12.473935304882579,46.82580443689107],[12.474008033954787,46.82130547445006],[12.493740846779477,46.816954546861965],[12.493598717347437,46.82595249618211]],[[12.68373859965836,46.82270856861641],[12.677128768195072,46.82716968160012],[12.677184359640938,46.822670603756166],[12.68373859965836,46.82270856861641]],[[13.070474419258048,46.81977757436692],[13.090136668090107,46.81982201631128],[13.090115914517112,46.824321233141816],[13.076984776201938,46.82879119715674],[13.070474419258048,46.81977757436692]],[[12.605150021464494,46.8177289048515],[12.585426026707427,46.8220992505019],[12.585489347365483,46.817600221556646],[12.605150021464494,46.8177289048515]],[[12.97216373621991,46.81950413446814],[12.985301361268709,46.815046333576184],[12.985271766792604,46.819545526371186],[12.97216373621991,46.81950413446814]],[[12.985301361268709,46.815046333576184],[12.9918838681359,46.81056726477554],[12.991854831328235,46.81506645860647],[12.985301361268709,46.815046333576184]],[[12.5986586575835,46.81318735425324],[12.605273315118025,46.80873082710394],[12.60521167349167,46.813229865651955],[12.5986586575835,46.81318735425324]],[[12.605273315118025,46.80873082710394],[12.611886867624964,46.80427391410276],[12.611825788865007,46.808772955533044],[12.605273315118025,46.80873082710394]],[[13.03775442181587,46.810697504411344],[13.031175751347549,46.81517924037334],[13.031201472087613,46.81068003700112],[13.03775442181587,46.810697504411344]],[[13.057389786107171,46.81524683922221],[13.050836271230763,46.81523050868636],[13.050884392551538,46.80623209396141],[13.05743680215099,46.8062484217337],[13.057389786107171,46.81524683922221]],[[13.149155141020367,46.81093639909899],[13.142585806742026,46.81542460598456],[13.142602131759045,46.81092538184552],[13.149155141020367,46.81093639909899]],[[12.526712728441057,46.80369670223705],[12.520092136493679,46.80814863462794],[12.520160949560559,46.80364964596781],[12.526712728441057,46.80369670223705]],[[12.507127332839318,46.7990554155268],[12.50050568292518,46.803506201173825],[12.500576141385151,46.79900722533874],[12.507127332839318,46.7990554155268]],[[12.546434725871958,46.79933659136898],[12.539816320646356,46.80378967677633],[12.539883465081106,46.79929067698198],[12.546434725871958,46.79933659136898]],[[12.808537862341115,46.796362996370696],[12.788930768011527,46.791770518338254],[12.79552686340663,46.78730288813754],[12.789069134891786,46.7782731535082],[12.815264625741547,46.778396826126226],[12.808537862341115,46.796362996370696]],[[12.448616042203332,46.77161441283217],[12.47473465030637,46.77631588695454],[12.474662043800452,46.780814842274744],[12.455015312544363,46.78066349559368],[12.448616042203332,46.77161441283217]],[[12.756520361995486,46.760113612455136],[12.749973755674613,46.76007986191782],[12.750072516688451,46.751081663995464],[12.756618020108828,46.751115408827154],[12.756520361995486,46.760113612455136]],[[12.828576320954202,46.75596071981255],[12.821986862618829,46.76043027037163],[12.822030180712977,46.75593114128231],[12.828576320954202,46.75596071981255]],[[12.645462024284537,46.74149211243428],[12.625889135726924,46.7368713990741],[12.645520193375301,46.736993067162764],[12.645462024284537,46.74149211243428]],[[12.625889135726924,46.7368713990741],[12.619405833125127,46.73233105492958],[12.625948947991267,46.732372365201954],[12.625889135726924,46.7368713990741]],[[12.612923632399275,46.72779034010879],[12.606319633987887,46.732247297884655],[12.606381088848764,46.72774827572507],[12.612923632399275,46.72779034010879]],[[12.658835785818443,46.71907608845612],[12.645578352666616,46.732494023008094],[12.645752771768658,46.71899689751769],[12.658835785818443,46.71907608845612]],[[12.652582024492185,46.69654148127835],[12.645810891886953,46.714497858102824],[12.632788229624172,46.70991812767779],[12.619526529124155,46.723332997623835],[12.593421114542892,46.718664984185146],[12.59360865804336,46.705167953865846],[12.600148427777302,46.70521075775815],[12.606810983194586,46.69625515487347],[12.652582024492185,46.69654148127835]],[[12.580592744331268,46.70058220996432],[12.57418181319787,46.691540284912385],[12.587321010261658,46.68712876389698],[12.600272303596778,46.69621273679],[12.580592744331268,46.70058220996432]],[[12.567579063828282,46.69599496776368],[12.560975214106742,46.700449265881524],[12.561040448166665,46.695950278243146],[12.567579063828282,46.69599496776368]],[[12.620008906809526,46.6873408184681],[12.613410495104121,46.69179817878579],[12.613471306846316,46.68729916457813],[12.620008906809526,46.6873408184681]],[[12.548228476216783,46.67786385737514],[12.541625254007771,46.682317018163396],[12.541692093696117,46.677818047634744],[12.548228476216783,46.67786385737514]],[[12.554896316710831,46.668911336623516],[12.548294754908545,46.67336488444104],[12.548361022448582,46.66886591299967],[12.554896316710831,46.668911336623516]],[[12.587572952010866,46.66913277907083],[12.58097408418101,46.6735882376537],[12.58103760339377,46.66908924734075],[12.587572952010866,46.66913277907083]],[[12.711904005918203,46.65639082427723],[12.705317072239788,46.660853541233465],[12.705370120434207,46.656354491159036],[12.711904005918203,46.65639082427723]]],[[[12.382335136383274,46.816070535465215],[12.362593587182024,46.820402036644474],[12.382254682249906,46.82056943510852],[12.382335136383274,46.816070535465215]]],[[[12.362593587182024,46.820402036644474],[12.349403028238282,46.8247874169848],[12.362511461279304,46.824900922722165],[12.362593587182024,46.820402036644474]]],[[[12.919239496493686,46.882311878352105],[12.906079760932522,46.886762015436],[12.91920428533686,46.886811059053365],[12.919239496493686,46.882311878352105]]],[[[12.87322946217184,46.89113192304185],[12.860063706440306,46.89557671692674],[12.873190358763788,46.89563108908721],[12.87322946217184,46.89113192304185]]],[[[12.781163750540141,46.90871595725332],[12.77455140969577,46.9131827617523],[12.781116854997215,46.91321508891975],[12.781163750540141,46.90871595725332]]],[[[13.04359183885363,46.941191746421744],[13.037149213541134,46.91867854987331],[12.984649126769815,46.91402868069339],[12.984767895279235,46.89603187941512],[12.971702613493377,46.886992035254224],[12.93226061055778,46.895856952948364],[12.93879043624455,46.9003793361221],[12.938588922803074,46.927374461966835],[12.925384942567195,46.93632602997959],[12.984470823300391,46.94102388404195],[12.99089385948754,46.9635400656897],[13.017342739358304,46.93662173571254],[13.04359183885363,46.941191746421744]],[[12.99766602756704,46.932065441446454],[12.984500553113634,46.93652468356953],[12.984530277897841,46.9320254830264],[12.99766602756704,46.932065441446454]],[[12.977992685417957,46.92750573454596],[12.971394548338447,46.93198400347955],[12.97142537830161,46.92748480640291],[12.977992685417957,46.92750573454596]]],[[[12.367267599961059,46.92393279666693],[12.354051771497337,46.92831872712761],[12.367185709298544,46.928431693353374],[12.367267599961059,46.92393279666693]]],[[[12.859661211687866,46.940568336313135],[12.879329224618441,46.945148561754834],[12.87959943340025,46.91365437977795],[12.866468331253849,46.91360074950615],[12.853214832667955,46.92704307778029],[12.859661211687866,46.940568336313135]]],[[[12.820727453570717,46.89090533322689],[12.833852913454939,46.890964260567834],[12.833937750658508,46.88196595746144],[12.84049938304173,46.881994846274544],[12.840666755875633,46.86399823353785],[12.834107339088643,46.863969354496085],[12.82771961744427,46.84594350838293],[12.81460524820012,46.845883871539534],[12.814473172242325,46.859381296260125],[12.709532785230934,46.85884939636731],[12.709268203484799,46.88134488669327],[12.682967213366767,46.88569574563345],[12.649925547510291,46.90349817907051],[12.656317413055,46.91703494464764],[12.649693573175401,46.9214944626629],[12.623488354090341,46.916833378387025],[12.610050011524088,46.93924534163083],[12.596787940345196,46.948158582995255],[12.583712320828216,46.94357316784745],[12.583585068294319,46.95257123829954],[12.570380006539827,46.95698235706641],[12.57018568030186,46.97047943814525],[12.543963314793132,46.965799983356966],[12.544164275699169,46.95230294729074],[12.550734380027546,46.95234861345142],[12.557567842507629,46.93439781772022],[12.531364361881183,46.929715449161584],[12.537661702440344,46.947757892173605],[12.524522661654796,46.94766466576602],[12.524316735020934,46.96116166717465],[12.530819806493039,46.96570748639004],[12.491461005118497,46.960921884060355],[12.491246637024442,46.97441882234341],[12.458382872554111,46.974169464707856],[12.46480818003817,46.983218020920575],[12.451660512292966,46.983116357955524],[12.451884960328018,46.969619497823075],[12.445312813268819,46.969568108470355],[12.412217816016275,46.982802234570556],[12.4120614464937,46.991800086263424],[12.4976066178416,46.987964499835634],[12.510615862010056,46.99705882171773],[12.510755569302852,46.98806084240663],[12.524042003541327,46.97915766536625],[12.563547966584824,46.97493392079444],[12.556579371944586,47.00188310176228],[12.563090183979886,47.0064270686943],[12.549736897239924,47.01983381912581],[12.622040077057463,47.02481069663351],[12.622221433593314,47.011313543997225],[12.6156439812416,47.011272016608594],[12.622281865298788,47.006814491982546],[12.615765947704743,47.00227391908122],[12.622402698015623,46.99781638641364],[12.622644240745597,46.979820169883546],[12.648996707968834,46.97548330631042],[12.655339381304836,46.99351918917277],[12.661914667395344,46.99355841832866],[12.662028763463601,46.98456026925843],[12.695008270489016,46.975752489490134],[12.68854473340564,46.966716998663905],[12.66871589190608,46.97560095396847],[12.642482348301524,46.970944263520025],[12.642892845090852,46.9394507962437],[12.675791753168443,46.93514765906597],[12.695387719034834,46.94425884078254],[12.702064167919817,46.935297558145734],[12.715200430055972,46.93537022596403],[12.721976247603278,46.91740956557406],[12.741724305389877,46.913015423904255],[12.741874950658104,46.89951807984316],[12.768273880124461,46.88615529928741],[12.794522370333421,46.88628378247115],[12.794339333914943,46.90428032885796],[12.781163750540141,46.90871595725332],[12.800858469593237,46.908810649929556],[12.820727453570717,46.89090533322689]],[[12.794613842158912,46.8772855105102],[12.801174876117468,46.87731667617503],[12.801084512441738,46.886314953407805],[12.794522370333421,46.88628378247115],[12.794613842158912,46.8772855105102]],[[12.801174876117468,46.87731667617503],[12.807780534160038,46.87284832114326],[12.80773591770742,46.877347461959005],[12.801174876117468,46.87731667617503]],[[12.70873836893594,46.92633588247822],[12.688982649102634,46.930724278706464],[12.68903734691479,46.926225188181235],[12.70873836893594,46.92633588247822]],[[12.735311218607217,46.89948348065552],[12.728696179578716,46.90394761013317],[12.728747495133916,46.89944850143355],[12.735311218607217,46.89948348065552]]],[[[12.485321637154499,46.93387892823871],[12.478681389661896,46.93832844742109],[12.485249710551942,46.93837790493652],[12.485321637154499,46.93387892823871]]],[[[12.327784065035273,46.92808823226052],[12.327613582054072,46.9370859673069],[12.294597631538497,46.94578692847707],[12.294421479553861,46.9547846120741],[12.32727244307372,46.95508143561476],[12.327443041409975,46.94608370183124],[12.347401254186058,46.93276055594959],[12.327784065035273,46.92808823226052]]],[[[12.182731059914644,46.953704281303146],[12.182438386775127,46.967200530767386],[12.202153127337581,46.96739921552387],[12.202440800718398,46.95390291567381],[12.182731059914644,46.953704281303146]]],[[[13.003981206051153,46.97257769551565],[13.023726310555947,46.96813447382831],[13.023752735411795,46.963635264588184],[13.004037395688082,46.96357928677354],[13.003981206051153,46.97257769551565]]],[[[12.951365738151452,46.976910840818306],[12.944858548279491,46.9678899944942],[12.931713995271183,46.96784392041132],[12.938218949889482,46.97686552013759],[12.951365738151452,46.976910840818306]]],[[[13.003981206051153,46.97257769551565],[12.997379665713536,46.97705747424718],[13.003953104097647,46.97707689946701],[13.003981206051153,46.97257769551565]]],[[[12.156052484035525,46.97142901771328],[12.155752942091283,46.9849251944561],[12.175572350355194,46.980629771071136],[12.175768693044551,46.971632285127164],[12.156052484035525,46.97142901771328]]],[[[12.957971134852993,46.97243373849014],[12.97756837083185,46.990494504499935],[12.990718560357262,46.99053526830729],[12.990777013188248,46.981536868737656],[12.997351002860377,46.98155667623801],[12.990864655329911,46.96803926687189],[12.957971134852993,46.97243373849014]]],[[[12.85276541544434,46.97653382740458],[12.839576806667672,46.980976241708056],[12.839492765688917,46.989974546392105],[12.852642701845967,46.99003129936976],[12.85276541544434,46.97653382740458]]],[[[13.069574969733646,46.99974630619733],[13.11566490039015,46.98634734839398],[13.122293810390298,46.97286224164404],[13.155143309730802,46.97741863193663],[13.161775847391977,46.95943198590951],[13.096062946326542,46.95931199292056],[13.069710275525187,46.97275099972986],[13.06962008694314,46.99074787222287],[13.063021823344076,46.995231464974005],[13.030169244719287,46.99064842291171],[13.023541211235216,46.99962892966632],[13.036668345225605,47.00416357904233],[13.036592277124715,47.017661204212054],[13.049749229818051,47.017695132621256],[13.069529837234809,47.0087447383653],[13.069574969733646,46.99974630619733]],[[13.089366444744273,46.98629323599731],[13.082813275997903,46.981779535698905],[13.08938732505338,46.98179401425655],[13.089366444744273,46.98629323599731]],[[13.08938732505338,46.98179401425655],[13.095981698261639,46.97730888889639],[13.095961377644755,46.98180811217281],[13.08938732505338,46.98179401425655]],[[13.036668345225605,47.00416357904233],[13.043269939872465,46.99968151850091],[13.043245149048193,47.00418072933856],[13.036668345225605,47.00416357904233]]],[[[11.681655534082232,47.00600741799507],[11.675501627581639,46.992416792912564],[11.662353884606468,46.992223739592056],[11.661787162923181,47.010216532897104],[11.681655534082232,47.00600741799507]]],[[[12.970931472295261,46.99947193907401],[12.970869639919675,47.00847032478532],[12.983994461295604,47.013011059674966],[12.977538024150437,46.9949937002501],[12.938084243412868,46.99486226093637],[12.94459358546793,47.00388349112637],[12.970931472295261,46.99947193907401]]],[[[12.661914667395344,46.99355841832866],[12.661686359324104,47.01155471099138],[12.655051188996541,47.016014537106],[12.687941630478589,47.01620695723358],[12.687831854660478,47.02520512512672],[12.701044103343042,47.02078034976943],[12.69468267090694,47.00274703311831],[12.674953359643581,47.00263389493555],[12.661914667395344,46.99355841832866]]],[[[12.977416586013172,47.012990478713455],[12.970807786592005,47.017468708462104],[12.977386213619427,47.01748967205814],[12.977416586013172,47.012990478713455]]],[[[12.701044103343042,47.02078034976943],[12.707409854796337,47.03881330079863],[12.740314590021919,47.03899056124939],[12.740415505751976,47.02999234845394],[12.714096157885699,47.029851326015425],[12.701044103343042,47.02078034976943]]],[[[12.98390499962998,47.026508643218904],[12.983845333248377,47.035507029204965],[12.990425998986256,47.035527237856996],[12.990484550922874,47.02652884844998],[12.98390499962998,47.026508643218904]]],[[[12.69430238638673,47.034240644577345],[12.687667121180901,47.03870237218381],[12.694248023205825,47.03873972941561],[12.69430238638673,47.034240644577345]]],[[[12.92444523643851,47.05780387388549],[12.931131592228661,47.04432999684997],[12.898222994139863,47.04420797687757],[12.898334253290741,47.03071047642363],[12.911566243158184,47.02176206960413],[12.904987315807647,47.021737295013644],[12.905133295862253,47.00374060576566],[12.891979914416833,47.00368993098309],[12.885326915149388,47.012662355145466],[12.859056191369243,47.00805573775625],[12.85897540583904,47.01705405125895],[12.832491608019131,47.034937069211445],[12.806124689998441,47.03931650466159],[12.799407258912256,47.05278301369984],[12.786241845507961,47.05272009526312],[12.779564842094292,47.06168630352366],[12.819067820994388,47.06187280357881],[12.845153660095987,47.088984363330844],[12.845236898313575,47.07998608359345],[12.858409139862566,47.08004217003005],[12.858530595731038,47.06654472912493],[12.93099431224452,47.062326695092814],[12.92444523643851,47.05780387388549]],[[12.851905109325031,47.07101602916009],[12.845278506835562,47.07548694228502],[12.845320108302074,47.07098780005331],[12.851905109325031,47.07101602916009]]],[[[11.910125025664561,47.072105630675075],[11.929758404255923,47.076850101220906],[11.93011590723907,47.063354614401426],[11.910366686657731,47.06310868005217],[11.910125025664561,47.072105630675075]]],[[[12.739910584867292,47.07498338190743],[12.772790094652539,47.07965034302954],[12.779564842094292,47.06168630352366],[12.746595956387601,47.06601950817762],[12.739910584867292,47.07498338190743]]],[[[12.34488758487312,47.067726852841005],[12.344719552356215,47.076724584615214],[12.357890189261148,47.07683862904681],[12.357973096682187,47.0723397539895],[12.34488758487312,47.067726852841005]]],[[[12.772742338148664,47.08414945497516],[12.766107430575138,47.0886157505502],[12.772694573544674,47.088648565939934],[12.772742338148664,47.08414945497516]]],[[[11.909399550919382,47.099096457287146],[11.909641457837076,47.09009951951194],[11.889882380773072,47.08985002872534],[11.896102478511144,47.10342893641157],[11.909399550919382,47.099096457287146]]],[[[12.83197921348736,47.088926741810994],[12.83176540781511,47.1114223986907],[12.838355420803168,47.111451412423605],[12.83856643321413,47.08895574326928],[12.83197921348736,47.088926741810994]]],[[[11.823763736695671,47.09799036013312],[11.823378944612738,47.11148547722919],[11.843398961670363,47.10274972912292],[11.837065347533414,47.09366633416376],[11.823763736695671,47.09799036013312]]],[[[12.772455628950844,47.11114410509149],[12.75922683381171,47.11557716390216],[12.772407815702849,47.115643209595405],[12.772455628950844,47.11114410509149]]],[[[12.818541502937906,47.11586234960191],[12.81845367903761,47.12486059215854],[12.831637037313326,47.124919779321466],[12.83176540781511,47.1114223986907],[12.818541502937906,47.11586234960191]]],[[[12.765575336645803,47.13810586802481],[12.798450616477423,47.14726449469022],[12.785495415457563,47.1247059453375],[12.765720551692766,47.124608577445116],[12.765575336645803,47.13810586802481]]],[[[12.620767996216994,47.11929056445567],[12.614054649778861,47.12824700450309],[12.627178429204928,47.132828891546865],[12.613809514551772,47.146243092802784],[12.613625553854503,47.15974014471584],[12.633413213046074,47.159863929512525],[12.646487943704921,47.1689426052408],[12.64660503665118,47.15994454326298],[12.633472864248064,47.155364903152],[12.640422548894028,47.128411189842836],[12.633830558851752,47.12837071600272],[12.633949709454564,47.119372643235785],[12.620767996216994,47.11929056445567]]],[[[12.263970369634801,47.16148536600872],[12.283847006832168,47.15717108524801],[12.284204185252936,47.139175882506805],[12.27110860420151,47.134554511556296],[12.264425273768142,47.13899144423113],[12.263970369634801,47.16148536600872]]],[[[11.888286727936853,47.14832975954442],[11.881569699436584,47.15274416515905],[11.888163839562958,47.15282819075545],[11.888286727936853,47.14832975954442]]],[[[12.699480817696289,47.151253602763596],[12.692831340139236,47.15571560572363],[12.699426773980344,47.15575266336178],[12.699480817696289,47.151253602763596]]],[[[11.89475800055005,47.15291183461377],[11.888040930327108,47.15732662045483],[11.894635650784025,47.15741027138786],[11.89475800055005,47.15291183461377]]],[[[12.706022216999303,47.15578933913408],[12.69937272108601,47.16025172253714],[12.705968723948994,47.16028840141333],[12.706022216999303,47.15578933913408]]],[[[12.659452223709646,47.187017837235636],[12.659567154849377,47.17801977414739],[12.633174506901478,47.17786002014562],[12.64625363843907,47.18693871088466],[12.659452223709646,47.187017837235636]]],[[[13.04169987227241,47.28312977676613],[13.087959361360022,47.28773887888329],[13.107717892555534,47.30577680585753],[13.13415813533219,47.310325782032486],[13.206922508402263,47.31043126524622],[13.220122786352713,47.32394287982257],[13.213474796385036,47.33743336094202],[13.24657413602592,47.33296495786369],[13.246543605151222,47.35096146493645],[13.226683500305151,47.35094417363157],[13.226646178066863,47.36894063337997],[13.233268468379809,47.36894678253383],[13.233224602904027,47.39144229886826],[13.246474834335347,47.39145345164395],[13.253050346972385,47.422952065172076],[13.279566655180112,47.422968242975415],[13.299466418181543,47.404980005551174],[13.339227603109187,47.40948493723451],[13.345853336169922,47.400486384758096],[13.359105847415504,47.40048449524105],[13.365737146792096,47.409481157580316],[13.378991916459187,47.409476965446416],[13.37897730915223,47.39148059012031],[13.359096068553708,47.37798898802561],[13.35909215931737,47.36899076566134],[13.319358343767146,47.36899182984932],[13.279653433542153,47.341984365803064],[13.279667870625563,47.32848696875568],[13.292906002850055,47.32399360660924],[13.299532022131025,47.31049849114519],[13.319376940522329,47.310503130098276],[13.319371222893418,47.328499698063645],[13.33260537379663,47.33300001213033],[13.339224207731796,47.35099654552864],[13.359084344798283,47.350994288753725],[13.359088251399116,47.3599925324973],[13.372327515957906,47.355489990653275],[13.378918978848782,47.31949465240707],[13.405383365489348,47.31948168529617],[13.412038224216209,47.34647228181626],[13.431888490750943,47.34195825237445],[13.458426600842888,47.368927715677486],[13.465026920687006,47.359922223603746],[13.49149829202594,47.35539020011012],[13.491471825461277,47.346391968527065],[13.484852368779007,47.34640076924235],[13.49141891933496,47.32839547482388],[13.498036118874738,47.32838629394529],[13.491326420152982,47.296901517461784],[13.51776397799095,47.292363375456965],[13.524488854314214,47.32384661368738],[13.517872228207475,47.32385732618644],[13.517903180514889,47.33285557640388],[13.524536977453701,47.337343982593865],[13.517918660617637,47.33735469780509],[13.517965116730087,47.3508520468484],[13.504739454586362,47.35537144573208],[13.5114048272436,47.36885881395762],[13.491577745781004,47.38238483114206],[13.53133816012696,47.38682302773184],[13.537876690929982,47.36431606048967],[13.557741758963271,47.364279297900836],[13.571045171840614,47.37775014978531],[13.58431666219032,47.382221079307456],[13.617412116408165,47.37764536607378],[13.630583422844218,47.36411484460183],[13.650475029908295,47.36856102232411],[13.657042481156498,47.35954451349111],[13.676905547765484,47.35948703828072],[13.676818442999151,47.34598986202015],[13.69002692597111,47.341450578148105],[13.689906366439555,47.32345431092973],[13.71624281383324,47.305373023803575],[13.716178102453847,47.296374871092056],[13.68308302893583,47.29198103357297],[13.6898160006233,47.30995708491537],[13.67661537141625,47.31449636221061],[13.676673367189329,47.32349451729418],[13.663468226582488,47.32803226848935],[13.66352399757657,47.337030415451565],[13.65034111311883,47.34606570972066],[13.630457989375971,47.34161949657415],[13.637051140822281,47.33710318485913],[13.636999878637306,47.32810502560875],[13.630382780511642,47.328122257085106],[13.636923018057313,47.31460776838758],[13.630307610023882,47.31462499550007],[13.630257517671186,47.30562680920138],[13.617028941422273,47.30566010872848],[13.610438001960754,47.310175282541],[13.610531460935547,47.328171652779744],[13.6171485715648,47.32815557067095],[13.61729226212733,47.355150043689406],[13.604051271295903,47.355181840885145],[13.597408503507543,47.35069808808132],[13.604005614106791,47.34618368803051],[13.597363981882252,47.341699927483276],[13.597319475405392,47.33270175673711],[13.603937157451723,47.33268643958227],[13.597297227845216,47.32820266762733],[13.597208275436964,47.31020628691883],[13.603823140636864,47.310190976226885],[13.597119383514395,47.292209868700134],[13.603731996963013,47.29219456317624],[13.603686448363701,47.283196343134],[13.59046346829389,47.283226566215355],[13.590398548889548,47.269729212223815],[13.57715842058241,47.26525877219437],[13.57711741502551,47.25626051671956],[13.530873348662452,47.260847532948745],[13.524200630324081,47.242861967749796],[13.517594130481642,47.24287266399236],[13.524184643710457,47.23836280092974],[13.51754786348144,47.22937515514265],[13.46470925611788,47.22944693634922],[13.464687405823316,47.22044857572484],[13.418468379269605,47.224990484863284],[13.418454390019289,47.21599211343185],[13.411851228311189,47.21599668709775],[13.41186409508192,47.2249950592982],[13.385446948383487,47.22500953315092],[13.37222917335274,47.21151690989908],[13.359023960461293,47.21152032208469],[13.352417209253689,47.19802387212604],[13.332615037824027,47.18902657917684],[13.332616542760615,47.16653055940045],[13.319423960651184,47.16203017677255],[13.319426801768063,47.153031755794636],[13.332618046333073,47.144034503052715],[13.332618947822583,47.130536853116546],[13.312841376829546,47.13053452038121],[13.312837419290867,47.13953295455234],[13.299650135767036,47.13952949024735],[13.29303819848192,47.16202324518508],[13.220398802211848,47.197966258674924],[13.21372508490515,47.22945366138581],[13.240152602626555,47.2249797760914],[13.246726478061337,47.24298186251425],[13.213693854809838,47.24295118982885],[13.21365218984344,47.260947867267824],[13.233461032133237,47.26996575498842],[13.233417331108217,47.29246154262463],[13.206955507472141,47.296933832943914],[13.206977497474483,47.28793553339545],[13.193765337360182,47.28342065656195],[13.18721713212623,47.260916433139165],[13.174027195863708,47.25190009384354],[13.18064805352291,47.247410123125384],[13.180780176113933,47.202418350462864],[13.193995176775731,47.197936390654746],[13.194019327173237,47.18893800883542],[13.213839458848055,47.17996258711898],[13.220467600708982,47.16647187702972],[13.273264901460296,47.148516406754275],[13.279873991028733,47.135022215013315],[13.260094755714881,47.1350107202486],[13.266723183913541,47.108019618787715],[13.24036430054511,47.10800048477798],[13.213963986494614,47.12597211222773],[13.18758360386961,47.130439968963245],[13.187608811215515,47.12144154589692],[13.17443977177437,47.11692436846105],[13.167920307622374,47.09441874212261],[13.1481562551635,47.09438780216684],[13.148188130002913,47.08538937129708],[13.154775027957816,47.08540006425209],[13.148235921976816,47.07189171778166],[13.102198924934768,47.05830857030413],[13.08907374861978,47.049282289154206],[13.089115604889816,47.04028386026512],[13.075975070813122,47.03575527717457],[13.056232913731053,47.03570836809387],[13.049579389026919,47.049189590526524],[13.036363840626818,47.0581540464289],[13.016613395026788,47.05810025612305],[13.009947003968623,47.0715791457476],[12.996834240336767,47.06254222676906],[12.977082206414284,47.062481570012274],[12.976990903702161,47.07597912432289],[12.990162269464566,47.07601995374426],[12.983457008226665,47.09399646275259],[12.990015579024636,47.0985158761331],[12.983427101589278,47.0984956435153],[12.983307424273855,47.11649235573145],[12.970094963939346,47.12094990366757],[12.963377217085716,47.13892518486411],[12.983127755860739,47.14348738853595],[12.98966301364866,47.15250597564073],[12.983067825697582,47.15248572245458],[12.982977892268304,47.1659832128755],[12.95662269625496,47.161399205123516],[12.95652601095826,47.17489666526547],[12.996085014664091,47.179520834993795],[13.002541914287379,47.202036123621006],[12.995911646033749,47.20651576724086],[13.015608482625986,47.22456975536327],[13.015553982822869,47.23356804804426],[12.995622304916042,47.25150718092068],[12.97579972662176,47.25144630804756],[12.969223414402455,47.246926126015644],[12.976044714725836,47.215453232930024],[12.95633249242427,47.201891543685996],[12.956461526706715,47.18389496445731],[12.943330093333515,47.17485193951182],[12.923501218794158,47.17928112640181],[12.923431119230203,47.188279403041165],[12.943163236745614,47.19734765664788],[12.936460619335593,47.21082211577335],[12.923325925194597,47.201776805883895],[12.88367980058899,47.206125625771094],[12.863994715907456,47.192547970706194],[12.837551938157253,47.196934665469655],[12.824437589100805,47.187877960200986],[12.83116578568933,47.17441007498756],[12.824567946238188,47.1743806448444],[12.824741652436407,47.156384203114314],[12.811684036330462,47.14282688606763],[12.81845367903761,47.12486059215854],[12.792179349158063,47.115739416256474],[12.785588830050262,47.11570772895425],[12.785495415457563,47.1247059453375],[12.80509013845232,47.14279632801099],[12.804954899015994,47.156293651299116],[12.81155047595856,47.15632421711591],[12.798222341458304,47.16976000626877],[12.817926108908635,47.17884993685173],[12.824350647414938,47.19687616243602],[12.811149386230506,47.196816130721494],[12.811015553276617,47.21031340627319],[12.797810957439227,47.2102518302474],[12.791023387045561,47.22821678017062],[12.764605343038294,47.22808746811972],[12.764702490834551,47.21908933795094],[12.73844146074195,47.20545675624393],[12.745394475672242,47.17399768664063],[12.725653133255852,47.16939428506503],[12.725756786668674,47.16039614664527],[12.705968723948994,47.16028840141333],[12.70586171058897,47.16928652159457],[12.692667474101462,47.16921276946208],[12.69244885611302,47.18720896657576],[12.679250174617213,47.187133661107396],[12.66588074285232,47.200553919619146],[12.619491374161024,47.21376989985063],[12.633114805018247,47.182359038964414],[12.613318744333574,47.1822352017819],[12.613195947537637,47.19123321365835],[12.606596160519143,47.191191163382776],[12.606720078169461,47.18219315862269],[12.593522777508282,47.18210792616217],[12.593648893991656,47.17310992945765],[12.580582190891535,47.1640251953194],[12.58762341187012,47.1325757222134],[12.561187861428996,47.136898302260995],[12.554727494241202,47.127855260402185],[12.541543803221966,47.12776400795334],[12.528223070128512,47.13666917824726],[12.528497199276645,47.118673274487065],[12.515315836774839,47.11857898479593],[12.51545506706624,47.10958104148444],[12.528702674067219,47.10517633384125],[12.5484697752984,47.105314871328495],[12.56151651587566,47.11440332255744],[12.588004281141153,47.105581646035425],[12.574890626306837,47.100995237701646],[12.581607134363663,47.09204109469034],[12.542284665306896,47.07827511553136],[12.535970275593234,47.06023298367149],[12.542553727227533,47.06027912378636],[12.549470473699005,47.03782985466663],[12.53637687135735,47.03323899435478],[12.536512311452524,47.02424099209344],[12.523285532129314,47.028646625127024],[12.510266386741087,47.01955376122417],[12.517122153218631,47.00160542306988],[12.457639706080023,47.01915902188494],[12.431326665038576,47.018952511451644],[12.418325636942962,47.00984911645059],[12.418014754366022,47.027844823232876],[12.325905575947711,47.02706325295423],[12.332824548652974,47.00912609315594],[12.39217717808023,47.00063568148532],[12.379106348095991,46.99602670641872],[12.379268306659583,46.98702890165293],[12.36628399741207,46.97791954607037],[12.35305467089922,46.982305359176145],[12.340076005555128,46.97319300604056],[12.320272694194212,46.97751713668318],[12.31975678191507,47.00451028993828],[12.247418048577488,47.00383991809608],[12.241305229519737,46.981282707612245],[12.21472725554951,46.99452242597768],[12.21444248202828,47.008018747794054],[12.227689625442125,47.003649094048946],[12.266875100397565,47.01752376274307],[12.28660881132271,47.01770778032502],[12.293363314999034,47.00877068564034],[12.31300725830555,47.013448954457125],[12.293098437846789,47.02226719303889],[12.286075400598847,47.04470075033997],[12.272822824361944,47.04907720609591],[12.299062273470197,47.053819256944344],[12.298798620210508,47.06731575716775],[12.318637172146792,47.062995380577696],[12.331548972432005,47.07660901513312],[12.35155521749974,47.06328518388873],[12.351805443999849,47.04978856225965],[12.338726023750885,47.04517494771184],[12.345475250350244,47.036234763999836],[12.37179650660461,47.03646115541377],[12.371387965011193,47.0589556045423],[12.391137414229416,47.059121467966314],[12.391537594396167,47.036626948713824],[12.437524494387933,47.04149940235985],[12.464070327611097,47.02820761085275],[12.503547022293551,47.02850371544621],[12.503405987593169,47.03750167638046],[12.490173162102684,47.04190345331971],[12.483375340256915,47.05535117699919],[12.450536560562306,47.05060059045505],[12.450386484436978,47.05959847643558],[12.516219990015497,47.060092276334295],[12.502911989584984,47.06899451551261],[12.509426437421652,47.07354154723012],[12.502629441726821,47.08699040411844],[12.509216183020312,47.08703847444469],[12.509075953984613,47.09603642085875],[12.49582900041702,47.10043884595953],[12.488953254293444,47.11838582643585],[12.442819208023367,47.118033108593934],[12.442591824118391,47.13152987583413],[12.508444334220135,47.13652712327192],[12.508303843216012,47.145525043289844],[12.495115841004035,47.14542841507112],[12.481347529061727,47.181321750623574],[12.468150666270432,47.18122200073713],[12.467929466061703,47.1947187588525],[12.448129222363384,47.19456623011202],[12.447676388456097,47.2215596227128],[12.460660045632434,47.23515844014014],[12.447298673870991,47.24405406596228],[12.414346043279869,47.23929310253954],[12.400896317600662,47.252682148547656],[12.381074584117533,47.25251797581842],[12.367942498960609,47.2479077884963],[12.361584476839225,47.23435506260866],[12.348290656311677,47.238740262571866],[12.328645622416966,47.22956934503157],[12.282326288372701,47.2336504122357],[12.269298180103178,47.22453009654179],[12.262512077520025,47.23346564598506],[12.269026085437146,47.238026374498254],[12.328474314359193,47.238566953219376],[12.334739202785055,47.256620317669594],[12.394128842358286,47.261625490486644],[12.39396857074056,47.2706231657397],[12.407345619611114,47.261733809710044],[12.433779334624525,47.261945856965305],[12.440159172556909,47.27549451650382],[12.459989693933982,47.27564842587341],[12.480038834919078,47.262302209399635],[12.493255947930809,47.26240058089982],[12.499722237428228,47.27144700742072],[12.5328392502975,47.26718544114837],[12.539312895237954,47.276229619644056],[12.552533594769633,47.27632112727916],[12.552666909066888,47.26732325334622],[12.54605767800973,47.267277698600104],[12.55286679546559,47.253826426637936],[12.579297088342956,47.254004773776366],[12.585585540474705,47.27654319876398],[12.598743657918453,47.28112830810937],[12.612088895557443,47.272214997781006],[12.638528566889939,47.27237962836339],[12.645256061904972,47.263421849904354],[12.665082578535783,47.263540136376555],[12.671521840956412,47.27707580563336],[12.691518069567486,47.26369249474287],[12.711185310157427,47.277299808379325],[12.731017168223625,47.277406642768135],[12.724458583028076,47.272872389249635],[12.72466666668325,47.254876268977824],[12.75775503044859,47.25054946244271],[12.784043423582183,47.26417753594899],[12.783949483602882,47.273175643266754],[12.803734636234758,47.27776889752338],[12.810390095886623,47.27330047224217],[12.803825218370584,47.26877077849388],[12.810479538178543,47.2643023437883],[12.810970927122135,47.21481249466537],[12.817573797489425,47.21484271183772],[12.817661920262871,47.20584452819019],[12.837467210066855,47.205932870952324],[12.844027173952783,47.21046065667317],[12.843817997700015,47.23295614295427],[12.837212852862415,47.23292744526442],[12.836915774519277,47.264421029162634],[12.850051240786502,47.27347623412837],[12.8699215740657,47.269059863264516],[12.876453037219767,47.27808483947553],[12.909470826661131,47.282712233116584],[12.98889665111916,47.26948377710861],[12.995448463762717,47.27850193541886],[13.021865387912236,47.283076906578266],[13.021811892671137,47.29207514960391],[13.035037128444225,47.292110785235295],[13.04169987227241,47.28312977676613]],[[13.571025151731995,47.37325106009856],[13.584253192965157,47.368723882708736],[13.584274345771789,47.37322295098033],[13.571025151731995,47.37325106009856]],[[13.200768607477016,47.13045641080595],[13.207350183512212,47.134963270888896],[13.20075711935132,47.13495562188159],[13.200768607477016,47.13045641080595]],[[12.990132941330105,47.08051914016935],[12.996690415136042,47.08503817175112],[12.990103608220151,47.085018325648186],[12.990132941330105,47.08051914016935]],[[12.62639555278186,47.191316167869076],[12.619856588126858,47.18677587316607],[12.626455835438367,47.18681715572063],[12.62639555278186,47.191316167869076]],[[12.50149733112506,47.1589737774734],[12.501355600989848,47.16797167515231],[12.494758807093179,47.16792314963204],[12.494901657033985,47.158925260163954],[12.50149733112506,47.1589737774734]],[[12.55286679546559,47.253826426637936],[12.546326418251988,47.24928194097004],[12.552933401597485,47.24932748029611],[12.55286679546559,47.253826426637936]],[[12.803870497876904,47.26427171580791],[12.797307299149635,47.25974164303609],[12.803915769678138,47.25977265104444],[12.803870497876904,47.26427171580791]],[[12.995477449620815,47.274002814893414],[13.002116214902406,47.26952322467303],[13.002087796287196,47.274022348979564],[12.995477449620815,47.274002814893414]],[[13.29948518629336,47.37798540741088],[13.319354046269195,47.3824891595033],[13.319349746540384,47.395986464114046],[13.312722057338616,47.4004843946248],[13.286225556926299,47.39147770387486],[13.29948518629336,47.37798540741088]],[[13.471636531538172,47.35541545673047],[13.46500496248858,47.35092399167979],[13.471624989311236,47.350916340104575],[13.471636531538172,47.35541545673047]],[[13.46500496248858,47.35092399167979],[13.458374521466203,47.346432139486765],[13.464993986189823,47.34642487181851],[13.46500496248858,47.35092399167979]],[[13.551028518114574,47.34179640384499],[13.544338715886399,47.323812177602356],[13.557534240220566,47.31478905662258],[13.557647384107876,47.341783771592915],[13.551028518114574,47.34179640384499]],[[13.544374176412838,47.33281042019872],[13.537773602841424,47.33732140258551],[13.537756431723492,47.33282228399399],[13.544374176412838,47.33281042019872]],[[13.544303267421476,47.31481392530132],[13.544267831011917,47.30581566351567],[13.550882192682614,47.30580342275902],[13.550918755375806,47.314801682478105],[13.544303267421476,47.31481392530132]],[[13.537687776453469,47.31482578509192],[13.531088878719254,47.31933639116918],[13.531072282567681,47.31483726184969],[13.537687776453469,47.31482578509192]],[[13.471509674919373,47.30592503591364],[13.445052098169214,47.30595331860473],[13.445005770720138,47.283457566055624],[13.471463604012234,47.28792844786995],[13.471509674919373,47.30592503591364]],[[13.385505665754472,47.287997939423626],[13.405336244777644,47.28348848795819],[13.411973638929148,47.301480906887],[13.385522467723389,47.3059945508617],[13.385505665754472,47.287997939423626]],[[13.583936332414762,47.3012375498149],[13.577343118141483,47.30575081623885],[13.57732258223495,47.301251709133226],[13.583936332414762,47.3012375498149]],[[13.266474967978342,47.29698565395453],[13.25985519473772,47.301480578132804],[13.259861689259317,47.29698142768919],[13.266474967978342,47.29698565395453]],[[13.484713160735796,47.29691031001696],[13.478111980784469,47.301417864885046],[13.478099899170184,47.29691871966717],[13.484713160735796,47.29691031001696]],[[13.312789822750428,47.24751369676093],[13.339218477440195,47.25201522503579],[13.339220298573775,47.283509399704],[13.319381226152034,47.29700567943568],[13.29293177135059,47.2924995757705],[13.299560065880366,47.270006082486596],[13.312781870904754,47.265510387781454],[13.312789822750428,47.24751369676093]],[[13.56405270846761,47.29228039195166],[13.55745887508614,47.296792532181826],[13.55744004181052,47.29229339534962],[13.56405270846761,47.29228039195166]],[[13.114483211080282,47.26979672227602],[13.15417335925633,47.26086853094882],[13.160737347854463,47.27437634586281],[13.180555433736053,47.278904249118476],[13.187128401987309,47.292410520365],[13.1606776308054,47.292372941589775],[13.154126911464077,47.27436599750124],[13.127685193241758,47.27432077663833],[13.127631971454434,47.28781821257408],[13.121019861655322,47.287805947385834],[13.107815082969577,47.283281128570884],[13.114483211080282,47.26979672227602]],[[13.484687878134743,47.28791201424582],[13.478087819608627,47.292419572189],[13.478075742099273,47.28792042247806],[13.484687878134743,47.28791201424582]],[[13.544196994334339,47.28781911237103],[13.51113639984587,47.28787455291676],[13.511121511286795,47.283375404868764],[13.537550605927024,47.278832675238064],[13.544196994334339,47.28781911237103]],[[13.564013926197973,47.283282113808376],[13.557421211736461,47.2877942562836],[13.557402384863149,47.283295115011256],[13.564013926197973,47.283282113808376]],[[13.484675240055648,47.283412863038464],[13.478051593235097,47.27892211646786],[13.48466260412345,47.278913709653274],[13.484675240055648,47.283412863038464]],[[13.478051593235097,47.27892211646786],[13.464807674272517,47.26993946451819],[13.484637338697548,47.269915396459375],[13.478051593235097,47.27892211646786]],[[13.57717892858619,47.269757896841995],[13.570585570212671,47.27427044520103],[13.570565628285273,47.26977129970153],[13.57717892858619,47.269757896841995]],[[13.015363087384264,47.265062011811786],[13.008726004098088,47.269542374402334],[13.008753855661732,47.26504324637484],[13.015363087384264,47.265062011811786]],[[13.359047297671326,47.26551048763495],[13.352439335859026,47.27001078918599],[13.352437951208225,47.26551162141115],[13.359047297671326,47.26551048763495]],[[13.094940939928188,47.20676827012729],[13.088338959042202,47.20675411236854],[13.088402112362026,47.19325659302175],[13.075223691350791,47.188727964315426],[13.075268010358227,47.17972961170281],[13.08186662008031,47.17974452638455],[13.082017697790272,47.14825023608551],[13.11504749753138,47.134821446416176],[13.115178750822581,47.10332702332894],[13.102040231893662,47.09430225822975],[13.102099767030078,47.08080463219979],[13.128462666475215,47.07635657519811],[13.134980233563732,47.094365268283745],[13.167834677527946,47.121414024988454],[13.167791829739723,47.13491165073182],[13.141386587694665,47.1438680062058],[13.134724048412998,47.16185332525382],[13.128127652715737,47.16184147107793],[13.128074656878187,47.175339043622685],[13.114859721851316,47.17981336889195],[13.121330644050373,47.211320254021054],[13.127933202403485,47.21133250154406],[13.121147939826274,47.25631190787639],[13.101283487666894,47.26527113933787],[13.068237100352775,47.265198359136186],[13.068305451839215,47.251700923314836],[13.088149305584574,47.247246574983855],[13.088212555678199,47.233749104091224],[13.094817903912714,47.233763269050925],[13.09485892987437,47.22476494329089],[13.088254704470947,47.22475078073198],[13.094940939928188,47.20676827012729]],[[13.517655856491984,47.26086931529872],[13.511061982342257,47.26537879117025],[13.511047106425838,47.260879632506466],[13.517655856491984,47.26086931529872]],[[12.883256509768092,47.255615806728336],[12.870000882838648,47.260061686864034],[12.870040527103395,47.255562595578645],[12.883256509768092,47.255615806728336]],[[13.25992657353263,47.251989803500834],[13.246696051228104,47.26097855038118],[13.246711267239087,47.25198021041763],[13.25992657353263,47.251989803500834]],[[13.47799125695172,47.256426314293655],[13.464785790575652,47.260941138885705],[13.46477485151346,47.25644197299546],[13.47799125695172,47.256426314293655]],[[13.292964856948885,47.252007091010675],[13.28635296300756,47.25650357172308],[13.286357198627016,47.252004398674536],[13.292964856948885,47.252007091010675]],[[12.546460719814325,47.24028405000046],[12.539787164508473,47.24473707851155],[12.53985487116954,47.24023813592284],[12.546460719814325,47.24028405000046]],[[13.48453636276054,47.233922062068544],[13.477943024792744,47.23842963615856],[13.477930971869192,47.233930461798835],[13.48453636276054,47.233922062068544]],[[12.711769657674305,47.22781048932455],[12.705111597912872,47.2322731820229],[12.705165236612643,47.227774146237124],[12.711769657674305,47.22781048932455]],[[12.923080263680054,47.2332706854633],[12.916475039722325,47.233246576981266],[12.916546381337954,47.224248338748495],[12.92315048252805,47.22427244314781],[12.923080263680054,47.2332706854633]],[[13.29959117494916,47.22501431918813],[13.292983215840723,47.22951119539613],[13.292986885736134,47.22501201062133],[13.29959117494916,47.22501431918813]],[[12.883564436163457,47.21962296999784],[12.876921904907867,47.22409568255164],[12.87696093402724,47.21959657360751],[12.883564436163457,47.21962296999784]],[[12.61288877289273,47.2137282140527],[12.586478473247196,47.213557648122084],[12.586733206707896,47.19556170893907],[12.613073109002618,47.20023121894827],[12.61288877289273,47.2137282140527]],[[13.292994223645318,47.21601363563969],[13.28639528665319,47.211511755221885],[13.292997891659406,47.21151444548771],[13.292994223645318,47.21601363563969]],[[13.28639528665319,47.211511755221885],[13.279797471761112,47.20700949126694],[13.286399515042964,47.2070125635624],[13.28639528665319,47.211511755221885]],[[13.279797471761112,47.20700949126694],[13.273200778778014,47.2025068438993],[13.279802260335906,47.20251029815966],[13.279797471761112,47.20700949126694]],[[13.33261383289126,47.20702336636101],[13.326010924184779,47.211522162437205],[13.326011786557775,47.20702296988322],[13.33261383289126,47.20702336636101]],[[13.05537682443553,47.1976792581745],[13.048751572281063,47.20216197493269],[13.048775988141662,47.197662809684516],[13.05537682443553,47.1976792581745]],[[13.326014372776768,47.193525382071606],[13.319412586390388,47.198023801071905],[13.319414009030568,47.19352460353875],[13.326014372776768,47.193525382071606]],[[12.72544572075153,47.18739054363781],[12.718846329816088,47.18735499241242],[12.718951174435215,47.178356872261],[12.725549444622793,47.178392417469084],[12.72544572075153,47.18739054363781]],[[13.016043814457984,47.15258316977513],[13.002796813168624,47.16154367490643],[13.002853404442341,47.152545336430826],[13.016043814457984,47.15258316977513]],[[13.05559133767789,47.1571866870869],[13.048971165671269,47.16166943031525],[13.048995544208946,47.15717025113284],[13.05559133767789,47.1571866870869]],[[12.555058831830495,47.10536028751138],[12.555191288187247,47.09636229026319],[12.56177923875311,47.096407317335505],[12.561647899598906,47.105405322202856],[12.555058831830495,47.10536028751138]],[[12.555191288187247,47.09636229026319],[12.548670118638398,47.091817885356775],[12.55525749951728,47.09186329001474],[12.555191288187247,47.09636229026319]],[[13.036109613040985,47.10314601568932],[13.029520544036549,47.10312845190627],[13.029572541365187,47.09413006880929],[13.03616049307147,47.09414762961786],[13.036109613040985,47.10314601568932]],[[13.049360725860481,47.08968240943509],[13.042748449093848,47.09416480898254],[13.042773324125895,47.089665612937246],[13.049360725860481,47.08968240943509]],[[13.01647796465626,47.080596229790004],[13.009864043518583,47.085076719825516],[13.009891701693135,47.08057752940287],[13.01647796465626,47.080596229790004]],[[13.049409346529568,47.08068401152779],[13.056019381575434,47.076201222058515],[13.055995635653362,47.08070042383308],[13.049409346529568,47.08068401152779]],[[13.056019381575434,47.076201222058515],[13.062628300262128,47.07171804760848],[13.062605116500857,47.076217251657894],[13.056019381575434,47.076201222058515]],[[12.338472494631384,47.05867154274623],[12.331804347112659,47.06311244539375],[12.331889443153065,47.0586135869846],[12.338472494631384,47.05867154274623]],[[13.06276732028184,47.04472280558455],[13.056161772552931,47.04920599310558],[13.05618549029959,47.04470678548484],[13.06276732028184,47.04472280558455]]],[[[12.355479744731921,47.2073054694969],[12.362412245908597,47.18936668657981],[12.342614328460984,47.189195830878184],[12.33576014168619,47.202634588322994],[12.355479744731921,47.2073054694969]]],[[[11.424196075478426,47.21349224761539],[11.423871106139268,47.22248790060053],[11.456881321925481,47.22303667654154],[11.482659903187917,47.24146043182546],[11.509233283218773,47.237388667220735],[11.528738133178468,47.24670017880288],[11.555159176963429,47.24711568108117],[11.587591372625969,47.26561859084313],[11.601101943280382,47.256824195502034],[11.63413532138473,47.25732167203951],[11.62680177132683,47.279713336002395],[11.653526363260124,47.271109911838145],[11.660562467503437,47.25771276939101],[11.700343026479173,47.253789766289195],[11.706395101446574,47.27187700324913],[11.686428811983355,47.276090363754655],[11.685726787988571,47.29858108191911],[11.738623457439658,47.29933325284311],[11.74482933420521,47.31292016799895],[11.718098474669269,47.32154491667773],[11.724301681453364,47.335132910871245],[11.750903413215555,47.3310049248833],[11.757116170488377,47.34459112133164],[11.770218576189441,47.34927140682831],[11.769951725518787,47.35826782451739],[11.789678895184592,47.363036356260395],[11.789415291548359,47.37203280288913],[11.82226437508107,47.381472268444085],[11.829529142479219,47.359068390666124],[11.816677967404733,47.34539838011768],[11.803441855723884,47.34522167099479],[11.803963928527343,47.32722864059219],[11.810709619837334,47.32281888510044],[11.797479184702498,47.322641484837504],[11.797872127834749,47.30914669966483],[11.817841996759379,47.304913869059604],[11.824197624741796,47.3139981728723],[11.84404019691952,47.314259059310096],[11.837681127227427,47.30517585981765],[11.851286499372083,47.291853613694386],[11.851791766912646,47.27386025733022],[11.878476680971342,47.26520420483433],[11.87884853753004,47.25170906418613],[11.86563566023471,47.25153955262555],[11.846196591162752,47.23778736553351],[11.85292736261679,47.23337507614155],[11.846829639116327,47.21529557275419],[11.827280575301202,47.20603848488859],[11.827665060361298,47.192543441264434],[11.847715003077742,47.18380698381157],[11.848094122624298,47.17031184809296],[11.808646628604476,47.16528971159554],[11.80283209259278,47.13821106970592],[11.881693147180119,47.1482457410543],[11.882186728692533,47.13025203006051],[11.842892477264812,47.12074329934438],[11.8426391061574,47.129740076617914],[11.829456736280973,47.129566372938754],[11.823378944612738,47.11148547722919],[11.790565762754076,47.10654444906401],[11.79108985267944,47.08855110207419],[11.810847968827353,47.08881775026695],[11.81123578218546,47.075322660345016],[11.75197709807112,47.074512627336354],[11.759229523577037,47.05211262207313],[11.772524894834097,47.047796133354666],[11.7727897497522,47.038799480776014],[11.785949407042956,47.03897974730991],[11.786211944783135,47.02998306089728],[11.81252707037043,47.03033896293302],[11.806336886069946,47.01675545543235],[11.76660873932772,47.02521381407073],[11.766209954697338,47.03870877615984],[11.753050432239837,47.03852622423885],[11.739214765571413,47.06083358005067],[11.713297531503835,47.04696593932228],[11.713984560374639,47.02447465251291],[11.687812588246958,47.01959770509529],[11.687254197496939,47.03759061137519],[11.706578795777316,47.051370037597145],[11.706164557193786,47.064864772343796],[11.732360528807842,47.069737482000356],[11.738537957360528,47.08332498686159],[11.758160104446919,47.08809906326985],[11.75775869824062,47.101593960629856],[11.783977535528612,47.10645477348634],[11.783582559119768,47.119949747968164],[11.796370562417371,47.1336237710691],[11.783055611122103,47.137943028514606],[11.782792002969797,47.14693966025269],[11.763012367950784,47.14666813863757],[11.769738490720762,47.142260727655966],[11.763412778406746,47.133173257734185],[11.7367755683474,47.141802505340245],[11.73072797574222,47.12371668847726],[11.717547484891194,47.123530028025286],[11.717822042291534,47.11453353754353],[11.691465809627987,47.1141557026232],[11.692023578139207,47.096162833919905],[11.672686451095533,47.08238095856495],[11.680253990104886,47.05098960188294],[11.660368678440422,47.05519846418679],[11.64749156508416,47.04600731177054],[11.640623868236666,47.05490568383555],[11.607716339171645,47.054410096871926],[11.594258369257604,47.06320540354378],[11.542055138172538,47.04889231359179],[11.535016813195735,47.062282332261745],[11.580795940460623,47.07199911376213],[11.586786532808626,47.090092912366],[11.566879172132223,47.09428541464904],[11.560593933780472,47.085186683563656],[11.521544810443979,47.0710690267907],[11.495055631907707,47.075143715672894],[11.487531848936719,47.10202466901646],[11.480944746385706,47.10191745182541],[11.48000043847058,47.128905086210715],[11.47341001232253,47.12879743313158],[11.478424454141749,47.173884357854035],[11.45172055017738,47.182446851667954],[11.451240352977786,47.195940480040726],[11.424196075478426,47.21349224761539]],[[11.763012367950784,47.14666813863757],[11.756285126740195,47.151075151045774],[11.756419201465766,47.146576868089845],[11.763012367950784,47.14666813863757]],[[11.743368107140048,47.141894913071084],[11.749826057732765,47.146485215874044],[11.743232936846589,47.1463931819921],[11.743368107140048,47.141894913071084]],[[11.730046763993961,47.14620796923793],[11.762745314363613,47.15566471846239],[11.762210935101859,47.173657859257666],[11.729228546454237,47.17319745628994],[11.709853639928147,47.15942196709402],[11.710129689025292,47.15042551567917],[11.684176273725493,47.13655130608363],[11.67800657435632,47.12296089085684],[11.704505494851732,47.11884361293503],[11.730319318049956,47.13721146124681],[11.730046763993961,47.14620796923793]],[[11.685156858708446,47.10506387463397],[11.678568999979218,47.10496809712176],[11.678850069748059,47.095971692578495],[11.685436812079477,47.09606745389489],[11.685156858708446,47.10506387463397]],[[11.679131044219838,47.08697528321072],[11.672404408435522,47.091377354007186],[11.672545441718844,47.086879156862096],[11.679131044219838,47.08697528321072]],[[11.465073581083884,47.17816638762295],[11.478108936115364,47.18288019235542],[11.477793310908176,47.19187601973488],[11.464755770289885,47.18716218207296],[11.465073581083884,47.17816638762295]],[[11.484391594416444,47.191983418405606],[11.484076982156237,47.20097925661072],[11.477477578465558,47.20087183977251],[11.477793310908176,47.19187601973488],[11.484391594416444,47.191983418405606]],[[11.59464344042265,47.25222550955257],[11.587888767011426,47.25662252787825],[11.588037426275335,47.252124493073396],[11.59464344042265,47.25222550955257]],[[11.674058883607676,47.24890973447671],[11.667311236974733,47.25331145239976],[11.667453134962217,47.248813315014075],[11.674058883607676,47.24890973447671]],[[11.529045425557504,47.237704255100766],[11.522595519830732,47.233101485257095],[11.529199032570716,47.23320629008086],[11.529045425557504,47.237704255100766]],[[11.522595519830732,47.233101485257095],[11.516146735894498,47.22849834885891],[11.522749661587063,47.2286035270256],[11.522595519830732,47.233101485257095]],[[11.542558595457802,47.22891676827332],[11.535802571417795,47.23331071266286],[11.53595559146391,47.228812736735044],[11.542558595457802,47.22891676827332]],[[11.483289983655604,47.22346881857528],[11.476529737178392,47.227859253635124],[11.47668777784524,47.2233613563028],[11.483289983655604,47.22346881857528]],[[11.767208887818942,47.22772814234414],[11.753867884237929,47.23204395665942],[11.754002369516932,47.22754570537772],[11.767208887818942,47.22772814234414]],[[11.820035860050547,47.22844259993168],[11.813302974560258,47.2328529503665],[11.813432410857237,47.22835463065287],[11.820035860050547,47.22844259993168]],[[11.483604863292799,47.21447299967805],[11.47684579165538,47.21886345694259],[11.477003778615634,47.21436555558194],[11.483604863292799,47.21447299967805]],[[11.569571476959215,47.21133697369346],[11.562819938428197,47.21573252464222],[11.562970612509867,47.21123450569798],[11.569571476959215,47.21133697369346]],[[11.615778236867326,47.21204355091605],[11.609030445521551,47.216441836558204],[11.609177195893164,47.21194375762228],[11.615778236867326,47.21204355091605]],[[11.642470469878257,47.20344265559895],[11.609617297429704,47.19844950935505],[11.609910573869005,47.189453334568874],[11.64935711659993,47.19454425035822],[11.642470469878257,47.20344265559895]],[[11.497588241474782,47.192197069939155],[11.490833171917707,47.19658836422574],[11.490989904636978,47.19209043514115],[11.497588241474782,47.192197069939155]],[[11.662412866044026,47.199236956702144],[11.655813334433903,47.19913986285574],[11.65609876882144,47.19014357130235],[11.662697180088658,47.19024064872598],[11.662412866044026,47.199236956702144]],[[11.629995184225402,47.180755209656624],[11.623252558806376,47.185154347889984],[11.623398014987004,47.180656239195294],[11.629995184225402,47.180755209656624]],[[11.669861714360314,47.172344674336316],[11.663123470105763,47.17674617344818],[11.663265518522762,47.17224801158186],[11.669861714360314,47.172344674336316]],[[11.525058648002421,47.161133923039344],[11.525366068713875,47.15213794598855],[11.531959500668183,47.15224259138724],[11.531653198524767,47.16123858613809],[11.525058648002421,47.161133923039344]],[[11.525366068713875,47.15213794598855],[11.518926893203593,47.14753493690009],[11.525519739940282,47.147639955076386],[11.525366068713875,47.15213794598855]],[[11.571520634816975,47.15286244882347],[11.564927048358655,47.15276009342334],[11.565227655403465,47.14376400483218],[11.571820123594277,47.14386634292265],[11.571520634816975,47.15286244882347]],[[11.500239124082709,47.115731864184156],[11.520005773288089,47.11604902066724],[11.519697652562856,47.12504500396176],[11.546209857488636,47.12096458403797],[11.552194178848213,47.13906015464255],[11.486277025916808,47.138008242765444],[11.486747784105745,47.12451441314128],[11.500239124082709,47.115731864184156]],[[11.572119510741727,47.13487023093735],[11.565377920669293,47.13926595823991],[11.56552816043939,47.13476791015316],[11.572119510741727,47.13487023093735]],[[11.651217667937255,47.13606831919841],[11.638034394753577,47.135872453432555],[11.638322504523842,47.126876166099066],[11.651503542396894,47.127071998741904],[11.651217667937255,47.13606831919841]],[[11.652217804357624,47.10458117355628],[11.645630065748888,47.10448348929616],[11.645916717324015,47.095487166698476],[11.652503339596024,47.095584834440636],[11.652217804357624,47.10458117355628]],[[11.652788778024965,47.0865884904877],[11.646060006663163,47.09098900357074],[11.646203271711602,47.0864908392603],[11.652788778024965,47.0865884904877]]],[[[12.302755565845425,47.20234020241282],[12.296331375995468,47.193282591426986],[12.283131921762399,47.193161418136675],[12.282863514213652,47.206657765750705],[12.302755565845425,47.20234020241282]]],[[[12.17064209549686,47.20556580921871],[12.164140558660923,47.200999454251765],[12.164040982442227,47.20549813694278],[12.17064209549686,47.20556580921871]]],[[[12.408292632164683,47.207747479593706],[12.408056060144643,47.22124408785611],[12.427866165249005,47.22140357568345],[12.428020527295969,47.2124058116583],[12.408292632164683,47.207747479593706]]],[[[12.791162361927745,47.2147195493617],[12.78451264428959,47.21918687906161],[12.791116044843871,47.21921862811037],[12.791162361927745,47.2147195493617]]],[[[12.229770853497325,47.21965386683517],[12.229582770078219,47.228651327331185],[12.216374654574441,47.228522425129505],[12.216564982339051,47.219524986444426],[12.190348184992896,47.21026523667214],[12.209674871669971,47.23295611149913],[12.242698006323442,47.233277438342256],[12.256090997322653,47.22440579294424],[12.256458061778151,47.20641077141673],[12.236747544946112,47.20172276886602],[12.229958872984707,47.21065639888158],[12.236560710780646,47.21072025486163],[12.236373813097059,47.21971773362158],[12.229770853497325,47.21965386683517]],[[12.242883876961159,47.22427996010303],[12.243069684413465,47.215282474300565],[12.249672114733633,47.21534557119781],[12.249487429291866,47.224343067678426],[12.242883876961159,47.22427996010303]]],[[[11.619169732110597,47.31110057563625],[11.60564829055761,47.319897056628776],[11.612262811179928,47.31999705273649],[11.611675509759479,47.33798916839895],[11.644615674342376,47.342981636998104],[11.644327457424504,47.35197775695604],[11.657421686361443,47.35667095947322],[11.677279430235055,47.356960805810985],[11.65770769834602,47.34767481201774],[11.65813653364898,47.334180570297804],[11.625054866451395,47.33369003749948],[11.618584881891012,47.329092745934396],[11.619169732110597,47.31110057563625]]],[[[11.636985079805353,47.37436982647337],[11.630072881790433,47.383267308705506],[11.649796729438219,47.388059946371676],[11.650227915339158,47.37456580579895],[11.636985079805353,47.37436982647337]]],[[[11.709544597715489,47.3844249825918],[11.683476290931821,47.3705509529523],[11.682771751481367,47.393041391649035],[11.67600639866388,47.39744354829087],[11.748740448110492,47.40297575648907],[11.742794656995736,47.38039289435477],[11.709544597715489,47.3844249825918]]],[[[13.126848248007066,47.48577793612683],[13.153349271616603,47.4993203886692],[13.153411727538629,47.481324313779986],[13.173334864545673,47.476855297760196],[13.173362671467885,47.467857228070244],[13.199971318567515,47.44089755314048],[13.20001779497208,47.42290128647218],[13.186772420040873,47.41838568074899],[13.18682337885338,47.40038935934556],[13.206724158813063,47.39141539027455],[13.206746227772491,47.382417196635394],[13.180303479302768,47.36438774703575],[13.173764805644735,47.33738384246121],[13.120781596489032,47.346294583931225],[13.100923318114402,47.34625544822669],[13.094345099747832,47.33724342036746],[13.074467955760369,47.34169879859564],[13.061277108929957,47.33266951993666],[13.06805465891733,47.30119142824065],[13.05480318090606,47.305658736809335],[13.04809077099991,47.3236387095036],[13.008391415100624,47.323531739180815],[12.995303460407554,47.30099750518806],[12.955556440198581,47.30987039042718],[12.94239386616242,47.30082736765977],[12.889446614300429,47.305131799246254],[12.86968348567493,47.29605434112432],[12.823392334607624,47.2958558992171],[12.836363117599973,47.32290883648231],[12.856171445878362,47.32749297928331],[12.856089679963763,47.33649107795734],[12.829574182828473,47.34087586566591],[12.829358331234051,47.36337100645686],[12.82269312179739,47.367840489188055],[12.83589452784016,47.37239820075299],[12.835766578035052,47.38589524417157],[12.8555984986107,47.390479450975114],[12.855516537274257,47.39947747458412],[12.881981869876688,47.40408473687549],[12.89542301149629,47.38164142843627],[12.921882877595243,47.38623947417168],[12.921988808611825,47.37274234328421],[12.961724986469399,47.37287932218824],[12.961629218244088,47.38637648789712],[12.935063243284354,47.395284760797345],[12.934857928813608,47.422278934673216],[12.921600129649415,47.42223169726115],[12.921529382315345,47.43122972321576],[12.90823283065145,47.435679946561635],[12.941318409875379,47.44479704909022],[12.954679579925937,47.43134495777291],[12.967939698551545,47.431388364534484],[12.974631463487835,47.42241143569512],[12.954809740157721,47.41334885466448],[12.954907302024228,47.399851745938214],[12.981441979768318,47.39543792412293],[13.001232982110768,47.4089949658293],[12.994518303214049,47.42247250487426],[13.007720180097254,47.43150937198876],[13.00106149370978,47.435989194177424],[13.014322815605173,47.43602723000455],[13.014460079036514,47.413532031139155],[13.00126154643653,47.4044959172784],[13.007944230568999,47.39551700664774],[12.988097214470441,47.39095921627713],[12.988215881855998,47.37296297256805],[12.981593150181158,47.372942635141925],[12.981683790558584,47.35944542874749],[13.001603938447134,47.35050711443871],[13.014789033718085,47.35954325653453],[13.01470685817779,47.37304048780201],[13.041147618763704,47.382110020531655],[13.027820969154021,47.39557229063605],[13.034369355876594,47.40908712924022],[13.047673148552553,47.40012318720083],[13.067528751862401,47.40467063656078],[13.067574564870519,47.3956725010956],[13.07420017839984,47.39568786019347],[13.074155495505508,47.40468599826328],[13.087366556989977,47.41371370202526],[13.113897078155972,47.4092691830095],[13.120487620796025,47.41827999689801],[13.140373031964568,47.41831573173738],[13.140322912417743,47.43181292353263],[13.146953085431736,47.43182407042497],[13.146920789801431,47.44082218479061],[13.10709390741883,47.44974762243542],[13.10040111686363,47.46323127444821],[13.053986491999657,47.458627289214654],[13.053938303681994,47.46762533279293],[13.0473036505009,47.46760880044449],[13.047377625872896,47.45411173438686],[13.040744675974711,47.454094822208404],[13.047229637189737,47.48110583671725],[13.053841877613486,47.485621380017285],[13.087047815814287,47.48119929258374],[13.093642765406962,47.49021154928537],[13.126848248007066,47.48577793612683]],[[12.954809740157721,47.41334885466448],[12.948148854104396,47.41782561146423],[12.948181951202361,47.41332658303434],[12.954809740157721,47.41334885466448]],[[13.09368419221474,47.481213523751734],[13.060502347556708,47.481138525595924],[13.053914203345604,47.47212434963194],[13.100360851394731,47.47222932923989],[13.09368419221474,47.481213523751734]],[[13.140256046378077,47.449809135910996],[13.133606322654636,47.454296645419134],[13.13362361248365,47.44979760122797],[13.140256046378077,47.449809135910996]],[[13.173418256787892,47.44986104922299],[13.166771350624872,47.45435048333512],[13.166785809569696,47.44985143457511],[13.173418256787892,47.44986104922299]],[[13.193352182474372,47.4363904145592],[13.186721426383583,47.43638195409085],[13.186746927570063,47.427383823537895],[13.193376552169036,47.4273922825694],[13.193352182474372,47.4363904145592]],[[13.173487685004952,47.42736575393818],[13.166843620638891,47.431855207840044],[13.166858067231844,47.42735614337039],[13.173487685004952,47.42736575393818]],[[13.100823074708963,47.36875094899269],[13.153801111014783,47.36884768670168],[13.16037843384327,47.38235534903084],[13.133848111645747,47.391309745803284],[13.133813605749763,47.40030791015387],[13.107308786826254,47.40025797797497],[13.100762887606182,47.382248217248616],[13.094138953863904,47.382234396124694],[13.100823074708963,47.36875094899269]],[[13.080869333654364,47.38670468359741],[13.067597465510302,47.391173429047406],[13.067620362241898,47.386674354158856],[13.080869333654364,47.38670468359741]],[[13.18027691023977,47.37338595711058],[13.173640218457667,47.37787583995846],[13.173654070931441,47.37337673978231],[13.18027691023977,47.37338595711058]],[[13.054659403303843,47.33265341273834],[13.048017160872794,47.33713602510979],[13.04804170176466,47.332636922381326],[13.054659403303843,47.33265341273834]],[[12.8761399262655,47.31407744110228],[12.869484892769451,47.318549677234515],[12.869524624883029,47.31405061471268],[12.8761399262655,47.31407744110228]]],[[[12.481047099384508,47.608758677180816],[12.45436324485358,47.613056205442625],[12.447938770885255,47.599509043477596],[12.461390382987975,47.59061380583372],[12.461614927866494,47.577117800734364],[12.441823749129906,47.567966839488975],[12.40194248268085,47.56764924088188],[12.402182181739796,47.55415329555695],[12.415629931893848,47.54526333913501],[12.402501589182519,47.53615864745362],[12.375930258980459,47.53593934897723],[12.395617496899819,47.54960037775647],[12.36231163796269,47.55382192814691],[12.362061708543882,47.567317789255135],[12.37535524392521,47.56742981233931],[12.37494409700558,47.589922881752805],[12.30827262366823,47.59834423228393],[12.314573468548602,47.61639772276543],[12.241392383534118,47.615723826678305],[12.241204871991858,47.62472077340854],[12.301090419437257,47.62527570323455],[12.367299453820845,47.64384992260362],[12.37403833382816,47.63940726761377],[12.374367899724541,47.62141300539383],[12.367714296020647,47.62135712947908],[12.367548401784354,47.63035425984514],[12.35423895807235,47.630241333310124],[12.354407131325882,47.621244222077095],[12.374450255918331,47.61691442900209],[12.368211637901783,47.59436563588591],[12.38824337606716,47.59003341243713],[12.401382706046963,47.599139639616595],[12.407477070897375,47.63068379325656],[12.446949258859796,47.65799107076829],[12.440060570560588,47.6714351299842],[12.413262383218532,47.680221623447274],[12.399699343279869,47.69360957279093],[12.43967635036521,47.69392792574702],[12.439983752875827,47.67593369846162],[12.460190859872895,47.66259185711759],[12.460340980168908,47.653594662087016],[12.447101634981811,47.648993884036955],[12.48046101351727,47.64474780647613],[12.494207186855316,47.61785424679106],[12.500860472249235,47.61790279973665],[12.500717394239745,47.62690011570753],[12.533920992414219,47.63163581445246],[12.553886227808768,47.63177341938922],[12.554020212918546,47.622776048557945],[12.56732814799797,47.62286584352815],[12.567196442301567,47.63186322957848],[12.580506701933905,47.631951498610356],[12.587033517929473,47.64099244618299],[12.600535183239517,47.62758230315358],[12.60706490378605,47.636622121733936],[12.600409154584922,47.63657971744065],[12.600283082729174,47.64557711422348],[12.633567636480146,47.645785317689715],[12.626789152540086,47.654741855207526],[12.606877490435691,47.650118221056836],[12.613411106125326,47.659157635132026],[12.600030809325276,47.66357185439089],[12.62648508972142,47.677235294783245],[12.639866643821467,47.67281801179582],[12.633266530494048,47.66827881985666],[12.640164948344323,47.65032451503157],[12.66679509924824,47.65048261247621],[12.679997788717195,47.65955680068041],[12.67977278228791,47.67755165049304],[12.686378083611581,47.68208816380036],[12.746383260650358,47.67791238829114],[12.706740618575223,47.65070819562224],[12.686823453873734,47.646098402572406],[12.686990310313496,47.6326021683047],[12.700300941062643,47.63267656659001],[12.700409851415388,47.623679042702754],[12.680447338968388,47.62356688632803],[12.693865683606646,47.614644507716605],[12.674076691199529,47.60103490979197],[12.674246677066225,47.587538567399896],[12.6610052939547,47.58296236989707],[12.661120825277404,47.573964792979844],[12.681120510202891,47.56958150454519],[12.694579846931056,47.55616012888658],[12.721215075240222,47.55180679464449],[12.734402380036926,47.560874917564206],[12.720952002076633,47.574300948588814],[12.720846709756131,47.58329858247941],[12.727495802325544,47.58333401468986],[12.720688703658501,47.59679500295949],[12.727339503494226,47.5968304441789],[12.7271309801011,47.61482562567622],[12.747039821831617,47.619428467984775],[12.75349392090054,47.63745752674497],[12.766854639147752,47.633025439466955],[12.766757093783925,47.642023005124095],[12.793476357828185,47.63315419984826],[12.806877938031024,47.6242186527707],[12.806968579639419,47.61522102027067],[12.780308318228,47.619594192755706],[12.780403501489301,47.610596573068975],[12.767098356348923,47.61053144985039],[12.767000894522006,47.61952905849705],[12.76034719514518,47.61949591354215],[12.760495084133526,47.60599950268155],[12.78054621525281,47.59710011209617],[12.767536521681889,47.57004200612902],[12.780831422924683,47.57010707969431],[12.821024820919183,47.538800902876886],[12.834311890798386,47.53885978371491],[12.834526345830165,47.51636524487215],[12.821288957497167,47.51180747522737],[12.814827049517545,47.49378179263687],[12.834783449952706,47.489371679131565],[12.841505262865944,47.48040262764767],[12.861332708120624,47.48948471973953],[12.881283581658085,47.485066508951],[12.888073461186135,47.46709678534342],[12.868209881263617,47.46251825779242],[12.868289773651169,47.453520310738014],[12.801870882548378,47.462228118237995],[12.795329374039278,47.45319909920645],[12.748850382974947,47.45746942745017],[12.695894137167683,47.448187293039766],[12.696058044817379,47.43469055068919],[12.716054905665338,47.42580214297716],[12.769137369183289,47.421578125978954],[12.775670469322387,47.430608684550215],[12.815449824234886,47.430796483844674],[12.802235566100952,47.42623644992142],[12.802417721180458,47.40824054123424],[12.782583751415393,47.40364712917305],[12.782678156767311,47.394649167129984],[12.776052806358225,47.394616929469805],[12.776148309098227,47.385618961381276],[12.789443368622504,47.381184048536895],[12.783243913137452,47.34066116096292],[12.756818996672035,47.33603103548532],[12.756966992908788,47.32253400063039],[12.776863542495601,47.31813385617831],[12.777006369916966,47.304636767132614],[12.671182389012097,47.304069757829254],[12.66468278291609,47.29503309632557],[12.618332401764675,47.29925053245973],[12.611842423311556,47.290210861237256],[12.591942698106685,47.294582276329685],[12.591816001169882,47.303580168479186],[12.479382983735496,47.30279219439998],[12.466303879301844,47.29369447448991],[12.433241761554164,47.293437872019226],[12.433011176942864,47.30693441610942],[12.419627003467518,47.31582673497007],[12.393326938461966,47.30661377837237],[12.393567652966368,47.29311731568765],[12.373812680266893,47.28845305788532],[12.360423232647515,47.297338457497965],[12.353977622160908,47.288284180517415],[12.340754321058132,47.288169681687656],[12.308221153339309,47.260884112837275],[12.248655567140323,47.264831705097045],[12.242233053081325,47.25577109940804],[12.20258849448955,47.25538419643892],[12.183060617973519,47.24168953883511],[12.163243763105008,47.24148753181515],[12.136719553226577,47.245711477613064],[12.136413525479561,47.25920739239516],[12.103374890305838,47.258855298217036],[12.097083353612359,47.245287924510734],[12.110399569869179,47.24093202003493],[12.110607957433446,47.23193477680531],[12.143731196681214,47.22778612637414],[12.164040982442227,47.20549813694278],[12.117730152164789,47.20951237048009],[12.1114407995853,47.195945727808926],[12.085147828762922,47.19116042173847],[12.092803132639574,47.14624636103378],[12.053241662208404,47.1458075629877],[12.040274601774094,47.136661064487875],[12.05378580502598,47.12331454267614],[12.047413731788964,47.114242900289476],[12.020832397957067,47.122938539472564],[12.014466006116146,47.113865053253704],[12.001287048283494,47.11371124406345],[12.000834035073197,47.13170546865585],[11.981059036562508,47.13147181476389],[11.980829059912864,47.140468879464116],[11.954458195960104,47.140151944925734],[11.947629881858095,47.14906874897829],[11.934442371873478,47.14890720111144],[11.934085393357913,47.16240263671868],[11.927489990101654,47.16232126956355],[11.920413874208784,47.18023335754729],[11.887426071032385,47.17981874531519],[11.893533567497887,47.19789612982875],[11.900133348275686,47.197979462402785],[11.899767294171488,47.21147473854707],[11.939376500404476,47.21196683544092],[11.945505447875627,47.230041383102005],[11.932178432922479,47.23437803780099],[11.931700882015315,47.252371812411475],[11.938188640581288,47.25695138018957],[11.918005302352244,47.270202105608796],[11.923532672110277,47.31076974283016],[11.903447095903037,47.3195194205132],[11.8771115818238,47.31468621220439],[11.883231140977962,47.332763906711],[11.88984775502284,47.33284783409934],[11.888614961981045,47.377831250034504],[11.868498075262995,47.3865747112144],[11.861371851741907,47.40448269706949],[11.88162076992096,47.39124220000775],[11.941355938996425,47.387486197444304],[11.941593720769141,47.37848943659013],[11.948216157813338,47.37856998475757],[11.94206904117715,47.360495880530564],[11.948807437679624,47.35607799860902],[11.9750541657345,47.36539307958805],[11.967733659251563,47.39230454714213],[11.974357869616252,47.392383581873084],[11.97400945433209,47.405878793422886],[11.967266806934086,47.41029812972879],[11.901003224665983,47.409486416782116],[11.907507643030517,47.414067640594546],[11.907020045092452,47.432060914645554],[11.933297218226198,47.44138548071415],[11.932937964982175,47.454880466179375],[11.946202030839695,47.45504217842019],[11.945964690339418,47.46403884607294],[11.999259096767908,47.45567367025936],[12.00566416626679,47.464747666693285],[12.038831225171643,47.465128015831674],[12.038609657470898,47.47412485430539],[12.058622612470336,47.46985005704915],[12.006572310838356,47.42876043670256],[12.006912545507594,47.41526517226477],[12.033976642279812,47.39307763777657],[12.020840038281492,47.38842763181013],[12.021064275215046,47.379430711604435],[12.060691872053829,47.38437914578408],[12.046345682567082,47.42921539540454],[12.059385751979134,47.43836090759184],[12.119057578221108,47.43901064432423],[12.106111952024255,47.42537341745818],[12.106321799946773,47.41637638320982],[12.126410530526286,47.40759118396632],[12.120302675514525,47.38502822283741],[12.113679180934604,47.38495763693565],[12.120717141998401,47.36703398745903],[12.146999583118298,47.37630957278935],[12.146391115058448,47.40330101538187],[12.13966325484845,47.40773049747607],[12.146289643167348,47.407799578809794],[12.146086647447186,47.416796696556816],[12.172497630477817,47.42156780919163],[12.17942184248775,47.408139231207144],[12.205927905436601,47.40840404791153],[12.212746091131233,47.39947204978506],[12.225996994573263,47.399601367208355],[12.239060853375262,47.40872643712451],[12.232057560572096,47.4266572420512],[12.245129172237027,47.43578158319417],[12.284999380594654,47.431655017137956],[12.284730236376967,47.44515098823902],[12.297992792474938,47.445271969404],[12.298701157161927,47.40928256851442],[12.318668316149793,47.404962335947545],[12.338462043284839,47.40963605866355],[12.338121548250207,47.42763090384111],[12.331406710336422,47.43207162696711],[12.33803638816973,47.43212960739923],[12.337866024396542,47.44112700503892],[12.364306465060507,47.445853840542846],[12.371184993436252,47.432413752261176],[12.391154961807812,47.42808089163494],[12.404651887432415,47.4146932794747],[12.384850402809997,47.410031007475695],[12.385012653172067,47.40103349983603],[12.41143721529337,47.40574948119762],[12.39834431080733,47.39664410334717],[12.405683687050889,47.35620913165179],[12.41238262868612,47.351764008045585],[12.432164691315814,47.35642155615327],[12.438325972381861,47.38346658197705],[12.444949655184262,47.38351837291337],[12.464300500781354,47.41516312755893],[12.450894135071517,47.42405898236279],[12.450667497892166,47.437555328457684],[12.430698835689078,47.44189856026399],[12.403777036933596,47.464179467936006],[12.409698921230557,47.50472170006288],[12.449532568811968,47.50503661615086],[12.502858429915369,47.49193868293311],[12.509919306939473,47.46499402404044],[12.596351691340203,47.45208690151886],[12.649352938508914,47.45691616143451],[12.642660648787224,47.46137507982023],[12.642423734626485,47.479370546826345],[12.629151927759946,47.47928944704853],[12.622394121308808,47.48824601333885],[12.602483119562287,47.48812030838789],[12.595972592816612,47.479079974288574],[12.556091127264319,47.48331474018135],[12.56259533085195,47.49235733194307],[12.602357757695172,47.49711796570393],[12.608747298260878,47.515155545284564],[12.615387701786762,47.51519746823674],[12.608498544853916,47.53315077372882],[12.561867738309061,47.541843985801414],[12.55529078555192,47.53730019995064],[12.562330910049413,47.51035252964659],[12.542479523069167,47.5057176097741],[12.475941588582938,47.51423635346089],[12.47579453277394,47.523233819317596],[12.462437273575983,47.52763214447897],[12.46863417085664,47.55467479777879],[12.50822273386391,47.57296409501455],[12.508081038157247,47.58196150234974],[12.528027341653965,47.58210359819828],[12.541188882036987,47.59119383508569],[12.54132493666552,47.58219640414209],[12.554689450446164,47.57778894109014],[12.56153656166436,47.564337769679746],[12.601290449185312,47.57359746223716],[12.601101778165933,47.58709372818193],[12.56772299446554,47.595873583185664],[12.554221104528983,47.60927996016301],[12.54091663296776,47.60918864751841],[12.534470326831743,47.59564632216123],[12.507797501163001,47.59995626820569],[12.508010172110977,47.586460199956996],[12.501360859505095,47.58641206075135],[12.494567514449711,47.595360903167794],[12.481266674614716,47.595262683353766],[12.481047099384508,47.608758677180816]],[[12.72754788409802,47.578835196747455],[12.75419186462045,47.5744742307476],[12.75404244609714,47.587970719598246],[12.740692099992161,47.59240135981465],[12.740794014117778,47.58340372425547],[12.72754788409802,47.578835196747455]],[[12.419627003467518,47.31582673497007],[12.412933227489322,47.320272302862016],[12.413011830877904,47.31577347779248],[12.419627003467518,47.31582673497007]],[[12.110607957433446,47.23193477680531],[12.104108362975714,47.227365010474145],[12.11071212464583,47.2274361522414],[12.110607957433446,47.23193477680531]],[[12.391235583851632,47.42358214685635],[12.384688097075571,47.41902850308135],[12.391316192138152,47.41908339898699],[12.391235583851632,47.42358214685635]],[[12.384688097075571,47.41902850308135],[12.378141740907086,47.41447448184169],[12.384769256866097,47.41452975679656],[12.384688097075571,47.41902850308135]],[[12.649470182483604,47.4479183947651],[12.656102146759503,47.447957960707484],[12.65621821888063,47.438960174483434],[12.676054441792317,47.44357545335619],[12.675829011551922,47.46157103948279],[12.655927964233538,47.46145461587752],[12.649470182483604,47.4479183947651]],[[12.649470182483604,47.4479183947651],[12.642897401144861,47.44337956007228],[12.649528789457186,47.44341950659669],[12.649470182483604,47.4479183947651]],[[12.534333063784256,47.604643720572064],[12.527612208047692,47.609095794384544],[12.527681426604184,47.60459710539424],[12.534333063784256,47.604643720572064]],[[12.71323811370143,47.66424066222137],[12.70652481874391,47.66870313221163],[12.706578782577704,47.66420440484182],[12.71323811370143,47.66424066222137]],[[12.626728360827961,47.65924055220411],[12.620008355468629,47.6636979754005],[12.620069728216519,47.6591992864144],[12.626728360827961,47.65924055220411]],[[12.48082741130993,47.62225463305488],[12.474099769371028,47.626703559542314],[12.474173593586823,47.62220492035965],[12.48082741130993,47.62225463305488]],[[12.600661168715158,47.6185848715837],[12.5939441527254,47.623040810771705],[12.594007709789944,47.61854209646506],[12.600661168715158,47.6185848715837]],[[12.63404886969128,47.60979548531936],[12.580765510114974,47.61395667941713],[12.580894847720405,47.60495924427705],[12.654239586990336,47.59192064231071],[12.654122838098491,47.60091818001946],[12.640879837146661,47.596339674769744],[12.63404886969128,47.60979548531936]],[[12.634289239103412,47.591800467249506],[12.607751262531036,47.587136092968976],[12.61458601548787,47.57368178540612],[12.641117807083443,47.578344593655515],[12.634289239103412,47.591800467249506]],[[12.408192398573208,47.590196321210755],[12.401462715211695,47.594641023505346],[12.401542710679172,47.59014240325486],[12.408192398573208,47.590196321210755]],[[12.501789285851206,47.55941983938219],[12.495071455150352,47.563870049274946],[12.495143397407077,47.55937133988187],[12.501789285851206,47.55941983938219]],[[12.741608072551069,47.51142207697631],[12.768216772141718,47.5070577979396],[12.774664345768189,47.52508606212883],[12.787947899704045,47.52515031150844],[12.787807279775858,47.53864696966915],[12.774424259716644,47.54758044642059],[12.7544904715875,47.54748114629234],[12.761282543721494,47.53401802840684],[12.734813884057807,47.52488408521488],[12.741608072551069,47.51142207697631]],[[12.495646648743037,47.52788026614107],[12.508789032001921,47.536974308119326],[12.49543104338058,47.54137646346565],[12.495646648743037,47.52788026614107]],[[12.80782812843201,47.52974269925513],[12.801140018290658,47.5342108092075],[12.801185755904369,47.52971191783012],[12.80782812843201,47.52974269925513]],[[12.641771385031365,47.52885779472364],[12.635189160077237,47.524318580010984],[12.6418307402463,47.52435897200558],[12.641771385031365,47.52885779472364]],[[12.628547590153628,47.524277803499785],[12.628668540334838,47.51528016079386],[12.635308975163108,47.51532093039699],[12.635189160077237,47.524318580010984],[12.628547590153628,47.524277803499785]],[[12.655288530659405,47.51094209206605],[12.648589875443296,47.51540131624796],[12.648648632811419,47.51090247917586],[12.655288530659405,47.51094209206605]],[[12.701822297425124,47.50670975184188],[12.688432814291627,47.51563324689637],[12.688543510569586,47.50663552985993],[12.701822297425124,47.50670975184188]],[[12.735173488524133,47.49339191330828],[12.728587650403282,47.48885803249126],[12.735224825472983,47.48889301744589],[12.735173488524133,47.49339191330828]],[[12.721950484202571,47.48882266326885],[12.722055399016822,47.47982487311807],[12.728691431603629,47.47986023634845],[12.728587650403282,47.48885803249126],[12.721950484202571,47.48882266326885]],[[12.728795177344079,47.4708624265951],[12.722107842980167,47.47532597292452],[12.722160277984054,47.47082706935559],[12.728795177344079,47.4708624265951]],[[12.828319676762892,47.47134668824971],[12.821640718359719,47.47581603823641],[12.821684654661173,47.47131709315219],[12.828319676762892,47.47134668824971]],[[12.45028951123107,47.460049174857886],[12.436946141057328,47.46444457852656],[12.437022909628036,47.45994582781063],[12.45028951123107,47.460049174857886]],[[12.437176407445666,47.45094831648145],[12.430466950052804,47.45539482864003],[12.430544258462692,47.45089607575904],[12.437176407445666,47.45094831648145]],[[12.636206284051553,47.44783811098484],[12.629514034957097,47.45229626785509],[12.629574350088582,47.44779739314871],[12.636206284051553,47.44783811098484]],[[12.589782965938689,47.44754502294416],[12.583151106086515,47.447501617387275],[12.583279627940524,47.43850390845403],[12.589910356025921,47.438547306659565],[12.589782965938689,47.44754502294416]],[[12.351127686245716,47.44124183389078],[12.357842030744518,47.43679996072284],[12.357758538743115,47.44129867248879],[12.351127686245716,47.44124183389078]],[[12.357842030744518,47.43679996072284],[12.36455524389118,47.432357690932726],[12.364472331769383,47.436856410653974],[12.357842030744518,47.43679996072284]],[[12.577425903831692,47.38447365937131],[12.517880758610062,47.37956390676122],[12.518159674616786,47.36156845288967],[12.610793041096548,47.36669285779204],[12.623854398188824,47.38027285265925],[12.650348237647489,47.38043475028676],[12.670388984056004,47.36705530970223],[12.696876325486812,47.36720643150311],[12.696767342332492,47.376204351384644],[12.703390329922707,47.376241179606446],[12.683298799910396,47.3941253255451],[12.650114309298791,47.398430454249365],[12.643370421113639,47.407388369411855],[12.577425903831692,47.38447365937131]],[[12.279001246483654,47.40010329405049],[12.292341477401365,47.39572625018036],[12.292252465145674,47.40022493999391],[12.279001246483654,47.40010329405049]],[[12.292697374659573,47.377731461876365],[12.299320183673233,47.37779168397957],[12.29949691271512,47.36879426258864],[12.319362043983334,47.36897259817075],[12.325897684100664,47.37353000880337],[12.325553137353495,47.3915249092337],[12.292341477401365,47.39572625018036],[12.292697374659573,47.377731461876365]],[[12.252868504295948,47.38186074759494],[12.24615232070175,47.38629649818471],[12.246245239040976,47.38179783625557],[12.252868504295948,47.38186074759494]],[[12.199979684430144,47.376848093958785],[12.180309062275,47.36765179602725],[12.180506037417501,47.35865455696395],[12.193746617394558,47.35878760862206],[12.199979684430144,47.376848093958785]],[[12.70360600191811,47.358245316511365],[12.769813795726265,47.35859239112218],[12.762997620563363,47.37655537814353],[12.72983068844762,47.380883629029455],[12.703444261712297,47.37174221791834],[12.70360600191811,47.358245316511365]],[[12.008158584213671,47.36578230334065],[12.00142391780583,47.37020367578105],[12.001537661558173,47.36570522516552],[12.008158584213671,47.36578230334065]],[[12.385580093790969,47.36954213151316],[12.372254220207004,47.37393005780701],[12.372336370269984,47.36943129178551],[12.385580093790969,47.36954213151316]],[[12.04137382545924,47.36166345275636],[12.034642466752526,47.36608678311421],[12.034753371303465,47.36158829741412],[12.04137382545924,47.36166345275636]],[[12.306206385982533,47.36435537121703],[12.299585254642734,47.36429554772932],[12.299761893330562,47.35529810982078],[12.306381896656484,47.355357923181465],[12.306206385982533,47.36435537121703]],[[12.485127323811678,47.35682800748597],[12.471739281644334,47.365726374520236],[12.471886589613352,47.35672869438385],[12.485127323811678,47.35682800748597]],[[12.008384885757549,47.35678538071408],[12.015117257964548,47.35236359069551],[12.015004699879997,47.35686206261711],[12.008384885757549,47.35678538071408]],[[12.015117257964548,47.35236359069551],[12.021848502728739,47.347941401826915],[12.021736527497598,47.35243988291351],[12.015117257964548,47.35236359069551]],[[12.246802416535775,47.35480580572243],[12.240089164832295,47.35924121636],[12.240182552103557,47.35474254307847],[12.246802416535775,47.35480580572243]],[[12.074691362615217,47.35303642542437],[12.061452542037404,47.35288958902488],[12.061778265771318,47.33939402358713],[12.06839597601684,47.33946761470392],[12.074691362615217,47.35303642542437]],[[12.12154522778068,47.33104538496075],[12.141293757913665,47.33575323161537],[12.140886548930963,47.35374761457086],[12.127647369770898,47.3536084424963],[12.12154522778068,47.33104538496075]],[[12.002106089644753,47.34321293075302],[11.995373794713917,47.347633959809315],[11.99548800515562,47.343135502060456],[12.002106089644753,47.34321293075302]],[[12.174083808233297,47.349590217644405],[12.167464687904582,47.34952274507216],[12.167663783380547,47.34052550723659],[12.174281776434725,47.34059296838835],[12.174083808233297,47.349590217644405]],[[12.379284429139073,47.35149179308305],[12.372664830522515,47.35143620036109],[12.372828976699243,47.34243863863142],[12.379447447796794,47.34249422194241],[12.379284429139073,47.35149179308305]],[[12.273553641728927,47.34155890859694],[12.266844320871236,47.345995897112005],[12.266935405847882,47.34149719462755],[12.273553641728927,47.34155890859694]],[[12.584626462770126,47.344027243294484],[12.577943016369783,47.348482451946595],[12.578007605868368,47.343983538980666],[12.584626462770126,47.344027243294484]],[[12.022072395964114,47.33894443164045],[12.028801348447157,47.33452182592384],[12.028689993825527,47.33902032139085],[12.022072395964114,47.33894443164045]],[[12.028801348447157,47.33452182592384],[12.035529174235393,47.3300988217296],[12.035418401881826,47.334597326182845],[12.028801348447157,47.33452182592384]],[[12.095078422852874,47.33076102963726],[12.088461766386473,47.330688983170745],[12.08867424363709,47.32169186670506],[12.115032494534423,47.3264762895559],[12.108102620427422,47.339901116013735],[12.094866999989565,47.339758148042996],[12.095078422852874,47.33076102963726]],[[12.300026738501526,47.341801932896445],[12.286968901993518,47.33268374316759],[12.30020322675318,47.33280446856044],[12.300026738501526,47.341801932896445]],[[12.286968901993518,47.33268374316759],[12.280441674101825,47.32812408520304],[12.287058250326583,47.32818501738409],[12.286968901993518,47.33268374316759]],[[12.326758023880194,47.328542566124526],[12.34652383179772,47.33321493981477],[12.346355233080958,47.34221247364438],[12.333118447078688,47.34209709212215],[12.326758023880194,47.328542566124526]],[[12.194233124675224,47.33629440753137],[12.187615644834757,47.33622810140293],[12.187811258458778,47.32723081392061],[12.194427611574627,47.32729710882628],[12.194233124675224,47.33629440753137]],[[12.617843290902611,47.33524213961717],[12.611163758403343,47.33969929471643],[12.611225507774726,47.335200358437646],[12.617843290902611,47.33524213961717]],[[11.929787425251035,47.3243465554179],[11.923051485812334,47.32876333407969],[11.923171813117017,47.32426494006839],[11.929787425251035,47.3243465554179]],[[12.247359024592267,47.3278136784155],[12.240649249834748,47.332249136891456],[12.240742541684428,47.32775044789094],[12.247359024592267,47.3278136784155]],[[12.399542296127331,47.3291622549448],[12.38622776875089,47.33355183120896],[12.38630866606025,47.32905303195111],[12.399542296127331,47.3291622549448]],[[12.452477352196302,47.32958382350445],[12.439167119576213,47.33397956535813],[12.439243509343644,47.32948072989519],[12.452477352196302,47.32958382350445]],[[12.478945190968243,47.32978541360791],[12.472254639936912,47.334234447762086],[12.47232821238174,47.329735590724155],[12.478945190968243,47.32978541360791]],[[12.042366045022812,47.32117690326375],[12.03563992772292,47.325600314707486],[12.035750662349225,47.32110180514407],[12.042366045022812,47.32117690326375]],[[12.148214653929259,47.322326387467726],[12.134881041180842,47.326686665311776],[12.134983328598656,47.32218806381582],[12.148214653929259,47.322326387467726]],[[12.174677510538665,47.322598438758604],[12.161346013508501,47.3269618038997],[12.161446048164843,47.32246317911928],[12.174677510538665,47.322598438758604]],[[12.207756459546268,47.322929885226976],[12.201043981250045,47.32736302068924],[12.201140636634076,47.32286436195394],[12.207756459546268,47.322929885226976]],[[12.346776622192126,47.319718620067],[12.340076226662104,47.32415991610142],[12.340161038988077,47.319661145220024],[12.346776622192126,47.319718620067]],[[12.465859480276665,47.32068767167492],[12.459168979559156,47.325135944658406],[12.45924365349737,47.320637091165224],[12.465859480276665,47.32068767167492]],[[12.135187851181847,47.31319085333714],[12.115448296082725,47.30848193985702],[12.122372185905299,47.29505661855828],[12.148720200837511,47.2998332844492],[12.135392304124782,47.30419363305961],[12.135187851181847,47.31319085333714]],[[12.201430504040129,47.309368370863254],[12.19471921773009,47.31380114188328],[12.194816386680516,47.30930248130963],[12.201430504040129,47.309368370863254]],[[12.247637115353925,47.31431758033076],[12.241022321913427,47.31425436585879],[12.241208762673324,47.30525696558711],[12.247822430281376,47.30532016935999],[12.247637115353925,47.31431758033076]],[[12.624764040106212,47.31278878370445],[12.61808792964357,47.317246355366414],[12.618149063287806,47.31274740319495],[12.624764040106212,47.31278878370445]],[[11.990016605595406,47.298073037076016],[12.003014568110455,47.307225123083285],[11.989787428677415,47.30706998763497],[11.990016605595406,47.298073037076016]],[[12.003128040923857,47.30272663588085],[12.00985396784689,47.29830512666499],[12.009741076960497,47.30280362278856],[12.003128040923857,47.30272663588085]],[[12.181686479757998,47.30467090172276],[12.168360083626363,47.309035093978146],[12.1684594873484,47.30453645361509],[12.181686479757998,47.30467090172276]],[[12.06936708182058,47.29898072377731],[12.062646049092878,47.303405735761714],[12.062754438914405,47.298907188689086],[12.06936708182058,47.29898072377731]],[[11.950696152390634,47.28410319915491],[11.957306781520458,47.28418322161308],[11.957072098128448,47.29318011962792],[11.950460344334605,47.29310008362658],[11.950696152390634,47.28410319915491]],[[11.957541385051414,47.27518631439296],[11.964150909853501,47.27526594068074],[11.963917430614353,47.28426286137671],[11.957306781520458,47.28418322161308],[11.957541385051414,47.27518631439296]],[[12.00335492860842,47.293729654282984],[11.996743037003364,47.29365229763216],[11.997084910706674,47.28015682729995],[12.003695115353606,47.280234164316546],[12.00335492860842,47.293729654282984]],[[12.155534048019828,47.290904573195256],[12.148821258585713,47.29533465663741],[12.14892229913302,47.29083602648718],[12.155534048019828,47.290904573195256]],[[12.11596764996137,47.28598894840135],[12.109252170265355,47.290416708049044],[12.10935656808216,47.28591811106975],[12.11596764996137,47.28598894840135]],[[12.168757596997171,47.29104051828515],[12.175468170515055,47.28660926119564],[12.175369396896379,47.29110791666408],[12.168757596997171,47.29104051828515]],[[12.175566927324223,47.28211060344601],[12.18878832787281,47.282244229246736],[12.202202760391353,47.273378956977176],[12.195301983362455,47.28680914273515],[12.175566927324223,47.28211060344601]],[[12.314307892620105,47.287936090670115],[12.300996680335869,47.29231575618249],[12.301084766815737,47.28781699850248],[12.314307892620105,47.287936090670115]],[[12.056577438937087,47.280839084045795],[12.049857642065938,47.28526335233161],[12.049967082647214,47.28076480846752],[12.056577438937087,47.280839084045795]],[[12.050185907948773,47.27176771397225],[12.043466729099608,47.27619161039173],[12.04357669450835,47.27169306834179],[12.050185907948773,47.27176771397225]],[[12.10316516624555,47.267852504596675],[12.096450917797231,47.2722795199143],[12.096556368598486,47.26778092603387],[12.10316516624555,47.267852504596675]],[[11.997426609929935,47.26666133653874],[11.977601170888658,47.266427088929284],[11.977832244206727,47.257430123741294],[11.991046936943983,47.25758664489902],[11.997426609929935,47.26666133653874]],[[12.050732645568566,47.24927493954355],[12.044016369111407,47.253698878312676],[12.044126241028057,47.24920032548558],[12.050732645568566,47.24927493954355]],[[11.991961463814283,47.221598595074084],[11.985702907519403,47.2080250473621],[12.005732594456406,47.199260821621195],[12.018820945080734,47.20391266257618],[12.018597070487894,47.21290975428395],[12.05149729764433,47.21778496907611],[12.070874737134721,47.23600074098557],[12.064269961354833,47.235927292954635],[12.064053679054407,47.244924446539784],[12.044236094260597,47.244701770585564],[12.011770177002557,47.22183035107705],[11.991961463814283,47.221598595074084]],[[11.998223230333954,47.23517178282194],[11.991504355879696,47.239592636170556],[11.991618662007305,47.235094128862194],[11.998223230333954,47.23517178282194]],[[12.09729402217351,47.236290709425006],[12.090583287156344,47.24071739333522],[12.090689173816648,47.23621879087092],[12.09729402217351,47.236290709425006]],[[12.097504619106992,47.22729348639693],[12.084297185154991,47.22714929131865],[12.084616312044373,47.21365347895891],[12.09121833717567,47.2137257493064],[12.097504619106992,47.22729348639693]],[[12.111024520058196,47.213940267083004],[12.104422441277825,47.21386914336999],[12.104631737860748,47.204871889350215],[12.111232695190914,47.20494300103001],[12.111024520058196,47.213940267083004]],[[12.045333600007714,47.19971611362256],[12.03202240156605,47.20406443942004],[12.032133189286354,47.199565878012535],[12.045333600007714,47.19971611362256]]],[[[11.635245462492383,47.42834602485332],[11.65498664353142,47.43313773797424],[11.655416870118312,47.41964366542809],[11.6355356460152,47.41935002296463],[11.635245462492383,47.42834602485332]]],[[[13.001090087312202,47.43149016375215],[12.987889351533768,47.4224525322848],[12.981199838636778,47.43143023582671],[13.001090087312202,47.43149016375215]]],[[[12.895084604542586,47.42213261685414],[12.868329709611228,47.44902133234959],[12.901490977560998,47.4491519656951],[12.895084604542586,47.42213261685414]]],[[[11.70180724452764,47.42031540463603],[11.66838660895085,47.42883359342494],[11.668101978822582,47.43782966487056],[11.648213825848064,47.43753822542557],[11.64792570590201,47.44653423434175],[11.667674851433931,47.451323747239904],[11.681643238146593,47.429025935096185],[11.70815678477819,47.42940601419135],[11.70180724452764,47.42031540463603]]],[[[11.615067397076851,47.43704481823942],[11.607848275605267,47.45493678913193],[11.647637487586081,47.455530229838025],[11.641295239745691,47.44643630380013],[11.615067397076851,47.43704481823942]]],[[[13.054034663850864,47.4496292326199],[13.047377625872896,47.45411173438686],[13.054010579983043,47.45412826253055],[13.054034663850864,47.4496292326199]]],[[[12.072106681836683,47.46100030890838],[12.065365213320932,47.46542538291409],[12.071998756917882,47.46549876463949],[12.072106681836683,47.46100030890838]]],[[[12.098533114645958,47.465788451312385],[12.131701467075718,47.46614191902187],[12.131907108759973,47.45714489529901],[12.112009440504034,47.456934002480736],[12.098533114645958,47.465788451312385]]],[[[12.297017209894056,47.494757054647934],[12.336671847428615,47.50410841721592],[12.323653920945778,47.49049598417144],[12.330806221223193,47.46356242776308],[12.231303446872626,47.46264612104124],[12.21169132407611,47.44895673481769],[12.185164839067859,47.448693251937634],[12.164870258532902,47.466485785850736],[12.177940111959078,47.47561773554324],[12.177643310172117,47.489113346562995],[12.197553389155424,47.48931283832193],[12.243544158851442,47.512257761752565],[12.297017209894056,47.494757054647934]]],[[[12.038388014072193,47.48312167897702],[12.018593455811668,47.47839615324541],[12.011732150852499,47.48731644626217],[12.031640882044952,47.48754475237607],[12.038388014072193,47.48312167897702]]],[[[11.945370984323448,47.48653045514495],[11.93861560901215,47.49094804763212],[11.945252182261784,47.49102876644252],[11.945370984323448,47.48653045514495]]],[[[12.137618857168523,47.49770097658856],[12.137414033060102,47.50669794939397],[12.144052873975147,47.50676715952164],[12.144358383054476,47.49327167735119],[12.124447015387364,47.493062947012135],[12.137618857168523,47.49770097658856]]],[[[12.409698921230557,47.50472170006288],[12.402980290868152,47.509166562454716],[12.40961975254507,47.509220398265974],[12.409698921230557,47.50472170006288]]],[[[12.01780533772937,47.50988481818669],[12.018030610519723,47.500888074727236],[12.01139268570772,47.500811569087276],[12.004413439889975,47.514229749903286],[12.01780533772937,47.50988481818669]]],[[[11.659182969010235,47.509700849182984],[11.685595941766593,47.51458411779942],[11.686018989836665,47.501090110537255],[11.659469511439466,47.500704905841395],[11.659182969010235,47.509700849182984]]],[[[12.402980290868152,47.509166562454716],[12.396260526009089,47.513611027697856],[12.402900541350828,47.51366525248435],[12.402980290868152,47.509166562454716]]],[[[11.690406734372349,47.57315321808892],[11.65009530518815,47.5860683229852],[11.683477443714676,47.58205363098383],[11.709789846717246,47.59142919688464],[11.730011474520992,47.582713952732256],[11.78292881420081,47.592441619515455],[11.783194633126607,47.58344551767585],[11.83637924709629,47.58415245392923],[11.82334186606823,47.57498182016803],[11.803401012611214,47.5747173411051],[11.816954846839648,47.56589783498909],[11.843282918834394,47.575242836302955],[11.855817140167515,47.60240371920816],[11.908777501755301,47.612073362994565],[12.014982916864263,47.62234280016934],[12.015209155194954,47.613346256270034],[12.068318311796991,47.618444060358456],[12.075187130919142,47.609520602045485],[12.128401621772674,47.61009230589979],[12.095461094880328,47.596242792059385],[12.081946257221615,47.60509506692317],[12.06199277741898,47.60487549816192],[12.015661399481715,47.595353116981755],[12.01611333420079,47.57735991051629],[12.022873296555549,47.57293782318923],[12.102744618668378,47.56932410665308],[12.109076392222947,47.5828905207375],[12.122580954216563,47.57403501608315],[12.096204012450196,47.56475411042958],[12.076696720803213,47.54654347002433],[12.017241818724106,47.53237661206854],[12.004185782405212,47.523226445253265],[12.004413439889975,47.514229749903286],[11.984379216470805,47.518495045220085],[11.964927758954095,47.5002652702353],[11.951652244298513,47.50010572653026],[11.951888775808486,47.49110910106831],[11.945252182261784,47.49102876644252],[11.94489565426625,47.50452367880441],[11.931259014030346,47.517856654257834],[11.9048217292128,47.51302998574553],[11.911217493438576,47.52210916660222],[11.891049210929102,47.53085639618192],[11.871625521387513,47.51261084724162],[11.871875782616181,47.50361441120536],[11.878513847815054,47.503698993244306],[11.872000881159808,47.499116187682674],[11.872501061657449,47.48112325753951],[11.925583506938121,47.48178887252279],[11.919069155345952,47.47720872420103],[11.91955305711117,47.45921552625761],[11.859735030433642,47.46296008389763],[11.853481875589027,47.44937970354813],[11.840219530016803,47.44920725641608],[11.814344546133615,47.42636672569718],[11.79445993849646,47.42610068237298],[11.788095924292112,47.41701485943986],[11.774841936702114,47.41683484188995],[11.767679817618998,47.4347369021483],[11.754421445418174,47.43455452116589],[11.747521184523201,47.44345901144026],[11.714370121203793,47.44299434622841],[11.713816310838695,47.46098666161937],[11.693638724537326,47.46969925020757],[11.693217880644438,47.48319335782287],[11.673312461180224,47.48290628044881],[11.673028380167015,47.491902285778245],[11.686018989836665,47.501090110537255],[11.719344513427503,47.49706492187131],[11.725431084026496,47.51515054241927],[11.718791834274873,47.51505709909749],[11.718238777164926,47.533049216155774],[11.72488029588998,47.53314269112865],[11.724604760547923,47.5421387423723],[11.75117561035415,47.54250886043964],[11.757413418155805,47.55609459330671],[11.78399154429624,47.556457113020286],[11.790371722824984,47.56554294775736],[11.763654448928769,47.569679951947336],[11.757278384366552,47.56059264021646],[11.737343327917257,47.560316688547665],[11.744260639752644,47.55141299034966],[11.724329130958923,47.55113477791373],[11.717408481981515,47.56003727505881],[11.684184213680771,47.559563893126054],[11.690406734372349,47.57315321808892]],[[11.937898968525374,47.51793779846295],[11.93765992500767,47.52693435247626],[11.92437776724125,47.52677165213939],[11.924498433962038,47.5222733907907],[11.937898968525374,47.51793779846295]],[[11.699853068524876,47.48328828212435],[11.69957351899698,47.492284352135684],[11.69293719822674,47.492189411761196],[11.693217880644438,47.48319335782287],[11.699853068524876,47.48328828212435]],[[11.737343327917257,47.560316688547665],[11.723915509756567,47.56462880130033],[11.724053407074598,47.560130797531734],[11.737343327917257,47.560316688547665]],[[11.922807220545785,47.58524869444057],[11.909388282738597,47.58958246724753],[11.90951037621521,47.58508427544282],[11.922807220545785,47.58524869444057]],[[11.71671591810197,47.5825272133821],[11.703560153603119,47.57784097133644],[11.710624547122892,47.56444135584252],[11.717270016595903,47.56453527090798],[11.716993014751402,47.57353125038489],[11.736932974223649,47.57381073486251],[11.71671591810197,47.5825272133821]],[[11.770166706883716,47.574268847412156],[11.756738018144409,47.578584787255856],[11.756873144371578,47.57408675664126],[11.770166706883716,47.574268847412156]],[[11.776680101547635,47.57885736936333],[11.790107222329313,47.574539097906445],[11.789974938135465,47.57903716682756],[11.776680101547635,47.57885736936333]],[[11.790107222329313,47.574539097906445],[11.796885799437419,47.570130331291324],[11.79675410620321,47.57462841188683],[11.790107222329313,47.574539097906445]],[[11.89006025325969,47.56684203653509],[11.896706328217649,47.566925564736366],[11.896460013992595,47.57592194907264],[11.889812802309487,47.575838406723044],[11.89006025325969,47.56684203653509]],[[11.896706328217649,47.566925564736366],[11.890554901233848,47.548849247836365],[11.917251575580355,47.54468270474465],[11.903352424241348,47.5670087082125],[11.896706328217649,47.566925564736366]],[[11.916766099923834,47.562675621709225],[11.90999854123365,47.56709146696172],[11.910120530293069,47.562593254664215],[11.916766099923834,47.562675621709225]],[[12.016339185571763,47.56836328264537],[11.983222922501891,47.563478133480714],[11.98357001835058,47.54998324783082],[12.01679065653498,47.55036997873324],[12.016339185571763,47.56836328264537]],[[12.069619737095005,47.56446388359035],[12.056218223497776,47.56881481998045],[12.05632771023819,47.56431646174333],[12.069619737095005,47.56446388359035]],[[11.830632898821968,47.55257858019303],[11.823859412718296,47.55698935371179],[11.823988744056452,47.552491227035645],[11.830632898821968,47.55257858019303]],[[11.857209737113902,47.552924146714325],[11.850438435415255,47.55733648807364],[11.850565494850526,47.552838332003994],[11.857209737113902,47.552924146714325]],[[11.883786921515403,47.55326355937265],[11.870372930989666,47.55759280005682],[11.870498286439151,47.553094622283794],[11.883786921515403,47.55326355937265]],[[12.030079047568725,47.550521978722806],[12.023322571694855,47.554944509424764],[12.023434842451774,47.550446171041905],[12.030079047568725,47.550521978722806]],[[11.930778575550725,47.535849719629404],[11.92401564327328,47.540266413316395],[11.924136371902165,47.53576816342988],[11.930778575550725,47.535849719629404]],[[11.75822313611079,47.52910622871824],[11.751446605303508,47.53351274652563],[11.75158206803224,47.52901468375402],[11.75822313611079,47.52910622871824]],[[11.818253284793053,47.520916544927175],[11.771505341344279,47.52928816536993],[11.772173800757448,47.50679767872379],[11.792352595569021,47.49807131975146],[11.818772038739292,47.50292392160499],[11.818253284793053,47.520916544927175]],[[11.772708157203983,47.48880522265753],[11.785847826961316,47.493483618916414],[11.78571538259405,47.49798175003165],[11.76580387983318,47.4977107356487],[11.772708157203983,47.48880522265753]],[[11.832433276340653,47.4896042990193],[11.818901671829511,47.49842575653976],[11.819160871574077,47.48942941552102],[11.832433276340653,47.4896042990193]],[[11.852215292088141,47.4943619521969],[11.838813711894899,47.49868754988173],[11.838941622715105,47.494189359014726],[11.852215292088141,47.4943619521969]],[[11.752800191281002,47.48853194934674],[11.746028427634307,47.4929381785354],[11.746164248713718,47.48844008997974],[11.752800191281002,47.48853194934674]],[[11.812654835512785,47.48484322909916],[11.805888555345526,47.489252995423364],[11.806019255011291,47.48475483446012],[11.812654835512785,47.48484322909916]],[[11.786245024335825,47.47998920399294],[11.772841689269383,47.484307099600464],[11.772975198527973,47.479808972982426],[11.786245024335825,47.47998920399294]],[[11.739937352436929,47.47485358280185],[11.733166271386633,47.47925906230218],[11.733303155371036,47.474760978701305],[11.739937352436929,47.47485358280185]],[[11.819937939729236,47.46244030734741],[11.813175145975752,47.46685052002241],[11.813305168067108,47.46235233406908],[11.819937939729236,47.46244030734741]],[[11.800170823152918,47.45767706127459],[11.806933527933884,47.453267609661246],[11.806802984412563,47.45776579494527],[11.800170823152918,47.45767706127459]],[[11.806933527933884,47.453267609661246],[11.81369510117365,47.44885775580884],[11.813565145660377,47.453355951934704],[11.806933527933884,47.453267609661246]],[[11.826828447573915,47.453531484815436],[11.820067373698977,47.45794211052879],[11.82019678557255,47.45344391032006],[11.826828447573915,47.453531484815436]],[[11.787171027210492,47.448502113512106],[11.780407280814487,47.45291040172517],[11.78054006489317,47.448412243313335],[11.787171027210492,47.448502113512106]]],[[[12.216124191962233,47.55248842843384],[12.269099883243072,47.56199198438842],[12.282752292354175,47.544120504911824],[12.315971154875339,47.5444206371477],[12.322354902144282,47.55797530655174],[12.355666596633409,47.5537653537839],[12.355834281192665,47.54476810311614],[12.375930258980459,47.53593934897723],[12.37609442258371,47.52694203928104],[12.35600190839858,47.53577083709485],[12.322874909497264,47.530983678317384],[12.2362465345694,47.54368416574691],[12.216602926366486,47.529995813677644],[12.21679430554736,47.52099874121864],[12.183295219601183,47.534165421706184],[12.176751991344863,47.52959998651186],[12.177148302321974,47.511605960809945],[12.144052873975147,47.50676715952164],[12.143849114218012,47.51576412951041],[12.170010539839318,47.53403116092587],[12.169312248040082,47.5655204926324],[12.182604880307085,47.56565483303166],[12.189447409396706,47.55672445967964],[12.215932583531472,47.5614854471995],[12.216124191962233,47.55248842843384]]],[[[11.671464198036178,47.54138004976941],[11.67103709217367,47.55487390438167],[11.677681281530187,47.55497011114927],[11.684749194587456,47.5415720299377],[11.671464198036178,47.54138004976941]]],[[[11.75104007812165,47.54700691152675],[11.744260639752644,47.55141299034966],[11.750904522709341,47.551504958663806],[11.75104007812165,47.54700691152675]]],[[[11.62496748177771,47.54069600766693],[11.624674821646797,47.54969179887653],[11.64460524349208,47.549987316744605],[11.650672233444627,47.568076721093725],[11.657318053463202,47.568174106370336],[11.664535887964648,47.55027937363918],[11.651248767042548,47.55008505359825],[11.645039087773474,47.53649354895756],[11.62496748177771,47.54069600766693]]],[[[13.119915750649756,47.55774944507137],[13.060054286802067,47.56661906829865],[13.059983407072004,47.580115871707655],[13.073281119461061,47.580147081847436],[13.073326101326746,47.57114921156689],[13.10656475965383,47.57122048823286],[13.119915750649756,47.55774944507137]]],[[[12.321921154749646,47.580468222431705],[12.315447470973293,47.5714121655745],[12.302153061358794,47.571293206112735],[12.301887605508998,47.58478888636949],[12.321921154749646,47.580468222431705]]],[[[12.26864331776526,47.58448467609205],[12.288589844283011,47.584668357002826],[12.288769104961842,47.57567126129398],[12.268825990838009,47.5754876114979],[12.26864331776526,47.58448467609205]]],[[[12.335132271980733,47.5850834737014],[12.3549952842738,47.58975419849745],[12.355247134121132,47.57625841183066],[12.3353035701337,47.576086307672185],[12.335132271980733,47.5850834737014]]],[[[12.242235391246535,47.57523735726466],[12.235964308271958,47.55717976046484],[12.222673683792596,47.55705159805006],[12.215740909525074,47.5704824501267],[12.189251221813755,47.56572142608792],[12.18895681452694,47.57921684571031],[12.202155927112038,47.5838473873679],[12.201864731745044,47.59734279152176],[12.221815899388895,47.5975380692414],[12.228181807168955,47.611097824313354],[12.26144269742757,47.61141374243004],[12.261718672937914,47.5979182296608],[12.222006632349446,47.58854110419553],[12.222197300022543,47.57954412264976],[12.242235391246535,47.57523735726466]]],[[[11.630005174010419,47.59027162437138],[11.643157486964089,47.594966279128336],[11.65009530518815,47.5860683229852],[11.630443097580462,47.57677801654815],[11.630005174010419,47.59027162437138]]],[[[12.168313236286252,47.610504910615674],[12.168513175475184,47.601508060275485],[12.14856070530135,47.60130352543625],[12.148357350668284,47.61030034112297],[12.18151838932044,47.61513779502403],[12.168313236286252,47.610504910615674]]],[[[13.12638236039515,47.60275117615494],[13.09979568577439,47.598200594722854],[13.106407504843768,47.60721192088638],[13.073146081355771,47.60714059582206],[13.07973249657757,47.62065233608111],[13.099653970385948,47.62969293139331],[13.092915495773779,47.647674567816864],[13.106230335233315,47.64770196332732],[13.112964255067505,47.62971954698977],[13.12629252848666,47.62524572441559],[13.119656490369266,47.620734480770324],[13.119730628217551,47.60273883791264],[13.12638236039515,47.60275117615494]]],[[[12.746686470705345,47.65091990298647],[12.759952452636968,47.65548615313457],[12.760100544508399,47.64198984611961],[12.740233054169778,47.63289051405084],[12.746686470705345,47.65091990298647]]],[[[12.779879589619943,47.660083267433436],[12.759952452636968,47.65548615313457],[12.759853682399173,47.6644836687951],[12.779784226733122,47.669080790728884],[12.779879589619943,47.660083267433436]]],[[[12.753144320670337,47.66894885838927],[12.746433817326736,47.6734136521241],[12.753094343518747,47.673447602024474],[12.753144320670337,47.66894885838927]]],[[[12.786444223938295,47.669112809872466],[12.77973653302308,47.673579545548435],[12.786397101093964,47.67361156740651],[12.786444223938295,47.669112809872466]]],[[[12.393117425216897,47.68905664575526],[12.373378523898374,47.67539557823017],[12.373543561220625,47.666398527857694],[12.360224965048562,47.666286295786456],[12.36039222794823,47.657289246096134],[12.340332528935745,47.66161654825277],[12.333416059510638,47.675054197983485],[12.293543500609369,47.670200473126556],[12.286973732347136,47.665641455250494],[12.293900847082494,47.65220657181086],[12.28058602945747,47.65208511837551],[12.28031461990838,47.66558052034428],[12.266996441666484,47.66545749403056],[12.266629778829103,47.683451257219964],[12.27986196033546,47.6880727647754],[12.28004307073724,47.67907588099665],[12.286703895383573,47.67913683139383],[12.29309647274379,47.69269274567225],[12.332986086386295,47.69754659757414],[12.346567161719928,47.68416652722271],[12.393117425216897,47.68905664575526]]],[[[12.353144425772998,47.68872212095785],[12.346397442172346,47.69316350194065],[12.353060129887718,47.69322061079381],[12.353144425772998,47.68872212095785]]],[[[12.239702463821995,47.69669570301239],[12.253307097254297,47.68332664668806],[12.239984479359466,47.68320049365187],[12.240172409127581,47.67420366384219],[12.220096359266277,47.678509975637475],[12.213724364843793,47.66494996895697],[12.200406508584093,47.66481923278921],[12.199919600583465,47.68731115463785],[12.179636894183385,47.70060712083216],[12.192767661486824,47.70973695588608],[12.219426215046724,47.70999864985776],[12.232566259717254,47.71912392436992],[12.232376863616755,47.72812064707365],[12.245617299784422,47.7327460436124],[12.245430094653676,47.74174275787346],[12.25876760606015,47.741868277856504],[12.265712020401525,47.72843533213732],[12.245991517308305,47.71475255520464],[12.246365478069137,47.69675898842778],[12.239702463821995,47.69669570301239]]],[[[12.979158845688506,47.73285671765442],[13.019140907290241,47.73747254721254],[13.025889597456317,47.723994392933655],[13.005888359523114,47.72393876565133],[13.005945028078541,47.714941207054544],[12.97931196919127,47.7103628671996],[12.925989455968013,47.71018523798472],[12.939217897613352,47.7237282521971],[12.93911569259429,47.737224499794166],[12.945784430638422,47.73724729387424],[12.932342985279904,47.75069751658828],[12.952354351613698,47.75076591623191],[12.965599853857174,47.76430576507873],[12.985616458639916,47.76436838793663],[12.979158845688506,47.73285671765442]],[[12.952354351613698,47.75076591623191],[12.959057192530821,47.74628920878031],[12.959024818510033,47.75078794375174],[12.952354351613698,47.75076591623191]],[[12.965790678903009,47.7373133596181],[12.959154281233268,47.73279297381996],[12.965822463959649,47.73281460781609],[12.965790678903009,47.7373133596181]],[[12.959154281233268,47.73279297381996],[12.9525190280348,47.72827220073122],[12.959186633018891,47.72829421891023],[12.959154281233268,47.73279297381996]],[[12.972615449634084,47.71484079219354],[12.965917786384583,47.719318322864034],[12.965949549615914,47.71481955145702],[12.972615449634084,47.71484079219354]]],[[[13.091826882570517,47.881609284410985],[13.105241057356976,47.872639575173004],[13.085182875647039,47.8725977264752],[13.091826882570517,47.881609284410985]]],[[[13.051703693513103,47.88151744287706],[13.044991450133702,47.885999373635265],[13.051679209684526,47.88601603695569],[13.051703693513103,47.88151744287706]]],[[[13.058151613514525,47.92651940412921],[13.058223437284582,47.91302376132947],[13.044866088417521,47.908492248132255],[13.044966386430279,47.890497960414685],[13.02490140711657,47.8904456429936],[13.0382267635698,47.89947806137508],[13.031432344097766,47.9174548473074],[13.018048792814406,47.917418789057116],[13.01144092236168,47.90390453075296],[12.984711071045384,47.89932768108725],[12.957888213214035,47.9082402857245],[12.957757878827772,47.926234391491754],[12.96445075885222,47.92625610457008],[12.964514784509753,47.91725906016294],[12.99128174770837,47.917342023781806],[13.004608151423598,47.92637824635672],[13.004551022732954,47.93537528695717],[13.02455270796725,47.948926665214124],[13.02441838462936,47.97141908707],[13.044514500171505,47.97147148451679],[13.03799573076517,47.93996495079399],[13.024633246380603,47.93543113658858],[13.024713743141485,47.92193555224698],[13.058151613514525,47.92651940412921]],[[13.004693807535949,47.912882639509114],[12.997973501554176,47.917361796196424],[12.99800262491305,47.91286325613699],[13.004693807535949,47.912882639509114]]],[[[12.970923418483006,47.95776690352709],[12.964194435332175,47.962244034510974],[12.970891935929902,47.962265374616585],[12.970923418483006,47.95776690352709]]],[[[12.977465767339005,47.98028015460571],[12.997565246809074,47.980340705966185],[12.997652812982203,47.96684532944693],[12.977527615317964,47.97128325363091],[12.977465767339005,47.98028015460571]]],[[[13.010824660079995,48.00287131501242],[13.010936881816459,47.98487758345698],[13.017664771622897,47.980397766614296],[12.997565246809074,47.980340705966185],[13.00417920549064,47.99385543727788],[12.997477635289389,47.99383602425961],[12.997419202399659,48.00283287040302],[13.010824660079995,48.00287131501242]]],[[[12.923689567248676,48.00259368162021],[12.910247514083167,48.007043537264465],[12.923653982767958,48.00709207448342],[12.923689567248676,48.00259368162021]]],[[[13.057695865457083,48.01199049544547],[13.04426284521415,48.01645588827751],[13.057671837286675,48.01648890897555],[13.057695865457083,48.01199049544547]]],[[[12.90346963163026,48.016015439904095],[12.916842219748018,48.02056313241243],[12.916914576364341,48.01156638407887],[12.91017401323182,48.016040294805364],[12.90346963163026,48.016015439904095]]],[[[12.923547192456901,48.020587213129986],[12.916806032068108,48.025061496509586],[12.923511583391614,48.02508557927166],[12.923547192456901,48.020587213129986]]],[[[12.956973981366689,48.03419690182824],[12.96377715432729,48.02072354631503],[12.930217140864864,48.02510927385309],[12.930182104365523,48.02960763525656],[12.956973981366689,48.03419690182824]]],[[[12.762035265570631,48.073881392328936],[12.761936060950013,48.08287783540068],[12.768648973786016,48.08291088259814],[12.768747018765009,48.07391443391648],[12.762035265570631,48.073881392328936]]],[[[12.842491552282402,48.08324875438595],[12.869262949459928,48.092356455311034],[12.87613615376826,48.07439025897295],[12.842491552282402,48.08324875438595]]],[[[13.090792110533757,48.10203334500461],[13.08405479352614,48.106517225751155],[13.09077090137901,48.10653162587189],[13.090792110533757,48.10203334500461]]],[[[12.748256297758493,48.10530152929559],[12.748154650925288,48.11429786031174],[12.788503868395296,48.10999691626788],[12.788551204576292,48.10549873037501],[12.748256297758493,48.10530152929559]]],[[[12.801982906731599,48.10556135398506],[12.822086085840976,48.11015057261569],[12.821952738453128,48.12364512561856],[12.855543858470954,48.123789098693074],[12.848994110513884,48.10576829055966],[12.815414640824079,48.10562242254426],[12.802075233212904,48.09656494982573],[12.801982906731599,48.10556135398506]],[[12.842235509335236,48.11023810085742],[12.828758691938333,48.1146783316597],[12.82880255278751,48.110180137494844],[12.842235509335236,48.11023810085742]]],[[[12.788503868395296,48.10999691626788],[12.788409171468544,48.11899326617257],[12.79512676024811,48.11902478038413],[12.795220295911696,48.11002842512881],[12.788503868395296,48.10999691626788]]],[[[12.801844357118593,48.1190559057347],[12.78836181071853,48.123491430128645],[12.7883144417746,48.12798958671659],[12.801751950758378,48.12805223691604],[12.801844357118593,48.1190559057347]]],[[[12.969628165078248,48.142198707046234],[12.969564746797092,48.15119507461282],[12.97628658670996,48.15121610186242],[12.976348842226141,48.14221973072354],[12.969628165078248,48.142198707046234]]],[[[12.895662999802527,48.14643993570877],[12.888903124868312,48.15091239741415],[12.895624892256622,48.15093809391448],[12.895662999802527,48.14643993570877]]],[[[12.929269026591598,48.146562571263324],[12.922512026773397,48.15103698889711],[12.929233826140546,48.15106073988538],[12.929269026591598,48.146562571263324]]],[[[12.87534001353564,48.164354246486035],[12.875220354646043,48.177848587315765],[12.88194559911457,48.177875075511416],[12.888825726853108,48.15990868683756],[12.902309133614864,48.15546155413706],[12.882181364177523,48.1508863118131],[12.882063512263246,48.16438072793347],[12.87534001353564,48.164354246486035]]],[[[12.989640348716897,48.16475149963037],[13.02320423914233,48.17384325108773],[13.02325840210679,48.16484693249062],[13.03675747441737,48.15588602610238],[13.009867636955462,48.155813584216105],[13.009811165977931,48.16480992697215],[12.989640348716897,48.16475149963037]]],[[[13.090431055070336,48.17850311509164],[13.090516104952684,48.16051042298131],[13.070346873195646,48.16046601099034],[13.07698024147238,48.178473886339404],[13.090431055070336,48.17850311509164]]],[[[12.996157996844753,48.19625830007194],[13.009669902918542,48.187300650160864],[12.982763849324096,48.18722193518858],[12.996157996844753,48.19625830007194]]],[[[13.090367228961387,48.19199755348271],[13.09040978338773,48.18300126895347],[13.076957805475155,48.18297203771619],[13.070139709787211,48.200949360914656],[13.076868022593155,48.200964565719836],[13.076912921814793,48.19196831727455],[13.090367228961387,48.19199755348271]]],[[[12.949231892609872,48.17362041709482],[12.935817095539306,48.16907670861187],[12.915535514175797,48.182499788255846],[12.935609111413747,48.19606538905488],[12.928810944912636,48.20503816797921],[12.962422589910545,48.20964927967058],[12.969088408819818,48.21866685593224],[12.98258018971939,48.214210506754945],[12.982641430808563,48.205214347615126],[12.962454956029031,48.20515120152031],[12.949064379812627,48.196110984225704],[12.949231892609872,48.17362041709482]]],[[[12.922118016944285,48.200516318375506],[12.901895845449008,48.20494073013775],[12.922082160624903,48.20501439276798],[12.922118016944285,48.200516318375506]]],[[[13.009585086324185,48.200794991276055],[13.002827953340546,48.205273988172046],[13.009556804325298,48.2052930893472],[13.009585086324185,48.200794991276055]]],[[[13.002770209034367,48.21427015744896],[13.002827953340546,48.205273988172046],[12.996099107358896,48.20525449749136],[12.996040197455718,48.21425066345534],[13.002770209034367,48.21427015744896]]],[[[13.016285660212258,48.20531180101636],[13.009471928908502,48.21878733626767],[13.04309961182052,48.22337509648366],[13.043150380092714,48.214378940391796],[13.049880424591215,48.214395707375374],[13.043175757627898,48.209880850453914],[13.049954795730846,48.20090140964245],[13.016285660212258,48.20531180101636]]],[[[13.070093629575272,48.20994557543783],[13.063340526384248,48.214428072618915],[13.070070583476847,48.21444367087817],[13.070093629575272,48.20994557543783]]],[[[13.063340526384248,48.214428072618915],[13.056586257371436,48.218910169621374],[13.063316893327682,48.21892615881499],[13.063340526384248,48.214428072618915]]],[[[13.049830822337027,48.223391866318046],[13.043074221081211,48.227873162581766],[13.049806014758241,48.22788993384178],[13.049830822337027,48.223391866318046]]],[[[13.103579906594126,48.24600230630483],[13.123763995324046,48.25053898371358],[13.123800809547026,48.24154289412246],[13.110333641709127,48.24151752830951],[13.1103923393324,48.228023339828674],[13.096907956284447,48.23249449035767],[13.103579906594126,48.24600230630483]]],[[[13.417445824199962,46.5591061313672],[13.469657302699106,46.57255385124976],[13.48920320004684,46.56353065872203],[13.417445824199962,46.5591061313672]]],[[[13.21523605251009,46.56806889142831],[13.208702028792846,46.57256085679607],[13.215225900051491,46.57256804742781],[13.21523605251009,46.56806889142831]]],[[[13.339179419684427,46.568133738914995],[13.319613565198928,46.55463509352302],[13.319608009934363,46.57263172605264],[13.306555264732674,46.581627383227534],[13.286984447988493,46.57712137684624],[13.286972058606477,46.590618877627634],[13.300024214071646,46.59062381728722],[13.313070555039175,46.60412476672066],[13.34570917686171,46.60412672525377],[13.339180689830666,46.59062956763059],[13.358758928420071,46.59062734169381],[13.358749439908845,46.5681315138845],[13.339179419684427,46.568133738914995]]],[[[13.404441469784262,46.59060892274847],[13.397920582239175,46.5951118581471],[13.404447205599153,46.59510809297454],[13.404441469784262,46.59060892274847]]],[[[13.293451509512506,46.649110911264394],[13.28691415846136,46.65360744452155],[13.29344791861205,46.653610106457265],[13.293451509512506,46.649110911264394]]],[[[13.273846640350898,46.653600985730336],[13.267307093237651,46.65809638461926],[13.273841400469994,46.65810018179747],[13.273846640350898,46.653600985730336]]],[[[13.286910017495792,46.658106641138595],[13.28037101737135,46.662602798619346],[13.286905875830481,46.66260583937967],[13.286910017495792,46.658106641138595]]],[[[13.384936990189711,46.67160444765371],[13.417589371506224,46.65358880495189],[13.430664826853656,46.658077812481814],[13.430680725072433,46.66707620578979],[13.469904356196526,46.671535752026664],[13.50910542031706,46.66698328445338],[13.515655895516742,46.67147227174643],[13.515716311324033,46.689469048255084],[13.4895896096391,46.69850600973639],[13.496155775096371,46.707495343981186],[13.574642148983623,46.70735999441922],[13.57460199375391,46.69836165390893],[13.568060256236754,46.69837214225718],[13.57454178621534,46.68486415354173],[13.548389048916658,46.68491314156787],[13.541782281989347,46.66692848521525],[13.554816224319088,46.65790555243025],[13.60055831163269,46.65781096443186],[13.620232598716516,46.67126076720762],[13.626695101330323,46.657746682669014],[13.639763471913849,46.65771227182184],[13.652751932526215,46.64417893764129],[13.60704693991919,46.64879716639127],[13.587405350914931,46.63984423657259],[13.587339622415593,46.62634333833284],[13.580809221119145,46.62635769287128],[13.561255834180947,46.63539682629415],[13.554779454030138,46.648907194623256],[13.384916482210047,46.64910845632918],[13.365324205493252,46.662612815593434],[13.345718818072863,46.65811698041032],[13.32611165914885,46.68061295035304],[13.345722840851332,46.68061299177927],[13.358793152473902,46.671612718007545],[13.384936990189711,46.67160444765371]],[[13.561293684189739,46.64439517179382],[13.56784577071528,46.648881121332764],[13.561312613962672,46.648894347113114],[13.561293684189739,46.64439517179382]],[[13.561521051526999,46.69838538030463],[13.541920735509317,46.702922019515796],[13.541903418635803,46.69842282271551],[13.561521051526999,46.69838538030463]]],[[[13.319573203647401,46.685111386316514],[13.32611165914885,46.68061295035304],[13.319574598748808,46.68061217954715],[13.319573203647401,46.685111386316514]]],[[[13.299960374205506,46.685106802513836],[13.293419169537302,46.68960372515988],[13.299957328548864,46.689606010350225],[13.299960374205506,46.685106802513836]]],[[[13.234550128161557,46.70306374497802],[13.221489832394129,46.69405280778603],[13.22152841677134,46.67605599722663],[13.26077278698222,46.658092209102705],[13.254252257138907,46.649089266893625],[13.241185847985012,46.649079025908485],[13.234627035518066,46.66257091892955],[13.169278620213317,46.662493215102536],[13.149611382506487,46.68045928582154],[13.090798937176848,46.675847565129736],[13.03191989436269,46.684702724258294],[12.999062227311478,46.711604931524626],[12.98598065823413,46.7115651384016],[12.985862708759194,46.729561828173026],[13.012061969534857,46.72514074509661],[13.018657889784837,46.716160959616275],[13.201817226089291,46.716527221935884],[13.214879697318356,46.725540446781885],[13.234550128161557,46.70306374497802]],[[13.201817226089291,46.716527221935884],[13.208369428701305,46.71203560046447],[13.208358670711775,46.71653481084873],[13.201817226089291,46.716527221935884]],[[13.038332116928933,46.707216039831096],[13.031766232033883,46.7116977868721],[13.031791853207944,46.70719860637553],[13.038332116928933,46.707216039831096]],[[13.182205864651037,46.712002975062504],[13.162583214230043,46.71197452944904],[13.162612431996807,46.702976122945266],[13.182231779325804,46.70300456374072],[13.182205864651037,46.712002975062504]],[[13.038357183335675,46.702716859181386],[13.02527776111114,46.7026816165697],[13.025303924012395,46.69818244024955],[13.038407303483948,46.69371850195553],[13.038357183335675,46.702716859181386]],[[13.08417770496127,46.69382990475297],[13.071078121532734,46.698299153136176],[13.071100428149649,46.69379996831949],[13.08417770496127,46.69382990475297]],[[13.162641639916194,46.69397772184522],[13.156087809919107,46.6984666849965],[13.156102962930696,46.69396748600229],[13.162641639916194,46.69397772184522]]],[[[13.299957328548864,46.689606010350225],[13.319570412730435,46.69410980421069],[13.319573203647401,46.685111386316514],[13.306497983627217,46.68510870897853],[13.299957328548864,46.689606010350225]]],[[[13.483025652016398,46.68951629938893],[13.476499322704813,46.694023816391],[13.483038011358392,46.694015501145046],[13.483025652016398,46.68951629938893]]],[[[13.4895896096391,46.69850600973639],[13.483038011358392,46.694015501145046],[13.483050372777297,46.698514704306874],[13.4895896096391,46.69850600973639]]],[[[13.273746931133859,46.73908596234162],[13.260652146374353,46.743577199027264],[13.273741674407571,46.743585184611376],[13.273746931133859,46.73908596234162]]],[[[13.529003509472753,46.747937147196296],[13.483186485610755,46.748006024081214],[13.483223651010269,46.761503680931675],[13.502878543813651,46.765975647922524],[13.529003509472753,46.747937147196296]]],[[[13.443987335054283,46.78404408232822],[13.43736935967789,46.748056331124104],[13.450440721731221,46.739045413650665],[13.470073325745515,46.739023857117026],[13.470039497750724,46.72552621275313],[13.456954402986623,46.725540958965055],[13.45693406365199,46.71654253293866],[13.424234221484316,46.72107197901737],[13.417712815006043,46.734574542786504],[13.384990391371577,46.730094197073605],[13.384982168232813,46.721095759513624],[13.358814117717692,46.72110403745536],[13.339188842174881,46.734603929407655],[13.293386780280949,46.73009665517742],[13.306465508419528,46.7435985170153],[13.33918909758979,46.73910315201777],[13.358827479259867,46.75259859407265],[13.385006845921534,46.74809108623949],[13.398107917570911,46.75708312142364],[13.40469475735258,46.78857394884616],[13.385052152887544,46.797582615277015],[13.40471209516592,46.80207164932662],[13.443987335054283,46.78404408232822]],[[13.424330730643655,46.77956187635263],[13.417788436575027,46.784066022368435],[13.417781556109324,46.77956679209898],[13.424330730643655,46.77956187635263]]],[[[13.378500764034369,46.797585256693715],[13.371961450052073,46.815584465375565],[13.385068648891172,46.81557956023363],[13.391608216438343,46.80207882941426],[13.378500764034369,46.797585256693715]]],[[[13.33919883287881,46.910074202607326],[13.332633305307121,46.91457343526437],[13.339199089849698,46.914573449252416],[13.33919883287881,46.910074202607326]]],[[[13.214325745447674,46.968499065979444],[13.214346352579865,46.95950058550718],[13.2406316500771,46.959525753673354],[13.247225541637755,46.946033364566794],[13.207796743785844,46.95049486219594],[13.207753313524535,46.9684918214961],[13.214325745447674,46.968499065979444]]],[[[13.358961957484706,47.06754545295686],[13.365556624181634,47.08554086672965],[13.34579745381353,47.094542714060324],[13.365564102312565,47.09903855017419],[13.3787377108243,47.09453515565473],[13.378726883325122,47.08103747026301],[13.418210343325818,47.05851966598882],[13.418196441381877,47.049521199476665],[13.451118482859243,47.053991916451224],[13.444517106907968,47.04499991777721],[13.464262802001171,47.04497938078179],[13.503669003819024,47.01793264405416],[13.562914147417457,47.026828369656315],[13.569454263746838,47.01781660920103],[13.58261429509409,47.01779040720085],[13.582551692167899,47.00429281447032],[13.595683314943653,46.999764314553],[13.59563937843091,46.990765921028185],[13.589064251517566,46.990780759582265],[13.588978647823406,46.97278396298895],[13.595529602105808,46.96826993075533],[13.57579227632667,46.96381408343102],[13.575731467275375,46.95031647435211],[13.562588193328411,46.95034154854211],[13.562703129008066,46.977336909038286],[13.516734347861982,46.990917101208254],[13.490407444690664,46.9819574064883],[13.457619173591386,47.01799120479341],[13.431304944586367,47.01801628820382],[13.424718885772924,47.013522368331266],[13.424688906727974,46.995525409428],[13.43783185528812,46.99101515604721],[13.437797451795353,46.97301819268349],[13.47060553427755,46.95048781440001],[13.470582801102134,46.94148933475395],[13.490277048901667,46.936965035343945],[13.49021193351411,46.91446884555134],[13.496777691219357,46.914459735598875],[13.496750551023414,46.90546126151306],[13.509879840632992,46.9054419043832],[13.50985049150619,46.89644343405619],[13.50328695693571,46.89645330100703],[13.50977716199501,46.87394726184334],[13.496642081756526,46.86946737232281],[13.496601443490885,46.85596966877951],[13.424464707451525,46.86054812333774],[13.41793319399757,46.87855001506256],[13.385138880659177,46.89206667495146],[13.378568706763573,46.88307083078598],[13.365444903215039,46.883074982199766],[13.365437485089826,46.86957724785423],[13.358877244690227,46.869578753276265],[13.358886839764349,46.89207497916381],[13.391720661794135,46.91006062970381],[13.391734749399568,46.92355836643711],[13.378608141218473,46.93256253411387],[13.358904131123651,46.93256819650949],[13.339199089849698,46.914573449252416],[13.339199861002783,46.928071189501246],[13.3129261369314,46.93706734501285],[13.30636261549653,46.92806731689543],[13.293227719640399,46.92806310602421],[13.293242228834215,46.91006612192685],[13.30637771786724,46.90107183906423],[13.28668536154411,46.90106495589806],[13.286672820262261,46.91456269273075],[13.247240577614557,46.93703487729247],[13.273504198307794,46.946050918543435],[13.273493601710003,46.9550494083192],[13.299773640409015,46.95956012363755],[13.312912381218961,46.96856206725097],[13.306334887682775,46.97755902091423],[13.31948059769368,46.98206095801874],[13.391795877973196,46.98204855110884],[13.378687229297295,47.03154589025831],[13.365531724300986,47.04054852973345],[13.365539189871368,47.05404623937962],[13.352374507133263,47.05854811457102],[13.352377255438737,47.06754658262644],[13.358961957484706,47.06754545295686]],[[13.589107075072585,46.99977915560981],[13.582509974520882,46.9952944168791],[13.589085661485317,46.995279957807924],[13.589107075072585,46.99977915560981]],[[13.562722296287216,46.98183613484808],[13.569237195835365,46.96832515131694],[13.582384906159357,46.96829921481288],[13.575873403016892,46.98181089215937],[13.562722296287216,46.98183613484808]],[[13.418140880542737,47.01352730560556],[13.42474888507262,47.03151931873286],[13.411601194770176,47.040527288663206],[13.385271627589978,47.03604247540368],[13.38525083870362,47.01354627889718],[13.418140880542737,47.01352730560556]],[[13.385279948051053,47.04504094952174],[13.378701640441353,47.04954283932746],[13.378698036744975,47.04504360311694],[13.385279948051053,47.04504094952174]],[[13.516810783184795,47.01341325501812],[13.510232804255725,47.013423524483905],[13.510188605496745,46.999925830978924],[13.516764914238774,46.99991556410998],[13.516810783184795,47.01341325501812]],[[13.575934284031302,46.99530849521575],[13.569375283246998,46.99981972135482],[13.569355546468023,46.99532049819754],[13.575934284031302,46.99530849521575]],[[13.556185464865786,46.9908475155089],[13.543052611791865,46.99537146145187],[13.543035104116342,46.99087223357291],[13.556185464865786,46.9908475155089]],[[13.398338426050321,46.95504967468909],[13.391772351145017,46.95955232974709],[13.391767648156524,46.955053084756585],[13.398338426050321,46.95504967468909]],[[13.431192300352274,46.95502691754549],[13.42462900932054,46.95953147312086],[13.424621527827377,46.95503222988142],[13.431192300352274,46.95502691754549]],[[13.398327911327918,46.946051184780316],[13.391762945959943,46.95055383959046],[13.391758244555078,46.946054594276085],[13.398327911327918,46.946051184780316]],[[13.352337494627005,46.93706857002269],[13.34576974757114,46.941568563297835],[13.345768935033133,46.9370693166684],[13.352337494627005,46.93706857002269]],[[13.37861172978519,46.9370617801841],[13.365477091554842,46.94156518210511],[13.365474613037302,46.93706593575448],[13.37861172978519,46.9370617801841]],[[13.483509210133803,46.86498596064771],[13.476961432225144,46.86949353963992],[13.476949545316645,46.864994302542414],[13.483509210133803,46.86498596064771]]],[[[13.128849230170207,46.977373663360105],[13.122257621487178,46.98186069741821],[13.128831690346487,46.98187289212321],[13.128849230170207,46.977373663360105]]],[[[13.148569785714168,46.97740796070974],[13.141979836884808,46.981896139603755],[13.148553914375611,46.981907192378806],[13.148569785714168,46.97740796070974]]],[[[13.122167095568244,47.004356830402656],[13.141881213406107,47.00889151588143],[13.141930537679587,46.9953938296463],[13.122203315138767,46.995358378451535],[13.122167095568244,47.004356830402656]]],[[[13.214150302378977,47.04498608622398],[13.21418129969708,47.03148838812562],[13.18787297205661,47.026957858389075],[13.19441662549511,47.04046394804404],[13.214150302378977,47.04498608622398]]],[[[13.457680905345608,47.04498660754354],[13.451108744081301,47.04949268520525],[13.457691200060173,47.04948583896367],[13.457680905345608,47.04498660754354]]],[[[13.299702728203522,47.06304266146155],[13.299693458270053,47.076540358444504],[13.312865093596534,47.07654381858509],[13.30628687147304,47.063044581699415],[13.299702728203522,47.06304266146155]]],[[[13.312863119060973,47.08104304941752],[13.31285916897518,47.09004150822934],[13.32603415571324,47.090043443581024],[13.326035014049541,47.085544214491414],[13.312863119060973,47.08104304941752]]],[[[13.33920914304718,47.09004385325176],[13.326033297227957,47.09454267167398],[13.339209401627176,47.09454308138404],[13.33920914304718,47.09004385325176]]],[[[13.200826018826657,47.107960337315056],[13.220585350544495,47.11248134688382],[13.227194107936493,47.10348940795222],[13.207437561480873,47.09896954379397],[13.200826018826657,47.107960337315056]]],[[[13.418300820591323,47.117009610026365],[13.42489918610983,47.1215038818829],[13.457856152548912,47.121473420975285],[13.457835509054116,47.11247498756797],[13.431458245616065,47.103501673179295],[13.418286888065248,47.10801116836475],[13.418300820591323,47.117009610026365]]],[[[13.385363307216494,47.135025495528126],[13.40514839942221,47.13951444587341],[13.405130841024972,47.126016797333214],[13.385354958633325,47.126027060184576],[13.385363307216494,47.135025495528126]]],[[[13.286471287362883,47.1305260661199],[13.293060152132103,47.135027969477036],[13.293063808888697,47.13052875225092],[13.286471287362883,47.1305260661199]]],[[[13.299650135767036,47.13952949024735],[13.293060152132103,47.135027969477036],[13.293056494751463,47.13952718543226],[13.299650135767036,47.13952949024735]]],[[[13.471119067537904,47.15295303436616],[13.46453466109708,47.15745986285389],[13.471130523867442,47.15745223895636],[13.471119067537904,47.15295303436616]]],[[[13.418349621570007,47.14850411781999],[13.418370553977534,47.162001744265915],[13.43815985101283,47.16198574548479],[13.438133879878487,47.14848812307578],[13.418349621570007,47.14850411781999]]],[[[13.523913286014201,47.161876696176186],[13.517332262011857,47.16638657253454],[13.52392922657733,47.166375891619474],[13.523913286014201,47.161876696176186]]],[[[13.484359984401593,47.170933446517516],[13.510779771357578,47.17989445422839],[13.517347645141644,47.17088576741464],[13.484359984401593,47.170933446517516]]],[[[13.3392140629839,47.17552898608459],[13.352414447593326,47.1890254753964],[13.365614053109766,47.189022828890465],[13.365604049490269,47.171026017325715],[13.352406168154971,47.16203024768357],[13.339213544407427,47.16653057358622],[13.3392140629839,47.17552898608459]]],[[[13.464589171171513,47.17995586733952],[13.464556459584017,47.166458269065835],[13.451352708528438,47.16197316995213],[13.424997154815888,47.17999360664344],[13.372207731673438,47.18002253006591],[13.372216917863371,47.19352013124339],[13.398613057859082,47.189009525344325],[13.398623668887133,47.1980079194092],[13.411831936327022,47.202499115628044],[13.425012246074091,47.18899200416488],[13.43821183289201,47.1889809507962],[13.44483008451881,47.19797323915015],[13.425034892550745,47.202489588375734],[13.42504999659852,47.21148796948179],[13.451460380551538,47.2114643242771],[13.4514407888833,47.202465947151296],[13.464632812507782,47.19795264326911],[13.464610988140041,47.188954258505646],[13.451391838766249,47.17996997536637],[13.464589171171513,47.17995586733952]]],[[[13.398634283507327,47.207006306853565],[13.385434384174896,47.211511968545565],[13.398639592165043,47.21150549802443],[13.398634283507327,47.207006306853565]]],[[[13.378835405333543,47.21601382056693],[13.385434384174896,47.211511968545565],[13.378831779070149,47.21151463036829],[13.378835405333543,47.21601382056693]]],[[[13.392041737030592,47.21600811415167],[13.38544275960563,47.22051034673238],[13.392046486293118,47.220507302107535],[13.392041737030592,47.21600811415167]]],[[[13.372379977410029,47.431974656950615],[13.372386159284613,47.44097279697468],[13.379017503104237,47.440970507710176],[13.379010189533448,47.43197236806866],[13.372379977410029,47.431974656950615]]],[[[13.24638297511999,47.44544240619519],[13.233136759389424,47.43643311523705],[13.23311917265016,47.445431242028704],[13.24638297511999,47.44544240619519]]],[[[13.379054108220927,47.485961013050606],[13.365775032759535,47.47696713581951],[13.365767447868292,47.46346999770036],[13.345863263395753,47.45447530231253],[13.345859952119254,47.436479045685424],[13.325969353061009,47.42748085539474],[13.299450763311404,47.42747542394338],[13.299444497597706,47.436473570085866],[13.279556996613948,47.43196639387546],[13.266284652585135,47.44095720866157],[13.272905195926192,47.44995918791975],[13.292798917707165,47.45446750611633],[13.286148798406531,47.472461004805936],[13.27286737631231,47.48145252469416],[13.252958065412242,47.481439801532055],[13.252972275950437,47.47244172401179],[13.219795783913678,47.472412838915076],[13.206514126996346,47.47689763244814],[13.206491978652995,47.48589569588024],[13.193218000070793,47.485879911933154],[13.193181361023159,47.49937697735864],[13.239676956586228,47.48592843104234],[13.299409997649146,47.48596314535065],[13.306039286966863,47.49946216832829],[13.319318146862713,47.49496586197978],[13.325954546202478,47.50396469340598],[13.359150936631467,47.50396284369479],[13.352510262027762,47.499464960085824],[13.35914308244088,47.4859667337751],[13.379054108220927,47.485961013050606]],[[13.345868234443806,47.48146958999392],[13.33923205367585,47.485968996066745],[13.339231791549055,47.481469959791944],[13.345868234443806,47.48146958999392]]],[[[13.511884067611616,47.51282856984858],[13.511929130619128,47.526325560337725],[13.531855364799327,47.526293300544765],[13.531821914161494,47.517295315952246],[13.511884067611616,47.51282856984858]]],[[[13.246190994462294,47.557917873995365],[13.219586728146576,47.566891893833876],[13.206325624108151,47.55338072065857],[13.179730238128512,47.55784654269195],[13.1797703687057,47.54434962358104],[13.19970346114365,47.54437505678007],[13.199726794986924,47.53537708745639],[13.179837207194995,47.52185468323335],[13.186491522760335,47.51736454204696],[13.179877282830885,47.50835767514227],[13.153333650956654,47.50381939870862],[13.146597225329305,47.53080260075191],[13.159867447556122,47.535322768066194],[13.16640907186017,47.566825582574246],[13.146467489130481,47.56679436576204],[13.146435027294268,47.57579226841591],[13.192985634585463,47.57136077606616],[13.219556801575134,47.5803887667313],[13.246175600438008,47.56691581294775],[13.246190994462294,47.557917873995365]]],[[[13.139803502092121,47.5712821428014],[13.133190478328736,47.56227267500531],[13.119897252674162,47.562248402182675],[13.126507995801896,47.571258635627956],[13.139803502092121,47.5712821428014]]],[[[13.139736280402758,47.589277912494715],[13.133068868202828,47.59376527880136],[13.1397194677796,47.59377684485361],[13.139736280402758,47.589277912494715]]],[[[13.11958230165655,47.638730055671076],[13.112906888747846,47.64321620549226],[13.119563746524664,47.64322893857053],[13.11958230165655,47.638730055671076]]],[[[13.159323150789644,47.697283557934384],[13.165972283670087,47.70179243378533],[13.205958134580115,47.70184460919532],[13.172664632722393,47.69280442713616],[13.159383794349926,47.679288192902646],[13.159323150789644,47.697283557934384]]],[[[13.365909670780836,47.71541090425607],[13.359245602791324,47.71991125513629],[13.365912222789522,47.71990972590913],[13.365909670780836,47.71541090425607]]],[[[13.392607753254289,47.74689257133008],[13.385941974837579,47.7513944324795],[13.392612598783623,47.75139135758323],[13.392607753254289,47.74689257133008]]],[[[13.20573439756526,47.791820272444504],[13.225733240574003,47.80533736439252],[13.232446387741378,47.78734864850625],[13.212431426135325,47.78283015457824],[13.20573439756526,47.791820272444504]]],[[[13.352600133188828,47.787394128438],[13.345926598876275,47.79639236323139],[13.352602957341286,47.79639160488819],[13.352605782449352,47.805389060034564],[13.379315802952904,47.805382160289355],[13.372622633484932,47.7828907892741],[13.352600133188828,47.787394128438]]],[[[13.279148325340225,47.80987485922542],[13.27916302277187,47.796378687932325],[13.265828445393511,47.78287509726698],[13.259120721990925,47.805364499072525],[13.279148325340225,47.80987485922542]]],[[[13.345926598876275,47.79639236323139],[13.33925050529908,47.80089146539285],[13.345927437607639,47.80089109354312],[13.345926598876275,47.79639236323139]]],[[[13.332572955428054,47.80988889527233],[13.33925050529908,47.80089146539285],[13.325896640655243,47.8008910494268],[13.325894875432299,47.80988849393861],[13.305860636772634,47.80988497021351],[13.299176199759666,47.818880444324435],[13.345929954644042,47.81438725224512],[13.332572955428054,47.80988889527233]]],[[[13.426073763586919,47.81435263004789],[13.44611914342261,47.81883397917127],[13.419409427722346,47.8233550488568],[13.432785626824298,47.832342020208436],[13.486233098930287,47.83228489402712],[13.486207297263686,47.82328752035827],[13.492887073671506,47.823278640562755],[13.466145607191187,47.81431443969514],[13.426073763586919,47.81435263004789]]],[[[13.406085900740276,47.85035600680665],[13.40609793058369,47.859353326117926],[13.4194667165987,47.859344455063415],[13.419452387011622,47.85034713724531],[13.406085900740276,47.85035600680665]]],[[[13.279099278872785,47.85486174105275],[13.279084548401041,47.868357695968804],[13.29245940282271,47.863864884790075],[13.292466922145632,47.854867574780336],[13.279099278872785,47.85486174105275]]],[[[13.372682231854482,47.86836603062692],[13.392743741841057,47.872856587132745],[13.386049035288494,47.86386238231498],[13.399413535980017,47.859357181174026],[13.379360346971417,47.85936642445679],[13.372682231854482,47.86836603062692]]],[[[13.40610996455185,47.86835062257016],[13.39942986292868,47.87285311818337],[13.406115983083373,47.87284926215472],[13.40610996455185,47.86835062257016]]],[[[13.292455642185116,47.86836353119517],[13.285765758346315,47.87285944750669],[13.292451880896538,47.87286217183004],[13.292455642185116,47.86836353119517]]],[[[13.252327944597065,47.877338652644724],[13.225600215138218,47.868318873210384],[13.218894499305675,47.877309545385934],[13.252327944597065,47.877338652644724]]],[[[13.39942986292868,47.87285311818337],[13.39274861064101,47.877355221534884],[13.399435307110526,47.87735175229408],[13.39942986292868,47.87285311818337]]],[[[13.285765758346315,47.87285944750669],[13.279074723842179,47.8773549704411],[13.285761421024342,47.87735808211008],[13.285765758346315,47.87285944750669]]],[[[13.45293888590605,47.88180868711265],[13.473012437690969,47.886285281242586],[13.50640760613146,47.87274497228806],[13.4796632148973,47.87278129863699],[13.45293888590605,47.88180868711265]]],[[[13.406122002646876,47.877347895941185],[13.399440752225585,47.881850380578946],[13.40612802324262,47.88184652390178],[13.406122002646876,47.877347895941185]]],[[[13.26568920204739,47.886344835673576],[13.279074723842179,47.8773549704411],[13.259014637787761,47.87734331276168],[13.26568920204739,47.886344835673576]]],[[[13.158699143604933,47.88173138244301],[13.14530824124339,47.88620867040663],[13.15868386882209,47.886229994695604],[13.158699143604933,47.88173138244301]]],[[[13.39275835074367,47.886352472833934],[13.38607479800252,47.89085417257998],[13.3927632220468,47.8908510896753],[13.39275835074367,47.886352472833934]]],[[[13.359319102554593,47.886364014284865],[13.359325082287759,47.89985984994992],[13.36601466033724,47.89985831563328],[13.366006953267071,47.88636248035057],[13.359319102554593,47.886364014284865]]],[[[13.392782715609641,47.90884549767111],[13.386096287161147,47.913347168887235],[13.392787591089,47.91334408468868],[13.392782715609641,47.90884549767111]]],[[[13.1921725569547,47.86828202999948],[13.185448127274858,47.88176938168786],[13.218864215471584,47.89080540171032],[13.218813707567971,47.91329837702179],[13.232196294360174,47.91331118998574],[13.25893488209174,47.931326450487674],[13.258888281489128,47.962816207635726],[13.27899107773657,47.95383084014021],[13.272300088982432,47.94932880505176],[13.279000931231185,47.94483377083407],[13.279025550049075,47.92234098880598],[13.299106113654258,47.917850593955215],[13.299118876466697,47.89985623135691],[13.285739723155226,47.899851167184146],[13.292417999977031,47.913349673299344],[13.252262960442234,47.91782608363634],[13.245578887335265,47.91332245345386],[13.245610080761146,47.89532807693235],[13.25899471436148,47.89083917771921],[13.245617875751867,47.890829467889546],[13.238946195616686,47.88182679730005],[13.218874311824383,47.88630678880806],[13.218894499305675,47.877309545385934],[13.20552113267991,47.87729519270372],[13.19885808471617,47.868290172731996],[13.1921725569547,47.86828202999948]],[[13.238937827738399,47.886325417670605],[13.23224104252429,47.89081820921959],[13.232249987524057,47.886319595226745],[13.238937827738399,47.886325417670605]]],[[[13.399478894181001,47.9133406131154],[13.392792467404245,47.917842665658114],[13.399484346770363,47.91783919379314],[13.399478894181001,47.9133406131154]]],[[[13.145209626204911,47.913200208539735],[13.145176731846101,47.92219733981863],[13.158546277194857,47.92671723692302],[13.17863886102787,47.92224778102207],[13.185305306753586,47.931253823903965],[13.198692485959667,47.93127051628156],[13.198716167420526,47.92227339648636],[13.171960573249535,47.91773990155997],[13.165312864419283,47.90423446941425],[13.151932624917851,47.904213912486355],[13.151900894134847,47.91321106980914],[13.145209626204911,47.913200208539735]]],[[[13.13848431412417,47.92218608926546],[13.111714673593887,47.92213721268616],[13.10508198155147,47.908628337631626],[13.091679593186266,47.9130993730323],[13.105022271547066,47.922124024951],[13.104902758821249,47.94911523398653],[13.098186392099265,47.95360016378786],[13.131650979387592,47.95816271439705],[13.13841618490527,47.94018027451496],[13.125044935716849,47.93565806800696],[13.125081306767916,47.92666097937713],[13.13848431412417,47.92218608926546]]],[[[13.432968738044966,47.93131172296992],[13.43298541884762,47.94030882529318],[13.439680173963852,47.940303026540484],[13.439662339722835,47.931305925195055],[13.432968738044966,47.93131172296992]]],[[[13.19866879632229,47.94026761143686],[13.191961627463511,47.94475799518716],[13.19865694843608,47.94476614970502],[13.19866879632229,47.94026761143686]]],[[[13.372732570222599,47.940343573350404],[13.366040379097095,47.94484404132217],[13.372735720946249,47.944842118125486],[13.372732570222599,47.940343573350404]]],[[[13.372754636614784,47.97183325470489],[13.352653955957601,47.95834232280689],[13.359345036808241,47.94484557691404],[13.339258741928708,47.94034931281146],[13.339259274708503,47.949346397066094],[13.325868322247857,47.944847440799535],[13.319167119868464,47.96284076861078],[13.292368967504459,47.97183074968101],[13.29236141423294,47.980827743739695],[13.32586032882767,47.9853340634126],[13.34596110232426,47.98083561996642],[13.35265821990566,47.97183786377742],[13.372754636614784,47.97183325470489]]],[[[13.52679393638381,47.96268497121047],[13.513413986260076,47.96720476928752],[13.526810369181407,47.96718347172952],[13.52679393638381,47.96268497121047]]],[[[13.5067010900843,47.962716333247016],[13.500017592818232,47.96722451578018],[13.50671579080445,47.96721483641714],[13.5067010900843,47.962716333247016]]],[[[13.446422425316412,47.96278948171691],[13.439733713489478,47.967294180520646],[13.446431929771785,47.96728799106507],[13.446422425316412,47.96278948171691]]],[[[13.165106666826784,47.967214079227695],[13.151694376967392,47.971691992657334],[13.165091919353031,47.97171257581814],[13.165106666826784,47.967214079227695]]],[[[13.185201266874405,47.967242043094956],[13.165077169332529,47.97621106599786],[13.218672053265282,47.97627789233842],[13.211951265865409,47.98526786766001],[13.232052840288869,47.98528769516557],[13.22540007362407,47.96278899189334],[13.211983392693368,47.97177240119195],[13.185201266874405,47.967242043094956]]],[[[13.292342519584269,48.00332011525545],[13.292334957133248,48.012317017824756],[13.305742970133323,48.01232131667553],[13.305745594957694,48.00782286833738],[13.292342519584269,48.00332011525545]]],[[[13.379487052888447,48.01231721133957],[13.372786205940502,48.016817966594694],[13.379490790719187,48.01681565269818],[13.379487052888447,48.01231721133957]]],[[[13.366081620620502,48.01681989236025],[13.35937903763777,48.021319865147376],[13.366084201963767,48.02131832738504],[13.366081620620502,48.01681989236025]]],[[[13.38619537485673,48.016812950670754],[13.386204009669909,48.02580981284288],[13.392909750294132,48.02580672216579],[13.392899958253306,48.01680986051252],[13.38619537485673,48.016812950670754]]],[[[13.352675297426105,48.02581944327731],[13.34597039978562,48.0303186266235],[13.352676722124167,48.03031786506514],[13.352675297426105,48.02581944327731]]],[[[13.399626443109746,48.034800077385285],[13.392924444665368,48.0393019639974],[13.399631921038369,48.03929848424649],[13.399626443109746,48.034800077385285]]],[[[13.299016525437091,48.04380831044159],[13.285596044981704,48.04830162601722],[13.29901331779074,48.04830670454971],[13.299016525437091,48.04380831044159]]],[[[13.446631901629145,48.0617551702155],[13.433227936349704,48.07076390266697],[13.446650984311344,48.070751888236785],[13.446631901629145,48.0617551702155]]],[[[13.399648360476414,48.05279366375412],[13.399686752167296,48.08428217275277],[13.406400022730667,48.084278301451235],[13.406387889130958,48.07528162035827],[13.42650860697436,48.06627097010997],[13.426493004649016,48.0572742351853],[13.399648360476414,48.05279366375412]]],[[[13.352695265245892,48.088796721951695],[13.34598140986929,48.08879748431588],[13.345977172374385,48.06630575530505],[13.339266216179483,48.06630612886591],[13.339267554350108,48.08879785802204],[13.332553386384175,48.09329616760737],[13.352695265245892,48.088796721951695]]],[[[13.319127460416397,48.08429831562785],[13.332553698788589,48.08879784307015],[13.332554011135086,48.08429951139906],[13.319127460416397,48.08429831562785]]],[[[13.433278263733595,48.09775389337561],[13.426571070054617,48.1022576277881],[13.433286656691488,48.10225220015816],[13.433278263733595,48.09775389337561]]],[[[13.46686456616751,48.10221923066998],[13.453443543314137,48.10673188272611],[13.466875862885631,48.10671752745148],[13.46686456616751,48.10221923066998]]],[[[13.440002241881558,48.10224638377215],[13.433295051096259,48.10675049972287],[13.440011216749847,48.10674468284615],[13.440002241881558,48.10224638377215]]],[[[13.325838057986976,48.09779408129918],[13.325835378853066,48.11128899006547],[13.345984802431392,48.10679073928205],[13.34598310586505,48.09779412617827],[13.325838057986976,48.09779408129918]]],[[[13.480308174661598,48.1067016170235],[13.466887161552732,48.11121581698695],[13.480320634451395,48.11119990521475],[13.480308174661598,48.1067016170235]]],[[[13.225064885691447,48.12023283493294],[13.231809859592518,48.10674421885599],[13.204933871176554,48.11121523310697],[13.211629079090423,48.12021919388044],[13.225064885691447,48.12023283493294]]],[[[13.399725190128487,48.115770333550934],[13.386294854542452,48.12027519440462],[13.39973068504783,48.120268613254126],[13.399725190128487,48.115770333550934]]],[[[13.110841341639231,48.1245655581405],[13.110802368945874,48.1335620464049],[13.117521975698345,48.133574897941706],[13.117559786383081,48.12457840749205],[13.110841341639231,48.1245655581405]]],[[[13.184731303101762,48.12918376854554],[13.178012249193582,48.129174807615215],[13.177957525161197,48.14716776254508],[13.184678903920032,48.147176726526915],[13.184731303101762,48.12918376854554]]],[[[13.305664012428629,48.147271544580505],[13.312389531198203,48.13827663537116],[13.292232606481692,48.133772504126654],[13.292225005821487,48.1427689985819],[13.305664012428629,48.147271544580505]]],[[[13.379603224524217,48.15176565824922],[13.372884415487793,48.15626619922382],[13.379606982307736,48.15626387931764],[13.379603224524217,48.15176565824922]]],[[[13.386329548481424,48.15626117025879],[13.379610740737537,48.16076209283364],[13.386333888582906,48.16075938354765],[13.386329548481424,48.15626117025879]]],[[[13.319103869738633,48.15627074897269],[13.319100916239817,48.16526716954211],[13.332548380023567,48.16526836723571],[13.332549006632043,48.156271946452435],[13.319103869738633,48.15627074897269]]],[[[13.231601977499816,48.21020303843939],[13.19123730336793,48.20566158664135],[13.184468943462006,48.219147340997836],[13.204638252269381,48.22816812226758],[13.231601977499816,48.21020303843939]]],[[[13.130623461624388,48.21906462224648],[13.117143147402414,48.22353813437588],[13.130605655140908,48.22356271227186],[13.130623461624388,48.21906462224648]]],[[[13.15075125114856,48.23709088757536],[13.150719111531197,48.24608700120121],[13.15745329563272,48.246097541232494],[13.157484268191917,48.23710142581271],[13.15075125114856,48.23709088757536]]],[[[13.292141223627604,48.24172841671015],[13.292133591125404,48.250724537922835],[13.298868394132796,48.25072689209684],[13.298874859356149,48.24173077047931],[13.292141223627604,48.24172841671015]]],[[[13.386420847760952,48.25072202030424],[13.38642956017442,48.25971810860824],[13.399907023411489,48.2642095416108],[13.399879406346788,48.24171930334527],[13.413346670531055,48.241711148125674],[13.413333296631793,48.23271499741397],[13.386407784772477,48.23722782687464],[13.37968604530824,48.250724734138004],[13.386420847760952,48.25072202030424]]],[[[13.143968272546198,48.25057411508767],[13.14393494852416,48.25957017809466],[13.150670881179883,48.25958111072717],[13.150703037538184,48.25058504585955],[13.143968272546198,48.25057411508767]]],[[[13.346012878404784,48.25523050471127],[13.346014585001944,48.26422657839224],[13.35948769749323,48.264224658872685],[13.359485676134566,48.25972662628721],[13.346012878404784,48.25523050471127]]],[[[13.480733017130811,48.259639167764604],[13.474009015947527,48.26414536672579],[13.480745550341503,48.26413719297646],[13.480733017130811,48.259639167764604]]],[[[13.521212835659048,48.27757397331858],[13.514490027087206,48.28208247759551],[13.521228883899099,48.28207196062576],[13.521212835659048,48.27757397331858]]],[[[13.244926725624167,48.2866812812968],[13.238178758241308,48.29117378409261],[13.244918810838236,48.29117926124311],[13.244926725624167,48.2866812812968]]],[[[13.467329335163132,48.28664315942116],[13.474092718436733,48.295631316217836],[13.48083334358649,48.29562313763031],[13.480808248944768,48.286627195121284],[13.467329335163132,48.28664315942116]]],[[[13.184258399210915,48.291115921726316],[13.177504600419889,48.2956048986773],[13.184245220755793,48.29561388788152],[13.184258399210915,48.291115921726316]]],[[[13.352759770709673,48.291213836029286],[13.346020562628297,48.2957125757844],[13.352761209792117,48.29571181056204],[13.352759770709673,48.291213836029286]]],[[[13.487600239596485,48.30461047624878],[13.480871001849309,48.309116988177706],[13.487613379526545,48.3091084172404],[13.487600239596485,48.30461047624878]]],[[[13.386473167353534,48.304698053949515],[13.372995927675206,48.31369898594995],[13.386481897822563,48.31369394221545],[13.386473167353534,48.304698053949515]]],[[[13.480871001849309,48.309116988177706],[13.474140593996815,48.31362310274432],[13.480883558952566,48.31361492139059],[13.480871001849309,48.309116988177706]]],[[[13.440452888960188,48.3271519141814],[13.453962797066012,48.336134855329945],[13.480933809125577,48.33160656864791],[13.494451896061905,48.34058479799678],[13.494410678437479,48.32709113164758],[13.480921243317198,48.327108669728716],[13.474152568070192,48.3181210281175],[13.440452888960188,48.3271519141814]]],[[[13.528184224559865,48.340534107803755],[13.514706802530773,48.345053424346716],[13.528200897592042,48.345031974935736],[13.528184224559865,48.340534107803755]]],[[[13.42699495892854,48.345154767868266],[13.420255182882663,48.349657698951226],[13.427002846102015,48.34965263665516],[13.42699495892854,48.345154767868266]]],[[[13.379765394860199,48.34518199957512],[13.37302151065384,48.34968219892565],[13.379769180584207,48.34967987065464],[13.379765394860199,48.34518199957512]]],[[[13.474284419907363,48.36759763614561],[13.487784405984545,48.36758086612188],[13.487758069129374,48.358585200757915],[13.474260428143975,48.35860196794561],[13.474284419907363,48.36759763614561]]],[[[13.494548153926402,48.372069713686884],[13.487784405984545,48.36758086612188],[13.487797577837968,48.37207868551658],[13.494548153926402,48.372069713686884]]],[[[13.906269027755199,46.52619785767598],[13.860510423515139,46.51292257579668],[13.82796918809629,46.517568701441895],[13.821370729383604,46.50859889977208],[13.782274762234543,46.508760670542095],[13.782349598763556,46.51775878649217],[13.769315372541863,46.51780970053434],[13.775906256991059,46.52678256229072],[13.815015381392902,46.526623001302596],[13.821614994898132,46.53559319503642],[13.847691958018652,46.53547774416102],[13.854124263308595,46.52644985420145],[13.906269027755199,46.52619785767598]]],[[[13.736830522320956,46.531427618030925],[13.730245605118327,46.522452464757315],[13.717210192534557,46.52249734524282],[13.723792933559809,46.531473260947735],[13.736830522320956,46.531427618030925]]],[[[13.560896892144019,46.5499129255402],[13.593545533572922,46.55884140158878],[13.59350233036267,46.549843143440434],[13.606521790312438,46.545313464529364],[13.567379175240609,46.54090146566755],[13.567417986479883,46.54989972425549],[13.560896892144019,46.5499129255402]]],[[[13.724642076778235,46.64845347746222],[13.737640575842638,46.63940950187329],[13.718044823066098,46.63947755228766],[13.724642076778235,46.64845347746222]]],[[[13.796853608477397,46.68867502459921],[13.790239275776045,46.67970329684754],[13.76409200012111,46.67980545397755],[13.770701957962654,46.68877871312404],[13.796853608477397,46.68867502459921]]],[[[13.757590627658608,46.68432916587639],[13.75108815518402,46.68885250483597],[13.757626095438697,46.68882828614084],[13.757590627658608,46.68432916587639]]],[[[13.75108815518402,46.68885250483597],[13.744584582509248,46.693375470733216],[13.751123078782928,46.69335162857038],[13.75108815518402,46.68885250483597]]],[[[13.70597603657257,46.78349357450775],[13.732040705142916,46.76540826608331],[13.731973985050315,46.75640996943669],[13.718849280422454,46.75195590632193],[13.718752566824351,46.73845846088657],[13.757910052532168,46.72482129735887],[13.757803523838549,46.71132390833067],[13.744687737555697,46.70687285626316],[13.744584582509248,46.693375470733216],[13.725001787879098,46.69794385875373],[13.725067261402906,46.70694212882058],[13.712050209549366,46.71598469997776],[13.679372650528585,46.72058796368972],[13.679488303370329,46.73858458420207],[13.699212210435691,46.752020689410614],[13.692876916597035,46.783535651082715],[13.70597603657257,46.78349357450775]],[[13.69933461878225,46.77001731971883],[13.70585135888024,46.76549693992817],[13.705882520430174,46.769996097192106],[13.69933461878225,46.77001731971883]],[[13.70585135888024,46.76549693992817],[13.712366995604434,46.76097618562468],[13.712398703547704,46.765475340101005],[13.70585135888024,46.76549693992817]]],[[[13.79747478538834,46.76066091748205],[13.817195969691806,46.769577308945784],[13.817114894900005,46.760579066028924],[13.79747478538834,46.76066091748205]]],[[[13.823784862094962,46.774048382805766],[13.817195969691806,46.769577308945784],[13.817236517329748,46.77407643182094],[13.823784862094962,46.774048382805766]]],[[[13.713002170518706,46.85095942759428],[13.732709143995447,46.855391408941394],[13.739165449230375,46.84187077211551],[13.719462935937388,46.837439915949524],[13.713002170518706,46.85095942759428]]],[[[13.59502582319377,46.86478834465563],[13.660621454656807,46.86461941994011],[13.634358070934983,46.86019235821285],[13.634307720962004,46.85119398099561],[13.62774982035326,46.851211059048104],[13.627675987216849,46.83771349234373],[13.653874108537805,46.833143737844395],[13.6537133114937,46.806148658981236],[13.620999534962024,46.815234245923115],[13.601450984216147,46.837777991194926],[13.568666855309093,46.83784761606428],[13.58838103818186,46.84680635621328],[13.588444932830768,46.860303949598574],[13.549159673400672,46.87837933600906],[13.575448098600104,46.887327626050215],[13.59502582319377,46.86478834465563]]],[[[13.745791305754679,46.85084555977512],[13.739267518988996,46.855368253726496],[13.745825888242566,46.85534471878278],[13.745791305754679,46.85084555977512]]],[[[13.851106709150274,46.8909095127057],[13.831627877155164,46.91349293102972],[13.857801595615333,46.904376872002246],[13.851106709150274,46.8909095127057]]],[[[13.739710418772585,46.91385737489778],[13.673911650878424,46.89157616354794],[13.654249934857422,46.89613232317743],[13.660895670673177,46.90961126695873],[13.654357476962716,46.91412907146522],[13.674140083791352,46.92756962209226],[13.706945144316187,46.922967824283056],[13.71357566254159,46.931944504705974],[13.726711288072032,46.93190002918128],[13.759478674633344,46.92278386883072],[13.759407120783372,46.91378555214504],[13.739710418772585,46.91385737489778]]],[[[13.713639491526328,46.94094284864554],[13.713735275450167,46.95444036374818],[13.726876454728874,46.95439586945554],[13.726810371322667,46.94539753369694],[13.713639491526328,46.94094284864554]]],[[[13.562569048706703,46.94584232110841],[13.55601802136511,46.95035446882384],[13.562588193328411,46.95034154854211],[13.562569048706703,46.94584232110841]]],[[[13.680794782640875,46.94104740024951],[13.648002692650252,46.95014082050265],[13.680882234463434,46.954544941819094],[13.68751229015801,46.963523143874944],[13.700624902033715,46.95898251129412],[13.693962938066182,46.945505897859235],[13.680853078930829,46.950045761439036],[13.680794782640875,46.94104740024951]]],[[[13.746831324074554,46.985820401644766],[13.74029106451321,46.990343155954605],[13.746866082218675,46.99031956135792],[13.746831324074554,46.985820401644766]]],[[[13.786316061720749,46.99016999926039],[13.786392272995,46.99916829220922],[13.792968360458744,46.99914202834484],[13.792891036304013,46.990143739829534],[13.786316061720749,46.99016999926039]]],[[[13.694205173775819,46.98149930885381],[13.635039461544947,46.98167051623345],[13.635090058652164,46.9906688949796],[13.648240252177283,46.99063350736254],[13.64839882611392,47.01762861527345],[13.694478080849803,47.021991869206865],[13.687809778099332,47.00851490939528],[13.661500578423427,47.008593325054704],[13.67456922838612,46.9950573431938],[13.707447316688684,46.99495458931686],[13.694205173775819,46.98149930885381]],[[13.67456922838612,46.9950573431938],[13.667965508736561,46.990577570696374],[13.674540584885492,46.990558163745064],[13.67456922838612,46.9950573431938]]],[[[13.635368648828916,47.04015994380486],[13.635419357311113,47.04915830830706],[13.648557561070893,47.04462370295921],[13.648531094052364,47.04012452333368],[13.635368648828916,47.04015994380486]]],[[[13.497486565407502,47.14841951956411],[13.543526440361898,47.11685036456042],[13.563279560147382,47.11231342371743],[13.583074355477692,47.11677255206703],[13.57640206612735,47.09878993744597],[13.589557598140834,47.09426216308171],[13.589514622160694,47.08526379692508],[13.648769458580222,47.08061711152453],[13.655409831018323,47.08959715597019],[13.675200613065794,47.09403913491615],[13.675085640882786,47.07604247397382],[13.701304426330225,47.057964260419496],[13.681524904862382,47.05352681629888],[13.668415472676884,47.06256440169734],[13.668359160537301,47.053566057227016],[13.648557561070893,47.04462370295921],[13.642079465283706,47.06263832224224],[13.622400198706334,47.07618730200215],[13.589428713848097,47.06726705317421],[13.589342863683193,47.049270295634386],[13.536714488972898,47.05837239776806],[13.516902590912627,47.04040862172514],[13.510350777288654,47.04941734840877],[13.490616536789545,47.05394511813112],[13.490642713102808,47.06294357037661],[13.503839362834889,47.07192336427791],[13.464349671793274,47.08097320472144],[13.43799558968415,47.076500615899484],[13.438021490586863,47.08999829471845],[13.451215961281179,47.098984181604585],[13.45123547676381,47.1079826228891],[13.497295100816784,47.08543054675961],[13.530246058180449,47.08987834532351],[13.53029543431864,47.10337598483936],[13.477618312286502,47.11695135049584],[13.477702354362169,47.148445823943796],[13.497486565407502,47.14841951956411]],[[13.556633228876054,47.09882876232857],[13.536850523921947,47.09436613011964],[13.53681649790841,47.08536770263653],[13.563144797619113,47.08081896783264],[13.556633228876054,47.09882876232857]],[[13.576361317100547,47.089791568491734],[13.569790527883544,47.09430326134185],[13.56977072083808,47.08980405340282],[13.576361317100547,47.089791568491734]],[[13.477534369777779,47.085456820118544],[13.470958882513692,47.089964037560826],[13.4709474552487,47.08546481513277],[13.477534369777779,47.085456820118544]],[[13.661886692999941,47.07158179799568],[13.655328633957959,47.076099644314496],[13.65530157743707,47.071600471890164],[13.661886692999941,47.07158179799568]],[[13.576218804119373,47.058297247135506],[13.569651948980372,47.06280878575747],[13.569632165398668,47.0583095714038],[13.576218804119373,47.058297247135506]]],[[[13.780681640074262,47.10267440831115],[13.741010641416507,47.08482541720128],[13.741113647138121,47.098322853911064],[13.793937124131173,47.111620409937366],[13.793820655792045,47.0981230333616],[13.780681640074262,47.10267440831115]]],[[[13.675200613065794,47.09403913491615],[13.67525812837797,47.10303745932877],[13.681847138434136,47.10301762989095],[13.681788505847697,47.094019308825196],[13.675200613065794,47.09403913491615]]],[[[13.668697319633784,47.107556069501044],[13.67525812837797,47.10303745932877],[13.668669113448672,47.10305690726389],[13.668697319633784,47.107556069501044]]],[[[13.668697319633784,47.107556069501044],[13.66213539323292,47.1120743002786],[13.668725530598776,47.112055230628094],[13.668697319633784,47.107556069501044]]],[[[13.780757057002237,47.1116726670903],[13.774204172906765,47.11619735317819],[13.780794775054336,47.1161717947826],[13.780757057002237,47.1116726670903]]],[[[13.71485635298833,47.111911059205376],[13.72147913692388,47.116388082978446],[13.721446449453412,47.11188893702613],[13.71485635298833,47.111911059205376]]],[[[13.728069786809266,47.11636557733528],[13.72147913692388,47.116388082978446],[13.721544528488863,47.12538637135673],[13.728136296577668,47.125363861913364],[13.728069786809266,47.11636557733528]]],[[[13.714984899708597,47.12990764337851],[13.708297820626212,47.116431949475285],[13.695146939705158,47.120973441646626],[13.701800217698565,47.12995075759855],[13.714984899708597,47.12990764337851]]],[[[13.754503311601812,47.12527000754122],[13.741354197570686,47.12981683461918],[13.75453881190457,47.12976914008772],[13.754503311601812,47.12527000754122]]],[[[13.774315688024014,47.129694735612105],[13.76116717574392,47.134243849520786],[13.77435287233609,47.134193860626425],[13.774315688024014,47.129694735612105]]],[[[13.530460202807015,47.14836804218751],[13.537106086859351,47.161854190347945],[13.556876528612221,47.15731837521791],[13.550262523937167,47.15283176947066],[13.556820334925435,47.14382079119432],[13.530460202807015,47.14836804218751]]],[[[13.695360281802607,47.15246747115061],[13.662329089135373,47.143568406051514],[13.662218377620977,47.12557178155386],[13.668810192185134,47.125552707074476],[13.66213539323292,47.1120743002786],[13.609390952535955,47.107713946552046],[13.602846583427144,47.11672793115857],[13.583074355477692,47.11677255206703],[13.576565200353834,47.13478336893439],[13.563375916998702,47.13480943011757],[13.56341448261024,47.143807823961176],[13.576626432725696,47.148280885496625],[13.57668769624552,47.161778389863684],[13.56351095387474,47.16630378485902],[13.563549565292254,47.175302159157525],[13.57670812434467,47.16627755514795],[13.589923482541831,47.17074808754161],[13.59647672030486,47.16173487707927],[13.642677002490574,47.1661191317473],[13.642781160049621,47.18411572448335],[13.629632797746675,47.19314876944628],[13.649433492556945,47.19309605931014],[13.65611527104268,47.206575134009164],[13.682522844069892,47.20649795558976],[13.682463982336861,47.197499697590196],[13.669262448727505,47.19753904464747],[13.669177557093853,47.18404163530958],[13.688944836017432,47.17948292193763],[13.688884913691645,47.17048464810426],[13.69548230532993,47.17046402957188],[13.695360281802607,47.15246747115061]],[[13.675661281940707,47.166025596654016],[13.669064435451363,47.16604506758344],[13.669007903409168,47.15704677481059],[13.67560362996469,47.157027307167944],[13.675661281940707,47.166025596654016]],[[13.616218146206363,47.152689607363726],[13.609646160129364,47.15720479847951],[13.609622939769704,47.15270563662631],[13.616218146206363,47.152689607363726]],[[13.642442906170377,47.12562671500154],[13.635876507222921,47.13014342695872],[13.635851073417024,47.12564426281932],[13.642442906170377,47.12562671500154]]],[[[13.794559290204134,47.183606226833355],[13.794442505396662,47.170108913586645],[13.787845201400433,47.17013526185138],[13.781399134611469,47.188157660351905],[13.794559290204134,47.183606226833355]]],[[[13.609739080956718,47.175201431512896],[13.609785565017646,47.18419973901777],[13.616384692292105,47.18418370028468],[13.616337087516216,47.1751853954863],[13.609739080956718,47.175201431512896]]],[[[13.622983815527713,47.18416727946431],[13.616408500738139,47.18868285033465],[13.623008184472969,47.188666428128506],[13.622983815527713,47.18416727946431]]],[[[13.794715095815139,47.20160262224712],[13.794598231689125,47.18810532812548],[13.788037073944373,47.19263078720331],[13.774799576395115,47.18818325330291],[13.774874115548153,47.1971814642008],[13.794715095815139,47.20160262224712]]],[[[13.748471335474632,47.19728003155767],[13.741767234618102,47.1838063682201],[13.715371063445023,47.183897269030695],[13.708835322781708,47.19291729284413],[13.695634951239748,47.192959693760265],[13.708866988859807,47.19741641731548],[13.70893033714476,47.206414661251245],[13.722068460249371,47.19737248410522],[13.761708895343808,47.20173061942524],[13.748471335474632,47.19728003155767]],[[13.722068460249371,47.19737248410522],[13.71543550053912,47.192895519166555],[13.722035672827193,47.19287336334322],[13.722068460249371,47.19737248410522]]],[[[13.689094730839265,47.20197857892457],[13.695665495968305,47.1974588218117],[13.689064741697452,47.197479450790894],[13.689094730839265,47.20197857892457]]],[[[13.794715095815139,47.20160262224712],[13.794793038308525,47.21060080992474],[13.807997716416443,47.2105469265192],[13.807957619985602,47.206047838090015],[13.801355845225538,47.20607496863524],[13.801316316444309,47.2015758761969],[13.794715095815139,47.20160262224712]]],[[[13.563781509180975,47.22929226961841],[13.596830901751012,47.233721271707616],[13.590160793936851,47.220238758449135],[13.563742819049063,47.220293935083966],[13.563781509180975,47.22929226961841]]],[[[13.563781509180975,47.22929226961841],[13.55719550027314,47.23380442326322],[13.563800859174929,47.23379143412578],[13.563781509180975,47.22929226961841]]],[[[13.550608368336977,47.2383161947425],[13.55719550027314,47.23380442326322],[13.550590138180546,47.23381702995139],[13.550608368336977,47.2383161947425]]],[[[13.530790579177117,47.23835172310663],[13.524200630324081,47.242861967749796],[13.53080712745162,47.24285088899204],[13.530790579177117,47.23835172310663]]],[[[13.590268809308752,47.24273444837076],[13.583683425181617,47.24724810819983],[13.59029042339069,47.2472335806695],[13.590268809308752,47.24273444837076]]],[[[13.755570945422829,47.26024332898612],[13.75539262856659,47.237747883240786],[13.73557534745283,47.23781899647426],[13.73574523715609,47.26031447225636],[13.755570945422829,47.26024332898612]]],[[[13.583704481095575,47.25174723976509],[13.57711741502551,47.25626051671956],[13.583725540586281,47.2562463693437],[13.583704481095575,47.25174723976509]]],[[[13.636769414498131,47.28761319062516],[13.663245332265515,47.292039584607906],[13.669801101192235,47.28302225980964],[13.643329149114699,47.278597381835986],[13.636769414498131,47.28761319062516]]],[[[13.636795004209768,47.29211229259848],[13.62354534936915,47.28764724457166],[13.617005027598728,47.30116100927817],[13.636846196687578,47.30111048981213],[13.636795004209768,47.29211229259848]]],[[[13.75632153398889,47.354723602581295],[13.756393158612665,47.363721667544596],[13.74315012078092,47.363769572003704],[13.736426242156638,47.350295829714106],[13.756178357889636,47.33672744139288],[13.78926892525683,47.33660103532183],[13.795769557805501,47.323077495932566],[13.7560352792385,47.318731239990235],[13.71650187964725,47.34136553966379],[13.723285519969737,47.36383855338509],[13.703452175603005,47.368403128274906],[13.716728851791952,47.372858858184856],[13.716891140495646,47.39535400427513],[13.743358366593249,47.39076372601727],[13.776557963213774,47.399639035532154],[13.776482851378178,47.39064102738527],[13.809566806038795,47.3860097424238],[13.809486086309134,47.37701173964643],[13.796161329875222,47.368067768786545],[13.782955324095516,47.37261929543308],[13.782841088149286,47.35912223548073],[13.769525359619708,47.3501751407284],[13.75632153398889,47.354723602581295]]],[[[13.802743593841795,47.36354192571331],[13.796161329875222,47.368067768786545],[13.80278336536317,47.36804093900281],[13.802743593841795,47.36354192571331]]],[[[13.637333394979823,47.38659287534467],[13.624109083086811,47.39112604192735],[13.637359080673482,47.391091921787734],[13.637333394979823,47.38659287534467]]],[[[13.557874018798959,47.39577292164703],[13.551266722252048,47.40028464563024],[13.557892925936201,47.40027199950624],[13.557874018798959,47.39577292164703]]],[[[13.756823419178605,47.41770982461127],[13.74360158926866,47.42225677590448],[13.75685931395924,47.422208818797166],[13.756823419178605,47.41770982461127]]],[[[13.817175453700802,47.49395717149868],[13.830324486700043,47.480403931371136],[13.80377985966913,47.48051531962888],[13.803859762941753,47.48951318407473],[13.817175453700802,47.49395717149868]]],[[[13.757434463852944,47.49419229402103],[13.750831976012103,47.49871543803333],[13.757470462889025,47.498691232831305],[13.757434463852944,47.49419229402103]]],[[[13.564967903258255,47.50373688048247],[13.55829072118725,47.49475192346658],[13.545014535437977,47.49477687627443],[13.545068076309597,47.50827389549983],[13.564967903258255,47.50373688048247]]],[[[13.817298783348086,47.50745391775192],[13.8372602544638,47.51186750545723],[13.837131798277625,47.49837079144639],[13.817216556563766,47.49845609043327],[13.817298783348086,47.50745391775192]]],[[[13.677866644841721,47.507954240051596],[13.6645591956648,47.50349409078179],[13.658002585097723,47.51700978309418],[13.677925067218128,47.51695213770283],[13.677866644841721,47.507954240051596]]],[[[13.810780911247807,47.520978307946734],[13.804019651360006,47.5075088713217],[13.790779346470499,47.512061204746516],[13.797498360654023,47.52103250644321],[13.810780911247807,47.520978307946734]]],[[[13.697847504439173,47.516891031959446],[13.671341551736358,47.52596962382532],[13.678071210490742,47.53944681810353],[13.70455128992503,47.52586776370766],[13.697847504439173,47.516891031959446]]],[[[13.837646018243493,47.5523574505836],[13.837560241682985,47.543359711169245],[13.864181656029455,47.54773935919944],[13.870734826582918,47.53871086991379],[13.837474494435636,47.53436195661689],[13.817627971527825,47.543445082302895],[13.8177103389054,47.55244283615505],[13.804459908204672,47.556996712036096],[13.804620206915386,47.57499217642454],[13.797972109748082,47.57501911073194],[13.804820734551573,47.597486417225305],[13.824606255210323,47.57940791331724],[13.817751533153995,47.55694170733635],[13.837646018243493,47.5523574505836]]],[[[13.725142212229851,47.61577977096668],[13.72497571313748,47.593285486220985],[13.758263999616887,47.59766695080667],[13.758191736536446,47.58866923611134],[13.738242170611594,47.588740819589574],[13.724875882008009,47.57978886613373],[13.72480935636652,47.57079109935307],[13.738070153748883,47.56624643206485],[13.737967014187156,47.55274975229597],[13.724676373298644,47.552795518652836],[13.718161753294229,47.57081341296352],[13.66498073572256,47.57097806642922],[13.68501321358993,47.58441588460245],[13.671800713659941,47.59795216898705],[13.671886946434386,47.611448782450964],[13.691906150230494,47.620386434894876],[13.672030766111764,47.633943053973184],[13.70530877371054,47.633840987030595],[13.705182310407904,47.61584561281623],[13.725142212229851,47.61577977096668]],[[13.691936623680059,47.62488528414942],[13.698622128713607,47.62936333216554],[13.691967102344709,47.62938412912637],[13.691936623680059,47.62488528414942]]],[[[13.098881680445729,47.80064740681426],[13.105518913098411,47.80965835623564],[13.132213494999759,47.81420737442256],[13.132248549376857,47.80520997132271],[13.172397803580353,47.77828147624364],[13.16573840830426,47.773773055838085],[13.165796937471642,47.75577802040946],[13.192481626908597,47.75581438441712],[13.205756805927173,47.78282279783851],[13.212431426135325,47.78283015457824],[13.21246330459978,47.76933390153597],[13.225818587644458,47.76484868976286],[13.23252651896121,47.746859781871784],[13.252536652887352,47.746876044658826],[13.25918687611504,47.76037703367859],[13.325904576469041,47.760402287319216],[13.339248915756281,47.77389900401421],[13.345918219274884,47.75140477176326],[13.359259472737765,47.751402870115406],[13.3659249893478,47.74240376080066],[13.385937701927766,47.7468956459684],[13.38592061758389,47.72890044999145],[13.405917914850415,47.72439126061021],[13.4192237801687,47.70638712448402],[13.45925537337422,47.724346601908785],[13.459223696248616,47.710850152609815],[13.492510737974426,47.697313223984956],[13.532526784478476,47.70624961847314],[13.539156822426026,47.69724040979336],[13.585828288103237,47.70164577442837],[13.605751582413285,47.68810426892582],[13.60570534475102,47.67910665077106],[13.585678438076675,47.67015410082517],[13.58563565676256,47.66115643841231],[13.572272879086432,47.65218836426639],[13.585571512245847,47.647659911137424],[13.585464677867312,47.625165611109345],[13.605405185526873,47.62062169340568],[13.605359066418606,47.611623942415754],[13.658360658194486,47.57549581895181],[13.638415974408481,47.57555006352769],[13.638364246798725,47.56655224487004],[13.605059676315022,47.55313816208186],[13.611610828110864,47.535126644131935],[13.558518673500311,47.54873978004608],[13.55181844255889,47.53525554360741],[13.5186180012297,47.53981214650015],[13.51858680532927,47.53081418029218],[13.47871869031748,47.52637163544926],[13.491962919033087,47.512857361307475],[13.511869051735873,47.50832956581527],[13.51846212817931,47.494822169911856],[13.538376437948003,47.494788776181466],[13.551634221971735,47.49026557968126],[13.551597415570239,47.481267544661456],[13.56488972858903,47.4857408467551],[13.571486478401507,47.47672937657792],[13.591375828025583,47.47218712461997],[13.58461328110018,47.44520765337686],[13.597876897107422,47.44517810624743],[13.597921593496602,47.45417613430459],[13.611210945145334,47.458644052632934],[13.624477926860997,47.458611425499434],[13.624428693182152,47.44961341462684],[13.637667650616972,47.44508024964451],[13.650984955184319,47.45404256454651],[13.644404689888335,47.46305860051326],[13.704079437383017,47.458383401442],[13.743984383321129,47.471745550057996],[13.770524713769944,47.471648010031906],[13.764035817592427,47.48966876633933],[13.757398470962096,47.489693351732654],[13.764108943619483,47.498666643281624],[13.777385886253462,47.49861631114134],[13.777310492035793,47.489618442706934],[13.790507504860289,47.48056870847811],[13.7837183914227,47.462599030271356],[13.796986227107434,47.462546427639055],[13.803460519162973,47.4445237281807],[13.816723784940022,47.44446883960583],[13.830071345541946,47.45341031387255],[13.830155697131472,47.46240819959508],[13.810335017592992,47.471490175460396],[13.836960625687592,47.48037512377698],[13.830408924708571,47.489401776983186],[13.843813576284438,47.502840495514974],[13.857091487144062,47.50278093410395],[13.850232881660974,47.48031635595742],[13.88346013839369,47.484661616880764],[13.863595213998547,47.489253871906676],[13.870369367596798,47.502719835207486],[13.903515447536728,47.49806147944005],[13.910300944352814,47.51152506155138],[13.903709429524946,47.51605698634829],[13.910399103471502,47.520522795067755],[13.870597720928291,47.52521425932533],[13.877239486788213,47.525183120159994],[13.877378295974117,47.538679722848336],[13.890570392013547,47.52961855414501],[13.910497296134336,47.529520513987165],[13.904000651156917,47.54305013751758],[13.943812538889132,47.53834709767305],[13.930474937149436,47.5339178581121],[13.930373321024998,47.52492016374077],[13.943656694736928,47.52485057935749],[13.950403391099657,47.53381288699685],[13.990260054069113,47.53359256087855],[13.98345126379798,47.52013376923698],[14.01688917675863,47.53793678611419],[14.04346220798638,47.537776043443266],[14.043159934135886,47.515282069240946],[14.036519530033429,47.515322814591734],[14.036339991527049,47.501826375979476],[14.016481958325485,47.50644510150682],[14.003089339038373,47.497525449039294],[13.943293368842617,47.4933585758368],[13.936553063891797,47.48439578660582],[13.923279883114827,47.4844645495862],[13.923079333395753,47.46646897943432],[13.850101179340662,47.466819584332455],[13.843336818821767,47.45335234388366],[13.863055036967129,47.4352667487466],[13.796750240729244,47.43555266182183],[13.796868203726607,47.44904955914606],[13.776858666742251,47.435630949932],[13.743740704019253,47.44025273821773],[13.737041132290996,47.43127817005924],[13.730411123965105,47.4313011930128],[13.730478430008112,47.440299175833744],[13.604485790997122,47.44066373922851],[13.597765222782142,47.422682981099626],[13.617628111466097,47.41813677031662],[13.60430266390684,47.404671488367285],[13.564597048190382,47.4182552475484],[13.584549660324397,47.43171058009705],[13.571345883109151,47.44523614882065],[13.551431942063628,47.440776222417036],[13.551395204646209,47.431778115531955],[13.544765040025196,47.43179038525675],[13.544818453196136,47.445287543992805],[13.524987313928884,47.46331823744688],[13.498395337679815,47.44536270254808],[13.491763453822614,47.44537190358506],[13.485182443637797,47.463376919249136],[13.465279977908247,47.4634010747259],[13.451981991841103,47.44991810402018],[13.451962222910979,47.44091998544121],[13.458593552908562,47.4409130888412],[13.451942460713491,47.431921854296974],[13.48506802152887,47.42288540129317],[13.551376840633553,47.42727905744463],[13.551266722252048,47.40028464563024],[13.54464051544322,47.400296908105595],[13.544676078741219,47.40929505931937],[13.52479404955743,47.409329550673945],[13.498270812712079,47.4048710866573],[13.491617503096316,47.39588210945381],[13.445247103876927,47.400434807244494],[13.431978272914808,47.391448483674324],[13.41211587148487,47.400461591061465],[13.412148271281442,47.42295701636117],[13.392265824561974,47.427467564681315],[13.385644623311402,47.43646876646028],[13.398906175669396,47.4364622687511],[13.39891688614732,47.44546040060062],[13.405548792897214,47.445456575234815],[13.398922242752125,47.449959461786335],[13.398949039443863,47.47245471922129],[13.412232639829694,47.48144475893801],[13.432141944281943,47.48142981699043],[13.425536043922998,47.49943129471594],[13.44545214436361,47.49941404153479],[13.465401356241653,47.512890367431815],[13.458834345198921,47.54439062497068],[13.41233022048101,47.54892990013384],[13.405625866573939,47.50394410928177],[13.385708043580314,47.50395444471769],[13.37243568983092,47.51295744634354],[13.385720747048218,47.51745148811568],[13.372438789956734,47.517456457652095],[13.372444991787356,47.52645446941166],[13.365802877028642,47.52645637775099],[13.379090775557595,47.53095117671335],[13.372454298482772,47.53995145949302],[13.30601610530432,47.539953237919114],[13.299362846946408,47.5534482563534],[13.259483164680331,47.5579275227753],[13.279411719787648,47.566937052588806],[13.286037505410066,47.58943493472828],[13.279382574503233,47.59393078549118],[13.24613709225808,47.589410591348404],[13.226158657838646,47.60289003610531],[13.186248076809196,47.60284489022374],[13.192863032753094,47.61635014495452],[13.206181103878736,47.61186704814122],[13.21946692940641,47.62087916658818],[13.219436941158932,47.634375891106735],[13.246052257825443,47.6388987423608],[13.246029093330458,47.652395420880765],[13.186068187394714,47.66582946520245],[13.186042453601852,47.674827191029216],[13.206013948723326,47.67935038819572],[13.205969301245347,47.697345774373495],[13.239296347215372,47.692879798324405],[13.245928575698803,47.71088055649084],[13.212590654036454,47.715348432442376],[13.205891094266395,47.728837517523424],[13.139213745698965,47.728742793569886],[13.125842211117599,47.73771679345205],[13.125806102135037,47.74671435059748],[13.105796100293439,47.74667607669847],[13.105716972030136,47.764671117494196],[13.119042907480734,47.769195778018094],[13.119005608720855,47.77819326177487],[13.105637789332455,47.78266607614936],[13.10555855214415,47.80066095088899],[13.098881680445729,47.80064740681426]],[[13.27921684830229,47.746892322110945],[13.245874357647795,47.742372220499504],[13.245897601953292,47.728875822473874],[13.27257954795878,47.71989601217464],[13.265937033870925,47.70189682852429],[13.299258685452223,47.7019123350468],[13.299268179203363,47.688415799145425],[13.325918653589346,47.688421257912],[13.319250232982927,47.706415845191074],[13.405893982491664,47.70639597019358],[13.399239902635877,47.71539746975565],[13.379238070268629,47.71090786212776],[13.372581966827024,47.724406627354625],[13.352580390838442,47.72441121541712],[13.345914871355799,47.73340959226178],[13.332578197115993,47.73340994902872],[13.325914258743145,47.71091546310403],[13.319248781968156,47.710914676672736],[13.305904850101026,47.733406029791915],[13.279231510276986,47.733395933528975],[13.27921684830229,47.746892322110945]],[[13.305904850101026,47.733406029791915],[13.31257116156883,47.737906390866286],[13.305902252918433,47.73790483182618],[13.305904850101026,47.733406029791915]],[[13.292556951460595,47.746898143865074],[13.292549463270996,47.755895712190764],[13.279211959291674,47.751391108299835],[13.27921684830229,47.746892322110945],[13.292556951460595,47.746898143865074]],[[13.5186336031756,47.54431112399416],[13.538583953948756,47.54877667012883],[13.538653220506637,47.566772515384336],[13.551984510295101,47.57574619369322],[13.591922009055143,47.58466098423931],[13.591987707663451,47.59815768679039],[13.512169856958336,47.598308934149834],[13.492042848142399,47.53985132387335],[13.511959185447603,47.53532353571199],[13.5186336031756,47.54431112399416]],[[13.836960625687592,47.48037512377698],[13.843553415795451,47.475847008958674],[13.843596757373499,47.48034593197222],[13.836960625687592,47.48037512377698]],[[13.883506896034557,47.48916051757825],[13.890191440134139,47.49362752547215],[13.883553661659095,47.49365941482083],[13.883506896034557,47.48916051757825]],[[13.936655657736393,47.49339353958892],[13.923430385302614,47.49796119129273],[13.930170192909689,47.50692473108658],[13.916891324389681,47.50699275435188],[13.910055693199007,47.489030665348324],[13.936655657736393,47.49339353958892]],[[13.930170192909689,47.50692473108658],[13.936860950570605,47.51138900351773],[13.930220961927375,47.51142359467002],[13.930170192909689,47.50692473108658]],[[13.219486912994595,47.611881328966],[13.232792728967306,47.611894069066494],[13.23278387738845,47.61639299107066],[13.21946692940641,47.62087916658818],[13.219486912994595,47.611881328966]],[[13.125806102135037,47.74671435059748],[13.132458622548581,47.75122510831864],[13.125788042988514,47.7512131216502],[13.125806102135037,47.74671435059748]],[[13.139129205114708,47.751236708795965],[13.139095368530736,47.760234239729925],[13.132423640452037,47.76022263728178],[13.132458622548581,47.75122510831864],[13.139129205114708,47.751236708795965]],[[13.139129205114708,47.751236708795965],[13.145816131908754,47.74674914907346],[13.145799790588587,47.751247923081955],[13.139129205114708,47.751236708795965]],[[13.172496210470317,47.7467901408161],[13.165811563473586,47.75127924878936],[13.165826186960864,47.746780472119575],[13.172496210470317,47.7467901408161]],[[13.525813118802702,47.692764310185154],[13.5191656593065,47.69727393067341],[13.519149966376965,47.69277509710137],[13.525813118802702,47.692764310185154]],[[13.572455102311434,47.692678000318665],[13.552465699674254,47.69271730485593],[13.539104609693224,47.68374390353016],[13.539069816104757,47.674746209469546],[13.55905238388179,47.67470923202514],[13.572414583985688,47.68368033554008],[13.572455102311434,47.692678000318665]],[[13.279290082423218,47.67940994227342],[13.272623162030737,47.683905314919826],[13.27262860956667,47.679406456622885],[13.279290082423218,47.67940994227342]],[[13.365889270328568,47.679420159589085],[13.345904841015162,47.679423586826736],[13.345903171245455,47.67042585348722],[13.359223840417355,47.67042395464573],[13.365889270328568,47.679420159589085]],[[13.47246107811928,47.67484440127403],[13.452488385027177,47.67936519836635],[13.452478413284886,47.67486633889029],[13.47246107811928,47.67484440127403]],[[13.525748089199938,47.67476893292199],[13.499090636118812,47.67031089291374],[13.499034793347763,47.6523154105646],[13.485693117481766,47.643335727763656],[13.485654695777606,47.62983903847829],[13.525585709864991,47.62978017311626],[13.525618163506564,47.63877796037999],[13.512335738605751,47.64779690039188],[13.53232487595605,47.65226344433314],[13.525683104116439,47.656773482396375],[13.525748089199938,47.67476893292199]],[[13.545551180761827,47.62974553875336],[13.518914894526864,47.62529204627633],[13.525553267324739,47.62078236864394],[13.518852310522119,47.60729639977396],[13.545479468965762,47.61174992452121],[13.545551180761827,47.62974553875336]],[[13.445808122377603,47.670374015547395],[13.43914779989966,47.67038017065307],[13.439130148151902,47.661382426780875],[13.445789329024324,47.66137627271271],[13.445808122377603,47.670374015547395]],[[13.465789079776311,47.670353236597414],[13.45912876241379,47.670360548519426],[13.459107685851977,47.66136280795564],[13.46576686161159,47.66135549726707],[13.465789079776311,47.670353236597414]],[[13.392520675113106,47.66591358703456],[13.379201152468406,47.66591934145958],[13.379197464148016,47.66142046406311],[13.392511016271076,47.65691582871157],[13.392520675113106,47.66591358703456]],[[13.558995078255164,47.66121266603185],[13.552354465856137,47.665724235198084],[13.55233593799452,47.661225374259885],[13.558995078255164,47.66121266603185]],[[13.312607555334349,47.65692721895531],[13.305946343974282,47.66142454454481],[13.305948933531822,47.65692566233578],[13.312607555334349,47.65692721895531]],[[13.359217912266379,47.656927321048315],[13.345901502033236,47.66142810194789],[13.345900667636096,47.65692921942248],[13.359217912266379,47.656927321048315]],[[13.412493410553807,47.66140318764832],[13.405834223116232,47.661407414013325],[13.405822283485271,47.65240964795436],[13.412480329705229,47.65240542230017],[13.412493410553807,47.66140318764832]],[[13.445761151042449,47.64787962481734],[13.439094862758036,47.64338688531851],[13.445751761592993,47.643380733324705],[13.445761151042449,47.64787962481734]],[[13.439094862758036,47.64338688531851],[13.432429715101838,47.63889375502127],[13.439086045178497,47.63888798892312],[13.439094862758036,47.64338688531851]],[[13.25938465639783,47.625411685749846],[13.252722886556374,47.62990595847864],[13.25273003277737,47.62540704783074],[13.25938465639783,47.625411685749846]],[[13.432388499660602,47.616399205820564],[13.42574268853349,47.62090350311625],[13.425735018038864,47.616404584276076],[13.432388499660602,47.616399205820564]],[[13.50557668315909,47.616314618706404],[13.498937160406589,47.62082314657276],[13.498923222382682,47.61632423450955],[13.50557668315909,47.616314618706404]],[[13.312647859993442,47.56694867082878],[13.33259077170162,47.54895511810555],[13.365813015094476,47.54445235770331],[13.379112805890816,47.55794509942219],[13.399051075062205,47.55793590794303],[13.399077981462353,47.58043073382145],[13.392433864022228,47.584933137472056],[13.41238236558762,47.58492163144846],[13.42569668520524,47.59390992735581],[13.425712014412127,47.60290780255717],[13.379149573107945,47.60293465896953],[13.379142214659089,47.59393677925525],[13.365838390368765,47.589442039419765],[13.365830773265847,47.575945176193294],[13.359182406568069,47.575946701361914],[13.35253684136943,47.58494575488326],[13.339237830890804,47.58494688079355],[13.345890665723754,47.60294228861295],[13.339239146681184,47.60744159352124],[13.292672688587759,47.60743340357139],[13.286033214969034,47.59393388043843],[13.3126418231828,47.58044555825455],[13.312647859993442,47.56694867082878]],[[13.458981377734618,47.60737599473243],[13.432339087568408,47.58940560788292],[13.432314400496752,47.575908753834796],[13.458897316104007,47.571384449917446],[13.465567239660661,47.580375060727185],[13.485526765663133,47.58484979878094],[13.485577911470735,47.60284554450961],[13.458981377734618,47.60737599473243]],[[13.432306174281502,47.57140979450985],[13.42563542067397,47.55791826556589],[13.465489774542414,47.54888231010587],[13.465511897986719,47.55788025828844],[13.452239602167964,47.566892401683624],[13.432306174281502,47.57140979450985]],[[13.485526765663133,47.58484979878094],[13.492162895439655,47.580342012809034],[13.492176245424014,47.58484095862711],[13.485526765663133,47.58484979878094]],[[13.565183159076803,47.553225676778794],[13.558556710992724,47.557737704161525],[13.558537690621852,47.5532387440201],[13.565183159076803,47.553225676778794]],[[13.385746173437603,47.544445476695884],[13.379105459949185,47.5489471403255],[13.379101787915067,47.54444815505837],[13.385746173437603,47.544445476695884]],[[13.963528055343893,47.52024448108634],[13.95694003295755,47.524779456874704],[13.956886967406778,47.52028061605714],[13.963528055343893,47.52024448108634]],[[13.465368230478472,47.499393329051934],[13.458740009650986,47.50389963452423],[13.458729536860119,47.4994006175795],[13.465368230478472,47.499393329051934]],[[13.896685536387421,47.480098566028275],[13.89009678303151,47.48462973292403],[13.890049466598894,47.48013083149479],[13.896685536387421,47.480098566028275]],[[13.46531305851834,47.47689819545182],[13.45868766354874,47.481404515076406],[13.45867719968164,47.47690548090757],[13.46531305851834,47.47689819545182]],[[13.491829885547393,47.46786713998853],[13.485207894616687,47.472374998983604],[13.485195168042521,47.467875960769916],[13.491829885547393,47.46786713998853]],[[13.43874333108588,47.46342790454051],[13.412200168299265,47.45894953780721],[13.438725817363851,47.4544298030922],[13.43874333108588,47.46342790454051]],[[13.458645818778836,47.46340835833927],[13.452021549912997,47.46791430259996],[13.4520116578675,47.463415257846265],[13.458645818778836,47.46340835833927]],[[13.777046814864958,47.45812579592483],[13.757182642578872,47.46269962650756],[13.75714669266066,47.45820066064515],[13.777046814864958,47.45812579592483]],[[13.74384510237595,47.453749677009306],[13.737246515265495,47.45827206887045],[13.737212270171858,47.45377309371629],[13.74384510237595,47.453749677009306]],[[13.418805549608768,47.44094870927851],[13.412180698639899,47.44545236589171],[13.41217421096158,47.44095330221255],[13.418805549608768,47.44094870927851]],[[13.511554309227398,47.41384970222508],[13.491683810435198,47.4183775156182],[13.491670544450068,47.413878440282765],[13.511554309227398,47.41384970222508]],[[13.53806595946889,47.41380601235132],[13.524826232845614,47.41832769591383],[13.524810139830784,47.413828624782234],[13.53806595946889,47.41380601235132]],[[13.471775191550272,47.40940464416367],[13.465158826902497,47.41391138521902],[13.465147824425117,47.409412304129106],[13.471775191550272,47.40940464416367]],[[13.438638338159654,47.40943910682619],[13.43200278811885,47.40494576142842],[13.438629598425734,47.40494002052944],[13.438638338159654,47.40943910682619]],[[13.43200278811885,47.40494576142842],[13.42536836841932,47.40045202849114],[13.431994614994094,47.40044667172759],[13.43200278811885,47.40494576142842]],[[13.45851002003965,47.40492049572658],[13.445265712197916,47.40943298172692],[13.44525640724576,47.40493389594608],[13.45851002003965,47.40492049572658]],[[13.48501722354393,47.40488909108086],[13.478402556706111,47.409396600482054],[13.478390425669273,47.40489751776771],[13.48501722354393,47.40488909108086]]],[[[13.738414334629164,47.6112351056738],[13.731795501567552,47.61575705328848],[13.73844878510787,47.61573395041365],[13.738414334629164,47.6112351056738]]],[[[13.78513695242489,47.62905790982944],[13.785213887374475,47.638055531671725],[13.805182116855743,47.637975789098085],[13.805101761565584,47.62897818074172],[13.78513695242489,47.62905790982944]]],[[[13.805342910004617,47.65597095322202],[13.811960475149968,47.65144481032708],[13.805222304819242,47.64247458674418],[13.785252364728214,47.642554336061735],[13.785329339202043,47.65155193164125],[13.77201373128976,47.65160317957976],[13.805342910004617,47.65597095322202]]],[[[13.785521890769294,47.67404584229514],[13.798763855471742,47.66499548844631],[13.778747398235456,47.66057533049868],[13.785521890769294,47.67404584229514]]],[[[13.685821303416812,47.70588425346869],[13.679185992215073,47.71040307530718],[13.685851304486357,47.710383018444766],[13.685821303416812,47.70588425346869]]],[[[13.566305086776989,47.80965937140446],[13.57308491631122,47.83213926823531],[13.613222037834749,47.84104489191919],[13.59988074975981,47.84557483524242],[13.599926132190037,47.854572075044096],[13.613317401196705,47.85903936087592],[13.640054495115143,47.858972066135806],[13.633293525730743,47.84549363968944],[13.646658606071425,47.845458453369254],[13.64660519466228,47.836461210711335],[13.673388710893581,47.845383438290106],[13.726848674961708,47.8452148384711],[13.766906356609804,47.84057355442228],[13.766832272473186,47.83157636592391],[13.773512982708349,47.83155123525109],[13.739970464018608,47.81367854484369],[13.746613617086249,47.80915633849246],[13.739831654545396,47.7956839816296],[13.719770223013342,47.79125370560206],[13.719704306372137,47.7822563697475],[13.692914534950107,47.768846050704255],[13.692853258210393,47.759848648289015],[13.679451083721029,47.75089175588186],[13.659467429720925,47.755448377478956],[13.639324078768965,47.73300912106786],[13.545964477827438,47.73321893025608],[13.532678488482173,47.74673880065933],[13.546054540731367,47.755712811684035],[13.506027581435978,47.755778768441395],[13.505983841410693,47.742282437881464],[13.499314390041373,47.742292076445416],[13.432652888363917,47.7603623509801],[13.3792787526368,47.76039467947982],[13.39929948190767,47.76488422397624],[13.39931032654772,47.773881750018845],[13.405983813309746,47.773877901115696],[13.3993266004664,47.787378000107964],[13.406001807152007,47.78737415023404],[13.406013808181267,47.79637162333932],[13.446062463275998,47.791841671980045],[13.439368957204515,47.78285036165589],[13.466067449672549,47.782823370753086],[13.466089770818854,47.79182084565497],[13.472765536303058,47.79181313057018],[13.479416684822024,47.78280755676535],[13.519480083298204,47.78724957463488],[13.546162718206924,47.782705301521744],[13.559569462364308,47.79617638155732],[13.559627063484596,47.80967250174067],[13.566305086776989,47.80965937140446]],[[13.659967958219168,47.83642448312285],[13.686663281570816,47.8318477663027],[13.686693427131633,47.8363463863036],[13.659967958219168,47.83642448312285]],[[13.686663281570816,47.8318477663027],[13.693313346910337,47.827328653004514],[13.693344061645723,47.83182727682466],[13.686663281570816,47.8318477663027]],[[13.693344061645723,47.83182727682466],[13.713418813173819,47.83626210065081],[13.693374781658227,47.83632589509245],[13.693344061645723,47.83182727682466]],[[13.652769186294815,47.75096818259786],[13.646125316496269,47.755485049211096],[13.646098700035973,47.75098632382281],[13.652769186294815,47.75096818259786]],[[13.499440521474497,47.78278093761707],[13.492752460614966,47.77829145455902],[13.499426497256378,47.778282195869544],[13.499440521474497,47.78278093761707]],[[13.586364936785902,47.814114072442315],[13.60640057677459,47.814068863718056],[13.613150558304202,47.827548981240604],[13.586407968196053,47.82311139517227],[13.586364936785902,47.814114072442315]],[[13.693251933265465,47.81833138881811],[13.6866030059829,47.82285050967203],[13.686572875953134,47.818351873097804],[13.693251933265465,47.81833138881811]],[[13.64647174639014,47.813968006919566],[13.633063655561667,47.805005846680814],[13.673127830617133,47.80489572911952],[13.673156797404905,47.809394385383236],[13.64647174639014,47.813968006919566]],[[13.673098868802498,47.80039706747046],[13.699743428026864,47.791318605526804],[13.71315942227437,47.80027304374973],[13.713256652096979,47.81376898104054],[13.706578184951551,47.81379062349988],[13.706514507313845,47.80479333370738],[13.679834716946502,47.80937467777973],[13.673098868802498,47.80039706747046]],[[13.57290172187009,47.79165102585831],[13.566245764294871,47.796163254550656],[13.566225996921798,47.79166453824007],[13.57290172187009,47.79165102585831]],[[13.586214443130991,47.782623273015474],[13.579560819356796,47.78713626364451],[13.57953990471488,47.78263756084839],[13.586214443130991,47.782623273015474]],[[13.57284071992502,47.77815484866344],[13.559511890895992,47.782680213424435],[13.55949270699193,47.77818148018749],[13.57284071992502,47.77815484866344]],[[13.612888781472462,47.77806355586324],[13.60623803586829,47.78257809102989],[13.606214831674446,47.778079388014696],[13.612888781472462,47.77806355586324]],[[13.486078421667102,47.77830032685932],[13.479404380511246,47.77830881277024],[13.479342890591115,47.755815015113775],[13.492685240620538,47.75579766422864],[13.486078421667102,47.77830032685932]],[[13.546126646676342,47.77370782559049],[13.539470663155248,47.77821852957198],[13.539453202135668,47.7737197879871],[13.546126646676342,47.77370782559049]],[[13.606122054697178,47.76008452405698],[13.626161922271637,47.764534604515994],[13.626186833484304,47.769033318988534],[13.61286500807546,47.77356484896872],[13.599473008454963,47.76459868963025],[13.599427781559593,47.75560123447686],[13.606122054697178,47.76008452405698]],[[13.612793712349747,47.76006869725718],[13.619441036047796,47.755553758090585],[13.619465365927438,47.7600524842077],[13.612793712349747,47.76006869725718]],[[13.626161922271637,47.764534604515994],[13.63280866046476,47.760018899360965],[13.632834140290036,47.76451761753224],[13.626161922271637,47.764534604515994]],[[13.659522967669133,47.76444580678758],[13.6528779708668,47.76896304742648],[13.652850767725296,47.76446433889441],[13.659522967669133,47.76444580678758]],[[13.5327291085162,47.760235105318515],[13.519401376197491,47.76475585266615],[13.519385642875264,47.76025709276254],[13.5327291085162,47.760235105318515]],[[13.566087720247562,47.76017337721683],[13.559435175024024,47.76468524928704],[13.559416004279996,47.76018649534946],[13.566087720247562,47.76017337721683]]],[[[13.699837182511846,47.804814585934395],[13.699774674156583,47.795817271002456],[13.693098491407747,47.79583813312842],[13.693159852342568,47.8048354515896],[13.699837182511846,47.804814585934395]]],[[[13.786796879308255,47.822502615854305],[13.773475375851161,47.8270526347825],[13.786835628172243,47.8270012174995],[13.786796879308255,47.822502615854305]]],[[[13.579937897494966,47.86811198550261],[13.573186813423684,47.85463254326867],[13.54645173668646,47.85468433514777],[13.553191515440034,47.86816787457165],[13.579937897494966,47.86811198550261]]],[[[13.579937897494966,47.86811198550261],[13.58668362593917,47.8815960533513],[13.60003532215005,47.87706766858824],[13.599926132190037,47.854572075044096],[13.579895942335236,47.85911477246527],[13.586623347094998,47.86809767470851],[13.579937897494966,47.86811198550261]]],[[[13.666876886358468,47.872394335957736],[13.67364600575073,47.88587338212579],[13.680333728763603,47.8858536510066],[13.680248819310261,47.872355261116994],[13.666876886358468,47.872394335957736]]],[[[13.653528176477733,47.87693307253967],[13.66024265160825,47.88141309739243],[13.660214763176102,47.876914506066086],[13.653528176477733,47.87693307253967]]],[[[13.660298442863544,47.890410262445705],[13.67370410939677,47.89487052889863],[13.666929808962962,47.881394142212436],[13.640233488802982,47.890464814402364],[13.646895064733018,47.88594843492455],[13.64013296252945,47.872467840847484],[13.666876886358468,47.872394335957736],[13.660135145183187,47.86341612461904],[13.613365107462913,47.868036561162405],[13.626781783713803,47.87700346740012],[13.620168494228867,47.890515881539145],[13.626856830089919,47.890499246363056],[13.626906882523278,47.8994964028243],[13.646975318708138,47.899444165241086],[13.660410082972785,47.90840452137601],[13.680452259232563,47.903847914108496],[13.660354253315084,47.89940740384767],[13.660298442863544,47.890410262445705]],[[13.640154989091819,47.87696904417746],[13.633493975216656,47.88148504675448],[13.63346838860231,47.87698644934085],[13.640154989091819,47.87696904417746]],[[13.626856830089919,47.890499246363056],[13.633519566231392,47.88598363831145],[13.633545161647655,47.890482223984016],[13.626856830089919,47.890499246363056]]],[[[13.820816295801016,47.88984839470293],[13.820941478518632,47.90334395517037],[13.827631369606527,47.903315696924444],[13.834192615838456,47.88979150537577],[13.820816295801016,47.88984839470293]]],[[[13.653719466024874,47.90842309885002],[13.647055614112382,47.91293984184477],[13.65374681191259,47.912921650164215],[13.653719466024874,47.90842309885002]]],[[[13.633647587350655,47.9084765072741],[13.626981993469421,47.912992092689166],[13.633673204791569,47.912975063107645],[13.633647587350655,47.9084765072741]]],[[[13.600217106084408,47.91305633734089],[13.593548038540456,47.91756998801879],[13.60023984667046,47.91755489399948],[13.600217106084408,47.91305633734089]]],[[[13.653828877816748,47.92641726768573],[13.700710628762772,47.930777559862015],[13.707308177096063,47.917260703359915],[13.65374681191259,47.912921650164215],[13.653828877816748,47.92641726768573]]],[[[13.707436074217826,47.9352547693345],[13.700710628762772,47.930777559862015],[13.700742034666364,47.93527606893999],[13.707436074217826,47.9352547693345]]],[[[13.834793493262774,47.95277025230327],[13.834879451207676,47.961767117013785],[13.84827418816906,47.96170859971143],[13.848230051102794,47.95721017547897],[13.834793493262774,47.95277025230327]]],[[[13.855957211765523,48.06064237770902],[13.84258077593493,48.0652000543524],[13.85600210373308,48.065140646006505],[13.855957211765523,48.06064237770902]]],[[[13.574334071389849,48.10654669986755],[13.567637962775137,48.111058568726065],[13.57435465896462,48.11104497495585],[13.574334071389849,48.10654669986755]]],[[[13.634856390995784,48.11990163891749],[13.634908047194758,48.12889811423489],[13.655064971264725,48.12884448383837],[13.655037398111144,48.12434625440056],[13.634856390995784,48.11990163891749]]],[[[13.628163814057356,48.1244169777151],[13.621470075331796,48.12893192310089],[13.628189063444598,48.12891521314133],[13.628163814057356,48.1244169777151]]],[[[13.540824217231018,48.12460385339455],[13.534122878576753,48.12911375825838],[13.540841914261502,48.12910210463788],[13.540824217231018,48.12460385339455]]],[[[13.782878892349697,48.14641623653106],[13.776195768058418,48.15094005957363],[13.78291753648062,48.15091439307653],[13.782878892349697,48.14641623653106]]],[[[13.76278911783369,48.155488380701165],[13.762862949507577,48.16448466887408],[13.76958647584894,48.16445977425424],[13.769511480836302,48.15546349029923],[13.76278911783369,48.155488380701165]]],[[[13.682329933207342,48.187243746815504],[13.67563280851696,48.19176170878871],[13.682359902562487,48.19174186374831],[13.682329933207342,48.187243746815504]]],[[[13.85066893495941,48.20461332784246],[13.837254956848554,48.20917015130682],[13.850713493236546,48.20911136070886],[13.85066893495941,48.20461332784246]]],[[[13.635555259063546,48.24135148998561],[13.622112954188914,48.245883406183516],[13.635581205818275,48.24584952279929],[13.635555259063546,48.24135148998561]]],[[[13.568239784123074,48.24600334745009],[13.56152515200707,48.250514624819125],[13.568259898671005,48.25050138517595],[13.568239784123074,48.24600334745009]]],[[[13.541320892130637,48.25055200469513],[13.534603331686785,48.255061719826614],[13.541338675049856,48.25505003856486],[13.541320892130637,48.25055200469513]]],[[[13.716456225811273,48.254609480219024],[13.703017558201285,48.25915071825889],[13.716489192362792,48.25910746860392],[13.716456225811273,48.254609480219024]]],[[[13.662715758561301,48.27726303632938],[13.65597756577434,48.27728174323327],[13.656033042282754,48.28627766001513],[13.66277240390943,48.28625894994126],[13.662715758561301,48.27726303632938]]],[[[13.784157686372845,48.29485127343809],[13.777455540248845,48.29937490506343],[13.784196551935883,48.29934916668882],[13.784157686372845,48.29485127343809]]],[[[13.7302340907257,48.295046238486854],[13.716786148534453,48.29958899170405],[13.730268278259809,48.299544148263024],[13.7302340907257,48.295046238486854]]],[[[13.851561568463366,48.2945724528664],[13.851651002097583,48.303568183637715],[13.871829053660012,48.29897906056442],[13.871782586545049,48.29448119868734],[13.851561568463366,48.2945724528664]]],[[[13.737009334281623,48.299521141247844],[13.730302471721979,48.30404204958689],[13.737044112604538,48.304019040621704],[13.737009334281623,48.299521141247844]]],[[[13.54827625909164,48.304515783475765],[13.548313072112517,48.31351164092913],[13.55505600755474,48.31349916619553],[13.555018024443179,48.304503310854116],[13.54827625909164,48.304515783475765]]],[[[13.6090941008487,48.33137688684083],[13.60244131277823,48.34938392575769],[13.615936489918177,48.34935231970042],[13.622609449343221,48.33584237870816],[13.642846897771783,48.335790881751535],[13.622559722330836,48.32684663388589],[13.6090941008487,48.33137688684083]]],[[[13.561896882117383,48.33597578425542],[13.561936082865566,48.34497151698374],[13.57543013388678,48.344944600038694],[13.57538859012074,48.335948871868666],[13.561896882117383,48.33597578425542]]],[[[13.534947940836455,48.34502066442192],[13.528217573515771,48.3495298333397],[13.534965202671849,48.34951852186849],[13.534947940836455,48.34502066442192]]],[[[13.683713910949702,48.39414864898757],[13.676990128954142,48.398666301635295],[13.683744120233436,48.398646379094046],[13.683713910949702,48.39414864898757]]],[[[13.873040033361598,48.415920419031806],[13.866191706821322,48.40695601768137],[13.852681722887313,48.407016591920495],[13.85952771606195,48.415981785640305],[13.873040033361598,48.415920419031806]]],[[[13.819032563232525,48.420654144039915],[13.812317165190874,48.425179533701275],[13.819074556138117,48.4251517785576],[13.819032563232525,48.420654144039915]]],[[[13.839346684773542,48.42506616642388],[13.832632491614786,48.42959271538895],[13.839390448042536,48.42956378444101],[13.839346684773542,48.42506616642388]]],[[[13.825831939785768,48.42512363229638],[13.81911655634373,48.42964940383576],[13.825874527681112,48.4296212551874],[13.825831939785768,48.42512363229638]]],[[[13.582540833063835,48.421392792660434],[13.596167857946497,48.443851870999126],[13.609687698197213,48.44382099118822],[13.596054810616788,48.421363490328964],[13.582540833063835,48.421392792660434]]],[[[13.880032626611458,48.438377162010084],[13.866422196650001,48.42944414916744],[13.839390448042536,48.42956378444101],[13.839521783508923,48.44305658277048],[13.880032626611458,48.438377162010084]]],[[[13.711118535845733,48.44803712821691],[13.724571799810008,48.4389976964205],[13.697503349718216,48.43458684547627],[13.697566220014842,48.44358212418115],[13.711118535845733,48.44803712821691]]],[[[13.73812523983463,48.44344957598949],[13.731399801777142,48.44797026156235],[13.738160211932994,48.44794719009507],[13.73812523983463,48.44344957598949]]],[[[13.623232495744617,48.44828618915875],[13.61649638780026,48.452800243478904],[13.623257473926069,48.45278382262731],[13.623232495744617,48.44828618915875]]],[[[13.860211205021587,48.48344523918517],[13.853266128488931,48.46548531714989],[13.839784660087691,48.470041926156334],[13.839872346604382,48.47903696475136],[13.860211205021587,48.48344523918517]]],[[[13.691022462883073,48.47508603797359],[13.691084253861895,48.484081150163654],[13.71137969699499,48.48401776215863],[13.711347031972764,48.4795202162243],[13.691022462883073,48.47508603797359]]],[[[13.603183305609566,48.493310222624935],[13.596439572779362,48.49782302466832],[13.60320655945279,48.49780776488633],[13.603183305609566,48.493310222624935]]],[[[13.711575806544982,48.51100283516322],[13.664137807360419,48.502150321426846],[13.657230455745678,48.47968140603806],[13.650465860761555,48.479699792890656],[13.650547968393292,48.49319244754543],[13.623582585899769,48.51125219189089],[13.664194946747799,48.51114533114749],[13.670992823574892,48.51562363845352],[13.671109541678787,48.533613494591705],[13.67788119599176,48.53359391324134],[13.69810150146152,48.520040460815345],[13.71164122192266,48.51999778164281],[13.711575806544982,48.51100283516322]]],[[[13.840355168449653,48.528508986252184],[13.846992532313147,48.514987364416164],[13.826685106682286,48.51507429725225],[13.833540915848069,48.524040561148844],[13.826813338049542,48.52856656434811],[13.840355168449653,48.528508986252184]]],[[[13.806541525390424,48.533147402089234],[13.826813338049542,48.52856656434811],[13.806500536858945,48.528649992379044],[13.806541525390424,48.533147402089234]]],[[[13.623808094675544,48.55172933043678],[13.61705852892258,48.55624319344513],[13.623833173030365,48.55622674054948],[13.623808094675544,48.55172933043678]]],[[[13.542537184851486,48.556398296847995],[13.535779899753258,48.560907460163016],[13.542555178976093,48.56089571145285],[13.542537184851486,48.556398296847995]]],[[[13.860987985914628,48.55990120200396],[13.854258139243745,48.56442870328776],[13.861033750586762,48.56439852218082],[13.860987985914628,48.55990120200396]]],[[[13.806951803723205,48.578120949355814],[13.813645946017894,48.569098882148865],[13.793277295189979,48.564682686633866],[13.79335703003873,48.57367734485219],[13.806951803723205,48.578120949355814]]],[[[13.861216889070672,48.582387701493396],[13.840926970064412,48.586974375641226],[13.861262693650927,48.58688497083226],[13.861216889070672,48.582387701493396]]],[[[13.834888011738926,48.66345555085827],[13.827927489625294,48.64549573784278],[13.814354879930026,48.645551872119746],[13.814480204363278,48.65904326169277],[13.834975171615014,48.67244972123329],[13.835105968531654,48.68594089583342],[13.814731050279947,48.68602575116742],[13.814814724026817,48.69501982767107],[13.841986016307972,48.694905881786056],[13.855480818216455,48.68585250306875],[13.841809200283262,48.676917723983586],[13.841676669318131,48.66342649198601],[13.834888011738926,48.66345555085827]]],[[[13.814982159274416,48.71300784934451],[13.808145665946043,48.70853837109964],[13.808186941545932,48.71303536236629],[13.814982159274416,48.71300784934451]]],[[[13.81506592080581,48.7220017940635],[13.8083108116449,48.72652626982443],[13.815107812555123,48.726498749794956],[13.81506592080581,48.7220017940635]]],[[[13.828960434995233,48.7534240008598],[13.822202417978003,48.757949196920286],[13.82900356850683,48.75792087336268],[13.828960434995233,48.7534240008598]]],[[[13.835804711489274,48.75789215622174],[13.829046709565237,48.76241773454478],[13.835848447872506,48.762389014965464],[13.835804711489274,48.75789215622174]]],[[[14.185326226133066,46.44794918000389],[14.165731617800839,46.443596144789254],[14.159430634546009,46.457140513976285],[14.172449596316088,46.457044428074646],[14.172309492011818,46.448046756923766],[14.185326226133066,46.44794918000389]]],[[[14.133325786501151,46.4528293023862],[14.133526179896032,46.46632589349984],[14.140036803021136,46.46627953866033],[14.139902105478322,46.457281816284066],[14.152921136287128,46.45718799161916],[14.133325786501151,46.4528293023862]]],[[[14.172449596316088,46.457044428074646],[14.179170940346175,46.47049233512487],[14.172729945773789,46.47503980368071],[14.185753224216526,46.47494217736301],[14.198559629307786,46.461346557023326],[14.191906257048862,46.45239864810755],[14.172449596316088,46.457044428074646]]],[[[14.133726674028468,46.47982250928716],[14.133526179896032,46.46632589349984],[14.12701554557852,46.466371871399495],[14.120570629300262,46.470916349307196],[14.12096523551287,46.49790966707001],[14.101357614702188,46.49354538357004],[14.09503451607273,46.50708623044392],[14.160051862814159,46.49763024227551],[14.159913731109915,46.488632506328265],[14.133726674028468,46.47982250928716]]],[[[14.023304586985125,46.50304777450564],[14.016561197343108,46.48509157587319],[14.003591128733873,46.48966856235776],[14.010274222073948,46.50312659027438],[14.023304586985125,46.50304777450564]]],[[[13.984104715823065,46.49428176009215],[13.984213379283817,46.503279695266066],[13.997243819262629,46.50320389719671],[13.997077560993887,46.48970701748037],[13.984104715823065,46.49428176009215]]],[[[14.062334556281165,46.498303345591744],[14.029703445263399,46.494009911497415],[14.029877924491398,46.507506749269076],[14.062517259039197,46.511800138939975],[14.062334556281165,46.498303345591744]]],[[[14.016903572691138,46.51208528385002],[13.990783495573375,46.50774095305645],[13.990948225901468,46.52123787263192],[14.010556969911558,46.52562140746277],[14.010387292765557,46.51212450974613],[14.016903572691138,46.51208528385002]]],[[[13.93229121205602,46.52156379662957],[13.945377266830311,46.52599301017581],[13.951688735361795,46.50796157599264],[13.932191220440263,46.51256579279747],[13.938808692798975,46.52152909223537],[13.93229121205602,46.52156379662957]]],[[[13.932241212056736,46.517064793486846],[13.919256225508489,46.52163207337221],[13.93229121205602,46.52156379662957],[13.932241212056736,46.517064793486846]]],[[[13.964878530092887,46.52138650119018],[13.958413278940624,46.52592170863829],[13.9649312719116,46.52588549180332],[13.964878530092887,46.52138650119018]]],[[[13.958413278940624,46.52592170863829],[13.945428377165241,46.53049201225653],[13.958465482830645,46.53042070470423],[13.958413278940624,46.52592170863829]]],[[[14.025443433082039,46.669513374318655],[14.0189654520301,46.67405210727206],[14.025501422219577,46.674012378912394],[14.025443433082039,46.669513374318655]]],[[[13.875489460605955,46.706323945530926],[13.862453719212501,46.710884742646435],[13.875534867237059,46.710823030412115],[13.875489460605955,46.706323945530926]]],[[[13.954073108746513,46.71491999934965],[13.934349283561318,46.70602752033194],[13.89520359773797,46.715226699994474],[13.954073108746513,46.71491999934965]]],[[[13.993374393300053,46.71919752485389],[13.967155128389276,46.71484767776662],[13.954073108746513,46.71491999934965],[13.954177177119046,46.72391810757945],[13.993485088517769,46.72819559812748],[13.993374393300053,46.71919752485389]]],[[[13.948047267505176,46.759946209180136],[13.941551739509169,46.7644805234606],[13.94809883340491,46.76444527675687],[13.948047267505176,46.759946209180136]]],[[[13.895769008025637,46.7692157278606],[13.895674693628195,46.76021754595355],[13.869443273886244,46.75584501720063],[13.849978170996502,46.77393239530422],[13.823784862094962,46.774048382805766],[13.823825968455967,46.77854750422254],[13.843515385742396,46.782960190024454],[13.843643736683818,46.79645754004653],[13.856745883127596,46.796398004612314],[13.90896096100464,46.77814833140746],[13.908864407539232,46.7691501568375],[13.895769008025637,46.7692157278606]],[[13.869713023097505,46.78283963247012],[13.863208057540898,46.78736944894302],[13.863163624892714,46.78287034066684],[13.869713023097505,46.78283963247012]]],[[[13.98110592679573,46.7867586321607],[13.981214693334886,46.79575674805924],[14.000867377267896,46.7956429803847],[13.994205516740077,46.78668317906815],[13.98110592679573,46.7867586321607]]],[[[13.94211346467404,46.81397035673892],[13.922552838531754,46.8230720971297],[13.922651799213277,46.83207027814999],[13.962142557123087,46.84535689094915],[13.968539448883208,46.83182323870534],[14.00787137031151,46.831596688304494],[13.994538554609134,46.813677497509765],[14.014026278015269,46.80006428178553],[13.941960163621689,46.8004731200592],[13.94211346467404,46.81397035673892]],[[13.987875505183371,46.804717317409796],[13.981377911900088,46.809253927578055],[13.981323496541071,46.804754867018666],[13.987875505183371,46.804717317409796]],[[13.948821669015548,46.82743231096765],[13.942317986723001,46.83196668139544],[13.942266843277888,46.8274675993399],[13.948821669015548,46.82743231096765]],[[13.96837940989654,46.81832603060962],[13.961878500794299,46.82286152322626],[13.961825716240343,46.81836245138006],[13.96837940989654,46.81832603060962]],[[13.987985450155321,46.813715432873046],[13.981486770141567,46.81825205071983],[13.981432336432812,46.81375298882085],[13.987985450155321,46.813715432873046]]],[[[13.902889893538726,46.82317226101413],[13.909540965658731,46.8321374448976],[13.916096386561946,46.8321040512998],[13.915998531750711,46.82310586457932],[13.902889893538726,46.82317226101413]]],[[[13.902937711035966,46.827671359689475],[13.889874654370722,46.83223534837153],[13.90298553659693,46.832170458942606],[13.902937711035966,46.827671359689475]]],[[[14.087167831592474,46.87609271376091],[14.080669993168744,46.88063502923069],[14.087231257507682,46.88059172734225],[14.087167831592474,46.87609271376091]]],[[[14.133496490755368,46.90277291594158],[14.126999349486194,46.90731788840182],[14.133563862455986,46.90727190405893],[14.133496490755368,46.90277291594158]]],[[[14.101129010215802,46.934492068971345],[14.160448635645595,46.94757491642735],[14.173870867471509,46.96547454717163],[14.200157386656171,46.96527747133929],[14.20658173327227,46.956229366773506],[14.219722671603906,46.956127802197685],[14.23301525691642,46.96502256582755],[14.23271191318197,46.94702686521503],[14.239281227047803,46.94697476029871],[14.23897586775275,46.9289790744529],[14.232333021800722,46.92453223567309],[14.238899560173707,46.924480152753056],[14.238746983686434,46.91548230925868],[14.199427174121649,46.920287999871775],[14.179372635303071,46.89794145178864],[14.179016610550502,46.8754466545352],[14.172456058530013,46.87549527060041],[14.166245978363994,46.898038344977],[14.186151368357812,46.91138930287285],[14.18636690012775,46.924886170950515],[14.153602683472965,46.92962655256519],[14.146829850218344,46.916176755873266],[14.120434825231078,46.90736349267426],[14.120567384240767,46.91636148457497],[14.100999691692083,46.92549405439068],[14.101129010215802,46.934492068971345]],[[14.160239584376797,46.93407800018717],[14.15374090548286,46.93862450509652],[14.15367178863871,46.934125528875896],[14.160239584376797,46.93407800018717]]],[[[13.814559387938006,47.20602032530951],[13.867237886688121,47.1922892534093],[13.860459689820804,47.17432350417079],[13.873563975149281,47.16526386207321],[13.860326142428224,47.16082625393655],[13.873427113834238,47.151766618661746],[13.880022084897433,47.151735315309125],[13.880114437677666,47.16073347373131],[13.906498721197995,47.160604420120826],[13.88661704812875,47.15170363011581],[13.932832214071727,47.15597019988682],[13.939274065989386,47.142438288896],[13.959055347305462,47.14233179620646],[13.965755961441173,47.15129362447995],[13.972350814213923,47.15125697542284],[13.965916336708617,47.16479074801024],[13.939632599307052,47.17393166125472],[13.926387072084097,47.16950173373733],[13.919889056057805,47.17853383497743],[13.979218594638192,47.173715111950706],[14.031763112182398,47.155408961831434],[14.018398696772469,47.14199170278428],[14.031526985518944,47.13741291278164],[14.031408982254291,47.12841488025409],[14.05777676010405,47.128250789357296],[14.058083031969923,47.15074579141206],[14.09765116789211,47.15048809650874],[14.104115445638902,47.14144586521076],[14.123962835934437,47.145809702825254],[14.123829127602834,47.13681177714415],[14.14353936276187,47.13217427545981],[14.15020077143683,47.13662628231596],[14.150753788309338,47.17261782572656],[14.137490985829688,47.16821245406809],[14.137695164678785,47.181709286596096],[14.183740467218941,47.17237720614505],[14.21020381213541,47.17667673424829],[14.210055382509836,47.16767893451082],[14.229769537683836,47.163026519490806],[14.229617824925143,47.154028736671386],[14.249402701512942,47.15387181332177],[14.2624352965651,47.14476754459543],[14.262199510992811,47.13127091821451],[14.249170193080408,47.1403751681613],[14.229390352299612,47.140532051736464],[14.215979725983159,47.12713800899697],[14.202796405918182,47.127239136844125],[14.196350693387986,47.13628697060171],[14.203017051677405,47.14073588562922],[14.18990278073294,47.145334434192634],[14.189757883779524,47.136336588817976],[14.15672401970156,47.13208000916876],[14.156584787850463,47.12308211498232],[14.143402367508928,47.123176365345806],[14.13667530900236,47.11422499517139],[14.051063513128941,47.11929436769568],[14.044292468840569,47.105838529550695],[14.07704957829895,47.092131732139755],[14.070275411686852,47.078677421540284],[14.083320233538403,47.06959363429945],[14.103204066459888,47.07846010610868],[14.103334131102583,47.087458085003554],[14.12988320401085,47.10077425360301],[14.156236914732904,47.100587358295215],[14.136335933262052,47.091730167589084],[14.142649723381743,47.073687776992365],[14.162404904674998,47.07354596088075],[14.162544993350567,47.0825438715818],[14.175646120878811,47.07794845821161],[14.182375153306735,47.08689754122701],[14.169201766764381,47.08699477873034],[14.162755215405555,47.09604073011221],[14.182446902325106,47.091396481805326],[14.182590436848525,47.10039435978548],[14.195767125285093,47.1002955718505],[14.209239919360673,47.11819093332904],[14.242192470380951,47.11793338681758],[14.242038779451471,47.10893559506156],[14.255061600689524,47.09983214479719],[14.274826191485579,47.09967080326179],[14.275224355386237,47.12216517267369],[14.288487060853742,47.12655451923563],[14.360818871407027,47.11692723642905],[14.3602108033461,47.08543554030445],[14.366709748291223,47.08087724046105],[14.353451992493591,47.07649699859651],[14.347123843380029,47.09005219692069],[14.333950002610903,47.090168511071994],[14.347381049208456,47.10354867147677],[14.33437316635642,47.112662678811425],[14.294671942318976,47.10400489114292],[14.288002518046387,47.099561335083955],[14.2942656727183,47.08151056884571],[14.281093840017018,47.08162076263468],[14.273951417684323,47.05018309765816],[14.300279464390925,47.04996284037484],[14.319608765425583,47.02729936443015],[14.352418308318653,47.022511041009636],[14.35899682868046,47.022452005412056],[14.359256723865977,47.03594849047288],[14.372504838003495,47.040328063312536],[14.378555770676059,47.013274983721026],[14.391799822254562,47.017652310169744],[14.391621094716399,47.0086546997692],[14.3782028883585,46.995279717367566],[14.318776644175111,46.98231075374726],[14.285988883074815,46.98708937104689],[14.292886927149318,47.005029706122976],[14.279893816708485,47.01413751957223],[14.26016105066053,47.01429974480648],[14.246851600331503,47.00540816771524],[14.246697445896897,46.99641034243579],[14.220620280624145,47.01011498423059],[14.187518250407933,46.996869443677426],[14.187662388365316,47.0058673465174],[14.141762041280078,47.01520112004613],[14.13511655819852,47.010748596150364],[14.134846090192244,46.992752661391606],[14.108611132351733,46.99743360982273],[14.101905840075132,46.98848014148694],[14.088756698009025,46.98856806290974],[14.108153744039395,46.965940602934474],[14.081866580266373,46.966116371544835],[14.068599019240908,46.957203923857996],[14.074919810737834,46.93916523452032],[14.088056769787604,46.939078915934566],[14.094497003098809,46.930037164307215],[14.074794911312187,46.93016719067749],[14.061537493082993,46.921253915340635],[14.061414897042525,46.912255856936625],[14.067980073262886,46.912213669779234],[14.061047357280602,46.88526168383977],[14.07398409270642,46.87167990978316],[14.093664562214409,46.87155002605151],[14.087041011874103,46.867094687432],[14.093344878778437,46.84905498290826],[14.027829010467844,46.853973501085896],[14.01505678147141,46.88104715432094],[14.001990253864408,46.885624079494434],[13.982304378475796,46.88573803938993],[13.969073497434929,46.876813963815614],[13.968859769883704,46.85881766894632],[13.9557424168952,46.85889018610258],[13.936218297825269,46.87249337964947],[13.91653714194557,46.872595915611676],[13.916782295440967,46.89509140770919],[13.956056416083019,46.88588466690122],[13.969447868066212,46.908307489361505],[13.982577374861254,46.908233384470925],[13.982686637973494,46.917231523274964],[13.943342669896802,46.92194840145624],[13.903799806861429,46.90865520819763],[13.903991739714463,46.92665162838444],[13.884429539872281,46.940245904410226],[13.884522271367,46.94924413029993],[13.897709479150098,46.95367896638131],[13.897899513598396,46.971675393418224],[13.89137385212279,46.976206841685446],[13.871608929596112,46.97180246791077],[13.871382520775763,46.9493068799518],[13.87790658570534,46.94477657977766],[13.851629245248171,46.94489902561056],[13.85811031813587,46.93587073763997],[13.84488781590226,46.92693217160373],[13.84510292855671,46.94942781455106],[13.858331057861804,46.95836635422533],[13.858419405996537,46.96736459956351],[13.84527514959662,46.967424326241314],[13.845361303795919,46.97642258059575],[13.818986550180432,46.96753921331844],[13.805921691344423,46.97659265677336],[13.806001200902099,46.98559093855881],[13.819190868327059,46.99003489522773],[13.819354447282311,47.008031433674134],[13.806319508221947,47.02158404852387],[13.78004162676052,47.026189055456676],[13.779853737807967,47.00369332330908],[13.786392272995,46.99916829220922],[13.753511740870037,46.999293900220124],[13.75365310623461,47.0172905228422],[13.740427929705424,47.00833979849868],[13.7469356161431,46.99931787955636],[13.720631059368465,46.99940998933098],[13.720696163683792,47.00840832125873],[13.694478080849803,47.021991869206865],[13.701087939675242,47.02647009612101],[13.701242546824703,47.04896593139951],[13.694690629371342,47.053486050780236],[13.707887833413126,47.057942922992694],[13.70139728488503,47.07146174780969],[13.760590858148174,47.062257647148535],[13.76728438623456,47.07573030345251],[13.780455542583281,47.07567960679114],[13.787155806099324,47.08915108521808],[13.800369635086156,47.09359721378465],[13.800527147870293,47.11159370902317],[13.793975960073046,47.11611953321702],[13.820297178648882,47.1115113169366],[13.846830395581478,47.12939252926333],[13.879745214468842,47.124740807536114],[13.886476898948054,47.13820639014631],[13.873381508873175,47.1472675347065],[13.853598228692679,47.14735914597571],[13.853686087966343,47.15635732797223],[13.83389938231593,47.15644551783788],[13.827178737848683,47.14297684605727],[13.820584826844595,47.14300508989006],[13.82070820921365,47.15650240169527],[13.807557029834166,47.16105686385228],[13.77453888851608,47.15668946598604],[13.794442505396662,47.170108913586645],[13.82083165439441,47.16999970075418],[13.827637607902343,47.192466898763435],[13.814559387938006,47.20602032530951]],[[13.965702521156288,47.146794580477305],[13.972242823505129,47.14225889224186],[13.972296814279566,47.146757934516096],[13.965702521156288,47.146794580477305]],[[14.116573915015369,47.091867454972366],[14.123094541836776,47.08732309737084],[14.123161265771158,47.09182207390159],[14.116573915015369,47.091867454972366]],[[14.294834546598407,47.11300261227901],[14.288244727832529,47.11305793253115],[14.288083240954785,47.10406020204761],[14.294671942318976,47.10400489114292],[14.294834546598407,47.11300261227901]],[[13.969073497434929,46.876813963815614],[13.962565510800662,46.88134950212239],[13.962512610358798,46.876850424572126],[13.969073497434929,46.876813963815614]],[[13.955794728016324,46.86338926543368],[13.962406836256786,46.8678522703239],[13.955847047965209,46.86788834512201],[13.955794728016324,46.86338926543368]],[[13.707604524317446,47.01745043626715],[13.714214924341682,47.02192790013108],[13.707635981802108,47.0219496040769],[13.707604524317446,47.01745043626715]],[[13.820749350625793,47.16100150283441],[13.847220691648046,47.16988437631239],[13.847307505072141,47.178882548755055],[13.827512376562735,47.178969629757304],[13.820749350625793,47.16100150283441]],[[14.15721170334026,47.16357259659151],[14.16373766673296,47.15902592992147],[14.163807931149087,47.16352486270724],[14.15721170334026,47.16357259659151]],[[14.170333322762792,47.15897781820186],[14.157002625142873,47.150075781783364],[14.170191710272407,47.14997995640781],[14.170333322762792,47.15897781820186]],[[13.89961562472998,47.133642813389855],[13.89307017551074,47.13817433123766],[13.893022915571713,47.133675251301],[13.89961562472998,47.133642813389855]],[[13.919443200654815,47.13804227818555],[13.912801018625812,47.13357679243984],[13.919393703173599,47.133543209402404],[13.919443200654815,47.13804227818555]],[[13.919344214086143,47.129044139336344],[13.886383505770677,47.12920822357607],[13.886196814406848,47.111211875605626],[13.866427002408946,47.111305714305104],[13.85333482962134,47.12036456816242],[13.833519354091402,47.11595359036553],[13.84006714677885,47.11142549084648],[13.839810807861731,47.084430826895115],[13.806917497350284,47.08907101628705],[13.79366545674599,47.08012651656479],[13.79354912645757,47.06662911890455],[13.86597757934805,47.066314688893534],[13.865887786063832,47.057316472499295],[13.892220721115205,47.05719071863606],[13.88559094077582,47.05272362732908],[13.891985220894808,47.034695216953025],[13.911726476335017,47.0345969408555],[13.931921816190146,47.07498697222825],[13.958316084594456,47.07934498997706],[13.977801847013238,47.05673990042126],[13.990968041159446,47.05666482644586],[14.004304044236259,47.07008536663767],[13.997887555680533,47.08362100665576],[14.017762361001965,47.09250240351511],[14.01787797016509,47.1015004683625],[14.0310552124843,47.10142075329405],[14.030937369167855,47.09242270191279],[14.037524858322906,47.092382279005896],[14.037881860506241,47.11937639928381],[14.018167164611347,47.123995610830875],[14.004814102080259,47.11057673122837],[13.991634547175096,47.11065340748504],[13.984879678030977,47.09719403214003],[13.932174425902634,47.09748235020373],[13.899042424715818,47.0796537948708],[13.899137877111848,47.08865197543391],[13.879514704190523,47.10224535041367],[13.91260534919816,47.115580493408224],[13.919344214086143,47.129044139336344]],[[13.971865144366214,47.110765560336354],[13.998505235931969,47.13311043999441],[13.965488850643249,47.12879839106912],[13.965595667779077,47.13779648839787],[13.939222881693187,47.13793923012801],[13.95230471262289,47.12887051322026],[13.952200168233638,47.119872398678254],[13.965435455660089,47.124299340504805],[13.971865144366214,47.110765560336354]],[[14.123628650134151,47.12331487878791],[14.11051181133835,47.12790428803651],[14.11044611508218,47.123405313002316],[14.123628650134151,47.12331487878791]],[[13.939018231292996,47.11994298221879],[13.932477840263713,47.12447676835775],[13.932427249768248,47.11997770157693],[13.939018231292996,47.11994298221879]],[[13.9520434181053,47.106375217918504],[13.94550581309241,47.11090975590844],[13.945454130709852,47.10641069150245],[13.9520434181053,47.106375217918504]],[[13.91904745571109,47.10204969353529],[13.912507564235355,47.10658233674525],[13.912458684184333,47.10208325672293],[13.91904745571109,47.10204969353529]],[[14.248086716444663,47.07739067473652],[14.254672148442598,47.07733767948238],[14.254905780187404,47.090834361806806],[14.248318673587338,47.09088737049442],[14.248086716444663,47.07739067473652]],[[14.248086716444663,47.07739067473652],[14.201988331042743,47.077750965784226],[14.188456019869653,47.055355768393355],[14.207982645635026,47.04170920063073],[14.234306759896262,47.04150422115713],[14.241194410003056,47.0594476631213],[14.23461118341157,47.05949987817911],[14.234763472528345,47.06849770163255],[14.248086716444663,47.07739067473652]],[[14.24088775649368,47.04145202373993],[14.254049710666441,47.04134648585478],[14.254205241051215,47.05034428932701],[14.247623155704993,47.05039725772592],[14.24088775649368,47.04145202373993]],[[14.254672148442598,47.07733767948238],[14.261179158381465,47.072785411375776],[14.261257567249118,47.077284302955476],[14.254672148442598,47.07733767948238]],[[14.261257567249118,47.077284302955476],[14.267921953023452,47.08172943122225],[14.261335989403507,47.081783193562615],[14.261257567249118,47.077284302955476]],[[14.044052313936469,47.08784245429117],[14.03746539324952,47.08788325515404],[14.037168218973987,47.065388121229944],[14.043752349130283,47.06534733759525],[14.044052313936469,47.08784245429117]],[[14.12296112788452,47.07832514128035],[14.109855349729115,47.08291448530238],[14.109789764743853,47.078415499128134],[14.12296112788452,47.07832514128035]],[[13.94498938319902,47.06591906476097],[13.944834624761592,47.05242183914971],[13.951417213910933,47.052386401500065],[13.95157364563303,47.065883618131686],[13.94498938319902,47.06591906476097]],[[13.944834624761592,47.05242183914971],[13.938201015778027,47.04795781589333],[13.944783056085369,47.04792276232812],[13.944834624761592,47.05242183914971]],[[13.944628402434454,47.03442552739332],[13.951208761859935,47.0343901017125],[13.951365087662113,47.04788732767112],[13.944783056085369,47.04792276232812],[13.944628402434454,47.03442552739332]],[[14.050154938984846,47.05180910241472],[14.063381416857972,47.056224667485026],[14.063443042348185,47.060723683890274],[14.043692386653072,47.060848311513894],[14.050154938984846,47.05180910241472]],[[13.8526775027042,47.052877947896626],[13.84613800463188,47.05740678567011],[13.846094792480969,47.05290766861151],[13.8526775027042,47.052877947896626]],[[13.971218736081758,47.05677686568089],[13.958052486974424,47.056849652740084],[13.964475891873226,47.04331624657376],[13.977638777461207,47.04324271583991],[13.971218736081758,47.05677686568089]],[[13.977584439348872,47.03874365280157],[13.98411042482548,47.03420725840829],[13.9643694541616,47.03431810736853],[13.970734791311237,47.016285264682104],[13.957525960789429,47.01185892029207],[13.997103080286845,47.02063428757625],[13.990857088491884,47.04766671684538],[13.977584439348872,47.03874365280157]],[[14.030466395061781,47.05643045692915],[14.0173003159395,47.05651010469316],[14.017242604319557,47.05201106335641],[14.030348751223832,47.04743238691468],[14.030466395061781,47.05643045692915]],[[13.734120231525226,47.04435629480942],[13.747283638876707,47.04430943887576],[13.760411078985516,47.039761909606895],[13.747353314129388,47.0533077428722],[13.734187676443197,47.05335460671672],[13.734120231525226,47.04435629480942]],[[14.089585566772884,47.047055169095124],[14.08306701754962,47.05159761370237],[14.083003740351351,47.04709860649107],[14.089585566772884,47.047055169095124]],[[13.813100306776981,47.04405229458158],[13.806558521637957,47.04857885683198],[13.806518669209257,47.04407972384899],[13.813100306776981,47.04405229458158]],[[14.05661529172144,47.04276952299047],[14.050094449429398,47.047310077341024],[14.05003397011597,47.04281105149906],[14.05661529172144,47.04276952299047]],[[14.260552365357867,47.03679424701562],[14.267132752236293,47.03674053007392],[14.267290485479233,47.04573831699135],[14.260708984008023,47.045792043009214],[14.260552365357867,47.03679424701562]],[[14.267132752236293,47.03674053007392],[14.280213524955728,47.03213306785957],[14.280293485848928,47.03663195325011],[14.267132752236293,47.03674053007392]],[[14.280213524955728,47.03213306785957],[14.286712809949115,47.02757933115694],[14.286793314356625,47.03207821261379],[14.280213524955728,47.03213306785957]],[[14.023533892820891,47.02947623208037],[14.036693263296085,47.029395862761966],[14.030289944244219,47.0429333507428],[14.017127210394245,47.043012978328235],[14.023533892820891,47.02947623208037]],[[14.181586715860039,47.03740913342323],[14.175077222175245,47.041956851951795],[14.175006164017327,47.037457897516155],[14.181586715860039,47.03740913342323]],[[14.194747783080693,47.03731046225382],[14.18823942831631,47.04185893450036],[14.188167255579277,47.037359988335425],[14.194747783080693,47.03731046225382]],[[14.096038630619596,47.038013348659526],[14.089457929758261,47.03805715972705],[14.082750738672386,47.029102570219635],[14.095909922442438,47.02901534382918],[14.096038630619596,47.038013348659526]],[[14.115714636222407,47.03338063863688],[14.109199999557497,47.03792458350193],[14.10913452556077,47.033425588928154],[14.115714636222407,47.03338063863688]],[[14.214489291334491,47.037159598056775],[14.207908801052652,47.03721026711344],[14.207761149389519,47.0282123979385],[14.214340525403456,47.02816173744118],[14.214489291334491,47.037159598056775]],[[14.227574730403669,47.03255819567234],[14.221069769021117,47.03710854801061],[14.220994822581309,47.032609622362656],[14.227574730403669,47.03255819567234]],[[14.227423761515665,47.0235603510031],[14.22091988882859,47.02811069601871],[14.220844967759726,47.023611769006166],[14.227423761515665,47.0235603510031]],[[13.747109553901462,47.02181366661282],[13.740564887536891,47.02633643289175],[13.740530639388954,47.02183727515345],[13.747109553901462,47.02181366661282]],[[13.957631194739038,47.020857072016234],[13.951104588756305,47.02539194762078],[13.951052515427126,47.020892869621264],[13.957631194739038,47.020857072016234]],[[13.733918033699776,47.01736134248582],[13.727372793076148,47.021883349480206],[13.727339664665896,47.01738418726181],[13.733918033699776,47.01736134248582]],[[13.839171099163751,47.01694402589243],[13.832634872397714,47.02147209228889],[13.832592832616179,47.016972964784834],[13.839171099163751,47.01694402589243]],[[14.029996058638718,47.02043815933272],[14.016838896467016,47.0205177533002],[14.016723639198503,47.01151965888094],[14.02987857401922,47.01144007835608],[14.029996058638718,47.02043815933272]],[[13.878594613213327,47.01226328384201],[13.872062321914598,47.01679361828269],[13.872016948161253,47.01229450535279],[13.878594613213327,47.01226328384201]],[[14.12182893204023,47.00184238094978],[14.102165133881837,47.00647615470569],[14.10210029397868,47.00197715211961],[14.12182893204023,47.00184238094978]],[[13.970519941256265,46.99828898149271],[13.963997205788726,47.00282460010477],[13.963944063434262,46.99832552545806],[13.970519941256265,46.99828898149271]],[[13.98367166955731,46.99821475135924],[13.977150065404157,47.00275112523541],[13.977095809995335,46.99825205679284],[13.98367166955731,46.99821475135924]],[[14.069094929881281,46.99319611244977],[14.056005492120004,46.99777926339761],[14.055944568894951,46.993280234415536],[14.069094929881281,46.99319611244977]],[[13.884986399394762,46.99423524584481],[13.871790194505108,46.98979893313169],[13.88493995126761,46.98973613578435],[13.884986399394762,46.99423524584481]],[[13.852065502098215,46.98989027404326],[13.858551984222046,46.98086196549864],[13.871744866782365,46.98529981736471],[13.871790194505108,46.98979893313169],[13.852065502098215,46.98989027404326]],[[13.99013681103582,46.98917893960801],[13.983616866896584,46.993715685603114],[13.983562073505306,46.98921661941043],[13.99013681103582,46.98917893960801]],[[14.016378101315212,46.98452536335666],[14.0294676907824,46.97994677910482],[14.029643724022433,46.9934439100428],[14.02306848774928,46.993483877214416],[14.016378101315212,46.98452536335666]],[[13.983507289381118,46.98471755280854],[13.970358899099379,46.98479176414011],[13.97025158304801,46.9757936172866],[13.983397748924636,46.975719418486605],[13.983507289381118,46.98471755280854]],[[14.055396723281346,46.95278895705442],[14.035982034527139,46.975407400468875],[14.009576018146364,46.96656834422776],[14.009689968811383,46.975566454028126],[13.99002613966848,46.98018081238531],[13.989915505727023,46.97118268374343],[13.963572318525236,46.96683199149879],[13.956790319142247,46.9488718094616],[13.976553760292692,46.95326135138252],[13.976662096923834,46.96225949486042],[14.003004089198075,46.96660714964367],[14.002834902432152,46.953109973130275],[13.98958382826821,46.94418829149081],[14.00266580143721,46.93961279489495],[14.015630637491585,46.9260376835834],[14.048465094413118,46.925836199615574],[14.055092724581934,46.93029379490027],[14.055396723281346,46.95278895705442]],[[13.963572318525236,46.96683199149879],[13.950480289913697,46.97140297809584],[13.950428322182395,46.966903894711216],[13.963572318525236,46.96683199149879]],[[13.950428322182395,46.966903894711216],[13.943804907623143,46.96244018890767],[13.950376363236424,46.962404811055684],[13.950428322182395,46.966903894711216]],[[13.996041403377271,46.93515213743469],[13.995874081680466,46.921654948326065],[14.002440466752795,46.92161655584504],[14.002609453487835,46.9351137352281],[13.996041403377271,46.93515213743469]],[[14.062273940053338,46.975242257863265],[14.05576186103939,46.979783144938075],[14.055700979018688,46.97528411435971],[14.062273940053338,46.975242257863265]],[[14.088565679371587,46.975071026267855],[14.082055866551245,46.979613421252644],[14.081992760453142,46.975114405006344],[14.088565679371587,46.975071026267855]],[[13.943907722641663,46.97143836192234],[13.937386011252443,46.97597245423384],[13.93733514667662,46.97147336520427],[13.943907722641663,46.97143836192234]],[[13.99570684475877,46.90815775922038],[13.989197296054014,46.9126948280881],[13.989142114469047,46.90819576189024],[13.99570684475877,46.90815775922038]],[[14.028588862546721,46.91246109102694],[14.035095025571183,46.907921761374055],[14.035154089586074,46.91242080443804],[14.028588862546721,46.91246109102694]],[[14.035095025571183,46.907921761374055],[14.041600079441528,46.903382058552374],[14.041659688011215,46.907881098103005],[14.035095025571183,46.907921761374055]]],[[[13.872925884382834,47.10227662469743],[13.88587040894717,47.07971822365234],[13.859526283430409,47.07984250532442],[13.846440694700876,47.08890058075249],[13.853159379047062,47.10236815862792],[13.846613821699652,47.10689701355925],[13.872925884382834,47.10227662469743]],[[13.85957065604658,47.084341612033285],[13.866202195688798,47.088810214181805],[13.859615036181356,47.0888407177632],[13.85957065604658,47.084341612033285]]],[[[13.939530117757709,47.164933562108224],[13.926286847902606,47.16050361993455],[13.92633695574145,47.16500267757355],[13.939530117757709,47.164933562108224]]],[[[13.906740943314547,47.18309973587408],[13.900189992451109,47.18763164728727],[13.90678941241037,47.18759879438201],[13.906740943314547,47.18309973587408]]],[[[13.906983371105145,47.20559501202266],[13.900429657819064,47.21012692898314],[13.907031881367198,47.21009406219778],[13.906983371105145,47.20559501202266]]],[[[13.973107776393087,47.2142433891609],[13.986368404175126,47.21866786825396],[13.986147421439489,47.200671814473424],[13.972945418713698,47.20074632729338],[13.973107776393087,47.2142433891609]]],[[[14.191354458926495,47.23531254828207],[14.217774934401874,47.2351114116172],[14.21755013302963,47.22161478929907],[14.191209069113098,47.226314767958186],[14.184532926555269,47.221865190601605],[14.190845810645348,47.20382028484405],[14.171113051378658,47.20846594776808],[14.104898352275546,47.19543345148257],[14.078119070814443,47.168614595787375],[14.045134294919343,47.16882463979362],[14.0453149465248,47.18232162752279],[14.032176719698995,47.18690199174049],[14.058573607739245,47.1867377205172],[14.052278546162912,47.20927428301295],[14.065420584233166,47.2046916098905],[14.065296673050641,47.19569365705056],[14.091697835876007,47.19552171522558],[14.098557179944244,47.21347360020423],[14.085479517222229,47.22255904633521],[14.085606922407708,47.2315569560576],[14.072459961097456,47.23614194441308],[14.072710451499265,47.25413776213575],[14.092468871403822,47.24950914968515],[14.098881278065695,47.23596834204886],[14.131975335779192,47.240241658117434],[14.13184002696371,47.23124380890802],[14.145049383396511,47.23115089676363],[14.144911875566585,47.22215305566773],[14.164722454901286,47.222010843578644],[14.165004253331906,47.240006470094094],[14.178287339861214,47.24440861136017],[14.16528624340128,47.25800206534108],[14.152070217913058,47.25809732010607],[14.152209036862406,47.26709512155777],[14.138990716147708,47.26718886184072],[14.139195659626857,47.280685571834205],[14.159028183257309,47.28054435163468],[14.158888168889382,47.27154657099782],[14.172107542780177,47.2714505267218],[14.171894238209743,47.25795386408862],[14.185110191477678,47.25785631384895],[14.198106158820835,47.244260601940375],[14.197959596566879,47.23526283773372],[14.191354458926495,47.23531254828207]],[[14.171184008045078,47.21296485861296],[14.158049081701195,47.217559714583835],[14.157909400113537,47.20856187846828],[14.171184008045078,47.21296485861296]]],[[[14.072773100715903,47.25863671155635],[14.066227033980345,47.26317812496039],[14.072835760584459,47.26313565891798],[14.072773100715903,47.25863671155635]]],[[[14.066475531097149,47.281173907626],[14.09959526419497,47.285456600045414],[14.106075708077114,47.276414363495846],[14.072961112288144,47.27213354735429],[14.066475531097149,47.281173907626]]],[[[13.888116422971326,47.29567326205709],[13.888022472968691,47.286675218825664],[13.868141780464551,47.28227033428616],[13.868006000457248,47.268773222551296],[13.848177262875923,47.268863894961456],[13.848307981691674,47.282361029682285],[13.86832292826919,47.30026645251833],[13.861843671531236,47.31379414986174],[13.868458870037594,47.31376351716908],[13.868640233716343,47.331759569926625],[13.888445499842167,47.327166340406],[13.881782163262285,47.32269912346386],[13.881596355990771,47.30470307254596],[13.874982299138741,47.30473446594463],[13.888116422971326,47.29567326205709]]],[[[14.040630990898983,47.32632944119407],[14.02745654352031,47.33090919759307],[14.040690993695755,47.33082837201699],[14.040630990898983,47.32632944119407]]],[[[14.053925403010712,47.330746013977134],[14.040751006708247,47.33532730034251],[14.053986543093831,47.3352449353406],[14.053925403010712,47.330746013977134]]],[[[13.968170194026227,47.353748744269566],[13.961443484933525,47.344787232812195],[13.948205423720598,47.34485888162914],[13.948361899968852,47.3583557711488],[13.968170194026227,47.353748744269566]]],[[[13.90868614657507,47.36306054764913],[13.915356853720771,47.367526172727665],[13.92182899283561,47.35399553297655],[13.93506937996794,47.35392693836893],[13.934967326993467,47.344928997547264],[13.95471905828478,47.335825315585325],[13.94122552350466,47.31340127927903],[13.961070795715095,47.313294444115996],[13.960911207634794,47.29979749837165],[13.947632360699748,47.295370094055215],[13.921280527849113,47.30450667043296],[13.934610415106354,47.31343612500388],[13.928146518331843,47.32696755668843],[13.934814312678578,47.33143206707103],[13.9282473747689,47.335965523717256],[13.908393521642408,47.33606665661663],[13.901679205719569,47.327101611565624],[13.888492542833353,47.33166534196692],[13.895252831409723,47.345130147849105],[13.915060794854105,47.340532314293085],[13.9086373549871,47.3585615723598],[13.86891251089241,47.358753573820614],[13.868821720924963,47.34975558284853],[13.84896257739346,47.349846393275456],[13.84909369721654,47.36334339879131],[13.869003331789662,47.36775155417302],[13.869094183632525,47.37674952368551],[13.855803690630708,47.37231148959896],[13.855892299902637,47.381309463912146],[13.84926862789997,47.3813393684735],[13.856025270439174,47.3948064043722],[13.836063883606414,47.38589701757882],[13.84260176916298,47.37686989874364],[13.822649430796709,47.36795814924391],[13.816068322981993,47.37248513518096],[13.816272962858998,47.394980123346386],[13.829607925791672,47.40392171721229],[13.909125645130002,47.40355120116616],[13.915949880153946,47.42151359076634],[13.92920722642048,47.42144567668691],[13.928954332505498,47.398950998380926],[13.88915198653764,47.39465108979045],[13.895538786639575,47.37212404056713],[13.90868614657507,47.36306054764913]]],[[[13.988197257276019,47.36713404632029],[13.98163046378948,47.3716705482051],[13.988252837574912,47.371632980247895],[13.988197257276019,47.36713404632029]]],[[[13.975008080630978,47.371707732746934],[13.975117011747418,47.38070560498605],[13.98174052385488,47.38066841415699],[13.98163046378948,47.3716705482051],[13.975008080630978,47.371707732746934]]],[[[13.864995807162718,47.628718187961034],[13.871558938869201,47.619689797045204],[13.924788382591734,47.61942945490625],[13.937941043309003,47.60586420432951],[13.951297535939958,47.6102925129329],[13.944749284306848,47.61932547059649],[13.958109773247223,47.6237529751756],[13.964602462708395,47.61022050578022],[14.03771880890643,47.6052982016905],[14.044249330210096,47.596259927139855],[14.057550566731678,47.59617715717113],[14.057427080692028,47.58717969446169],[14.077375441466602,47.58705267326469],[14.104236054810482,47.6048727289571],[14.137425660613852,47.60014687536737],[14.15716788159966,47.58650994197978],[14.197210849698065,47.59521508875008],[14.190268031933748,47.57727011872439],[14.176971804595734,47.57736825640647],[14.196621605679235,47.55922579199795],[14.196253737303755,47.536732353466505],[14.229163026478464,47.518483809712755],[14.255725478413032,47.51827390971543],[14.248850850282416,47.50483091279509],[14.268687797130504,47.50017196859621],[14.261970394250678,47.495727086331826],[14.268289569478046,47.477678533200816],[14.255175613380041,47.486783111011135],[14.228629040582907,47.48699288676223],[14.228476590396598,47.47799544853491],[14.19537213452129,47.482747722561065],[14.19515201598717,47.46925148549978],[14.228324192255801,47.46899799663691],[14.214605270942904,47.442108056937755],[14.20134318088189,47.442209017143675],[14.201121703112996,47.428712704245974],[14.214305467393174,47.42411300095817],[14.207602337677816,47.41966487981276],[14.214155642302972,47.41511545434332],[14.207453668620177,47.410667318543446],[14.214005868301024,47.40611789560589],[14.207156482548108,47.39267216019336],[14.187499731878079,47.406318144885724],[14.167619999239768,47.40646430356687],[14.167761861060544,47.415461920894174],[14.154297000813568,47.402061003230806],[14.141044867581025,47.40215498155627],[14.1346230810626,47.415697885602256],[14.114739672917871,47.415834859805585],[14.114540461462747,47.4023383347503],[14.101157698691361,47.39342999636455],[14.100896849242327,47.375434535474355],[14.120497632058882,47.35730450623711],[14.140358984148,47.35716653261138],[14.140496067356715,47.36616424462592],[14.166982219198077,47.36597488163089],[14.173389658969821,47.352430070721425],[14.193249033294576,47.35228291048781],[14.186846706758221,47.365828834131555],[14.193468178037817,47.36577938492249],[14.19361433676713,47.374777020960124],[14.233273199481886,47.36997343292367],[14.233120295466724,47.360975842938814],[14.226499464437364,47.361027587873565],[14.225817113347922,47.32053826305196],[14.20589569895886,47.3161922422178],[14.199574526280037,47.33423777128013],[14.173033121476875,47.32993583196409],[14.166628319312293,47.34348066168412],[14.113744633421069,47.34835197718855],[14.113877158466652,47.35734973084839],[14.100766491174769,47.366436788263464],[14.074091199045391,47.353114131408],[14.081028523980843,47.37556565401949],[14.07440572712864,47.375608593332906],[14.068032476490632,47.393646683368836],[14.074657542589698,47.3936041130971],[14.07478351471201,47.40260185578115],[14.04821793594664,47.39827097978297],[14.048339409381683,47.407268745024766],[14.035145415016189,47.41184933927254],[14.028695257026378,47.4253862691875],[13.982291387269385,47.42565757166309],[14.002121993306796,47.42104470924475],[14.01520529272183,47.40747014039426],[13.988642164956808,47.40312543940486],[13.988530881164618,47.394127608195554],[13.962030037768853,47.39427564208596],[13.981960756545611,47.39866411227144],[13.98218113944416,47.41665976386387],[13.968979055065416,47.42123272378655],[13.975716797071692,47.43019369639777],[13.96908705955122,47.43023053799036],[13.96919510088421,47.439228339794305],[14.04255616035879,47.470293852203795],[14.036339991527049,47.501826375979476],[14.056194540045796,47.49720420832369],[14.069220199207212,47.47912481027199],[14.109034926440925,47.47886321522827],[14.108836938110594,47.46536681217918],[14.121903741563516,47.45178015319266],[14.148502331992946,47.456093884452855],[14.14214471647632,47.47413587614317],[14.135509580107076,47.474182352716646],[14.135782744973698,47.49217746111179],[14.16240287533084,47.49648793880183],[14.162544087956565,47.505485433214496],[14.169183144757346,47.50543739165057],[14.169681741836653,47.536928479446686],[14.16310942120476,47.54147526548866],[14.176396603992805,47.54137873269505],[14.189902754356599,47.55477673717487],[14.169895608954446,47.550424603889496],[14.17010958578717,47.56392069363006],[14.13687727289517,47.56415731785232],[14.123516906200207,47.55975055352843],[14.123382223014953,47.550753100883725],[14.103447740164874,47.55088811488075],[14.089964610960363,47.537479936312316],[14.076678263732434,47.53756646138251],[14.070160599889213,47.54660668228703],[14.096867952849305,47.55543109357482],[14.097063208211265,47.5689273004675],[14.070537435663063,47.57359919549454],[14.037058698062461,47.555811931563824],[14.030531963726618,47.5648498696569],[14.037178625863016,47.564809471185676],[14.044128120547045,47.58726245042767],[14.024061848070335,47.57838618360786],[13.997524832084318,47.58304120180578],[13.984115920660544,47.57411946105421],[13.990539811187087,47.55608659341026],[13.97724861307133,47.55616160551068],[13.970711559081805,47.56519613946514],[13.937529122064491,47.56987385486725],[13.937735012223836,47.58786906211716],[13.924536428336085,47.596935549977154],[13.897885073885153,47.592569941698],[13.904681331045028,47.60603361640509],[13.87142141055549,47.60619340058793],[13.87798062569508,47.59716460071388],[13.891282324729124,47.59710108290235],[13.89778892213037,47.583572320012536],[13.84463917926723,47.58831900133776],[13.8381612940252,47.60634355679141],[13.84481333242963,47.606314295793034],[13.844944025542134,47.6198107229282],[13.864995807162718,47.628718187961034]],[[14.124123550936817,47.600238893773906],[14.117405596843426,47.59578563333993],[14.124056099833494,47.59574020556217],[14.124123550936817,47.600238893773906]],[[14.117405596843426,47.59578563333993],[14.10403882442006,47.59137663005141],[14.117338726393422,47.59128693715555],[14.117405596843426,47.59578563333993]],[[14.176971804595734,47.57736825640647],[14.170395059044381,47.581915424679856],[14.170323672419237,47.57741674792222],[14.176971804595734,47.57736825640647]],[[14.170323672419237,47.57741674792222],[14.156957134530359,47.57301388741185],[14.170252298003401,47.57291806714296],[14.170323672419237,47.57741674792222]],[[14.192957014424836,47.33428757435887],[14.186411912646873,47.33883583639126],[14.18633949014477,47.33433699431168],[14.192957014424836,47.33428757435887]],[[14.179793812465736,47.33888487736291],[14.179937567039165,47.34788256210547],[14.173318327183397,47.347931228144695],[14.173175700048507,47.338933535174064],[14.179793812465736,47.33888487736291]],[[14.090480612071811,47.573469897329275],[14.097193434114216,47.5779247519647],[14.090545161855875,47.57796862479426],[14.090480612071811,47.573469897329275]],[[13.857938679536423,47.58825934416034],[13.877934245083589,47.59266578788697],[13.857983344884993,47.592758168889674],[13.857938679536423,47.58825934416034]],[[13.857983344884993,47.592758168889674],[13.85137713318596,47.59728701569199],[13.851333029407346,47.59278819251271],[13.857983344884993,47.592758168889674]],[[14.202600365893568,47.518687558479975],[14.196033167137719,47.52323624483209],[14.19595966887292,47.51873753453377],[14.202600365893568,47.518687558479975]],[[14.182388908004935,47.500841422288524],[14.175822189399483,47.50538896572257],[14.175750442761405,47.500890228451134],[14.182388908004935,47.500841422288524]],[[14.194785402146024,47.44675769022452],[14.18822649155881,47.45130598455477],[14.188153759789794,47.44680721475605],[14.194785402146024,47.44675769022452]],[[14.08816414979146,47.411513266278085],[14.081600434121745,47.41605547568969],[14.081536845211719,47.411556618339205],[14.08816414979146,47.411513266278085]],[[14.213183023326549,47.35663111571167],[14.206636894187282,47.36118052278348],[14.206562717851833,47.356681706420595],[14.213183023326549,47.35663111571167]]],[[[14.062832643912039,47.497162323805135],[14.056256067086668,47.5017030178883],[14.062894738051789,47.50166112982731],[14.062832643912039,47.497162323805135]]],[[[13.896925034180555,47.50259302497949],[13.883740804034897,47.51165496868998],[13.89702089056856,47.51159078398543],[13.896925034180555,47.50259302497949]]],[[[14.069658752995016,47.51061645164702],[14.063081084118668,47.51515752650756],[14.069721446348213,47.51511524337242],[14.069658752995016,47.51061645164702]]],[[[13.870597720928291,47.52521425932533],[13.85735872446578,47.52977426313386],[13.870643415004524,47.529713133233564],[13.870597720928291,47.52521425932533]]],[[[13.897452649854257,47.55208051844562],[13.890854946029766,47.556611670868676],[13.89750066411383,47.556579358988145],[13.897452649854257,47.55208051844562]]],[[[13.930932639811152,47.57440729481174],[13.917686492360751,47.5789742169411],[13.93098353915164,47.57890610157205],[13.930932639811152,47.57440729481174]]],[[[13.911037956150345,47.57900769724798],[13.89778892213037,47.583572320012536],[13.911087157501925,47.58350650859205],[13.911037956150345,47.57900769724798]]],[[[14.07091465832893,47.600591565121725],[14.057550566731678,47.59617715717113],[14.05108355400677,47.609714908276366],[14.071040485296528,47.60958898872525],[14.07091465832893,47.600591565121725]]],[[[13.931697045067361,47.64188896266214],[13.958429558250176,47.65074540517569],[13.964979374587472,47.64171172843808],[13.944957842020852,47.63732048287356],[13.951455596307781,47.623788795269796],[13.938095659192479,47.61936051724321],[13.911530348653635,47.62399562574775],[13.91823443373891,47.62846088401531],[13.918533745974347,47.65545339390274],[13.911924869918794,47.65998566135682],[13.938559983567355,47.65984922304068],[13.925141481012426,47.65092074220188],[13.931697045067361,47.64188896266214]],[[13.944905689202454,47.63282173628922],[13.938198780562844,47.62835803793961],[13.944853545312181,47.628322985363134],[13.944905689202454,47.63282173628922]],[[13.931646023639141,47.63739021454802],[13.92499010129756,47.63742450237392],[13.92488922467861,47.62842698726645],[13.931544006985787,47.628392705240984],[13.931646023639141,47.63739021454802]]],[[[13.911826188927982,47.65098817893913],[13.88519550416302,47.65111842711293],[13.878491336612385,47.646651263958674],[13.885289621030264,47.66011593156855],[13.905266070130965,47.66001880717134],[13.911826188927982,47.65098817893913]]],[[[13.8655399696879,47.68270330781478],[13.865676185200087,47.69619948518108],[13.879003010439993,47.69613739214207],[13.878863367381827,47.682641230532376],[13.8655399696879,47.68270330781478]]],[[[14.178774390354643,47.68983379425295],[14.17218370188184,47.694380955681986],[14.178846654470881,47.69433235736591],[14.178774390354643,47.68983379425295]]],[[[13.699431261491188,47.74633166369415],[13.712771003300908,47.74628881979997],[13.739658276706235,47.773190657858216],[13.773062126454974,47.77756767095761],[13.786525823541742,47.791012251903695],[13.80655237862572,47.790932279664034],[13.81339191132029,47.808899339092704],[13.800155956538125,47.82244965613669],[13.800275669079985,47.83594543101707],[13.813679231791616,47.84038948656396],[13.81384357016345,47.85838373370444],[13.827169539861716,47.85382909394617],[13.833938708681078,47.86279755679814],[13.860677320144777,47.862679173043425],[13.860854840669957,47.88067604021361],[13.867587542674071,47.88514399169005],[13.854346245868811,47.89870028917893],[13.86777055974939,47.903138014451955],[13.907811031960398,47.893949422763335],[13.874321395778646,47.889611544913926],[13.874228767628704,47.880614515070725],[13.907663443897723,47.88045392766074],[13.907518748385085,47.86695560840592],[13.92747241455182,47.857857621824536],[13.927370686327297,47.84886059864012],[13.934053512362576,47.848826174175144],[13.933590999254644,47.80833931852864],[13.940216727874194,47.803805969642305],[13.96703337665422,47.812660075062645],[13.967358919160208,47.83965123876784],[13.980833041530646,47.84857437037048],[14.000709782494214,47.834965175657125],[14.02075275166382,47.83484800456105],[14.034474985512404,47.86175875674922],[13.961053487654013,47.87117704797222],[13.961212272218793,47.88467533869812],[13.974587091839952,47.884602193962074],[13.981496654214332,47.902558867515545],[13.988186343177397,47.902521314580355],[13.994762616790648,47.893486485749236],[14.008139642808132,47.89340945658361],[14.008023973729554,47.88441255719223],[14.021280726656837,47.87533708285335],[14.108200186874504,47.87478876020149],[14.108069177458265,47.865789008823036],[14.101384313954581,47.86583350692352],[14.10780359705379,47.84779534616493],[14.13460241497923,47.8521119543472],[14.134465073175386,47.84311513094321],[14.141147004587907,47.84306871757129],[14.140800985060169,47.82057658024389],[14.100595013891935,47.811852202882235],[14.10700795054531,47.79381381998257],[14.15373735279413,47.79349193402993],[14.146783149513833,47.77554515458607],[14.153456449948758,47.77549802746388],[14.15984673686824,47.75745653971284],[14.206543369920286,47.75711324483846],[14.232918885014305,47.73891470937896],[14.25959302494697,47.73870393726092],[14.259434529523116,47.729707007268246],[14.199427716847902,47.73017247959043],[14.186384593781842,47.748265703128936],[14.15963461323961,47.74396100503941],[14.159281316406444,47.7214683467157],[14.16587652815396,47.7169219531284],[14.152544846523815,47.71701726141348],[14.091968055676718,47.6769395637288],[14.09170894884572,47.65894500545025],[14.104894221368305,47.64985944917328],[14.118410028357447,47.663265565119204],[14.138455913583604,47.66762656732857],[14.138662281996485,47.681122385238815],[14.151984869300081,47.68102868401398],[14.15843463888212,47.667485472858175],[14.17841325549784,47.66734090853409],[14.184636393691125,47.640300360657754],[14.091191267456898,47.622955673943814],[14.104367598000666,47.613870107355126],[14.104236054810482,47.6048727289571],[14.08421694800705,47.60050570764197],[14.077756273478638,47.614044947169475],[14.084473200802279,47.61850050895088],[14.051206006586634,47.61871233634964],[14.051328501094474,47.62770974736758],[14.044673890861393,47.627750964237066],[14.051389764078113,47.63220844641168],[14.051634920940304,47.650203198843016],[14.065074734257681,47.659116909381126],[14.051757562365715,47.659200548424245],[14.05853997837226,47.66815624613159],[14.038681191349868,47.677277318086816],[14.04546371200934,47.68623375020373],[14.038861931888405,47.69077327407575],[14.025477569250627,47.68635522277575],[14.005720998941174,47.704467852341104],[13.919083284706792,47.70493923893259],[13.905803137803373,47.709504663185584],[13.905900895312241,47.718502030092814],[13.865994293945135,47.72769039899899],[13.85252648566168,47.71425489248407],[13.812654671041189,47.72792347817831],[13.825863536869482,47.71437140250536],[13.765871490245111,47.71461097442179],[13.765760906266385,47.701114748213634],[13.752432698387423,47.7011637289655],[13.752325599572886,47.687667447579486],[13.738966250567486,47.68321609919322],[13.752289912200983,47.683168677747055],[13.772163194171442,47.669598334500385],[13.732202524373593,47.669742876270746],[13.732100690262255,47.65624648015494],[13.725442269829246,47.656269215126116],[13.731998908450969,47.64275004378781],[13.685401827667409,47.642901054955544],[13.685461691217386,47.65189870917166],[13.665488012686877,47.6519576572817],[13.665572710863934,47.66545412016172],[13.658913096355073,47.66547300339547],[13.658857767415297,47.65647536276333],[13.625590141488614,47.66106281058924],[13.625639772162703,47.67006045717918],[13.658968444246838,47.67447062592428],[13.665770509255733,47.69694570718024],[13.659106896955143,47.69696460159078],[13.659245468326564,47.71945845926564],[13.67260727760434,47.72391902235842],[13.672665037489491,47.7329165153569],[13.69936889242399,47.737334214134904],[13.699431261491188,47.74633166369415]],[[13.927370686327297,47.84886059864012],[13.92063757523799,47.844396113231724],[13.927319835329946,47.844362078526835],[13.927370686327297,47.84886059864012]],[[13.732202524373593,47.669742876270746],[13.725575777245698,47.67426440856397],[13.725542391816434,47.66976561700965],[13.732202524373593,47.669742876270746]],[[13.685461691217386,47.65189870917166],[13.69215008392433,47.65637710760951],[13.685491630679767,47.65639752962841],[13.685461691217386,47.65189870917166]],[[13.665685709474085,47.683449340508766],[13.672347603007307,47.68343006519838],[13.672289951899893,47.67443246744611],[13.685611439809286,47.674392766467506],[13.679038895771715,47.687909194470016],[13.665685709474085,47.683449340508766]],[[13.685611439809286,47.674392766467506],[13.692241645226266,47.66987353686238],[13.692272176115422,47.67437233754158],[13.685611439809286,47.674392766467506]],[[13.900882182218234,47.87148699929495],[13.894196438507562,47.87151950311087],[13.894100409141608,47.862522486204725],[13.900785002574054,47.86248998789104],[13.900882182218234,47.87148699929495]],[[14.054466344427697,47.85713727961247],[14.047843769572783,47.861677120307476],[14.047782543076469,47.85717867477283],[14.054466344427697,47.85713727961247]],[[13.887178752435098,47.840061941486454],[13.913955306505079,47.84442976108961],[13.91400500812952,47.848928286932185],[13.880590664838838,47.84909073724027],[13.887178752435098,47.840061941486454]],[[13.833724645832392,47.840304797952776],[13.827085071611922,47.84483197984028],[13.827042848374818,47.84033341431379],[13.833724645832392,47.840304797952776]],[[13.920537048536092,47.8353990503406],[13.900542199613888,47.839997359178014],[13.900493664058976,47.8354988164799],[13.920537048536092,47.8353990503406]],[[14.094308034182323,47.83888704485288],[14.100923691073675,47.834344511165654],[14.100989460408712,47.8388429561433],[14.094308034182323,47.83888704485288]],[[14.100923691073675,47.834344511165654],[14.114218454010395,47.82975673792537],[14.114285360677542,47.834255180937106],[14.100923691073675,47.834344511165654]],[[13.873722805510052,47.831127863939734],[13.867087857776513,47.83565735769649],[13.867042202571785,47.83115879599355],[13.873722805510052,47.831127863939734]],[[14.05415749660613,47.83464498402343],[14.067456434600947,47.830062599539325],[14.067519320993128,47.834561068446845],[14.05415749660613,47.83464498402343]],[[14.067330694234569,47.82106564505068],[14.074009867559296,47.82102311791937],[14.074136756296639,47.83002006520687],[14.067456434600947,47.830062599539325],[14.067330694234569,47.82106564505068]],[[14.10740556871868,47.82080468232175],[14.094112483051132,47.82539168196108],[14.094047321742439,47.82089321654521],[14.10740556871868,47.82080468232175]],[[13.860226395867498,47.81769361519346],[13.85359198342766,47.82222234951175],[13.853547499977056,47.81772376608207],[13.860226395867498,47.81769361519346]],[[14.047109745803466,47.80769540164347],[14.040492788714301,47.812234882238954],[14.040432251717213,47.807736371703676],[14.047109745803466,47.80769540164347]],[[13.866722835679985,47.79966871000492],[13.860091269606448,47.80419783982404],[13.860046242990265,47.79969923721493],[13.866722835679985,47.79966871000492]],[[13.94684130901042,47.799272234732065],[13.933334356365227,47.7858464298855],[13.946631460013094,47.78127791546035],[13.94647416781723,47.767782120721506],[13.939801688677278,47.76781726535864],[13.939646195872584,47.754321415143366],[13.926253979924896,47.74989189520231],[13.932872953974773,47.74535889981905],[13.926102028303728,47.73639596654046],[13.93943899661015,47.73632687706892],[13.932616927039447,47.722865650091336],[13.959337402896036,47.72722306642986],[13.972562761804278,47.71815284038142],[13.972453568792995,47.70915553256171],[13.985783545821938,47.709081076104304],[13.97933927295703,47.72711308088757],[13.959390887963874,47.73172170940116],[13.966275080867879,47.749679940284054],[13.959604920009843,47.749716231493395],[13.959711991130666,47.758713462275686],[13.972945232443625,47.74964326292067],[14.006353386775952,47.75395267957143],[13.999853668791216,47.76748705734973],[14.01969470960851,47.753874298248746],[14.019460032837031,47.735879911501705],[14.026128389468374,47.73584015503073],[14.019342754829335,47.726882688124526],[14.039344361340843,47.72676228094884],[14.019870822930288,47.76737003492931],[13.973273430252236,47.77663485656917],[13.973437655964622,47.7901305831701],[13.94684130901042,47.799272234732065]],[[14.039887886359825,47.76724953600448],[14.033335293482045,47.77628720700734],[14.019929547526262,47.77186860350737],[14.019870822930288,47.76737003492931],[14.039887886359825,47.76724953600448]],[[14.053602238866963,47.79415850186155],[14.040311208916197,47.79873933438011],[14.040250703106913,47.79424080764731],[14.053602238866963,47.79415850186155]],[[13.83997312090955,47.79528988416256],[13.853191907297155,47.781734903905814],[13.853280759673831,47.790732151517865],[13.83997312090955,47.79528988416256]],[[13.866586081655335,47.78617287785692],[13.886610650703295,47.786079000915365],[13.886705253026557,47.79507621178427],[13.873353254419854,47.79513919349653],[13.866586081655335,47.78617287785692]],[[13.886610650703295,47.786079000915365],[13.893237628649219,47.78154832509435],[13.893285490944658,47.786046935751116],[13.886610650703295,47.786079000915365]],[[14.113550019238787,47.78477200605663],[14.10694172068208,47.789315324048815],[14.106875502191707,47.78481682279557],[14.113550019238787,47.78477200605663]],[[14.026721110866404,47.7808259348905],[14.020105781816659,47.78536427790683],[14.02004702696685,47.78086572502385],[14.026721110866404,47.7808259348905]],[[14.046804348966372,47.78520278545469],[14.053417343629485,47.780662910609976],[14.053478964792225,47.78516144632528],[14.046804348966372,47.78520278545469]],[[14.053417343629485,47.780662910609976],[14.0600291918799,47.776122651162424],[14.060091375619256,47.78062118860748],[14.053417343629485,47.780662910609976]],[[13.913161240816454,47.772452599020255],[13.906537137249753,47.77698443063323],[13.906488145155325,47.77248581502062],[13.913161240816454,47.772452599020255]],[[13.813023006489802,47.76841161792122],[13.85274810264009,47.736748355152194],[13.846429917627418,47.772767374340525],[13.813023006489802,47.76841161792122]],[[14.086594000017104,47.76695485224106],[14.079985611719604,47.7714966458331],[14.079921730466628,47.76699810873668],[14.086594000017104,47.76695485224106]],[[13.873030313429764,47.76364882622345],[13.866403852491134,47.76817836119633],[13.86635831474654,47.76367971903816],[13.873030313429764,47.76364882622345]],[[13.926406009784237,47.76338777831521],[13.906341219317877,47.75898993710082],[13.906292260846795,47.75449130085939],[13.926304647848564,47.754390528004585],[13.926406009784237,47.76338777831521]],[[14.046377233634583,47.75371290144894],[14.033095831874826,47.75829294946426],[14.033035992156837,47.753794372205626],[14.046377233634583,47.75371290144894]],[[14.0663890171238,47.753587798991624],[14.059780563646507,47.7581284493222],[14.059718433255437,47.75362988598583],[14.0663890171238,47.753587798991624]],[[13.739485047579864,47.750697204263375],[13.732848690872158,47.755219068718525],[13.732814629602563,47.750720365820996],[13.739485047579864,47.750697204263375]],[[13.906243310776151,47.74999265953003],[13.88623256604733,47.75008994841029],[13.87279987872259,47.74115555192778],[13.886090918064875,47.73659396947918],[13.906243310776151,47.74999265953003]],[[13.779393256695325,47.737054029523584],[13.76609282891503,47.74160329558903],[13.766055923319163,47.737104587731906],[13.779393256695325,47.737054029523584]],[[13.792730563970427,47.73700192701595],[13.786100536330826,47.74152687269982],[13.786061913644618,47.7370281713069],[13.792730563970427,47.73700192701595]],[[13.72597684891596,47.72824954182845],[13.719309281232471,47.728271921566844],[13.71924352271866,47.719274443431374],[13.72590994633759,47.71925206747784],[13.72597684891596,47.72824954182845]],[[13.745909182400284,47.719182623929825],[13.732644410862903,47.72822677607643],[13.732576364222918,47.71922930557607],[13.745909182400284,47.719182623929825]],[[13.759278284780688,47.72363312816372],[13.752647061302712,47.72815616274364],[13.752611318835392,47.72365743590918],[13.759278284780688,47.72363312816372]],[[14.105949635837913,47.7218372622367],[14.092681516110563,47.72642421203669],[14.092616600449979,47.72192563174344],[14.105949635837913,47.7218372622367]],[[13.692516611615426,47.71036257569671],[13.705783783183714,47.701323008383355],[13.719144927212815,47.705778189849674],[13.705847210054612,47.71032053254547],[13.712609397917877,47.7237951768073],[13.692547189621441,47.71486133414084],[13.692608361360607,47.723858836507524],[13.672491817225803,47.70592397794877],[13.685791307488456,47.70138548371691],[13.692516611615426,47.71036257569671]],[[14.085885733345583,47.71747064869908],[14.079283520533385,47.72201245748517],[14.079219759737727,47.71751386494125],[14.085885733345583,47.71747064869908]],[[14.10581755066717,47.712840101926055],[14.099217647369539,47.71738305848715],[14.09915218220803,47.712884472138626],[14.10581755066717,47.712840101926055]],[[14.018991162070066,47.69989090063909],[14.045707088062407,47.70422829732705],[14.045767958157125,47.70872692220343],[14.025773244452056,47.70884844618205],[14.018991162070066,47.69989090063909]],[[14.105487535845521,47.69034711679229],[14.098890433784607,47.694890078544134],[14.098825024719982,47.69039146823394],[14.105487535845521,47.69034711679229]],[[13.699026244563647,47.687847892146635],[13.705656994638193,47.68332790329844],[13.705688683628528,47.68782668659553],[13.699026244563647,47.687847892146635]],[[13.705593632941236,47.67433032281877],[13.718882253541866,47.66978797215973],[13.718947888211357,47.678785554466245],[13.705656994638193,47.68332790329844],[13.705593632941236,47.67433032281877]],[[13.712222109647714,47.66980994172054],[13.705530292946618,47.665332724009644],[13.712189871552303,47.66531114186344],[13.712222109647714,47.66980994172054]],[[14.07858275267504,47.67252767598332],[14.071985562139968,47.677069113747706],[14.07192248144616,47.672570470085496],[14.07858275267504,47.67252767598332]],[[14.144907526527682,47.65408407415217],[14.131659936007448,47.65867558505536],[14.131591764137344,47.654176956925674],[14.144907526527682,47.65408407415217]],[[14.0779468361833,47.62754102728814],[14.071355241222783,47.632082473582855],[14.071292268482782,47.62758378519642],[14.0779468361833,47.62754102728814]]],[[[13.952987708330706,47.75425075752278],[13.946369351343384,47.75878489831883],[13.953040675782233,47.75874937340775],[13.952987708330706,47.75425075752278]]],[[[13.973054594162964,47.75864048135157],[13.966437419431802,47.76317576957951],[13.97310928910033,47.76313908290306],[13.973054594162964,47.75864048135157]]],[[[13.986508850282595,47.76756314089396],[13.966545691587095,47.77217296342631],[13.986564709977122,47.77206172581652],[13.986508850282595,47.76756314089396]]],[[[14.17369209645753,47.78884972953398],[14.173836036848076,47.797846637217496],[14.18711513728787,47.79325042180086],[14.187042026480093,47.78875197355964],[14.17369209645753,47.78884972953398]]],[[[14.147410290826704,47.81603135969832],[14.140800985060169,47.82057658024389],[14.147480033065056,47.82052979986153],[14.147410290826704,47.81603135969832]]],[[[13.92098692600556,47.87588847842337],[13.914350354165995,47.8804206488324],[13.92103725587471,47.88038698289033],[13.92098692600556,47.87588847842337]]],[[[13.907712631454675,47.884952431930564],[13.914350354165995,47.8804206488324],[13.907663443897723,47.88045392766074],[13.907712631454675,47.884952431930564]]],[[[14.215705093096863,47.905512406293646],[14.20863960894765,47.88307149442782],[14.1617591814491,47.878917198028795],[14.162043471962523,47.896910658984154],[14.17542109469748,47.8968142621248],[14.17556561667414,47.90581094044695],[14.215705093096863,47.905512406293646]]],[[[14.075087766664758,47.89749948501964],[14.028324270600953,47.90228786434356],[14.028443475292706,47.91128469581941],[14.015061902149846,47.91136407507525],[14.008486889023247,47.92040001099273],[14.062022234391543,47.9200762418714],[14.075087766664758,47.89749948501964]]],[[[13.948417058769465,47.93422989527049],[13.94151467936653,47.916271414603635],[13.928182690582824,47.92083917677878],[13.9282846852341,47.929836053978605],[13.948417058769465,47.93422989527049]]],[[[14.16247027487761,47.92390067018224],[14.155848589228718,47.928446629851244],[14.162541451570924,47.928398983997724],[14.16247027487761,47.92390067018224]]],[[[14.155848589228718,47.928446629851244],[14.142532287675184,47.933039078869655],[14.155919201701591,47.93294494151888],[14.155848589228718,47.928446629851244]]],[[[13.948417058769465,47.93422989527049],[13.948469808057837,47.938728309568724],[13.95516415436695,47.938692668853484],[13.95511082841521,47.934194257573616],[13.948417058769465,47.93422989527049]]],[[[14.156343132051939,47.95993468011263],[14.189901090667584,47.96419067991174],[14.196301939181351,47.94614805356165],[14.149506015342508,47.95098540422859],[14.156343132051939,47.95993468011263]]],[[[14.116228715637916,47.96471087478101],[14.096070497867437,47.960346301741396],[14.089503343474485,47.9693867050505],[14.102899675411942,47.969298707780894],[14.116228715637916,47.96471087478101]]],[[[14.069408761881208,47.96951579283806],[14.06277318459823,47.97405635446769],[14.06947197779618,47.97401409712724],[14.069408761881208,47.96951579283806]]],[[[14.056136452383528,47.97859652898219],[14.06277318459823,47.97405635446769],[14.056074380604093,47.97409822402294],[14.056136452383528,47.97859652898219]]],[[[14.049683143241985,47.996631183044215],[14.056136452383528,47.97859652898219],[14.042737657361885,47.97867911172883],[14.03621932410225,47.992214728571625],[14.049683143241985,47.996631183044215]]],[[[13.989254687261452,47.98799058758606],[13.996126066373193,48.00144751418534],[14.009530783302422,48.001370328274895],[14.002770928709596,47.99691081575813],[14.009240487795378,47.978878781715736],[13.975798219036417,47.98356709455306],[13.989254687261452,47.98799058758606]]],[[[13.881996132384824,47.98404748183168],[13.868687538214093,47.993106652038584],[13.882137371703404,47.997542580199784],[13.881996132384824,47.98404748183168]]],[[[14.083449367673735,48.01441279844494],[14.096660431202366,48.00083079118607],[14.076617621433238,48.00545937437821],[14.083449367673735,48.01441279844494]]],[[[14.183788167476624,48.000225685870355],[14.177013577632845,47.9957763568991],[14.183495814699697,47.98223284952679],[14.143366735783447,47.98701842218473],[14.130582485235184,48.0275950661528],[14.164324861062404,48.040854747254045],[14.157334009374742,48.02290983347827],[14.143854294876702,48.01850594032676],[14.143645268907687,48.0050113295741],[14.183788167476624,48.000225685870355]]],[[[13.976184541462377,48.0150552801305],[13.969535053176543,48.019590425245354],[13.976239768459784,48.01955356576747],[13.976184541462377,48.0150552801305]]],[[[13.982944474216339,48.01951631816425],[13.976295004984436,48.02405184467382],[13.983000289286808,48.0240145939149],[13.982944474216339,48.01951631816425]]],[[[14.016409158969964,48.01482599208535],[14.009995777077563,48.03735645703756],[14.043408435119508,48.02816010920706],[14.036460909914714,48.01020784611121],[14.016409158969964,48.01482599208535]]],[[[14.164324861062404,48.040854747254045],[14.164467866279146,48.04985102832164],[14.177884753538567,48.04975435339554],[14.177739432265767,48.04075808871075],[14.164324861062404,48.040854747254045]]],[[[14.070421525663452,48.04148787104833],[14.077320923045672,48.05493973301657],[14.070675153705318,48.059480620073],[14.084094686809395,48.05939480400655],[14.083836425515258,48.041402084063165],[14.070421525663452,48.04148787104833]]],[[[14.003519217028431,48.0553881844661],[14.003634487372778,48.064384599939146],[13.983503058549722,48.06449876818084],[13.963263225247474,48.055612986767976],[13.963154945018951,48.0466165053855],[13.94973852206909,48.04668832020236],[13.949579645509177,48.03319352821907],[13.929511366545553,48.037796591084465],[13.943030296831742,48.046723645122135],[13.943187517898979,48.06021838401579],[13.929870106077331,48.06928435605802],[13.943292377185903,48.06921484175847],[13.949897480908366,48.06018305011635],[13.963317379380927,48.060111217043776],[13.970136809961945,48.06907115126793],[14.023825215328205,48.068765122900196],[14.024003442960574,48.08225964234425],[14.01069447255937,48.09133482447986],[14.030836217408202,48.09121593439707],[14.030416294808374,48.059728746416745],[14.037126131081086,48.0596883630581],[14.037005087834821,48.05069196720373],[14.016820255159029,48.04631371320479],[14.003519217028431,48.0553881844661]]],[[[14.097711465357406,48.072801878789406],[14.097843048842014,48.081798139799574],[14.117913353328941,48.07716599984117],[14.117845828186624,48.07266787714274],[14.097711465357406,48.072801878789406]]],[[[14.12462536410919,48.07712055177003],[14.117980890133595,48.081664115439416],[14.124693480701634,48.08161866351658],[14.12462536410919,48.07712055177003]]],[[[14.11133525647992,48.086207291084065],[14.117980890133595,48.081664115439416],[14.111268287900876,48.081709178794846],[14.11133525647992,48.086207291084065]]],[[[14.077833254499325,48.09092492165396],[14.071182935572702,48.095465781004904],[14.077897345716508,48.09542303820903],[14.077833254499325,48.09092492165396]]],[[[14.171825667097695,48.090285766557535],[14.144831181416166,48.08147997635369],[14.124829749186121,48.09061486559635],[14.13832652672701,48.09502086291878],[14.138534534787146,48.1085150669486],[14.152037115142507,48.11291944104135],[14.152178193594432,48.121915510066444],[14.1656136877063,48.121820259388],[14.158682605680731,48.10837397667542],[14.172042341818807,48.10377993203988],[14.171825667097695,48.090285766557535]],[[14.15168463225129,48.090429140774155],[14.145040821636853,48.09497423344591],[14.144970929492096,48.090476154924616],[14.15168463225129,48.090429140774155]]],[[[13.890081514019164,48.11446566500854],[13.916999646254755,48.118832453133955],[13.916849038597684,48.10533795691762],[13.889985761784267,48.10546930463262],[13.890081514019164,48.11446566500854]]],[[[13.963967958924759,48.11408942787687],[13.977568080249101,48.12751033776719],[13.997723906483063,48.12739720074403],[13.997609518625026,48.1184009797283],[13.984118616219364,48.113978652513865],[13.983950620840817,48.10048422483931],[13.963859435329535,48.105093131257405],[13.963967958924759,48.11408942787687]]],[[[14.051472334031777,48.12707838988225],[14.064909336019761,48.1269947980834],[14.071373534745257,48.10896009816992],[14.057878816552202,48.104546333568564],[14.051472334031777,48.12707838988225]]],[[[14.111871421819243,48.122191929453365],[14.11200557901602,48.13118801581599],[14.125443540413654,48.1310974161131],[14.12537529423273,48.12659938431393],[14.111871421819243,48.122191929453365]]],[[[14.105353095867446,48.13573076810508],[14.11200557901602,48.13118801581599],[14.105286580870683,48.1312327322714],[14.105353095867446,48.13573076810508]]],[[[14.105353095867446,48.13573076810508],[14.098699450621224,48.140273131515045],[14.105419622364957,48.140228796476656],[14.105353095867446,48.13573076810508]]],[[[14.098831375627103,48.14926917327664],[14.098699450621224,48.140273131515045],[14.091979267474926,48.14031707755451],[14.092110029971595,48.14931312676661],[14.098831375627103,48.14926917327664]]],[[[13.930948930804266,48.163745544402715],[13.924174708117512,48.15928169911648],[13.897283576218785,48.15941473708384],[13.917502236199372,48.16381362577281],[13.917602858524237,48.17280976974923],[13.931051880426233,48.1727416768381],[13.930948930804266,48.163745544402715]]],[[[13.945661321290265,48.27162727784775],[13.952505511220142,48.28058753426201],[13.965982432510037,48.28051540224122],[13.965873211749392,48.27151968312661],[13.945661321290265,48.27162727784775]]],[[[14.060759644599159,48.31145122056659],[14.087663950653456,48.30678259743249],[14.087598751042625,48.30228485358415],[14.06731170525875,48.29791581973406],[14.060759644599159,48.31145122056659]]],[[[14.101081102492424,48.302197083022584],[14.107956180878592,48.31114806919983],[14.148409903083742,48.310873005252695],[14.14152787736418,48.30192440683896],[14.101081102492424,48.302197083022584]]],[[[14.0944057169252,48.30673890354123],[14.087729161574654,48.311280332757676],[14.094471512790616,48.31123663516072],[14.0944057169252,48.30673890354123]]],[[[14.121508949931156,48.31555565013536],[14.114833634068862,48.32009861575928],[14.121577109188147,48.32005334946679],[14.121508949931156,48.31555565013536]]],[[[14.081245415089592,48.32931451030099],[14.081051436231903,48.315821370544654],[14.060885419554332,48.3204466945232],[14.06775597485769,48.32939998319697],[14.081245415089592,48.32931451030099]]],[[[14.047521732116548,48.32952526459661],[14.06094832339999,48.32494441860695],[14.047459988087535,48.32502754209657],[14.047521732116548,48.32952526459661]]],[[[13.939708991944403,48.33912961370344],[13.92611434658682,48.33020316751224],[13.919470671394647,48.33923265967017],[13.939708991944403,48.33912961370344]]],[[[13.940076018487328,48.37061366572763],[13.960218135673818,48.36151166097802],[13.960163935855736,48.35701395706877],[13.939971108241886,48.361618266411526],[13.940076018487328,48.37061366572763]]],[[[13.899574685138099,48.370816363658754],[13.89967259399993,48.379811761727346],[13.906424011049577,48.37977894994788],[13.906324929205171,48.370783557444135],[13.899574685138099,48.370816363658754]]],[[[13.933377700803184,48.37514611474585],[13.926678210157576,48.379678169951084],[13.933429592173555,48.37964379506851],[13.933377700803184,48.37514611474585]]],[[[13.913175419493673,48.37974574739152],[13.906473564879725,48.38427663276997],[13.91322555996574,48.3842434273976],[13.913175419493673,48.37974574739152]]],[[[14.10929793954302,48.401100718151596],[14.102610514422336,48.40564281418666],[14.109365149898053,48.40559825678088],[14.10929793954302,48.401100718151596]]],[[[13.994534841492184,48.406302562674085],[13.994649330702263,48.4152977319896],[14.014858238005521,48.41068406294867],[14.014622294351964,48.39269369067955],[14.001116229704177,48.39277144793238],[14.007986044501903,48.40172797571746],[13.994534841492184,48.406302562674085]]],[[[13.954059501504364,48.41102177284816],[13.954220706261344,48.424514541883234],[13.960977922458383,48.42447857341366],[13.967296041590043,48.3884613626367],[13.940338453583054,48.39310200763879],[13.940496024094637,48.406594904433106],[13.954059501504364,48.41102177284816]]],[[[14.116119773692953,48.40555330842492],[14.109432371934592,48.410095786269586],[14.11618758290372,48.41005083410017],[14.116119773692953,48.40555330842492]]],[[[13.8865044661562,48.411359860685295],[13.879796179893203,48.415889149158346],[13.886552318209821,48.415857488239695],[13.8865044661562,48.411359860685295]]],[[[14.12301119035755,48.414503003607585],[14.116323236688212,48.41904585791558],[14.123079610519985,48.41900050706935],[14.12301119035755,48.414503003607585]]],[[[13.893308448209323,48.41582543627654],[13.88660017858104,48.42035510660813],[13.893356896045429,48.420323051926275],[13.893308448209323,48.41582543627654]]],[[[14.157361145704318,48.4502500132901],[14.150388187480127,48.43680505162663],[14.13694047846824,48.44139597161646],[14.143840277944081,48.45034429037344],[14.157361145704318,48.4502500132901]]],[[[13.98147398919976,48.442358500921145],[13.974770005638254,48.44689318001034],[13.981530132407928,48.44685602247762],[13.98147398919976,48.442358500921145]]],[[[14.035732513188329,48.455539638792295],[14.029031581961238,48.46007740357927],[14.035793392442626,48.46003710568435],[14.035732513188329,48.455539638792295]]],[[[14.069921554946118,48.48231684965072],[14.07004934115995,48.4913116240634],[14.083581062896393,48.49122588972966],[14.083515986164382,48.48672851461992],[14.069921554946118,48.48231684965072]]],[[[14.185437227059476,48.51301939146489],[14.164914740404429,48.4996732191177],[14.151380946265466,48.49976836752691],[14.151522966523931,48.508762973022385],[14.185437227059476,48.51301939146489]]],[[[14.124587869005309,48.517943199488805],[14.131495759606661,48.52689192282475],[14.138266237106489,48.52684569583552],[14.138126476965597,48.517851152980285],[14.124587869005309,48.517943199488805]]],[[[14.077137814606884,48.513755700869226],[14.084102084855372,48.5272045400487],[14.07733151365948,48.52724763225446],[14.077460702607306,48.53624220374203],[14.104748589835486,48.54955919216954],[14.104480678566752,48.53157018820408],[14.097709551790286,48.53161445971823],[14.104346792930697,48.522575626552154],[14.077137814606884,48.513755700869226]]],[[[14.19272815884045,48.54445060996581],[14.192578858508451,48.535456211725034],[14.179109194771474,48.54005177245911],[14.179256160059028,48.54904616739529],[14.19272815884045,48.54445060996581]]],[[[13.93530370294049,48.54155409898404],[13.928582773774687,48.54608591192185],[13.935355929388471,48.546051428969754],[13.93530370294049,48.54155409898404]]],[[[14.125688419244486,48.58989854603597],[14.118977944220118,48.594441170097625],[14.125757305615883,48.59439566890194],[14.125688419244486,48.58989854603597]]],[[[14.098639788968857,48.59457531960476],[14.085146310066401,48.599159926088674],[14.098706321412617,48.59907244740133],[14.098639788968857,48.59457531960476]]],[[[14.011331346198187,48.65807530960829],[13.991139446989619,48.671681839339364],[13.963925931991737,48.667333288421574],[13.964035651595767,48.676327332088135],[14.011567355049745,48.676063350357644],[14.017940499829919,48.64454490631817],[14.011154447720855,48.64458416650661],[14.011331346198187,48.65807530960829]]],[[[14.045518264564883,48.67586300311906],[14.038605333023654,48.66690988672119],[14.025027352542661,48.66699040490289],[14.025207965273754,48.680481366840205],[14.045518264564883,48.67586300311906]]],[[[13.957245369077231,48.676363471901304],[13.950508764431845,48.680896230468704],[13.957299649844797,48.68086048058856],[13.957245369077231,48.676363471901304]]],[[[13.937137059402238,48.698954513248886],[13.923601832927677,48.70352025435753],[13.93718960581031,48.7034514764295],[13.937137059402238,48.698954513248886]]],[[[13.991540321659977,48.70316063794566],[13.964365040532837,48.7033092025292],[13.964474913620537,48.71230307173881],[13.991654947381704,48.71215448192311],[13.991540321659977,48.70316063794566]]],[[[13.957734237617728,48.716836157231604],[13.944196132819686,48.72140422839877],[13.957788603830709,48.721333067282515],[13.957734237617728,48.716836157231604]]],[[[13.93060362461698,48.72147381629995],[13.930499656091564,48.712479961225476],[13.916960279964961,48.717044903203316],[13.917061889026133,48.7260387476577],[13.93060362461698,48.72147381629995]]],[[[13.876233236522546,48.72173643563214],[13.869576867212604,48.73525826726949],[13.883268831791865,48.744189525917605],[13.90361703218252,48.73959589484006],[13.896769299274503,48.735131645061166],[13.903368888600673,48.717111339014764],[13.876233236522546,48.72173643563214]]],[[[14.465078720410762,46.44098811730301],[14.477710684447654,46.42286225295047],[14.445185469862437,46.42318800761179],[14.432358834381871,46.43231293816459],[14.439234512382967,46.45024382583631],[14.459041722706786,46.46354642261294],[14.491494495829894,46.45871804754734],[14.484792691785579,46.44978753843825],[14.471776148296634,46.44991979018746],[14.471585926234297,46.44092256766206],[14.465078720410762,46.44098811730301]],[[14.451877371510026,46.43212084232694],[14.445464100373902,46.43668387697407],[14.445371207987023,46.4321852509345],[14.451877371510026,46.43212084232694]]],[[[14.217794001601405,46.443199841686926],[14.217941713543865,46.452197448442526],[14.231034332861501,46.45659338656018],[14.230809475729236,46.44309699821513],[14.24367287815449,46.43399508736472],[14.217794001601405,46.443199841686926]]],[[[14.34152311037703,46.44666069642436],[14.341270538800996,46.433164561825954],[14.308656883470467,46.42895209104224],[14.29588607893377,46.442560175115766],[14.276441990006566,46.44722393992959],[14.276835962217824,46.469717791576876],[14.289697937281321,46.46061058043909],[14.32232933542821,46.46482856976808],[14.322081501742653,46.45133235752267],[14.34152311037703,46.44666069642436]]],[[[14.35453916814857,46.446543526356734],[14.36121889775589,46.45548178370306],[14.36772798105201,46.45542224668902],[14.367555168782484,46.44642484918984],[14.35453916814857,46.446543526356734]]],[[[14.316394006133411,46.496376768282495],[14.32925565530905,46.48726500126536],[14.316147519257315,46.48288048544861],[14.316394006133411,46.496376768282495]]],[[[14.434197818466252,46.5222861913894],[14.427589147455357,46.51785088455341],[14.427131631533397,46.49535745946989],[14.433553472826945,46.49079543388597],[14.36833328014967,46.486913224092596],[14.368592911483423,46.50040939666572],[14.36207837187055,46.50046898392766],[14.362508649448278,46.52296267984622],[14.375281689046362,46.50934688310378],[14.408129239550913,46.52253746948616],[14.434197818466252,46.5222861913894]]],[[[14.258075742276771,46.514867524757],[14.264358598647071,46.501317533533935],[14.238375133389455,46.506028304754516],[14.245042907118423,46.51497352532014],[14.258075742276771,46.514867524757]]],[[[14.19119903427408,46.81686195729137],[14.210932756315398,46.821210648547925],[14.210711428443982,46.80771385292993],[14.197607028466539,46.80781437620139],[14.197752357773483,46.81681225629477],[14.19119903427408,46.81686195729137]]],[[[14.395239244703813,46.86013282699382],[14.395507528325481,46.873629242100094],[14.40206761944873,46.873567712190464],[14.401797675010139,46.86007131266878],[14.395239244703813,46.86013282699382]]],[[[14.34311129125045,46.87860665449182],[14.336212704256221,46.86066936914741],[14.316619701325624,46.865340246295936],[14.32342891616034,46.878779864706296],[14.34311129125045,46.87860665449182]]],[[[14.244774907210703,46.88393743565716],[14.244928411647752,46.892935269145916],[14.251491042438579,46.89288245709124],[14.251336429784944,46.88388463252045],[14.244774907210703,46.88393743565716]]],[[[14.370402320862695,46.932356311760685],[14.376793743916272,46.923298591388935],[14.343877185971781,46.919096275182426],[14.350700159340025,46.932534260295846],[14.370402320862695,46.932356311760685]]],[[[14.462248753891844,46.926981886537654],[14.45577678525218,46.93154565887607],[14.462343942427044,46.93148063949578],[14.462248753891844,46.926981886537654]]],[[[14.390282563864663,46.94117256407302],[14.383537021503495,46.93223577829513],[14.370402320862695,46.932356311760685],[14.370752148039617,46.95035161807833],[14.383891289990387,46.95023104388697],[14.383714125809375,46.94123341141145],[14.390282563864663,46.94117256407302]]],[[[14.284864962597982,46.92410492730583],[14.29175446409268,46.94204534385526],[14.304973640336613,46.94643279252844],[14.298648612102069,46.95998534026322],[14.324764690325168,46.95076164666108],[14.311460339959224,46.941877633174514],[14.311130610873084,46.92388214893189],[14.284864962597982,46.92410492730583]]],[[[14.370752148039617,46.95035161807833],[14.364269493188099,46.95491016580665],[14.370839641796069,46.95485044419136],[14.370752148039617,46.95035161807833]]],[[[14.398467639704863,47.02208979366472],[14.391978610303498,47.02664991806695],[14.39855759818905,47.02658859210638],[14.398467639704863,47.02208979366472]]],[[[14.425057815367513,47.035337032083454],[14.398647571902892,47.031087389866954],[14.398917584460948,47.04458377878819],[14.37268043350756,47.04932569470217],[14.372856088497294,47.0583233228276],[14.418844570852322,47.053395009833096],[14.425242296692527,47.04433458185192],[14.412079971442639,47.04445994235512],[14.405317647570078,47.03552446964052],[14.425057815367513,47.035337032083454]]],[[[14.320108714665324,47.054292500178875],[14.313526207776091,47.05434928411661],[14.30686144172315,47.04990682337287],[14.313691855150314,47.06334699920339],[14.32027547733199,47.06329020567047],[14.320108714665324,47.054292500178875]]],[[[14.340026258742265,47.0631175380911],[14.34669545749011,47.06755805181115],[14.346609823852539,47.063059219908524],[14.340026258742265,47.0631175380911]]],[[[14.353365771876465,47.071998173528996],[14.34669545749011,47.06755805181115],[14.346781105636232,47.07205688279007],[14.353365771876465,47.071998173528996]]],[[[14.439245538185709,47.08469653232763],[14.419670770940522,47.093883972239695],[14.419854542147021,47.10288150811473],[14.433124368156845,47.10725400253752],[14.446019840192784,47.09362996716454],[14.45919427950194,47.093500676430786],[14.439245538185709,47.08469653232763]]],[[[14.433310467728376,47.116251510098344],[14.426812914209862,47.12081360473557],[14.433403541183587,47.12075026204473],[14.433310467728376,47.116251510098344]]],[[[14.374175400080158,47.12580540759316],[14.38085534143001,47.130243903669665],[14.374351561920475,47.13480299912016],[14.394128797935963,47.134620937803014],[14.393949281355143,47.125623377042],[14.420130315813616,47.11637780324514],[14.419854542147021,47.10288150811473],[14.374175400080158,47.12580540759316]]],[[[14.426812914209862,47.12081360473557],[14.400630854547869,47.130060712830705],[14.42699799047691,47.129811115529236],[14.426812914209862,47.12081360473557]]],[[[14.256544534446824,47.18531083092459],[14.256388210917924,47.17631309894166],[14.243192733309401,47.17641890467303],[14.243423876774129,47.18991552704313],[14.263300871348845,47.194255062465814],[14.263143373874035,47.18525734604553],[14.256544534446824,47.18531083092459]]],[[[14.197373845356303,47.199271705952945],[14.190845810645348,47.20382028484405],[14.197447020732948,47.20377060369552],[14.197373845356303,47.199271705952945]]],[[[14.243809377646407,47.21240986415267],[14.244040835375158,47.22590644510556],[14.277060266250512,47.22563881722923],[14.27690033705311,47.21664114365971],[14.243809377646407,47.21240986415267]]],[[[14.250800241448443,47.234851386583856],[14.217924865666575,47.24410915022481],[14.218074847908163,47.2531068808923],[14.204860142497576,47.253208248312625],[14.205229701041002,47.27570258165],[14.218450026706583,47.275601171379904],[14.224833338535253,47.26205333721523],[14.244581362509118,47.257398400358305],[14.244272411118128,47.239403009167205],[14.250800241448443,47.234851386583856]]],[[[14.350391477993186,47.261006586569025],[14.343954722841982,47.270062660379075],[14.350650348567012,47.27450287606705],[14.410230003142319,47.278457416090106],[14.350391477993186,47.261006586569025]]],[[[14.251734312192022,47.28883743084814],[14.245199896038773,47.29338908165877],[14.251812237499461,47.293336253821685],[14.251734312192022,47.28883743084814]]],[[[14.178932312042303,47.28489856155435],[14.179147522246254,47.298395172468766],[14.19898657969171,47.298247012845145],[14.198839718068486,47.2892492995484],[14.178932312042303,47.28489856155435]]],[[[14.232203964230118,47.30699008383431],[14.238971738199186,47.315935651149786],[14.258738650821302,47.31127829388648],[14.245277271927959,47.29788790680867],[14.232203964230118,47.30699008383431]]],[[[14.278582308649261,47.31111631020109],[14.29867168430485,47.32444720985989],[14.285439295996005,47.3245579076997],[14.285601006078744,47.33355546729675],[14.298917650607343,47.33794351737911],[14.305287857577992,47.32439128637497],[14.318520161882317,47.32427829028113],[14.318771198894702,47.33777455495009],[14.305535514127907,47.33788757970799],[14.299081697957982,47.34694104293106],[14.25936746294322,47.34726867837018],[14.259524799858916,47.35626624883794],[14.312569224739644,47.36032500556784],[14.33888085740446,47.35109834209881],[14.345672352424288,47.36003753296981],[14.299492060897428,47.369434810424934],[14.306444671523636,47.38737378516801],[14.346274906119843,47.39152849364883],[14.3459305017191,47.373533675780166],[14.385485040432673,47.36417860395332],[14.365972839865254,47.382353932430625],[14.385932366142848,47.3866719961885],[14.412060863473286,47.36843117010739],[14.411877496744843,47.35943384091439],[14.425118341308718,47.35930850309402],[14.41831349485673,47.350374034159614],[14.391926144897047,47.3551202887025],[14.385038095598949,47.34168514323002],[14.417760575535603,47.32338198276169],[14.424098544149508,47.309823120906515],[14.443941098837064,47.30963241704613],[14.44356398408612,47.29163772280233],[14.430340131900692,47.29176519851251],[14.423450575742088,47.27833226887096],[14.403710526264176,47.2830181315025],[14.40389223819251,47.29201555643526],[14.36421993576982,47.29237960941457],[14.350823002340514,47.28350039151215],[14.350650348567012,47.27450287606705],[14.33082065589981,47.27467737886366],[14.331074597526024,47.28817369294356],[14.344383582319479,47.29255646807037],[14.324547097488374,47.29272988145768],[14.331413388028798,47.30616874650828],[14.278421861930642,47.302118716913725],[14.278582308649261,47.31111631020109]],[[14.331413388028798,47.30616874650828],[14.338112534432058,47.31060968001062],[14.331498121691107,47.31066750402404],[14.331413388028798,47.30616874650828]],[[14.357868699856605,47.30593517257692],[14.364482491051508,47.30587582183534],[14.364307439306144,47.296878349222375],[14.390757952163264,47.29663715804458],[14.391117120777588,47.31463201217211],[14.378064815275405,47.32375084755735],[14.358216729956256,47.323930109096054],[14.357868699856605,47.30593517257692]]],[[[14.444412853444625,47.33212573033504],[14.444790546385578,47.35012033520629],[14.458124567076192,47.354489820182586],[14.463879516712804,47.313936918109775],[14.450650133513097,47.31406674541213],[14.450839945472216,47.32306406237107],[14.437702049040844,47.32769104517392],[14.444412853444625,47.33212573033504]]],[[[14.23981812309338,47.36542250663933],[14.259682190383414,47.3652638086039],[14.259524799858916,47.35626624883794],[14.239664116975144,47.35642492003938],[14.23981812309338,47.36542250663933]]],[[[14.458411437979645,47.36798570506736],[14.451504796546104,47.35455459163082],[14.44488500982932,47.35461897983912],[14.445263024561552,47.37261353120415],[14.458411437979645,47.36798570506736]]],[[[14.452170440815031,47.38604498909916],[14.445641297022929,47.39060803778081],[14.452265597686822,47.3905436059995],[14.452170440815031,47.38604498909916]]],[[[14.220632370735634,47.4060668741791],[14.214080748917596,47.41061667647614],[14.220707816446959,47.41056565073476],[14.220632370735634,47.4060668741791]]],[[[14.432766659260837,47.40873025407364],[14.439487359281216,47.41316518069984],[14.439393251390838,47.40866656775549],[14.432766659260837,47.40873025407364]]],[[[14.419790712546732,47.42235235366255],[14.452932150203296,47.42203384127714],[14.452551165643412,47.404039439129974],[14.439581483220419,47.417663790597445],[14.419790712546732,47.42235235366255]]],[[[14.320532055048124,47.43224771849289],[14.313985805964036,47.43680321749375],[14.3206160626907,47.436746407958964],[14.320532055048124,47.43224771849289]]],[[[14.420068139749013,47.43584820361316],[14.426884317359416,47.44478245940853],[14.446777663419754,47.444591271141206],[14.453027436957456,47.426532434125306],[14.446398616187887,47.42659690951379],[14.446588107472156,47.43559409669793],[14.420068139749013,47.43584820361316]]],[[[14.327246305085637,47.43668921457392],[14.320700084665848,47.44124509424937],[14.327330892774935,47.44118789602703],[14.327246305085637,47.43668921457392]]],[[[14.30039609105304,47.418920851111075],[14.273563966403199,47.40114614795099],[14.260391111887719,47.40575268920668],[14.267335208648031,47.42369394594759],[14.280592510397069,47.42358534454767],[14.28107623484911,47.45057764163822],[14.267971232029286,47.45968372315338],[14.294585714574536,47.46396352630041],[14.294831285002033,47.47745957324999],[14.301466679180084,47.4774038728904],[14.300889913569721,47.44591308302057],[14.307521330217044,47.44585703170986],[14.307355535002138,47.43685964317703],[14.300725249901502,47.43691568500761],[14.30039609105304,47.418920851111075]]],[[[14.320700084665848,47.44124509424937],[14.314152732718389,47.44580059648141],[14.32078412097722,47.44574377733653],[14.320700084665848,47.44124509424937]]],[[[14.45350411462126,47.449025350855706],[14.446967284063772,47.4535884326229],[14.45359949896175,47.45352392450658],[14.45350411462126,47.449025350855706]]],[[[14.440240800506718,47.44915397225359],[14.433702805820062,47.45371629698829],[14.440335052984345,47.45365255678393],[14.440240800506718,47.44915397225359]]],[[[14.24799374687321,47.45534513093865],[14.247838082721954,47.446347672326404],[14.227943424428155,47.446504308531274],[14.234805110173403,47.45994868999931],[14.24799374687321,47.45534513093865]]],[[[14.36127213239838,47.48138391014574],[14.360484714911328,47.44089614671776],[14.347223230124644,47.44101399807596],[14.354027725404762,47.44995257824885],[14.340935488322284,47.45906700234076],[14.341278745296203,47.4770616037018],[14.321456928013037,47.481733123406144],[14.321709467643714,47.49522907198996],[14.308683482786424,47.508838377329255],[14.32860144211556,47.50866771792544],[14.36127213239838,47.48138391014574]]],[[[14.46032766422294,47.457957597302205],[14.45359949896175,47.45352392450658],[14.447156969437335,47.46258558092231],[14.42734999983463,47.46727541919994],[14.42762960014561,47.480771154774374],[14.414542443925244,47.489893940179336],[14.348432765017252,47.50399498342841],[14.348605791877155,47.51299221135221],[14.38180471278776,47.51269430098679],[14.38826461843683,47.50363639848359],[14.434546704687243,47.49420345471597],[14.447631466280539,47.48507839254962],[14.447441618938072,47.47608127817176],[14.467443323008943,47.48038506205605],[14.47388453974437,47.47132229153914],[14.493787731071741,47.47112294048876],[14.499726555719315,47.439566003625316],[14.46032766422294,47.457957597302205]],[[14.447441618938072,47.47608127817176],[14.434077711913428,47.47171062345268],[14.447251836408055,47.467084150059684],[14.447441618938072,47.47608127817176]],[[14.47388453974437,47.47132229153914],[14.46715352723664,47.46688942444478],[14.473787391340778,47.46682374780757],[14.47388453974437,47.47132229153914]]],[[[14.295322803379008,47.50445157400661],[14.301631595979426,47.48640121103535],[14.288439872986013,47.49101091965097],[14.28860260653665,47.500008255633894],[14.2753260806701,47.5001177819221],[14.295322803379008,47.50445157400661]]],[[[14.308683482786424,47.508838377329255],[14.302126684476539,47.513393141119785],[14.308766600048145,47.5133370186485],[14.308683482786424,47.508838377329255]]],[[[14.268847183431555,47.509169318039305],[14.275566882124451,47.51361378692769],[14.275486601261077,47.50911512219727],[14.268847183431555,47.509169318039305]]],[[[14.302126684476539,47.513393141119785],[14.275566882124451,47.51361378692769],[14.275647176704414,47.51811244801644],[14.288928240463674,47.5180028846626],[14.29589687854962,47.53594207789376],[14.302539646059628,47.53588631624821],[14.302374419084538,47.52688905734817],[14.309016037055276,47.526832920632174],[14.302126684476539,47.513393141119785]]],[[[14.236342258761086,47.54992262395571],[14.223128890015255,47.55452476416597],[14.236419254167036,47.554421281960785],[14.236342258761086,47.54992262395571]]],[[[14.256905977969017,47.5857535752925],[14.243685402974494,47.59035805013292],[14.256984785658402,47.59025218803689],[14.256905977969017,47.5857535752925]]],[[[14.371267584176627,47.65226918273058],[14.364962803793617,47.670322780911945],[14.378371524704896,47.674701321085124],[14.39223519232224,47.70157036507855],[14.438880302906092,47.70113290346191],[14.445638985716943,47.70556722339138],[14.43935340654751,47.723624669137365],[14.446019787596196,47.723560604501905],[14.446210286531176,47.73255726544155],[14.466212762767857,47.732362723136674],[14.46592189207795,47.718867773680884],[14.452398811390836,47.710001141821664],[14.505815745919964,47.71397007672071],[14.52570885274385,47.70926690252945],[14.532065537129235,47.69570298668326],[14.498751702242705,47.696044361172305],[14.485623206810956,47.70517486435878],[14.491989758358718,47.691613150756034],[14.47180814092143,47.68281546867438],[14.471516105962564,47.66932037688645],[14.398352195660944,47.67451855945206],[14.378014263029922,47.656707520351056],[14.377746477389817,47.643212122100174],[14.411303891815093,47.65640109357262],[14.457908706489947,47.65595590811783],[14.48434288150195,47.646696281203035],[14.490603787125957,47.62863606820803],[14.497258048728344,47.62856903557234],[14.531040806666457,47.65071983914356],[14.557773406487259,47.654938345793035],[14.564325668101327,47.650369119214524],[14.557354813986668,47.63694507133488],[14.570453781133565,47.62780625273881],[14.556936508121126,47.61895172587419],[14.556622966649197,47.60545667124888],[14.523366501858735,47.60580516928613],[14.529711278310756,47.59224107597993],[14.516412019146193,47.59237851508293],[14.516715156327534,47.605873713762364],[14.496959778247536,47.61507384927995],[14.470155258744308,47.606342743691094],[14.470446594294945,47.619838023295024],[14.437180482861933,47.6201615751089],[14.42340837495085,47.597795955330824],[14.350339317689894,47.60296365182759],[14.343515642135804,47.594025097654935],[14.30336662885834,47.58087237943294],[14.309681828009754,47.56282182658419],[14.289661731117747,47.558490582579864],[14.289417108846273,47.544994717548605],[14.236342258761086,47.54992262395571],[14.249631433896337,47.54981761179014],[14.24970956566054,47.554316260910866],[14.269644932466344,47.55415584402219],[14.276370445751507,47.55860022938465],[14.276692256055565,47.5765946982136],[14.296882606986967,47.589925362545614],[14.29047804573249,47.603476540435096],[14.257221289647106,47.603748001498985],[14.263634456823535,47.59019867953576],[14.243763086046252,47.59485666772459],[14.223584316728143,47.5815166821316],[14.203786939103036,47.59066639708919],[14.210661267105541,47.60411187417912],[14.250648189864599,47.60829973915243],[14.264111001990843,47.61719024155039],[14.271244529381995,47.64412770139143],[14.258010513966227,47.64873376962824],[14.27132465306816,47.648626249448625],[14.271484941618688,47.6576233321234],[14.28480130723952,47.65751425192333],[14.291705140400456,47.67095468194754],[14.304941799894266,47.666344758650126],[14.304609758942133,47.64835070469623],[14.297870361300552,47.64390805495072],[14.324326640428962,47.63468520884041],[14.35769012696582,47.6388928172698],[14.357865184214848,47.647889793190906],[14.371267584176627,47.65226918273058]],[[14.2710042406376,47.630632030672665],[14.277578370760418,47.626079149820626],[14.277659009400848,47.63057771088732],[14.2710042406376,47.630632030672665]],[[14.478861195133724,47.700742892108224],[14.472295199689578,47.70530719380786],[14.472197754532246,47.70080885836176],[14.478861195133724,47.700742892108224]],[[14.411949235968393,47.68789001458952],[14.39871655402943,47.692512223989596],[14.398625441016339,47.688013814921085],[14.411949235968393,47.68789001458952]],[[14.410751355312376,47.629410412571474],[14.397533301811308,47.63403254515456],[14.397442391502038,47.629534076768614],[14.410751355312376,47.629410412571474]],[[14.357515129664494,47.62989582366297],[14.324157371397702,47.625688157246216],[14.323988160317143,47.61669108830813],[14.35068673509845,47.62095774542134],[14.357515129664494,47.62989582366297]],[[14.283989013934644,47.612528754204476],[14.303863497920794,47.60786382433068],[14.310765683085226,47.62130325358395],[14.284232555901047,47.626024449405996],[14.283989013934644,47.612528754204476]],[[14.423780782810717,47.615789839353965],[14.417220621534375,47.62035108426157],[14.417128049263164,47.61585261859417],[14.423780782810717,47.615789839353965]],[[14.530324539116501,47.61923136537393],[14.536874734528485,47.6146636681598],[14.536977557869404,47.619162033208276],[14.530324539116501,47.61923136537393]],[[14.536874734528485,47.6146636681598],[14.543423791109836,47.61009559330633],[14.543527166216236,47.61459395675329],[14.536874734528485,47.6146636681598]],[[14.543527166216236,47.61459395675329],[14.55028354246919,47.619022213456894],[14.543630559019448,47.61909231590211],[14.543527166216236,47.61459395675329]],[[14.323565385954893,47.59419834153576],[14.316999228333094,47.59875388209089],[14.316915271509794,47.59425531951977],[14.323565385954893,47.59419834153576]]],[[[14.311266737870273,47.64829443958897],[14.30452678424642,47.64385217995615],[14.304609758942133,47.64835070469623],[14.311266737870273,47.64829443958897]]],[[[14.311266737870273,47.64829443958897],[14.311350297067994,47.65279295509431],[14.318007831971078,47.65273629980993],[14.317923702488295,47.648237789099],[14.311266737870273,47.64829443958897]]],[[[14.318597142102972,47.68422574719169],[14.318344494062442,47.67073029736099],[14.31168467704191,47.670786971827745],[14.305357171239349,47.688837222751545],[14.318597142102972,47.68422574719169]]],[[[14.225334457932773,47.68498429717984],[14.19846567523399,47.67169144826182],[14.198613542124296,47.68068858217565],[14.18543675932115,47.689784814350176],[14.198835437516253,47.69418424802931],[14.198687494577488,47.68518714215682],[14.225334457932773,47.68498429717984]]],[[[14.252059746262129,47.689273802092025],[14.265463875140782,47.693665478031775],[14.278546946579288,47.68006158874514],[14.231919358784804,47.68043408334322],[14.258642867381328,47.684722063636535],[14.252059746262129,47.689273802092025]]],[[[14.225334457932773,47.68498429717984],[14.218824106422261,47.69403266713286],[14.232149820976353,47.69392968457212],[14.238967508572479,47.7028746496989],[14.252295429200252,47.70276933497599],[14.25213829377394,47.693772317808815],[14.232072987077753,47.68943115553714],[14.231996166348363,47.68493262178497],[14.225334457932773,47.68498429717984]]],[[[14.20557290177885,47.69863264838329],[14.218824106422261,47.69403266713286],[14.20549833996432,47.694134106791246],[14.20557290177885,47.69863264838329]]],[[[14.43935340654751,47.723624669137365],[14.412780102854892,47.72837542828641],[14.43944807597094,47.728123007521695],[14.43935340654751,47.723624669137365]]],[[[14.359443402191362,47.72886174407334],[14.359619060614866,47.737858530951975],[14.399537274559522,47.73299768822727],[14.399354782724753,47.72400095272848],[14.359443402191362,47.72886174407334]]],[[[14.27317129306903,47.75209156481035],[14.293428381262345,47.765422316351284],[14.326617459361362,47.75614359581566],[14.319777886067286,47.74720394222361],[14.27317129306903,47.75209156481035]]],[[[14.266580969926427,47.756644060420356],[14.259989501555093,47.761196173840446],[14.266660865133277,47.761142492978145],[14.266580969926427,47.756644060420356]]],[[[14.226708953676487,47.76595723916405],[14.220188775189065,47.77500550855175],[14.200169210020126,47.77515732057283],[14.200317661450788,47.78415422675527],[14.246959576682515,47.77929610941115],[14.260148187491282,47.77019303252905],[14.259989501555093,47.761196173840446],[14.226708953676487,47.76595723916405]]],[[[14.387194214295556,47.78260184480466],[14.380789461399775,47.79615744343802],[14.400907961799184,47.80047255085726],[14.400542099981564,47.78247936958014],[14.387194214295556,47.78260184480466]]],[[[14.41426037125958,47.80034848823784],[14.400999466537078,47.80497083269019],[14.414353023133847,47.804846759565784],[14.41426037125958,47.80034848823784]]],[[[14.267460572114802,47.80612653001809],[14.260862948987329,47.81067863513481],[14.267540618382064,47.81062490425786],[14.267460572114802,47.80612653001809]]],[[[14.427800331169948,47.809219395652164],[14.421216276533116,47.81378065891208],[14.42789416239961,47.81371764541212],[14.427800331169948,47.809219395652164]]],[[[14.18835994502006,47.86972320040194],[14.195191634247253,47.878673384422285],[14.208564527035916,47.8785731494428],[14.208415753899029,47.86957344024434],[14.18835994502006,47.86972320040194]]],[[[14.276318154996453,47.92752972675301],[14.31638926898111,47.92269798567285],[14.322826294888353,47.90914638812834],[14.34949983853563,47.90441660387068],[14.376347649499158,47.9086770471512],[14.376616413998839,47.92217158607631],[14.403383637139935,47.921927558989935],[14.409982919245403,47.91736743621319],[14.402924254249113,47.89943673363562],[14.422897310542554,47.894751557756],[14.42271024667726,47.88575520487633],[14.448884151345203,47.858508313479554],[14.46903225011961,47.86281146432231],[14.462735714681083,47.880872678564074],[14.482794978733171,47.880675282793774],[14.49636742651364,47.889537993968304],[14.529393956916879,47.871204936194594],[14.5157190302047,47.85784475885857],[14.488886117375223,47.853616679444016],[14.495469282732204,47.849051605329024],[14.488291484422959,47.82662769604653],[14.468253056890095,47.82682606449407],[14.455471423354396,47.853945527271215],[14.408690159153915,47.854389666101355],[14.401915379267068,47.84995334668554],[14.401548825257658,47.83196040826501],[14.394868579813288,47.832021896294016],[14.400999466537078,47.80497083269019],[14.361114594465475,47.81433038453659],[14.354261528423333,47.805392913491154],[14.327724236693493,47.81462225730445],[14.294168816217635,47.805907759366434],[14.287655325193906,47.81495974715089],[14.25418526593798,47.810731979442636],[14.240985401856662,47.81983427639836],[14.227627646104942,47.81993827662114],[14.227474399166175,47.81094149095983],[14.194233028003922,47.820191510952654],[14.180729879387044,47.81129325294143],[14.160696324722906,47.81143820936059],[14.174340217850386,47.82933564321779],[14.207815715642168,47.8335865530585],[14.21464744290541,47.84253264071533],[14.247977802144218,47.83777514813746],[14.254500996608106,47.82872545771294],[14.27462158194493,47.83306255251882],[14.27494447792868,47.851055864316464],[14.26834183810989,47.855608341326594],[14.22155766793775,47.855976651198496],[14.221405359542244,47.84697994649306],[14.214723002903181,47.847031005935975],[14.208190642820457,47.856078400475056],[14.214874161878077,47.85602771928914],[14.215100997839091,47.86952274618197],[14.235079301065332,47.86487001854637],[14.255290143992955,47.873711814138595],[14.26181768534172,47.86465874617944],[14.275186795693966,47.86455078821752],[14.28219590338371,47.882492477492185],[14.308943233507508,47.88227031298966],[14.321978239052338,47.86416074617552],[14.34203149795171,47.86398778100431],[14.3423770713331,47.881983897874406],[14.335690333169602,47.88204195506747],[14.335862403959833,47.89103845286365],[14.315798648366497,47.89121033104976],[14.316051684345029,47.90470507655941],[14.262533887672603,47.905146495718746],[14.26277322998417,47.91864129892274],[14.209466363410073,47.93255289316731],[14.203071732126956,47.95059632383883],[14.216463034614222,47.9504951777225],[14.216311341865026,47.94149867315732],[14.236394736573498,47.94134407320016],[14.236162106503736,47.92784930867578],[14.256240192162087,47.9276912611335],[14.263092545443802,47.93663428384582],[14.276318154996453,47.92752972675301]],[[14.376079023765172,47.895182453441365],[14.369479585497071,47.89974067030822],[14.369390634668022,47.895242461280795],[14.376079023765172,47.895182453441365]],[[14.36252552557633,47.88630563580821],[14.375631622285056,47.87269134421994],[14.375900016981515,47.88618602756953],[14.389183815769277,47.88156665928544],[14.389365093419679,47.890563076556575],[14.36252552557633,47.88630563580821]],[[14.402648814228444,47.88594216579701],[14.396052860443518,47.890501912379015],[14.395961638359637,47.886003711898724],[14.402648814228444,47.88594216579701]],[[14.395506192891235,47.86350951494551],[14.388912485138018,47.86806886589065],[14.388821909846367,47.863570652496996],[14.395506192891235,47.86350951494551]],[[14.368680132546347,47.85925350897592],[14.362084622899427,47.86381133330425],[14.361996362669448,47.85931309371911],[14.368680132546347,47.85925350897592]],[[14.368591312715107,47.854755268656234],[14.374917067788688,47.836702303859646],[14.388278785062981,47.83658125109593],[14.375095749439755,47.845698814366564],[14.375274492542513,47.85469530208176],[14.368591312715107,47.854755268656234]],[[14.321639082999795,47.84616763492762],[14.31487275502115,47.841726199888306],[14.321554330427794,47.84166934281119],[14.321639082999795,47.84616763492762]],[[14.31487275502115,47.841726199888306],[14.308107575965916,47.83728436279811],[14.314788591428137,47.837227897291335],[14.31487275502115,47.841726199888306]],[[14.301426546136822,47.83734044154763],[14.294827942380193,47.841894450382014],[14.29474550203957,47.8373961335387],[14.301426546136822,47.83734044154763]],[[14.220948748427086,47.819989696772566],[14.214345332767374,47.824539123520495],[14.2142698376794,47.82004073028253],[14.220948748427086,47.819989696772566]],[[14.30101168628914,47.81484879691093],[14.294415882343012,47.819402810077335],[14.29433351281711,47.81490446532887],[14.30101168628914,47.81484879691093]]],[[[14.43646325150949,47.903621267598155],[14.42986801739004,47.90818292071442],[14.436557991470021,47.908119412216244],[14.43646325150949,47.903621267598155]]],[[[14.303255179228081,47.93630534801885],[14.296644188547722,47.94085934691828],[14.30333850215654,47.94080355083734],[14.303255179228081,47.93630534801885]]],[[[14.376885317371727,47.935666069465675],[14.37715435972545,47.94916049656831],[14.390544920642363,47.94903919612077],[14.390272418349756,47.935544799843576],[14.376885317371727,47.935666069465675]]],[[[14.451185985406982,47.966466407741436],[14.451378248221662,47.975462493114215],[14.46467808534742,47.9708345719021],[14.464580807810277,47.96633653697862],[14.451185985406982,47.966466407741436]]],[[[14.20359498711553,47.98208394907685],[14.216842495257485,47.97298632793735],[14.203370657681848,47.96858929111155],[14.20359498711553,47.98208394907685]]],[[[14.41779187829412,47.971282373004655],[14.40439567301172,47.971406826676905],[14.404579885712868,47.980402974026894],[14.411279151115199,47.98034093054086],[14.41779187829412,47.971282373004655]]],[[[14.404579885712868,47.980402974026894],[14.39797215705894,47.9849626988315],[14.404672015882028,47.98490103791411],[14.404579885712868,47.980402974026894]]],[[[14.458270306294608,47.98439378896007],[14.451666766750888,47.98895657227627],[14.458367073324943,47.98889180330289],[14.458270306294608,47.98439378896007]]],[[[14.290854662584934,47.99039466979652],[14.29772118924689,47.99933546375234],[14.317911281727286,48.0036648300638],[14.317741935919006,47.9946686177258],[14.30417252151231,47.98578522922124],[14.290854662584934,47.99039466979652]]],[[[14.344459673753237,47.98994012744528],[14.331230136869385,47.99905229648041],[14.344720605146797,48.003434397315694],[14.344459673753237,47.98994012744528]]],[[[14.458560657445824,47.99788781217742],[14.451955434551612,48.002450592093574],[14.458657474545006,48.00238580665348],[14.458560657445824,47.99788781217742]]],[[[14.452051690343325,48.00694858538163],[14.438361154530398,47.99358297078942],[14.424959270741756,47.993709804527015],[14.431943737133226,48.00714063028303],[14.452051690343325,48.00694858538163]]],[[[14.278428401054827,48.04448171703986],[14.278591119974973,48.05347783660079],[14.285299923803636,48.05342308722609],[14.285136046768873,48.04442697694379],[14.278428401054827,48.04448171703986]]],[[[14.21165351521554,48.06300015212069],[14.218516014364361,48.071945421759644],[14.231783770785542,48.06284636333593],[14.251992997144479,48.06718713234042],[14.25183482886187,48.0581910182214],[14.21165351521554,48.06300015212069]]],[[[14.359360848342222,48.06628916719456],[14.352738264888856,48.07084617866624],[14.35944922487417,48.070787137582236],[14.359360848342222,48.06628916719456]]],[[[14.258783278670826,48.07163196480533],[14.245518002098374,48.08073408505813],[14.258942688253944,48.080628027503714],[14.258783278670826,48.07163196480533]]],[[[14.333035810604345,48.09351081531691],[14.326407459461215,48.098066279058095],[14.333121958481112,48.09800876258618],[14.333035810604345,48.09351081531691]]],[[[14.272852839451343,48.107508376951],[14.266217438998194,48.112060377262104],[14.272933808415452,48.112006345075976],[14.272852839451343,48.107508376951]]],[[[14.273014791373614,48.11650430586797],[14.266378257778745,48.12105630064581],[14.27309578832947,48.12100225929908],[14.273014791373614,48.11650430586797]]],[[[14.44102924102257,48.11952485621108],[14.441315873495151,48.13301829629951],[14.448034749564181,48.13295412923465],[14.447746374947139,48.1194607054626],[14.44102924102257,48.11952485621108]]],[[[14.313654203487518,48.134163576948275],[14.307018974079138,48.13871786595036],[14.313738742504361,48.13866147246989],[14.313654203487518,48.134163576948275]]],[[[14.19979954871347,48.15755907557595],[14.193151366536744,48.16210681214038],[14.199874274884959,48.16205701011895],[14.19979954871347,48.15755907557595]]],[[[14.206597170306576,48.16200681894908],[14.199949013983797,48.16655493702673],[14.206672491062122,48.16650474160182],[14.206597170306576,48.16200681894908]]],[[[14.381658959119418,48.17405863947769],[14.375024597775726,48.1786167458762],[14.381749448641605,48.1785564168037],[14.381658959119418,48.17405863947769]]],[[[14.206823171670633,48.17550056388871],[14.200173308877956,48.180048671659605],[14.206898531530356,48.179998463467015],[14.206823171670633,48.17550056388871]]],[[[14.375024597775726,48.1786167458762],[14.368389072603724,48.183174465463516],[14.37511452099468,48.18311452055784],[14.375024597775726,48.1786167458762]]],[[[14.449093404039417,48.18242943427899],[14.442463891602962,48.18699137546443],[14.449189745293644,48.186927143085185],[14.449093404039417,48.18242943427899]]],[[[14.361663608751323,48.18323402108587],[14.348300245552323,48.18784975150263],[14.361752383393943,48.18773179811289],[14.361663608751323,48.18323402108587]]],[[[14.29449109571499,48.18830599215003],[14.294325202648084,48.1793103329539],[14.280956873188888,48.18391832398645],[14.281120466303005,48.192913986273126],[14.29449109571499,48.18830599215003]]],[[[14.449189745293644,48.186927143085185],[14.449478869124343,48.200420222468026],[14.46283646375565,48.195792882566],[14.462641402551883,48.18679751042829],[14.449189745293644,48.186927143085185]]],[[[14.43005376308712,48.23659312560274],[14.423415659630571,48.24115388364814],[14.410135952723422,48.25027423806576],[14.430338188159752,48.25008598922507],[14.43005376308712,48.23659312560274]]],[[[14.396667714955637,48.25039778844081],[14.383380941793805,48.259515054712956],[14.396851577753704,48.25939304273947],[14.396667714955637,48.25039778844081]]],[[[14.343405235989659,48.28235992804525],[14.349967730490869,48.27330618870893],[14.363442025625151,48.273188045124826],[14.363352958352385,48.26869042134161],[14.329583894163111,48.26448517398926],[14.3299285130897,48.28247575158061],[14.343405235989659,48.28235992804525]]],[[[14.350583452371472,48.30478939012321],[14.350759510251562,48.31378451408676],[14.35750192603142,48.313725592308096],[14.357324698432116,48.304730478339145],[14.350583452371472,48.30478939012321]]],[[[14.392680670899558,48.38538437669966],[14.386020190896955,48.389942714762874],[14.392772487462661,48.38988175392142],[14.392680670899558,48.38538437669966]]],[[[14.20385334456613,48.40043592156497],[14.210759252507211,48.40938045104368],[14.217514275970315,48.40932963424736],[14.21736105640286,48.40033469611758],[14.20385334456613,48.40043592156497]]],[[[14.217667548808432,48.4183245356765],[14.210835295038267,48.41387791067152],[14.210911350788374,48.418375361096594],[14.217667548808432,48.4183245356765]]],[[[14.332694092729781,48.42639538417233],[14.326023045008633,48.43095021155065],[14.332780765051131,48.43089272410006],[14.332694092729781,48.42639538417233]]],[[[14.461272318306266,48.43422338436702],[14.454611596258639,48.43878553598525],[14.46137018777279,48.438720606615014],[14.461272318306266,48.43422338436702]]],[[[14.454611596258639,48.43878553598525],[14.447949698708706,48.44334729804724],[14.454708894946652,48.443282754354115],[14.454611596258639,48.43878553598525]]],[[[14.489206772210142,48.474434236190184],[14.455195642338694,48.46576870438516],[14.45500089257382,48.456774352847646],[14.421195923923593,48.45709324058707],[14.42147924911183,48.470584834770726],[14.44186381556429,48.47489179036751],[14.435578976402834,48.49744128585798],[14.482643138948369,48.48349500565998],[14.482443544268682,48.474500775321836],[14.489206772210142,48.474434236190184]]],[[[14.394980880807402,48.4978160201149],[14.394612174637677,48.47982735522284],[14.401283483882796,48.47526871419989],[14.367555877931458,48.480069263969476],[14.367735488348078,48.4890636568665],[14.381266023669385,48.48894346502981],[14.381448052754486,48.49793779876036],[14.394980880807402,48.4978160201149]]],[[[14.218818795903509,48.48578510391162],[14.205364420921228,48.49038379633723],[14.21889565259443,48.49028239895786],[14.218818795903509,48.48578510391162]]],[[[14.320121100076097,48.47598028703446],[14.3136978465227,48.49402598401616],[14.320463833275832,48.49396921138321],[14.320635289393348,48.50296361537849],[14.313953285434971,48.50751758982341],[14.327575134128374,48.511900796665074],[14.327920703796394,48.52988938891041],[14.334691376346797,48.529831794024545],[14.334517381864517,48.52083752744704],[14.347968168564707,48.516224043644925],[14.334430407351885,48.51634037931712],[14.334169574680535,48.50284887589979],[14.3274024395528,48.5029064414616],[14.334082660732417,48.4983516885118],[14.333648317881602,48.47586560596908],[14.320121100076097,48.47598028703446]]],[[[14.259810724879712,48.507957785937556],[14.253122711662716,48.51250827211678],[14.259891185310037,48.51245500567612],[14.259810724879712,48.507957785937556]]],[[[14.273428090462946,48.51234729762486],[14.259971659754205,48.51695221559134],[14.273509744017723,48.51684449839788],[14.273428090462946,48.51234729762486]]],[[[14.226048678996454,48.51271742061903],[14.226203745708611,48.52171187514704],[14.23297345363445,48.52166016683612],[14.232817207669235,48.51266572108486],[14.226048678996454,48.51271742061903]]],[[[14.233051597030688,48.5261573749092],[14.239979388623995,48.53509964793571],[14.246750838856856,48.53504714266809],[14.24659215150174,48.52605277402596],[14.233051597030688,48.5261573749092]]],[[[14.327920703796394,48.52988938891041],[14.321235856304414,48.534443720088],[14.328007133844,48.53438651219084],[14.327920703796394,48.52988938891041]]],[[[14.314464563808379,48.53450053610614],[14.321321711375457,48.53894083825617],[14.321235856304414,48.534443720088],[14.314464563808379,48.53450053610614]]],[[[14.321751211227326,48.56142627859224],[14.328526030529744,48.561369041550115],[14.328353004674897,48.552374905346],[14.341812564963442,48.54776220124199],[14.321321711375457,48.53894083825617],[14.321751211227326,48.56142627859224]]],[[[14.26730855252702,48.54837871297116],[14.274245266486826,48.55731885862712],[14.26747092080924,48.55737295441209],[14.261099775478217,48.579912107217474],[14.29481896430534,48.57064544954438],[14.294401125919707,48.54816001464432],[14.26730855252702,48.54837871297116]]],[[[14.220281364458366,48.57123202724898],[14.22721299758591,48.58017485649622],[14.247545105804004,48.58001838360622],[14.254082249440707,48.56647418900706],[14.233677234597247,48.56213468052329],[14.220281364458366,48.57123202724898]]],[[[14.45744014562186,48.569200942870225],[14.45076164975248,48.57376257951507],[14.45753793691095,48.57369787675061],[14.45744014562186,48.569200942870225]]],[[[14.200027978819822,48.57588088682066],[14.200254073901515,48.58937218302954],[14.213811298764616,48.58927138072271],[14.213505136301738,48.571282999537914],[14.200027978819822,48.57588088682066]]],[[[14.410384639690992,48.587633414254604],[14.410197246545989,48.57863952224227],[14.389866214297937,48.5788242344241],[14.396920808710595,48.59225390992688],[14.424035847454203,48.59200521050774],[14.410384639690992,48.587633414254604]]],[[[14.200254073901515,48.58937218302954],[14.19355024167404,48.59391907814193],[14.200329465220301,48.59386926120889],[14.200254073901515,48.58937218302954]]],[[[14.458712763782565,48.62766027721453],[14.458222953665537,48.60517612585677],[14.464904859838517,48.60061413610233],[14.44446864705612,48.5963114602731],[14.451929379217619,48.62772504593733],[14.458712763782565,48.62766027721453]]],[[[14.555157197980428,46.39505095170609],[14.548757120962478,46.39961985051365],[14.555259213289826,46.39954945709402],[14.555157197980428,46.39505095170609]]],[[[14.581371619377299,46.40376260369355],[14.581580088469183,46.412759581667146],[14.588083726782273,46.41268728789793],[14.587874169436576,46.4036903221193],[14.581371619377299,46.40376260369355]]],[[[14.477710684447654,46.42286225295047],[14.510432128420208,46.431524215331365],[14.510235499085686,46.422527083520045],[14.49703123588459,46.413665138270126],[14.477519564612988,46.41386507643443],[14.477710684447654,46.42286225295047]]],[[[14.510432128420208,46.431524215331365],[14.510727195902364,46.445019934763906],[14.491397709513086,46.4542194460848],[14.55668922199904,46.46252884466306],[14.543164119326457,46.44017665844975],[14.510432128420208,46.431524215331365]]],[[[14.680483113645707,46.46561661758249],[14.680145275874336,46.45212133605564],[14.667128685957215,46.452276206424585],[14.660398501378722,46.44335619673203],[14.601726577629696,46.43953246569725],[14.581892922976483,46.42625507110903],[14.581684349184643,46.41725807517731],[14.568779121214568,46.42190005389625],[14.595536125907262,46.453101054105176],[14.660620362944456,46.45235307645595],[14.66757481277852,46.47026997277715],[14.661175342129862,46.474845323511964],[14.68733265943175,46.47903388333331],[14.69418563011605,46.49245075584257],[14.713724983741704,46.49221318366218],[14.713494056235458,46.483216361665086],[14.687219425880862,46.474535452097456],[14.700012762798233,46.46538142677269],[14.680483113645707,46.46561661758249]]],[[[14.544682347160169,46.50765514611695],[14.55761028561292,46.50301587905475],[14.557405484733184,46.49401874233793],[14.518423132421681,46.49893479778857],[14.498588148748407,46.485642599883214],[14.459606511606165,46.49053827090999],[14.459794900808904,46.49953557441554],[14.472918820054002,46.503903352889],[14.47972131258172,46.51733328007844],[14.512303396080963,46.51699751633109],[14.525635401794828,46.53035640337994],[14.551605229214413,46.525579323433185],[14.544682347160169,46.50765514611695]],[[14.512303396080963,46.51699751633109],[14.518720580810616,46.51243061966226],[14.518819763525737,46.51692923182131],[14.512303396080963,46.51699751633109]]],[[[14.674982814616145,46.506180305728826],[14.642189342803393,46.49756617825522],[14.635893431520204,46.50663859869735],[14.603318442309524,46.50701013764748],[14.597120605318992,46.520578935545274],[14.610260834946514,46.52493070153777],[14.616563228063113,46.51585969499576],[14.642627480481359,46.51556015032025],[14.655880861350381,46.524405089398314],[14.675432024603518,46.52417416779867],[14.68228778648606,46.53759184070814],[14.701729068287186,46.532857882678606],[14.701385461815622,46.519362547825814],[14.681836164328086,46.519597976869235],[14.674982814616145,46.506180305728826]]],[[[14.463100190801603,46.656992473681285],[14.470015052761756,46.67492183560395],[14.489621894458152,46.67472317338744],[14.50249680688417,46.66559149135818],[14.489233887841074,46.65672843662108],[14.463100190801603,46.656992473681285]]],[[[14.49088472050301,46.73320621801477],[14.497329665133291,46.72864046964071],[14.471160834458045,46.728906378524826],[14.477991526237565,46.74233661540608],[14.491079246784826,46.742203627289825],[14.49088472050301,46.73320621801477]]],[[[14.6296946674068,46.79020019886206],[14.616379682418533,46.7813520333881],[14.616595540753105,46.79034923639424],[14.6296946674068,46.79020019886206]]],[[[14.636025033919513,46.78112794617496],[14.649453935582851,46.79447236969605],[14.669216366445601,46.798741089929884],[14.662330359495783,46.78532241231207],[14.636025033919513,46.78112794617496]]],[[[14.616595540753105,46.79034923639424],[14.603710064341996,46.799493988037504],[14.616919464712899,46.80384504624369],[14.616595540753105,46.79034923639424]]],[[[14.623470693373203,46.80377069823453],[14.617027475773348,46.808343650841806],[14.62357925668343,46.80826929655521],[14.623470693373203,46.80377069823453]]],[[[14.51219656792264,46.8094817334559],[14.505743128856778,46.8140483464545],[14.5060391449439,46.82754447102034],[14.518948133023486,46.81841083983513],[14.524999886748443,46.795848718168685],[14.498798235837121,46.796121031686575],[14.51219656792264,46.8094817334559]]],[[[14.690237957976434,46.852490259125425],[14.696680228281014,46.84791313433104],[14.69610636252147,46.82542048039857],[14.702660127351262,46.82534154797431],[14.695876951685936,46.81642342210212],[14.702429611478655,46.81634450300587],[14.702199173330229,46.80734746023466],[14.682317402500729,46.79858595956959],[14.669216366445601,46.798741089929884],[14.650562125411174,46.839458112189334],[14.683680837140258,46.85256847234405],[14.664121444333112,46.8572993995303],[14.644337712411824,46.853029779892026],[14.64411691887934,46.844032611928235],[14.598117006489586,46.84005481621661],[14.59833002019127,46.849052071381536],[14.631113887731441,46.84868191528167],[14.644448137121694,46.85752836439252],[14.638110129186765,46.86660110938556],[14.644669042452229,46.866525534294134],[14.645221632145164,46.889018463027575],[14.651894423311514,46.893441055940734],[14.658456621787366,46.89336468274161],[14.658233276787954,46.884367536171325],[14.67146817215749,46.88871223629561],[14.690924031824823,46.87948149679712],[14.69046657207194,46.861487337311715],[14.697024780163973,46.8614087312155],[14.696795059529931,46.85241166630338],[14.690237957976434,46.852490259125425]],[[14.658233276787954,46.884367536171325],[14.651561095806866,46.879945316941544],[14.658121632566594,46.879868963088796],[14.658233276787954,46.884367536171325]],[[14.657898400656707,46.87087181746563],[14.651450024149819,46.875446737583],[14.651338971240438,46.87094815842391],[14.657898400656707,46.87087181746563]],[[14.671129916660256,46.875216556053076],[14.677576575520572,46.870640516157884],[14.677689842901279,46.875139069336846],[14.671129916660256,46.875216556053076]],[[14.677576575520572,46.870640516157884],[14.684022127258974,46.866064109869676],[14.684135929035552,46.870562656249824],[14.677576575520572,46.870640516157884]]],[[[14.468432528178704,46.90892150216208],[14.462248753891844,46.926981886537654],[14.481948463912378,46.926784563852365],[14.481754806695552,46.91778709103685],[14.494787732933041,46.91315493908445],[14.487833605779942,46.8952269136865],[14.474708277480966,46.895359524228724],[14.474996879665314,46.90885575014869],[14.468432528178704,46.90892150216208]]],[[[14.488904732166054,46.944712951189075],[14.48909969641637,46.95371041107288],[14.49566954793176,46.95364346242753],[14.515079918246515,46.93994421265051],[14.495277464575018,46.935648564490286],[14.495473473117901,46.944646013851795],[14.488904732166054,46.944712951189075]]],[[[14.700018219561606,46.97837059631876],[14.719970128698593,46.987128996846614],[14.71950191753806,46.96913495468487],[14.706243091757617,46.964795863005975],[14.700018219561606,46.97837059631876]]],[[[14.603678822451318,47.07398336070459],[14.616956526981529,47.07833441445806],[14.617282299552734,47.09183020588091],[14.623869079343065,47.09175583621238],[14.630017049833071,47.07368674495306],[14.643186052427648,47.07353614990449],[14.662489769282782,47.05531317028564],[14.682236269431924,47.05508106656235],[14.642521733073059,47.04654468631399],[14.642079228376918,47.028550360110614],[14.661928139942152,47.03282036519555],[14.674973538091033,47.02816752525573],[14.6549019867861,47.01490265487467],[14.648324776016699,47.01497882167511],[14.648546991954511,47.02397597783279],[14.61565509106013,47.02435116362262],[14.60896887856846,47.019926442578615],[14.615113605998515,47.00185810999748],[14.601855152813922,46.99750683120135],[14.615005363954547,46.99735949747528],[14.621254157556026,46.98378943777851],[14.64108468755417,46.98806308615868],[14.640863884070606,46.979065908155064],[14.653897939737263,46.97441548114793],[14.653563596904334,46.96091974835064],[14.66647959492052,46.95176929699264],[14.653118070171992,46.94292543360271],[14.652784122739353,46.92942969523551],[14.665692615129213,46.920279331725666],[14.685275004150741,46.91554812784275],[14.698750159464938,46.92888673827573],[14.718449599470889,46.9286483401957],[14.718099182314372,46.9151527986201],[14.711534385758432,46.915232624562854],[14.717748942699025,46.90165725656866],[14.685047035214565,46.90655103304664],[14.691496291097591,46.90197419973673],[14.684591328289851,46.8885568437335],[14.67146817215749,46.88871223629561],[14.665243330113086,46.90228506360584],[14.638769970156629,46.89359266263152],[14.63231720005424,46.898166495160716],[14.632755322567236,46.916160891697565],[14.639430479992773,46.92058421916826],[14.620276296572717,46.943301950663745],[14.63396168741636,46.965645473229664],[14.588280980955899,46.979658088113304],[14.581918832772038,46.98872768852128],[14.588598870233772,46.99315400449386],[14.569188023052353,47.006865814537186],[14.55603533602995,47.007007843052286],[14.556241894060461,47.01600517519307],[14.589022973660281,47.01114855246472],[14.596133110676996,47.03356895900001],[14.609400095739172,47.037920900987956],[14.583396406248808,47.05170865469606],[14.58360777421869,47.06070592355821],[14.603464000488364,47.064986134330915],[14.603678822451318,47.07398336070459]],[[14.691954446562834,46.91996836282341],[14.698404733844129,46.91539113630441],[14.698519856265255,46.9198896703822],[14.691954446562834,46.91996836282341]],[[14.609400095739172,47.037920900987956],[14.615871813431115,47.033348380368146],[14.61598020213801,47.037846987623254],[14.609400095739172,47.037920900987956]],[[14.61598020213801,47.037846987623254],[14.622669254370974,47.04227129351508],[14.61608860919872,47.042345594096744],[14.61598020213801,47.037846987623254]],[[14.616522421072998,47.06034001162645],[14.609939528076614,47.06041395622107],[14.609723700325967,47.05141673669007],[14.616305478400246,47.05134280458925],[14.616522421072998,47.06034001162645]],[[14.646438973123024,46.93850291182572],[14.63998141652962,46.943077181203726],[14.639871191978205,46.93857858910581],[14.646438973123024,46.93850291182572]]],[[[14.502732638093706,46.97606972155128],[14.48948982273777,46.97170532761467],[14.463296713203334,46.976468158421866],[14.456913637695846,46.98553074377375],[14.424044283677553,46.98585046146958],[14.424228421872392,46.99484802476143],[14.411260320980738,47.003970851316694],[14.417836479427963,47.00390840906525],[14.424873396501079,47.02633947936335],[14.451094531625442,47.0215855166031],[14.45090575257106,47.0125880029763],[14.463964612073287,47.007959400377906],[14.523153314343967,47.00735625156142],[14.522651130946743,46.98486276433471],[14.496258170335397,46.980635801252156],[14.502732638093706,46.97606972155128]],[[14.45738800756869,47.00802451318649],[14.457198211462918,46.99902700695853],[14.444140957356687,47.003654832807676],[14.424320514336367,46.99934680568376],[14.463678272847101,46.99446315673856],[14.463964612073287,47.007959400377906],[14.45738800756869,47.00802451318649]],[[14.463582858731005,46.98996440783296],[14.476538564531264,46.98083560734769],[14.503127542686684,46.994064585223256],[14.48350008078147,46.99876431561951],[14.463582858731005,46.98996440783296]],[[14.431081429884077,47.008281156902115],[14.424596885241936,47.01284314522804],[14.424504746017183,47.00834436594446],[14.431081429884077,47.008281156902115]]],[[[14.647880569719653,46.99698450180563],[14.641416032882116,47.001558849474115],[14.647991593108515,47.00148308264881],[14.647880569719653,46.99698450180563]]],[[[14.621580442105595,46.9972852596358],[14.615113605998515,47.00185810999748],[14.62168924042793,47.00178386588653],[14.621580442105595,46.9972852596358]]],[[[14.647991593108515,47.00148308264881],[14.648213696252265,47.01048024261094],[14.66125481197815,47.00582897435576],[14.66114265710925,47.00133040697618],[14.647991593108515,47.00148308264881]]],[[[14.714562799309913,47.032194065530035],[14.70151988090346,47.03685144893069],[14.71467954299217,47.03669257526041],[14.714562799309913,47.032194065530035]]],[[[14.498126088451043,47.066111414061886],[14.49792918240697,47.057113993779396],[14.504511815766422,47.05704653383713],[14.504313861530447,47.048049121429365],[14.484763865765863,47.05724777037427],[14.484958541260006,47.06624521326345],[14.498126088451043,47.066111414061886]]],[[[14.57755073502779,47.08327114871644],[14.597201100253999,47.078555179530774],[14.597094219866904,47.07405656164449],[14.577340303851884,47.07427387724395],[14.57755073502779,47.08327114871644]]],[[[14.56417093723527,47.0744168482778],[14.551104475074268,47.079056954752005],[14.564275028077166,47.078915496606825],[14.56417093723527,47.0744168482778]]],[[[14.66316435263954,47.08230450653857],[14.66338936620448,47.09130161043508],[14.669976014485293,47.09122457152637],[14.669749884751772,47.08222748064767],[14.66316435263954,47.08230450653857]]],[[[14.72478762238949,47.17156716479969],[14.718308427066184,47.17614584854473],[14.724905541116597,47.176065630476714],[14.72478762238949,47.17156716479969]]],[[[14.711711293092447,47.1762256846983],[14.711477715043381,47.16722872467731],[14.698401286628878,47.1718857186537],[14.69863266452068,47.18088270221728],[14.711711293092447,47.1762256846983]]],[[[14.711711293092447,47.1762256846983],[14.711828111858663,47.18072416226137],[14.718425805825131,47.18064431935988],[14.718308427066184,47.17614584854473],[14.711711293092447,47.1762256846983]]],[[[14.632654264441125,47.181652484617054],[14.626165877063285,47.18622592274588],[14.632764381601524,47.186151038976384],[14.632654264441125,47.181652484617054]]],[[[14.626165877063285,47.18622592274588],[14.61967636928362,47.19079898981091],[14.626275452675703,47.19072448174661],[14.626165877063285,47.18622592274588]]],[[[14.613185740902471,47.195371685688066],[14.61967636928362,47.19079898981091],[14.613077267379447,47.190873115839004],[14.613185740902471,47.195371685688066]]],[[[14.443092951386506,47.269144303371085],[14.45008108511567,47.28707473681271],[14.456692408612364,47.28701004745795],[14.450270703367776,47.2960720824128],[14.470204521434697,47.30037548588959],[14.470397613278465,47.30937278439633],[14.496952687065388,47.3136056483321],[14.497150382072393,47.32260288731381],[14.484016657793845,47.32723519371002],[14.478567823483756,47.38128485144596],[14.485190913064617,47.3812185134027],[14.491715475272995,47.37665320265997],[14.4848971241743,47.36772272019783],[14.498139867578468,47.36758892777662],[14.497743871144177,47.349594543361846],[14.491026370258847,47.345163000041104],[14.517500444478936,47.344892462989826],[14.510581800681297,47.331464882074165],[14.517198603327097,47.331396690366546],[14.516997461529824,47.3223994957847],[14.530228762413229,47.32226198643571],[14.523512012264264,47.31783233734746],[14.522804735669094,47.28634210274816],[14.496360005614116,47.28661387357288],[14.496656270702601,47.300109771586214],[14.47681748362755,47.30030963158062],[14.456501730220332,47.278012703687764],[14.476138242854152,47.26881905284464],[14.475944322549196,47.25982172470234],[14.449512617246556,47.26008264625194],[14.436109554192306,47.25121340929945],[14.435922504380423,47.24221599870349],[14.508584707215693,47.24149239704801],[14.528097291064034,47.227791125005936],[14.448755561597771,47.22409307494356],[14.441964105341405,47.21515988233352],[14.428759351326157,47.21528717498689],[14.428388066209253,47.19729226384049],[14.421787908355544,47.197355315486675],[14.428109767847218,47.1837960622686],[14.454503516271183,47.18354009949097],[14.461579834320707,47.20596867883478],[14.48138333443629,47.205771466310345],[14.487690940405578,47.1922089214197],[14.533784903533638,47.18723418455692],[14.56028379712382,47.19145237057031],[14.573797660041253,47.20480566420906],[14.566465017439123,47.17338683285632],[14.592852863060845,47.17309883103933],[14.592639477522562,47.164101635991976],[14.605723267669838,47.15945678082559],[14.625618277959925,47.16373310297994],[14.625399368410967,47.15473596403039],[14.60518461690982,47.13696382107666],[14.618043080115667,47.12332034571958],[14.638146449666747,47.13659165838991],[14.664628305493313,47.14078559627012],[14.71077745639991,47.14023780743241],[14.7171357344873,47.13116105464505],[14.66338936620448,47.09130161043508],[14.624415194132087,47.11424876791354],[14.604646422826773,47.11447082673724],[14.597628802971249,47.096549640537184],[14.584453962664004,47.096694960189126],[14.584242307994955,47.08769770729262],[14.570964944662107,47.08334283695087],[14.557896878826368,47.08798372184702],[14.551104475074268,47.079056954752005],[14.53144983328585,47.08376495957177],[14.538239533234735,47.09269289798908],[14.531652521507874,47.09276231029176],[14.53205810414854,47.11075699827806],[14.512290264641122,47.11096301672156],[14.498914380232607,47.10210105557576],[14.498717207078554,47.093103651578296],[14.52496469813128,47.08833266059318],[14.531145929727472,47.07026892570017],[14.55727573389687,47.06099179315429],[14.556758595164961,47.03849849387725],[14.582762731696558,47.02471682832671],[14.582551649843856,47.01571954700645],[14.556345199297827,47.02050384031813],[14.542984736363147,47.01164702689876],[14.530134032496626,47.02528208750783],[14.530639766905209,47.04777551696375],[14.498126088451043,47.066111414061886],[14.51139316250317,47.07047478753605],[14.511592400299627,47.07947217925177],[14.45919427950194,47.093500676430786],[14.472561360227246,47.10236730923583],[14.473043411121704,47.124860911054114],[14.446867417031012,47.13411864774519],[14.460242677087702,47.142986707289474],[14.453933905923796,47.15654778248773],[14.427553596162724,47.15680361550683],[14.421234814784878,47.17036286559177],[14.39484747368785,47.17061112511428],[14.355092964448014,47.161974457614356],[14.361340647362747,47.14392007135473],[14.315185210793278,47.14432624776197],[14.275941901836102,47.162654956712586],[14.256153825112586,47.162816489219274],[14.256388210917924,47.17631309894166],[14.282779006189207,47.176096903698074],[14.289700577781074,47.1940372656925],[14.302900348848839,47.19392607466584],[14.310079357408556,47.22536163099136],[14.303475566926425,47.225417832900774],[14.297198520363876,47.24346892100179],[14.264010272436796,47.23474469973621],[14.257953838587314,47.266290098917864],[14.251344884416394,47.26634328259833],[14.258346077816997,47.28878422468454],[14.284631570731285,47.279569965046996],[14.290673619173157,47.24802319390741],[14.310576314999713,47.25235446511611],[14.310244953635678,47.23435925018459],[14.323454737327152,47.234245680184735],[14.323790591018827,47.25224085671148],[14.317266897433413,47.256796646074974],[14.350391477993186,47.261006586569025],[14.35021897095793,47.252009049670974],[14.34361189772426,47.252067575206894],[14.34996032035121,47.23851272902469],[14.336664463965075,47.2341305806219],[14.336409356284722,47.2206342069718],[14.349443414574246,47.211520035376225],[14.37602808491772,47.22027982087847],[14.36960066918838,47.22933737551355],[14.389413244163944,47.22915613783252],[14.376912641083061,47.26526736424934],[14.416748355516996,47.27389632627655],[14.443092951386506,47.269144303371085]],[[14.512290264641122,47.11096301672156],[14.505800154665065,47.115529618759965],[14.505700950854001,47.11103092657829],[14.512290264641122,47.11096301672156]],[[14.302571959694971,47.175930746493805],[14.348669042990155,47.171030875141625],[14.362298617373924,47.19340680106438],[14.349271229705534,47.20252245611994],[14.335899530811716,47.19364141030939],[14.3095829062026,47.19836872913978],[14.302900348848839,47.19392607466584],[14.302571959694971,47.175930746493805]],[[14.258189142096008,47.279786580973095],[14.264720759379117,47.27523418042607],[14.264799769509034,47.2797330010779],[14.258189142096008,47.279786580973095]],[[14.34352622786723,47.247568798723684],[14.336834608020881,47.2431281534104],[14.343440572571733,47.243070020219385],[14.34352622786723,47.247568798723684]],[[14.336919701740504,47.24762693682873],[14.330397707659225,47.2521834787284],[14.33031316114856,47.24768469244854],[14.336919701740504,47.24762693682873]],[[14.389681911488198,47.242652379306385],[14.396377904678005,47.24708992456545],[14.389771497709532,47.24715112250691],[14.389681911488198,47.242652379306385]],[[14.422618606238116,47.2378438720496],[14.416105200875869,47.2424053135887],[14.416013384103657,47.237906589274196],[14.422618606238116,47.2378438720496]],[[14.389234208692109,47.22015863389794],[14.382720103418334,47.224718176578136],[14.382631154360062,47.220219418529375],[14.389234208692109,47.22015863389794]],[[14.336239356723768,47.21163661521407],[14.329721737745619,47.216193133465026],[14.329637306097256,47.2116943317937],[14.336239356723768,47.21163661521407]],[[14.382364397836918,47.20672313333825],[14.369249391414597,47.211342298941794],[14.369161609263035,47.20684352522223],[14.382364397836918,47.20672313333825]],[[14.533174876056506,47.16024228492392],[14.526680530721325,47.16481006316246],[14.526579462360118,47.1603114034359],[14.533174876056506,47.16024228492392]],[[14.519783065453204,47.15138280453207],[14.513288651715275,47.155949822137465],[14.513188736774339,47.15145114782661],[14.519783065453204,47.15138280453207]],[[14.565838509981008,47.14639508336744],[14.559348676234324,47.15096472767391],[14.559244862056515,47.14646609301041],[14.565838509981008,47.14639508336744]],[[14.486518322983416,47.13822460338948],[14.480022656320852,47.14278972796729],[14.479925588682745,47.13829102097822],[14.486518322983416,47.13822460338948]],[[14.486225541511097,47.1247284911313],[14.479731502797597,47.129293602909435],[14.479634484542181,47.12479489188461],[14.486225541511097,47.1247284911313]],[[14.532260998637096,47.11975433510565],[14.525771532534415,47.12432207343169],[14.525670618373805,47.11982340106879],[14.532260998637096,47.11975433510565]],[[14.571802915588353,47.119331927040626],[14.558726055260987,47.12397289872659],[14.55862234668923,47.11947425586862],[14.571802915588353,47.119331927040626]],[[14.598056795779819,47.114544083365615],[14.578393173424605,47.11926019032956],[14.578182456698832,47.11026293700655],[14.598056795779819,47.114544083365615]],[[14.549869925641579,47.02507297174918],[14.543393538298508,47.02964173350165],[14.54329131186412,47.02514305786298],[14.549869925641579,47.02507297174918]]],[[[14.593600283286179,47.20458896179962],[14.600415954819361,47.21351311552152],[14.613728384952891,47.2178645082665],[14.613402743221501,47.2043688201352],[14.593600283286179,47.20458896179962]]],[[[14.534599240909163,47.22322328901013],[14.528097291064034,47.227791125005936],[14.534701110918123,47.22772191881012],[14.534599240909163,47.22322328901013]]],[[[14.522300053528785,47.26384900900148],[14.522804735669094,47.28634210274816],[14.529415875479467,47.28627320319265],[14.529212826570655,47.277275983998386],[14.542227577048656,47.26813985554967],[14.535618720560198,47.2682094970232],[14.535414685958855,47.25921227193149],[14.522300053528785,47.26384900900148]]],[[[14.655360904672133,47.29838685447127],[14.648860152243138,47.30296153383462],[14.65547319741544,47.30288533677944],[14.655360904672133,47.29838685447127]]],[[[14.498337967014901,47.37658610343775],[14.491813985953092,47.381151791932],[14.498437042053022,47.38108468703533],[14.498337967014901,47.37658610343775]]],[[[14.471944717306686,47.3813508060604],[14.478665222032125,47.385783449112544],[14.478567823483756,47.38128485144596],[14.471944717306686,47.3813508060604]]],[[[14.485386855784487,47.39021569463037],[14.478665222032125,47.385783449112544],[14.478762637181921,47.39028204389449],[14.485386855784487,47.39021569463037]]],[[[14.644474417497163,47.393006709882904],[14.63796106289335,47.397580714229676],[14.644585983310144,47.397505148785186],[14.644474417497163,47.393006709882904]]],[[[14.585174048601512,47.40716841240065],[14.591479046975648,47.3936004445202],[14.57823001997292,47.393745043204675],[14.57791237074401,47.380249521585405],[14.571289523606886,47.380321227478305],[14.565085710554337,47.39838662132006],[14.55204278430841,47.40752520581516],[14.532163812789555,47.40773467858891],[14.532367867031072,47.41673174379252],[14.559086293296762,47.4254486376576],[14.572237875789646,47.420807766585945],[14.572027005084626,47.41181077897986],[14.592014472237409,47.41609286005938],[14.591800247357734,47.40709590291287],[14.585174048601512,47.40716841240065]]],[[[14.499527982878456,47.43056891186813],[14.499726555719315,47.439566003625316],[14.506356940293026,47.43949844106367],[14.506157236337014,47.430501360734226],[14.499527982878456,47.43056891186813]]],[[[14.55266533024647,47.43451625789476],[14.546138886572933,47.43908500500128],[14.552769149858747,47.439014755556016],[14.55266533024647,47.43451625789476]]],[[[14.533082605275323,47.448221373471135],[14.539508605670846,47.4391548706105],[14.51951666653818,47.43486363736308],[14.519718667156656,47.44386068823201],[14.533082605275323,47.448221373471135]]],[[[14.712007345057154,47.441711964226684],[14.7054938343452,47.44628977752937],[14.71212477711078,47.44621030305115],[14.712007345057154,47.441711964226684]]],[[[14.632773513464636,47.45613548632301],[14.61961844840596,47.46078328379648],[14.632884214019004,47.460633893733224],[14.632773513464636,47.45613548632301]]],[[[14.593086693537225,47.461077456135385],[14.57297649001951,47.452297123694144],[14.573187684740674,47.46129405352528],[14.560130590651838,47.470433472317495],[14.526857699161287,47.46628450913512],[14.493886595235034,47.47562146394879],[14.57371598708366,47.483786318794344],[14.573398951566826,47.470290969910515],[14.606461063017347,47.46542956712248],[14.612876534963238,47.45635897654171],[14.593086693537225,47.461077456135385]]],[[[14.68103608121752,47.52757394568304],[14.681266053217097,47.53657055168135],[14.694550744856901,47.53641402516873],[14.694318502633552,47.527417445654514],[14.68103608121752,47.52757394568304]]],[[[14.628126508184609,47.53718127683402],[14.62159388500104,47.541754242338655],[14.628236981856409,47.54167962576003],[14.628126508184609,47.53718127683402]]],[[[14.582480918098218,47.573682503281546],[14.582800908183566,47.587177573368535],[14.602747526747454,47.586959307575476],[14.602530769607855,47.57796263520909],[14.582480918098218,47.573682503281546]]],[[[14.61593565459456,47.58231355090659],[14.616154723941744,47.591310190073884],[14.622804091279711,47.591235888937476],[14.62258388438596,47.58223926234379],[14.61593565459456,47.58231355090659]]],[[[14.53625816391157,47.58767338858932],[14.529711278310756,47.59224107597993],[14.536360881724029,47.592171779007934],[14.53625816391157,47.58767338858932]]],[[[14.64297577587016,47.600007247793194],[14.656389630108134,47.60435342219532],[14.65605064341199,47.59085860941787],[14.649401371250859,47.590934835161356],[14.64962620515805,47.59993139413111],[14.64297577587016,47.600007247793194]]],[[[14.570665249027456,47.63680289264126],[14.56411523169046,47.64137249396033],[14.570771010136811,47.64130120594808],[14.570665249027456,47.63680289264126]]],[[[14.58408251259167,47.641157474037364],[14.584296369442335,47.650154062892376],[14.60426690592141,47.64993553834794],[14.604049628715622,47.64093898647927],[14.58408251259167,47.641157474037364]]],[[[14.610923714322833,47.649861926124466],[14.60437557243987,47.654433807508774],[14.611032951037398,47.65436018905472],[14.610923714322833,47.649861926124466]]],[[[14.584296369442335,47.650154062892376],[14.577745872869643,47.654724427449985],[14.584403325343908,47.654652350549085],[14.584296369442335,47.650154062892376]]],[[[14.710891329720834,47.653209667042915],[14.730384596385214,47.63497654983456],[14.710302586081863,47.6307187941805],[14.710538023041654,47.639715156792384],[14.650864168435824,47.649412160454595],[14.644543794230165,47.66298276493195],[14.624678896749582,47.667706519671796],[14.6248998211995,47.67670297898122],[14.631559995737447,47.67662817272768],[14.631782137557101,47.68562460060043],[14.645104712680926,47.68547380594145],[14.658200502604528,47.676325092303806],[14.657860585880313,47.66283049231207],[14.710891329720834,47.653209667042915]]],[[[14.511371780181682,47.664420691897085],[14.504512714286138,47.655491837134136],[14.491197367775488,47.655626355910094],[14.49149438695188,47.669121438808915],[14.511371780181682,47.664420691897085]]],[[[14.61801984453093,47.66778092778393],[14.61147008508788,47.67235319496671],[14.618129726714072,47.67227916606954],[14.61801984453093,47.66778092778393]]],[[[14.504813156265648,47.66898688587283],[14.511875628072048,47.68691234157956],[14.525198860477817,47.686775429261104],[14.52499498593586,47.677778806584165],[14.531655434200637,47.67770978366038],[14.52468930511541,47.66428383750824],[14.504813156265648,47.66898688587283]]],[[[14.59836714219977,47.681496596168124],[14.585366753593119,47.69513673135066],[14.598800157738419,47.699489539234584],[14.59836714219977,47.681496596168124]]],[[[14.572253569807167,47.704277110658666],[14.565695263978078,47.70884673263858],[14.57235960312298,47.708775354059696],[14.572253569807167,47.704277110658666]]],[[[14.598908458028028,47.703987762997926],[14.599233470345126,47.717482405036726],[14.619229585072453,47.71726128779998],[14.619009462516901,47.70826490210084],[14.598908458028028,47.703987762997926]]],[[[14.527036881380345,47.76774415365953],[14.520466686197313,47.772311127337716],[14.527139160203665,47.77224236785419],[14.527036881380345,47.76774415365953]]],[[[14.513794194728543,47.77237950056589],[14.51399651324947,47.7813759363523],[14.520670150630513,47.781307551545176],[14.520466686197313,47.772311127337716],[14.513794194728543,47.77237950056589]]],[[[14.501750562274264,47.83099168382323],[14.495170217504464,47.83555713906591],[14.501850790615109,47.83548984488687],[14.501750562274264,47.83099168382323]]],[[[14.508531346496296,47.835422163989705],[14.501951036186417,47.839988000297986],[14.508632166362887,47.83992031366914],[14.508531346496296,47.835422163989705]]],[[[14.62955678986315,47.86562394662486],[14.596026951254881,47.861495468897715],[14.59570187189361,47.8480013211286],[14.649044642632912,47.84290757375769],[14.601622013457341,47.81644170655012],[14.608081342430363,47.80737206881558],[14.621434970624792,47.80722402100334],[14.614538433416289,47.79830204754427],[14.627667779678365,47.789157064765305],[14.647916531294031,47.797927160347385],[14.655045399302919,47.81584323008558],[14.661723235913895,47.81576668103059],[14.662179149471102,47.833758772661426],[14.655612470289373,47.83833336294499],[14.669088485053772,47.84267780988025],[14.682219428598364,47.83352672761949],[14.735538967994167,47.828392986268966],[14.73529838522929,47.819397087384466],[14.741976554137945,47.81931589297449],[14.741734906683975,47.81031998547619],[14.714552825347468,47.7926503987324],[14.720513980227166,47.76558229759839],[14.733856623244542,47.765421232211146],[14.74016621999924,47.751846056892376],[14.693828450102906,47.76589979427038],[14.687041012501256,47.76148013306668],[14.69336226062997,47.74790750988392],[14.673010488613333,47.73464717142943],[14.68599786475794,47.72099727193886],[14.705994938900085,47.72076108728027],[14.698744722481118,47.69834961396863],[14.718614542898509,47.69361310320383],[14.718258978270017,47.6801187386662],[14.751561122790193,47.67971383073085],[14.744538506131956,47.66630125835786],[14.73122109224584,47.66646356586356],[14.724800396561749,47.675540403959076],[14.698160678296773,47.6758589056211],[14.69184935245931,47.689432026533936],[14.671978701240704,47.69416392088238],[14.672207849723407,47.7031602331506],[14.658880860606425,47.70331416474461],[14.666114722481524,47.725728119550226],[14.653007971601104,47.73487762674691],[14.619449783147557,47.72625765373219],[14.61311200984229,47.73982628803818],[14.593107261098687,47.740046340870784],[14.579450525792492,47.726696489897414],[14.55955562924283,47.731408928924516],[14.539347362547147,47.722623179534814],[14.533194771654284,47.74518389404303],[14.513288702237373,47.74988831944765],[14.51359194566804,47.76338304371945],[14.506920582363055,47.76345101917951],[14.520364980178124,47.76781290732174],[14.520161620512084,47.75881645160401],[14.52683237640096,47.75874770958274],[14.53391448593229,47.77667142519063],[14.52724145658875,47.77674057678264],[14.527446102062349,47.78573697873016],[14.49397549726166,47.781578772834074],[14.487400683838773,47.78614384510362],[14.487796425171158,47.80413672240779],[14.474443228516412,47.804269298554885],[14.474638906500847,47.81326572702948],[14.467961135565425,47.813331446490366],[14.468155733059275,47.82232786404999],[14.501550157266216,47.82199534484945],[14.494174446307833,47.790575221689465],[14.514198901266596,47.79037235085665],[14.52775320209916,47.79923154146144],[14.53566597015298,47.853140044739874],[14.57586893207914,47.85721448151054],[14.582874379504588,47.870639938539554],[14.623094652241582,47.87469796034625],[14.616850001638378,47.89276432387003],[14.589990873239735,47.88855975205143],[14.590206746097563,47.897555805990095],[14.576829882560492,47.897700224542426],[14.577043527013352,47.9066962787534],[14.597220825869337,47.91097703293883],[14.597438036545253,47.9199730136292],[14.671040894083733,47.91914642123314],[14.664807517716707,47.93721513540947],[14.637921666657395,47.933021766179316],[14.63167517024598,47.951088616089514],[14.618505713253384,47.9602336622471],[14.598307627773249,47.95595668660158],[14.605331640687789,47.96937718250037],[14.585561873989096,47.983089599602216],[14.551959880145521,47.978948439638906],[14.559080529816272,47.99686956413036],[14.56578171286265,47.99679857774211],[14.56620607460291,48.01479014620197],[14.559608137580506,48.019359037931444],[14.539495809078268,48.019569759007375],[14.525882184612826,48.010712470916125],[14.52567693968785,48.001716615448245],[14.512374642705836,48.006351499883856],[14.51288219372348,48.02884111214427],[14.519587549145344,48.02877280051604],[14.519996220195472,48.046764344037626],[14.526703872833991,48.04669562098647],[14.52040517349607,48.06475577617246],[14.540639047871476,48.06904619477935],[14.547768122878642,48.08696747367663],[14.52112152181707,48.09624050901657],[14.494065119193158,48.08751612335957],[14.494365325078034,48.101009584494555],[14.541471859145858,48.10502851946213],[14.541263548415442,48.096032981689405],[14.554480918024938,48.08689714396503],[14.58133191579518,48.086611939627026],[14.561087863361154,48.0823286493234],[14.547349542717903,48.068976277328645],[14.560558979290535,48.059839660160186],[14.566843166509528,48.04177729521331],[14.606865191992984,48.032347248008406],[14.606645886454167,48.02335160521099],[14.599941346296346,48.02342495619818],[14.599069503975237,47.987442064324924],[14.612359267387289,47.98279719490301],[14.612029228924744,47.9693035183794],[14.62520210939382,47.96015923537864],[14.645291182557242,47.959933629106224],[14.658911810291407,47.968777014550135],[14.665265528679804,47.95520666735661],[14.692165001515042,47.95939364829265],[14.70508541084714,47.941244532034375],[14.745369510765284,47.94525989316922],[14.74512670912708,47.93626427560449],[14.73162016480323,47.931928794471766],[14.74500533966983,47.931766457336224],[14.751210322718023,47.91369339972583],[14.724210135603483,47.90502221785131],[14.710831748555943,47.90518214933888],[14.704378124281307,47.914257320976716],[14.67761641961836,47.914571041926436],[14.677039085048321,47.892081396554524],[14.656976232433063,47.89231252301329],[14.656408022041482,47.869822629027375],[14.643038440849306,47.869974713351056],[14.649949316593625,47.87889485303557],[14.636689312949299,47.883544187198055],[14.62955678986315,47.86562394662486]],[[14.656976232433063,47.89231252301329],[14.650401700907077,47.896886758230806],[14.650288575634008,47.892388790945006],[14.656976232433063,47.89231252301329]],[[14.657203653512703,47.9013084386073],[14.65062800987277,47.90588267460953],[14.650514845651657,47.901384719461596],[14.657203653512703,47.9013084386073]],[[14.636913203738866,47.89254016546669],[14.63033688763931,47.89711325852523],[14.63022548884075,47.892615272053355],[14.636913203738866,47.89254016546669]],[[14.615307827806522,47.82978861802383],[14.602057264477532,47.83443402687083],[14.60194842366848,47.82993595521326],[14.615307827806522,47.82978861802383]],[[14.541622897097314,47.821583563370766],[14.535047214914432,47.826151303461124],[14.534944151069736,47.821653160153176],[14.541622897097314,47.821583563370766]],[[14.494672118034773,47.8130662492917],[14.481415098653942,47.81769782139461],[14.48131666062326,47.81319962100847],[14.494672118034773,47.8130662492917]],[[14.574484094402163,47.7987391599758],[14.587298076528997,47.776104306320065],[14.607316621275908,47.77588526320094],[14.607535019229449,47.78488152029816],[14.614208976097196,47.78480772089094],[14.607862756842913,47.79837586570036],[14.594511347485998,47.79852234271633],[14.594727639119073,47.80751857063982],[14.58805075954089,47.80759124180245],[14.587835614899385,47.798595001572984],[14.574484094402163,47.7987391599758]],[[14.587298076528997,47.776104306320065],[14.567173632024678,47.77182169967471],[14.587190624228306,47.77160615126079],[14.587298076528997,47.776104306320065]],[[14.647128005657823,47.766440545414],[14.6270023863238,47.76216837484919],[14.62655917135532,47.74417581014148],[14.653347105826168,47.74837201209429],[14.647128005657823,47.766440545414]],[[14.586975774962307,47.762609825355526],[14.573527170799808,47.75825570315777],[14.573314721826744,47.74925932165079],[14.599992483146732,47.74896972893735],[14.586975774962307,47.762609825355526]],[[14.546844538391438,47.75853916659043],[14.540173835438884,47.75860906707444],[14.539967110838866,47.74961262573938],[14.546636668898344,47.74954273709021],[14.546844538391438,47.75853916659043]]],[[[14.490077188639603,47.907597402965166],[14.463317723702994,47.90786150563083],[14.463511860320363,47.916857732864045],[14.516938047045398,47.911825175716764],[14.516734730328752,47.90282902680789],[14.503255840098076,47.898466844026395],[14.490077188639603,47.907597402965166]]],[[[14.563769985319992,47.91133720292671],[14.550389521026373,47.9114785600744],[14.550807886809904,47.92947066667806],[14.544219383328489,47.93403880516753],[14.517548417445177,47.938813474521254],[14.53114187833973,47.94767194642326],[14.531450866598089,47.96116593809209],[14.504764869545033,47.96593762037165],[14.511664806152769,47.97486576166667],[14.505067143666468,47.97943160425075],[14.551959880145521,47.978948439638906],[14.551540720826353,47.96095661190339],[14.571630412603295,47.96074379704738],[14.558026677814226,47.951890120608645],[14.577791862186604,47.93818227476138],[14.563769985319992,47.91133720292671]],[[14.558026677814226,47.951890120608645],[14.551435976136244,47.95645863881165],[14.551331249492678,47.951960659312384],[14.558026677814226,47.951890120608645]],[[14.551331249492678,47.951960659312384],[14.54453167127765,47.94753281862997],[14.551226540890996,47.9474626734335],[14.551331249492678,47.951960659312384]],[[14.54484412066788,47.96102677493136],[14.53814750255866,47.96109655032813],[14.537940338826473,47.952100574026275],[14.544635803130316,47.9520308104521],[14.54484412066788,47.96102677493136]],[[14.564192959878651,47.929329261621234],[14.557605645230613,47.93389816299428],[14.557500432402653,47.929400157848804],[14.564192959878651,47.929329261621234]]],[[[14.598198863323104,47.95145874962875],[14.591611732967593,47.956029556830465],[14.598307627773249,47.95595668660158],[14.598198863323104,47.95145874962875]]],[[[14.497967422503894,47.96150706236747],[14.46467808534742,47.9708345719021],[14.458270306294608,47.98439378896007],[14.504966368258666,47.974933616129874],[14.497967422503894,47.96150706236747]]],[[[14.659025844433131,47.97327486864519],[14.645855581583257,47.982422963996484],[14.646194454572225,47.99591648615584],[14.633016222545464,48.005063053926214],[14.65971046225086,48.000261855137715],[14.659482177617264,47.99126621945973],[14.6726522831373,47.982116599373136],[14.659025844433131,47.97327486864519]]],[[[14.699919019769421,47.99979517027395],[14.693334704737143,48.00437169575265],[14.700036658696282,48.00429293853471],[14.699919019769421,47.99979517027395]]],[[[14.700271997425274,48.01328845484552],[14.693686009178878,48.01786498008255],[14.700389697237895,48.017786202839865],[14.700271997425274,48.01328845484552]]],[[[14.693686009178878,48.01786498008255],[14.680394557950697,48.02251913161121],[14.6938031510646,48.02236272794191],[14.693686009178878,48.01786498008255]]],[[[14.754997820029187,48.05312331579785],[14.747680305368497,48.03071695767789],[14.734269727011943,48.030879597717245],[14.714510579512861,48.04461374752171],[14.680742634256658,48.036012373816746],[14.681090890808948,48.0495055537359],[14.674383092601376,48.04958321296207],[14.681323162049784,48.05850097204007],[14.701214164781687,48.049270246525744],[14.721337255682078,48.04903144505433],[14.728285288403516,48.05794639237592],[14.754997820029187,48.05312331579785]]],[[[14.648118050939502,48.072378622949316],[14.641520007291113,48.076952089209314],[14.648231379543297,48.076876332775406],[14.648118050939502,48.072378622949316]]],[[[14.58122434498695,48.08211418142703],[14.601469969364004,48.086393956651165],[14.601142096160897,48.07290071593061],[14.581009259100023,48.073118643484655],[14.58122434498695,48.08211418142703]]],[[[14.715582316875542,48.08509266934638],[14.722294627456279,48.08501262635185],[14.722055160509822,48.076017373858356],[14.701921644539715,48.076256296800516],[14.702393705125322,48.09424685388238],[14.695797659721126,48.09882337252601],[14.716059179569301,48.10308311447657],[14.715582316875542,48.08509266934638]]],[[[14.722893656903665,48.107500630546575],[14.716059179569301,48.10308311447657],[14.716178446745044,48.10758070747286],[14.722893656903665,48.107500630546575]]],[[[14.630445058004307,48.17155304702605],[14.59682675245234,48.171922775120834],[14.596390513855027,48.15393231298966],[14.609723066805811,48.14928801673127],[14.61611166755074,48.135721208903114],[14.642761534119902,48.126426488712674],[14.66997840544166,48.139613632248086],[14.72349320414638,48.129988450466385],[14.716775091904605,48.13006856134136],[14.716417042936667,48.11657587132659],[14.703338805610056,48.13022761656766],[14.676465988586422,48.13054106087725],[14.669401876323757,48.1171256199869],[14.689083527896198,48.09890188142738],[14.655512567788639,48.09928859664686],[14.648571482818165,48.09036941913148],[14.621830008622453,48.095167897029235],[14.614895244165924,48.08624669196615],[14.601469969364004,48.086393956651165],[14.608292524886245,48.090818244857026],[14.60873234933905,48.10880907721186],[14.589018815077829,48.12701910766167],[14.555534437764072,48.13187456623714],[14.548501334509826,48.118451788434356],[14.535067567995313,48.118591364994],[14.528969376911057,48.14564694318525],[14.542410149013518,48.14550807357877],[14.549550319884812,48.163428748695125],[14.563101795221607,48.167785139524206],[14.563420389771974,48.18127801975489],[14.603989319787997,48.18983992114856],[14.630445058004307,48.17155304702605]],[[14.569398145064469,48.14972333336873],[14.562783365983936,48.15429218982559],[14.562677259618635,48.14979452461909],[14.569398145064469,48.14972333336873]]],[[[14.683766860906351,48.15295111654778],[14.684233334012456,48.17094124586448],[14.690956778748484,48.17086301954395],[14.69048798005453,48.15287291675212],[14.683766860906351,48.15295111654778]]],[[[14.677277755199993,48.16202402058689],[14.663947975247591,48.166676049481836],[14.677393802108048,48.16652155567758],[14.677277755199993,48.16202402058689]]],[[[14.63705608382437,48.166980367658184],[14.630445058004307,48.17155304702605],[14.637168661383742,48.171477933921885],[14.63705608382437,48.166980367658184]]],[[[14.64389224528481,48.171402431659764],[14.637281258422636,48.17597549243217],[14.644005424008169,48.17589998376819],[14.64389224528481,48.171402431659764]]],[[[14.617552244865701,48.194189915269924],[14.60453833233149,48.21232763569055],[14.631453894393449,48.212030848486044],[14.631229572688875,48.20303583680753],[14.644571611504551,48.19838762702183],[14.644231840215548,48.18489506461116],[14.617552244865701,48.194189915269924]]],[[[14.651754300109449,48.21630164340573],[14.645365097788448,48.22986999408246],[14.69874142581633,48.21126161874163],[14.671826652777009,48.21157398401233],[14.651754300109449,48.21630164340573]]],[[[14.504006900993753,48.23137547488865],[14.497375964822137,48.23594046091148],[14.5041080908036,48.23587305132579],[14.504006900993753,48.23137547488865]]],[[[14.477179482708848,48.23614035174361],[14.470545578930178,48.240703799265674],[14.477278357235598,48.24063794271695],[14.477179482708848,48.23614035174361]]],[[[14.50532373723063,48.289843326225395],[14.505526590953641,48.29883825479061],[14.51900713794756,48.29870210510242],[14.518904533280567,48.29420465661573],[14.50532373723063,48.289843326225395]]],[[[14.680767917510074,48.29694659755906],[14.674144174976904,48.301521527339986],[14.680884569027358,48.301443888607935],[14.680767917510074,48.29694659755906]]],[[[14.586517257163347,48.30249533043408],[14.573250559191267,48.31163405362548],[14.586734250112151,48.31149006518958],[14.586517257163347,48.30249533043408]]],[[[14.681234645009868,48.314935710232156],[14.674608644490746,48.31951063191903],[14.68135137749847,48.31943296683939],[14.681234645009868,48.314935710232156]]],[[[14.65449473769491,48.324238559792235],[14.640668252699049,48.31089850375564],[14.648092941396422,48.3378064596292],[14.668328342714755,48.337576898686876],[14.68158490324895,48.3284274539846],[14.65449473769491,48.324238559792235]]],[[[14.615255255054048,48.37415922399671],[14.61503304521256,48.365164784895626],[14.635166450200511,48.360443751761814],[14.634828066250705,48.3469520562825],[14.614699875124305,48.35167305915772],[14.607621607762743,48.338255041224365],[14.58074838644245,48.34304359617134],[14.580964547317523,48.352038186340174],[14.60142555198932,48.36081479922772],[14.601755321434837,48.374306508807535],[14.58161348053542,48.37902174314204],[14.581938200844895,48.39251339994662],[14.595442940212068,48.392368409877925],[14.595224095058306,48.383374005682676],[14.601975263213614,48.38330093686257],[14.602415376106547,48.401289683967626],[14.616033597763371,48.40563947555626],[14.615699906396305,48.39214799385185],[14.635843747211986,48.38742690090639],[14.615255255054048,48.37415922399671]]],[[[14.5144133916461,48.39321490242996],[14.507762634989053,48.39778016928196],[14.514515802190429,48.397712162687824],[14.5144133916461,48.39321490242996]]],[[[14.669485877088018,48.38254875920309],[14.66971762531081,48.391543023346024],[14.656328045406626,48.396193742065066],[14.663542268723788,48.41410554518442],[14.676702752756471,48.400459858041216],[14.690209289261707,48.400303899657686],[14.689856296736927,48.386812603894995],[14.69660777453533,48.38673405844881],[14.696371375670953,48.37773982904713],[14.669485877088018,48.38254875920309]]],[[[14.690680232329576,48.41829216527859],[14.690915826688718,48.4272862424144],[14.704429326169047,48.427128640477896],[14.704191382732912,48.41813459008749],[14.690680232329576,48.41829216527859]]],[[[14.467931865064829,48.42966084332008],[14.461272318306266,48.43422338436702],[14.468030305105493,48.434158069387],[14.467931865064829,48.42966084332008]]],[[[14.596867289547065,48.450831137869756],[14.59653830773569,48.437339879135926],[14.582913378163106,48.43298787489029],[14.582371424651512,48.410502147885296],[14.575616679304414,48.41057408114054],[14.575401203658897,48.401579713315556],[14.561894004713448,48.4017223828275],[14.56221372421859,48.41521395705514],[14.575940033258627,48.42406556357649],[14.555988635268305,48.43777052507703],[14.583130291528185,48.44198210028651],[14.583455803084917,48.45547336760173],[14.542996810360373,48.46039657089972],[14.583998700032106,48.477958622511466],[14.617593127426629,48.468598615692564],[14.596867289547065,48.450831137869756]]],[[[14.501819980277071,48.43382562774662],[14.50212421987448,48.44731716501985],[14.508883865735491,48.44724948612627],[14.508577862831364,48.43375796608077],[14.501819980277071,48.43382562774662]]],[[[14.671342120545841,48.45450183749709],[14.664697351701442,48.45907591225388],[14.671458307326903,48.458998825160336],[14.671342120545841,48.45450183749709]]],[[[14.65106095762882,48.45473190543531],[14.644414364560696,48.45930482589875],[14.651175380216067,48.4592289126248],[14.65106095762882,48.45473190543531]]],[[[14.68498015783197,48.458843477165544],[14.671574514323664,48.463495803275165],[14.685097541136187,48.46334044209553],[14.68498015783197,48.458843477165544]]],[[[14.644414364560696,48.45930482589875],[14.631004951884684,48.463952495487625],[14.637766595236233,48.46387735839194],[14.637993186642323,48.4728713506357],[14.651518767451778,48.47271987680225],[14.644414364560696,48.45930482589875]]],[[[14.65839661875577,48.47714051517999],[14.651518767451778,48.47271987680225],[14.651633269705657,48.47721684563749],[14.65839661875577,48.47714051517999]]],[[[14.69233111508932,48.481249911640916],[14.69933227721568,48.49016502324652],[14.706097249840058,48.49008593284646],[14.705858726196684,48.48109214911921],[14.69233111508932,48.481249911640916]]],[[[14.672272181129706,48.4904774698752],[14.692449189232319,48.4857468217555],[14.672155852727839,48.48598054964049],[14.672272181129706,48.4904774698752]]],[[[14.564028622127516,48.49166461494323],[14.56381482599242,48.482670563253166],[14.523332662411788,48.48758689722745],[14.543837570811194,48.49637307547961],[14.544258390330715,48.514361094400485],[14.551132598284914,48.51878795323476],[14.564563438277792,48.514149573316686],[14.5508151330563,48.50529700114633],[14.550603581690742,48.49630298395089],[14.564028622127516,48.49166461494323]]],[[[14.67273769731677,48.50846505308332],[14.672504898696733,48.49947128108159],[14.64555379989819,48.50427443256462],[14.645781925100032,48.51326823687685],[14.67273769731677,48.50846505308332]]],[[[14.598624762738885,48.522783057534625],[14.591636574154608,48.51386206148436],[14.578100043899118,48.51400660078392],[14.585085912468603,48.52292840488636],[14.598624762738885,48.522783057534625]]],[[[14.700044812031118,48.51714617985991],[14.70040135874729,48.530636624676916],[14.713821840947931,48.52598113968944],[14.713581805778867,48.516987526785925],[14.700044812031118,48.51714617985991]]],[[[14.672970577032144,48.51745878565559],[14.680090406956023,48.53087172643632],[14.686860744758542,48.530793750980706],[14.686507735508574,48.51730326615445],[14.672970577032144,48.51745878565559]]],[[[14.605615367201892,48.53170359728393],[14.598954834417576,48.53627376280516],[14.605726000116885,48.53620048283885],[14.605615367201892,48.53170359728393]]],[[[14.727724857286757,48.53931119631243],[14.714302162262637,48.54396824558609],[14.72784614893473,48.54380794411959],[14.727724857286757,48.53931119631243]]],[[[14.674252866940819,48.5669235999545],[14.707769243452406,48.55304131453747],[14.673902907694904,48.55343331715385],[14.674252866940819,48.5669235999545]]],[[[14.585957046947339,48.55890351693184],[14.579182873150058,48.558975651946334],[14.579399665544713,48.56796934118682],[14.58617502041533,48.567897193922974],[14.585957046947339,48.55890351693184]]],[[[14.518523741642614,48.573097905223776],[14.484743085826532,48.57793204553327],[14.505379348086255,48.591221452590354],[14.525714829896108,48.59101668683448],[14.5390618387765,48.58188455616421],[14.531971657997508,48.56846339339785],[14.5520859900823,48.55926027174451],[14.579182873150058,48.558975651946334],[14.578966156322855,48.549981922075304],[14.511542594792447,48.564172349615724],[14.518523741642614,48.573097905223776]]],[[[14.470991487132762,48.56907037197375],[14.47118945006453,48.57806420733041],[14.477966276628244,48.57799832252212],[14.477767132059629,48.56900449835169],[14.470991487132762,48.56907037197375]]],[[[14.654157370723304,48.57614766658997],[14.64749540024633,48.58072049362632],[14.654272332678648,48.58064440616469],[14.654157370723304,48.57614766658997]]],[[[14.708606771143282,48.584518264782034],[14.71586552144058,48.60242521589861],[14.736204506477433,48.60218390967592],[14.729060228943267,48.58877486273308],[14.715384110331408,48.58443864106708],[14.715143530692252,48.57544529150261],[14.694814995726334,48.57568294570972],[14.695052030236052,48.584676335633475],[14.708606771143282,48.584518264782034]]],[[[14.600387141011941,48.594732433929146],[14.614167816543118,48.60357878237189],[14.641173767389482,48.5987830954372],[14.613721877193727,48.58559181581703],[14.600387141011941,48.594732433929146]]],[[[14.48504370615349,48.59142268787546],[14.478464442041973,48.60048270288342],[14.498905144348273,48.604779438444176],[14.498600818429315,48.59128892329525],[14.48504370615349,48.59142268787546]]],[[[14.55304087878318,48.59973176768135],[14.553253279910043,48.60872531967518],[14.560034029871183,48.60865468683132],[14.559820445776946,48.59966114683137],[14.55304087878318,48.59973176768135]]],[[[14.607387810051584,48.603652548071366],[14.587156842327701,48.60836823151669],[14.60749875202349,48.608149269939105],[14.607387810051584,48.603652548071366]]],[[[14.614279350010536,48.60807549797584],[14.614502475337103,48.61706889774494],[14.621284237153496,48.616994720802865],[14.621059928536523,48.60800133362989],[14.614279350010536,48.60807549797584]]],[[[14.573595473783426,48.60851224395871],[14.580593376250945,48.617433895683284],[14.587375234391295,48.617361681003985],[14.587156842327701,48.60836823151669],[14.573595473783426,48.60851224395871]]],[[[14.614614067206432,48.621565581853844],[14.607942713552083,48.626136052432976],[14.614725678553262,48.62606225540814],[14.614614067206432,48.621565581853844]]],[[[14.472477893919566,48.63652312667059],[14.472676375635462,48.645516648719024],[14.479462077626158,48.64545067994217],[14.479262411177384,48.63645716909687],[14.472477893919566,48.63652312667059]]],[[[14.805398949635263,46.509052930511615],[14.779096812238773,46.500393463055076],[14.78585387934058,46.50930642366891],[14.805398949635263,46.509052930511615]]],[[[14.727217577777322,46.510046536743275],[14.740248006262801,46.509884707300685],[14.740483535897543,46.51888150435589],[14.753634957355862,46.52321652695907],[14.759674127318476,46.50514076017943],[14.740130271059984,46.505386312352286],[14.726751122871061,46.49205291698665],[14.727217577777322,46.510046536743275]]],[[[14.818801881489339,46.52237699461843],[14.811913931878287,46.508967678496894],[14.805398949635263,46.509052930511615],[14.805522165948231,46.513551257672766],[14.792491047354947,46.513720644551604],[14.818801881489339,46.52237699461843]]],[[[14.806015237868825,46.53154458965885],[14.80576866056439,46.5225479190518],[14.786340313506962,46.52729983194042],[14.786461973041941,46.531798189780915],[14.806015237868825,46.53154458965885]]],[[[14.925464027928145,46.60192319874649],[14.9190708923986,46.606513268720185],[14.925597543046358,46.60642143517346],[14.925464027928145,46.60192319874649]]],[[[15.01156346546364,46.641180683151454],[15.018376983363748,46.65007972768011],[15.024908740303317,46.649982140639345],[15.02462480820253,46.64098592004706],[15.01156346546364,46.641180683151454]]],[[[15.031583024082403,46.6543822797831],[15.031868197391507,46.663378492721016],[15.038401553339895,46.66328012458257],[15.038115282051221,46.65428392824717],[15.031583024082403,46.6543822797831]]],[[[15.007561916909712,46.72224412317896],[15.006999219755112,46.7042515044265],[14.980983834908892,46.709133620771695],[14.994480650993147,46.72243691071215],[15.007561916909712,46.72224412317896]]],[[[14.988914051364366,46.75402002975897],[14.988635628886916,46.74502365549918],[14.975272590689226,46.73621784900828],[14.975963079869919,46.75870886272349],[14.988914051364366,46.75402002975897]]],[[[15.001862748610861,46.74932971459786],[14.995458574162239,46.75392414728021],[15.002003073419765,46.7538278859579],[15.001862748610861,46.74932971459786]]],[[[14.988914051364366,46.75402002975897],[14.989053297773651,46.7585182182113],[14.995598371591544,46.75842232763787],[14.995458574162239,46.75392414728021],[14.988914051364366,46.75402002975897]]],[[[15.042419482492562,46.78922736678467],[15.015941061173418,46.78062317416786],[15.009675409520726,46.78971658044727],[15.042419482492562,46.78922736678467]]],[[[14.963558326620781,46.78138910644528],[14.963832711462441,46.790385557514604],[14.97038173844151,46.790291126674724],[14.970106250306065,46.78129469154893],[14.963558326620781,46.78138910644528]]],[[[15.023057520584556,46.79851834012891],[15.023342026380437,46.807514650387404],[15.03644404665423,46.807318519603996],[15.036157333010689,46.79832224246125],[15.023057520584556,46.79851834012891]]],[[[15.023342026380437,46.807514650387404],[15.016932716983565,46.81211031113824],[15.02348431525319,46.81201280634214],[15.023342026380437,46.807514650387404]]],[[[14.984035392923099,46.808093941410746],[14.964793787146245,46.82187315553378],[14.95168793487515,46.82206099086372],[14.945542238294292,46.835649103165636],[14.932432933093184,46.835834709473154],[14.932702345823724,46.84483125189502],[14.99142408017846,46.83498752896747],[14.984035392923099,46.808093941410746]]],[[[15.030464556994765,46.82540936833633],[15.02405371071785,46.830005435027545],[15.03060749434577,46.82990751791572],[15.030464556994765,46.82540936833633]]],[[[14.999381822736929,46.87987342712874],[15.005518890394615,46.86628238209393],[14.985704654250306,46.86207242804402],[14.986122497895906,46.8755670564576],[14.999381822736929,46.87987342712874]]],[[[15.013209794852513,46.90217095636466],[15.006788218606292,46.90676605184282],[15.01335148067533,46.90666913384267],[15.013209794852513,46.90217095636466]]],[[[15.000365534099865,46.911360783671284],[15.006788218606292,46.90676605184282],[15.000224932700071,46.90686258991249],[15.000365534099865,46.911360783671284]]],[[[14.993241623295779,46.89346414218397],[14.9278927589199,46.90340115130794],[14.92816174624705,46.912397714013814],[14.98109082902809,46.92514279602585],[14.994081835668347,46.92045335341337],[14.993661623050192,46.90695874804968],[14.987098289750183,46.907054526252296],[14.993241623295779,46.89346414218397]],[[14.973694853445595,46.89824849060935],[14.967270341754787,46.90284134713495],[14.96713255789656,46.89834311301231],[14.973694853445595,46.89824849060935]]],[[[14.757968117830663,46.93265975273457],[14.758208526512522,46.9416566971818],[14.76477651131389,46.941574169144594],[14.76453499282696,46.932577238637016],[14.757968117830663,46.93265975273457]]],[[[14.758208526512522,46.9416566971818],[14.751760201162092,46.94623732383572],[14.758328761329961,46.9461551690877],[14.758208526512522,46.9416566971818]]],[[[15.040612284229207,46.93776467025841],[15.060459039258292,46.941965019665126],[15.066587669450211,46.92837066530712],[15.04703467961867,46.933167659135044],[15.033471312312987,46.91987055800179],[15.033901719781065,46.933365014440035],[15.021053503429389,46.94255718558473],[14.994782663502054,46.94294435923194],[14.988494281051672,46.95203661895938],[14.995063160490112,46.95194075982887],[15.002195515836306,46.969837284944596],[15.02190860284356,46.96954618693812],[15.028336451560797,46.96495023582808],[15.021338440204914,46.95155352077204],[15.040612284229207,46.93776467025841]]],[[[14.929912381321813,46.9708753544717],[14.917037140881568,46.98005573537208],[14.930182051431046,46.979871909581476],[14.929912381321813,46.9708753544717]]],[[[14.884043513578446,46.97601031043875],[14.877601869375443,46.98059808134415],[14.884174470313729,46.980508641547594],[14.884043513578446,46.97601031043875]]],[[[14.969754436351675,46.983809530512666],[14.963319246186002,46.988402161335834],[14.969892663378607,46.98830775947714],[14.969754436351675,46.983809530512666]]],[[[14.897715944040552,46.99382356521711],[14.910464651630905,46.980147077559764],[14.89074704910235,46.980418821268955],[14.897715944040552,46.99382356521711]]],[[[15.00275939672537,46.987830042413506],[14.996326571351831,46.99242454305403],[15.002900426566585,46.99232823047656],[15.00275939672537,46.987830042413506]]],[[[15.02976886342736,47.00993178948922],[15.043065244807577,47.01423304729783],[15.042776294981453,47.00523677581732],[15.049351649272513,47.00513777439891],[15.042198688584632,46.98724422511457],[15.022479151258247,46.987538846033154],[15.029195607903127,46.991939174761264],[15.02976886342736,47.00993178948922]]],[[[14.799719576502259,47.017629075857066],[14.793265610826799,47.02221205506585],[14.799843497304387,47.022127497444046],[14.799719576502259,47.017629075857066]]],[[[14.758615548442526,47.20264936373572],[14.745534520215259,47.20731175324353],[14.758736410127504,47.20714778293588],[14.758615548442526,47.20264936373572]]],[[[14.946015850992266,47.28565917528867],[14.939541857902856,47.29025037134915],[14.946152847098851,47.29015734689339],[14.946015850992266,47.28565917528867]]],[[[15.006645755375311,47.32078953311132],[15.000172727913693,47.32538414648542],[15.00678800442491,47.32528761260765],[15.006645755375311,47.32078953311132]]],[[[15.047353430344671,47.35168849108157],[15.027353744526792,47.34748594776614],[15.021597220195092,47.374571911594884],[15.008639448113987,47.38376239870932],[15.035129615886747,47.383372004974255],[15.034695227263045,47.36987796488555],[15.047790904835065,47.3651825155658],[15.041025419042253,47.36078340854446],[15.047353430344671,47.35168849108157]]],[[[15.017411885027226,47.45113553240397],[15.010923786632716,47.45573067165785],[15.01755540458217,47.4556335168613],[15.017411885027226,47.45113553240397]]],[[[14.885976971460188,47.493488691466034],[14.879472195452134,47.49807634769778],[14.886109379542894,47.49798680257879],[14.885976971460188,47.493488691466034]]],[[[14.954692363463527,47.56903824270332],[14.94818423887777,47.573629731961674],[14.954830839665037,47.573536210485656],[14.954692363463527,47.56903824270332]]],[[[14.995277728845553,47.5909586392149],[14.995561767208958,47.59995443240097],[15.00221161149174,47.59985816895479],[15.001926435629025,47.59086239205966],[14.995277728845553,47.5909586392149]]],[[[14.809482738920204,47.606991629541675],[14.809861240834682,47.62048591881647],[14.82981947029039,47.62022822179586],[14.829435845126357,47.60673399793828],[14.809482738920204,47.606991629541675]]],[[[14.810113683457496,47.62948208981592],[14.803082834803014,47.61607294833081],[14.76994420126706,47.620990914995105],[14.777461080280885,47.652394482110296],[14.817528853495354,47.65638492367155],[14.823803714016972,47.64280482752171],[14.783869841742113,47.64331466069292],[14.783497852756518,47.629820351626506],[14.810113683457496,47.62948208981592]]],[[[14.74369402890077,47.634814338461624],[14.743935204800122,47.64381062398151],[14.750591029831392,47.6437289266363],[14.750348714240124,47.63473265494413],[14.74369402890077,47.634814338461624]]],[[[14.917250554330382,47.65055716730588],[14.91697965726348,47.641561280617495],[14.943325170325464,47.63219627043251],[14.903534806057301,47.6372455875595],[14.903937697738483,47.650739470682886],[14.917250554330382,47.65055716730588]]],[[[14.964123787258108,47.65890272686428],[14.970361025248165,47.64531466384746],[14.950255692153195,47.64109885771394],[14.950670621524072,47.65459256345298],[14.964123787258108,47.65890272686428]]],[[[14.870655155321623,47.65118848624296],[14.830459283573935,47.64271850689359],[14.843899525064796,47.647042738714795],[14.844287162577373,47.66053679789107],[14.831099644979783,47.665208678993956],[14.83135594317413,47.67420471541939],[14.85799396694081,47.67385537339251],[14.870918163623923,47.66018446146968],[14.870655155321623,47.65118848624296]]],[[[15.01738205772447,47.65813639569756],[15.010868371782445,47.66273135133099],[15.017526140387469,47.66263420301449],[15.01738205772447,47.65813639569756]]],[[[14.751075910106685,47.66172141566155],[14.758099584674826,47.675133602718354],[14.764759360024245,47.67505108593275],[14.764392058858453,47.66155680940376],[14.751075910106685,47.66172141566155]]],[[[14.9712015022028,47.67230186269634],[14.951085764183151,47.66808622764367],[14.944840828378243,47.68167317564549],[14.971481853250758,47.68129755810424],[14.9712015022028,47.67230186269634]]],[[[14.824823993511167,47.67878910567319],[14.811630156458461,47.683458735546225],[14.824951626814071,47.68328711939954],[14.824823993511167,47.67878910567319]]],[[[14.938180512825465,47.68176611623099],[14.918063802636278,47.6775447164463],[14.918470740456272,47.691038427250014],[14.93859265774829,47.695259742388174],[14.938180512825465,47.68176611623099]]],[[[14.771911426345387,47.69296045824641],[14.772157708941156,47.701956566751505],[14.778820867615105,47.70187323663959],[14.791897412092508,47.69270935332649],[14.791647788561644,47.68371326805569],[14.77166522817542,47.68396433046828],[14.771419114387877,47.674968183638825],[14.764759360024245,47.67505108593275],[14.765249388755468,47.69304338861464],[14.771911426345387,47.69296045824641]]],[[[14.885295594209108,47.695989573354396],[14.865177692044572,47.691758942034525],[14.858907687697998,47.7053411438825],[14.885561338061171,47.70498542342306],[14.885295594209108,47.695989573354396]]],[[[14.94553070887192,47.7041624889536],[14.96565983729549,47.708379059259975],[14.972042843737567,47.69928889127738],[14.951916690023907,47.695073428387836],[14.94553070887192,47.7041624889536]]],[[[15.038228637896456,47.68482928734402],[15.011299056884587,47.67622476976376],[14.98494357482437,47.68560526068906],[14.998550049660603,47.694409182532745],[14.992314276438393,47.70799862236698],[15.005927799045203,47.716801626197196],[14.999834037912528,47.73488914705184],[15.019834824764589,47.7345984647802],[15.011873648235703,47.69421592754119],[15.038228637896456,47.68482928734402]]],[[[14.85224421887704,47.705429109725216],[14.839046121683007,47.710101854305115],[14.852374268677499,47.709927064963914],[14.85224421887704,47.705429109725216]]],[[[14.772650527583863,47.719948725055744],[14.792771768838506,47.724195498478025],[14.799186654222607,47.71511497299513],[14.779068377260916,47.71086931154054],[14.772650527583863,47.719948725055744]]],[[[14.953164682563424,47.73555389918559],[14.953442275976451,47.74454950380481],[14.960110542782376,47.744455681047945],[14.959831805533453,47.735460092313744],[14.953164682563424,47.73555389918559]]],[[[14.766844305376004,47.751517830800516],[14.773884054685576,47.764928768013206],[14.793647176072529,47.7556813979234],[14.786728119554665,47.74676962501938],[14.766844305376004,47.751517830800516]]],[[[14.76696713867101,47.756015829345216],[14.753870433003993,47.76517673785563],[14.767212868519655,47.76501181078957],[14.76696713867101,47.756015829345216]]],[[[14.834181031854227,47.773159822875705],[14.840465561657084,47.75957919279323],[14.826996738880078,47.75525467165891],[14.820836735590033,47.773332502266456],[14.834181031854227,47.773159822875705]]],[[[14.981244843059892,47.78015385050026],[15.001406051782569,47.784364093895576],[15.007792113781466,47.77527211500641],[14.98763389092786,47.771062978827686],[14.981244843059892,47.78015385050026]]],[[[14.754723131336991,47.79666260350613],[14.748169196091066,47.801242502490446],[14.754845029087333,47.801160562718735],[14.754723131336991,47.79666260350613]]],[[[15.048412434696273,47.79267505531367],[15.015329487512052,47.802161174740206],[15.015618117350014,47.81115647328646],[15.035794030487319,47.815360669667804],[15.042177900605527,47.80626686088105],[15.055529805174674,47.80606855946953],[15.048412434696273,47.79267505531367]]],[[[15.029699114832791,47.83344931191671],[15.023164683083548,47.83804476414619],[15.029844738983623,47.83794690788173],[15.029699114832791,47.83344931191671]]],[[[15.036670993097202,47.84234624685814],[15.029844738983623,47.83794690788173],[15.029990388169225,47.84244449808386],[15.036670993097202,47.84234624685814]]],[[[14.997875581414826,47.883411993778765],[14.984219978109321,47.87460836881925],[14.98450364138833,47.88360360716313],[14.997875581414826,47.883411993778765]]],[[[14.885144202954514,47.91647533137353],[14.91176984792956,47.911615901783094],[14.919413841490279,47.94300793549879],[14.932388649018556,47.929331042652706],[14.972680834986463,47.93326722319161],[14.979939587767298,47.95116245716091],[14.966831262230635,47.96034706363688],[14.95330012226473,47.956037527852445],[14.913399572684796,47.965587408879486],[14.839346587362074,47.95307523918225],[14.832909395975156,47.962157442508655],[14.83960570706876,47.96207060554485],[14.839994554115277,47.975563606332194],[14.820028289684771,47.98032069618138],[14.813584372617301,47.98940174570163],[14.78008484206884,47.98982451754028],[14.780458495190528,48.00331759447762],[14.800563477645786,48.00306503056934],[14.82118064100984,48.02079947798391],[14.868107214722949,48.02018823317874],[14.881914732518414,48.03350270393023],[14.935557237644018,48.03277446490982],[14.942678401727981,48.04617402159878],[14.936109580638265,48.0507642596428],[14.949663902308677,48.05507567127415],[14.950360778099622,48.077562641076675],[14.963782649331211,48.0773749891079],[14.970352387366427,48.072783224802365],[14.969646946788854,48.050296338772355],[14.989769075185558,48.05001092773737],[14.969223974602185,48.03680412216971],[14.968801221327576,48.02331184274892],[14.901490449335963,48.015242463864205],[14.901220390138787,48.00624739218249],[14.89451851040327,48.006337793942706],[14.900950424076735,47.99725229339327],[14.887548952295738,47.99743267843802],[14.887816607484933,48.00642780780143],[14.861008765975008,48.00678398418219],[14.8537830833379,47.988881622343136],[14.887147642542034,47.98393993406534],[14.887415159313123,47.99293510366294],[14.90081547595634,47.99275473390301],[14.907244618160272,47.98366884366932],[14.92064248531259,47.98348617806921],[14.920915776189727,47.99248127076123],[14.947993851948564,48.0011062273094],[14.994901133740186,48.000443603683614],[15.000597146484402,47.96886521385739],[14.98008124629197,47.95565998150327],[15.006861979795326,47.95527623493365],[15.019381865101208,47.9280970880477],[15.039456631436769,47.92780303382247],[15.046590137652128,47.9411966443747],[15.053283379067944,47.941097439194486],[15.052987556118408,47.93210252687678],[15.046295467061794,47.93220171524885],[15.045559234430383,47.90971428181782],[15.005423446505644,47.91030102948646],[14.991759544140372,47.90149836560129],[14.991474534859295,47.89250319196592],[14.964866049647997,47.89738100932681],[14.964445548550811,47.883888124832744],[14.984219978109321,47.87460836881925],[14.983792223966512,47.86111196166687],[14.997446673703834,47.86991917596528],[14.997158350583273,47.860920421172786],[15.003841377083079,47.86082407070184],[15.003554498745785,47.85182886515142],[14.989906236218584,47.843025885217315],[15.022874607649657,47.829049549908284],[15.00283773433102,47.82934074950946],[15.002407971264736,47.81584781145362],[14.982942221271893,47.83412612886997],[14.962763325447288,47.8299127108897],[14.955666457609578,47.81651357749516],[14.922415288760131,47.82147527704952],[14.901438886826197,47.79026452292586],[14.894764683563983,47.79035494834669],[14.894496925987369,47.78135930920286],[14.907573060958178,47.77218247272618],[14.920916768890265,47.77199975218846],[14.941621542848832,47.79421161488617],[14.974712810936238,47.784746623784656],[14.96761900549509,47.77134806563955],[14.934123149435443,47.76731769497476],[14.933848752246762,47.758322095194615],[14.94732716920292,47.76263411919876],[14.946635748710296,47.74014513293638],[14.939830365299786,47.73574035519209],[14.953025921572891,47.73105608918892],[14.91901364986309,47.70902997384546],[14.87916265180853,47.7140707776671],[14.879427435016158,47.723066603363336],[14.866096038499434,47.72324452383214],[14.859822505834767,47.73682667374772],[14.866621303138713,47.74123617497768],[14.846876512914482,47.750496090894046],[14.853545721220584,47.75040843658864],[14.853936607585311,47.763902134757465],[14.87408130690869,47.76813465464173],[14.847655051971941,47.777483484337196],[14.847914743260233,47.78647923962309],[14.8343096985426,47.7776577233145],[14.820964256739696,47.777830417326804],[14.82121936473889,47.786826231369226],[14.814545465092491,47.7869120135344],[14.801071754457645,47.782584492902444],[14.800820127255767,47.77358862475568],[14.780927408953636,47.77833922942408],[14.79464893022429,47.791664969934565],[14.79515032363793,47.80965662649414],[14.775243382559601,47.81440620644013],[14.775738320830843,47.83239783715572],[14.762624028234928,47.841559556645656],[14.742460098284887,47.83730764064916],[14.742701995063543,47.84630348038104],[14.729578429738904,47.855461409129376],[14.689481302355896,47.85593846137614],[14.716450267811513,47.86461782197585],[14.716807734496022,47.8781149521108],[14.757044079703926,47.882126313549534],[14.743913954438842,47.891285813353406],[14.791226094753148,47.90869713554834],[14.78528518668557,47.9357679249773],[14.872160219333072,47.930146973400525],[14.871895651260802,47.921151592411675],[14.885411029242563,47.92547069462251],[14.885144202954514,47.91647533137353]],[[14.947854837068324,47.99660872907766],[14.95441580399486,47.992017742986675],[14.954555372423702,47.99651524002331],[14.947854837068324,47.99660872907766]],[[14.939555154045372,47.72674469854327],[14.933026125560989,47.73133517069802],[14.932889103428163,47.726837331987966],[14.939555154045372,47.72674469854327]],[[14.791100820795112,47.904199329120146],[14.81104063134806,47.89944712150454],[14.818111671876922,47.91285488172028],[14.798167386246057,47.91760829009632],[14.791100820795112,47.904199329120146]],[[14.810786738733892,47.89045152123205],[14.797286590416325,47.88612365267217],[14.796909431175308,47.87263014586356],[14.816836673987744,47.867876893372625],[14.82326338747741,47.8587919466299],[14.856678458682785,47.858356651787666],[14.870310154142041,47.86717878970746],[14.864020390200528,47.880760711674434],[14.843962760865788,47.88102430857094],[14.830976814061184,47.89469146695617],[14.81104063134806,47.89944712150454],[14.810786738733892,47.89045152123205]],[[14.93404025826219,47.983301961552215],[14.927478594614639,47.98789180556545],[14.927341383612458,47.983394263674306],[14.93404025826219,47.983301961552215]],[[14.991902085575155,47.90599594321172],[14.985355217205235,47.91058917645595],[14.985213226826085,47.90609159691721],[14.991902085575155,47.90599594321172]],[[14.910956247421636,47.88462981077158],[14.904404945387007,47.889218484763646],[14.90426997880956,47.88472077999304],[14.910956247421636,47.88462981077158]],[[14.917642492715341,47.88453845454077],[14.917370329131392,47.875543057835195],[14.924055400983134,47.87545133013825],[14.924328714591788,47.884446711302644],[14.917642492715341,47.88453845454077]],[[14.904000115311211,47.875725352401666],[14.903593444456066,47.862228711224425],[14.916960144211572,47.86204645464254],[14.917370329131392,47.875543057835195],[14.904000115311211,47.875725352401666]],[[14.896775800795174,47.857821532783476],[14.89022665194244,47.86240942043111],[14.890092967579166,47.85791168632816],[14.896775800795174,47.857821532783476]],[[14.855894062784051,47.831369899089175],[14.93590903012803,47.825788566155296],[14.942725795204236,47.83019347255641],[14.943278490959768,47.84818426555511],[14.869912392531626,47.85368206339552],[14.856286159590104,47.84486330140517],[14.855894062784051,47.831369899089175]],[[14.943278490959768,47.84818426555511],[14.950098795629865,47.85258870925818],[14.943416724295966,47.85268194935416],[14.943278490959768,47.84818426555511]],[[14.969863828863883,47.84331135854707],[14.963322910254526,47.84790340876365],[14.963182977976617,47.84340574294127],[14.969863828863883,47.84331135854707]],[[14.983083827505437,47.838623782155096],[14.976544655599058,47.843216587460255],[14.976403599133096,47.83871893187393],[14.983083827505437,47.838623782155096]],[[14.969582888315932,47.834316025567375],[14.963043069753573,47.83890807133629],[14.962903185579197,47.83441039397652],[14.969582888315932,47.834316025567375]],[[14.855502168108222,47.817876445589825],[14.862048787870776,47.81329047174098],[14.862179948167762,47.81778829335394],[14.855502168108222,47.817876445589825]],[[14.862048787870776,47.81329047174098],[14.868594260480556,47.80870412078124],[14.86872597176817,47.81320194047435],[14.862048787870776,47.81329047174098]],[[14.902246151763093,47.81725126291723],[14.895568508413803,47.81734173429236],[14.895166492421948,47.80384836618138],[14.901842415284733,47.8037579177868],[14.902246151763093,47.81725126291723]],[[14.92023655863456,47.7495106616883],[14.913567578281699,47.749602176300144],[14.913973917484595,47.763095669654106],[14.887290896933525,47.76345795987295],[14.879824780186041,47.73656030415963],[14.899692663373747,47.731792588817555],[14.906628942208108,47.74069760120859],[14.919964637929073,47.74051498893038],[14.92023655863456,47.7495106616883]]],[[[14.811294611374398,47.90844269738066],[14.804731574616872,47.913025683245856],[14.811421634181242,47.91294047610058],[14.811294611374398,47.90844269738066]]],[[[14.739279690742642,47.96783024254079],[14.726005053335658,47.97248970201676],[14.739400650499787,47.97232801641133],[14.739279690742642,47.96783024254079]]],[[[14.907515599431157,47.99266396732069],[14.900950424076735,47.99725229339327],[14.907651125111444,47.99716151911923],[14.907515599431157,47.99266396732069]]],[[[14.909686818257617,48.06462397386083],[14.92283145425835,48.055446157215016],[14.895998627834333,48.05581043107235],[14.909686818257617,48.06462397386083]]],[[[15.003615578900012,48.063310744274844],[15.01746915510443,48.076608845098455],[15.017033581920511,48.06311692717478],[15.003615578900012,48.063310744274844]]],[[[15.024325677083297,48.081008612589756],[15.01746915510443,48.076608845098455],[15.017614396317274,48.081106136637224],[15.024325677083297,48.081008612589756]]],[[[15.024325677083297,48.081008612589756],[15.024471522831275,48.085505888597474],[15.031183357854216,48.08540796782895],[15.03103693266422,48.080910700120796],[15.024325677083297,48.081008612589756]]],[[[14.876671859561965,48.08306441255511],[14.90406066605048,48.10069425021401],[14.917488667412831,48.10051195883706],[14.910230560480178,48.082613694353874],[14.876671859561965,48.08306441255511]]],[[[15.037895167585535,48.08530965860816],[15.018486370640291,48.108089732340545],[15.051911620677659,48.10310077202256],[15.051615114512654,48.09410633812507],[15.037895167585535,48.08530965860816]]],[[[14.769651748011524,48.09793412639577],[14.763061151552545,48.102514462104935],[14.769775634555042,48.102431671515866],[14.769651748011524,48.09793412639577]]],[[[14.776863624767303,48.1158410623036],[14.776490096151123,48.10234849229824],[14.769775634555042,48.102431671515866],[14.76355459094649,48.12050459690467],[14.776863624767303,48.1158410623036]]],[[[14.824519728838597,48.13773499160084],[14.83162664692883,48.15114086189307],[14.865229672094157,48.15070318390248],[14.837957566006247,48.13756190928818],[14.837697857561345,48.12856707471765],[14.824519728838597,48.13773499160084]]],[[[14.763801438599018,48.12949961966306],[14.74376912980899,48.13424330580638],[14.75061005479956,48.13865913918907],[14.751099528782943,48.15664908932227],[14.744499854527755,48.16122827242275],[14.764666077904586,48.160981961138354],[14.764418931288908,48.151987044563135],[14.784456190427168,48.14723982549631],[14.784205686456657,48.13824490542228],[14.763801438599018,48.12949961966306]]],[[[15.00751253881915,48.18473604177707],[15.041135705477078,48.184247469843605],[15.04084060141422,48.17525327708267],[15.01409198442993,48.18014198010858],[15.000355680215844,48.17134113886496],[15.006500468537787,48.15325594028766],[14.966176261868736,48.15382904321431],[14.959174670050595,48.144928701347006],[14.939015649422757,48.14520878736561],[14.946292405206806,48.16310484221167],[14.9395703832449,48.163197846845854],[14.939847894120641,48.17219233015322],[14.906231612384573,48.17265159552909],[14.90595991549229,48.163657034349896],[14.885793352103661,48.163927878246355],[14.892919655003952,48.17732986210402],[14.913091381413746,48.17705778184857],[14.926814409317153,48.18586891696396],[14.927227580337542,48.19936055922663],[14.914047299834005,48.20853838898467],[14.89386335205337,48.2088106307815],[14.880139854461822,48.19999568234152],[14.879872531562427,48.19100115439965],[14.866421014013351,48.19117908408568],[14.86668600872274,48.20017364220476],[14.853494828655093,48.20934460090529],[14.900726847751327,48.21321748600229],[14.914594059264012,48.22652713121884],[14.941375922040704,48.22166142369638],[14.94068100320443,48.19917559166155],[14.960579665886721,48.18990087919264],[14.946849848922351,48.181093746025525],[14.946571078842078,48.17209930974678],[14.959736376738169,48.162917665826285],[14.986766840027952,48.1670358342987],[14.994350157059014,48.1939230229308],[15.00751253881915,48.18473604177707]],[[14.979902151547032,48.162633983486494],[14.986481239509482,48.1580414472285],[14.98662402741793,48.162538644645096],[14.979902151547032,48.162633983486494]]],[[[14.7726309448252,48.20587312474414],[14.778859052802455,48.18780028755653],[14.758559357521076,48.18355164496079],[14.759052007270913,48.20154125664226],[14.7726309448252,48.20587312474414]]],[[[15.001220204164468,48.19832396722548],[14.994637317292447,48.2029172677591],[15.00136437879142,48.202821077489865],[15.001220204164468,48.19832396722548]]],[[[14.806524520222,48.214447165806355],[14.820367902192816,48.22776803067046],[14.84029898965266,48.21851402948758],[14.833310258478456,48.20960632912647],[14.806524520222,48.214447165806355]]],[[[14.800556594888132,48.241515856742986],[14.794076839387298,48.25059496520517],[14.834478057333312,48.250081631059814],[14.834218389119803,48.24108717673681],[14.820625103907506,48.23676256350942],[14.800556594888132,48.241515856742986]]],[[[14.760285125429476,48.246514724659704],[14.740329027007164,48.25575490129467],[14.760532005493348,48.255509320270065],[14.760285125429476,48.246514724659704]]],[[[14.72698082357613,48.26041399310663],[14.740329027007164,48.25575490129467],[14.726860269060445,48.255916673182824],[14.72698082357613,48.26041399310663]]],[[[15.004832072995878,48.31074925463176],[15.012009340924271,48.32414313184817],[15.018752106454475,48.32404594063433],[15.018314121090826,48.31055531177576],[15.004832072995878,48.31074925463176]]],[[[14.74191305465735,48.314219224772],[14.742279106983466,48.32771078616453],[14.74902280285772,48.327629204938546],[14.748654995714624,48.31413766430481],[14.74191305465735,48.314219224772]]],[[[14.960180606925789,48.39235965451722],[14.939925211646925,48.39263987795208],[14.940204014180562,48.40163351016029],[14.967215851272607,48.40125903391933],[14.966932356446312,48.39226546525514],[14.97368408134428,48.39217088527129],[14.972688522333733,48.36069316316372],[14.99953429786201,48.3558143417658],[14.999101048819645,48.34232382438537],[14.96523345411144,48.3383032893593],[14.964667939389045,48.3203156117637],[15.011427749672748,48.30615557631471],[15.004108446643976,48.28826461754652],[15.017730495049,48.29256768510769],[15.018314121090826,48.31055531177576],[15.031648954471267,48.30586293136494],[15.031943206877964,48.314856676913344],[15.038684726634761,48.31475833176821],[15.039275877164386,48.33274568463396],[15.052465552010185,48.323554131488045],[15.04557455460387,48.319156439478505],[15.051721088616933,48.30106991510988],[15.04498137360233,48.301169015301866],[15.037651199713395,48.2832801296084],[15.010265776910638,48.270180051324864],[15.00983045243298,48.25668908947806],[15.050085539490237,48.25160388388741],[15.056669692629928,48.24700753240389],[15.056073491470881,48.22901963350531],[15.069233844553628,48.21982578958295],[15.035293556175326,48.211328400276116],[14.99578695314473,48.238893924219774],[14.968859817875943,48.239275050525045],[14.969142811369144,48.24826919745798],[14.942210619332286,48.24864415384214],[14.935200348147356,48.239742692512486],[14.874611798984692,48.24055990281165],[14.854809981784625,48.25431689554892],[14.834478057333312,48.250081631059814],[14.822041307713347,48.2862319024549],[14.774873478756446,48.28682437424778],[14.774374533208048,48.26883543977598],[14.781110524409439,48.26875199919311],[14.774125190141724,48.25984092213612],[14.767390344628886,48.259923958782906],[14.767762640542973,48.27341574381437],[14.754412356702279,48.27807794860024],[14.734079336720972,48.27382518439634],[14.7073701080348,48.28314032398146],[14.707726952470441,48.29663216825888],[14.748042409033662,48.29165159043821],[14.78885407755301,48.30464578826097],[14.789358393885637,48.32263439232883],[14.776122357986205,48.331796111928945],[14.74902280285772,48.327629204938546],[14.749268114018076,48.33662352169165],[14.769502584642899,48.33637639437307],[14.776497444513495,48.34528746341406],[14.803353639153322,48.34045379719668],[14.817229885372429,48.35377434534223],[14.817615842228749,48.367265434397574],[14.777248203891366,48.37226992645873],[14.776997863849916,48.36327580791662],[14.756629537317616,48.35902713889067],[14.743256178844916,48.36368789648523],[14.743745223979007,48.38167623734124],[14.797877419955597,48.38550898991011],[14.798639914289614,48.41249083491128],[14.778626630028805,48.421736927045814],[14.798894255813808,48.42148470929745],[14.806033527141356,48.434890574648534],[14.833193884490065,48.43904401814019],[14.827084233731988,48.461614653577165],[14.833975607921857,48.466024970696274],[14.847104284785095,48.452360424279945],[14.894693503928826,48.460732202960564],[14.907941523616875,48.45155755189231],[14.934979682405798,48.45119054917685],[14.934562477400553,48.437700372112026],[14.941320193994788,48.437607667125015],[14.927389511195399,48.4243024002932],[14.907121430868857,48.42457692576169],[14.90739470004864,48.43357050561253],[14.900637451043602,48.433661247559584],[14.90022934464211,48.42017084060569],[14.873207160184222,48.42052980656988],[14.880096991750321,48.42493748609783],[14.880634226625517,48.44292473047927],[14.86049120675152,48.44768794592034],[14.846578615825319,48.43437310550446],[14.833063676547608,48.434547159465374],[14.832673188538406,48.42105652700443],[14.81214920611519,48.41232076375747],[14.811636094055228,48.394332961553886],[14.852149349013471,48.39381354287772],[14.851885889379444,48.38481967478026],[14.865254911949865,48.380146506274656],[14.851622521268975,48.375825770209175],[14.844479591297938,48.362422340155426],[14.878219608322452,48.361980961434085],[14.88456408264983,48.348400621397026],[14.898056366801107,48.34822060107929],[14.89697213970957,48.312244619794406],[14.890230689872945,48.31233476396205],[14.896430590248599,48.29425642004956],[14.923524491884699,48.298389097528435],[14.924626866564969,48.33436504133545],[14.951884259698252,48.34298799913946],[14.95216487178452,48.351981799025204],[14.925316628325527,48.35684972052649],[14.92559270072775,48.36584352968918],[14.966507298870965,48.37877504342155],[14.960180606925789,48.39235965451722]],[[14.874009487984067,48.44751071840851],[14.880902984241473,48.45191829586514],[14.874143290697328,48.452007503914814],[14.874009487984067,48.44751071840851]],[[14.795721329214587,48.309058667665475],[14.815688066179517,48.29980919402519],[14.836298257559557,48.31304187180937],[14.876747720123134,48.31251388185128],[14.87728262709498,48.33050203417316],[14.863794885521164,48.330679651713226],[14.871071705139295,48.34857908005545],[14.844217623220318,48.35342833053684],[14.837210016519274,48.344521359852685],[14.816972692466825,48.344780241332955],[14.796101353666007,48.322550086283485],[14.795721329214587,48.309058667665475]],[[14.909090116283286,48.26709255917323],[14.989484981457037,48.252480925570275],[14.990058362464827,48.27046898944702],[14.969850724328158,48.270754419192436],[14.977298074799233,48.29314463651313],[14.95048265928511,48.29801847153679],[14.909499323574536,48.28058382916808],[14.909090116283286,48.26709255917323]],[[14.895618970063508,48.26727386409577],[14.86867639723694,48.267631796141686],[14.874878465292111,48.249554267693114],[14.895213476417098,48.25378247240535],[14.895618970063508,48.26727386409577]]],[[[14.918569421656358,48.35694150309524],[14.925316628325527,48.35684972052649],[14.925040651775683,48.34785587552956],[14.918294616201944,48.34794764252626],[14.918569421656358,48.35694150309524]]],[[[14.999678764362276,48.36031116299529],[14.999967772631216,48.36930477844002],[15.020213705723561,48.36901412895969],[15.019774959487222,48.355523766252844],[14.999678764362276,48.36031116299529]]],[[[14.884967542364784,48.361891514133454],[14.87835355576617,48.366477915342166],[14.885102075647179,48.36638846045235],[14.884967542364784,48.361891514133454]]],[[[15.054404182951439,48.382012058323134],[15.054105647135327,48.373018630140315],[15.027403032331287,48.382406721077835],[15.027696981898941,48.39140017966959],[15.041199953685796,48.39120359619983],[15.041496351247806,48.40019698464838],[15.02813809781913,48.404890298524485],[15.035482215982068,48.42277883895605],[15.015507383115542,48.43206545459083],[15.02255755163085,48.44096133538686],[15.055898419149447,48.426978646212426],[15.054852181196965,48.395502131960214],[15.048100173319673,48.39560140886298],[15.047653933940675,48.382111309958724],[15.054404182951439,48.382012058323134]]],[[[14.906575177470172,48.40658965376077],[14.88644869457905,48.41135742346391],[14.906711705215203,48.411086485728255],[14.906575177470172,48.40658965376077]]],[[[14.95385059258912,48.40594384005942],[14.947097034356755,48.406037271652195],[14.947377155989047,48.41503083254143],[14.954131887912293,48.41493738509106],[14.95385059258912,48.40594384005942]]],[[[14.738334650808778,48.4312247698229],[14.745336970217071,48.44013733261135],[14.758853658673045,48.43997343257848],[14.758606190312523,48.43097954807289],[14.744846818978944,48.42214947041942],[14.717822586218158,48.42247246740085],[14.724820184949754,48.43138629572716],[14.738334650808778,48.4312247698229]]],[[[14.989054832068843,48.45043776803998],[14.982438756212279,48.45502988555913],[14.989198651231375,48.45493441077938],[14.989054832068843,48.45043776803998]]],[[[14.934979682405798,48.45119054917685],[14.935257940049285,48.46018395285752],[14.942018595271104,48.460091208524545],[14.941739161870087,48.45109782058461],[14.934979682405798,48.45119054917685]]],[[[14.732305986030351,48.458287434385134],[14.72566612811502,48.46286496742278],[14.732427486241388,48.46278435212202],[14.732305986030351,48.458287434385134]]],[[[15.009623793563751,48.45914224801752],[15.00300843120824,48.463735511770906],[15.009769426696112,48.4636388470518],[15.009623793563751,48.45914224801752]]],[[[14.956103696681858,48.477891143186774],[14.942298125918597,48.469084558042574],[14.935814745899552,48.478170644737936],[14.956103696681858,48.477891143186774]]],[[[14.935814745899552,48.478170644737936],[14.929190387288394,48.48275968578864],[14.935954007933013,48.48266729348568],[14.935814745899552,48.478170644737936]]],[[[14.807953732341817,48.502342886918626],[14.801314918260472,48.506924621508354],[14.808081924357145,48.50683963004041],[14.807953732341817,48.502342886918626]]],[[[14.929745323081324,48.50074621442123],[14.930022935935725,48.50973941970956],[14.94355721861937,48.50955414937741],[14.94341722198913,48.50505756740136],[14.929745323081324,48.50074621442123]]],[[[14.801314918260472,48.506924621508354],[14.794674925922173,48.511505969021904],[14.801442543423208,48.511421361973646],[14.801314918260472,48.506924621508354]]],[[[14.754439391256533,48.525495697523276],[14.74816197015665,48.54356455276912],[14.768602451439143,48.54781433057418],[14.782147275032274,48.547647744855034],[14.781895230753367,48.53865437085888],[14.788666429724277,48.53857050438002],[14.788033755110233,48.51608692933173],[14.760836508603624,48.51192312968183],[14.760464303488892,48.4984327509446],[14.780636325733242,48.49368690147003],[14.77349552017574,48.48027985116237],[14.753204705979893,48.48052765042904],[14.739921799456608,48.48968460847645],[14.75357488586312,48.49401816765355],[14.740166295025015,48.49867828507627],[14.740533198054115,48.51216872634628],[14.754192282164626,48.51650216702858],[14.747669852754077,48.52557758392924],[14.754439391256533,48.525495697523276]],[[14.75357488586312,48.49401816765355],[14.760216274734322,48.48943911602286],[14.760340278316505,48.4939359383747],[14.75357488586312,48.49401816765355]]],[[[14.807953732341817,48.502342886918626],[14.848551762211692,48.50182475857463],[14.849078805243188,48.519811495767655],[14.82187467736848,48.5156618998506],[14.822133575426694,48.52465528767707],[14.849606215603472,48.53779807360146],[14.849870058651897,48.54679130219639],[14.782273330118366,48.5521444166852],[14.782525506212522,48.56113772986903],[14.80297578083533,48.56538146742755],[14.782903935244867,48.57462762303181],[14.770352681894774,48.610767000490476],[14.790313966259038,48.59702661303149],[14.817429247383393,48.59668685396725],[14.824597613077108,48.610090448212254],[14.844807427064556,48.605333794784826],[14.837634467791569,48.59193140479427],[14.823948390470386,48.58760787153498],[14.82368885992252,48.57861476801519],[14.850530068774274,48.56927419594047],[14.856774758321832,48.55120009418445],[14.88400043067529,48.55534149785267],[14.883595711913966,48.54185181333518],[14.89036715907994,48.54176206187254],[14.8834608526718,48.53735523158327],[14.88292165059741,48.519368804094974],[14.909995505042716,48.51900760054638],[14.909721330853602,48.51001438822421],[14.869251018960947,48.515050408828806],[14.868850468938462,48.50156040839012],[14.929467806882364,48.491752969706],[14.929190387288394,48.48275968578864],[14.90876247273521,48.4785378343882],[14.90835189104597,48.465047736473686],[14.881171835374683,48.460911823081716],[14.861021853741741,48.46567509075818],[14.854921212925882,48.488246899341625],[14.800677125666283,48.484440771686465],[14.807953732341817,48.502342886918626]],[[14.855053459209593,48.492743620495354],[14.888608160121645,48.48330582018203],[14.882113551494225,48.49238886451276],[14.855053459209593,48.492743620495354]]],[[[14.917314902385623,48.5369025942976],[14.910681358548766,48.54149045644074],[14.917452710686291,48.54139913762219],[14.917314902385623,48.5369025942976]]],[[[15.033893604312526,48.58025396801363],[15.01341850784938,48.57605061631402],[15.00707996662609,48.58963649757368],[14.993524890104505,48.58982911055936],[14.987179409990674,48.60341381957445],[14.993958759324459,48.60331807696094],[14.994392855679518,48.616806948764676],[15.035079062456678,48.6162241068876],[15.034486126593993,48.59823912135221],[15.047893908080146,48.5935455129165],[15.033893604312526,48.58025396801363]]],[[[14.83815862129073,48.60991738649631],[14.831508632588312,48.614500590091744],[14.83828971683084,48.614413855689605],[14.83815862129073,48.60991738649631]]],[[[14.723856121850996,48.64731080631639],[14.757659661708708,48.64240788009747],[14.771605466463797,48.65573193613532],[14.77085353331514,48.62875310249034],[14.723492624617764,48.63382122769241],[14.723856121850996,48.64731080631639]]],[[[14.805153366024479,48.64182241541917],[14.812195888291237,48.65073004452466],[14.825767642214728,48.65055842113388],[14.825507476857318,48.641565612950494],[14.805153366024479,48.64182241541917]]],[[[14.799007351889564,48.664389315728855],[14.799263001873644,48.6733820738176],[14.772107193109656,48.6737176097002],[14.806180349976989,48.67779356323806],[14.81911130085394,48.655140824411625],[14.799007351889564,48.664389315728855]]],[[[14.744951033633887,48.674046860100404],[14.751492756130823,48.664972279649625],[14.724219809548094,48.66080028833316],[14.731372824449881,48.67420912820792],[14.744951033633887,48.674046860100404]]],[[[14.812969817145797,48.6777082970998],[14.806308823908898,48.68228990778199],[14.813098884171444,48.68220463440136],[14.812969817145797,48.6777082970998]]],[[[14.819888921881503,48.68211896812256],[14.813227973750893,48.68670096073418],[14.820018604652354,48.68661528717891],[14.819888921881503,48.68211896812256]]],[[[14.97012059896086,48.70711164811513],[14.983418612915736,48.697929584505594],[14.963043023319234,48.698213788222255],[14.97012059896086,48.70711164811513]]],[[[14.820927018954384,48.71808921106],[14.827852240653726,48.72249931635544],[14.827721782394695,48.71800309338552],[14.820927018954384,48.71808921106]]],[[[14.834778650482438,48.72690900256651],[14.827852240653726,48.72249931635544],[14.827982721727484,48.7269955281014],[14.834778650482438,48.72690900256651]]],[[[14.801183227694985,48.74082635276626],[14.801567877643933,48.75431490558797],[14.815167027923877,48.75414452030619],[14.814908193372531,48.74515219207787],[14.821706545200726,48.745066423861566],[14.801183227694985,48.74082635276626]]],[[[14.910496275418456,48.757403801684745],[14.903833651164694,48.761990744829475],[14.910634078155963,48.761899832147414],[14.910496275418456,48.757403801684745]]],[[[14.903833651164694,48.761990744829475],[14.897169837048576,48.766577298428565],[14.903970883038792,48.766486771529465],[14.903833651164694,48.761990744829475]]],[[[15.021059781340377,48.809845879022134],[14.993688095036271,48.80573690451541],[14.987171284324196,48.81482423878985],[15.000639970138955,48.810136594226975],[15.021059781340377,48.809845879022134]]],[[[14.981661600328932,48.85538134506608],[14.974992613093304,48.85997206182576],[14.981805906478627,48.8598770370421],[14.981661600328932,48.85538134506608]]],[[[14.996888824983067,48.90464189099649],[15.024165445639454,48.904254367326764],[15.016756283885616,48.88636965140893],[15.009939533417548,48.88646669658323],[15.010233308600332,48.89545783207806],[14.996597339010158,48.8956507720824],[14.996888824983067,48.90464189099649]]],[[[15.018084468544782,48.92682929648045],[15.01126233404415,48.92692641592591],[15.011556573624754,48.93591732741041],[15.018379905731642,48.93582019145104],[15.018084468544782,48.92682929648045]]],[[[14.98397353887057,48.927310946872886],[14.984407750522738,48.94079739329478],[15.00487977525737,48.94050951370142],[15.004440173721383,48.927023140690046],[14.98397353887057,48.927310946872886]]],[[[14.984987055353889,48.95877914496595],[14.978304889391907,48.96336976185791],[14.985131945170911,48.96327455110726],[14.984987055353889,48.95877914496595]]],[[[14.985131945170911,48.96327455110726],[14.99210449038734,48.96767433064333],[14.991958975494313,48.9631789453982],[14.985131945170911,48.96327455110726]]],[[[15.033666441370464,48.9850735676722],[15.027282575740603,48.99865738532441],[15.04094589939999,48.99846090595015],[15.040196681191532,48.97598459055213],[15.026242254479692,48.96719033664857],[14.99210449038734,48.96767433064333],[15.006346787770957,48.9854632652824],[15.033666441370464,48.9850735676722]]],[[[15.013619147512722,48.998852283842176],[15.013914215411948,49.007842785762165],[15.020747143519301,49.00774551757066],[15.020450874644999,48.99875503219145],[15.013619147512722,48.998852283842176]]],[[[15.007228233572867,49.012434898299404],[15.013914215411948,49.007842785762165],[15.007081261359719,49.00793965866797],[15.007228233572867,49.012434898299404]]],[[[15.014061788277749,49.01233801715555],[15.014357011875937,49.02132844066744],[15.021191742237413,49.02123114765846],[15.02089531703091,49.01224074069241],[15.014061788277749,49.01233801715555]]],[[[15.312779632138307,46.65880718399003],[15.358844875570416,46.66699215602779],[15.365036744331952,46.65787957099135],[15.410585781610465,46.65255048766934],[15.293018196413923,46.65465105012933],[15.286158466235916,46.645768641188404],[15.207630567615052,46.64259833576064],[15.175751028618466,46.66562495362122],[15.208732510590552,46.6740834382878],[15.21463479500907,46.65598337333721],[15.227539924801391,46.65126725750177],[15.254310851868548,46.668817442475536],[15.280445023519876,46.668370196808965],[15.280772131031846,46.67736574480979],[15.293841248702872,46.677139814809216],[15.312779632138307,46.65880718399003]]],[[[15.057856681663731,46.65848467724433],[15.064534735535439,46.66288287014831],[15.06438939177696,46.65838480478724],[15.057856681663731,46.65848467724433]]],[[[15.019084486143692,46.67257034602462],[15.045509913716321,46.68117375429753],[15.058291138947919,46.67197890281427],[15.08442842158361,46.67157704235992],[15.130922512716735,46.69334915450032],[15.163452649928242,46.68832691516271],[15.163145209374838,46.67933103031005],[15.176060510657567,46.6746207948423],[15.14323585206849,46.670650729563285],[15.136096213309083,46.65276328124017],[15.103585136192187,46.657777628974266],[15.090224981914808,46.648985475155534],[15.070630365498001,46.64928844471063],[15.064680103731853,46.66738093691726],[15.044934885220712,46.663181378253945],[15.038687920904477,46.6722763265623],[15.019084486143692,46.67257034602462]],[[15.143387860130845,46.675148695395784],[15.136853252969166,46.675253140761534],[15.137156247089731,46.684249093979815],[15.130620515742716,46.68435317866025],[15.130167710706894,46.670859224443745],[15.143387860130845,46.675148695395784]]],[[[15.072089906761438,46.69426904725143],[15.06569836588665,46.69886744143233],[15.072235995939863,46.69876711464513],[15.072089906761438,46.69426904725143]]],[[[15.176989581591798,46.701608349119],[15.203140421824315,46.70117900297056],[15.202826229951743,46.692183219131714],[15.176679787091693,46.6926124928091],[15.176989581591798,46.701608349119]]],[[[15.039977767662352,46.712759299478826],[15.046661132007156,46.717158567107106],[15.046517144964348,46.712660461427795],[15.039977767662352,46.712759299478826]]],[[[15.05320103521437,46.717059342141646],[15.040264665613384,46.721755528608185],[15.040408150807911,46.72625364477196],[15.060031161962616,46.725955919619366],[15.05320103521437,46.717059342141646]]],[[[15.336244559970432,46.76190941094027],[15.32332230037024,46.76663798673242],[15.336413086823066,46.766407128635585],[15.336244559970432,46.76190941094027]]],[[[15.271610376407626,46.785537526986374],[15.278485651044711,46.79442089647852],[15.285034561919575,46.79430825187795],[15.284706019640092,46.785312654825546],[15.271610376407626,46.785537526986374]]],[[[15.193347332341512,46.79585078025687],[15.186954080580641,46.80045605637427],[15.193503921091988,46.80034870987466],[15.193347332341512,46.79585078025687]]],[[[15.049257048806483,46.798124628189626],[15.042851099679341,46.80272175486126],[15.049401497352132,46.80262274979243],[15.049257048806483,46.798124628189626]]],[[[15.043282935188836,46.81621614803285],[15.030321643746358,46.82091121918821],[15.043426928903449,46.820714280094926],[15.043282935188836,46.81621614803285]]],[[[15.16807670046961,46.82326565715721],[15.168385802365908,46.8322615946798],[15.188047076370067,46.83194164094167],[15.18742234939755,46.81394987559199],[15.174319277832906,46.81416348528934],[15.17462937989644,46.82315940321606],[15.16807670046961,46.82326565715721]]],[[[15.037735455231838,46.847801790305084],[15.057548490176382,46.8520026421309],[15.057112754696051,46.83850828927183],[15.070075963351355,46.83381014809919],[15.03060749434577,46.82990751791572],[15.037735455231838,46.847801790305084]]],[[[15.312896384073001,46.838831513640706],[15.30011913400749,46.84805521778879],[15.313230012719156,46.84782704408964],[15.312896384073001,46.838831513640706]]],[[[15.179917162074508,46.976090082271384],[15.193060105335793,46.97587582217047],[15.192431993655982,46.95788406016774],[15.205570388616097,46.9576683514284],[15.205096253946742,46.944174580186754],[15.185237288803021,46.9399995393697],[15.191177043636731,46.92190051827957],[15.171482565480638,46.92222101284873],[15.170862376075162,46.90422912821576],[15.183675468203328,46.895020010322895],[15.183207436142782,46.88152614987364],[15.19616997385002,46.876813574748944],[15.195855923578662,46.86781770446128],[15.175715561191593,46.85464512753097],[15.13652784053644,46.859775350312276],[15.129819182127148,46.85538137479061],[15.12921382779102,46.83738928176472],[15.109550199748313,46.837699018660125],[15.115504241202961,46.819603994949546],[15.141561143181628,46.81469087291372],[15.167150019937324,46.7962778553926],[15.186798043589512,46.795958117693885],[15.179782430060673,46.78257123646133],[15.160139292422855,46.78288975616094],[15.154051207267951,46.796489118325326],[15.134402794770015,46.79680316937976],[15.140343849708005,46.77870686600275],[15.12709830017864,46.774417010097146],[15.133190732701214,46.76081911238363],[15.152825911898622,46.760505273363414],[15.139431955822008,46.75171888903976],[15.139128195911436,46.742722903257956],[15.158449727241619,46.733412105007915],[15.16422170398124,46.71081664837576],[15.138369243466112,46.720232955175746],[15.131526811575743,46.71134112046959],[15.10537043937227,46.711753884957375],[15.098237981354396,46.6938639899651],[15.078626962498735,46.69416835052897],[15.078920265003003,46.70316446950538],[15.065843929808512,46.70336551848377],[15.032724292953969,46.6903671645487],[15.026756628088627,46.708457710454645],[15.065989518223839,46.707863596697955],[15.060321507556509,46.73495210474093],[15.067009323467643,46.73935017446544],[15.020926780343247,46.73104610422846],[15.021210568125593,46.74004239129338],[15.001722447430447,46.744831544136005],[15.02149445148597,46.74903868215976],[15.002003073419765,46.7538278859579],[15.002283793946928,46.76282423126361],[14.956737190368491,46.77248667819828],[14.95701037982375,46.78148314229609],[14.982924426849019,46.77210832441941],[15.028893835565038,46.775929757430276],[15.015516423787322,46.76712869693533],[15.015233451396426,46.75813238267272],[15.034868316780639,46.75783902788366],[15.040982333188321,46.744246119452065],[15.093475502299292,46.74794239579806],[15.094067800200577,46.76593461781013],[15.113705089195212,46.76562757245795],[15.12055151039121,46.77452051272664],[15.04867949801125,46.78013214797726],[15.054937380576083,46.77103658644172],[15.068030331317383,46.77083679852442],[15.067592609130404,46.757342526002034],[15.061047799422232,46.75744258409185],[15.041844332237295,46.77123485854828],[15.042275658584513,46.784729238685415],[15.055372015518985,46.78453091635577],[15.049257048806483,46.798124628189626],[15.062356667228439,46.79792549733092],[15.062502219555913,46.8024236021206],[15.075602843617581,46.80222293775062],[15.049545970248825,46.80712087196054],[15.04983498911996,46.816117117883536],[15.062793397827946,46.811419813363685],[15.076189715246842,46.82021529449223],[15.070075963351355,46.83381014809919],[15.083331676139181,46.83810668935978],[15.0769238616581,46.84270575040374],[15.109999202345977,46.85119316649099],[15.110448432263832,46.864687316639696],[15.084364219334818,46.869593278816716],[15.07736464680528,46.85620002796504],[15.06410491596361,46.8519027860046],[15.051281546633422,46.86109837213536],[15.011794251556955,46.85718918440028],[15.012360182150212,46.87518189180647],[15.025764204163641,46.88398335294705],[15.019772478915904,46.90207366665295],[15.033184495166381,46.910874252951146],[15.05943922866856,46.910478189187295],[15.046022974053503,46.90168070888484],[15.052150653445855,46.888087136530444],[15.11089788967451,46.878181468368616],[15.117908781045278,46.891572650431385],[15.078982769749253,46.90567905812671],[15.073153484307953,46.928270285647805],[15.119113488568843,46.92755698620004],[15.118812159054785,46.91856090295891],[15.14476436419479,46.909148998670304],[15.151941301147458,46.92703608491555],[15.138810253241324,46.927245585575136],[15.138505597392232,46.91824955492945],[15.131941143548287,46.91835371759259],[15.125981642897823,46.936449630981365],[15.14598762938319,46.945133048483385],[15.100012803098016,46.94585723416764],[15.042198688584632,46.98724422511457],[15.121074615102938,46.98603149720478],[15.127799035460717,46.99042599080764],[15.12855737162197,47.01291611828862],[15.148285715267678,47.01260307551673],[15.148592567545917,47.02159906870232],[15.155169742983542,47.0214939420365],[15.161283315144203,47.00789449713868],[15.18100959947312,47.00757577148899],[15.179917162074508,46.976090082271384]],[[15.015516423787322,46.76712869693533],[15.0091112892731,46.77172390703199],[15.008970318604117,46.767225740512714],[15.015516423787322,46.76712869693533]],[[15.045589751979987,46.88818630056559],[15.045301059149386,46.87919002854313],[15.051860853367616,46.879090881255074],[15.052150653445855,46.888087136530444],[15.045589751979987,46.88818630056559]],[[15.12047073241502,46.9680393473287],[15.127041340419744,46.96793584852564],[15.126738441735007,46.958939788235256],[15.139877359901956,46.95873168476611],[15.140487702303735,46.97672373320258],[15.121074615102938,46.98603149720478],[15.12047073241502,46.9680393473287]],[[15.14079302835659,46.98571975446074],[15.166928985582693,46.980800796165134],[15.173967519751518,46.994188503865956],[15.14125121114813,46.99921378203183],[15.14079302835659,46.98571975446074]],[[15.159431357194837,46.95391869094693],[15.146599882430504,46.96312506656494],[15.14629370415873,46.95412905827531],[15.159431357194837,46.95391869094693]],[[15.143847999447276,46.882160956259966],[15.170087728227132,46.88173927087194],[15.16429971414769,46.90433516390614],[15.144306065770618,46.89565497755506],[15.143847999447276,46.882160956259966]],[[15.051426336654657,46.86559649916808],[15.038597484191607,46.87479065189334],[15.038310044218052,46.86579436388587],[15.051426336654657,46.86559649916808]],[[15.11445429371567,46.78811773763339],[15.108055163966887,46.79271855209825],[15.107905798955791,46.78822050836033],[15.11445429371567,46.78811773763339]],[[15.088112478917326,46.78402847721755],[15.081711569174297,46.78862780061223],[15.081564435630566,46.78412972312968],[15.088112478917326,46.78402847721755]],[[15.106413532066359,46.74324011066948],[15.100019086497227,46.747840460679],[15.099870523616088,46.7433424159297],[15.106413532066359,46.74324011066948]],[[15.073551905377133,46.739249771431744],[15.079507166201552,46.72115672117354],[15.092587803103381,46.72095408993253],[15.080094462652463,46.73914898967559],[15.073551905377133,46.739249771431744]]],[[[15.163527835010722,46.881845261798404],[15.156967915746373,46.88195087300674],[15.157275481989192,46.89094685170167],[15.163836508470936,46.89084122265451],[15.163527835010722,46.881845261798404]]],[[[15.32229951827214,46.915178735351255],[15.30933881915931,46.91990573351669],[15.322467352001707,46.9196764914091],[15.32229951827214,46.915178735351255]]],[[[15.106131778523169,46.93226074504388],[15.10643104207402,46.94125686170777],[15.11299837063363,46.941154175647014],[15.11269799770401,46.93215807632748],[15.106131778523169,46.93226074504388]]],[[[15.218549495062781,46.95295321666427],[15.212139546058825,46.95755992668288],[15.218708676685022,46.95745112168994],[15.218549495062781,46.95295321666427]]],[[[15.176459209128435,47.06615583475494],[15.183511464781711,47.079542915635386],[15.20326424082729,47.07922032870964],[15.216910845628137,47.09249703859062],[15.23650713002274,47.08767078946588],[15.236184996735037,47.07867506146209],[15.176459209128435,47.06615583475494]]],[[[15.255785034104724,47.43838729264905],[15.249319313192117,47.442995920395326],[15.25594885786691,47.4428849664473],[15.255785034104724,47.43838729264905]]],[[[15.296562039129368,47.46469921730146],[15.276499684114832,47.460540349926355],[15.270198179945815,47.469647764900124],[15.283463859481538,47.4694230569468],[15.296562039129368,47.46469921730146]]],[[[15.083952668812747,47.657143801624706],[15.117084410399588,47.65213537042582],[15.116626743229435,47.638642288514795],[15.09666304890973,47.63894978820141],[15.083653178160807,47.648148341071234],[15.083952668812747,47.657143801624706]]],[[[15.030406009234053,47.648945364020726],[15.030841603442862,47.66243875027759],[15.050814611175182,47.662142680944335],[15.050520769711682,47.653147144855986],[15.030406009234053,47.648945364020726]]],[[[15.144018942339255,47.66071516740924],[15.16399063137377,47.660399445604334],[15.16367740958351,47.651404204582654],[15.14370914032425,47.65171987294762],[15.144018942339255,47.66071516740924]]],[[[15.190619173975273,47.65997308872731],[15.21075093709119,47.66414682527776],[15.210269094647375,47.65065416125126],[15.190301392677837,47.65097791987167],[15.190619173975273,47.65997308872731]]],[[[15.157489509438962,47.66500269394668],[15.157801751757926,47.67399792457814],[15.164460665332497,47.67389227182898],[15.164147282516671,47.66489705908132],[15.157489509438962,47.66500269394668]]],[[[15.074111601156751,47.963284540436256],[15.047622284601788,47.972678693113],[15.094502689668365,47.971975704889935],[15.108202372225707,47.9807660209214],[15.108660841839304,47.994257958359405],[15.075310785527046,47.99926346434166],[15.062356085413924,48.01295606897733],[15.028843585539835,48.013450828195815],[14.994901133740186,48.000443603683614],[14.99547361277677,48.018433304142285],[15.0428376239333,48.03124347528351],[15.043132257484109,48.04023812713597],[15.06369743676718,48.05343180553176],[15.09769158125185,48.06641862048479],[15.083971147370345,48.05762730828863],[15.083669365273774,48.048632814493885],[15.090376336812536,48.04853146647596],[15.090073501806016,48.03953696154839],[15.130152988077095,48.034423615609796],[15.129843371279035,48.02542917304319],[15.14932912740347,48.007127083788426],[15.142471780928606,48.00273460376112],[15.141848782062151,47.98474556975395],[15.161629827794279,47.97543575137903],[15.161315135498954,47.96644122095664],[15.214075080560825,47.94309753740847],[15.241011628072533,47.94715681052761],[15.241504134893376,47.96064834581431],[15.228276434623421,47.96536533813482],[15.228602663439998,47.9743596862253],[15.188898460123204,47.9885016141152],[15.189537735140096,48.00649036978581],[15.19639953918909,48.01088005611282],[15.189697622804378,48.01098754167179],[15.190017480874932,48.01998186481059],[15.163520261941974,48.02940236819255],[15.157444598181243,48.04749663735533],[15.164151276721377,48.04739101959906],[15.164782727283367,48.06537955759863],[15.158073733716085,48.06548521116662],[15.152462691093499,48.0970702648785],[15.165888815726891,48.09685922084155],[15.16620508671724,48.105853344204114],[15.192901177031713,48.100929499929634],[15.199936791838802,48.10981584989711],[15.22679511433288,48.109381219343625],[15.247764662286027,48.13153575535207],[15.254481987831674,48.131424913541764],[15.260533704574085,48.1133261021226],[15.280678460476395,48.1129901919872],[15.287899424151721,48.12636802766286],[15.314936615472746,48.13040984430295],[15.328887555563536,48.1436703146833],[15.349043614173306,48.143322540591264],[15.356111635344428,48.15219926579426],[15.382459467759022,48.138238455628475],[15.382105611271209,48.12924506162235],[15.361780087170084,48.12510183934114],[15.328370654429445,48.1301799974167],[15.328026202566392,48.12118641432199],[15.314594484343775,48.12141622224336],[15.313910576748441,48.10342888735254],[15.360205171704548,48.08463085379161],[15.366039408234954,48.06202941300813],[15.3928716336643,48.06155632782121],[15.393226889594645,48.0705499056096],[15.413533620616011,48.07468770240935],[15.41281616330887,48.05670066856493],[15.432937996395982,48.05633831570339],[15.432575982697298,48.047344816840265],[15.392338979687132,48.04806590697026],[15.391806601421644,48.034575421787096],[15.3715172253743,48.03043376464614],[15.370990415156163,48.0169431045742],[15.377692704598797,48.01682512739687],[15.370639359760341,48.007949296397605],[15.383864960562118,48.003216099804256],[15.383158716108843,47.985228453718705],[15.396377420811294,47.98049379275504],[15.402540506399543,47.9668836101842],[15.429503903831352,47.9708989436428],[15.423887404970085,47.998001106579935],[15.46371836445164,47.98827547942101],[15.470600804006201,47.99264891668127],[15.471337314720808,48.01063597468286],[15.504843223942578,48.01001317455294],[15.505591796570704,48.02799991042743],[15.472811861394964,48.04660975591964],[15.500195566479823,48.05960187805078],[15.507840616974987,48.081959433730155],[15.541773026782437,48.090319125168165],[15.556154648910969,48.112545393999994],[15.576684346249696,48.12115099324522],[15.576103436028273,48.10766173682965],[15.569389918841663,48.107791191293565],[15.574362510534245,48.067193561969674],[15.540439934560514,48.05884334095026],[15.539678890524275,48.0408570183245],[15.552706154553361,48.03160799336008],[15.586418739787169,48.03545818218105],[15.58622454808155,48.030961652934444],[15.559026238947954,48.02248633361861],[15.558450995990832,48.00899652967226],[15.551750139135907,48.00912496748112],[15.550985920101542,47.99113842151378],[15.55749291876837,47.98651338444881],[15.537019367999738,47.97790400083849],[15.536450304961384,47.964413893724604],[15.529755118830435,47.964541060437824],[15.535692011651891,47.946426991005396],[15.582541260547574,47.945526281045645],[15.583122030717712,47.959016239071886],[15.596510688572023,47.95875534139972],[15.597290127562204,47.97674177046244],[15.584090648323143,47.98149936910604],[15.584672219659016,47.99498916589428],[15.618560330952413,48.00332662457685],[15.626445513832074,48.03017324324337],[15.753803705712983,48.02758448975999],[15.766789611874472,48.01831138444458],[15.75946088397153,48.0049630987169],[15.786048504211196,47.99990271857522],[15.792323911031213,47.99076827459602],[15.825812911286128,47.99005260286454],[15.833371907562857,48.007892883016304],[15.86038925199392,48.01180770025044],[15.833802783785696,48.01688512954488],[15.854123241221563,48.020945767792604],[15.854992519675825,48.038929999420965],[15.881807853968018,48.038343739564624],[15.87488496797166,48.033994876423264],[15.873352262496075,48.00252260682979],[15.886530580113494,47.99773208322925],[15.899927553016402,47.99743607606042],[15.900369820196488,48.00642810251118],[15.914213676500143,48.01512244248253],[15.927614959688391,48.01482323335682],[15.933643315371304,48.00118522908932],[15.906404329162315,47.99279147998638],[15.952836957928477,47.98274875749587],[15.945465652505376,47.969412129168546],[15.978483284633203,47.95966032009201],[15.984720160094941,47.95051535655872],[15.93787392508464,47.95157896595859],[15.931628715373439,47.960721398716444],[15.938322341644483,47.960570977918756],[15.938770912722521,47.96956296281172],[15.932076134292437,47.969713409096194],[15.918241347345562,47.961021078419094],[15.923820056102162,47.93839122482816],[15.897277148768845,47.94348333864318],[15.883455106260582,47.934786777689624],[15.882797040421941,47.921298327291595],[15.8560418101332,47.92188484537346],[15.909108544591124,47.91171338437336],[15.908222757688996,47.89372884224242],[15.887947564000243,47.889677540346895],[15.84827126093635,47.8995493168924],[15.841369554071546,47.89519826070268],[15.840938378830831,47.88620570258724],[15.847622718704388,47.88606052609387],[15.839430433008602,47.85473155295977],[15.866151495136984,47.8541488718516],[15.865274680325568,47.83615973207216],[15.885088961575427,47.83122255364503],[15.898883859871518,47.83991913133075],[15.91891843759823,47.83947236655647],[15.912461794998023,47.84411785970662],[15.920036244921194,47.86195730169385],[15.946760082367236,47.86135596545028],[15.966123925394385,47.847412644829916],[15.96566444536051,47.83841639113481],[15.945182031343359,47.829879009208085],[15.951184455184418,47.81623939670646],[15.897782601944039,47.8174379901147],[15.8906681062581,47.80859355332156],[15.857079629478285,47.8048317328307],[15.843300922194011,47.79613007819372],[15.84287021872183,47.787137324049176],[15.849541875423046,47.7869920280406],[15.842224440751792,47.773648150416804],[15.855131663164384,47.76436448511383],[15.895363161017777,47.767978967849004],[15.88847490281075,47.763630594839995],[15.894264924471624,47.74549736933585],[15.914263446674134,47.74505139814414],[15.921595230889192,47.75839079400568],[15.967817018096468,47.74834136069763],[15.961150617003447,47.74849350209272],[15.960700085852185,47.73950108929635],[15.9207077257751,47.74040568393224],[15.926928548452684,47.73126332016822],[15.940257127817125,47.7309626108906],[15.932924431225384,47.71762431312966],[15.919599200360826,47.71792417501364],[15.926706272469877,47.72676703103368],[15.907376633684029,47.740704129985374],[15.8607166242563,47.741736541534415],[15.853402661697844,47.728393221710206],[15.866730928082848,47.728101021180294],[15.85985028414767,47.723750894512264],[15.865862750562847,47.71011536016103],[15.839215201910143,47.71069802141544],[15.83340998457887,47.72882863030814],[15.840289100561384,47.73318033113099],[15.827173144554722,47.737965941643814],[15.847169358704075,47.73753161641853],[15.847600392355094,47.74652446785721],[15.82136073949023,47.75609582238668],[15.829098527581591,47.77843393209016],[15.80283950565877,47.78800099281984],[15.803263340566062,47.796993893217355],[15.817035618624853,47.80570032844835],[15.777200043545243,47.8110514991518],[15.770943592426914,47.820185571088224],[15.744238966663232,47.82074623924354],[15.723594504340737,47.807672982544815],[15.72400488194454,47.81666612257962],[15.710857385119432,47.821438381968676],[15.717943214707159,47.83029385457332],[15.691030425644142,47.82634564507143],[15.676469122260785,47.79963759607664],[15.702553761942994,47.78560272020454],[15.702147310797871,47.77660943070678],[15.67506244594281,47.76816077988287],[15.6746608487988,47.759167353943056],[15.68132939527436,47.7590317906191],[15.673858067883376,47.741180436995464],[15.68032314745589,47.73654818840867],[15.666591762907103,47.72782529056677],[15.711816311057474,47.69539457723905],[15.738457472376663,47.69484140315651],[15.7455308591183,47.7036954639608],[15.772384804227084,47.70763109040118],[15.76634831821527,47.72126174096694],[15.786548874327353,47.72533453254666],[15.79300203742075,47.720695946469334],[15.786128484886863,47.716341409182476],[15.791948661128231,47.69821313322863],[15.737839671803037,47.68135135307301],[15.73722218873652,47.66786125816609],[15.770088569163828,47.65816817144692],[15.763017174581567,47.64931552895409],[15.723703901215341,47.66364174364967],[15.703126325989231,47.650564316414524],[15.676507263953868,47.65110932043017],[15.675905890776836,47.63761881036712],[15.702315456002635,47.632577144696086],[15.709577666001909,47.64593032842079],[15.736193755199407,47.64537766908116],[15.742229344805464,47.63174836613312],[15.76925464684276,47.6401815080961],[15.795656515740152,47.63511840504093],[15.735371642134785,47.627390711993726],[15.727900673116107,47.60954232908234],[15.694854979637233,47.614726634335085],[15.695258930271482,47.62372028992247],[15.675304826413623,47.62412825806915],[15.669052927111913,47.63325720668479],[15.64889691985824,47.6291637276549],[15.653961069311984,47.59305440697828],[15.613880276490493,47.589355555276995],[15.59981100402155,47.5716303969915],[15.573230859009525,47.57215149862883],[15.55956017390662,47.56341553169657],[15.513051160752948,47.56430711817573],[15.512678821079188,47.55531274019641],[15.485738407674694,47.54681919439302],[15.48518713388208,47.53332744490795],[15.471906247771043,47.533575499822604],[15.471541156776986,47.52458093816225],[15.444983546912606,47.52507235292433],[15.437984769017566,47.51619956476234],[15.37771486693976,47.50378680195328],[15.370730254536277,47.494909880086865],[15.317811954289594,47.5003374372817],[15.30420235663499,47.49157099400809],[15.27102421892398,47.4921358820741],[15.264059138609024,47.48325245255856],[15.250953431551649,47.48797256157647],[15.237358160833091,47.47919816788493],[15.250136023738992,47.465484285004614],[15.249319313192117,47.442995920395326],[15.22975372060725,47.45232189198547],[15.209701357762084,47.44815132118189],[15.20906194472848,47.43016035930786],[15.23541179427317,47.42522584968182],[15.235087787052533,47.41623041622987],[15.195647178435237,47.42587868930409],[15.182234590854634,47.421595445152114],[15.181762257462688,47.408102060455796],[15.115659577852568,47.41364929623094],[15.101955397671066,47.40036085928419],[15.082081787395543,47.400665832866224],[15.075160611931047,47.39177082500627],[15.048812548659578,47.39666847128179],[15.049543040927974,47.41915834858821],[15.082826523283686,47.4231554827416],[15.083273669722733,47.436649234206065],[15.036869393496586,47.43734789063467],[15.043935848276153,47.450743107736656],[15.037450111088523,47.45533974926146],[15.004434556776806,47.46032544003595],[15.011638922096992,47.478220583366486],[15.005004449872187,47.47831739522942],[15.005289542388832,47.48731335166731],[15.012068296472426,47.49171448806433],[14.99908003488428,47.50090372787669],[14.99936423733522,47.50989966422296],[14.979448704592098,47.51018681345872],[14.965893028434206,47.50138030793436],[14.926475469727183,47.51543368686174],[14.919430223280573,47.502031383087996],[14.879604059384747,47.502574462744896],[14.872703714105565,47.49366738238187],[14.852923234873353,47.49843068610875],[14.83952018013435,47.49410738659277],[14.839263363380528,47.48511104888327],[14.845898981308428,47.48502383115849],[14.838749992895941,47.467118331043835],[14.865805702599198,47.484759873291814],[14.885712223120708,47.4844924584267],[14.892081894300114,47.47540631986167],[14.971971428385404,47.48329371442547],[14.97141276078268,47.46530161141737],[14.984256380744833,47.451617426882976],[14.957039757781615,47.429505696926164],[14.924032802289256,47.43446823474031],[14.93093406991751,47.44337231026616],[14.917808573253348,47.44805431932251],[14.918078617632041,47.45705053131979],[14.878154793754664,47.45309500154553],[14.87789158314385,47.44409869105678],[14.884521973575406,47.44400923678928],[14.883597486776727,47.41252210022964],[14.903476652998387,47.41225159476277],[14.930389826988318,47.425379895512755],[14.92335561407307,47.411977637077385],[14.8765768762049,47.39911694446574],[14.876182901051559,47.38562236008018],[14.93565314234707,47.38030622291598],[14.955105889518313,47.366532335963804],[14.988208223218797,47.366058879849746],[14.987926695347397,47.357062718136596],[14.994545963067177,47.35696689342529],[14.994122160582787,47.34347265424258],[14.96765170820596,47.34385355745025],[14.940497545607323,47.32173755945735],[14.913768938058547,47.31310965903655],[14.91336610867165,47.29961505626948],[14.906753879654216,47.29970618264683],[14.91323187790039,47.29511685044676],[14.91269518311514,47.27712400338809],[14.886389266811406,47.28198430508353],[14.893794508204596,47.30888373745659],[14.867340685355726,47.30924141355599],[14.867080031259345,47.30024490271731],[14.853855236741213,47.3004214138587],[14.840246287779951,47.2871015203362],[14.827024692462997,47.28727492520763],[14.827278465707879,47.296271539272574],[14.774259832976444,47.292451602363414],[14.774504650141203,47.3014483263856],[14.767891963573042,47.30153141423744],[14.767404662060914,47.283537928652024],[14.754183725934357,47.283702900131445],[14.760188353271824,47.2611286621321],[14.806316411253642,47.256043788637065],[14.81927800675988,47.24687611216607],[14.812421157741623,47.237965100801205],[14.786002254997456,47.23830394136319],[14.772426356124479,47.22497588628991],[14.733163450110935,47.2389632696197],[14.726322128822247,47.23004708266121],[14.686469223354742,47.22152617420261],[14.65356681578399,47.226410832938605],[14.640138135085168,47.217565560372286],[14.613728384952891,47.2178645082665],[14.614054192700445,47.231360179490984],[14.601060892840689,47.24050452666396],[14.581139008643259,47.23622394078655],[14.574744787570689,47.24529300959851],[14.54181733006463,47.25014542043562],[14.542022418680185,47.25914264223149],[14.621204530370154,47.25377871147841],[14.595204894276952,47.27206750527795],[14.568662827586081,47.267857463627166],[14.54914597086227,47.28156561731029],[14.556067878680782,47.29499094042746],[14.575904357440086,47.29477731644995],[14.569502154511973,47.3038460366637],[14.543048908763648,47.30412861964442],[14.549972223049137,47.31755427819716],[14.569712164809506,47.31284315650449],[14.570132399939144,47.33083736654285],[14.58976874857724,47.3216242362475],[14.582622566890036,47.2992038966342],[14.60256830902434,47.30348419366326],[14.602244989025733,47.28998858775985],[14.615576827692061,47.29433973318345],[14.635191698335884,47.28511875913816],[14.648413345776854,47.284967564683974],[14.668812667601959,47.3072302610823],[14.662537837008873,47.32080263589325],[14.669153095254604,47.32072564713338],[14.676224761138332,47.338642061950665],[14.669720861166988,47.343217906527634],[14.682956952307789,47.34306271452349],[14.682727534282082,47.33406584477773],[14.702461774324458,47.329331804352464],[14.70188022391572,47.30683967196392],[14.721602582351393,47.30210231049808],[14.727978469807267,47.29302508133084],[14.734590154336509,47.292944304009325],[14.734947285630057,47.30643951141877],[14.754787280273632,47.306194820896366],[14.755028845828914,47.31519157229991],[14.774749550636809,47.31044504074105],[14.794715030838045,47.3146917700269],[14.794963434084647,47.32368842691429],[14.834655613302562,47.323174753486406],[14.834910858492307,47.332171313272575],[14.815061486702291,47.332429917019496],[14.789090333804765,47.350762649989186],[14.78933794824326,47.35975927891278],[14.809574375321317,47.373000000538575],[14.76334441566653,47.37808609944011],[14.783087870039294,47.37333816839417],[14.782841257022577,47.36434154200947],[14.749738293520535,47.364755557043274],[14.736855069363314,47.37841356189805],[14.716987845671547,47.37865513339617],[14.723846855189528,47.387571727008776],[14.717223298423427,47.387651881027715],[14.717576628078861,47.40114698040125],[14.703976124785006,47.38781103875318],[14.68422014947421,47.39254530237167],[14.683760531101042,47.374551673549774],[14.663894524501863,47.37478402436654],[14.67097164948908,47.39270063880471],[14.664460630059606,47.39727615133669],[14.611787531874644,47.41137453437824],[14.618851861059376,47.429294274338964],[14.652333241434627,47.442413356019514],[14.632773513464636,47.45613548632301],[14.659189607994245,47.45133373904468],[14.665367403284256,47.43326339789127],[14.691769067205302,47.428454119861634],[14.698165364685162,47.41937870633673],[14.76431832691097,47.41407263354096],[14.764074724564548,47.40507601808902],[14.777080269615645,47.39591330287179],[14.803578146215314,47.39557652591713],[14.803327936121306,47.386579971342876],[14.816448287283981,47.38191104357217],[14.856443237842363,47.39038634787106],[14.856832199125158,47.40388099068359],[14.843709958922538,47.40855453436456],[14.850852692117062,47.4264598897486],[14.824339600296407,47.426807609827854],[14.824085700597848,47.41781114162051],[14.79732748981012,47.409156126196436],[14.790949500683771,47.41823708639432],[14.777694871903451,47.41840477880557],[14.784569314826467,47.42731767890593],[14.771434843355516,47.43198291885561],[14.77167982603339,47.44097948236954],[14.738887797331497,47.45488517986319],[14.712242229203396,47.4507086385838],[14.659754526983276,47.47382563080219],[14.626581857083488,47.474204001679595],[14.59373090518659,47.48806805410986],[14.57371598708366,47.483786318794344],[14.574033185044499,47.49728163618276],[14.554328572236967,47.50649181841333],[14.501218014518267,47.507043766369264],[14.488137084233754,47.51617490808327],[14.46821683793151,47.51637327463264],[14.45474538199908,47.507506543328056],[14.448486582266256,47.525565231367075],[14.408546874068367,47.521446175072604],[14.402179409779707,47.535003743953396],[14.38234117562018,47.539685745097394],[14.329195479978557,47.54015802858173],[14.342740206398485,47.55353802669183],[14.336437470410997,47.57159042895935],[14.343170856656524,47.57603088413306],[14.383146902263514,47.58017265188449],[14.382788648441961,47.562178510530025],[14.40937249429774,47.56193303484672],[14.42340837495085,47.597795955330824],[14.436803456156897,47.6021677509598],[14.443359648098674,47.59760537134178],[14.436050176483773,47.56617990253391],[14.449057390600279,47.552556290309056],[14.46899141085507,47.55236125145288],[14.475928494053464,47.56579088010583],[14.502713299921766,47.57452071208357],[14.502413936006176,47.561025392778326],[14.489122499960299,47.561159672715746],[14.48872813152955,47.54316581285496],[14.541875285046391,47.54261964464054],[14.55464093633337,47.51998713580053],[14.56781652938792,47.51534684611506],[14.601015543500118,47.51498548382797],[14.620605407509638,47.501268909442594],[14.63410316828707,47.510116146954125],[14.628126508184609,47.53718127683402],[14.648053981838222,47.536955138849244],[14.654471003412167,47.527882332278274],[14.66775358121857,47.52772890789544],[14.674051732295688,47.51415666198469],[14.687561777856871,47.522997585807325],[14.693854256235303,47.509424241403934],[14.71377093229052,47.509186688390216],[14.714006418761905,47.51818325778048],[14.727524207284391,47.527019467727],[14.780652272826185,47.52636271215075],[14.78151713421344,47.55785004785879],[14.754937370532865,47.558181697494064],[14.74128680503991,47.54485053960312],[14.728000123835637,47.54501247667574],[14.741647363809616,47.55834521434247],[14.735241668458944,47.56742283945459],[14.755544396352171,47.58067267279369],[14.782011805652331,47.57584272396659],[14.80132641634699,47.553099114061176],[14.81461490748149,47.5529286878182],[14.81512085729688,47.57092123679445],[14.828541485278318,47.5752473264503],[14.835701701815939,47.59315311018432],[14.86894779515739,47.5927142106512],[14.875860508170387,47.60162135134704],[14.902461439451503,47.6012617032466],[14.916032247791529,47.610075535981586],[14.935985980636502,47.6097994015694],[14.955523576092883,47.59602598705911],[14.988911898620858,47.60005031092844],[14.968542951495564,47.58684184406916],[14.941949774517482,47.58721679461337],[14.941674977673784,47.578220848158736],[14.9350277614401,47.578313608006134],[14.947908446574568,47.56463377647999],[14.961199351637422,47.56444638050871],[14.988346193705832,47.582058675170195],[15.0480271757647,47.5766843629597],[15.048320163356653,47.58568004935682],[15.061616018971483,47.58548102954848],[15.061911381219389,47.59447666540687],[15.015367489044303,47.595166617388],[15.002354236025987,47.60435605098036],[15.062354614154021,47.607970087098565],[15.055409479091173,47.59907420456414],[15.088657331131188,47.59857171751369],[15.088957396000929,47.6075672594946],[15.108757461125425,47.60276335385096],[15.109060991020941,47.61175883532743],[15.169234027471939,47.61981478567856],[15.1628948243437,47.628916021259585],[15.209306152147914,47.62366870841461],[15.216602710252047,47.64155035698348],[15.223257389041608,47.64144130018844],[15.22406602073071,47.6639290046998],[15.217569732051478,47.66853564370105],[15.230885900619468,47.66831703395495],[15.231210743291872,47.67731205472413],[15.257682591364034,47.67237266551949],[15.271331306619215,47.6811443111458],[15.279323565479375,47.71701140952174],[15.292819636835198,47.72128302688992],[15.292148388100198,47.703293502211736],[15.298810739877332,47.70318007436388],[15.30648696273688,47.73005040197252],[15.319818375556112,47.72982150206184],[15.319478007552581,47.720826847478335],[15.332635735602913,47.71609912796919],[15.346135911380044,47.72036449652142],[15.346653363785219,47.733856353229434],[15.326825666098507,47.738701087877466],[15.320840180543708,47.75680534100417],[15.366651623708341,47.73350545092662],[15.367348835037843,47.751494401496984],[15.39437527037336,47.76001533362672],[15.381563341152711,47.773744426383466],[15.34136381842156,47.76995068171469],[15.32853556531287,47.783673842510446],[15.329049107757793,47.79716556296365],[15.309026283857532,47.797509928569454],[15.309534933343208,47.81100168628497],[15.323057704966217,47.8152696591372],[15.331105926357349,47.851131935003096],[15.344640834011669,47.8553973314473],[15.350975845551476,47.846286602964234],[15.37769740516931,47.84581696855681],[15.385086917512634,47.86369069304879],[15.404956703476115,47.85883607845386],[15.398984465584762,47.87694388454456],[15.419395703573326,47.88557794301102],[15.399872328343585,47.89942905307337],[15.38632145241894,47.89517015579929],[15.39371650606425,47.913039375591815],[15.366610908173472,47.90451857643678],[15.37259751245667,47.88641259026734],[15.359052234575996,47.88215047871206],[15.345682079797092,47.88238389967836],[15.346027996865121,47.891378133050935],[15.326140370601955,47.89622255848063],[15.333343013540935,47.909598516836255],[15.31327702973944,47.909943600503276],[15.31259634212075,47.891955012484345],[15.292705400008234,47.896793681734536],[15.300237778082801,47.919166015899286],[15.313787853099106,47.923434975745565],[15.308116389101201,47.950531894674874],[15.335064061464957,47.95456925139019],[15.335580954164211,47.968060345208265],[15.363413571314961,47.994576071994146],[15.36393819529804,48.00806686577703],[15.350883365553173,48.0172947088692],[15.317371017936098,48.01787295841718],[15.316687510036163,47.999884999369456],[15.32321634792952,47.99527316698518],[15.30294771667165,47.991119447160905],[15.295741613130055,47.97774193119697],[15.275314815260229,47.96908627361334],[15.274813489572855,47.95559491906357],[15.268118836357274,47.955706944937646],[15.267619498602016,47.942215503004206],[15.274312422929825,47.942103505599654],[15.266954116151792,47.924226823428384],[15.273477886967314,47.91961768761523],[15.266787842136948,47.91972963758944],[15.266455379972793,47.91073524697256],[15.259766457640403,47.91084679085998],[15.260429193828756,47.92883558460828],[15.25390311978537,47.93344397102915],[15.206898375011898,47.92971429676018],[15.226321420323913,47.91139870339319],[15.266289191808706,47.90623804225026],[15.26579079889978,47.892746390761886],[15.252252604103639,47.888471767599185],[15.251758003044857,47.87497998585444],[15.205449292045184,47.88923870037876],[15.199564885622502,47.91183326499073],[15.179338487014615,47.90765779617481],[15.17296606799037,47.91675896003013],[15.153052781548043,47.92157354560343],[15.112756107040664,47.9177002173605],[15.113062142483564,47.92669501351231],[15.133290610047224,47.93088205558987],[15.166749092798204,47.93035706543165],[15.173124254183298,47.92125628151432],[15.186664464951898,47.9255401331084],[15.180291140460966,47.93464165178073],[15.146830047664675,47.93517055966126],[15.167380023468693,47.948346272833035],[15.154462126089333,47.962049393697164],[15.087201773632335,47.9540877952568],[15.080056088940784,47.940696744576364],[15.059976595003898,47.940997846622366],[15.073512628678493,47.94529492046312],[15.074111601156751,47.963284540436256]],[[15.746892937785734,48.02322796866973],[15.71987823386019,48.019286690764716],[15.725755303375552,48.00116323652067],[15.752761062019784,48.00510316814372],[15.746892937785734,48.02322796866973]],[[15.8560418101332,47.92188484537346],[15.836620978438201,47.93580938027363],[15.809218722876043,47.92289635096111],[15.8560418101332,47.92188484537346]],[[15.856258826717951,47.92638105173044],[15.876545811481197,47.93043786911453],[15.856475880666672,47.93087725155854],[15.856258826717951,47.92638105173044]],[[15.832750074702878,47.85487625686299],[15.819175695872868,47.85066813670052],[15.818315310306625,47.83267867619115],[15.824778895274797,47.82803843823589],[15.851918877171538,47.83645175408742],[15.852351542163769,47.84544435500183],[15.832750074702878,47.85487625686299]],[[15.919140522922344,47.84396853905551],[15.932728214882802,47.84816895508009],[15.919369661337106,47.84846877387894],[15.919140522922344,47.84396853905551]],[[15.830383769735871,47.80541234133814],[15.830812478166498,47.81440509852965],[15.81746203596339,47.814693134410135],[15.817035618624853,47.80570032844835],[15.830383769735871,47.80541234133814]],[[15.830812478166498,47.81440509852965],[15.851053993168323,47.818466480819474],[15.831026887620565,47.818901468395715],[15.830812478166498,47.81440509852965]],[[15.514168944142918,47.591290150529275],[15.46818189833407,47.60565501731865],[15.440862596589723,47.58815656107523],[15.440322404082517,47.574664705143874],[15.48019626885069,47.573926896674266],[15.499577532882425,47.56006118822675],[15.513051160752948,47.56430711817573],[15.514168944142918,47.591290150529275]],[[15.492564893445705,47.55119178998429],[15.486106080612148,47.55581367369122],[15.485922228430478,47.55131643609641],[15.492564893445705,47.55119178998429]],[[14.832116618145076,47.467205135272884],[14.831733518059549,47.453710538619916],[14.838365195000991,47.45362375641618],[14.838749992895941,47.467118331043835],[14.832116618145076,47.467205135272884]],[[14.838365195000991,47.45362375641618],[14.844868062131441,47.44903839939435],[14.844996850060634,47.453536590321264],[14.838365195000991,47.45362375641618]],[[14.583047090015537,47.3171980876957],[14.57643215237897,47.31727009170463],[14.576220980509895,47.308272988850206],[14.582834792329201,47.30820099701609],[14.583047090015537,47.3171980876957]],[[14.68422014947421,47.39254530237167],[14.677710298179568,47.3971215687917],[14.677595909229371,47.39262316232796],[14.68422014947421,47.39254530237167]],[[14.436520855455452,47.58867233858601],[14.42996518420054,47.5932343361588],[14.42987156903199,47.58873585583257],[14.436520855455452,47.58867233858601]],[[15.061616018971483,47.58548102954848],[15.068115697266055,47.58088312664724],[15.068263908939851,47.58538094244358],[15.061616018971483,47.58548102954848]],[[15.216280590417773,47.632555224356906],[15.222772542289304,47.62794862211129],[15.222934130201567,47.632446186019905],[15.216280590417773,47.632555224356906]],[[15.359226327862538,47.88664757869554],[15.35271423891656,47.89126159627336],[15.352540690584911,47.88676449252731],[15.359226327862538,47.88664757869554]],[[15.350883365553173,48.0172947088692],[15.35776016308324,48.02167480888746],[15.35105720530813,48.02179163234289],[15.350883365553173,48.0172947088692]],[[15.206737254898707,47.92521703338087],[15.199885835924436,47.920827841657015],[15.206576162525886,47.92071976365972],[15.206737254898707,47.92521703338087]],[[15.134995007279954,47.98035261506611],[15.128296888365746,47.98045654802652],[15.12767904134007,47.96246730982968],[15.134374852683033,47.96236341208819],[15.134995007279954,47.98035261506611]],[[15.191458208848756,48.060455972967034],[15.204390772540076,48.0467491621127],[15.190657528183781,48.0379704277749],[15.196720552907864,48.01987436103319],[15.250509295869987,48.023497433359395],[15.257875978362913,48.04137459340154],[15.23792292122183,48.046203607271686],[15.245288495018979,48.06408142993698],[15.2385798351977,48.0641917426599],[15.239237202980714,48.08217976269548],[15.266080936038952,48.08173603191888],[15.273293812579,48.095114925235876],[15.260367381420446,48.10882918803662],[15.233509624620032,48.10927159024001],[15.226631719013948,48.104884250974784],[15.225978419955005,48.08689630318934],[15.232526198489682,48.0822897244422],[15.19880984462761,48.07833665784857],[15.191458208848756,48.060455972967034]],[[15.30515505207557,48.04958033864797],[15.2712873119325,48.04115134486795],[15.270786335831835,48.027660288711495],[15.277490224877875,48.027548110856905],[15.269951951612555,48.005175055668595],[15.30328698467896,48.00011350650007],[15.310498116125222,48.01349045554254],[15.303796106121325,48.0136045442255],[15.304135666792138,48.022598534861665],[15.344354217544975,48.02190806788664],[15.344700831128963,48.030901913617676],[15.351404974795251,48.030785458338336],[15.344874182775674,48.0353988259529],[15.345914921109724,48.06238015078262],[15.339206698685235,48.06249628695742],[15.34643569463142,48.07587071603933],[15.333533314572199,48.08959321760722],[15.313568800159583,48.0944351749682],[15.299804580345585,48.08566953151303],[15.30515505207557,48.04958033864797]],[[15.083216887405671,48.03514102079046],[15.069806337275994,48.035342501076734],[15.069656719954866,48.030845205409946],[15.082915365599513,48.02614645663936],[15.083216887405671,48.03514102079046]],[[15.859736180140299,47.99831944656218],[15.853037486107691,47.9984653184173],[15.852169555624702,47.98048083322181],[15.858865942885345,47.98033501079143],[15.859736180140299,47.99831944656218]],[[15.87291468633478,47.99353046633628],[15.866434836656428,47.9981731871126],[15.86621664425677,47.99367710095348],[15.87291468633478,47.99353046633628]],[[15.69854989475203,47.99272060868198],[15.685355618188204,47.99748972820654],[15.685153038511753,47.992993312094356],[15.69854989475203,47.99272060868198]],[[15.70300317619024,47.94312303140158],[15.763648151852243,47.95086704909031],[15.764275794376912,47.964356038897186],[15.751302870050102,47.97362902534837],[15.757998654502032,47.973489038966456],[15.75883399815191,47.9914742573178],[15.71864491549818,47.99230864654717],[15.710718026679562,47.96546799246768],[15.704023146009877,47.96560524339417],[15.70300317619024,47.94312303140158]],[[15.879612690707559,47.993383444163854],[15.892788124315071,47.98859219394512],[15.893008585940636,47.99308823716619],[15.879612690707559,47.993383444163854]],[[15.892788124315071,47.98859219394512],[15.899264438077749,47.983947984085844],[15.8994854382929,47.988444021679946],[15.892788124315071,47.98859219394512]],[[15.778717434493233,47.98655557186932],[15.772230072024719,47.991193026935115],[15.772020028575785,47.98669675645481],[15.778717434493233,47.98655557186932]],[[15.496837385738607,47.97866138185669],[15.49032599118597,47.983283019246414],[15.490140275756522,47.97878625558972],[15.496837385738607,47.97866138185669]],[[15.858213658517366,47.966846611799944],[15.851735814706553,47.97148854933942],[15.851519000294514,47.96699239717468],[15.858213658517366,47.966846611799944]],[[15.683938293436118,47.96601467174149],[15.677243272720354,47.96615037303661],[15.676839789193554,47.95715741586254],[15.683533657426173,47.95702173755791],[15.683938293436118,47.96601467174149]],[[15.389148838289351,47.967122057247934],[15.355495079082228,47.96321439846562],[15.354103701350132,47.927238201864434],[15.427700999081154,47.9259298723518],[15.4222681637884,47.95752923788612],[15.39548968516259,47.95800915065779],[15.389148838289351,47.967122057247934]],[[15.414140978981221,47.92167427202668],[15.407272620395988,47.9172973827317],[15.41396204128819,47.917177302412924],[15.414140978981221,47.92167427202668]],[[15.427700999081154,47.9259298723518],[15.434210783036109,47.921311677580405],[15.434391478408715,47.92580861010502],[15.427700999081154,47.9259298723518]],[[15.609703283981348,47.95399629245956],[15.62289347360905,47.94923573210451],[15.623484715336351,47.962725470172266],[15.616789961687159,47.96285767342317],[15.609703283981348,47.95399629245956]],[[15.100895530911233,47.962879025457426],[15.087654579275519,47.967579929617756],[15.087352682840393,47.95858517990729],[15.100895530911233,47.962879025457426]],[[15.649665233786932,47.94870318043548],[15.636675853604874,47.957963351242974],[15.629586464804394,47.94910317514135],[15.649665233786932,47.94870318043548]],[[15.649665233786932,47.94870318043548],[15.65615819581953,47.944072538152],[15.656358088249801,47.948569074271084],[15.649665233786932,47.94870318043548]],[[15.44217020826896,47.95266835854115],[15.435657217673949,47.95728695694894],[15.435476304330802,47.9527900698264],[15.44217020826896,47.95266835854115]],[[15.803592000099817,47.94552075881344],[15.797111947375832,47.95015966808608],[15.796899925984759,47.945663384730885],[15.803592000099817,47.94552075881344]],[[15.593786876852555,47.89580201338681],[15.580221177650664,47.89156586561482],[15.579834962808153,47.88257237451291],[15.56646573638997,47.88283134941943],[15.56589010990707,47.86934100072862],[15.54584119314867,47.86972646383389],[15.531336808280262,47.84299653150421],[15.571029529297947,47.83323353091092],[15.591258056736722,47.83734045107514],[15.598720368399938,47.85520058911921],[15.619352429164476,47.86829608272764],[15.613257445911154,47.881918167712925],[15.640193088484715,47.885884487833685],[15.65456029489011,47.90810001476126],[15.641184911337536,47.90836763568758],[15.622696460919983,47.94473913951254],[15.602814296806196,47.94963107913687],[15.582347737171354,47.94102961520314],[15.581960790387987,47.932036263934656],[15.594953420849665,47.92278216582132],[15.593786876852555,47.89580201338681]],[[15.467292781187416,47.91170582996422],[15.487173175998151,47.90683713870313],[15.51467477524364,47.92432326319798],[15.51542550683962,47.94231042558834],[15.468578015865376,47.94318394943333],[15.454827667902409,47.93443628402335],[15.467292781187416,47.91170582996422]],[[15.695904550082332,47.93426688270134],[15.669341639876835,47.93930666688587],[15.668337110678271,47.91682396976993],[15.681512566750774,47.91205667117948],[15.701984084293091,47.920640654780144],[15.695904550082332,47.93426688270134]],[[15.809644738714267,47.931888928517125],[15.796475992728983,47.93667079816001],[15.796264080845415,47.93217449500007],[15.809644738714267,47.931888928517125]],[[15.581573976839401,47.92304288674067],[15.56838663872332,47.927798772926614],[15.568194399670995,47.9233020591475],[15.581573976839401,47.92304288674067]],[[15.65515924984836,47.92158975945615],[15.648668994448206,47.926220377557456],[15.64846984948411,47.9217237974766],[15.65515924984836,47.92158975945615]],[[15.801892539545648,47.90955035226865],[15.802317185283256,47.91854299290843],[15.79562856405899,47.91868554635669],[15.78830644283299,47.90533866984826],[15.808367131074109,47.9049111181619],[15.807941554959102,47.89591846336439],[15.814627228383577,47.895775196545294],[15.815267371950233,47.90926413277615],[15.801892539545648,47.90955035226865]],[[15.815267371950233,47.90926413277615],[15.822168762756476,47.91361672971416],[15.815480826592287,47.91376043207],[15.815267371950233,47.90926413277615]],[[15.701373050086397,47.90715115123429],[15.694888685902452,47.91178438328435],[15.694685617966615,47.90728786412256],[15.701373050086397,47.90715115123429]],[[15.6873908813976,47.89393455985363],[15.700558828390946,47.88916505756447],[15.686581676160177,47.875948298544],[15.673415783749391,47.88071622611713],[15.673013617746182,47.87172302470277],[15.692454175103784,47.85782573963357],[15.712701814528987,47.8619113758478],[15.71855764275104,47.84378350301491],[15.704995402873644,47.839561977990535],[15.71814798885702,47.83479040998338],[15.73254032574202,47.85700042695754],[15.719178416221029,47.857277077624055],[15.71979346179864,47.870766682740594],[15.739841439376049,47.87035102124312],[15.726887511698086,47.87962153161413],[15.753830558071668,47.88356135338451],[15.761140821612498,47.89691049876268],[15.787673306240656,47.89184956952699],[15.794781718675724,47.90070019115732],[15.754663029759193,47.90154709706602],[15.728328370381766,47.911096890870084],[15.714338328540379,47.89788357681823],[15.694482584976427,47.90279133859964],[15.6873908813976,47.89393455985363]],[[15.855174117241015,47.90389995521419],[15.848703808445665,47.90854181233541],[15.848487516082471,47.904045567808055],[15.855174117241015,47.90389995521419]],[[15.660447509943811,47.889979254233324],[15.653961649107465,47.89461021287744],[15.65376216917759,47.89011359967082],[15.660447509943811,47.889979254233324]],[[15.787462333323067,47.88735319012821],[15.77409295708496,47.887636194008095],[15.773883169394665,47.883139784375594],[15.78704049635149,47.87836041256026],[15.787462333323067,47.88735319012821]],[[15.66004750385315,47.88098603187445],[15.65356272356512,47.88561698022122],[15.653363312261199,47.881120354556536],[15.66004750385315,47.88098603187445]],[[15.807090841923129,47.87793307808768],[15.800619478880312,47.88257227745497],[15.800407429833692,47.87807590964803],[15.807090841923129,47.87793307808768]],[[15.432766339215208,47.88533599023588],[15.42608103686515,47.88545716007163],[15.425721385846153,47.876463155635065],[15.43240553884374,47.8763420063239],[15.432766339215208,47.88533599023588]],[[15.445955285564962,47.880595521615696],[15.439451610524749,47.88521443350637],[15.43927062010425,47.88071745490798],[15.445955285564962,47.880595521615696]],[[15.519484522739582,47.87922872351885],[15.512987518015684,47.88385177526104],[15.512800206237317,47.879354912075065],[15.519484522739582,47.87922872351885]],[[15.506115857518047,47.87948071380272],[15.499431476680485,47.879606128699066],[15.499059247707947,47.87061234139409],[15.505742479569308,47.870486947740616],[15.506115857518047,47.87948071380272]],[[15.639598404177638,47.8723945243442],[15.626429124743645,47.87715710021084],[15.626232079480472,47.872660417027234],[15.639598404177638,47.8723945243442]],[[15.43204486257763,47.86734799802685],[15.418857997344844,47.87208689651224],[15.418678823587893,47.867589868842735],[15.43204486257763,47.86734799802685]],[[15.645685415424554,47.858771013156],[15.63920211841156,47.86340118465801],[15.639004026633755,47.85890450569044],[15.645685415424554,47.858771013156]],[[15.752582924010365,47.856582551448504],[15.739427929175873,47.861358027660735],[15.739221227398374,47.85686152171941],[15.752582924010365,47.856582551448504]],[[15.792667153150074,47.85573636249898],[15.786197257600838,47.86037478312204],[15.78598653852375,47.85587836044522],[15.792667153150074,47.85573636249898]],[[15.66552902295117,47.85387157612148],[15.659048090442727,47.858502868167285],[15.658848310858218,47.85400621716682],[15.66552902295117,47.85387157612148]],[[15.431499447240427,47.85385316724496],[15.411638651338983,47.85871613028739],[15.411455608759354,47.85421531295332],[15.431499447240427,47.85385316724496]],[[15.685363035578598,47.84896480422892],[15.67220970060246,47.85373654847676],[15.67200299701977,47.84923600382982],[15.685363035578598,47.84896480422892]],[[15.645083937343943,47.84527710023709],[15.638602298052708,47.849907237978904],[15.63840430284064,47.845410562626775],[15.645083937343943,47.84527710023709]],[[15.771990396299946,47.84266787577023],[15.758840743485093,47.8474455684423],[15.758632421935069,47.84294910153562],[15.771990396299946,47.84266787577023]],[[15.44449917780738,47.8446158197574],[15.437999886491248,47.84923467947517],[15.437819139162471,47.844737674336606],[15.44449917780738,47.8446158197574]],[[15.47121901974745,47.84412453556583],[15.458041630551921,47.84886792491239],[15.45785916150234,47.844370950831205],[15.47121901974745,47.84412453556583]],[[15.745067165646597,47.83873228477673],[15.73859519212178,47.84336804151379],[15.738388626932903,47.83887153315101],[15.745067165646597,47.83873228477673]],[[15.778669329533994,47.84252668316272],[15.785137646977612,47.83788867894203],[15.785348226671255,47.84238510407616],[15.778669329533994,47.84252668316272]],[[15.785137646977612,47.83788867894203],[15.791604817585249,47.83325030632553],[15.79181593445613,47.83774672540003],[15.785137646977612,47.83788867894203]],[[15.791604817585249,47.83325030632553],[15.798070841572283,47.82861156543869],[15.798282495423697,47.83310797839545],[15.791604817585249,47.83325030632553]],[[15.791393736991363,47.828753881317915],[15.784506124987248,47.824399367892305],[15.791182692665116,47.824257450404936],[15.791393736991363,47.828753881317915]],[[15.644686901779366,47.836283754275115],[15.618168955406235,47.84131191551036],[15.617972748995149,47.8368151945576],[15.644686901779366,47.836283754275115]],[[15.671400508791303,47.835746130413355],[15.65824342172453,47.84051236853049],[15.658043773900472,47.83601571527996],[15.671400508791303,47.835746130413355]],[[15.343950046616412,47.83740873501073],[15.337442778565938,47.842021938523295],[15.337270700082438,47.837524770768475],[15.343950046616412,47.83740873501073]],[[15.86483987115273,47.827167156718616],[15.858379947377678,47.83180963920164],[15.858163134633207,47.827313336173894],[15.86483987115273,47.827167156718616]],[[15.383497395307483,47.82321307295626],[15.410385175210171,47.827232983632314],[15.390351389199203,47.82759146712727],[15.377346332234255,47.83682275781725],[15.357308650569449,47.837175503806634],[15.343604830992676,47.82841440168415],[15.349763679177766,47.81480648539646],[15.3764691776725,47.81433712929415],[15.383497395307483,47.82321307295626]],[[15.48347083100935,47.816894857574546],[15.496823553876707,47.81664547643329],[15.49719502711819,47.825639362932854],[15.483840011000156,47.8258887863117],[15.477530615156143,47.83500684490612],[15.45045191726141,47.82650558195618],[15.450088470682388,47.81751154876964],[15.463075894813095,47.808272016884715],[15.483101777855646,47.80790090586621],[15.48347083100935,47.816894857574546]],[[15.570261227412443,47.815246255125864],[15.563585238234777,47.81537538882784],[15.564351246859877,47.833362708358905],[15.51741481646449,47.82975923222331],[15.516664990459832,47.81177158697354],[15.529639234844959,47.802524549414095],[15.563011077133075,47.801884838649265],[15.570261227412443,47.815246255125864]],[[15.650967309014876,47.82715658108219],[15.644488435170643,47.83178707241862],[15.644290002665914,47.82729038468221],[15.650967309014876,47.82715658108219]],[[15.924706301733348,47.82133797298808],[15.918252410573563,47.82598381309878],[15.918030477848461,47.821487616718734],[15.924706301733348,47.82133797298808]],[[15.41599027307857,47.800130239614916],[15.436554777338019,47.813258474656415],[15.435832967323645,47.79527023437027],[15.442506699400534,47.79514849324086],[15.443411904576612,47.817633727845724],[15.416705329964277,47.81811858018474],[15.395966896591478,47.80048969986058],[15.41599027307857,47.800130239614916]],[[15.602861444540663,47.796607644259616],[15.59638209787284,47.80123547172111],[15.59618791279082,47.79673866525983],[15.602861444540663,47.796607644259616]],[[15.548901931153843,47.78415431515685],[15.542419358471522,47.78877912486537],[15.542229853207813,47.78428221398895],[15.548901931153843,47.78415431515685]],[[15.421947814035809,47.782021257305836],[15.415454302728872,47.78663892506566],[15.415275707296745,47.78214180910278],[15.421947814035809,47.782021257305836]],[[15.468834870170639,47.78566361633515],[15.428619890016115,47.78190031936859],[15.428260501488626,47.77290611182886],[15.441240717251237,47.76366893046999],[15.467919306048758,47.763178394486474],[15.468834870170639,47.78566361633515]],[[15.521274969521373,47.7621787951245],[15.555192774124006,47.77503223518111],[15.521650254879791,47.77117273100767],[15.515541217068183,47.78478994804731],[15.488667173498476,47.780794502057],[15.487927918148362,47.76280643958387],[15.521274969521373,47.7621787951245]],[[15.555192774124006,47.77503223518111],[15.568726206502664,47.77927142901776],[15.555383358934288,47.77952913545826],[15.555192774124006,47.77503223518111]],[[15.588933710126733,47.78337881371186],[15.57539758095925,47.77914199667557],[15.588353371560212,47.769888277275555],[15.601888156969295,47.774123583215896],[15.588933710126733,47.78337881371186]],[[15.581297625298895,47.76102471927027],[15.574820774995176,47.76565137767563],[15.574628572336467,47.76115449373459],[15.581297625298895,47.76102471927027]],[[15.399096335431846,47.71042684355019],[15.398388783690919,47.69243790886738],[15.378406391250978,47.692794326516825],[15.377706169147347,47.6748051919314],[15.41694357012443,47.65610016002357],[15.403277061102017,47.647345753611404],[15.470191380764566,47.65512416090627],[15.509753449111015,47.64538176135496],[15.516594748538898,47.649752840620955],[15.51752918894819,47.672238281489726],[15.53084494448195,47.671984951149824],[15.550628533864229,47.667105041094146],[15.55671477602384,47.653485582425404],[15.649293111146001,47.63815751570784],[15.669852412358987,47.651244608646145],[15.670452385801664,47.664735110078674],[15.657338082404,47.66950144649764],[15.657935047126685,47.682991957907454],[15.684570476041293,47.68245125505737],[15.683966671443835,47.668960880917865],[15.690623732772913,47.668824776401856],[15.691027374522077,47.67781834105558],[15.704343673002594,47.67754493002316],[15.704952815946498,47.69103517041902],[15.684973184916917,47.69144481300726],[15.68537603185714,47.70043835085039],[15.672454526041061,47.70970312821046],[15.652666222777631,47.71460393461037],[15.653262498706018,47.72809432821279],[15.639933098119915,47.728361823122874],[15.633859788051087,47.74198544022272],[15.61405569025267,47.746879572787044],[15.607778476407717,47.75600492789254],[15.587386804440802,47.74740394061275],[15.574244265962077,47.75216070960758],[15.5670018261218,47.738799326982004],[15.50700431241408,47.73994597010053],[15.487373809614066,47.7493153358223],[15.494412085704132,47.75818466399479],[15.434210706392626,47.754796369031304],[15.420336685365859,47.74154706083249],[15.400335719402664,47.7419072832092],[15.413313179525824,47.73267317594372],[15.412956754086046,47.723678810260196],[15.406292051167908,47.7237988437338],[15.412600450886233,47.714684423979335],[15.399096335431846,47.71042684355019]],[[15.420515576799577,47.746044215189585],[15.387353686088087,47.75113990695438],[15.387177622921266,47.746642707216104],[15.420515576799577,47.746044215189585]],[[15.399981457836216,47.73291289775346],[15.387001589961848,47.7421455021937],[15.386649614634116,47.73315107640758],[15.399981457836216,47.73291289775346]],[[15.373317650702742,47.73338771188533],[15.379808276751266,47.72877235630446],[15.379983647710642,47.733269587044795],[15.373317650702742,47.73338771188533]],[[15.379808276751266,47.72877235630446],[15.386297760042781,47.7241566298181],[15.38647367225029,47.72865385569938],[15.379808276751266,47.72877235630446]],[[15.386297760042781,47.7241566298181],[15.392786100788536,47.71954053255152],[15.392962554048419,47.72403775351537],[15.386297760042781,47.7241566298181]],[[15.385770204400679,47.710664921413155],[15.379282344312896,47.715280633161825],[15.37910709362091,47.71078338189959],[15.385770204400679,47.710664921413155]],[[15.318967674396081,47.707334827363596],[15.312474349441608,47.71194677650028],[15.312304838570677,47.70744942169949],[15.318967674396081,47.707334827363596]],[[15.385242920066377,47.69717316744928],[15.378756682371789,47.70178886421946],[15.378581521799209,47.697291597857095],[15.385242920066377,47.69717316744928]],[[15.351762781578682,47.69326415299542],[15.338612505141587,47.697994083966194],[15.338440798606994,47.69349675316554],[15.351762781578682,47.69326415299542]],[[15.311627085632749,47.68945995253722],[15.305135327884512,47.69407150697684],[15.304966503844833,47.689574122583394],[15.311627085632749,47.68945995253722]],[[15.304797708739642,47.685076733278166],[15.297969472818345,47.68069310437603],[15.304628942561505,47.6805793390889],[15.304797708739642,47.685076733278166]],[[15.297969472818345,47.68069310437603],[15.291142377688406,47.676309065956794],[15.297801305902142,47.67619569570146],[15.297969472818345,47.68069310437603]],[[15.317438248748813,47.66685849868512],[15.35055367535597,47.66178283827644],[15.351244415594469,47.67977219009588],[15.324607177892913,47.68023573063969],[15.317438248748813,47.66685849868512]],[[15.264010603304179,47.66326629508276],[15.257517903106672,47.66787519013943],[15.257353243063637,47.6633777099928],[15.264010603304179,47.66326629508276]],[[15.250531792784958,47.658991245300626],[15.244038438063852,47.66359938385144],[15.243874946241569,47.659101880204496],[15.250531792784958,47.658991245300626]],[[15.277325238778799,47.6630423093134],[15.270502163421106,47.6586570288618],[15.277158896976736,47.658544852814536],[15.277325238778799,47.6630423093134]],[[15.263845401472249,47.65876881962686],[15.263515082693209,47.64977385460655],[15.270170704957206,47.64966208276312],[15.270502163421106,47.6586570288618],[15.263845401472249,47.65876881962686]],[[15.317268458127844,47.662361104586985],[15.290639760261167,47.662816782294556],[15.289802638347581,47.64032954835612],[15.316419941148538,47.63987406344055],[15.317268458127844,47.662361104586985]],[[15.383662692819621,47.6566976396927],[15.377181317447535,47.6613132900832],[15.377006426816596,47.65681597991803],[15.383662692819621,47.6566976396927]],[[15.383311861984895,47.64770302523465],[15.376831566140666,47.65231866502449],[15.376656735412043,47.64782134543028],[15.383311861984895,47.64770302523465]],[[15.243221258928191,47.64111181880081],[15.23672947369584,47.64571956274075],[15.236566663477118,47.64122203109474],[15.243221258928191,47.64111181880081]],[[15.28331503822344,47.64493992239463],[15.26983936001455,47.64066711803405],[15.283148240763005,47.64044245672988],[15.28331503822344,47.64493992239463]],[[15.26983936001455,47.64066711803405],[15.256365874900638,47.63639273056667],[15.269673730095471,47.63616962875242],[15.26983936001455,47.64066711803405]],[[15.329728418662889,47.63964401016516],[15.323244409287842,47.644256637207455],[15.323074194477394,47.63975922936893],[15.329728418662889,47.63964401016516]],[[15.289635299968339,47.63583208764264],[15.282814731516567,47.63144751161599],[15.289467990239748,47.63133462235187],[15.289635299968339,47.63583208764264]],[[15.256201412155097,47.631895217829914],[15.255872571126046,47.622900178749305],[15.242404779192892,47.61862413878836],[15.255708192828083,47.61840265246089],[15.26203004734945,47.60929628471036],[15.288799037684827,47.61334471596993],[15.282814731516567,47.63144751161599],[15.256201412155097,47.631895217829914]],[[15.322733852284241,47.630764399890325],[15.316250324925525,47.635376641274085],[15.316080737742721,47.63087921452653],[15.322733852284241,47.630764399890325]],[[15.335868728014267,47.62603621336519],[15.329386937697357,47.63064920018718],[15.329216241059543,47.62615178835137],[15.335868728014267,47.62603621336519]],[[15.308920714261713,47.617501307592846],[15.302437611229582,47.622112782792684],[15.30226924925096,47.61761532313705],[15.308920714261713,47.617501307592846]],[[15.342177603698595,47.61692545530805],[15.335697491461108,47.621538806782276],[15.33552628421772,47.617041395698514],[15.342177603698595,47.61692545530805]],[[15.408866631739976,47.620242180287896],[15.415340156336251,47.61562470409875],[15.415518191441935,47.6201219952885],[15.408866631739976,47.620242180287896]],[[15.415340156336251,47.61562470409875],[15.421812543147174,47.61100685886323],[15.421991116624516,47.61550414433612],[15.415340156336251,47.61562470409875]],[[15.481848372133735,47.61440178490085],[15.47538084569492,47.61902300713826],[15.475197690429216,47.614525808945935],[15.481848372133735,47.61440178490085]],[[15.528589964278304,47.61801995265776],[15.521938935884355,47.61814668171791],[15.521564693583743,47.60915242914071],[15.528214584455366,47.60902572152691],[15.528589964278304,47.61801995265776]],[[15.575146257993415,47.61712207162136],[15.56849545654056,47.61725149506588],[15.568113251931612,47.60825739398014],[15.574762915978576,47.60812799243764],[15.575146257993415,47.61712207162136]],[[15.620918471201783,47.59821746439006],[15.62756673331037,47.598085006659],[15.635001983002065,47.61593994042152],[15.615050374320193,47.61633744813491],[15.620918471201783,47.59821746439006]],[[15.235590387364311,47.614236745639516],[15.222449449444806,47.61895348078393],[15.222287944498357,47.614455903420534],[15.235590387364311,47.614236745639516]],[[15.168763251357174,47.6063218216868],[15.149122553384764,47.615633745127745],[15.148501839625373,47.59764299302287],[15.155151098044989,47.59753787704003],[15.155462539398204,47.60653324402889],[15.168763251357174,47.6063218216868]],[[15.168763251357174,47.6063218216868],[15.17525612662783,47.60171787868386],[15.175413567114358,47.60621553312441],[15.168763251357174,47.6063218216868]],[[15.182221892271867,47.610606500682515],[15.17572852893271,47.6152108288742],[15.175571034547017,47.610713183197085],[15.182221892271867,47.610606500682515]],[[15.195364352329708,47.6058943578997],[15.188872722947984,47.61049943321322],[15.18871411769788,47.60600180122854],[15.195364352329708,47.6058943578997]],[[15.228453124189178,47.60085378622583],[15.202014559725232,47.60578652965338],[15.201695155644288,47.59679128903389],[15.228453124189178,47.60085378622583]],[[15.07506057911712,47.589778273619274],[15.068560408365206,47.594376561361415],[15.068412145970735,47.58987875402417],[15.07506057911712,47.589778273619274]],[[15.234777589483311,47.59174888564365],[15.228129225712468,47.59185861058296],[15.227805438046984,47.582863417772],[15.234452664980646,47.58275371140092],[15.234777589483311,47.59174888564365]],[[15.293606478525625,47.5637589818958],[15.240285198640652,47.560155657576345],[15.247419949184234,47.57353799057083],[15.240936875295276,47.578146036113],[15.214350185486614,47.57858405504077],[15.213707597372217,47.5605935282769],[15.226996453309411,47.56037536208713],[15.226673053035823,47.551380110931255],[15.206583178564227,47.547209068773284],[15.212744538833576,47.53360761578902],[15.17969655207846,47.53864373521022],[15.173683202279175,47.55674110013435],[15.153750929878727,47.557058515448],[15.146487450701256,47.53917258171145],[15.166100078887807,47.52986097196686],[15.152663398885412,47.52557433910293],[15.144786460437155,47.489697094544525],[15.16469329384473,47.48938123404496],[15.185389666226326,47.511550562777],[15.251771537523123,47.510460746657685],[15.252262736594314,47.52395361235393],[15.27284398960215,47.54160941026945],[15.299075838247004,47.532162772248114],[15.325808434536947,47.53620263766753],[15.326148690935883,47.54519762792054],[15.359186705491071,47.540119344100106],[15.352889986726902,47.54923117477388],[15.366348978518491,47.55349432279177],[15.367043700582997,47.5714839854544],[15.36039818393293,47.57160136630711],[15.36109110869709,47.58959100148716],[15.354443289706282,47.58970803731714],[15.353925256382281,47.57621578759565],[15.307401635044018,47.57702405973825],[15.293606478525625,47.5637589818958]],[[15.381034387417586,47.58923758545461],[15.374386657649856,47.58935577555335],[15.374037862937023,47.580361006279446],[15.380684456192768,47.58024283618085],[15.381034387417586,47.58923758545461]],[[15.527089215457213,47.58204292162625],[15.520629647981632,47.58666671989248],[15.520442734821152,47.58216956492633],[15.527089215457213,47.58204292162625]],[[15.11479842332055,47.58466955849964],[15.101502976504435,47.58487473499907],[15.101200894759744,47.57587918488111],[15.121140615888942,47.57557089513649],[15.11479842332055,47.58466955849964]],[[14.888363781986019,47.57445411180669],[14.901523448372968,47.56977557934767],[14.901791331218035,47.57877163558829],[14.895143976043059,47.57886208675985],[14.888363781986019,47.57445411180669]],[[14.888230988635874,47.569956066356866],[14.86177631748822,47.574810499288155],[14.8415778763776,47.56607755005202],[14.847706482534536,47.547997780894114],[14.867375137682481,47.53873732190335],[14.86698247719952,47.525243010371874],[14.84693130970213,47.52100903545523],[14.846544021228585,47.50751461139791],[14.893145601560368,47.51139116180912],[14.90655745709035,47.51570817807098],[14.900319108618293,47.529293127241495],[14.9336608654639,47.533333552997775],[14.927563512574602,47.55141795114958],[14.900987957478543,47.551783418065284],[14.881320342422393,47.56104961448158],[14.888230988635874,47.569956066356866]],[[14.854220199873227,47.543411968103236],[14.847448003258297,47.53900154788365],[14.85409040361448,47.53891385706117],[14.854220199873227,47.543411968103236]],[[15.147571565153076,47.5706567361492],[15.141080101942979,47.57525914295865],[15.140925690662824,47.570761414102996],[15.147571565153076,47.5706567361492]],[[15.00785976309127,47.56827628505955],[15.001356376551499,47.572870787668386],[15.001213922713939,47.56837287619009],[15.00785976309127,47.56827628505955]],[[14.994426196618576,47.563971158916445],[14.981276255817543,47.56866034144103],[14.980994829671396,47.55966445757744],[14.994426196618576,47.563971158916445]],[[15.120682574027695,47.562077617043336],[15.114189817113425,47.56667851104013],[15.114037730604691,47.56218073882868],[15.120682574027695,47.562077617043336]],[[15.452889448533154,47.55643118971052],[15.44642650680156,47.561050835501405],[15.446246028886916,47.55655353944098],[15.452889448533154,47.55643118971052]],[[15.405676881453212,47.539290092356005],[15.419315719573058,47.54804440672289],[15.419672042763857,47.55703909336286],[15.406207824878301,47.55278220167117],[15.405676881453212,47.539290092356005]],[[15.432779785180449,47.55229976461149],[15.426315585231528,47.556918281637635],[15.426136840836271,47.55242095058814],[15.432779785180449,47.55229976461149]],[[14.967705203605835,47.55985414550286],[14.961060354732906,47.559948412515595],[14.954138695401834,47.55104633093724],[14.967426145274429,47.55085821338505],[14.967705203605835,47.55985414550286]],[[15.053939108330878,47.554095815994884],[15.04744150116179,47.55869294049211],[15.04729514509464,47.55419507468794],[15.053939108330878,47.554095815994884]],[[15.027363105659171,47.55449054330099],[15.033861948187091,47.549894551820714],[15.034007143661782,47.554392438343136],[15.027363105659171,47.55449054330099]],[[15.033861948187091,47.549894551820714],[15.040359655228837,47.54529818843495],[15.040505393575454,47.549796070615415],[15.033861948187091,47.549894551820714]],[[15.040359655228837,47.54529818843495],[15.046856226991105,47.54070145326859],[15.04700250801571,47.54519933104854],[15.040359655228837,47.54529818843495]],[[15.073722244841731,47.549297896443726],[15.067226959357985,47.5538961448886],[15.067078925001793,47.549398300356884],[15.073722244841731,47.549297896443726]],[[15.37893659414066,47.53526883873113],[15.392218337545033,47.53503154533731],[15.399211901271741,47.543907094003494],[15.372643876457595,47.544381761097995],[15.37893659414066,47.53526883873113]],[[14.993717253551674,47.541481479866114],[14.9872159443417,47.546075204867385],[14.987074771844021,47.5415772529827],[14.993717253551674,47.541481479866114]],[[15.071644479517936,47.48632778501802],[15.097884802963256,47.47692708280581],[15.103915072543945,47.458833444386826],[15.170232217346326,47.45779079590533],[15.176549571782749,47.44868886827656],[15.203230410707489,47.45275733933822],[15.203549204222297,47.46175281137888],[15.171172109464216,47.48477742075168],[15.104669951818405,47.481322748401524],[15.098637366079839,47.49941635863127],[15.09200038706794,47.49951820584298],[15.099089212505609,47.51290988001296],[15.092450533207078,47.513011753076825],[15.093351517953005,47.5399987448298],[15.086859096211448,47.54459811207056],[15.060140722290653,47.54050260178987],[15.059698624887297,47.527008995407485],[15.066339132667895,47.52690901833514],[15.058815109654633,47.500021679294655],[15.071644479517936,47.48632778501802]],[[15.113429644541888,47.544189609426404],[15.112973852778968,47.530696220564835],[15.126102553867423,47.52599192808822],[15.126714763240642,47.54398305115964],[15.113429644541888,47.544189609426404]],[[15.112973852778968,47.530696220564835],[15.099541290565684,47.52640336739752],[15.112821974114722,47.52619841646133],[15.112973852778968,47.530696220564835]],[[15.033281414426856,47.531902966104575],[15.020286937168734,47.54109454246487],[15.013357740450076,47.532196003232166],[15.033281414426856,47.531902966104575]],[[15.033281414426856,47.531902966104575],[15.046417533899827,47.52720779641955],[15.046563739939568,47.53170568592644],[15.033281414426856,47.531902966104575]],[[15.438703488216694,47.534188911389684],[15.43206284377544,47.5343104407013],[15.431704556820991,47.525315754697],[15.438344067216143,47.52519424594692],[15.438703488216694,47.534188911389684]],[[14.501815668663255,47.53403464791906],[14.49527246788521,47.53860041890259],[14.495173367008656,47.53410194607851],[14.501815668663255,47.53403464791906]],[[14.980010595618921,47.5281787382731],[14.953308902875065,47.52405834441966],[14.959532955961858,47.51047050424552],[14.979589141350136,47.51468480033402],[14.980010595618921,47.5281787382731]],[[15.33840595041438,47.51798154440527],[15.331937689364526,47.522594772273315],[15.331767125037528,47.518097269174156],[15.33840595041438,47.51798154440527]],[[15.351511277808688,47.51325146463532],[15.345044746558813,47.517865435390256],[15.34487307777784,47.51336794803903],[15.351511277808688,47.51325146463532]],[[14.494876165979223,47.52060650493838],[14.488334032665026,47.525171891376516],[14.488235550036235,47.52067340158636],[14.494876165979223,47.52060650493838]],[[14.654245649017088,47.51888565896036],[14.647717566186879,47.523460126557076],[14.647605465957476,47.518961781579904],[14.654245649017088,47.51888565896036]],[[15.244970364231042,47.50607381837097],[15.257752765611746,47.49235914878628],[15.258081112949867,47.50135440779727],[15.244970364231042,47.50607381837097]],[[15.11839588473511,47.49461069014853],[15.111911246859353,47.499211511704054],[15.111759549709818,47.49471368114643],[15.11839588473511,47.49461069014853]],[[15.15603685347689,47.43101553988329],[15.14956332306364,47.435618537713815],[15.149408596881097,47.431120711002755],[15.15603685347689,47.43101553988329]],[[14.65862517080459,47.42884176443038],[14.652108616920916,47.433416549964576],[14.651996333400257,47.42891814211839],[14.65862517080459,47.42884176443038]],[[14.671313180708,47.40619586887242],[14.658173967534482,47.410848127399625],[14.658061214798387,47.406349710408],[14.671313180708,47.40619586887242]],[[14.868645287748436,47.354223814442186],[14.907824045895714,47.335691801031224],[14.92119248629892,47.34000721713067],[14.901607289509375,47.349277192985],[14.908627627698499,47.36268090423259],[14.881883507094232,47.35404559143707],[14.862416267439514,47.36780704141313],[14.849174532154576,47.36798301004038],[14.855665911644177,47.36339698263413],[14.85540697944741,47.354400504775036],[14.848787792178546,47.35448827518456],[14.855148135443487,47.34540401589331],[14.868645287748436,47.354223814442186]],[[14.935107940970916,47.36231366766008],[14.928623598911459,47.36690420255342],[14.928487897227882,47.36240605162816],[14.935107940970916,47.36231366766008]],[[14.854760034700666,47.33190926238548],[14.867992708905362,47.33173264674132],[14.868253673767674,47.340729121872606],[14.861636221196669,47.34081763616664],[14.854760034700666,47.33190926238548]],[[14.867992708905362,47.33173264674132],[14.8744780005157,47.327145530415876],[14.874609012739972,47.33164376440911],[14.867992708905362,47.33173264674132]],[[14.8744780005157,47.327145530415876],[14.880962166001723,47.32255804358819],[14.881093718936196,47.32705627262711],[14.8744780005157,47.327145530415876]],[[14.880962166001723,47.32255804358819],[14.894059753193009,47.31788017787862],[14.894192409550934,47.322378394293864],[14.880962166001723,47.32255804358819]],[[14.68226893252486,47.316072074305595],[14.675768334180205,47.32064827541086],[14.675654275995772,47.31614982241502],[14.68226893252486,47.316072074305595]],[[14.814431981042235,47.3099383891109],[14.820919245507516,47.30535430128741],[14.821045645043949,47.30985260715441],[14.814431981042235,47.3099383891109]],[[14.820919245507516,47.30535430128741],[14.827405384716469,47.300769842726694],[14.827532325323169,47.30526814375849],[14.820919245507516,47.30535430128741]],[[14.688423028971746,47.29800015937744],[14.681925186057423,47.302576720210766],[14.681810642894188,47.29807826399441],[14.688423028971746,47.29800015937744]],[[14.654575390143421,47.26689741329111],[14.680894998739097,47.262090530901034],[14.687273047692289,47.25301553686662],[14.740245862837655,47.25687587733618],[14.740604193844934,47.270371119103785],[14.7275048270901,47.27503141126163],[14.72136676512662,47.29310547589926],[14.70814329569362,47.29326511676986],[14.694572918836442,47.279927876523764],[14.66163491724218,47.28481483939528],[14.654575390143421,47.26689741329111]]],[[[15.171906332090565,47.69627413647952],[15.164617397019205,47.678389871044224],[15.144793911971266,47.68320332090098],[15.151921032610714,47.69659122889949],[15.171906332090565,47.69627413647952]]],[[[15.22519926950421,47.69541159140023],[15.218699181368773,47.700018261155385],[15.22536127320575,47.69990908429453],[15.22519926950421,47.69541159140023]]],[[[15.206016354539221,47.718225490360496],[15.205535233464046,47.70473297365684],[15.152388285591607,47.71008399229505],[15.152855779002365,47.72357671067561],[15.206016354539221,47.718225490360496]]],[[[15.265829693162617,47.71273820617259],[15.2661608054909,47.721733034597285],[15.272825556168215,47.72162111127634],[15.272493301420063,47.71262630179939],[15.265829693162617,47.71273820617259]]],[[[15.266989083428548,47.744220015918685],[15.273324152038178,47.735113287163294],[15.266657686996899,47.73522523891291],[15.266326404250457,47.72623044117311],[15.252995675065218,47.72645314944128],[15.253489212431967,47.73994539485867],[15.266989083428548,47.744220015918685]]],[[[15.046942639839797,47.74769854262023],[15.05316897246251,47.73410627653796],[15.033022937062425,47.729905034596435],[15.033459877512763,47.74339815682743],[15.046942639839797,47.74769854262023]]],[[[15.087103526823997,47.75159496955139],[15.093319907186782,47.73800054786224],[15.066650961002455,47.73840436548699],[15.06709663106894,47.751897330701084],[15.087103526823997,47.75159496955139]]],[[[15.228444629187788,47.78536047601132],[15.28182726437693,47.7844717515906],[15.280991981849203,47.76198510354274],[15.294163516741689,47.757261829476654],[15.2676522175815,47.762209506839895],[15.233813498197446,47.74927150840337],[15.200631522780576,47.75431343990151],[15.20746120413816,47.75870276400465],[15.201432182297028,47.77680070208542],[15.20810407615942,47.77669252644042],[15.208586519986778,47.790184791401245],[15.194919902709172,47.78140593697555],[15.168229653652343,47.78183326948864],[15.168701869579863,47.79532568144306],[15.182050485542272,47.79511273349424],[15.195878329321308,47.80839049394609],[15.215906041716291,47.80806577460336],[15.228444629187788,47.78536047601132]]],[[[15.255795749667902,47.80290857477496],[15.248791915402458,47.79402481642551],[15.228769778282455,47.79435524750354],[15.255795749667902,47.80290857477496]]],[[[15.268979852686902,47.79818823010259],[15.262470856727353,47.80279725341693],[15.269145935355558,47.80268554572709],[15.268979852686902,47.79818823010259]]],[[[15.156447902664702,47.82701930922786],[15.16234132062589,47.80442650759963],[15.122594817105902,47.81404888411777],[15.123055556586012,47.82754136509993],[15.156447902664702,47.82701930922786]]],[[[15.269478186293966,47.8116801601482],[15.269810551416198,47.820674751947045],[15.276487894596611,47.82056261995359],[15.276154382736722,47.811568047143716],[15.269478186293966,47.8116801601482]]],[[[15.216552423121737,47.826055257258716],[15.217037500843503,47.83954730916623],[15.237077008405878,47.83921891778671],[15.23658676680418,47.825726949297625],[15.216552423121737,47.826055257258716]]],[[[15.256785964534837,47.82989246329426],[15.263961723818898,47.84327292387115],[15.29719400328021,47.838212867335706],[15.283332581543592,47.824947369824415],[15.256785964534837,47.82989246329426]]],[[[15.17679946078116,47.83569625378885],[15.177432732053811,47.85368581718896],[15.17090876495114,47.85828960027997],[15.191118754178841,47.862470224153114],[15.1839555506353,47.8490816595369],[15.196997743080132,47.83987222105227],[15.17679946078116,47.83569625378885]]],[[[15.290682513223473,47.84282343270389],[15.277823088991461,47.856540680485814],[15.291358988768957,47.860816028883214],[15.290682513223473,47.84282343270389]]],[[[15.258111611880876,47.86587437178659],[15.250930478530005,47.85248991719037],[15.231048952973808,47.85731801514642],[15.238061923675875,47.86620639933132],[15.258111611880876,47.86587437178659]]],[[[15.291695417890873,47.86981047843849],[15.285179468836951,47.87442070994671],[15.291863675855142,47.87430769420005],[15.291695417890873,47.86981047843849]]],[[[15.104695299413562,47.87732589725102],[15.104999711303583,47.88632082195517],[15.138274858710172,47.88130660020027],[15.13112604108285,47.86791841723919],[15.104695299413562,47.87732589725102]]],[[[15.198282188641556,47.8758547102554],[15.185231166796898,47.88506423441548],[15.19860269736672,47.88484938570457],[15.198282188641556,47.8758547102554]]],[[[15.085543486694304,47.90461614168631],[15.118985627039327,47.90410496698534],[15.098465254221038,47.890920484168745],[15.097858730181384,47.87293060019112],[15.091174301548035,47.87303238764624],[15.097249619088934,47.854937067540334],[15.083885397680774,47.85514019487012],[15.070971593224217,47.868837908343956],[15.037697945710784,47.87383275917267],[15.037990807841851,47.88282786610819],[15.05136234946399,47.88263006110225],[15.045412063939349,47.90521677639146],[15.059085975872465,47.91401308430788],[15.052396215785338,47.91411262626879],[15.052691835041742,47.92310758916066],[15.066073632769838,47.922908084246224],[15.065775710420146,47.913913155154056],[15.07900502856647,47.90921467838496],[15.071867580391153,47.895822939954726],[15.085242317246786,47.89562121406835],[15.085543486694304,47.90461614168631]]],[[[15.2791639556228,47.892522217596564],[15.27264406908745,47.897131711549726],[15.279331208210765,47.897019421961886],[15.2791639556228,47.892522217596564]]],[[[15.226646975544753,47.92039320642653],[15.22011897633466,47.92499969735229],[15.226809795196939,47.92489044848204],[15.226646975544753,47.92039320642653]]],[[[15.11843487521508,48.08409964947685],[15.117973082974133,48.07060815721808],[15.09769158125185,48.06641862048479],[15.111416647317181,48.07520828158586],[15.111723376782974,48.084202619953935],[15.11843487521508,48.08409964947685]]],[[[15.065339698798155,48.10290136685149],[15.052059912186353,48.10759797787307],[15.06548915013207,48.10739855579822],[15.065339698798155,48.10290136685149]]],[[[15.14122015190199,48.16023848412213],[15.134654468905032,48.16483977351387],[15.141376332397824,48.164735478751325],[15.14122015190199,48.16023848412213]]],[[[15.330094701542357,48.17514744997426],[15.329749653540652,48.1661540219302],[15.309413878047808,48.16200168766519],[15.310096999782804,48.17998866051086],[15.330094701542357,48.17514744997426]]],[[[15.148882383934525,48.18711560602232],[15.141688774452783,48.17372944455067],[15.12839779407127,48.178434669141836],[15.135432869610439,48.187324673168604],[15.148882383934525,48.18711560602232]]],[[[15.330267270319341,48.1796441521299],[15.323715893736864,48.18425608131137],[15.330439868957411,48.18414084633735],[15.330267270319341,48.1796441521299]]],[[[15.303543789877722,48.184599451567394],[15.296989416952576,48.189209864844585],[15.303714092201433,48.18909617668406],[15.303543789877722,48.184599451567394]]],[[[15.096150129424377,48.21942142600206],[15.089572970077876,48.224020061852165],[15.096302584447226,48.2239183781968],[15.096150129424377,48.21942142600206]]],[[[15.089572970077876,48.224020061852165],[15.076264396156025,48.22871923058825],[15.089724868910526,48.228517014502366],[15.089572970077876,48.224020061852165]]],[[[15.097370509318898,48.25539681329517],[15.097065255766973,48.24640301609418],[15.090332727415351,48.24650474287443],[15.084206119609476,48.26459370987882],[15.104410703570469,48.264288425994074],[15.104104177518696,48.25529467957328],[15.097370509318898,48.25539681329517]]],[[[15.259637840963078,48.27082468164276],[15.253068671478399,48.27543245984972],[15.259804620094467,48.27532131687625],[15.259637840963078,48.27082468164276]]],[[[15.152026041603644,48.277052827471664],[15.145446529419434,48.28165451587642],[15.152183510622182,48.281549601043565],[15.152026041603644,48.277052827471664]]],[[[15.091397494073183,48.27798294663476],[15.091701950488517,48.286976643032524],[15.098439730368964,48.28687483857321],[15.09813410623974,48.27788115944348],[15.091397494073183,48.27798294663476]]],[[[15.18634933496679,48.294509313327154],[15.179770654352719,48.29911290797253],[15.186509833908385,48.299006007572274],[15.18634933496679,48.294509313327154]]],[[[15.105637871026078,48.3002630726162],[15.132595626563038,48.29985029096303],[15.132284002011563,48.29085675063353],[15.105637871026078,48.3002630726162]]],[[[15.098592582181306,48.2913716653126],[15.085419274497104,48.300568563717576],[15.099051296691963,48.304862093892616],[15.098592582181306,48.2913716653126]]],[[[15.220041892696653,48.293969007410524],[15.206889484553205,48.30317962465157],[15.220532236022681,48.307458926646554],[15.220041892696653,48.293969007410524]]],[[[15.288102085991287,48.31084531525521],[15.294332852321762,48.29724256467082],[15.280686703046415,48.29297189066679],[15.274621048665614,48.31107048247492],[15.288102085991287,48.31084531525521]]],[[[15.105791386687557,48.304759864837564],[15.099204254576374,48.309358886113266],[15.105944928978673,48.309256648386345],[15.105791386687557,48.304759864837564]]],[[[15.308836902006766,48.32399408427387],[15.309179370921818,48.33298700359241],[15.315922679757627,48.332872616271146],[15.315579041369084,48.323879716357325],[15.308836902006766,48.32399408427387]]],[[[15.335978838521497,48.3280306968761],[15.329409207867313,48.33264267101807],[15.336152426938467,48.332527113091324],[15.335978838521497,48.3280306968761]]],[[[15.25489872629827,48.324894982329624],[15.221513688544903,48.33443852903435],[15.221841066526702,48.343431659057295],[15.261975382621081,48.33377678890794],[15.25489872629827,48.324894982329624]]],[[[15.073145562745788,48.33674471203574],[15.08709011351782,48.350033081731176],[15.113919553420272,48.345127903723686],[15.11330235095759,48.32714103265989],[15.10640571569909,48.32274694671704],[15.086330245868576,48.32754934191797],[15.08663411379997,48.336542864469706],[15.073145562745788,48.33674471203574]]],[[[15.147174064243167,48.33111855338912],[15.147645782581497,48.344608561241735],[15.187794828196534,48.33497924759173],[15.187634106352764,48.33048262337293],[15.147174064243167,48.33111855338912]]],[[[15.052912540148045,48.33704455620549],[15.046316610015964,48.34164052263795],[15.053061587918005,48.34154134675825],[15.052912540148045,48.33704455620549]]],[[[15.343592610930935,48.35039670119559],[15.329409207867313,48.33264267101807],[15.322665958773245,48.33275783874553],[15.323355933608397,48.35074349262792],[15.343592610930935,48.35039670119559]]],[[[15.053061587918005,48.34154134675825],[15.05335976108433,48.350534901166036],[15.073598051012256,48.3502349806748],[15.07329636598797,48.34124147715055],[15.053061587918005,48.34154134675825]]],[[[15.147645782581497,48.344608561241735],[15.14105729970369,48.34920987074928],[15.14780307662022,48.34910521270318],[15.147645782581497,48.344608561241735]]],[[[15.181852073664164,48.357569253286925],[15.175264981748468,48.36217246986913],[15.182012377450585,48.362065832888376],[15.181852073664164,48.357569253286925]]],[[[15.256398643929717,48.36536352564976],[15.2702298721739,48.37413334437501],[15.28372735028252,48.37390869060915],[15.269390150270262,48.35165109489148],[15.256065126358395,48.35637057889799],[15.256398643929717,48.36536352564976]]],[[[15.175264981748468,48.36217246986913],[15.168676718633602,48.36677530501216],[15.175424727724739,48.36666904947129],[15.175264981748468,48.36217246986913]]],[[[15.087546350785383,48.36352321844054],[15.080950122212794,48.36812109164093],[15.087698482695481,48.3680199126457],[15.087546350785383,48.36352321844054]]],[[[15.215912196145396,48.36602331607512],[15.209327057419378,48.37062843945982],[15.21607548425058,48.37051983181662],[15.215912196145396,48.36602331607512]]],[[[15.074201735411396,48.368221880116764],[15.067603723160575,48.372818988868275],[15.074352722040677,48.37271858239567],[15.074201735411396,48.368221880116764]]],[[[15.216402145548535,48.37951283594933],[15.209489788070334,48.37512495530877],[15.2096525469871,48.37962146202318],[15.216402145548535,48.37951283594933]]],[[[15.088002825788292,48.37701327384079],[15.095057952660484,48.385904994573316],[15.101808604147486,48.38580299993727],[15.101501810944672,48.37680970976206],[15.088002825788292,48.37701327384079]]],[[[15.136030644322924,48.398776902175406],[15.163357093991872,48.40735013683356],[15.155970974301267,48.38946954072297],[15.109021377709244,48.39919045496126],[15.075108048705554,48.395201956898426],[15.075561559765394,48.40869187107675],[15.122836644307982,48.407977605693],[15.136030644322924,48.398776902175406]]],[[[15.170110406256665,48.40724419091103],[15.20403892032132,48.41120505070387],[15.210466765815845,48.40210385759537],[15.196638194787964,48.39332706250708],[15.190370176415442,48.40692400842571],[15.170110406256665,48.40724419091103]]],[[[15.185385198593599,48.45649187151922],[15.178785813020381,48.46109508184476],[15.185546116481902,48.46098824561089],[15.185385198593599,48.45649187151922]]],[[[15.192952695689314,48.47886638123142],[15.186351126031997,48.48346997054392],[15.193114341928899,48.48336269761675],[15.192952695689314,48.47886638123142]]],[[[15.199715295168138,48.47875872609694],[15.200039792452747,48.48775133078619],[15.206803540356303,48.48764326600035],[15.206477866417355,48.478650679653306],[15.199715295168138,48.47875872609694]]],[[[15.213730727874719,48.49203107906981],[15.207129327688572,48.49663581300512],[15.213894224294286,48.496527338433744],[15.213730727874719,48.49203107906981]]],[[[15.111953923533955,48.48462414331592],[15.078135928841792,48.48513311258029],[15.078894546536088,48.50761529836993],[15.106114928559961,48.511705106170425],[15.105806637721596,48.502712350305394],[15.119183128185252,48.49801036056692],[15.111953923533955,48.48462414331592]]],[[[15.288816274170285,48.508796691995975],[15.282219429969514,48.51340562665784],[15.288986362836988,48.51329280811423],[15.288816274170285,48.508796691995975]]],[[[15.11381105970265,48.53858045261757],[15.107194792584082,48.54317943639918],[15.113965996337027,48.54307674653679],[15.11381105970265,48.53858045261757]]],[[[15.127508322744685,48.542870191400276],[15.120892726530652,48.54746993987728],[15.127664465981514,48.54736645762327],[15.127508322744685,48.542870191400276]]],[[[15.067170505825644,48.56177266268924],[15.067623404778239,48.575261541341945],[15.074398899498934,48.57516114270745],[15.07394422944415,48.56167228962318],[15.067170505825644,48.56177266268924]]],[[[15.21667802472123,48.57296221109366],[15.210066526161768,48.57756692853549],[15.216842034659047,48.577458288086504],[15.21667802472123,48.57296221109366]]],[[[15.169572785085567,48.58270666881329],[15.156178915768882,48.587414224969486],[15.16973271767822,48.58720278885725],[15.169572785085567,48.58270666881329]]],[[[15.298659338850138,48.58961185320529],[15.319508998196419,48.60275702670065],[15.311868409134583,48.580392093143764],[15.298145876571963,48.57612402462541],[15.298659338850138,48.58961185320529]]],[[[15.285615634707293,48.60332600006172],[15.279006402816997,48.60793453715446],[15.28578575601189,48.60782190954129],[15.285615634707293,48.60332600006172]]],[[[15.224440947009683,48.599829437721354],[15.224935351301353,48.61331742072988],[15.238495678761275,48.61309803069286],[15.238163682447741,48.604106089852756],[15.224440947009683,48.599829437721354]]],[[[15.102424846529209,48.601732846946305],[15.102887326137177,48.61522131487928],[15.109668006226208,48.61511887776206],[15.10920375284093,48.601630435920214],[15.102424846529209,48.601732846946305]]],[[[15.326634946125102,48.61163374762145],[15.320028318359766,48.616244578341245],[15.32680867427459,48.61612957777472],[15.326634946125102,48.61163374762145]]],[[[15.313420508033769,48.62085502559295],[15.320028318359766,48.616244578341245],[15.313247932233558,48.616359186609955],[15.313420508033769,48.62085502559295]]],[[[15.313420508033769,48.62085502559295],[15.306811514925197,48.6254650892489],[15.313593113951976,48.62535085388201],[15.313420508033769,48.62085502559295]]],[[[15.245942505298892,48.63097146369651],[15.25917161280558,48.62175784537474],[15.225265097963138,48.62230935632325],[15.22559495973573,48.631301249190635],[15.245942505298892,48.63097146369651]]],[[[15.212029785233014,48.631519144027756],[15.198301917760636,48.62723949116502],[15.192492168402826,48.65432281685761],[15.212685119051141,48.64950287471039],[15.233537071817357,48.662662933302514],[15.233039940575832,48.649175332563445],[15.21252124269078,48.64500695824233],[15.205573581118093,48.6406194081224],[15.212029785233014,48.631519144027756]]],[[[15.144991852503894,48.65506516058446],[15.138363399963461,48.65966563337898],[15.145149862918936,48.65956114589409],[15.144991852503894,48.65506516058446]]],[[[15.15193629827818,48.6594562657481],[15.145307900931824,48.66405712030779],[15.152094928745948,48.66395223125421],[15.15193629827818,48.6594562657481]]],[[[15.240656481966427,48.67154459994466],[15.24132233201107,48.68952778881475],[15.281892948821193,48.68436351538152],[15.274764648977081,48.67548441288478],[15.247778349772167,48.6804257924457],[15.247444297489942,48.671434194666375],[15.240656481966427,48.67154459994466]]],[[[15.315666737045666,48.67929994896613],[15.309050437976872,48.68390999722241],[15.315839735216045,48.68379563566946],[15.315666737045666,48.67929994896613]]],[[[15.288682365933033,48.68425072505472],[15.282063012673225,48.688859239230176],[15.288853022710134,48.688746439323275],[15.288682365933033,48.68425072505472]]],[[[15.215639794208007,48.73042748869391],[15.19541532863072,48.73524772653089],[15.215804215563308,48.73492319421583],[15.215639794208007,48.73042748869391]]],[[[15.128234441136902,48.75878288468754],[15.121591105429568,48.76338215035812],[15.128391303885053,48.763278638838464],[15.128234441136902,48.75878288468754]]],[[[15.143098759037654,48.794540265929434],[15.136136798868469,48.79014896243681],[15.136294449423422,48.79464462636739],[15.143098759037654,48.794540265929434]]],[[[15.156866759921346,48.79882598954713],[15.15022080740704,48.803426768897985],[15.157026252738053,48.80332160326206],[15.156866759921346,48.79882598954713]]],[[[15.211633087742777,48.80696163341209],[15.204990992730341,48.8115654845928],[15.211797403218103,48.81145715079636],[15.211633087742777,48.80696163341209]]],[[[15.158462946028724,48.84378159231711],[15.165434098309946,48.84817143766003],[15.165273729107476,48.84367595219222],[15.158462946028724,48.84378159231711]]],[[[15.172406444107477,48.85256085886964],[15.165434098309946,48.84817143766003],[15.165594495625067,48.852666911044544],[15.172406444107477,48.85256085886964]]],[[[15.083695715422703,48.84941321829918],[15.077036644631058,48.85400972600613],[15.083848950498696,48.853908797221635],[15.083695715422703,48.84941321829918]]],[[[15.022537243136332,48.85480296766718],[15.036609577858732,48.86809386414878],[15.050238064216902,48.86789629162018],[15.049787154612549,48.85440949989186],[15.063260508366776,48.849714796650346],[15.036013194507783,48.85011138379256],[15.022093732701645,48.84131596676577],[15.022537243136332,48.85480296766718]]],[[[15.336059846359886,48.85439261096176],[15.315797823650032,48.85923323031969],[15.336235223006664,48.858887824693284],[15.336059846359886,48.85439261096176]]],[[[15.19381942632685,48.87921270520453],[15.152766951627067,48.87535510744655],[15.153404604415343,48.893336706562884],[15.160382066111618,48.89772672201064],[15.20112567601702,48.89259101255505],[15.19381942632685,48.87921270520453]]],[[[15.079176392200242,48.916946667636324],[15.058865455976694,48.92174287554379],[15.079329432530313,48.92144207066671],[15.079176392200242,48.916946667636324]]],[[[15.174663328760417,48.91549607540293],[15.140719900137125,48.92051834649574],[15.141195345971752,48.934004244721926],[15.155000695814902,48.938289834893105],[15.161503419945918,48.9291938933008],[15.188791803827764,48.92876828187922],[15.174663328760417,48.91549607540293]]],[[[15.332574071834587,48.93991526582494],[15.325925608984177,48.9445255742083],[15.332749435270278,48.94441025290778],[15.332574071834587,48.93991526582494]]],[[[15.209751368829917,48.941930480632024],[15.189117233719063,48.937758716979],[15.196430612126099,48.9511368395118],[15.210080564375794,48.95092078473766],[15.209751368829917,48.941930480632024]]],[[[15.128809113532395,48.97017431172897],[15.128494074217775,48.96118389331072],[15.11468476903532,48.95689526126233],[15.114216095507151,48.94340944694479],[15.107391938302042,48.94351212660662],[15.108170201668255,48.96598846373119],[15.128809113532395,48.97017431172897]]],[[[15.279011283976551,48.96779690191905],[15.279352818880183,48.9767868646672],[15.293009256856749,48.97656121952988],[15.292665323699792,48.96757129514776],[15.279011283976551,48.96779690191905]]],[[[15.067358846110269,48.971091790377436],[15.074492315698839,48.97998193428435],[15.088150465885732,48.9797799907479],[15.087842512966924,48.97078951907332],[15.067358846110269,48.971091790377436]]],[[[15.061895938653326,49.0116487803309],[15.055213771050482,49.01624359683588],[15.062047742586639,49.01614394002887],[15.061895938653326,49.0116487803309]]],[[[15.462477473239716,46.64258261128407],[15.515448794664737,46.65957531239237],[15.514899166441664,46.64608309231627],[15.547550001830832,46.64544767939986],[15.546992427149535,46.63195563275186],[15.513983734924093,46.62359608719548],[15.507098169400303,46.61472505041856],[15.47463845664542,46.6198483340778],[15.455413061303542,46.62921303935277],[15.455947518942585,46.642705525938574],[15.429827403238686,46.64319340509216],[15.417467031255917,46.661425325343394],[15.450128369937818,46.66081810609919],[15.449772892583168,46.65182308161083],[15.462477473239716,46.64258261128407]]],[[[15.554266544650615,46.6498168038766],[15.547921874478476,46.654442384178836],[15.554453045084152,46.654314146128],[15.554266544650615,46.6498168038766]]],[[[15.431765237491332,46.69266641394551],[15.41886817140385,46.69740588432254],[15.431941582048076,46.69716396758679],[15.431765237491332,46.69266641394551]]],[[[15.490951770725456,46.70055407618547],[15.524004387131843,46.708920405792135],[15.523636159887529,46.699925586113764],[15.530172945194266,46.69979875309296],[15.529250172596957,46.677311776624315],[15.542132598167775,46.67255971280597],[15.541761573031245,46.6635649759453],[15.515632065671067,46.66407272175496],[15.509647962796803,46.67769098063605],[15.476976999527675,46.678315423731405],[15.477697580007222,46.69630534153387],[15.438478242918741,46.697042441712185],[15.445902539231739,46.71940821909533],[15.459338684320143,46.728158210568296],[15.491858827759451,46.723041398222314],[15.4851381867217,46.71866853687645],[15.490951770725456,46.70055407618547]]],[[[15.64763517537139,46.69295386766615],[15.648024218356282,46.701948267541454],[15.65456094717342,46.701814235425154],[15.65417080552541,46.69281985817152],[15.64763517537139,46.69295386766615]]],[[[15.543060707084464,46.695046576027934],[15.569956930522103,46.7125218143648],[15.582844220891271,46.70776509398183],[15.575929567570105,46.698900328881464],[15.543060707084464,46.695046576027934]]],[[[15.511844136684955,46.73166015258521],[15.505486074485725,46.73628337288522],[15.512027351428149,46.7361575899642],[15.511844136684955,46.73166015258521]]],[[[15.342620310382813,46.75729571624201],[15.336244559970432,46.76190941094027],[15.342789359711452,46.761793423401464],[15.342620310382813,46.75729571624201]]],[[[15.637856158571855,46.76967364949187],[15.631504489607394,46.774303962391585],[15.638050119330785,46.77417088561897],[15.637856158571855,46.76967364949187]]],[[[15.422379285130368,46.78735756321287],[15.422731047407504,46.79635274721556],[15.429279879211258,46.796231753532645],[15.428927014018015,46.78723658995736],[15.422379285130368,46.78735756321287]]],[[[15.455832305272342,46.804739071665324],[15.449460681754955,46.809359154861504],[15.45601104903168,46.80923661399213],[15.455832305272342,46.804739071665324]]],[[[15.556697010807163,46.86581901766485],[15.543769164050595,46.87057278305434],[15.556884472027809,46.8703164042562],[15.556697010807163,46.86581901766485]]],[[[15.603169808514924,46.87840174290287],[15.596802162963494,46.88303012176274],[15.603361236973287,46.88289905270405],[15.603169808514924,46.87840174290287]]],[[[15.427844956861982,46.92678303584382],[15.421456295401196,46.9314015522177],[15.428021745481564,46.93128063165433],[15.427844956861982,46.92678303584382]]],[[[15.462106316195456,46.962153128454645],[15.46174680141593,46.95315804494137],[15.442220570717963,46.95802309483244],[15.442576816404365,46.96701823945402],[15.462106316195456,46.962153128454645]]],[[[15.666260409272676,47.120188722654134],[15.653280388487085,47.12495495645359],[15.666458060049802,47.124685899849986],[15.666260409272676,47.120188722654134]]],[[[15.470227657430234,47.164541560637474],[15.456859094698588,47.160290389013475],[15.443850469029018,47.16503271586989],[15.44420838266418,47.174027777181216],[15.424421816157135,47.17439219761344],[15.41729612039019,47.161020190037114],[15.397514227286678,47.16137993826042],[15.391269107999655,47.17049431875612],[15.37790538593393,47.166233886308035],[15.378252112134485,47.17522915066406],[15.404810624200929,47.17925077161289],[15.41211194494232,47.197121113250574],[15.424953878236577,47.18788486851041],[15.444745480982883,47.187520355669896],[15.451881672720614,47.20089061836259],[15.445282852926415,47.20101291732489],[15.44564125300579,47.210007948709546],[15.46562190759066,47.21413732539361],[15.478458630707566,47.20489506790633],[15.471677948608418,47.200521429901606],[15.470590045609121,47.17353653892536],[15.46399467577139,47.17365992108994],[15.46363340620507,47.164664921949466],[15.470227657430234,47.164541560637474]]],[[[15.537663518238446,47.1992659771208],[15.53125156734608,47.203890620758465],[15.537850542923364,47.20376334614778],[15.537663518238446,47.1992659771208]]],[[[15.491657052207756,47.20464624778025],[15.498439912487965,47.20901869588887],[15.49825621636013,47.204521264795254],[15.491657052207756,47.20464624778025]]],[[[15.505039605521977,47.20889332036324],[15.49202335540727,47.21364112908045],[15.492389783064706,47.22263600221055],[15.512378846323486,47.226757181882704],[15.505039605521977,47.20889332036324]]],[[[15.46616487113398,47.22762975779294],[15.459743239650397,47.2322503667082],[15.466345920487026,47.23212723105413],[15.46616487113398,47.22762975779294]]],[[[15.571414608714594,47.21661317639916],[15.518980717853056,47.22663099975833],[15.51935181705383,47.235625775275906],[15.558969107674727,47.23486052922175],[15.5659509533107,47.243726266299205],[15.578777320871168,47.234472747190694],[15.571414608714594,47.21661317639916]]],[[[15.427262615519126,47.24635290532051],[15.43440232469822,47.259724191644686],[15.447614631673323,47.25948047185945],[15.426907093193662,47.23735784569598],[15.413700214768403,47.23759916930449],[15.414053493556704,47.24659426973055],[15.427262615519126,47.24635290532051]]],[[[15.6323785013913,47.25141062724862],[15.625968514457963,47.25604057229672],[15.632573762020579,47.25590781636374],[15.6323785013913,47.25141062724862]]],[[[15.55312009931974,47.252978334885384],[15.546702989395927,47.25760382492266],[15.553308627834552,47.257475656523795],[15.55312009931974,47.252978334885384]]],[[[15.342766109136916,47.283875631355414],[15.33632687024507,47.28848926135903],[15.34293685383325,47.288373269469965],[15.342766109136916,47.283875631355414]]],[[[14.9315731675394,47.24536103758085],[14.918093295038757,47.23654856507772],[14.9178243725562,47.2275521045521],[14.898147413733865,47.23232336849998],[14.91836230894343,47.24554501741376],[14.912158853330176,47.25913111962197],[14.96501539116351,47.25838889416712],[14.985116682626698,47.26710052171959],[14.979067634609862,47.285188352489236],[14.945878878187647,47.281161001330865],[14.966263110527448,47.29887226584452],[14.98623954013916,47.30308552050642],[14.992570068769771,47.29399357372256],[15.012404083352136,47.29370414344379],[15.011976230366194,47.28020986993017],[15.045169406526247,47.28421800849435],[15.045896795034128,47.30670823307],[15.019301854521068,47.30260305513893],[15.006361329903859,47.311793366405105],[15.006645755375311,47.32078953311132],[15.032959890776587,47.31590155216782],[15.053386709601163,47.333597188535876],[15.08646748913143,47.33309528817784],[15.106014192546748,47.3237936538216],[15.126011153998657,47.32798244796489],[15.12646852799984,47.34147620521715],[15.106918882202221,47.35078131691953],[15.126926135707082,47.35496993787197],[15.127689335052484,47.377459435614725],[15.16710618233236,47.36783451482108],[15.167418306443302,47.37683019883542],[15.187755896714659,47.39000382891789],[15.200683973917537,47.38079308731248],[15.227171139443042,47.38035822881795],[15.260935745540452,47.397796837178205],[15.267559586231581,47.39768521023558],[15.267230267918702,47.388689832600704],[15.306797947482128,47.38351449827435],[15.320549293153862,47.39677839269498],[15.307470124841533,47.40150502421927],[15.302019350655373,47.43310232692161],[15.32190382874229,47.43275916285843],[15.321395661351398,47.41926639832685],[15.34772952532178,47.4143060372317],[15.35487180349458,47.42768201424516],[15.375101792337142,47.43632468167098],[15.375797958269162,47.454314658485586],[15.395689947937493,47.45395868431091],[15.402673336706723,47.46283414589414],[15.435473114804669,47.453236374278426],[15.442642939124154,47.46660678769778],[15.469171102917615,47.466115913051404],[15.475437778331314,47.456997581225316],[15.495330088306813,47.45662430659794],[15.494961532961662,47.447629702063786],[15.50822065467202,47.44737897591743],[15.514106654526117,47.42926391416883],[15.527361066318559,47.4290109714709],[15.534738517826685,47.44687291935291],[15.528109099811978,47.44700000902119],[15.52923210767658,47.473983460392716],[15.509519066444723,47.47885988103176],[15.503255690489235,47.48798004326884],[15.476534016755084,47.48398149871289],[15.470628974874783,47.50209446553581],[15.52465487356497,47.52357966437062],[15.564298388108726,47.518315433817385],[15.564679287854704,47.52730970418236],[15.591236871053741,47.52679058021805],[15.61173821334917,47.53988834667705],[15.612322012924315,47.5533794539996],[15.645534762725427,47.552715803371925],[15.652969698432637,47.5705697348171],[15.66645837697844,47.5747976441325],[15.686192784226161,47.56989432327487],[15.693643956893359,47.58774555907719],[15.720230754481523,47.58719658450959],[15.747435985780491,47.60013173313891],[15.773819839147574,47.59507360053071],[15.781095033381819,47.608422366594596],[15.807691357145446,47.607853150603745],[15.821627586703949,47.62105604800058],[15.848229861308988,47.62047745087645],[15.855311730625946,47.62932490310507],[15.91517458597914,47.627996858363964],[15.867530958462348,47.606549906194765],[15.854664697321759,47.615835300689945],[15.85401799612022,47.60234565675315],[15.866664513967095,47.58856376784887],[15.88638534469503,47.5836260685644],[15.913850153848815,47.60101828606873],[15.954184709730102,47.60910878467752],[15.97367925441418,47.59965975619479],[15.973002213366266,47.58617075314279],[15.992257642109877,47.57222217604889],[16.005545529703692,47.57191389793162],[16.00486067346561,47.55842501001681],[15.985160434177933,47.563383072706756],[15.991576189586123,47.55873320990498],[15.98448091591979,47.54989404167579],[15.951050912921831,47.54615934788639],[15.950380360285338,47.5326700727489],[16.016769539928973,47.53113753848018],[16.015853348727006,47.5131522990022],[15.976485119399255,47.523068901065656],[15.949710151267405,47.519180760410194],[15.923602439277353,47.52877584546212],[15.924044826608965,47.53776880991944],[15.904344719471453,47.542713020468526],[15.905223294320217,47.56069903391973],[15.918729645825549,47.56489729506613],[15.885949012507105,47.57463303840749],[15.865798662070915,47.57057755830791],[15.86536595815761,47.56158442739332],[15.885076795649441,47.556646925872265],[15.870708313776744,47.53445840255748],[15.837510044877769,47.53518721123169],[15.823805168453735,47.52648269963017],[15.836655032423417,47.51720060174939],[15.829804439588877,47.51284848721438],[15.835800603963632,47.49921392823731],[15.849070959457801,47.49892375386569],[15.86298872870936,47.51212190703139],[15.882898860462731,47.5116813502466],[15.902589370250821,47.506740794692405],[15.902150907596901,47.49774769810793],[15.928689986562977,47.497150455623434],[15.928247147138459,47.488157444448454],[15.90834628912117,47.48860587634566],[15.900179677173226,47.4572785734552],[15.880507424066522,47.46221875812136],[15.866814421734734,47.45351927604283],[15.866382505073307,47.44452596439927],[15.87920489515763,47.43523897246438],[15.899304546034275,47.43929219961662],[15.905493552463554,47.43015044516842],[15.93884676982939,47.43389849278065],[15.949424597260592,47.379638111417],[15.988464927971537,47.36523411783866],[15.961769120652797,47.3613486880092],[15.954259301764221,47.34351429674592],[15.940806737190565,47.33932007249873],[15.939919729082412,47.32133371537639],[15.91964189888348,47.31279091857825],[15.925371844923363,47.29465464207174],[15.911714857806187,47.28596032935565],[15.905106598111905,47.28610923897967],[15.905762469973432,47.29959926735763],[15.879322321708248,47.30019123182246],[15.873575970979974,47.3183251832819],[15.880188348004834,47.31817809872929],[15.88062158224669,47.327171515515886],[15.860995953047386,47.33210843697887],[15.861426033545442,47.34110191101583],[15.834964619214738,47.34168360721981],[15.814484924390195,47.328625387123296],[15.81490705733399,47.33761903835432],[15.828349174815651,47.34182807419723],[15.822792650082173,47.36445615963258],[15.80997753369347,47.373736928601986],[15.783290645407495,47.36980985054038],[15.78287364080668,47.36081612021489],[15.789491587783557,47.36067428519213],[15.7890735991901,47.35168056674303],[15.775632106585906,47.34746691825809],[15.78162347882036,47.333834857484995],[15.7617795562333,47.33425784998599],[15.754546991500282,47.320907268692956],[15.7940153526118,47.3155634784351],[15.793596950851041,47.30656972676589],[15.8002080764288,47.306427270379125],[15.792760574297416,47.28858219127296],[15.799159886148779,47.28394290467485],[15.845417102682141,47.282935423558314],[15.837744902003656,47.260596431352866],[15.83113960597925,47.26074106092161],[15.836681671030819,47.238112305263265],[15.823688102780606,47.24289791441298],[15.817928905830566,47.261029173302944],[15.784693298134242,47.2572458473437],[15.77705045532861,47.23490272489917],[15.796229689419716,47.22098635104081],[15.749820574714871,47.21747692648999],[15.750641233432813,47.235464902830074],[15.764052287354039,47.23968154287465],[15.76529126127434,47.26666328303351],[15.739070430971985,47.27171973073991],[15.740092821434093,47.29420467110458],[15.720872241906171,47.30811149524307],[15.728298212555629,47.32596121456845],[15.72168445189474,47.32609950902913],[15.722090764286266,47.33509349925974],[15.702245900088247,47.33550615587017],[15.728909420702285,47.33945216057105],[15.74193531719499,47.3346773972714],[15.749372143041265,47.352525689094605],[15.742755110604648,47.3526652025575],[15.743165216746904,47.36165908752471],[15.776255658327486,47.36095757225096],[15.777087556413527,47.378945068424656],[15.770674784846795,47.383583063397055],[15.724735170490586,47.39355414796463],[15.751841639582473,47.406488671676264],[15.746039875904998,47.42461593174393],[15.712909091442414,47.425308691540124],[15.705676413409288,47.41195518378886],[15.685802503770407,47.412364983593726],[15.679777442662832,47.425991864507694],[15.653073852263555,47.42203444192233],[15.64585677294056,47.40867715213048],[15.659105359417243,47.408408959048565],[15.65791734622818,47.38142655006485],[15.62442244869534,47.37309954443789],[15.623837549757218,47.35960811002596],[15.649915915517818,47.35008107228259],[15.64270946557315,47.33672345263577],[15.662159061761553,47.32732693484015],[15.655347479534141,47.32296428715841],[15.654557894860975,47.304975802033965],[15.661169185599,47.304841392086715],[15.660575663997761,47.29135003444436],[15.673595876564706,47.28658303358736],[15.672800628356462,47.26859460220742],[15.652783292561638,47.26450155837752],[15.64657002152694,47.27362980027765],[15.62674764419149,47.27402934997692],[15.625968514457963,47.25604057229672],[15.573505870803414,47.26608342834751],[15.581067177505942,47.288440038900895],[15.613920077783327,47.28328822337781],[15.614695508606781,47.30127703107454],[15.588443156799327,47.306298856776216],[15.582596346916164,47.32441803437838],[15.615665539524493,47.323762981713806],[15.62247394709093,47.3281279936753],[15.623252949598026,47.34611664886865],[15.57012930547864,47.34266639645312],[15.569748808636996,47.33367189181138],[15.563133682004555,47.33380101026131],[15.569178306216902,47.32018011393574],[15.542348683022658,47.31169954106511],[15.502857998335612,47.31695637402699],[15.489081703870152,47.30371428937508],[15.44923196117813,47.29995778449874],[15.429754659661574,47.30931806116088],[15.436903507650479,47.32268910056882],[15.417238414959275,47.32754974699701],[15.40383287543766,47.32329242237828],[15.403128892059186,47.305302294973714],[15.416175690741436,47.300564677847774],[15.422254364101102,47.28695152565131],[15.435473530937735,47.28670921242338],[15.435116340742645,47.277714215098456],[15.408682380245198,47.27819722964967],[15.387634890084833,47.2470724112988],[15.354610969450592,47.247661486949966],[15.360183251149918,47.22055862754667],[15.37338611989861,47.22032349884936],[15.366439626223967,47.21144598777497],[15.3796401947828,47.21121013476723],[15.372693848087048,47.202332997731126],[15.359667365159797,47.20706569507542],[15.360011259942228,47.21606098540299],[15.333607414350777,47.2165266182662],[15.340378729120733,47.22090845486642],[15.341401196349675,47.24789444118233],[15.33479626628436,47.248010344853846],[15.335136198116494,47.25700567581838],[15.355469435360433,47.27014964980967],[15.382073883375458,47.27417654078284],[15.382596142081772,47.28766928387315],[15.369722569393373,47.29690066577473],[15.38311866736116,47.301162004770916],[15.39042949652239,47.31903352328943],[15.37737582972495,47.32376818901052],[15.38433893083285,47.33264492971735],[15.37772349929774,47.33276331714855],[15.378419193694224,47.35075354031991],[15.352463484904971,47.364716176684],[15.352807178715022,47.37371133325413],[15.31341989729308,47.38340021661854],[15.300008560229665,47.379130747878065],[15.292553319121424,47.35675591702157],[15.325476665765795,47.35168717091754],[15.331414655182401,47.33358130785497],[15.35108987981271,47.32873543543154],[15.350746770777983,47.3197402224781],[15.357360631940617,47.31962339629522],[15.350575260055358,47.3152426120069],[15.349889508955943,47.29725214413519],[15.356328631459645,47.29263775387405],[15.34293685383325,47.288373269469965],[15.337007891077505,47.306479828174346],[15.30394629790858,47.307054242933866],[15.296666364122975,47.28917717820336],[15.270060894338062,47.2851303931568],[15.269567371536011,47.27163714613437],[15.295665921420602,47.262190905909875],[15.294999526409168,47.24420001158319],[15.314644852836349,47.2393603638575],[15.307538150995205,47.22598157659927],[15.215423291270701,47.23653770991142],[15.21478448843001,47.218546313286154],[15.23442762025381,47.213720468206986],[15.234105073777458,47.204724809292124],[15.213986595053916,47.19605702266387],[15.213508184123429,47.182563425695164],[15.266611513861776,47.19067724783265],[15.273867758305798,47.20855639830465],[15.287233780340138,47.21282901469171],[15.306700755525705,47.20349296493216],[15.299267403252921,47.181118152665256],[15.285908410499912,47.176846936343715],[15.292006346753139,47.163240581258755],[15.278817346579011,47.163466291216416],[15.278487572264966,47.15447072421513],[15.265464451896133,47.159192672730086],[15.265792044830105,47.16818827428887],[15.252927168726396,47.17740658176876],[15.239249677448823,47.16413426006328],[15.238926614205623,47.155138580168796],[15.25178852089564,47.1459218391042],[15.27156560430268,47.14558739517912],[15.271237171430135,47.13659179641693],[15.26464595576276,47.13670364040325],[15.270908849955042,47.127596191592254],[15.251138471892698,47.127930522485684],[15.244062718592057,47.114547672280644],[15.218027641552034,47.123982232142225],[15.204689590173722,47.11970148002225],[15.204372657923756,47.11070567769215],[15.184608164939892,47.111028455478284],[15.184921746941228,47.120024312363775],[15.158564250816031,47.12044941563848],[15.151820798972109,47.11605676531761],[15.157791660260632,47.09795958387946],[15.138031636815077,47.09827427338382],[15.138490088888338,47.11176825620281],[15.11902722218061,47.121075627724366],[15.113040527212084,47.13917074846624],[15.106448671605747,47.13927343538527],[15.114096587348184,47.170656842275356],[15.10750081687853,47.17075958996068],[15.107801659460968,47.1797556193649],[15.088010837041297,47.180061623341565],[15.080969335962264,47.16666871103837],[15.054441954209873,47.162571653757006],[15.054150265273154,47.15357547450712],[15.080228989303553,47.144178428484544],[15.079785082669963,47.13068424052064],[15.092668688956383,47.12148547368824],[15.085930565188601,47.1170889217591],[15.085188807231761,47.094598602977165],[15.07201603801441,47.094800372050294],[15.072310433304816,47.103796537506426],[15.059427593682846,47.1129930096048],[15.046250159824268,47.11319179574749],[15.053421475818816,47.13108499940052],[15.040673369558048,47.144777429501744],[15.020752264501802,47.140573641411294],[15.020180656437754,47.12258108018821],[15.013448405222455,47.11818023996041],[14.96746023911764,47.1233488932193],[14.954005411108694,47.11454058112425],[14.954279898227648,47.12353703163455],[14.941235625193581,47.12822188307198],[14.927783917345238,47.11941047454493],[14.90801463237516,47.11968521975895],[14.894438449145747,47.10637158439706],[14.907348249044377,47.09719380425174],[14.907081853821742,47.08819722949016],[14.926974274723738,47.09242091150406],[14.927244064098778,47.10141743749057],[14.947279672731394,47.110135827160335],[14.973078350971292,47.09176681976068],[14.999987253934375,47.109377362031],[15.01316391190958,47.10918393189348],[15.025767310770028,47.0909964107374],[15.058551105254073,47.08600441192428],[15.058259140455444,47.077008203137545],[15.005160153064377,47.064299142464186],[15.011033283004117,47.04171147208309],[15.043932681392475,47.04122184362621],[15.043643437963405,47.032225581421464],[15.01060780643941,47.02821695343878],[15.01661687214936,47.01012714442401],[14.996748135871632,47.005919128086376],[14.99646706908468,46.99692273867697],[14.97688254657253,47.0017076365875],[14.970030913789408,46.99280598789646],[14.950308924710322,46.99308807573044],[14.95729449932704,47.006489156483866],[15.003605933789034,47.014819161597565],[14.99759190723699,47.0329082796508],[14.964559335893027,47.028886266000164],[14.958255607343004,47.037976834454945],[14.931937133038748,47.038349460642124],[14.931261644670498,47.01585810839887],[14.937838514376233,47.01576556227783],[14.930856625953902,47.00236328837558],[14.897980281405783,47.00282019224655],[14.891668259262751,47.01190707091302],[14.898376955221753,47.0163151280802],[14.885354078399484,47.02099359661644],[14.877601869375443,46.98059808134415],[14.870899401045802,46.976188794470424],[14.857755200688251,46.976365756686995],[14.858141467760339,46.989860838631934],[14.838674285808661,46.9991202581333],[14.838928655850683,47.00811701885309],[14.79959567667227,47.01313065357975],[14.8129992072367,47.02195723981496],[14.799843497304387,47.022127497444046],[14.800215385596884,47.0356227577892],[14.780598986093418,47.040373792164964],[14.780843715755035,47.04937066944833],[14.747578350643366,47.03628872509812],[14.721376664936995,47.041111069231015],[14.741236632629734,47.04536721954364],[14.75475878374819,47.058699143329164],[14.72196356556722,47.06360356729303],[14.722198465032376,47.072600560016426],[14.702677256088458,47.081836632491004],[14.702908966517862,47.09083365731383],[14.742785621822483,47.10384738386573],[14.749853242113398,47.12175957956],[14.809540160306096,47.13450261458303],[14.80991530499723,47.14799777073641],[14.783786950424108,47.1573328595528],[14.79087556493673,47.17524244488554],[14.817011500658992,47.165905741115814],[14.830710396052813,47.183726903098936],[14.850632594334746,47.187963907940826],[14.851018588949284,47.201458874459654],[14.864478360698744,47.210279296795406],[14.904084826440684,47.20974148680121],[14.917018153175642,47.20056267603736],[14.95744320464993,47.22699576475548],[14.957856721486296,47.2404903113819],[14.94478393390926,47.245175528260404],[14.9315731675394,47.24536103758085]],[[15.85401799612022,47.60234565675315],[15.840507196075995,47.59813981461015],[15.853802502809458,47.59784909967651],[15.85401799612022,47.60234565675315]],[[15.837937770289958,47.54418049140823],[15.831296872731262,47.54432512493714],[15.830870281106602,47.535331820291866],[15.837510044877769,47.53518721123169],[15.837937770289958,47.54418049140823]],[[15.823805168453735,47.52648269963017],[15.817378536724608,47.53112320284124],[15.81716646534087,47.526626515888736],[15.823805168453735,47.52648269963017]],[[15.886366477342769,47.309037228487284],[15.912810971728588,47.308443633625856],[15.907075218326636,47.32657925071787],[15.88701784901488,47.32252732886572],[15.886366477342769,47.309037228487284]],[[15.727483753665839,47.307973247541376],[15.734299355620426,47.312331601351694],[15.727687316417775,47.31247024339654],[15.727483753665839,47.307973247541376]],[[15.646644941579178,47.42666545027727],[15.68037739340134,47.439482881706994],[15.667320028047547,47.44425055686637],[15.674347829505548,47.4531094205188],[15.68740675360518,47.448340950736416],[15.693432396886076,47.43471371463976],[15.719738655012334,47.429667846247916],[15.73982388543304,47.43374905635758],[15.740439292830766,47.447239738926854],[15.713923300153308,47.447793413913324],[15.701674517143262,47.47055269964428],[15.661882121396166,47.471367443722755],[15.654458160448819,47.45351377712388],[15.621308038115231,47.45418003087821],[15.620528103116461,47.43619163470272],[15.646644941579178,47.42666545027727]],[[15.655249936259791,47.4715018910463],[15.64861771732938,47.471635954545974],[15.64921020680566,47.485127035610695],[15.628916624546095,47.47653290662204],[15.609211870116958,47.48142646756003],[15.622674205972887,47.48565958643328],[15.616624424407888,47.49928298034454],[15.5768090371797,47.50006818401405],[15.576426262868342,47.49107391093896],[15.562966263246034,47.48683536527296],[15.56258594851011,47.47784102595354],[15.582677335115887,47.48194975959362],[15.5889262421258,47.47282525349352],[15.602191246678766,47.47256365173307],[15.59517298494201,47.46370039304428],[15.641591771238417,47.462775539191384],[15.655249936259791,47.4715018910463]],[[15.562966263246034,47.48683536527296],[15.549886545854308,47.49158961177772],[15.54969747188797,47.48709242595972],[15.562966263246034,47.48683536527296]],[[14.885616457602802,47.02999024600425],[14.879037737791847,47.03007976895165],[14.872198843409786,47.02117223148798],[14.885354078399484,47.02099359661644],[14.885616457602802,47.02999024600425]],[[14.9438270783195,47.21368812830614],[14.950291338745005,47.20909665531947],[14.950428500086124,47.21359485530102],[14.9438270783195,47.21368812830614]],[[15.91983457360736,47.58737956707482],[15.913408978535394,47.592025392009965],[15.913188447471994,47.587528938237696],[15.91983457360736,47.58737956707482]],[[15.70632897225538,47.57398131327123],[15.699683959157735,47.574118329807526],[15.699077521221263,47.56062772842174],[15.705720831493874,47.56049074665842],[15.70632897225538,47.57398131327123]],[[15.858938704881858,47.56622722753499],[15.85251031672551,47.570869663630305],[15.852295081253459,47.566373075616745],[15.858938704881858,47.56622722753499]],[[15.785856837267001,47.567810411157105],[15.77921281422854,47.567952030114796],[15.778794936582377,47.55895857404537],[15.785437824717519,47.558816979048515],[15.785856837267001,47.567810411157105]],[[15.79893411661302,47.563029329940534],[15.792500824479673,47.567668407718045],[15.792290732804679,47.56317170581184],[15.79893411661302,47.563029329940534]],[[15.844793115859584,47.54853209516686],[15.852079882577748,47.56187648329444],[15.839007723710981,47.56666361842664],[15.838151687825079,47.54867712525848],[15.844793115859584,47.54853209516686]],[[15.945079278358765,47.55979980233006],[15.932016108690803,47.56459752583505],[15.93157213300182,47.555604637306345],[15.945079278358765,47.55979980233006]],[[15.965006756799989,47.55934499746069],[15.95194551807826,47.5641449889092],[15.95172180944108,47.559648585075195],[15.965006756799989,47.55934499746069]],[[15.772360366286346,47.56359652673882],[15.765716839405226,47.56373736480857],[15.758658875025093,47.55488428235712],[15.771943694802765,47.55460303826768],[15.772360366286346,47.56359652673882]],[[15.731883932487204,47.55094533620439],[15.72544620758037,47.55558066559592],[15.725241896038947,47.551083832324224],[15.731883932487204,47.55094533620439]],[[15.751809831355166,47.55052754160268],[15.745373913602974,47.55516398886215],[15.745167900242084,47.550667190840606],[15.751809831355166,47.55052754160268]],[[15.771318954605507,47.5411127740447],[15.76488590797052,47.54575032336837],[15.764678263864084,47.54125355255196],[15.771318954605507,47.5411127740447]],[[15.671704912029615,47.54318409924233],[15.665063699235551,47.5433191129998],[15.658025413535311,47.53445981619631],[15.671305605043298,47.534190218641406],[15.671704912029615,47.54318409924233]],[[15.731474279882125,47.54195168059355],[15.724629170900227,47.53759330756632],[15.731269506082672,47.53745484659224],[15.731474279882125,47.54195168059355]],[[15.724424998986006,47.53309645775835],[15.678145853081734,47.538551774342864],[15.677945649682403,47.53405484345377],[15.691225636247308,47.53378294027277],[15.690823064831541,47.52478911235194],[15.710739385730918,47.52437844509836],[15.724424998986006,47.53309645775835]],[[15.790191789892415,47.51820445645082],[15.796829504205448,47.51806220097451],[15.797460510346367,47.53155238286783],[15.784600229259658,47.54083006415562],[15.757623489665052,47.53240036902507],[15.755968711746885,47.4964258974575],[15.775873788788918,47.49600391905068],[15.789562805997669,47.5047142025097],[15.790191789892415,47.51820445645082]],[[15.650791663299852,47.521103084834174],[15.644350450564186,47.525733888852265],[15.64415318322777,47.521236888951606],[15.650791663299852,47.521103084834174]],[[15.677145178072962,47.5160670796048],[15.664068521969229,47.52083432405081],[15.663670689039613,47.511840380475824],[15.677145178072962,47.5160670796048]],[[15.735038715353555,47.47436007240112],[15.748715353935882,47.48307526237592],[15.749333615350812,47.49656578898258],[15.730041597764401,47.510473757584876],[15.716767692403804,47.51075015492579],[15.717174589476802,47.519743914033626],[15.697260072196825,47.520155699029274],[15.676745147338352,47.50707317389211],[15.676345253223813,47.49807925261563],[15.650593863047456,47.5166060922839],[15.59710318237645,47.508671502042056],[15.630091921496938,47.50351521546764],[15.629504122520201,47.49002407802127],[15.675945495659391,47.48908531599665],[15.681978763972909,47.47545877253739],[15.735038715353555,47.47436007240112]],[[15.596910014290065,47.504174408135576],[15.590080964702581,47.499807985638924],[15.596716879191279,47.49967731037909],[15.596910014290065,47.504174408135576]],[[15.530731241808738,47.509961190357174],[15.52428083924646,47.51458525634591],[15.524093870003538,47.510088046479396],[15.530731241808738,47.509961190357174]],[[15.54381725252647,47.505209144261386],[15.537368581585877,47.509833950097686],[15.537180511333203,47.50533675785955],[15.54381725252647,47.505209144261386]],[[15.882246205077024,47.49819159863739],[15.868976217560059,47.49848561259276],[15.861909645683031,47.48963878185545],[15.875177443675208,47.489345585407364],[15.882246205077024,47.49819159863739]],[[15.888445093587901,47.489050853417005],[15.861478270343323,47.48064550470644],[15.861047042245255,47.47165221241582],[15.894204947872884,47.47091659107778],[15.888445093587901,47.489050853417005]],[[15.861693939603256,47.48514214518748],[15.84885631159724,47.494427100233764],[15.821893059478255,47.48601244740956],[15.821468545267525,47.47701901545312],[15.828100985152613,47.476874949133],[15.819771936602221,47.4410451398174],[15.846283392964793,47.44046696301489],[15.826187377103615,47.43640443248811],[15.825337827169829,47.418417443926494],[15.84521289713534,47.417983419562155],[15.851408776420485,47.40884456125962],[15.818289302000249,47.40956781285778],[15.811454202024334,47.40521452651429],[15.810610175877146,47.38722734694334],[15.843929506102311,47.39100305565207],[15.849265612797087,47.36387728139976],[15.875737992013146,47.363292275358866],[15.909924110286495,47.385035520636954],[15.917644971120042,47.4073693100846],[15.937515102227977,47.406919260630275],[15.938180765746988,47.420408892189336],[15.898430011735062,47.42130576907488],[15.892240818890931,47.43044715402642],[15.865519113650722,47.42653929854755],[15.866166601994253,47.440029303215475],[15.85291116596745,47.44032145995247],[15.85398540005964,47.462804853508786],[15.847354802131465,47.46295041811232],[15.847998086519503,47.47644044732311],[15.861693939603256,47.48514214518748]],[[15.523346312283243,47.492099168630816],[15.490354313828886,47.497224752764424],[15.490170303321696,47.49272747444846],[15.523346312283243,47.492099168630816]],[[15.768615444187274,47.482654542655055],[15.762189299640152,47.48729198874835],[15.761982116100706,47.482795166436645],[15.768615444187274,47.482654542655055]],[[15.807781449490008,47.46831250115015],[15.795148400978928,47.482088208853945],[15.781881993886811,47.482372143483374],[15.768200051924838,47.47366091054303],[15.767577229331167,47.46017043459324],[15.80051883682943,47.45496508471921],[15.807781449490008,47.46831250115015]],[[15.812510044307,47.427698426357715],[15.786631803567706,47.441759230830485],[15.759912224276306,47.43782674066437],[15.77212827230705,47.415061120753265],[15.80525182725934,47.414351225689494],[15.812510044307,47.427698426357715]],[[15.395338413550284,47.444963762974936],[15.388708910857542,47.4450827846693],[15.388358626674622,47.436087829473266],[15.394986999089216,47.435968827910926],[15.395338413550284,47.444963762974936]],[[15.554247978427583,47.43749492272625],[15.541179717379267,47.442248213297546],[15.540991563026608,47.43775097713609],[15.554247978427583,47.43749492272625]],[[15.394460102124976,47.422476400057995],[15.388008461971454,47.427092860774025],[15.387833424405684,47.42259537142974],[15.394460102124976,47.422476400057995]],[[15.386608996734967,47.391112855361875],[15.399678493376184,47.386377175350525],[15.399326729178222,47.377382176608265],[15.49863815692207,47.37554738200392],[15.49275283909149,47.39366179070574],[15.453195878464403,47.398901413359674],[15.454098842691915,47.4213883986514],[15.44765255841599,47.42600821941815],[15.427771465939697,47.42637321860957],[15.426879638784579,47.403886043482856],[15.420077659889762,47.39950943672711],[15.393933474649703,47.40898394255937],[15.386608996734967,47.391112855361875]],[[15.539675380660665,47.406270229598775],[15.533238442719153,47.41089487629852],[15.533051077174532,47.406397605955966],[15.539675380660665,47.406270229598775]],[[15.771712813204303,47.40606740644291],[15.758258851008573,47.40185174735373],[15.784333778713163,47.3922941219415],[15.784542512041842,47.39679096667303],[15.771712813204303,47.40606740644291]],[[15.558221643121422,47.37440512173387],[15.59113027306167,47.369259924906174],[15.591514670046534,47.37825431663247],[15.611958371033827,47.39135235066466],[15.552545871031977,47.397019841195224],[15.552167979462736,47.3880253429381],[15.54554599647029,47.38815344272495],[15.545922760064936,47.39714796264943],[15.53286374356796,47.401900332380805],[15.51942999603821,47.39765661525737],[15.525306602969279,47.37954084553194],[15.551979081972169,47.383528089107664],[15.558221643121422,47.37440512173387]],[[15.888756467076165,47.35850080355331],[15.882355994927643,47.36314506640228],[15.88213906411868,47.358648383003896],[15.888756467076165,47.35850080355331]],[[15.457467994402469,47.340312270022814],[15.48429851199294,47.348812739006135],[15.484664561380562,47.357807505351815],[15.471791742449605,47.36705030609057],[15.451572480669945,47.3584246427582],[15.457467994402469,47.340312270022814]],[[15.557275143064324,47.35191883095042],[15.517941750772273,47.36167811747363],[15.517570006266935,47.3526834629302],[15.530805179475077,47.35243011759564],[15.5302444220062,47.3389381783595],[15.549903331982765,47.33405809858854],[15.557275143064324,47.35191883095042]],[[15.894937830746432,47.34935951523383],[15.888539010293032,47.35400412958749],[15.888321590536075,47.349507452603596],[15.894937830746432,47.34935951523383]],[[15.160174990250118,47.358944614379446],[15.140471050028822,47.3637575859339],[15.14031730889353,47.35925970108886],[15.160174990250118,47.358944614379446]],[[15.411860971871553,47.35915256648744],[15.39862356027373,47.35939214311623],[15.398272155444806,47.35039710880767],[15.411507313862792,47.35015757269177],[15.411860971871553,47.35915256648744]],[[15.40453733828323,47.34128250675609],[15.398096497909416,47.34589958735926],[15.397920870283228,47.34140206308487],[15.40453733828323,47.34128250675609]],[[15.32479898954731,47.33369663202387],[15.318352107908577,47.33830922188425],[15.318183295080425,47.33381157327373],[15.32479898954731,47.33369663202387]],[[15.304784161689904,47.32954263632463],[15.29833603964616,47.334154099484074],[15.298168944185965,47.329656419181205],[15.304784161689904,47.32954263632463]],[[15.291387194019062,47.32527212654912],[15.28493842394883,47.32988283620215],[15.28477248253034,47.325385134054564],[15.291387194019062,47.32527212654912]],[[15.602052099002433,47.31503173441334],[15.595631737357646,47.3196599435804],[15.595439385162473,47.3151627227982],[15.602052099002433,47.31503173441334]],[[15.786985789688686,47.30671180056014],[15.76054079110164,47.307276269750616],[15.766324705376709,47.28914799950707],[15.786360139330483,47.293221116864245],[15.786985789688686,47.30671180056014]],[[15.158622125222971,47.31396588031596],[15.152163160218915,47.3185690976081],[15.15200855530941,47.31407120326726],[15.158622125222971,47.31396588031596]],[[15.257822451838834,47.31234009932368],[15.251372332053002,47.31694892164258],[15.251209288033582,47.31245116428362],[15.257822451838834,47.31234009932368]],[[15.75372367747018,47.302919479065594],[15.74731808078162,47.307556208711354],[15.747112866755277,47.303059245424414],[15.75372367747018,47.302919479065594]],[[15.177992269815086,47.30015402365983],[15.171536679816255,47.30475834321757],[15.171380466732646,47.30026046805183],[15.177992269815086,47.30015402365983]],[[15.111570828416147,47.292205328280744],[15.105110426423185,47.29680589639323],[15.104959888424487,47.292307928068546],[15.111570828416147,47.292205328280744]],[[15.017584427148458,47.24862599135386],[15.011121179012202,47.25322126064423],[15.010978755238982,47.248723151347036],[15.017584427148458,47.24862599135386]],[[15.003805850552453,47.230827437920354],[14.990739519173548,47.235517923084245],[14.990598875162899,47.23101978095059],[15.003805850552453,47.230827437920354]],[[15.18869304295382,47.227974097199635],[15.162437050121424,47.23289798430422],[15.155524310225196,47.22400766809487],[15.162126620820514,47.22390214090315],[15.161816296986718,47.21490628941206],[15.181619706698351,47.21458746874096],[15.18869304295382,47.227974097199635]],[[15.174549946424927,47.20120038626624],[15.168106120815045,47.2058045564938],[15.1679504908605,47.201306632879145],[15.174549946424927,47.20120038626624]],[[14.98287554387784,47.1951301066761],[14.9764158136363,47.19972343189243],[14.976276481122285,47.19522525818331],[14.98287554387784,47.1951301066761]],[[14.99579164339441,47.18594235329503],[14.989334153729807,47.19053641376895],[14.989193748421632,47.18603825258843],[14.99579164339441,47.18594235329503]],[[15.172054505722748,47.12923351420841],[15.191668444142364,47.12441500030077],[15.205165190129344,47.133195172973195],[15.20548239123332,47.142190960924104],[15.179739818435552,47.160612525416944],[15.186805474516042,47.17399932888597],[15.173925450768955,47.1832087091377],[15.147536430704918,47.18363126067222],[15.140479412071983,47.170242033592515],[15.153516369098291,47.16553438273431],[15.153207848217413,47.156538466202676],[15.166395643760248,47.15632729754272],[15.172054505722748,47.12923351420841]],[[14.988913009309695,47.17704192499427],[14.98245600809695,47.18163559894117],[14.982316210316263,47.17713742620904],[14.988913009309695,47.17704192499427]],[[14.816006385722888,47.129918733951385],[14.84211556059824,47.12057624103321],[14.849090580079446,47.13398389289226],[14.842626719594051,47.138569650861854],[14.869125636092074,47.14271602040918],[14.869516009810095,47.156210969090374],[14.850118240598755,47.16997059505006],[14.823607184926953,47.16581980906938],[14.816885786663605,47.16140737052057],[14.816508772655212,47.147912249428984],[14.823102218997489,47.147826346427465],[14.816006385722888,47.129918733951385]],[[14.89483499586024,47.119866475868044],[14.888771951390442,47.13794973202017],[14.868865497306334,47.133719380583216],[14.874934844388427,47.115637180346994],[14.89483499586024,47.119866475868044]],[[14.895231744361277,47.13336135536065],[14.901956103626729,47.13776917784282],[14.895364038729697,47.13785964573495],[14.895231744361277,47.13336135536065]],[[14.861497345144073,47.106817935603196],[14.855037867368006,47.11140440528824],[14.854909058177435,47.10690606167956],[14.861497345144073,47.106817935603196]],[[14.874673853194869,47.106640539279894],[14.868215536273249,47.11122775681812],[14.86808561018142,47.10672942813603],[14.874673853194869,47.106640539279894]],[[14.75548033396343,47.08568990945628],[14.735841427596679,47.090433210474565],[14.72231594461653,47.07709905487531],[14.748535307110897,47.07227649910086],[14.75548033396343,47.08568990945628]],[[14.90694869006811,47.083698940385084],[14.900363349244055,47.083789697804406],[14.900098205022264,47.07479310094698],[14.906682430247542,47.07470235886349],[14.90694869006811,47.083698940385084]],[[14.880476282570877,47.07956136204739],[14.860592385380281,47.07532954915037],[14.860204873966753,47.061834510042],[14.886535484816442,47.061478492796184],[14.880476282570877,47.07956136204739]],[[14.926434970237542,47.07442784570967],[14.913266632921472,47.07461123562813],[14.912865739648606,47.06111637857318],[14.926030731670933,47.06093303513402],[14.926434970237542,47.07442784570967]],[[14.946187304715867,47.07414990224219],[14.933019104690842,47.0743355790305],[14.932342700619476,47.051844262105234],[14.938788255699091,47.04725339497061],[14.945368999877413,47.047160413153996],[14.946187304715867,47.07414990224219]],[[14.97896816863308,47.0691808344549],[14.97252342659591,47.07377397500162],[14.972384754259288,47.069275761078934],[14.97896816863308,47.0691808344549]],[[14.992134926534428,47.06898983791575],[14.985411795585241,47.064587327844784],[14.991994605209754,47.064491647111964],[14.992134926534428,47.06898983791575]],[[14.985411795585241,47.064587327844784],[14.978689779523096,47.06018441956164],[14.985272055421277,47.06008912794393],[14.985411795585241,47.064587327844784]],[[14.87271923641516,47.03916558751334],[14.866268954996182,47.04375270827026],[14.866139358695232,47.039254363782575],[14.87271923641516,47.03916558751334]],[[14.85285107704903,47.034932413376026],[14.839692282777968,47.0351072847816],[14.839564957758077,47.03060890897736],[14.852594221325212,47.0259356905358],[14.85285107704903,47.034932413376026]],[[14.911530898808813,47.01613346240034],[14.90508676414638,47.02072278852801],[14.9049539382538,47.016224485607],[14.911530898808813,47.01613346240034]]],[[[15.6707610416424,47.37216284437801],[15.664339757486383,47.37679487893744],[15.670960019069387,47.37665990390058],[15.6707610416424,47.37216284437801]]],[[[15.664339757486383,47.37679487893744],[15.65791734622818,47.38142655006485],[15.664538205220293,47.38129194678403],[15.664339757486383,47.37679487893744]]],[[[15.615456119139742,47.47230051458525],[15.609017768228044,47.476929373163756],[15.615650753590476,47.47679760152249],[15.615456119139742,47.47230051458525]]],[[[15.423599654361034,47.65597950839942],[15.417121879806869,47.66059740960195],[15.423778533858076,47.660476747765934],[15.423599654361034,47.65597950839942]]],[[[15.62405158003566,47.67016848516303],[15.623659471830752,47.661174673528464],[15.61700320981171,47.661306903073836],[15.61778528096519,47.67929455160385],[15.63149584807906,47.688023367562394],[15.630708948084493,47.67003584796188],[15.62405158003566,47.67016848516303]]],[[[15.571366166749602,47.68470665948488],[15.564897862274574,47.68933284525338],[15.571557809835253,47.68920363186226],[15.571366166749602,47.68470665948488]]],[[[15.51827731784765,47.69022654685926],[15.504770932715163,47.68598134091985],[15.49866743517023,47.69959794701382],[15.518651574669185,47.699220649825406],[15.51827731784765,47.69022654685926]]],[[[15.492190885400964,47.70422002818072],[15.491451500439611,47.68623165225471],[15.471289058704572,47.68210709062527],[15.465359901527275,47.70021906521379],[15.492190885400964,47.70422002818072]]],[[[15.545675595201825,47.707706186520305],[15.551387936898537,47.68509311066147],[15.531221225343868,47.680979050780145],[15.525688417062486,47.70808817450201],[15.545675595201825,47.707706186520305]]],[[[15.591730842178949,47.69331061354066],[15.592311202503977,47.70680138653224],[15.612297395701562,47.70640783184992],[15.611711900258658,47.69291715878079],[15.591730842178949,47.69331061354066]]],[[[15.626014138119048,47.71513724622271],[15.639537830950095,47.71936818730249],[15.645805132787592,47.710241021341766],[15.665792229014876,47.70983817981771],[15.665192938341852,47.69634779274861],[15.62562135733074,47.70614353436564],[15.626014138119048,47.71513724622271]]],[[[15.412244269863523,47.70569001732311],[15.405759355487683,47.71030722617879],[15.412422345106666,47.710187223184256],[15.412244269863523,47.70569001732311]]],[[[15.425569015615135,47.7054488748884],[15.426106758902472,47.71894041600001],[15.446098785601812,47.7185757178819],[15.445555903581294,47.7050842693731],[15.425569015615135,47.7054488748884]]],[[[15.519962484622202,47.730699850397514],[15.526064072449405,47.71708221560199],[15.51255014034394,47.712837949786596],[15.506631763222858,47.730951916689186],[15.519962484622202,47.730699850397514]]],[[[15.639735447588032,47.723865007819214],[15.633268346926966,47.728494992044666],[15.639933098119915,47.728361823122874],[15.639735447588032,47.723865007819214]]],[[[15.440156799700228,47.73668623700819],[15.440698618979454,47.750177607678715],[15.467370344624527,47.74968719626723],[15.467004527310687,47.74069303745471],[15.473671237165217,47.74056949078266],[15.440156799700228,47.73668623700819]]],[[[15.398452114385918,47.863452710109996],[15.391946376663169,47.86806896923704],[15.398629534265869,47.867949774299696],[15.398452114385918,47.863452710109996]]],[[[15.57925588963003,47.86908209161641],[15.572765433158981,47.87370851761671],[15.57944888082274,47.87357885871062],[15.57925588963003,47.86908209161641]]],[[[15.423887404970085,47.998001106579935],[15.417367133618347,48.00261860854498],[15.42406747577311,48.00249794701965],[15.423887404970085,47.998001106579935]]],[[[15.471337314720808,48.01063597468286],[15.458300863456417,48.019875909416065],[15.47170576063511,48.01962946217257],[15.471337314720808,48.01063597468286]]],[[[15.420243244472125,48.07456726544794],[15.427675423585935,48.09243327514665],[15.434387301795098,48.09231202052633],[15.434931307773207,48.10580203795404],[15.461969177003516,48.10980962712756],[15.461601775298917,48.10081638755417],[15.454888864096237,48.10093921660404],[15.460867352582454,48.082829818712014],[15.420243244472125,48.07456726544794]]],[[[15.488639105011668,48.10481776833912],[15.482111197466205,48.10943874635259],[15.488825140331462,48.109314342385716],[15.488639105011668,48.10481776833912]]],[[[15.415149712774266,48.115158097703734],[15.408613984125141,48.11977492129065],[15.415329433732865,48.119654770815174],[15.415149712774266,48.115158097703734]]],[[[15.576684346249696,48.12115099324522],[15.577265557722706,48.13464018080134],[15.58398252067495,48.13451027180478],[15.58339956914667,48.1210211172799],[15.576684346249696,48.12115099324522]]],[[[15.442555096128803,48.128163524078374],[15.442919397613128,48.13715673470422],[15.456354593726127,48.13691207614656],[15.456171266674241,48.13241549541535],[15.442555096128803,48.128163524078374]]],[[[15.483038956741217,48.13192155546442],[15.483410285008597,48.140914625461164],[15.496846259060822,48.140665281102315],[15.496472609659026,48.13167225337572],[15.483038956741217,48.13192155546442]]],[[[15.43711015430517,48.159761423587135],[15.43765557269133,48.173251095203284],[15.444377864009995,48.17312926642515],[15.44383070263199,48.15963962579071],[15.43711015430517,48.159761423587135]]],[[[15.451283155196037,48.17750356932912],[15.444742796051127,48.18212232054152],[15.451466218291262,48.18200008204137],[15.451283155196037,48.17750356932912]]],[[[15.474041697560637,48.24008455276683],[15.460948092478013,48.24932401411642],[15.474412240405632,48.24907727820744],[15.474041697560637,48.24008455276683]]],[[[15.340459938580585,48.26946067839099],[15.33389812449948,48.27407301827901],[15.340633719512077,48.273957197936234],[15.340459938580585,48.26946067839099]]],[[[15.509390368704485,48.279927523512335],[15.50284226907913,48.28454935660483],[15.509578831021958,48.28442376098963],[15.509390368704485,48.279927523512335]]],[[[15.503030180430773,48.289045596088016],[15.496480362449367,48.29366705395318],[15.503218124365326,48.293541826897695],[15.503030180430773,48.289045596088016]]],[[[15.3751951904072,48.29585447080777],[15.375548984926104,48.30484729863025],[15.38228848426631,48.304729069567315],[15.381933521646308,48.29573626179909],[15.3751951904072,48.29585447080777]]],[[[15.551342189027261,48.315134967933716],[15.55095782929525,48.306142735681675],[15.530359156972423,48.29753319933783],[15.53093029057818,48.31102168469696],[15.551342189027261,48.315134967933716]]],[[[15.430009056537436,48.317379479467284],[15.423449148845004,48.321996772639935],[15.430190767751325,48.321875772724226],[15.430009056537436,48.317379479467284]]],[[[15.558468269105898,48.32399874266146],[15.551918978713577,48.32862324987246],[15.558661150182886,48.32849481685156],[15.558468269105898,48.32399874266146]]],[[[15.53150172145421,48.32451009069462],[15.524949960186262,48.32913308082212],[15.531692264513058,48.32900620826043],[15.53150172145421,48.32451009069462]]],[[[15.511842929950273,48.338377928269374],[15.505287660542754,48.34299978533543],[15.512031817712357,48.34287405115501],[15.511842929950273,48.338377928269374]]],[[[15.464822034733398,48.34374599550391],[15.458261891567675,48.34836519629963],[15.465006860404426,48.34824218334811],[15.464822034733398,48.34374599550391]]],[[[15.53919937782601,48.34686328307347],[15.532645475945584,48.35148666157716],[15.539390671317147,48.351359344908595],[15.53919937782601,48.34686328307347]]],[[[15.47175179715823,48.348118780117616],[15.465191718160284,48.35273836216064],[15.471937240023227,48.352614948461266],[15.47175179715823,48.348118780117616]]],[[[15.505475996133907,48.34749590987639],[15.505852765404578,48.35648813181629],[15.512598677749605,48.35636236563367],[15.512220738260584,48.34737016502964],[15.505475996133907,48.34749590987639]]],[[[15.371811725236604,48.38140291044053],[15.365238513431976,48.38601679700862],[15.371988605476577,48.38589916843596],[15.371811725236604,48.38140291044053]]],[[[15.365767580118165,48.39950554537652],[15.365238513431976,48.38601679700862],[15.351738237568824,48.38625088240036],[15.352263787307605,48.39973969035903],[15.365767580118165,48.39950554537652]]],[[[15.662818563966635,48.393959022659914],[15.656269749922018,48.398589249614595],[15.66302077226282,48.3984547828938],[15.662818563966635,48.393959022659914]]],[[[15.636216372168436,48.40348610245643],[15.656269749922018,48.398589249614595],[15.636016473123044,48.398990306186036],[15.636216372168436,48.40348610245643]]],[[[15.447521735326793,48.41605223795668],[15.446787733967406,48.39806785884047],[15.426714812589513,48.402928694246306],[15.426351456741573,48.39393640531346],[15.406098316147014,48.39429755434296],[15.406638120642224,48.407786065651585],[15.420143763573936,48.407545629068686],[15.420506135817432,48.4165378822465],[15.447521735326793,48.41605223795668]]],[[[15.515437412140642,48.42380269502567],[15.514869073264826,48.41031479740682],[15.461029344070182,48.41580707109829],[15.468339217094462,48.429171992941455],[15.495173207937086,48.424179301560244],[15.488792770271916,48.433296024716334],[15.495548744133265,48.433171249689636],[15.496300208413807,48.45115503089337],[15.523333170698,48.450651851078],[15.54283964126364,48.432286879536086],[15.515437412140642,48.42380269502567]]],[[[15.664639704234101,48.434420523998625],[15.651329592462263,48.439184946608115],[15.664842229068208,48.4389161986196],[15.664639704234101,48.434420523998625]]],[[[15.644774020619616,48.44381443338339],[15.638217274634249,48.44844354222092],[15.644974854567407,48.448310122831664],[15.644774020619616,48.44381443338339]]],[[[15.631459659875805,48.44857657064034],[15.631859083426825,48.457567965615354],[15.638617872765106,48.45743491461714],[15.638217274634249,48.44844354222092],[15.631459659875805,48.44857657064034]]],[[[15.455749786513321,48.45189806966637],[15.449175105638018,48.45651653543425],[15.455934209608387,48.4563940538913],[15.455749786513321,48.45189806966637]]],[[[15.645376627259944,48.45730147258277],[15.638818224094262,48.46193058618797],[15.645577566022915,48.46179713282936],[15.645376627259944,48.45730147258277]]],[[[15.401860488175632,48.45736295578354],[15.402220028120247,48.46635505955915],[15.408980529163776,48.46623529532203],[15.40861981384902,48.4572432118722],[15.401860488175632,48.45736295578354]]],[[[15.652336872997017,48.4616632884044],[15.645778539742507,48.466292783285866],[15.652538434243338,48.46615892750234],[15.652336872997017,48.4616632884044]]],[[[15.50362420219769,48.46451752494172],[15.489916639149774,48.460271702090466],[15.483530817366367,48.4693879855519],[15.497052195666347,48.469138657191905],[15.50362420219769,48.46451752494172]]],[[[15.558283537714438,48.476988878110035],[15.551714835435684,48.48161305652841],[15.558476973709183,48.481484643714424],[15.558283537714438,48.476988878110035]]],[[[15.632858250474325,48.48004628176563],[15.626295837891474,48.48467464293096],[15.633058188214076,48.48454191540726],[15.632858250474325,48.48004628176563]]],[[[15.660309565229072,48.48850267128365],[15.64718633533141,48.49776205999675],[15.660714320295234,48.497493798017395],[15.660309565229072,48.48850267128365]]],[[[15.626495222364587,48.489170277908904],[15.626894095434308,48.498161517970495],[15.640221659836325,48.49340001151845],[15.640021064333965,48.4889044090608],[15.626495222364587,48.489170277908904]]],[[[15.64718633533141,48.49776205999675],[15.640622955605082,48.502391186448286],[15.647387589032508,48.50225763112022],[15.64718633533141,48.49776205999675]]],[[[15.582282600601834,48.562018528019394],[15.609174635593074,48.55699996521695],[15.64363713332466,48.56982370251607],[15.649603694319843,48.55170824443879],[15.63586097448924,48.54747973110908],[15.642430516977345,48.542850973301974],[15.635059480997008,48.52949770112036],[15.608184295031704,48.53452228034506],[15.587288813198917,48.52142812672699],[15.586308680936863,48.49894986764359],[15.579348989458216,48.494584196540885],[15.592483567916075,48.48533241187559],[15.558863946702912,48.49047614523092],[15.551714835435684,48.48161305652841],[15.538190458307875,48.48186870843475],[15.532001671558259,48.495483315093104],[15.4979929159931,48.4916179694896],[15.52561892581941,48.504601745359736],[15.526191110960301,48.518088995306194],[15.506268062417455,48.527458961909375],[15.50702463562855,48.545441867207295],[15.493859434607794,48.55468377269009],[15.501952898024298,48.58602832805344],[15.562935310984706,48.584884466586395],[15.562546919801003,48.575893393954686],[15.582282600601834,48.562018528019394]],[[15.628890545610385,48.543117113078324],[15.615747784665713,48.552372727490805],[15.615350434996769,48.54338168616419],[15.628890545610385,48.543117113078324]]],[[[15.426685794277821,48.56940022228796],[15.427232817212804,48.58288751468434],[15.434008540225516,48.58276630976321],[15.46055523543281,48.56879043283511],[15.45944435354637,48.541815878484826],[15.439683390098358,48.55567015806325],[15.378376821802066,48.54775808305543],[15.365188000125762,48.55698549268646],[15.365541840469842,48.565977275861904],[15.351818703861671,48.561715467150854],[15.352521909696334,48.57969903003776],[15.359473854969194,48.584078002191625],[15.39994959698888,48.5788726196018],[15.412956697409447,48.565145589179664],[15.426685794277821,48.56940022228796]]],[[[15.413500083890732,48.57863297429129],[15.400129608175247,48.58336841411223],[15.41368127588574,48.58312874845497],[15.413500083890732,48.57863297429129]]],[[[15.386756676435214,48.5881023158793],[15.380158444522655,48.59271659043707],[15.386935569161064,48.592598109616],[15.386756676435214,48.5881023158793]]],[[[15.380158444522655,48.59271659043707],[15.373559031223552,48.597330482437506],[15.380336777709651,48.59721238369784],[15.380158444522655,48.59271659043707]]],[[[15.37427031110421,48.61531358968517],[15.360886712061605,48.62004446072329],[15.37444820864781,48.619809339880696],[15.37427031110421,48.61531358968517]]],[[[15.415676475099554,48.632581566136864],[15.416039650223885,48.6415728483164],[15.429606560366874,48.64133134812115],[15.42942377350302,48.636835732948825],[15.415676475099554,48.632581566136864]]],[[[15.674196590195326,48.64570634024576],[15.66761677991693,48.65033663814695],[15.6744007801944,48.65020153076377],[15.674196590195326,48.64570634024576]]],[[[15.429972229838055,48.6503225458817],[15.423369897507557,48.65493910555645],[15.430155112462094,48.65481812841358],[15.429972229838055,48.6503225458817]]],[[[15.437858149488427,48.67717445521515],[15.438225515606371,48.6861654564627],[15.40409781103173,48.682273191602214],[15.404640111642511,48.695759797100344],[15.43859301011959,48.69515641317041],[15.458036978153958,48.6723123490498],[15.437858149488427,48.67717445521515]]],[[[15.356928082312,48.6920924397822],[15.370864287736365,48.70084892261988],[15.391058730353148,48.69599840062666],[15.390699536819849,48.68700730090651],[15.376763704825873,48.67825310820225],[15.356398325523019,48.678605589909345],[15.356928082312,48.6920924397822]]],[[[15.628914436092348,48.6960911341039],[15.615533307070583,48.70085085684899],[15.629114868629262,48.70058628202766],[15.628914436092348,48.6960911341039]]],[[[15.615533307070583,48.70085085684899],[15.608941162492156,48.70547772529496],[15.615732588592167,48.70534601596628],[15.615533307070583,48.70085085684899]]],[[[15.57498351315421,48.706130378642435],[15.568387044426762,48.71075495605441],[15.57517927053179,48.710625593077495],[15.57498351315421,48.706130378642435]]],[[[15.425742575092388,48.71338080662641],[15.438960633095393,48.70414732511261],[15.418585430817606,48.704510595754506],[15.425742575092388,48.71338080662641]]],[[[15.595358206214078,48.705739965301916],[15.595753314558678,48.714730316520956],[15.602545996429694,48.71459937071838],[15.602149701664965,48.70560904174116],[15.595358206214078,48.705739965301916]]],[[[15.657089141531493,48.718032715551466],[15.663475058316653,48.70890811877252],[15.629315336196694,48.70508141867309],[15.629716376459841,48.714071658016074],[15.657089141531493,48.718032715551466]]],[[[15.548010161835013,48.71114068737405],[15.548397032356878,48.720131169747376],[15.568582242727157,48.71525017015177],[15.568387044426762,48.71075495605441],[15.548010161835013,48.71114068737405]]],[[[15.629716376459841,48.714071658016074],[15.623123813162664,48.718699289506716],[15.629916949173936,48.718566760657204],[15.629716376459841,48.714071658016074]]],[[[15.595753314558678,48.714730316520956],[15.58915761075321,48.71935603904536],[15.595950920536954,48.71922547510859],[15.595753314558678,48.714730316520956]]],[[[15.370864287736365,48.70084892261988],[15.357458116890239,48.70557918929691],[15.35798842947621,48.71906583769189],[15.351194569485088,48.7191826353439],[15.365137142271815,48.72793966945359],[15.365492150124426,48.73693064640837],[15.378548437214953,48.72320858333421],[15.371576056618137,48.71883106323574],[15.378191241133335,48.71421757821625],[15.370864287736365,48.70084892261988]]],[[[15.65029614640234,48.718166816278114],[15.643704910515995,48.7227955926755],[15.650498534425807,48.72266187355648],[15.65029614640234,48.718166816278114]]],[[[15.58915761075321,48.71935603904536],[15.582560720088301,48.72398137934019],[15.589354657802867,48.72385119733773],[15.58915761075321,48.71935603904536]]],[[[15.643704910515995,48.7227955926755],[15.637112487709292,48.727423987332166],[15.643906740418286,48.72729064988931],[15.643704910515995,48.7227955926755]]],[[[15.582560720088301,48.72398137934019],[15.575962642338702,48.72860633727769],[15.58275720800213,48.728476537278034],[15.582560720088301,48.72398137934019]]],[[[15.583150286919505,48.73746681880606],[15.57655053085666,48.742091775420434],[15.583346877941072,48.741961942339785],[15.583150286919505,48.73746681880606]]],[[[15.597730930151766,48.75968138665817],[15.591129632802303,48.764307105010246],[15.597928882031958,48.764176430119434],[15.597730930151766,48.75968138665817]]],[[[15.523901244763692,48.78357275864423],[15.517290227698563,48.78819426565182],[15.524092825199373,48.78806786381252],[15.523901244763692,48.78357275864423]]],[[[15.626127704723114,48.78612461534013],[15.619525566143357,48.79075185919652],[15.6263282446292,48.790619543607036],[15.626127704723114,48.78612461534013]]],[[[15.61252350275283,48.78638883055721],[15.605920104261664,48.791015309831444],[15.612722852652846,48.790883781272306],[15.61252350275283,48.78638883055721]]],[[[15.640135261364923,48.79484862573953],[15.633533263450492,48.7994766329344],[15.640337061886997,48.799343507707725],[15.640135261364923,48.79484862573953]]],[[[15.641144617441006,48.817322916289406],[15.654960040369136,48.821550193670724],[15.661359216794207,48.81242624258498],[15.64053889774636,48.80383837777507],[15.641144617441006,48.817322916289406]]],[[[15.546048559291027,48.823646452011815],[15.53885525133721,48.81478413234655],[15.52524301249371,48.81503824609463],[15.5324340047925,48.8239013965151],[15.546048559291027,48.823646452011815]]],[[[15.5802810001041,48.827497110447894],[15.553244352554913,48.832508286332164],[15.580477684598087,48.831992009174066],[15.5802810001041,48.827497110447894]]],[[[15.526586426350075,48.84650314717874],[15.519967538322552,48.85112463690942],[15.526778477169513,48.850998084615775],[15.526586426350075,48.84650314717874]]],[[[15.349683432070313,48.854160389785555],[15.343047628104634,48.85877190128489],[15.349860002351306,48.858655583781044],[15.349683432070313,48.854160389785555]]],[[[15.541366980902616,48.8732181937185],[15.534745975616202,48.87784044116852],[15.541560428048868,48.87771303595281],[15.541366980902616,48.8732181937185]]],[[[15.330122212953457,48.87698412600862],[15.337112567631339,48.881363709906104],[15.336937037160663,48.87686855741714],[15.330122212953457,48.87698412600862]]],[[[15.344104117111824,48.88574286752468],[15.337112567631339,48.881363709906104],[15.337288128891071,48.88585885006169],[15.344104117111824,48.88574286752468]]],[[[15.556162949830798,48.899930959297414],[15.549539826947763,48.90455396411927],[15.556357796098505,48.904425705149926],[15.556162949830798,48.899930959297414]]],[[[15.508631299951773,48.90531523581438],[15.502003192127702,48.90993555364378],[15.508821995538948,48.90981004474044],[15.508631299951773,48.90531523581438]]],[[[15.386258479775067,48.91650383741919],[15.386618502771501,48.92549376624188],[15.400079549020724,48.920760766927124],[15.399898356870468,48.916265816451535],[15.386258479775067,48.91650383741919]]],[[[15.50920348712031,48.9187996248917],[15.502573685469677,48.92341993697254],[15.509394283132098,48.92329439606027],[15.50920348712031,48.9187996248917]]],[[[15.447822299093485,48.91991519474829],[15.441186816736012,48.92453205073667],[15.448007711094437,48.92441006074689],[15.447822299093485,48.91991519474829]]],[[[15.400623316341287,48.93424554265725],[15.401167370142419,48.94773020424768],[15.407991450740042,48.94761053080742],[15.407445600727266,48.93412589973332],[15.400623316341287,48.93424554265725]]],[[[15.374586995341021,48.966184481920955],[15.374945316665107,48.97517417046826],[15.381773119510909,48.9750560157669],[15.381413599279375,48.966066347308775],[15.374586995341021,48.966184481920955]]],[[[15.954993150983187,46.69074322031671],[15.942143215875682,46.695542338920966],[15.955213500263513,46.69523985466653],[15.954993150983187,46.69074322031671]]],[[[15.942143215875682,46.695542338920966],[15.935826757441518,46.7001896873494],[15.942362504078483,46.70003899976688],[15.942143215875682,46.695542338920966]]],[[[15.746477320301535,46.7088921226191],[15.746883114439767,46.71788618430621],[15.75342153921786,46.71774643069903],[15.75301464593161,46.70875239259963],[15.746477320301535,46.7088921226191]]],[[[15.903795672936003,46.714427667637096],[15.884397212686528,46.71936867802603],[15.90401181188865,46.718924407941365],[15.903795672936003,46.714427667637096]]],[[[15.9576397904949,46.74470289045647],[15.951318866557685,46.749351119281016],[15.957860585136443,46.749199534631735],[15.9576397904949,46.74470289045647]]],[[[15.866273184418729,46.75128727011489],[15.859943533389849,46.75593038809435],[15.86648631297575,46.755784091148165],[15.866273184418729,46.75128727011489]]],[[[15.767521617360268,46.73995078031472],[15.761797596029405,46.75807940488624],[15.736028369503758,46.76763221251717],[15.736432849529853,46.77662634068506],[15.749524108707428,46.77634766304188],[15.755661902224249,46.76721369849597],[15.788383768883795,46.7665086003016],[15.787764091492457,46.753017697105605],[15.767521617360268,46.73995078031472]]],[[[15.794928038201425,46.76636644446589],[15.789003759447187,46.779999508813106],[15.808849805488446,46.78406873128981],[15.808016472081924,46.766080996621824],[15.794928038201425,46.76636644446589]]],[[[15.665409990038366,46.80061794685712],[15.678705000354999,46.80484466088966],[15.678112604181008,46.79135314748591],[15.66501729791775,46.791623559356466],[15.665409990038366,46.80061794685712]]],[[[15.829329311384138,46.80162517029361],[15.829749778381649,46.81061897094707],[15.836299347394682,46.81047442083889],[15.835877777574085,46.801480644588224],[15.829329311384138,46.80162517029361]]],[[[15.936511890605557,46.84873101047822],[15.930176789133233,46.85337807564562],[15.936731333734134,46.85322771358874],[15.936511890605557,46.84873101047822]]],[[[15.744347536943577,46.95201200637683],[15.757072538322877,46.942738325544084],[15.730808097534634,46.9432959047066],[15.731618099407717,46.96128425906046],[15.744754824820024,46.9610061355421],[15.744347536943577,46.95201200637683]]],[[[15.959137023662905,47.041785987968524],[15.9595813731849,47.050779293928294],[15.97251567595574,47.04597815871876],[15.972292407531942,47.04148153087572],[15.959137023662905,47.041785987968524]]],[[[15.8290529918733,47.07622511502502],[15.822681336606536,47.08086615168226],[15.829264271386828,47.080722010156],[15.8290529918733,47.07622511502502]]],[[[15.883653657161153,47.11552948559795],[15.870694359411914,47.1203204900256],[15.88386972237508,47.12002626910702],[15.883653657161153,47.11552948559795]]],[[[15.79822727773346,47.12191144646211],[15.785258712205936,47.126692720187776],[15.798436125343798,47.12640838767195],[15.79822727773346,47.12191144646211]]],[[[15.890890705296053,47.12887212408136],[15.891324208620544,47.13786565477764],[15.911093564555493,47.13742017004548],[15.91043834157838,47.12392998442697],[15.890890705296053,47.12887212408136]]],[[[15.98290469214554,47.1222675993373],[15.983353746653922,47.131260777149556],[15.970399621656444,47.13606312385578],[15.990392809263614,47.14010048312516],[15.989492315746894,47.122114186110316],[15.98290469214554,47.1222675993373]]],[[[15.851571086224551,47.13424948880649],[15.845194429146487,47.13889177178207],[15.851784506703186,47.13874632772733],[15.851571086224551,47.13424948880649]]],[[[15.96514846445922,47.16319514566133],[15.965594852044271,47.1721883688076],[15.972188732006385,47.17203595762256],[15.971741226756867,47.16304276023121],[15.96514846445922,47.16319514566133]]],[[[15.90008934232246,47.18268496317195],[15.886681907181254,47.178484300263534],[15.880519059220086,47.18762530374869],[15.893711107615367,47.18732994626109],[15.90008934232246,47.18268496317195]]],[[[15.952851281543806,47.18148531320475],[15.946477818980446,47.18613324842682],[15.953073489588714,47.18598194361365],[15.952851281543806,47.18148531320475]]],[[[15.880519059220086,47.18762530374869],[15.87413851365386,47.19226918963682],[15.880735152304666,47.19212207102422],[15.880519059220086,47.18762530374869]]],[[[15.728596958642829,47.18641511996106],[15.73560079544866,47.19527049254645],[15.742198182602753,47.1951313912362],[15.741789529396495,47.18613734610412],[15.728596958642829,47.18641511996106]]],[[[15.881383651723352,47.20561236058381],[15.875001014452309,47.21025628794235],[15.881599891615721,47.21010911958962],[15.881383651723352,47.20561236058381]]],[[[15.67662036217191,47.205499491900746],[15.683817505390019,47.21885515827937],[15.716617192299395,47.213673758987596],[15.716010566651102,47.20018257201551],[15.696617233550592,47.209588379790226],[15.67662036217191,47.205499491900746]]],[[[15.940988122161192,47.20876742060206],[15.93416886120408,47.20442136732849],[15.920972781772141,47.20472140658562],[15.928231426420787,47.218061584538894],[15.9414307897128,47.21776070537965],[15.940988122161192,47.20876742060206]]],[[[15.888198732055976,47.20996156936588],[15.881816168233389,47.2146058764592],[15.888415568529568,47.21445831376515],[15.888198732055976,47.20996156936588]]],[[[15.829231484876491,47.22026948254606],[15.829867201053139,47.2337600292973],[15.836469133221822,47.233615473056275],[15.83583173640041,47.22012496295284],[15.829231484876491,47.22026948254606]]],[[[15.948696378516248,47.23109956522587],[15.942316576071082,47.235747248286444],[15.948918441781924,47.235596184786026],[15.948696378516248,47.23109956522587]]],[[[15.929553609192912,47.24504153774655],[15.923170444341556,47.249688143898446],[15.929774104062297,47.249538188497404],[15.929553609192912,47.24504153774655]]],[[[15.87651180148074,47.241733626718904],[15.877375915456247,47.2597206268441],[15.890585960440193,47.25942563414193],[15.890151586970902,47.25043218870787],[15.87651180148074,47.241733626718904]]],[[[15.956411142130172,47.25343114287299],[15.950029324275317,47.258079247330116],[15.95663395486042,47.25792773778395],[15.956411142130172,47.25343114287299]]],[[[15.679208036116725,47.26396203351731],[15.672800628356462,47.26859460220742],[15.679407324859582,47.26845913605387],[15.679208036116725,47.26396203351731]]],[[[15.898062361831633,47.27726437574775],[15.898498301249223,47.286257766193685],[15.905106598111905,47.28610923897967],[15.904669536072927,47.27711587364126],[15.898062361831633,47.27726437574775]]],[[[15.945199543753873,47.29420324807367],[15.945643643136046,47.303196440266156],[15.952253923938168,47.3030451851159],[15.951808701306025,47.29405201849295],[15.945199543753873,47.29420324807367]]],[[[15.668773130112708,47.32719208528185],[15.689216213626528,47.34027639498116],[15.702044414334036,47.33100912727921],[15.668773130112708,47.32719208528185]]],[[[15.71709797388401,47.37120737231139],[15.684200440437703,47.37638880442601],[15.684600751530715,47.38538286832225],[15.717706842659661,47.384698299172065],[15.710883266021096,47.380338995225635],[15.71709797388401,47.37120737231139]]],[[[15.852481728803506,47.43132807758859],[15.84606922076929,47.43597026128225],[15.852696429075353,47.43582477052442],[15.852481728803506,47.43132807758859]]],[[[15.98704208819625,47.46880581437157],[15.979734026165971,47.45546979517504],[15.926698399128046,47.45668178541813],[15.941959299570287,47.49684953082001],[15.961862983817365,47.49639526423666],[15.961190295605968,47.48290593327895],[15.981088544113428,47.48244832764695],[15.980636884019797,47.47345549853631],[15.974005303797025,47.47360839168814],[15.98704208819625,47.46880581437157]],[[15.954557469449334,47.48305770087191],[15.954110332898848,47.47406476869278],[15.960742028140277,47.473913026769665],[15.961190295605968,47.48290593327895],[15.954557469449334,47.48305770087191]],[[15.954110332898848,47.47406476869278],[15.947255653786854,47.46971964229981],[15.953886821852368,47.46956829692682],[15.954110332898848,47.47406476869278]]],[[[15.85613662015562,47.507771361644735],[15.849715123008288,47.51241369128913],[15.856351944247697,47.512267991188914],[15.85613662015562,47.507771361644735]]],[[[15.84286407348043,47.50806235316931],[15.836441370582353,47.51270393930499],[15.843078265087664,47.51255900732886],[15.84286407348043,47.50806235316931]]],[[[15.921825826642381,47.62784737341141],[15.915395456921994,47.63249327076443],[15.922047266351502,47.6323437731624],[15.921825826642381,47.62784737341141]]],[[[15.776744034305732,47.65802708289458],[15.77029713902155,47.66266482523517],[15.776953173721239,47.66252372474215],[15.776744034305732,47.65802708289458]]],[[[15.803999897067072,47.67094864394101],[15.810868987020001,47.6753021603402],[15.810656890985205,47.67080559341472],[15.803999897067072,47.67094864394101]]],[[[15.850598088151877,47.66993920073826],[15.811081119396405,47.67979872230009],[15.857687031533617,47.67878641128901],[15.850598088151877,47.66993920073826]]],[[[15.905832955731693,47.70922980369073],[15.892071275068764,47.70053376895363],[15.885848021843714,47.70967431658063],[15.905832955731693,47.70922980369073]]],[[[15.879404431851375,47.71431811485565],[15.879840803554576,47.72331089567567],[15.88650423531511,47.72316345823284],[15.886066722164347,47.71417070236935],[15.879404431851375,47.71431811485565]]],[[[15.879840803554576,47.72331089567567],[15.873395005473894,47.727954342485475],[15.880059045533692,47.727807278175014],[15.879840803554576,47.72331089567567]]],[[[15.826959396574162,47.733469471107476],[15.81320444400455,47.724764062687115],[15.80696456591312,47.73390028853608],[15.826959396574162,47.733469471107476]]],[[[15.800722512415865,47.74303615583178],[15.80696456591312,47.73390028853608],[15.780094569319084,47.72997275174728],[15.787390085925503,47.74332071585935],[15.800722512415865,47.74303615583178]]],[[[15.9749363517376,47.75718117292357],[15.961826703654,47.7619820802327],[15.962277621486187,47.770974437965414],[15.988954423374828,47.77036329939149],[15.994254092999062,47.743232798854294],[15.968042912986167,47.75283754603375],[15.9749363517376,47.75718117292357]]],[[[15.728213603558263,47.76256866527385],[15.715897406944325,47.78532798097727],[15.70275703986002,47.79009935654914],[15.742790987190338,47.78927043573497],[15.748220014754638,47.762151520996916],[15.728213603558263,47.76256866527385]]],[[[15.942717254629075,47.78042115220456],[15.949836712201293,47.789262442573815],[15.956508336254592,47.789110957286006],[15.956058252886358,47.78011861889312],[15.942717254629075,47.78042115220456]]],[[[15.950735053204058,47.80724710188227],[15.951184455184418,47.81623939670646],[15.964308668677143,47.811439767171464],[15.964082841729342,47.806943642526676],[15.950735053204058,47.80724710188227]]],[[[15.947209253692527,47.87034818476061],[15.940751273783352,47.87499523737546],[15.947433897291729,47.87484428511163],[15.947209253692527,47.87034818476061]]],[[[15.833371907562857,48.007892883016304],[15.826886752756314,48.012533367940684],[15.833587327099044,48.012389009807514],[15.833371907562857,48.007892883016304]]],[[[15.820400443486617,48.01717348253296],[15.826886752756314,48.012533367940684],[15.82018614136466,48.012677338365066],[15.820400443486617,48.01717348253296]]],[[[15.820400443486617,48.01717348253296],[15.813912979535905,48.02181322666727],[15.82061478256991,48.02166961962155],[15.820400443486617,48.01717348253296]]],[[[15.828176585313136,48.03951005298916],[15.82168703274095,48.044150197898254],[15.828391687230265,48.04400614205649],[15.828176585313136,48.03951005298916]]],[[[15.888952235919445,48.04718815310232],[15.935661043610684,48.04164849111616],[15.956451430698895,48.05468288538173],[15.955546877186348,48.03669952547314],[15.881807853968018,48.038343739564624],[15.882247341161134,48.047335712779386],[15.862132429752775,48.047776064122694],[15.855862398236155,48.056914115450034],[15.869274764628326,48.056621662186565],[15.869712242256895,48.06561362672388],[15.876419525417123,48.06546679318049],[15.888952235919445,48.04718815310232]]],[[[15.769939209312131,48.085754129102924],[15.7762277880305,48.07662082258498],[15.803489614041558,48.085044947720284],[15.797842868731786,48.1076678654773],[15.784205384630514,48.10345597676315],[15.771201333846435,48.11273076046628],[15.77183288689153,48.1262189731664],[15.765117482345469,48.126359752012256],[15.772254104197264,48.13521107631272],[15.785687123624287,48.134928305016686],[15.798055631439974,48.11216390368484],[15.817767004183475,48.102742671093615],[15.810840906319438,48.098390079752264],[15.809985885018316,48.08040588730806],[15.829683078552693,48.070982523275404],[15.80934500648368,48.066917664465336],[15.808491017869056,48.04893326409618],[15.794868045613505,48.04472254181642],[15.768258409434473,48.04978486896914],[15.76867839182562,48.058777228151754],[15.74897478463433,48.06819026511705],[15.66787252881925,48.056349128265126],[15.675387026069762,48.074199288029696],[15.668879548114266,48.07883081098215],[15.642041080587111,48.079367778877476],[15.634735742434986,48.06601189223266],[15.614611636588455,48.06640927567299],[15.615005220088957,48.075402122400575],[15.608295959292562,48.07553382953959],[15.635728638958259,48.08849378521674],[15.6300086011086,48.11110845351526],[15.643635584553573,48.11533844838928],[15.677409119287566,48.119162054600494],[15.683312253528209,48.10104138012102],[15.70995634188191,48.09599864775411],[15.717490999718716,48.11384582776502],[15.710982311760914,48.11847964780509],[15.731332841943269,48.12256168346202],[15.725237394594082,48.13618853402308],[15.745179322306841,48.13127586016034],[15.738255502266936,48.12691898174957],[15.737010109460188,48.09994213154963],[15.730298001837616,48.100080896970425],[15.736387896964604,48.08645360392504],[15.769939209312131,48.085754129102924]],[[15.72296712068652,48.086730675930795],[15.716462310368485,48.09136484807951],[15.716256679088287,48.08686862950939],[15.72296712068652,48.086730675930795]],[[15.782514161105619,48.0674871460129],[15.776017054998889,48.0721246880433],[15.775806358345667,48.06762854609565],[15.782514161105619,48.0674871460129]]],[[[15.838119733934423,48.10680599999951],[15.857821822354502,48.097377944597895],[15.830975808208986,48.0979586375342],[15.838119733934423,48.10680599999951]]],[[[15.965654166849214,48.10398451871371],[15.958942175514627,48.104136512928555],[15.958262412238515,48.0906492503499],[15.890937012213257,48.0876515561172],[15.898311089118296,48.10099112429146],[15.911734572579316,48.1006937630028],[15.925605403606221,48.10938646170453],[15.926053059573146,48.11837804426572],[15.953587252266592,48.13126251342652],[15.973733655930946,48.13080629885232],[15.965654166849214,48.10398451871371]],[[15.925381633619399,48.104890658883356],[15.95223014503213,48.10428811880652],[15.95245623188618,48.10878387056012],[15.932542556893718,48.11373217890758],[15.925381633619399,48.104890658883356]]],[[[15.886871130406645,48.14174962930153],[15.880374057732059,48.14639289192585],[15.88709172956386,48.146245445539705],[15.886871130406645,48.14174962930153]]],[[[15.82684673723336,48.15205439018151],[15.827493206168942,48.16554210148515],[15.860657485023678,48.15582460738292],[15.853285292468204,48.14248291231913],[15.83313333736434,48.142918218328155],[15.833565290849855,48.1519100410286],[15.82684673723336,48.15205439018151]]],[[[15.800824895556234,48.17061169305556],[15.787170656538523,48.16640025114938],[15.781084709897092,48.18002980873558],[15.79452926605023,48.179746019738005],[15.794103834392656,48.17075414681753],[15.800824895556234,48.17061169305556]]],[[[15.735065681563382,48.2034908948051],[15.728547327870189,48.208125544478],[15.73527340256178,48.20798688562713],[15.735065681563382,48.2034908948051]]],[[[15.737560708887106,48.25744223489791],[15.731035799963006,48.262076925042024],[15.737768862009133,48.261938125033325],[15.737560708887106,48.25744223489791]]],[[[15.806167943106285,48.28300742314153],[15.799645951293497,48.2876459099863],[15.806382146662383,48.28750314183796],[15.806167943106285,48.28300742314153]]],[[[15.739018538563164,48.288913284839936],[15.73943538633371,48.297904935148225],[15.752701125284064,48.293130180133694],[15.752491552415979,48.28863437424992],[15.739018538563164,48.288913284839936]]],[[[15.706157539433073,48.307587240097746],[15.699623510822219,48.31222007283736],[15.706363170040653,48.31208309297519],[15.706157539433073,48.307587240097746]]],[[[15.922461624697748,48.316484764397146],[15.922910523638436,48.32547562910421],[15.929651288177268,48.32532573189259],[15.929201221188011,48.31633489260935],[15.922461624697748,48.316484764397146]]],[[[15.760910276783385,48.3244604391756],[15.754379017219637,48.329096309086275],[15.761120724946736,48.328956162218404],[15.760910276783385,48.3244604391756]]],[[[15.870302590964734,48.353633747292996],[15.877488505541615,48.36247779045519],[15.890979890744338,48.362182865770016],[15.890536216862811,48.353192020600886],[15.870302590964734,48.353633747292996]]],[[[15.962083154293587,48.432608204081404],[15.9555562912752,48.4372551124174],[15.962311532816571,48.43710333380398],[15.962083154293587,48.432608204081404]]],[[[15.941819070703005,48.43306232902125],[15.948801010131245,48.43740650024221],[15.948573804757645,48.43291134479903],[15.941819070703005,48.43306232902125]]],[[[15.95578412283357,48.441750245283345],[15.948801010131245,48.43740650024221],[15.949028255007997,48.44190164595322],[15.95578412283357,48.441750245283345]]],[[[15.9422723476713,48.44205265579799],[15.942725782286255,48.4510429435386],[15.949482863312197,48.450891908066126],[15.949028255007997,48.44190164595322],[15.9422723476713,48.44205265579799]]],[[[15.834389847359374,48.44891100767366],[15.827849455188806,48.45355073699189],[15.834607192669491,48.453406347176376],[15.834389847359374,48.44891100767366]]],[[[15.861637763573889,48.452824878476584],[15.855099322463069,48.4574661248121],[15.861857495261598,48.45732015884291],[15.861637763573889,48.452824878476584]]],[[[15.84136489235024,48.45326156641387],[15.834824575781782,48.457901676883914],[15.84158286262124,48.457756883835835],[15.84136489235024,48.45326156641387]]],[[[15.929437104471644,48.45583899648984],[15.92290437296723,48.46048402955512],[15.929662746135477,48.46033414134261],[15.929437104471644,48.45583899648984]]],[[[15.855099322463069,48.4574661248121],[15.848559706984686,48.462106995088284],[15.855318505139614,48.46196140773646],[15.855099322463069,48.4574661248121]]],[[[15.862077265169042,48.46181542938105],[15.855537725943915,48.46645668080574],[15.862297073306193,48.466310690062784],[15.862077265169042,48.46181542938105]]],[[[15.848559706984686,48.462106995088284],[15.835259455452302,48.46689230680109],[15.8487783404462,48.46660228051192],[15.848559706984686,48.462106995088284]]],[[[15.92380498267518,48.478464560878926],[15.92425552261585,48.48745476677226],[15.937779279486701,48.48715444651531],[15.937552814443766,48.482659374056574],[15.92380498267518,48.478464560878926]]],[[[15.90352257984635,48.478912031532346],[15.904416762800752,48.49689255508887],[15.9111799540535,48.49674373880751],[15.910283419804884,48.47876326575689],[15.90352257984635,48.478912031532346]]],[[[15.931243337327091,48.49179987740651],[15.924706219390012,48.49644493251984],[15.931469293269542,48.49629494252014],[15.931243337327091,48.49179987740651]]],[[[15.891557780325638,48.51067437622947],[15.885014702615246,48.51531716935996],[15.89178036337205,48.5151694766985],[15.891557780325638,48.51067437622947]]],[[[15.715446361056241,48.50989143497629],[15.715860887017875,48.518882276246586],[15.722627483444075,48.51874436925929],[15.72221178026465,48.509753551396294],[15.715446361056241,48.50989143497629]]],[[[15.716482946726092,48.53236846182696],[15.730228240147158,48.53658753732529],[15.729602538310983,48.52310145276174],[15.716068204142422,48.52337768164483],[15.716482946726092,48.53236846182696]]],[[[15.97641469290988,48.58078960827863],[15.969870361634927,48.58543698510066],[15.976644977169844,48.585284388944594],[15.97641469290988,48.58078960827863]]],[[[15.956549564804146,48.590235810533265],[15.969870361634927,48.58543698510066],[15.956321010524285,48.58574100176952],[15.956549564804146,48.590235810533265]]],[[[15.747969284188597,48.62621402835354],[15.741398598734587,48.63084851100821],[15.748179835372428,48.630709134155296],[15.747969284188597,48.62621402835354]]],[[[15.76195396881293,48.634924274750176],[15.735036172645994,48.63997772179321],[15.762165776280373,48.63941933499968],[15.76195396881293,48.634924274750176]]],[[[15.775943384071665,48.64363281291836],[15.762589502143806,48.64840942266555],[15.776156448646962,48.64812782736009],[15.775943384071665,48.64363281291836]]],[[[15.681184744822176,48.65006603092756],[15.674605005845253,48.65469671030573],[15.681389562280906,48.654561198963016],[15.681184744822176,48.65006603092756]]],[[[15.675831108960942,48.68166755548122],[15.669246846730598,48.68629785660258],[15.676035584435876,48.68616265740115],[15.675831108960942,48.68166755548122]]],[[[15.85252992326274,48.68250964260595],[15.845961472143623,48.68714984433711],[15.852749839825583,48.687004423083735],[15.85252992326274,48.68250964260595]]],[[[15.778289141924914,48.6930773624646],[15.771286921437289,48.688723560885315],[15.771499765832734,48.69321847610324],[15.778289141924914,48.6930773624646]]],[[[15.696814196987864,48.69474480440027],[15.690230149787062,48.69937625007771],[15.697020558164505,48.69923983797602],[15.696814196987864,48.69474480440027]]],[[[15.710601266627544,48.698965835344545],[15.704017920636582,48.703598043730516],[15.710808849691393,48.703460834358474],[15.710601266627544,48.698965835344545]]],[[[15.778929676736695,48.706562004399295],[15.779356886555021,48.71555170893313],[15.786149189872383,48.71541014245209],[15.785720793936164,48.70642046196289],[15.778929676736695,48.706562004399295]]],[[[15.82668444464012,48.710057730992474],[15.820110142696596,48.71469641655864],[15.82690221978459,48.71455249270453],[15.82668444464012,48.710057730992474]]],[[[15.833694258805544,48.714408175966064],[15.82712003299834,48.71904724299092],[15.833912665164187,48.71890291399496],[15.833694258805544,48.714408175966064]]],[[[15.779356886555021,48.71555170893313],[15.765984642459607,48.72032852227587],[15.779570547476679,48.72004654408853],[15.779356886555021,48.71555170893313]]],[[[15.969757152961085,48.71593382637444],[15.95663169762448,48.72522679577519],[15.970217807966138,48.724922763662946],[15.969757152961085,48.71593382637444]]],[[[15.841143373005375,48.72774760916338],[15.834568113376724,48.73238705923806],[15.841362487387778,48.73224230044768],[15.841143373005375,48.72774760916338]]],[[[15.929685825254197,48.73032467333213],[15.923118231898973,48.734969070607065],[15.929912693166042,48.73481919019547],[15.929685825254197,48.73032467333213]]],[[[15.788078826416337,48.75586313618657],[15.78149517790939,48.76049954205933],[15.788293418030019,48.7603578552824],[15.788078826416337,48.75586313618657]]],[[[15.876667085284856,48.75848014377669],[15.911105906910715,48.76672921119306],[15.910655219566426,48.757740252872985],[15.876667085284856,48.75848014377669]]],[[[15.87031289891885,48.767616051354835],[15.876889438796473,48.76297469166339],[15.870091100725853,48.763121502741896],[15.87031289891885,48.767616051354835]]],[[[15.863292723855736,48.76326792058864],[15.85671491800406,48.767908518655815],[15.863513927814411,48.767762481639544],[15.863292723855736,48.76326792058864]]],[[[15.84991586959158,48.76805416240043],[15.84333624227247,48.77269399926763],[15.850135923551797,48.772548736458845],[15.84991586959158,48.76805416240043]]],[[[15.741125929793553,48.770330974743395],[15.727735869331761,48.77510328774299],[15.741336472664267,48.77482574222214],[15.741125929793553,48.770330974743395]]],[[[15.836536522588494,48.77283886876487],[15.836974367934191,48.78182803076071],[15.843775276686767,48.78168313664824],[15.84333624227247,48.77269399926763],[15.836536522588494,48.77283886876487]]],[[[15.776191769566248,48.792103708388794],[15.762799290617654,48.796879955797124],[15.776405471864607,48.79659835714355],[15.776191769566248,48.792103708388794]]],[[[15.926290234342106,48.797891255674834],[15.926744012320595,48.80687994938209],[15.960533578924835,48.801631316015836],[15.953271906126945,48.79279434619891],[15.946469840744687,48.79294557250512],[15.946927108742972,48.80193421351306],[15.926290234342106,48.797891255674834]]],[[[15.87186657357538,48.799077560443],[15.865284953832214,48.80371854392125],[15.872088682549444,48.80357201408744],[15.87186657357538,48.799077560443]]],[[[15.78342284122441,48.8009515923673],[15.770028726449763,48.80572863889469],[15.783637213563445,48.80544620523111],[15.78342284122441,48.8009515923673]]],[[[15.770028726449763,48.80572863889469],[15.763437050796568,48.81036390218405],[15.770241945721217,48.81022326377299],[15.770028726449763,48.80572863889469]]],[[[15.695179400470584,48.80725388238035],[15.68858077189266,48.8118849453059],[15.695386070697884,48.81174863685145],[15.695179400470584,48.80725388238035]]],[[[15.783851623443836,48.809940806112735],[15.777260655332993,48.814576832635574],[15.784066070875445,48.814435394983875],[15.783851623443836,48.809940806112735]]],[[[15.913135953165456,48.80717893727149],[15.913813346377308,48.82066196369998],[15.934230733215355,48.820212777083924],[15.933775526118096,48.811224181188386],[15.913135953165456,48.80717893727149]]],[[[15.702191333307137,48.8116119347492],[15.695592777123286,48.81624337932764],[15.702398635252356,48.816106665610114],[15.702191333307137,48.8116119347492]]],[[[15.777260655332993,48.814576832635574],[15.770668496303205,48.81921247747716],[15.777474544817972,48.819071421485425],[15.777260655332993,48.814576832635574]]],[[[15.859144174981555,48.81734804365314],[15.85255906104751,48.82198826630449],[15.859365248618003,48.82184247400744],[15.859144174981555,48.81734804365314]]],[[[15.770668496303205,48.81921247747716],[15.764075146126599,48.82384774050946],[15.770881827633337,48.823707066246484],[15.770668496303205,48.81921247747716]]],[[[15.757268427353692,48.82398802105528],[15.75790507055013,48.83747178631815],[15.764713576871884,48.83733147000979],[15.764075146126599,48.82384774050946],[15.757268427353692,48.82398802105528]]],[[[15.67599502420205,48.8346301463868],[15.669391141904043,48.83926005952678],[15.67620012358135,48.839124863126976],[15.67599502420205,48.8346301463868]]],[[[15.690024306670193,48.843347970259536],[15.683420568364902,48.8479786467932],[15.690230670489854,48.8478426395694],[15.690024306670193,48.843347970259536]]],[[[15.710452606873085,48.84293761996103],[15.710868948491184,48.85192687661616],[15.724699436632317,48.8561458800811],[15.751519949546001,48.84660084859917],[15.74428794643695,48.83775123747003],[15.710452606873085,48.84293761996103]]],[[[15.703850766132064,48.847569443369906],[15.697247732799777,48.852200883925875],[15.704058358838473,48.85206407724383],[15.703850766132064,48.847569443369906]]],[[[16.101028208361093,46.98439677921185],[16.09469133467672,46.989053037227244],[16.101262123968066,46.988893154958355],[16.101028208361093,46.98439677921185]]],[[[16.085270999983415,47.06131418428857],[16.08573687929214,47.070306978647736],[16.09231775215965,47.07014761471423],[16.09185075971039,47.061154847275844],[16.085270999983415,47.06131418428857]]],[[[16.033545612151414,47.08056118307396],[16.027191339114353,47.08521365815053],[16.0337742343773,47.08505768201656],[16.033545612151414,47.08056118307396]]],[[[16.066456720803053,47.079775654978725],[16.086669111480553,47.08829255092507],[16.08620291643112,47.07929976759983],[16.066456720803053,47.079775654978725]]],[[[16.007668854442933,47.090175851011594],[16.001311161791083,47.094826878103866],[16.007895325380066,47.0946723995994],[16.007668854442933,47.090175851011594]]],[[[16.001311161791083,47.094826878103866],[15.994952354604848,47.09947754878777],[16.001537113795052,47.09932343826901],[16.001311161791083,47.094826878103866]]],[[[15.988817346248577,47.10862444608837],[15.982455789871224,47.11327441499122],[15.989042297944629,47.113121027684606],[15.988817346248577,47.10862444608837]]],[[[16.07466339863021,47.11109231019066],[16.095123032005755,47.12410409799334],[16.100772594389156,47.10595877542395],[16.07466339863021,47.11109231019066]]],[[[16.022657715114256,47.1258379134616],[16.016297061543355,47.13048976873608],[16.02288560925593,47.13033442327457],[16.022657715114256,47.1258379134616]]],[[[16.076987564024467,47.15605631996822],[16.05744364836002,47.16102703401213],[16.07722019742579,47.160552711107144],[16.076987564024467,47.15605631996822]]],[[[16.05662409768358,47.273594804443995],[16.050248659751617,47.27824849929076],[16.05685551650965,47.27809119077096],[16.05662409768358,47.273594804443995]]],[[[16.044793835039627,47.30088745027831],[16.052096936099968,47.31421960005637],[16.065319593669074,47.313904387633464],[16.06462282508906,47.30041532522972],[16.044793835039627,47.30088745027831]]],[[[16.03887412119601,47.314533282225405],[16.045254937963996,47.30988024116646],[16.038644072714064,47.31003687772614],[16.03887412119601,47.314533282225405]]],[[[16.046408381986506,47.33236216890403],[16.05894005794601,47.31855854697291],[16.03933433560571,47.32352608271747],[16.046408381986506,47.33236216890403]]],[[[16.1718191939157,47.32481598577942],[16.165447728465708,47.32947608115548],[16.172060641164535,47.329312107737735],[16.1718191939157,47.32481598577942]]],[[[16.186257041082314,47.34696735964288],[16.166170630221288,47.342964470730585],[16.16027757343543,47.35661650668551],[16.18012643359951,47.35612433686312],[16.17964196175865,47.347132154031286],[16.186257041082314,47.34696735964288]]],[[[16.04941193542147,47.39081482867321],[16.04302169740467,47.39546805318051],[16.049643253591043,47.39531116481265],[16.04941193542147,47.39081482867321]]],[[[15.990953209749986,47.41469515038565],[15.984554922336727,47.41934509266611],[15.991179648577388,47.41919158790247],[15.990953209749986,47.41469515038565]]],[[[16.13691368865244,47.415717503827324],[16.13052815736343,47.42037559529199],[16.13715257609569,47.42021364411714],[16.13691368865244,47.415717503827324]]],[[[16.08392171866514,47.41700227194495],[16.0974054561589,47.42117960157212],[16.097169952774568,47.41668337960764],[16.08392171866514,47.41700227194495]]],[[[16.104266184755236,47.42551577187256],[16.0974054561589,47.42117960157212],[16.09764099969675,47.425675820037256],[16.104266184755236,47.42551577187256]]],[[[16.0190511567325,47.44555197356983],[16.01836448602784,47.43206287044647],[15.992085790067952,47.43717730318397],[15.992312422035198,47.44167372316976],[16.012194834422317,47.44121071312028],[16.0190511567325,47.44555197356983]]],[[[15.992765801952396,47.45066655234635],[15.992312422035198,47.44167372316976],[15.979057287007011,47.44198047902759],[15.979734026165971,47.45546979517504],[15.992765801952396,47.45066655234635]]],[[[15.993673025994582,47.4686521667456],[16.013794205227207,47.47268527679909],[16.01333704721146,47.463692562837096],[16.032997365974296,47.45872958094413],[16.012880045178512,47.45469983395035],[16.006934785350936,47.46834372040522],[15.993673025994582,47.4686521667456]]],[[[16.213945612168967,47.4903421868858],[16.21345413331113,47.48135032724542],[16.19331441796015,47.47735229057354],[16.192826581147234,47.468360323354155],[16.14641361643364,47.46950846419395],[16.132674898236967,47.46084082005339],[16.132197559889214,47.45184857345828],[16.112075294051692,47.447836243697836],[16.111364794215117,47.434347712477496],[16.098112207274106,47.434668246358925],[16.09242649263615,47.45281280163784],[16.073007587014015,47.46228222822622],[16.08057453015502,47.48010848814016],[16.09383865545227,47.479789985530005],[16.093367773859246,47.47079760603409],[16.119415778345985,47.4611638182217],[16.133152399491856,47.46983305162923],[16.133630063737233,47.47882526796449],[16.160156855222297,47.47817444842046],[16.173904615974198,47.486838771729616],[16.174389392972575,47.4958307913609],[16.15496937041761,47.505314036764325],[16.155932960403327,47.52329816167983],[16.149536059652437,47.52795723097909],[16.17560205994728,47.51831077023009],[16.187413359773647,47.49100545313455],[16.213945612168967,47.4903421868858]]],[[[16.00830356900025,47.49532187223777],[16.007847152013213,47.48632917035923],[15.987721216640713,47.48229502482958],[15.98862726238513,47.50028058493092],[16.00830356900025,47.49532187223777]]],[[[16.08861682868791,47.50692655466326],[16.121555641885468,47.50162898478497],[16.114446254885483,47.49279777182736],[16.08814659622609,47.49793419513852],[16.08861682868791,47.50692655466326]]],[[[16.081512251306282,47.49809330838938],[16.075111830902827,47.502748246403556],[16.08174678166706,47.502589503607155],[16.081512251306282,47.49809330838938]]],[[[16.08885200514821,47.511422728406245],[16.06871027878042,47.50740282333014],[16.06254054694593,47.51655326239153],[16.08245061308852,47.51607806519074],[16.08885200514821,47.511422728406245]]],[[[16.149536059652437,47.52795723097909],[16.136260134272867,47.52828217549216],[16.136738859992498,47.53727428736798],[16.143377976046057,47.537111979694075],[16.149536059652437,47.52795723097909]]],[[[16.036916380251107,47.53516654733961],[16.037147265028068,47.53966280320918],[16.050426664365165,47.539349328727454],[16.02981666978837,47.52633014442006],[16.03027718800473,47.535322695079],[16.036916380251107,47.53516654733961]]],[[[16.017227870364184,47.5401301334527],[16.03027718800473,47.535322695079],[16.016769539928973,47.53113753848018],[16.017227870364184,47.5401301334527]]],[[[16.037147265028068,47.53966280320918],[16.030737863616825,47.54431522903211],[16.03737818926066,47.544159054873326],[16.037147265028068,47.53966280320918]]],[[[16.203863558338107,47.54912164446137],[16.183455198085312,47.54062601964252],[16.177301534539783,47.549782566719365],[16.203863558338107,47.54912164446137]]],[[[16.170660924565908,47.549946836741725],[16.164262087588128,47.55460670418221],[16.17090330580845,47.554442804520285],[16.170660924565908,47.549946836741725]]],[[[16.15786211684568,47.559266210717226],[16.164262087588128,47.55460670418221],[16.157620828037313,47.55477021958415],[16.15786211684568,47.559266210717226]]],[[[16.118486191107735,47.56923144956892],[16.119200340199974,47.58271961706365],[16.125845249156274,47.582558325449824],[16.12512939790268,47.56907019888418],[16.118486191107735,47.56923144956892]]],[[[16.211979282126254,47.57593069104521],[16.165229758673792,47.572590587058606],[16.160519018357633,47.60872181880692],[16.179976248918777,47.599237815922685],[16.185647581547478,47.58108939992762],[16.211979282126254,47.57593069104521]]],[[[16.054842552145146,47.62477685534696],[16.054377045745312,47.615784561312516],[15.994759294776085,47.62168137483381],[16.002322640426872,47.63951225677486],[16.016086572261017,47.648195222259346],[16.042700359659833,47.647571618728534],[16.061726358070555,47.6291154153465],[16.075028224065,47.62879910098335],[16.054842552145146,47.62477685534696]]],[[[16.16862182522439,47.63553360449014],[16.155560289519737,47.640356670926124],[16.16886442677752,47.64002949890427],[16.16862182522439,47.63553360449014]]],[[[16.19077628782822,47.67550249774921],[16.17129272848401,47.68498817071316],[16.191265698459244,47.684494108222694],[16.19077628782822,47.67550249774921]]],[[[16.15773532874491,47.680819747507584],[16.151319383756537,47.68547876637907],[16.15797720680923,47.68531561969909],[16.15773532874491,47.680819747507584]]],[[[16.16779059329856,47.743597768151616],[16.161367856480723,47.74825727772149],[16.16803362361867,47.74809355195547],[16.16779059329856,47.743597768151616]]],[[[16.12827804392989,47.753565982424],[16.134464197901067,47.744412471326775],[16.107564489665307,47.74056137939457],[16.11494483005994,47.753888447464306],[16.12827804392989,47.753565982424]]],[[[16.161367856480723,47.74825727772149],[16.154943977498288,47.75291642377652],[16.161610357367792,47.752753069850506],[16.161367856480723,47.74825727772149]]],[[[16.184787848870407,47.810704933381054],[16.190725624800404,47.797052851510564],[16.17070971130473,47.79754680247915],[16.171684087712137,47.81552962943886],[16.184787848870407,47.810704933381054]]],[[[16.192443244955342,47.82852244350349],[16.19293437304696,47.83751370157532],[16.199611413109036,47.837348153139686],[16.19911913922541,47.828356923096926],[16.192443244955342,47.82852244350349]]],[[[16.006886448602785,47.859980345091955],[16.020478309351443,47.86416636969731],[16.019785794689174,47.850678441200415],[16.03267297706819,47.841370964576775],[16.0460289886922,47.84105802587923],[16.053181820042113,47.849896945856585],[16.066305177153946,47.845085747001235],[16.03197760279324,47.8278830887975],[16.02460795900939,47.81455096981185],[15.997909051775755,47.81517035020521],[15.99169065713947,47.82431634611618],[16.005271979725954,47.82850417172603],[16.006886448602785,47.859980345091955]],[[16.02483901847313,47.81904696546287],[16.0183943045502,47.823698405913255],[16.018163778216667,47.81920240302272],[16.02483901847313,47.81904696546287]]],[[[16.146443658513004,47.84316163017084],[16.14000675664598,47.84781984472714],[16.146685310614433,47.84765736280606],[16.146443658513004,47.84316163017084]]],[[[16.06653994975644,47.849581642565035],[16.073689767412986,47.85841515718566],[16.080369878303966,47.85825651257626],[16.079897918046914,47.84926479351239],[16.06653994975644,47.849581642565035]]],[[[15.981301577980418,47.88307577701581],[15.9882133217584,47.8874184829927],[15.987985116443896,47.88292247885245],[15.981301577980418,47.88307577701581]]],[[[15.995126214167655,47.89176076989575],[15.9882133217584,47.8874184829927],[15.988441566331959,47.89191448080188],[15.995126214167655,47.89176076989575]]],[[[16.057159613071633,47.92632666500522],[16.069831008555614,47.912523524769476],[16.04976964114111,47.912996460410085],[16.057159613071633,47.92632666500522]]],[[[15.976208218368848,47.91470076510735],[15.942994090720353,47.91995602099585],[15.923820056102162,47.93839122482816],[15.944341634901743,47.946932180126176],[15.97110868766026,47.94632522915629],[16.010797245593498,47.93641141981686],[16.01194965944801,47.95889078852554],[16.059035546371703,47.96229294053021],[16.044481518089697,47.940128357942235],[16.031332259846277,47.94493693987176],[16.023714773290802,47.92710928626303],[15.99718735732708,47.9322243434708],[15.983351668004763,47.92353970091242],[15.995583970145642,47.900752720371415],[15.976208218368848,47.91470076510735]],[[15.98380767496121,47.93253161263601],[15.970654747181353,47.937333305367055],[15.963285301625845,47.92399762402316],[15.983351668004763,47.92353970091242],[15.98380767496121,47.93253161263601]]],[[[16.133384414485814,47.97402272298115],[16.153468473094197,47.973535281919375],[16.152982876473377,47.96454417466596],[16.132902273602113,47.965031533156626],[16.133384414485814,47.97402272298115]]],[[[16.1066050885808,47.97466722182953],[16.100148406009893,47.97932303091813],[16.10684391676171,47.979162860977866],[16.1066050885808,47.97466722182953]]],[[[16.187924285651004,47.99069698720656],[16.17526516560433,48.00451271976031],[16.188908183293034,48.00867872787807],[16.187924285651004,47.99069698720656]]],[[[16.041286213604383,48.00772162173113],[16.034819607464595,48.01237373475516],[16.041519561003522,48.01221734601214],[16.041286213604383,48.00772162173113]]],[[[16.162111748109094,48.009336066217465],[16.169299662136684,48.018163224162976],[16.175999945900276,48.017999055545914],[16.175510050142694,48.00900817217945],[16.162111748109094,48.009336066217465]]],[[[16.08770606871133,47.99762485804821],[16.081955283619273,48.01576651028624],[16.088655530412627,48.01560739468296],[16.08936805656512,48.02909422209562],[16.123117809278227,48.03278815254057],[16.136039161914507,48.02347376650337],[16.108756024745293,48.015127722018676],[16.107799641159087,47.99714534790285],[16.08770606871133,47.99762485804821]]],[[[16.01610658025268,48.039815087200516],[15.988834134426673,48.031440847882806],[15.989521039001119,48.04492820666625],[16.016800655727806,48.05330224528711],[16.01749509061434,48.06678933707005],[16.051264165507664,48.070504154332596],[16.04362149959231,48.052678540746534],[16.030211157922523,48.05299116889353],[16.01610658025268,48.039815087200516]]],[[[16.004541803018572,48.076090350164804],[16.010788045260888,48.066944332746445],[15.983959466206228,48.06756043494732],[15.98441683888618,48.076551922956],[16.004541803018572,48.076090350164804]]],[[[16.06467888957602,48.07018909183925],[16.058206616206554,48.074842412527026],[16.064914536283595,48.074684673886644],[16.06467888957602,48.07018909183925]]],[[[16.0716224156794,48.07452654716096],[16.065150223674824,48.07918024841805],[16.071858681488145,48.07902210829248],[16.0716224156794,48.07452654716096]]],[[[16.05196775709203,48.08399095800262],[16.051498655547864,48.0749997630786],[16.03137453107804,48.07546948616616],[16.03878285462962,48.088800160665244],[16.05196775709203,48.08399095800262]]],[[[16.16699520816542,48.09924413248511],[16.200795935056362,48.102915349908876],[16.207010894682348,48.09375887531396],[16.159796490159344,48.09041707584062],[16.16699520816542,48.09924413248511]]],[[[16.03924988402506,48.097791363248206],[16.03971707476997,48.1067825352293],[16.05314121998035,48.10646881236183],[16.052671713224928,48.097477693549486],[16.03924988402506,48.097791363248206]]],[[[16.06008862514806,48.110806902956185],[16.08046332528937,48.11482768761644],[16.09317443137358,48.101022849116966],[16.066329271254457,48.10165800735696],[16.06008862514806,48.110806902956185]]],[[[16.019812472904157,48.11174582113451],[16.00661756705336,48.11655131953189],[16.02004443134272,48.11624142748511],[16.019812472904157,48.11174582113451]]],[[[15.993420224114427,48.12135530892128],[15.980220444173742,48.12615778886094],[15.993649944665227,48.125850952130634],[15.993420224114427,48.12135530892128]]],[[[16.00036463541345,48.12569695103704],[16.021204824937087,48.13871934230346],[16.0151834924433,48.152361242095104],[16.02861955257457,48.152050362516285],[16.028153873917887,48.143059293941434],[16.048304181806923,48.14259013913192],[16.047600747704163,48.129103596158444],[16.033704292607993,48.120425554013636],[16.00036463541345,48.12569695103704]]],[[[16.044163450155285,48.19219710000778],[16.037674139310823,48.1968490668064],[16.044397874857204,48.19669252271651],[16.044163450155285,48.19219710000778]]],[[[16.01750269028111,48.197316365118645],[16.01101035279295,48.201966833695245],[16.017734830810014,48.201811832448875],[16.01750269028111,48.197316365118645]]],[[[16.11931994634283,48.212925880513396],[16.112834780497874,48.217582004333956],[16.119560970570735,48.21742111339513],[16.11931994634283,48.212925880513396]]],[[[16.112834780497874,48.217582004333956],[16.106348451636734,48.22223775786444],[16.09313348162432,48.22705289164033],[16.113315790932084,48.22657247208893],[16.112834780497874,48.217582004333956]]],[[[16.066223157550798,48.227688002318075],[16.066696188695083,48.23667862533792],[16.086882484731696,48.236202795452456],[16.08616776305996,48.22271696921757],[16.066223157550798,48.227688002318075]]],[[[16.14890113076308,48.261724970433995],[16.148413629594575,48.252734776811245],[16.128221470929226,48.25322128146824],[16.122456518988606,48.271363243135596],[16.14890113076308,48.261724970433995]]],[[[16.183300013585797,48.27439122007572],[16.176812907742047,48.279050796181494],[16.183546868220468,48.278886208108304],[16.183300013585797,48.27439122007572]]],[[[16.17730557954685,48.288040773655524],[16.176812907742047,48.279050796181494],[16.16359000763753,48.28387382466246],[16.163835198924936,48.28836883678974],[16.17730557954685,48.288040773655524]]],[[[16.03679507380828,48.30938869386013],[16.030290429313496,48.31404002899561],[16.037029389326605,48.31388391912127],[16.03679507380828,48.30938869386013]]],[[[16.12439023189407,48.3073239653758],[16.11139602245924,48.316636049520525],[16.124874079329928,48.31631405668079],[16.12439023189407,48.3073239653758]]],[[[16.099116471945337,48.33943182505757],[16.08587093242736,48.34424590241274],[16.099356331425515,48.34392686606823],[16.099116471945337,48.33943182505757]]],[[[16.16727234490507,48.35129806165049],[16.18700733051069,48.34181510109781],[16.160038554895014,48.34247189538786],[16.16727234490507,48.35129806165049]]],[[[15.97261180095171,48.37386627673886],[15.973069908214011,48.38285672316264],[15.993083230122858,48.37790198649676],[15.99285244075633,48.373406797576024],[15.97261180095171,48.37386627673886]]],[[[16.013790475809227,48.38642922643764],[16.007274081116194,48.391079121301566],[16.014023141887414,48.3909243478595],[16.013790475809227,48.38642922643764]]],[[[16.198221486493527,48.42255558606922],[16.20422598864698,48.40890574967458],[16.18372589025332,48.40490716660738],[16.18446856191235,48.41839134172028],[16.198221486493527,48.42255558606922]]],[[[16.130207499007547,48.41520262565743],[16.116945449918717,48.42002007344049],[16.130450411654795,48.41969745183267],[16.130207499007547,48.41520262565743]]],[[[16.137202829252583,48.41953555512814],[16.13069336651855,48.42419226832411],[16.137446370205016,48.42403035788464],[16.137202829252583,48.41953555512814]]],[[[16.029159138898905,48.422079028510424],[16.022639634035876,48.426729706953104],[16.029393301127392,48.42657404705439],[16.029159138898905,48.422079028510424]]],[[[16.063635334441678,48.43477976227334],[16.076667825461744,48.42547348877772],[16.062923930668166,48.42129493533462],[16.063635334441678,48.43477976227334]]],[[[16.029393301127392,48.42657404705439],[16.0298617477036,48.435564055039215],[16.036616546901453,48.435407977974606],[16.036146927518413,48.42641799647067],[16.029393301127392,48.42657404705439]]],[[[16.063872551483865,48.43927468511465],[16.05688069914772,48.434937402308144],[16.057117329676647,48.439432338524334],[16.063872551483865,48.43927468511465]]],[[[16.19896819175277,48.43603956056055],[16.19246221598593,48.44069968125465],[16.199217180045373,48.44053419914147],[16.19896819175277,48.43603956056055]]],[[[16.064821832194326,48.457254278371934],[16.058301099661122,48.461906872322984],[16.065059255561152,48.4617491520187],[16.064821832194326,48.457254278371934]]],[[[16.025211651682255,48.47617441044818],[16.018684964669408,48.48082475143815],[16.02544571556295,48.480669324057686],[16.025211651682255,48.47617441044818]]],[[[16.15487345198737,48.495620427613844],[16.148355992013077,48.50027796032738],[16.1551188896438,48.50011503380303],[16.15487345198737,48.495620427613844]]],[[[16.10874342639414,48.51922601133006],[16.102218824669663,48.52388091850603],[16.108984959379562,48.52372066239093],[16.10874342639414,48.51922601133006]]],[[[16.082159390237923,48.528854033502526],[16.075631173843238,48.53350743560922],[16.08239865293261,48.53334871809397],[16.082159390237923,48.528854033502526]]],[[[16.02125588860252,48.53026827827226],[16.01472200367163,48.53491827714827],[16.021489853206948,48.53476308289443],[16.02125588860252,48.53026827827226]]],[[[16.008186941169708,48.539567900480336],[16.01472200367163,48.53491827714827],[16.007954113487155,48.53507307991131],[16.008186941169708,48.539567900480336]]],[[[16.150316326111863,48.53623455112734],[16.14379332482416,48.54089173791329],[16.15056155994464,48.54072907839104],[16.150316326111863,48.53623455112734]]],[[[16.137269145969427,48.54554855034014],[16.14379332482416,48.54089173791329],[16.13702504708903,48.541054005945234],[16.137269145969427,48.54554855034014]]],[[[16.13050023686934,48.54571044061719],[16.123974248833566,48.55036650073429],[16.130743789320793,48.55020498828069],[16.13050023686934,48.54571044061719]]],[[[15.995113282549253,48.54886602000375],[15.988574685978914,48.55351451594065],[15.995345053610706,48.55336083550515],[15.995113282549253,48.54886602000375]]],[[[16.177881703996043,48.54456898673512],[16.178624858165982,48.5580523075333],[16.185395234390043,48.55788763472018],[16.184650313283246,48.5444043558443],[16.177881703996043,48.54456898673512]]],[[[16.123974248833566,48.55036650073429],[16.117447082754854,48.555022186169325],[16.124217254651374,48.554861051607794],[16.123974248833566,48.55036650073429]]],[[[16.042736490535003,48.552274106900384],[16.043680481834787,48.57025289488322],[16.050452880935723,48.57009602822391],[16.04950653222401,48.55211729349014],[16.042736490535003,48.552274106900384]]],[[[16.133669731820174,48.60413873329272],[16.13293767227768,48.59065544143404],[16.119387938266602,48.59097832132891],[16.113582090359873,48.60911703859371],[16.133669731820174,48.60413873329272]]],[[[16.013319430618395,48.63845127448123],[16.006771102339457,48.64310057512711],[16.01355319386396,48.642945848955456],[16.013319430618395,48.63845127448123]]],[[[16.027117254403944,48.64263521974052],[16.020569639943325,48.647285280757494],[16.027352241056985,48.64712975680188],[16.027117254403944,48.64263521974052]]],[[[16.19037134336171,48.64777369361406],[16.190869909824105,48.656762058364386],[16.197653228264194,48.65659668540192],[16.197153479247653,48.647608348729655],[16.19037134336171,48.64777369361406]]],[[[16.027822337437076,48.65611879768943],[16.021273071565417,48.66076886503476],[16.028057447185592,48.66061330145915],[16.027822337437076,48.65611879768943]]],[[[16.150169088801068,48.65774605703357],[16.143630676037297,48.662402946559496],[16.150414888487806,48.66224030619129],[16.150169088801068,48.65774605703357]]],[[[16.007704197584644,48.661078814918476],[16.00115248333473,48.66572774647341],[16.00793757322954,48.6655733470627],[16.007704197584644,48.661078814918476]]],[[[16.157199058021774,48.6620772734357],[16.150660731093613,48.66673454414263],[16.157445492230067,48.66657149754408],[16.157199058021774,48.6620772734357]]],[[[16.129818097677692,48.658232759636434],[16.130550300881996,48.67171559744985],[16.1373357822318,48.67155371437965],[16.136601804119138,48.65807091779564],[16.129818097677692,48.658232759636434]]],[[[16.04186240935633,48.66479546315535],[16.03531330792074,48.66944629302941],[16.042098784812666,48.66928991806839],[16.04186240935633,48.66479546315535]]],[[[16.02829259798742,48.66510779407524],[16.021742230713517,48.66975786550507],[16.028527789853314,48.669602275509476],[16.02829259798742,48.66510779407524]]],[[[16.048647253190637,48.66463870902731],[16.04912122904548,48.67362758101826],[16.0559072151484,48.67347040776056],[16.055432055654066,48.66448156245857],[16.048647253190637,48.66463870902731]]],[[[15.988045503831271,48.675024477092194],[16.00863794473554,48.67905687631518],[16.021742230713517,48.66975786550507],[15.98079697016712,48.66618858990212],[15.988045503831271,48.675024477092194]]],[[[16.028527789853314,48.669602275509476],[16.028998296820276,48.67859120471939],[16.035784998798288,48.67843519574745],[16.03531330792074,48.66944629302941],[16.028527789853314,48.669602275509476]]],[[[16.00185107900096,48.679211315062275],[15.995296526996688,48.68385987470414],[16.00208402557606,48.6837058154404],[16.00185107900096,48.679211315062275]]],[[[16.131282887777076,48.68519833393491],[16.130794453866496,48.676209854241215],[16.124008338033494,48.67637135855923],[16.12473927671343,48.689854102244965],[16.13855993394334,48.69402481644142],[16.138070144963,48.68503640962286],[16.131282887777076,48.68519833393491]]],[[[16.029233611942875,48.68308565243865],[16.022681040755852,48.687735731714675],[16.02946896817255,48.68758008886312],[16.029233611942875,48.68308565243865]]],[[[16.1652187450107,48.68438478680043],[16.15867830899726,48.689042448980786],[16.16546598660519,48.68887894056309],[16.1652187450107,48.68438478680043]]],[[[16.0563825406352,48.68245920808789],[16.056858032201404,48.691447963214586],[16.063646345281942,48.69129034392589],[16.063169669272735,48.68230161556548],[16.0563825406352,48.68245920808789]]],[[[16.12473927671343,48.689854102244965],[16.11819448121226,48.69450949398487],[16.124983008072782,48.69434832743734],[16.12473927671343,48.689854102244965]]],[[[16.099036089889204,48.717461864982965],[16.09248545301481,48.72211575324454],[16.099277705270968,48.7219560759333],[16.099036089889204,48.717461864982965]]],[[[16.13348295362363,48.72564592779586],[16.120141124146382,48.73046299233358],[16.133727619067646,48.73014004728005],[16.13348295362363,48.72564592779586]]],[[[16.19486471689544,48.728667346521874],[16.188321332854663,48.733326548261644],[16.195114763373567,48.733161329305105],[16.19486471689544,48.728667346521874]]],[[[16.06603222576516,48.73623329973136],[16.059476208376466,48.74088529835553],[16.066271043280615,48.74072753175564],[16.06603222576516,48.73623329973136]]],[[[16.168188497367243,48.73831387474942],[16.161641467080265,48.74297156522986],[16.168436258024162,48.74280789010422],[16.168188497367243,48.73831387474942]]],[[[16.079860587697652,48.74041081955948],[16.073305289205454,48.74506357907799],[16.080100633972698,48.74490501301497],[16.079860587697652,48.74041081955948]]],[[[16.09369119746175,48.744586701813716],[16.087136618601793,48.7492402221801],[16.09393247287752,48.74908085653337],[16.09369119746175,48.744586701813716]]],[[[16.43947841340343,47.0341832442929],[16.43316528807024,47.03885835837033],[16.43974118771386,47.03867889631907],[16.43947841340343,47.0341832442929]]],[[[16.36364751873492,47.090261389918574],[16.36441753149976,47.10374882918731],[16.383911532566245,47.098725466641596],[16.38339489296802,47.089733927961134],[16.36364751873492,47.090261389918574]]],[[[16.393864694712676,47.15699349271375],[16.40097557143805,47.16580772965598],[16.407567332466904,47.1656301307988],[16.40704602790484,47.15663873632223],[16.393864694712676,47.15699349271375]]],[[[16.395422437951222,47.18396783119804],[16.395942038234097,47.19295926038925],[16.402537195184713,47.192781953042065],[16.402016477259536,47.183790553811086],[16.395422437951222,47.18396783119804]]],[[[16.40913230793889,47.19260426412866],[16.402797620440253,47.19727764934954],[16.40939329214619,47.197099945421655],[16.40913230793889,47.19260426412866]]],[[[16.422584502556642,47.196743392785955],[16.416250507097125,47.20141752390048],[16.42284664912771,47.20123904170692],[16.422584502556642,47.196743392785955]]],[[[16.459009499676796,47.25428759713724],[16.45954059907074,47.263278676955046],[16.47274797166916,47.26291632323789],[16.472214631360195,47.25392530465886],[16.459009499676796,47.25428759713724]]],[[[16.420441955416482,47.27334782011837],[16.40749284591816,47.27819977279117],[16.420704299487074,47.27784344173853],[16.420441955416482,47.27334782011837]]],[[[16.453732151231932,47.27694592618775],[16.447391302182503,47.28162175187431],[16.453997343444538,47.281441469210165],[16.453732151231932,47.27694592618775]]],[[[16.487294912572665,47.28502978679009],[16.48095606276423,47.289707471896534],[16.48756299917851,47.28952524755502],[16.487294912572665,47.28502978679009]]],[[[16.375238958059494,47.292571075103254],[16.368889295254213,47.2972425311846],[16.375497553184605,47.29706679046887],[16.375238958059494,47.292571075103254]]],[[[16.40323500701693,47.318838239272885],[16.403757263025504,47.327829512527885],[16.416981152671497,47.32747361509011],[16.416718879030288,47.322978010050704],[16.40323500701693,47.318838239272885]]],[[[16.424907878429014,47.34977299610287],[16.411416523356657,47.345634204767656],[16.40532509804264,47.35480325844257],[16.418555732219904,47.354447180452354],[16.424907878429014,47.34977299610287]]],[[[16.451384989569227,47.46162202252376],[16.445021708449747,47.4662976012286],[16.451650910726446,47.46611745964066],[16.451384989569227,47.46162202252376]]],[[[16.451650910726446,47.46611745964066],[16.45218288916981,47.475108322128655],[16.458813175590222,47.47492776649084],[16.458280067633392,47.465936934536664],[16.451650910726446,47.46611745964066]]],[[[16.4471461916371,47.502261077132836],[16.440777622477075,47.50693638827863],[16.447411956074923,47.50675649334444],[16.4471461916371,47.502261077132836]]],[[[16.440777622477075,47.50693638827863],[16.43440792220968,47.51161134185252],[16.441042866698318,47.51143181555132],[16.440777622477075,47.50693638827863]]],[[[16.46784974297787,47.515205233940556],[16.467314684214887,47.506214505688554],[16.454312619699017,47.511071611409406],[16.45484550698537,47.5200623924542],[16.46784974297787,47.515205233940556]]],[[[16.215913206670724,47.52630946463991],[16.26263394560319,47.52963173504135],[16.261883783016156,47.51614428253508],[16.215175043718794,47.51282176611794],[16.215913206670724,47.52630946463991]]],[[[16.32849840003554,47.5189272330336],[16.32288299053131,47.537082971650946],[16.35607520344397,47.53621376354522],[16.355559026047825,47.527222557203665],[16.32849840003554,47.5189272330336]]],[[[16.257494196164124,47.55677581505582],[16.284563089957782,47.5650878260312],[16.283554788901675,47.54710485726728],[16.276914822406184,47.547275270944255],[16.269271732197645,47.529462147096574],[16.26263394560319,47.52963173504135],[16.257494196164124,47.55677581505582]]],[[[16.203863558338107,47.54912164446137],[16.211487339873127,47.56693896281737],[16.224781446723664,47.56660823307973],[16.217883491815858,47.56227647447058],[16.224040462303254,47.55312062728808],[16.217144319226602,47.54878887808144],[16.203863558338107,47.54912164446137]]],[[[16.471063937039766,47.56914924174984],[16.48354048040095,47.55529971709084],[16.463886789957755,47.560339848150555],[16.471063937039766,47.56914924174984]]],[[[16.313932948651384,47.61385425094724],[16.314442852655418,47.62284549072972],[16.327485489871677,47.618004352787324],[16.327229423599622,47.61350875973345],[16.313932948651384,47.61385425094724]]],[[[16.267644871183492,47.619547077472596],[16.25409666377394,47.615389921394794],[16.261747110915266,47.63320375285552],[16.268397989553545,47.63303421940797],[16.267644871183492,47.619547077472596]]],[[[16.24005345138646,47.602239579639516],[16.213456118747622,47.602905767090064],[16.215427593812603,47.638872273378986],[16.20212404140636,47.63920483355851],[16.202615057073537,47.648196468188395],[16.229235345973898,47.64753300301059],[16.222326499673084,47.64320119351751],[16.220350140375192,47.60723483838409],[16.24005345138646,47.602239579639516]]],[[[16.196207082221125,47.65285802299067],[16.202615057073537,47.648196468188395],[16.19596208024889,47.64836219903407],[16.196207082221125,47.65285802299067]]],[[[16.442369350635104,47.646472547954346],[16.442901566606466,47.65546314298356],[16.4628607143607,47.654921949548374],[16.455673220276914,47.6461121981977],[16.442369350635104,47.646472547954346]]],[[[16.36357964465256,47.66658421081238],[16.32262641873865,47.64964642347991],[16.314442852655418,47.62284549072972],[16.301397811745545,47.62768514338554],[16.295507915513316,47.641343525992376],[16.268649114956343,47.63752992370042],[16.269151494747295,47.64652131758982],[16.302667868467132,47.65016327915966],[16.303684696960566,47.668145698312415],[16.32390609864644,47.67212421604342],[16.324674432794144,47.68561083033085],[16.337731726253597,47.68076859717542],[16.337217270001517,47.67177757448565],[16.36357964465256,47.66658421081238]]],[[[16.377149723765783,47.67072840874691],[16.384588683669534,47.684038415340055],[16.397902471729296,47.68368475336416],[16.39711534941721,47.67019862796655],[16.377149723765783,47.67072840874691]]],[[[16.36461766608956,47.68456601989132],[16.377671011563596,47.6797192538625],[16.36435809404591,47.680070575374295],[16.36461766608956,47.68456601989132]]],[[[16.384588683669534,47.684038415340055],[16.378192477994897,47.68871007821845],[16.384850008718725,47.6885338099938],[16.384588683669534,47.684038415340055]]],[[[16.271917661433925,47.69597362447773],[16.2593518191565,47.70979967823148],[16.279585917272087,47.71378594871022],[16.291387197209815,47.686470913980784],[16.271162735335363,47.68248669313692],[16.271917661433925,47.69597362447773]]],[[[16.466078337125584,47.70886453660289],[16.45968636591681,47.713540699399495],[16.46634677110621,47.71335971772859],[16.466078337125584,47.70886453660289]]],[[[16.280090902967746,47.72277713859039],[16.273680665912785,47.72744294588741],[16.280343460758917,47.72727272541692],[16.280090902967746,47.72277713859039]]],[[[16.368516590184615,47.75199704631656],[16.369297579236367,47.76548310254951],[16.375964895993846,47.765307351962996],[16.375182193698027,47.75182134035128],[16.368516590184615,47.75199704631656]]],[[[16.249278332219006,47.76858065164556],[16.242859745894464,47.77324469009055],[16.249528466327448,47.77307625453556],[16.249278332219006,47.76858065164556]]],[[[16.17591798284927,47.77040820652035],[16.176649665179635,47.78389539825382],[16.190480419003816,47.79255717191544],[16.216917974078502,47.787397593492656],[16.210000520666405,47.78306849655019],[16.208766970039346,47.760590165142325],[16.19592347741662,47.76991334891007],[16.17591798284927,47.77040820652035]]],[[[16.444770486406174,47.79948987161986],[16.438365546760835,47.80416474444817],[16.445037555319125,47.80398500001521],[16.444770486406174,47.79948987161986]]],[[[16.47839690825752,47.80308048839519],[16.471994532796565,47.807757223856186],[16.478666883058985,47.80757553423877],[16.47839690825752,47.80308048839519]]],[[[16.451709518017736,47.80380486961331],[16.445571830743976,47.81297523883246],[16.465859936440047,47.81692866255605],[16.465053305444354,47.80344345091847],[16.451709518017736,47.80380486961331]]],[[[16.32467770746536,47.802665945530265],[16.32570506074895,47.820647498758476],[16.332379550945763,47.820474272401114],[16.331349908515673,47.80249277782186],[16.32467770746536,47.802665945530265]]],[[[16.360636605244014,47.84674921176403],[16.354218362242914,47.85141934899602],[16.360896684398025,47.851244474526595],[16.360636605244014,47.84674921176403]]],[[[16.42741162189642,47.84497936854137],[16.421530169826212,47.858643456510585],[16.441567083403463,47.85810599333573],[16.440766080307736,47.844620764480304],[16.42741162189642,47.84497936854137]],[[16.427677431160333,47.84947448145605],[16.434621684192493,47.85379044888931],[16.427943286110388,47.853969588114865],[16.427677431160333,47.84947448145605]]],[[[16.4880472120399,47.85234342732817],[16.481639668514497,47.857020635251345],[16.48831827054838,47.8568383900214],[16.4880472120399,47.85234342732817]]],[[[16.421530169826212,47.858643456510585],[16.415115907125102,47.86331696245826],[16.42179554293081,47.86313856571034],[16.421530169826212,47.858643456510585]]],[[[16.464024560517974,47.898019983081525],[16.450924695532876,47.90287626197682],[16.46429378930669,47.90251494284792],[16.464024560517974,47.898019983081525]]],[[[16.464832385856052,47.91150484255917],[16.458415507035614,47.91618068130286],[16.4651017536406,47.91599978244824],[16.464832385856052,47.91150484255917]]],[[[16.378700903326724,47.92731155040919],[16.3722743741786,47.93198258188546],[16.378962938580475,47.9318066668078],[16.378700903326724,47.92731155040919]]],[[[16.385651457875515,47.93163036480385],[16.379225018943735,47.936301776460645],[16.385914113149063,47.936125459525485],[16.385651457875515,47.93163036480385]]],[[[16.33188403480073,47.92853472669296],[16.332658201812308,47.942020366430675],[16.352728017256762,47.941498336855254],[16.351948675427373,47.92801282973161],[16.33188403480073,47.92853472669296]]],[[[16.372535879619928,47.9364777064368],[16.373059025581593,47.945467935195055],[16.379749315045352,47.945291975417526],[16.379225018943735,47.936301776460645],[16.372535879619928,47.9364777064368]]],[[[16.446381789430756,47.93901614667124],[16.439959876992617,47.94369092178265],[16.44664971059632,47.94351109193487],[16.446381789430756,47.93901614667124]]],[[[16.353767766080793,47.959478917750616],[16.360981210700476,47.96829429414688],[16.381060845531202,47.967767352806014],[16.380011530807003,47.94978706466572],[16.373059025581593,47.945467935195055],[16.3663686910748,47.94564350794427],[16.37410585814649,47.96344831055273],[16.353767766080793,47.959478917750616]]],[[[16.4611059872607,47.961129861366175],[16.48172394022468,47.96957520490176],[16.481181835058475,47.96058554371193],[16.4611059872607,47.961129861366175]]],[[[16.260073004070968,47.96188606992776],[16.260577027972232,47.97087672684379],[16.27371163882225,47.96604214027604],[16.273458497170818,47.96154683709475],[16.260073004070968,47.96188606992776]]],[[[16.495109907436472,47.969210329177145],[16.488688645471402,47.97388776526257],[16.49538218128966,47.973705118352854],[16.495109907436472,47.969210329177145]]],[[[16.260577027972232,47.97087672684379],[16.25413456589842,47.975541123491986],[16.26082910505114,47.975372044901455],[16.260577027972232,47.97087672684379]]],[[[16.367935757568894,47.97261411869806],[16.36845847307617,47.981604266628814],[16.37515341218743,47.98142857487681],[16.374629544935875,47.9724384567056],[16.367935757568894,47.97261411869806]]],[[[16.25413456589842,47.975541123491986],[16.240995750123627,47.98037347274674],[16.254386110394247,47.980036448901096],[16.25413456589842,47.975541123491986]]],[[[16.36871989838385,47.9860993300335],[16.36924288416549,47.99508943558178],[16.37593955163531,47.99491369917937],[16.375415413515654,47.985923623399486],[16.36871989838385,47.9860993300335]]],[[[16.402461372414702,47.98971190525425],[16.396029282621654,47.99438416565655],[16.402725768812715,47.994206879723286],[16.402461372414702,47.98971190525425]]],[[[16.308970860573,47.996653630088694],[16.309483651004687,48.00564397212267],[16.32288005169428,48.00529902679781],[16.322364955401586,47.9963087431984],[16.308970860573,47.996653630088694]]],[[[16.383687298170617,48.01271758141892],[16.390386180970044,48.012541010426695],[16.38985937517556,48.003551051707475],[16.40968722766339,47.99852415869487],[16.37593955163531,47.99491369917937],[16.383687298170617,48.01271758141892]]],[[[16.42361360336244,48.00715744239033],[16.409952291570903,48.00301910380235],[16.410217401170915,48.00751404171154],[16.42361360336244,48.00715744239033]]],[[[16.42361360336244,48.00715744239033],[16.430578520559685,48.01147344686057],[16.43031163565812,48.006978561538375],[16.42361360336244,48.00715744239033]]],[[[16.437544590887963,48.0157890262434],[16.430578520559685,48.01147344686057],[16.430845451474653,48.0159683249241],[16.437544590887963,48.0157890262434]]],[[[16.437812144535094,48.020283881831524],[16.424146266038758,48.01614723608358],[16.424679112419806,48.025137000636356],[16.438347390250296,48.029273571031595],[16.437812144535094,48.020283881831524]]],[[[16.243752917063215,48.029821898480385],[16.244254782228754,48.03881242750953],[16.257660137409477,48.0384750323052],[16.257155963152368,48.029484560439364],[16.243752917063215,48.029821898480385]]],[[[16.34401196580489,48.02275900717199],[16.330869587472293,48.02760148246677],[16.33782955179608,48.03192303297941],[16.339125177684984,48.054398248990026],[16.365942478155024,48.053699958361655],[16.35871637098376,48.04488513726352],[16.345310030645084,48.04523422342706],[16.34453105741586,48.03174911575537],[16.357933934250593,48.0314001183015],[16.34401196580489,48.02275900717199]]],[[[16.47266291588068,48.041855284661274],[16.47320439653466,48.05084474675293],[16.47990787358763,48.050662999901625],[16.479365238374356,48.04167356860066],[16.47266291588068,48.041855284661274]]],[[[16.47320439653466,48.05084474675293],[16.466771105722962,48.05552084099014],[16.473475206930264,48.05533946653378],[16.47320439653466,48.05084474675293]]],[[[16.486883269068294,48.05497555424733],[16.480450696063816,48.05965240111926],[16.487155281236074,48.05947023564979],[16.486883269068294,48.05497555424733]]],[[[16.399463087695565,48.05281836910199],[16.400256598282912,48.066303007452674],[16.40696231670298,48.06612548106108],[16.40616707313728,48.05264088782545],[16.399463087695565,48.05281836910199]]],[[[16.49385981947183,48.059287682362935],[16.487427340343153,48.06396490947397],[16.494132456181873,48.06378234072082],[16.49385981947183,48.059287682362935]]],[[[16.310968068681834,48.266695583739164],[16.29102817176547,48.27170506336782],[16.311225948986312,48.27119030918703],[16.310968068681834,48.266695583739164]]],[[[16.237668563372942,48.28205034666452],[16.23118538584702,48.28671293692187],[16.237920166900654,48.28654520416837],[16.237668563372942,48.28205034666452]]],[[[16.21522502560686,48.363625956262],[16.195486894645402,48.37311360315209],[16.215725171928153,48.37261544671754],[16.21522502560686,48.363625956262]]],[[[16.34572144300973,48.400839900009274],[16.346506282569614,48.41432303996102],[16.3532572957059,48.41414864601873],[16.35247069958639,48.400665550438845],[16.34572144300973,48.400839900009274]]],[[[16.31950177641276,48.41501671088787],[16.320020543668488,48.42400553994834],[16.34001634233757,48.418991418745925],[16.339755223970695,48.41449704342293],[16.31950177641276,48.41501671088787]]],[[[16.239493545413055,48.43503854763711],[16.239998602160714,48.44402764510139],[16.253509048830693,48.443690791552044],[16.253255325684847,48.43919627631943],[16.239493545413055,48.43503854763711]]],[[[16.327553156946532,48.43731580480129],[16.328073547864836,48.446304506302916],[16.348077189572837,48.44128905640957],[16.347815257967056,48.4367947449163],[16.327553156946532,48.43731580480129]]],[[[16.247766834692847,48.461837432798326],[16.239998602160714,48.44402764510139],[16.23324331291375,48.44419548576875],[16.23450378974004,48.46666812733885],[16.247766834692847,48.461837432798326]]],[[[16.296871935947898,48.49210891056708],[16.289853397912896,48.487785703746255],[16.290110544393084,48.49228003667632],[16.296871935947898,48.49210891056708]]],[[[16.501069848816066,48.509262478353335],[16.494581962052795,48.51393923365762],[16.501345488508093,48.51375628391584],[16.501069848816066,48.509262478353335]]],[[[16.48809289976831,48.51861561840699],[16.494581962052795,48.51393923365762],[16.48781838771906,48.51412179224066],[16.48809289976831,48.51861561840699]]],[[[16.217237325197953,48.521103339922284],[16.217739347580718,48.530092166768945],[16.224505930083986,48.52992522942966],[16.224002731004422,48.52093643091372],[16.217237325197953,48.521103339922284]]],[[[16.21799042434548,48.534586564600204],[16.21849270907888,48.5435753289377],[16.225261057393926,48.543408349091614],[16.224757595350443,48.5344196130934],[16.21799042434548,48.534586564600204]]],[[[16.333548596845162,48.540683432868164],[16.32704158999121,48.54535081165876],[16.3338098130045,48.54517755388615],[16.333548596845162,48.540683432868164]]],[[[16.265870222784606,48.54239824907297],[16.259356879793444,48.547061858662616],[16.26612555219376,48.546892515623725],[16.265870222784606,48.54239824907297]]],[[[16.21849270907888,48.5435753289377],[16.211974936184358,48.54823629788893],[16.218743917070352,48.54806969538759],[16.21849270907888,48.5435753289377]]],[[[16.32704158999121,48.54535081165876],[16.320533405781845,48.550017817826514],[16.327302262930072,48.5498449368393],[16.32704158999121,48.54535081165876]]],[[[16.320533405781845,48.550017817826514],[16.314024043988855,48.55468445124433],[16.320793535295703,48.55451194711121],[16.320533405781845,48.550017817826514]]],[[[16.252588163016874,48.547230810207324],[16.253605213574016,48.56520788572286],[16.260376286377394,48.56503887681311],[16.259356879793444,48.547061858662616],[16.252588163016874,48.547230810207324]]],[[[16.218743917070352,48.54806969538759],[16.219749186801394,48.56604705573728],[16.22652048018203,48.56588000501807],[16.22551285419384,48.547902701369715],[16.218743917070352,48.54806969538759]]],[[[16.42936875954912,48.55619251594675],[16.422868471437614,48.56086518366287],[16.429638402969474,48.56068638522802],[16.42936875954912,48.55619251594675]]],[[[16.253605213574016,48.56520788572286],[16.247087880593707,48.569870759671254],[16.25385958699152,48.569702128080486],[16.253605213574016,48.56520788572286]]],[[[16.30177741593823,48.57749899100795],[16.315582238017658,48.58164909133892],[16.314024043988855,48.55468445124433],[16.30725450746404,48.5548565638472],[16.308549943482895,48.57732719705319],[16.30177741593823,48.57749899100795]]],[[[16.22652048018203,48.56588000501807],[16.227024556609738,48.574868593169214],[16.233796984799717,48.57470112237883],[16.233291729652006,48.56571256265332],[16.22652048018203,48.56588000501807]]],[[[16.40986436147722,48.57020940328627],[16.403360539170137,48.574880954939296],[16.410132378341604,48.574703285889974],[16.40986436147722,48.57020940328627]]],[[[16.34214977727648,48.57196831996659],[16.322094862945917,48.576982434047544],[16.3424119015382,48.57646235185629],[16.34214977727648,48.57196831996659]]],[[[16.2608862561745,48.57402732217229],[16.268169789764926,48.58284626669579],[16.274943131192746,48.58267641688231],[16.274430625596576,48.573688071894324],[16.2608862561745,48.57402732217229]]],[[[16.288489679923728,48.5823355420027],[16.27519945100004,48.587170573259705],[16.28874717899435,48.5868296694464],[16.288489679923728,48.5823355420027]]],[[[16.36378455771318,48.59391458661782],[16.357273568717282,48.59858352176204],[16.364048679986023,48.598408520064346],[16.36378455771318,48.59391458661782]]],[[[16.221510095988915,48.597507026026626],[16.21498577520431,48.60216803668997],[16.221761829916737,48.602001264414525],[16.221510095988915,48.597507026026626]]],[[[16.386236277203587,48.629338078284],[16.379722845442778,48.63400817592691],[16.386502540067795,48.63383187905961],[16.386236277203587,48.629338078284]]],[[[16.359383483842347,48.63453471395466],[16.3528669601625,48.639203306584776],[16.35964743033399,48.63902856327993],[16.359383483842347,48.63453471395466]]],[[[16.27226682913157,48.654751689943275],[16.265739849869227,48.659415387643286],[16.272523274064223,48.65924568486347],[16.27226682913157,48.654751689943275]]],[[[16.286605378001305,48.66789300062487],[16.287378800488543,48.681374763288254],[16.29416504795481,48.68120381100141],[16.293389850424198,48.667722091875966],[16.286605378001305,48.66789300062487]]],[[[16.362289430682356,48.68396643926893],[16.35576690943855,48.68863507109034],[16.36255388452593,48.68846016452022],[16.362289430682356,48.68396643926893]]],[[[16.239873813018274,48.68256043965596],[16.2403813653777,48.691548425962544],[16.24716910996558,48.69138019254544],[16.24666037356457,48.682392234805555],[16.239873813018274,48.68256043965596]]],[[[16.294682071992302,48.690191566910784],[16.315304450609972,48.69417008477627],[16.321570442281967,48.685009902397056],[16.300951250283042,48.68103246623882],[16.294682071992302,48.690191566910784]]],[[[16.471139133642325,48.68560828155191],[16.464626288185777,48.690282954751034],[16.471413103601257,48.690101753209134],[16.471139133642325,48.68560828155191]]],[[[16.274062884299667,48.68620941752388],[16.26753207667822,48.69087313689652],[16.2743196428883,48.69070333322688],[16.274062884299667,48.68620941752388]]],[[[16.28084981364356,48.686039235750975],[16.281879485849288,48.704014772061115],[16.288668738876954,48.703844139827794],[16.2876366980438,48.68586866146143],[16.28084981364356,48.686039235750975]]],[[[16.41059874493361,48.696212034977414],[16.404079056770875,48.70088332015718],[16.41086748232071,48.700705620885486],[16.41059874493361,48.696212034977414]]],[[[16.213732936359655,48.701205488109096],[16.207194755863338,48.70586581091245],[16.213984498112083,48.705699498033724],[16.213732936359655,48.701205488109096]]],[[[16.281879485849288,48.704014772061115],[16.268557190565442,48.70884874281225],[16.282137016354802,48.70850862741946],[16.281879485849288,48.704014772061115]]],[[[16.41819466104194,48.709514635947116],[16.4385630673774,48.70897791385025],[16.438020713979192,48.699990898076756],[16.41819466104194,48.709514635947116]]],[[[16.336454511152414,48.70713245883001],[16.323136540799812,48.7119726133374],[16.336716826475193,48.711626185783494],[16.336454511152414,48.70713245883001]]],[[[16.35735104963559,48.71559727031195],[16.350824067262387,48.72026554750749],[16.357615234508003,48.72009092968767],[16.35735104963559,48.71559727031195]]],[[[16.34376985429582,48.715946083586324],[16.330450289513347,48.7207870444839],[16.34403285394589,48.720439772582715],[16.34376985429582,48.715946083586324]]],[[[16.466267560540906,48.71724363450595],[16.459750264680046,48.721917957012664],[16.466541273261022,48.721737040452965],[16.466267560540906,48.71724363450595]]],[[[16.445896169267773,48.71778516005357],[16.432585754036218,48.722637696065064],[16.44616810441564,48.722278611984166],[16.445896169267773,48.71778516005357]]],[[[16.207947926994233,48.719347813938505],[16.214991184847655,48.723675422434575],[16.214739447181834,48.71918145868552],[16.207947926994233,48.719347813938505]]],[[[16.22203562850136,48.728002598205656],[16.214991184847655,48.723675422434575],[16.215242966520634,48.728169374569134],[16.22203562850136,48.728002598205656]]],[[[16.201908150175097,48.732995717450336],[16.195364853571668,48.737655300421544],[16.202158833559295,48.73748967450153],[16.201908150175097,48.732995717450336]]],[[[16.229081258139004,48.73232934112297],[16.229587414414592,48.741317130334735],[16.23638176743819,48.74114952557923],[16.235874424802372,48.732161764832604],[16.229081258139004,48.73232934112297]]],[[[16.208952769714635,48.73732365565366],[16.202409560778378,48.741983619856256],[16.209204090211777,48.74181758690837],[16.208952769714635,48.73732365565366]]],[[[16.440462797741525,48.74043210195546],[16.413557440677828,48.74564084036763],[16.440734377606276,48.74492551040596],[16.440462797741525,48.74043210195546]]],[[[16.46791055473171,48.74420389415399],[16.454595375238497,48.74905885409329],[16.468184554687674,48.74869722948943],[16.46791055473171,48.74420389415399]]],[[[16.441821172094794,48.76289902559395],[16.44263676709103,48.77637903664814],[16.4562332596653,48.77601880020708],[16.455414102588996,48.762538880922286],[16.441821172094794,48.76289902559395]]],[[[16.490223653102703,48.77511132960378],[16.490775935673227,48.784097728182054],[16.497575057589533,48.78391502371992],[16.49702158730493,48.77492865617251],[16.490223653102703,48.77511132960378]]],[[[16.46467460377865,48.802797513076705],[16.478553156969824,48.80692789654089],[16.49840562628527,48.7973944842188],[16.49160472202081,48.7975772352389],[16.49105214944417,48.78859090933739],[16.4706527120455,48.78913671007199],[16.46467460377865,48.802797513076705]]],[[[16.58283971773162,47.439958427569266],[16.576490720190986,47.44464131636127],[16.58311673985706,47.444453568712554],[16.58283971773162,47.439958427569266]]],[[[16.54390733245798,47.454564765178084],[16.537553116517703,47.45924548431287],[16.54418111042117,47.45905998954377],[16.54390733245798,47.454564765178084]]],[[[16.578704083508132,47.480602432494436],[16.565718624693528,47.485472184443566],[16.578980966397033,47.48509755409584],[16.578704083508132,47.480602432494436]]],[[[16.68015560202602,47.50920811179681],[16.6666033997777,47.505099557812386],[16.660822048133,47.518776831438196],[16.680727042340454,47.51819780876465],[16.68015560202602,47.50920811179681]]],[[[16.600546587910486,47.51150308800937],[16.601383462391187,47.52498820930575],[16.61465550561784,47.524609454842164],[16.61381523757115,47.51112442962543],[16.600546587910486,47.51150308800937]]],[[[16.51483891915251,47.522917442237244],[16.50847386594388,47.52759649399425],[16.51511056979308,47.527412683412344],[16.51483891915251,47.522917442237244]]],[[[16.528383838195808,47.52704391045022],[16.522019490235273,47.531723710185226],[16.528656667126352,47.5315391161278],[16.528383838195808,47.52704391045022]]],[[[16.622133851778617,47.537904439839686],[16.615776532931278,47.54258942770649],[16.62241474647813,47.542399410393095],[16.622133851778617,47.537904439839686]]],[[[16.656456557741343,47.55492820626404],[16.650100238934172,47.55961508022172],[16.656740476515637,47.55942307801214],[16.656456557741343,47.55492820626404]]],[[[16.57041363841198,47.56188914481965],[16.570966889945936,47.570879291798214],[16.590892584662143,47.57031586624741],[16.590335933160997,47.561325814571866],[16.576500255308936,47.55271161877854],[16.55685645032042,47.55776766560235],[16.57041363841198,47.56188914481965]]],[[[16.65066708901535,47.56860484248551],[16.644308600962017,47.573291383432036],[16.650950586728424,47.573099716707596],[16.65066708901535,47.56860484248551]]],[[[16.64459158036022,47.577786269222706],[16.638231440326418,47.58247246521565],[16.644874608139165,47.58228115034367],[16.64459158036022,47.577786269222706]]],[[[16.573458864307614,47.611334722451204],[16.553792848545527,47.61639018782907],[16.55406831542793,47.620885254355215],[16.57401315751295,47.62032476555153],[16.573458864307614,47.611334722451204]]],[[[16.633845112370416,47.61862253209019],[16.627479069730306,47.62330809371588],[16.63412744060441,47.62311740229404],[16.633845112370416,47.61862253209019]]],[[[16.55406831542793,47.620885254355215],[16.54104589635139,47.625752083665816],[16.55434382944749,47.625380315983904],[16.55406831542793,47.620885254355215]]],[[[16.627479069730306,47.62330809371588],[16.621111891416547,47.62799329804671],[16.627760878395144,47.62780297510796],[16.627479069730306,47.62330809371588]]],[[[16.555965202849276,47.76041629888194],[16.55651807096757,47.76940611673312],[16.569852359583898,47.76903256968942],[16.569297207515728,47.76004281506297],[16.555965202849276,47.76041629888194]]],[[[16.61623926745539,47.76321824406841],[16.616802509200554,47.77220776372942],[16.623469816970324,47.77201769608465],[16.622905433264588,47.76302820859298],[16.61623926745539,47.76321824406841]]],[[[16.61708420256485,47.77670251479128],[16.617647734339048,47.78569199923862],[16.624316755782115,47.78550188332798],[16.623752081461365,47.776512431059494],[16.61708420256485,47.77670251479128]]],[[[16.577632593406435,47.78682459346563],[16.571241073599584,47.79150685398545],[16.57791100306165,47.79131942266184],[16.577632593406435,47.78682459346563]]],[[[16.692733770848232,47.81054674483923],[16.720002586539646,47.818755496407746],[16.717677922797947,47.782799757452366],[16.691004288564493,47.78357950799041],[16.699405682966137,47.81035228704872],[16.692733770848232,47.81054674483923]]],[[[16.567624173642695,47.84113697020607],[16.574578855292426,47.845444522222884],[16.57430044396428,47.84094975046514],[16.567624173642695,47.84113697020607]]],[[[16.594889274368043,47.84937521587079],[16.574578855292426,47.845444522222884],[16.57513582149586,47.854434046841774],[16.594889274368043,47.84937521587079]]],[[[16.575692979177678,47.863423546079375],[16.56929192189794,47.86810560097399],[16.575971629853814,47.867918286110495],[16.575692979177678,47.863423546079375]]],[[[16.616613192717953,47.875775552101544],[16.622728238740255,47.86659626359273],[16.60240903836738,47.86267048660099],[16.602970973247125,47.87165983271364],[16.616613192717953,47.875775552101544]]],[[[16.535892666999157,47.86903637941449],[16.54980536987246,47.877654814465934],[16.5492525115897,47.868665227229954],[16.535892666999157,47.86903637941449]]],[[[16.55676344164639,47.88196339539952],[16.54980536987246,47.877654814465934],[16.550081870315086,47.882149598380224],[16.55676344164639,47.88196339539952]]],[[[16.557040563253842,47.88645815704151],[16.55063501386407,47.89113914666193],[16.55731773252238,47.89095291214773],[16.557040563253842,47.88645815704151]]],[[[16.61275142464686,47.92091132912998],[16.60634664421099,47.92559535867899],[16.613033571202344,47.92540590352903],[16.61275142464686,47.92091132912998]]],[[[16.599659668760943,47.92578442703846],[16.593253116530608,47.93046772423418],[16.599940714865216,47.93027902669164],[16.599659668760943,47.92578442703846]]],[[[16.546715079181144,47.93627249526888],[16.534164246244064,47.950127557682066],[16.548098279161252,47.958745990858674],[16.546715079181144,47.93627249526888]]],[[[16.561480999246342,47.95837343548216],[16.562036914156767,47.96736272195221],[16.568729353118194,47.96717583203754],[16.56817228755519,47.95818657721949],[16.561480999246342,47.95837343548216]]],[[[16.682493394118588,47.9639394790935],[16.68307021558566,47.97292815754851],[16.703148198627073,47.97234532598502],[16.695876464831738,47.96355137755282],[16.682493394118588,47.9639394790935]]],[[[16.644909168620416,48.00554420256921],[16.638496881368656,48.010229888238754],[16.645194544945817,48.01003857839025],[16.644909168620416,48.00554420256921]]],[[[16.71362490129245,48.030575123190346],[16.693814312480196,48.035653976356144],[16.713916340480104,48.03506929064732],[16.71362490129245,48.030575123190346]]],[[[16.720616916093604,48.03487362031442],[16.714207829930025,48.03956345058383],[16.72090898232185,48.0393677636765],[16.720616916093604,48.03487362031442]]],[[[16.57235496192662,48.025605292007846],[16.52545446163167,48.0269068241813],[16.526004893199744,48.035896082881926],[16.581014500125114,48.0568792000854],[16.58687649575791,48.043207857122184],[16.58017435675627,48.04339579166145],[16.57235496192662,48.025605292007846]],[[16.545831885226203,48.03084593598508],[16.539407582373826,48.035526091627176],[16.539131189003093,48.03103149732702],[16.545831885226203,48.03084593598508]]],[[[16.626804319980273,48.03757773678867],[16.627372349283863,48.04656647410648],[16.647193557390743,48.041499002151355],[16.646907836434497,48.03700467827257],[16.626804319980273,48.03757773678867]]],[[[16.688270564576026,48.05382495474483],[16.681856235249604,48.05851296494835],[16.68855994637543,48.05831915031611],[16.688270564576026,48.05382495474483]]],[[[16.534362159728932,48.06267878357309],[16.514521937807313,48.067726911550245],[16.534638309447278,48.06717334082741],[16.534362159728932,48.06267878357309]]],[[[16.555310161126126,48.0756052765619],[16.54888118777209,48.080285885877466],[16.55558818756613,48.08009976359247],[16.555310161126126,48.0756052765619]]],[[[16.68971797300602,48.076295855783904],[16.681856235249604,48.05851296494835],[16.648622901685464,48.06397050800388],[16.642203754998853,48.068656306901055],[16.643346005080335,48.08663340759798],[16.630215437775323,48.09150970290247],[16.63078464457902,48.10049825553642],[16.644489044155836,48.104610383330254],[16.645060859821665,48.11359882377489],[16.65848269864793,48.1132150697169],[16.664330688711747,48.099540084348895],[16.677748759539575,48.09915409957499],[16.6765943570669,48.081177418396834],[16.68971797300602,48.076295855783904]]],[[[16.583537541380476,48.097329011931244],[16.582976526771716,48.088340219099386],[16.562295139368526,48.07991325336652],[16.54300503885201,48.09395512932192],[16.509460413443005,48.09487821629767],[16.50165745082483,48.07708326693008],[16.514521937807313,48.067726911550245],[16.46839348308801,48.08248909242498],[16.46785250395531,48.07349970583586],[16.487427340343153,48.06396490947397],[16.467311711532485,48.06451028861632],[16.466771105722962,48.05552084099014],[16.44022220492645,48.06073724954799],[16.460876203623258,48.06918603370598],[16.461955849915462,48.08716486819003],[16.475914604725276,48.09579160157862],[16.476457208025277,48.10478087985098],[16.490150515748155,48.10891122475662],[16.490968385740953,48.12239496683728],[16.505215374511113,48.13551261597085],[16.585502619100822,48.128789538038845],[16.58437942664188,48.11081214221992],[16.591090233061877,48.11062396870469],[16.59024661252708,48.09714088623972],[16.583537541380476,48.097329011931244]]],[[[16.706622624936113,48.1298358997108],[16.6996190037749,48.1255367004606],[16.69990976483018,48.130030753737366],[16.706622624936113,48.1298358997108]]],[[[16.720048194046797,48.129445026933915],[16.71362740379604,48.13413466956111],[16.720340742012752,48.13393902247724],[16.720048194046797,48.129445026933915]]],[[[16.526737314530155,48.157432904833726],[16.520295649811235,48.162111790678104],[16.527013308232455,48.1619273270273],[16.526737314530155,48.157432904833726]]],[[[16.722097091799448,48.16090282389626],[16.715672600729565,48.16559252506126],[16.722389993884708,48.16539676189772],[16.722097091799448,48.16090282389626]]],[[[16.49451739268331,48.18082367726857],[16.521122177446543,48.175595054672506],[16.520295649811235,48.162111790678104],[16.4939708723336,48.17183473502858],[16.49451739268331,48.18082367726857]]],[[[16.683822476804725,48.19352955973467],[16.67739049653794,48.198217084796624],[16.684112251802336,48.1980235379238],[16.683822476804725,48.19352955973467]]],[[[16.604013675285447,48.20930876167696],[16.590848400868037,48.214180379121046],[16.6042966320193,48.21380290893871],[16.604013675285447,48.20930876167696]]],[[[16.577961387219936,48.223544690130446],[16.57151613720402,48.22822629697537],[16.5782421663907,48.228038875428396],[16.577961387219936,48.223544690130446]]],[[[16.726202334098605,48.2238171874677],[16.719770428636476,48.22850700183061],[16.72649594635273,48.228311006264754],[16.726202334098605,48.2238171874677]]],[[[16.66625290225515,48.234554921787456],[16.666829917916253,48.24354281234626],[16.673557582445692,48.24334987953866],[16.672979404121833,48.23436202168345],[16.66625290225515,48.234554921787456]]],[[[16.59926782314227,48.24095663692607],[16.599833308663428,48.24994483337178],[16.619734872972913,48.244882447121704],[16.619450410199963,48.2403883926788],[16.59926782314227,48.24095663692607]]],[[[16.680285196915722,48.243156557641],[16.673846746694664,48.24784379528636],[16.68057494263352,48.24765045700153],[16.680285196915722,48.243156557641]]],[[[16.600116124874802,48.25443891839926],[16.586939033712262,48.25931000639206],[16.600398990070335,48.258932994592406],[16.600116124874802,48.25443891839926]]],[[[16.66885104721599,48.27500015080681],[16.689336787074385,48.27891366144468],[16.68144448089314,48.261132102016795],[16.661254507817052,48.26171109671556],[16.675003904574126,48.26581936975601],[16.66885104721599,48.27500015080681]]],[[[16.55356713115205,48.264739902676595],[16.554403942410246,48.27822238514033],[16.56758889234523,48.273355019037695],[16.567028737922215,48.26436675174151],[16.55356713115205,48.264739902676595]]],[[[16.655675191602867,48.279878979859355],[16.64922995851794,48.28456478510155],[16.65596300992427,48.28437287323187],[16.655675191602867,48.279878979859355]]],[[[16.522674204622092,48.31060804587758],[16.52830341918852,48.29244679454394],[16.51483424614123,48.29281546130009],[16.514283024707453,48.28382701412876],[16.507549531752137,48.28401073207564],[16.508649834765823,48.301987652579975],[16.522674204622092,48.31060804587758]]],[[[16.54260658517811,48.30555898468007],[16.536147945109175,48.31023847478063],[16.54288474321286,48.3100531047719],[16.54260658517811,48.30555898468007]]],[[[16.53670323949264,48.319226718902314],[16.536147945109175,48.31023847478063],[16.529411098878665,48.310423455150556],[16.52996522684725,48.31941173064327],[16.53670323949264,48.319226718902314]]],[[[16.61138649873225,48.32615372791108],[16.604931505435726,48.330836989306995],[16.6116707328281,48.33064764288292],[16.61138649873225,48.32615372791108]]],[[[16.55129495487956,48.33683177787239],[16.52322716615083,48.31959635267535],[16.51759322195847,48.337757150361135],[16.491178671470372,48.34747878234696],[16.545111744839833,48.34600573349647],[16.544554704699237,48.33701763204363],[16.55129495487956,48.33683177787239]]],[[[16.591735435951033,48.33570846658959],[16.592300648586626,48.34469634600365],[16.599041725219546,48.34450773113541],[16.598475345186223,48.33551988370512],[16.591735435951033,48.33570846658959]]],[[[16.653256494984372,48.34747855787497],[16.640060732495837,48.35235547142042],[16.65354447900075,48.35197232893499],[16.653256494984372,48.34747855787497]]],[[[16.68022105229881,48.346707659531916],[16.680801741232248,48.35569506144305],[16.693994516034998,48.35081354406354],[16.693703029203192,48.34631987125559],[16.68022105229881,48.346707659531916]]],[[[16.66731722747795,48.3560813558322],[16.660863563284725,48.36076765395392],[16.667606479512,48.36057507531179],[16.66731722747795,48.3560813558322]]],[[[16.728585013355318,48.3633178815443],[16.722135994310143,48.3680075548175],[16.72887962324583,48.36781143347308],[16.728585013355318,48.3633178815443]]],[[[16.547899847406438,48.390945673361095],[16.54143102885785,48.395625283580024],[16.548178923967324,48.39543961466592],[16.547899847406438,48.390945673361095]]],[[[16.63589711308896,48.39299040645746],[16.62943600074572,48.39767488851845],[16.636183842792462,48.39748413034612],[16.63589711308896,48.39299040645746]]],[[[16.54143102885785,48.395625283580024],[16.53496104027293,48.400304525304236],[16.541709568824185,48.40011923094149],[16.54143102885785,48.395625283580024]]],[[[16.66404222078006,48.41019811325082],[16.657581508182144,48.41488411730968],[16.66433149083601,48.414691732946594],[16.66404222078006,48.41019811325082]]],[[[16.69866519281799,48.42271100149056],[16.692206054714894,48.42739889497917],[16.698957541256753,48.42720450942633],[16.69866519281799,48.42271100149056]]],[[[16.61793637903986,48.429511366212594],[16.61089955476411,48.42520734655427],[16.611184290822386,48.42970106622818],[16.61793637903986,48.429511366212594]]],[[[16.53690807702975,48.43176199321478],[16.550692795652473,48.435884646940266],[16.551811334569933,48.45385995951063],[16.55856679478723,48.45367369506291],[16.558006255676414,48.44468609037636],[16.5647604947514,48.44449946690494],[16.55772605919232,48.44019227301591],[16.55632580697744,48.417723037167946],[16.542824212622627,48.418094922930905],[16.542266793911583,48.409107096483744],[16.535517094903376,48.40929242228033],[16.53690807702975,48.43176199321478]]],[[[16.698957541256753,48.42720450942633],[16.699542390552306,48.43619149541486],[16.713047553624047,48.43580148686077],[16.712753932224874,48.43130803193383],[16.698957541256753,48.42720450942633]]],[[[16.719800058668795,48.43560589684479],[16.71334122605413,48.4402949317765],[16.720094316852354,48.44009932517056],[16.719800058668795,48.43560589684479]]],[[[16.692789732728123,48.43638591394436],[16.68632835346379,48.44107345291472],[16.693081647818115,48.44087940843163],[16.692789732728123,48.43638591394436]]],[[[16.63172694937213,48.43362445610329],[16.632586876461872,48.447105380325674],[16.639341159071485,48.446914444098766],[16.638479474247898,48.43343356845619],[16.63172694937213,48.43362445610329]]],[[[16.72684735650797,48.43990332804471],[16.72038862618154,48.444592743455274],[16.72714225167874,48.444396729704756],[16.72684735650797,48.43990332804471]]],[[[16.68632835346379,48.44107345291472],[16.6798658024748,48.44576062419499],[16.6866197333857,48.44556695382699],[16.68632835346379,48.44107345291472]]],[[[16.57151468501775,48.44431245281633],[16.5650413260996,48.448993258432196],[16.571796102507363,48.448806228479384],[16.57151468501775,48.44431245281633]]],[[[16.6798658024748,48.44576062419499],[16.67340207953187,48.450447427658396],[16.680156647025697,48.450254131474296],[16.6798658024748,48.44576062419499]]],[[[16.552370895780633,48.46284755556774],[16.55293065162786,48.4718351111725],[16.55968845793492,48.47164878351044],[16.55912752883952,48.46266125951602],[16.552370895780633,48.46284755556774]]],[[[16.628409739225017,48.48773829851553],[16.6219360951931,48.492422160727095],[16.628696343349716,48.492231844344985],[16.628409739225017,48.48773829851553]]],[[[16.601655052551195,48.49299076416969],[16.595178324031057,48.49767313263858],[16.601939357838408,48.497484364058835],[16.601655052551195,48.49299076416969]]],[[[16.710109101509126,48.49441089453285],[16.70364203430444,48.499099263832164],[16.71040285146495,48.49890422331817],[16.710109101509126,48.49441089453285]]],[[[16.650130750933904,48.50963243472864],[16.643656332279416,48.514317450424954],[16.650419367143087,48.51412587997907],[16.650130750933904,48.50963243472864]]],[[[16.508108966982967,48.51357294301935],[16.50162117618337,48.51825007906796],[16.508385242452487,48.51806672261466],[16.508108966982967,48.51357294301935]]],[[[16.541925636082336,48.512650371359],[16.54276342467407,48.52613144392993],[16.54952837658688,48.52594570891939],[16.54868882453354,48.51246468361995],[16.541925636082336,48.512650371359]]],[[[16.664235127723924,48.51823496797158],[16.657760910248548,48.52292074491249],[16.664525019842355,48.522728359635806],[16.664235127723924,48.51823496797158]]],[[[16.684525390273116,48.51765551439794],[16.671579609349113,48.52702894797922],[16.68540050805322,48.531135510254565],[16.684525390273116,48.51765551439794]]],[[[16.583352403127243,48.52501116556735],[16.584201215121638,48.538491858393655],[16.59096763726053,48.538303728210174],[16.590117061116526,48.52482308326605],[16.583352403127243,48.52501116556735]]],[[[16.692165590777552,48.530941527473175],[16.68569231556464,48.53562882105503],[16.69245798624478,48.53543482181435],[16.692165590777552,48.530941527473175]]],[[[16.5971657337135,48.52912815263969],[16.597734010016513,48.53811520672669],[16.60450033328752,48.53792629394741],[16.603930880834326,48.52893927191599],[16.5971657337135,48.52912815263969]]],[[[16.624226024421816,48.52837028240953],[16.61860483481861,48.546534209813466],[16.63242673969164,48.55064699003175],[16.63099097268598,48.5281798368096],[16.624226024421816,48.52837028240953]]],[[[16.597734010016513,48.53811520672669],[16.591251261396344,48.54279725536235],[16.598018222393417,48.5426087178818],[16.597734010016513,48.53811520672669]]],[[[16.685984173890525,48.540122121232685],[16.67950918530834,48.54480905161658],[16.686276083044127,48.54461541075925],[16.685984173890525,48.540122121232685]]],[[[16.720109807112202,48.543641336954224],[16.713637477549234,48.5483301470947],[16.720404708283116,48.54813453314882],[16.720109807112202,48.543641336954224]]],[[[16.67950918530834,48.54480905161658],[16.673033020267592,48.549495612839095],[16.679800557027743,48.54930234689503],[16.67950918530834,48.54480905161658]]],[[[16.633001396664156,48.55963377665753],[16.61974944046846,48.56450791222362],[16.633288800239157,48.56412715385838],[16.633001396664156,48.55963377665753]]],[[[16.620035716528786,48.569001310957354],[16.60029370452451,48.57855642207831],[16.620608418318042,48.577988075984784],[16.620035716528786,48.569001310957354]]],[[[16.681258177172463,48.57176866213581],[16.6680076656057,48.57664822994196],[16.681549853603773,48.57626189275619],[16.681258177172463,48.57176866213581]]],[[[16.513366437804855,48.59895294275429],[16.506868375513147,48.603630171496],[16.51364362928299,48.60344651916626],[16.513366437804855,48.59895294275429]]],[[[16.64265259492417,48.604375947921085],[16.643229634488513,48.61336244070012],[16.65000567115777,48.613170904118554],[16.64942745212309,48.6041844438482],[16.64265259492417,48.604375947921085]]],[[[16.67710931258265,48.612400839534295],[16.670624432956032,48.617087107951235],[16.677400857155476,48.61689398768544],[16.67710931258265,48.612400839534295]]],[[[16.6028574169869,48.61899675813145],[16.596364955537872,48.623678899335715],[16.60314252235975,48.62349007363268],[16.6028574169869,48.61899675813145]]],[[[16.698023189425673,48.6208053634793],[16.691539154499115,48.625492768744046],[16.698316605752897,48.625298439969484],[16.698023189425673,48.6208053634793]]],[[[16.60992003945041,48.62330085600363],[16.603427677466755,48.62798337799614],[16.610205784729978,48.62779414430621],[16.60992003945041,48.62330085600363]]],[[[16.67091543843929,48.6215802613661],[16.671497601698196,48.63056653470533],[16.678275796020788,48.63037336526098],[16.67769245257725,48.621387124709116],[16.67091543843929,48.6215802613661]]],[[[16.561913298794536,48.615630315394725],[16.56332136785614,48.638097315410306],[16.570100952853878,48.63791040181057],[16.568689932541186,48.61544348110313],[16.561913298794536,48.615630315394725]]],[[[16.68534627773879,48.63467289091326],[16.67885934301968,48.639359560963925],[16.68563866702479,48.63916596671347],[16.68534627773879,48.63467289091326]]],[[[16.610777424851424,48.63678068738025],[16.604283441322767,48.641463223977425],[16.61106331971939,48.64127394209521],[16.610777424851424,48.63678068738025]]],[[[16.56332136785614,48.638097315410306],[16.55682290436554,48.642777219270044],[16.56360312908853,48.64259068188779],[16.56332136785614,48.638097315410306]]],[[[16.57038330464442,48.64240375242161],[16.563884939490936,48.647084037124145],[16.57066570570769,48.64689709178995],[16.57038330464442,48.64240375242161]]],[[[16.57772946374134,48.6512030665373],[16.57123065570397,48.65588373668554],[16.578012554242203,48.65569636743103],[16.57772946374134,48.6512030665373]]],[[[16.654058857993288,48.676074870977125],[16.654638693608657,48.68506096995441],[16.674703133690645,48.67999023045512],[16.67441146729463,48.675497224246854],[16.654058857993288,48.676074870977125]]],[[[16.63428208049018,48.68563518351323],[16.6348585690715,48.694621333815135],[16.64164534046106,48.69443028922948],[16.64106766865903,48.68544417136224],[16.63428208049018,48.68563518351323]]],[[[16.518919465831654,48.68882235338083],[16.512410556389725,48.69349966929945],[16.5191976264565,48.693315704909274],[16.518919465831654,48.68882235338083]]],[[[16.58706563780049,48.69145447537288],[16.57320953467813,48.687336635522136],[16.567270504267814,48.70100341287097],[16.58763394235629,48.700440827713784],[16.58706563780049,48.69145447537288]]],[[[16.486087685423996,48.70771182054015],[16.506177537061028,48.70266997202809],[16.512410556389725,48.69349966929945],[16.484986590767576,48.68973817270849],[16.486087685423996,48.70771182054015]]],[[[16.533051013691036,48.69743990734649],[16.526542298837356,48.70211798513971],[16.53333045546771,48.70193320442305],[16.533051013691036,48.69743990734649]]],[[[16.65016984026665,48.721196829009834],[16.66995733982484,48.711634022010514],[16.655508826843906,48.698540031764274],[16.641934252042127,48.698923330780275],[16.65016984026665,48.721196829009834]]],[[[16.677330424823197,48.72042676447412],[16.67024882194472,48.716126951648654],[16.670540355000895,48.72061986954083],[16.677330424823197,48.72042676447412]]],[[[16.67762260114586,48.724919654196135],[16.691497184320223,48.72902507835401],[16.691203772131598,48.724532233331225],[16.67762260114586,48.724919654196135]]],[[[16.69858234129774,48.73332357915086],[16.691497184320223,48.72902507835401],[16.691790647794715,48.733517911541014],[16.69858234129774,48.73332357915086]]],[[[16.657540912040478,48.72999076763389],[16.651039413166536,48.73467565890744],[16.657831412899306,48.73448368281721],[16.657540912040478,48.72999076763389]]],[[[16.644536729052803,48.73936017816243],[16.651039413166536,48.73467565890744],[16.644247362756715,48.73486724226602],[16.644536729052803,48.73936017816243]]],[[[16.680254487633214,48.76535512711107],[16.673750584234835,48.77004118303132],[16.68054717522003,48.76984789751801],[16.680254487633214,48.76535512711107]]],[[[16.66724549402356,48.77472686667426],[16.673750584234835,48.77004118303132],[16.666953942155924,48.770234075559436],[16.66724549402356,48.77472686667426]]],[[[16.626461013295724,48.7758760665007],[16.633835873464022,48.78467122449129],[16.65394128572003,48.77960431708749],[16.639477737682395,48.76650884735222],[16.626461013295724,48.7758760665007]]],[[[16.612865782219576,48.77625598876809],[16.60635435151311,48.780938285264924],[16.613152636056064,48.78074889763165],[16.612865782219576,48.77625598876809]]],[[[16.592472559544547,48.77682292423242],[16.57916071352063,48.78169190481225],[16.592757632273955,48.78131588124415],[16.592472559544547,48.77682292423242]]],[[[16.966672932376373,47.71217005719109],[16.960325328845443,47.7168739134146],[16.966984289948336,47.71666397461168],[16.966672932376373,47.71217005719109]]],[[[16.961880069102456,47.739343503814325],[16.95552874436091,47.74404706469067],[16.96219117710479,47.74383740459793],[16.961880069102456,47.739343503814325]]],[[[16.908583681807627,47.74100985443724],[16.90222737364002,47.74571047365368],[16.908890229646538,47.745503896220754],[16.908583681807627,47.74100985443724]]],[[[16.748674538712045,47.74586093595271],[16.728974985420145,47.75094621509568],[16.72955743721167,47.75993520232613],[16.749553276059896,47.759344275467974],[16.748674538712045,47.74586093595271]]],[[[16.929186792738314,47.74937583518096],[16.930420565091104,47.76735170973037],[16.937086061842017,47.76714350286161],[16.93585000801681,47.74916769877142],[16.929186792738314,47.74937583518096]]],[[[16.844065482637124,47.774517497009604],[16.838000008522428,47.783708699856724],[16.85830613139689,47.78759308740174],[16.85739892684105,47.77411068693112],[16.844065482637124,47.774517497009604]]],[[[16.97801579443609,47.77936763778828],[16.964993551474958,47.78428224594069],[16.97832852473072,47.78386144948895],[16.97801579443609,47.77936763778828]]],[[[16.824663970707874,47.784113264861425],[16.82406492902708,47.775124820204994],[16.804361695284044,47.78022294941517],[16.804957413190337,47.789211484289645],[16.824663970707874,47.784113264861425]]],[[[17.018964626074712,47.79157719586919],[17.012612094613925,47.796283840185716],[17.019280943810525,47.79607088159909],[17.018964626074712,47.79157719586919]]],[[[16.905290039450932,47.790650741867616],[16.90590320347636,47.79963872328243],[16.912572908061584,47.7994319359716],[16.911958601630975,47.79044398955371],[16.905290039450932,47.790650741867616]]],[[[16.8801371428607,47.81394415003766],[16.872553893024087,47.800666873595624],[16.85284576992838,47.80577325496316],[16.86012194247335,47.814557724148266],[16.8801371428607,47.81394415003766]]],[[[17.01419164137014,47.81875226572398],[17.019913742179895,47.805058234494666],[17.00594319122351,47.79649641310204],[17.000848067041535,47.819177205649495],[17.01419164137014,47.81875226572398]]],[[[16.94623072693971,47.80288608942753],[16.919242559917212,47.79922476292189],[16.920474091607858,47.817200511581085],[16.953522165192968,47.811664668073],[16.94623072693971,47.80288608942753]]],[[[17.000848067041535,47.819177205649495],[16.99449055588641,47.82388281701839],[17.00116299586088,47.82367090788365],[17.000848067041535,47.819177205649495]]],[[[16.900764419883323,47.82231505765111],[16.887113875827414,47.81823286881679],[16.88135558566753,47.831920242735265],[16.901377177473574,47.8313029869603],[16.900764419883323,47.82231505765111]]],[[[16.98813190130467,47.82858807200444],[16.98938779798819,47.84656293499824],[16.996063151778632,47.84635132221322],[16.994804967034206,47.82837653084681],[16.98813190130467,47.82858807200444]]],[[[16.875290008011984,47.841113265826344],[16.88894560023834,47.845196827720166],[16.888640181722888,47.840702850463444],[16.875290008011984,47.841113265826344]]],[[[16.89592722408211,47.84948497695608],[16.88894560023834,47.845196827720166],[16.88925107123076,47.849690798554306],[16.89592722408211,47.84948497695608]]],[[[16.956010221653642,47.84761520812455],[16.949645220779523,47.85231831096758],[16.95632146918056,47.85210899681852],[16.956010221653642,47.84761520812455]]],[[[17.01735480663888,47.863688639584076],[17.00431526104301,47.868607576883235],[17.01767142217143,47.86818224115609],[17.01735480663888,47.863688639584076]]],[[[17.085416302113785,47.879512610664676],[17.079059068980495,47.88422279960351],[17.0857388646553,47.88400600354945],[17.085416302113785,47.879512610664676]]],[[[16.97948249787388,47.89641572912856],[16.973113665208835,47.90112005994213],[16.979796054659108,47.900909391434276],[16.97948249787388,47.89641572912856]]],[[[17.094358584366766,47.91074892541103],[17.087998356053784,47.915459563099034],[17.09468210894319,47.91524225204457],[17.094358584366766,47.91074892541103]]],[[[17.081636980565914,47.92016984409397],[17.087998356053784,47.915459563099034],[17.08131454761012,47.91567648765002],[17.081636980565914,47.92016984409397]]],[[[17.04121053580879,47.91696991811871],[17.04184857226147,47.92595684303982],[17.068268050075087,47.92060257029666],[17.06794676445286,47.91610917722268],[17.04121053580879,47.91696991811871]]],[[[16.987735451207676,47.918672845862964],[16.988364306167288,47.9276600591382],[16.99505002984122,47.92744851031358],[16.994420027096798,47.9184613328541],[16.987735451207676,47.918672845862964]]],[[[16.907516350362037,47.921180847910726],[16.901138018300937,47.92588117503634],[16.90782386359334,47.925674670359975],[16.907516350362037,47.921180847910726]]],[[[17.01542367994464,47.93130506839985],[17.03484475827483,47.92167762109119],[17.008105138158825,47.92253070342723],[17.01542367994464,47.93130506839985]]],[[[16.91450965597119,47.92546777902251],[16.908131429742358,47.9301684858809],[16.91481779622751,47.92996157702655],[16.91450965597119,47.92546777902251]]],[[[16.834276676717668,47.92792495444911],[16.820603733381816,47.92383502277628],[16.814516786260352,47.933024604951704],[16.82789093166188,47.9326212287327],[16.834276676717668,47.92792495444911]]],[[[16.92150410968606,47.929754281482914],[16.915125989513566,47.93445536807259],[16.92181287716414,47.934248054977694],[16.92150410968606,47.929754281482914]]],[[[16.982934590950677,47.94584563544543],[16.988364306167288,47.9276600591382],[16.98167852838485,47.92787122132385],[16.982306451585274,47.93685844244743],[16.9555582082347,47.93769936708522],[16.982934590950677,47.94584563544543]]],[[[16.80842769639418,47.94221384081773],[16.787767877640665,47.933826716279896],[16.781673986635866,47.94301454065876],[16.80842769639418,47.94221384081773]]],[[[16.928809106572654,47.9385341040868],[16.92243057155949,47.94323558097626],[16.929118554723253,47.94302784599085],[16.928809106572654,47.9385341040868]]],[[[16.923048478631856,47.95222307880065],[16.91666775186889,47.95692421795504],[16.92335751195622,47.95671681707767],[16.923048478631856,47.95222307880065]]],[[[16.97687366891732,47.955043682734235],[16.977814883872274,47.96852442963689],[16.9978877272044,47.967890460190794],[16.996941339563218,47.95440987430054],[16.97687366891732,47.955043682734235]]],[[[16.870446977945512,47.96735292537017],[16.89751867381543,47.97102548138549],[16.923666598491007,47.96121054822736],[16.909977938672807,47.95713123194709],[16.870446977945512,47.96735292537017]]],[[[17.078174183971853,47.96531976011512],[17.06511497808323,47.9702454122125],[17.07849665318341,47.96981305665445],[17.078174183971853,47.96531976011512]]],[[[16.97175042466989,47.977722143088194],[16.965370968844596,47.98242592998972],[16.972063804007764,47.98221571427352],[16.97175042466989,47.977722143088194]]],[[[16.958678079799686,47.982635758656436],[16.952296844418164,47.987338817452155],[16.95899036255172,47.987129358103864],[16.958678079799686,47.982635758656436]]],[[[16.784347106280695,47.983461377549524],[16.784941695797883,47.992449484699144],[16.80502603463335,47.991848980973536],[16.804427991625058,47.982860975522854],[16.784347106280695,47.983461377549524]]],[[[16.824809135698423,47.98675104459054],[16.82541073559593,47.99573893318696],[16.832105832779938,47.995536812232686],[16.83150308165445,47.986548957866454],[16.824809135698423,47.98675104459054]]],[[[17.03962759608396,47.98907903119229],[17.046640853013812,47.993357873085245],[17.046320982382937,47.98886452191421],[17.03962759608396,47.98907903119229]]],[[[17.053655260672013,47.99763628411256],[17.046640853013812,47.993357873085245],[17.046960778755818,47.99785121684545],[17.053655260672013,47.99763628411256]]],[[[16.7715518802613,47.992847884507405],[16.772144371458968,48.00183602999413],[16.785536490245818,48.00143756270035],[16.784941695797883,47.992449484699144],[16.7715518802613,47.992847884507405]]],[[[16.96630970468613,47.99590665299842],[16.95323228902185,48.00081962490955],[16.96662272446811,48.000400212593085],[16.96630970468613,47.99590665299842]]],[[[17.081078407258836,48.00575916453796],[17.074705389705567,48.010468930733175],[17.081401376781404,48.010252394550015],[17.081078407258836,48.00575916453796]]],[[[16.805923485647266,48.005330934388645],[16.826915642753836,48.01820852599844],[16.83240728624244,48.000030728439526],[16.805923485647266,48.005330934388645]]],[[[16.854010680322972,48.02189120314428],[16.84670660397797,48.0131068919456],[16.833311958390016,48.013512432819226],[16.83421709845965,48.02699407025068],[16.854010680322972,48.02189120314428]]],[[[17.015073606602556,48.02138713285936],[17.008692716929197,48.02609324009285],[17.015390983110308,48.025880522124304],[17.015073606602556,48.02138713285936]]],[[[16.921610322658697,48.028823323257654],[16.915220087908274,48.03352426637946],[16.921919686068303,48.03331695415757],[16.921610322658697,48.028823323257654]]],[[[16.73343162832027,48.02549287425119],[16.74101213687261,48.03877837752811],[16.747713087184305,48.03858114035086],[16.746830119810856,48.025098887582224],[16.73343162832027,48.02549287425119]]],[[[16.888114682434576,48.02985592240598],[16.881721300436006,48.03455501570996],[16.888421163823477,48.03434964076279],[16.888114682434576,48.02985592240598]]],[[[16.915220087908274,48.03352426637946],[16.908828700294904,48.0382248495389],[16.915528928187786,48.03801790723705],[16.915220087908274,48.03352426637946]]],[[[16.815320216517325,48.0455752466906],[16.81471978172728,48.03658745367732],[16.82751796886404,48.027196311064024],[16.807719780398937,48.03229464131188],[16.808618624856756,48.045776393309964],[16.815320216517325,48.0455752466906]]],[[[16.908828700294904,48.0382248495389],[16.902436159593123,48.042925072610444],[16.90913701724636,48.04271850029692],[16.908828700294904,48.0382248495389]]],[[[16.754413986728242,48.038383515616886],[16.748007511166154,48.04307520953096],[16.754708987522147,48.04287756805715],[16.754413986728242,48.038383515616886]]],[[[16.734311135892234,48.03897522714433],[16.727902777809295,48.04366580839842],[16.73460440621061,48.04346932970593],[16.734311135892234,48.03897522714433]]],[[[16.76141041299815,48.042679538998186],[16.75500403919906,48.047371612911064],[16.761706041573074,48.04717356707783],[16.76141041299815,48.042679538998186]]],[[[16.989543133356236,48.04020940759693],[16.990489164885712,48.0536896762364],[16.997191053439764,48.053478012800255],[16.99624329205177,48.03999779793278],[16.989543133356236,48.04020940759693]]],[[[16.788811527581878,48.050871460685116],[16.78240661461586,48.05556503614371],[16.789109566413686,48.0553654060667],[16.788811527581878,48.050871460685116]]],[[[17.010911849990887,48.057546876788436],[16.997191053439764,48.053478012800255],[16.99782316686329,48.062464783957374],[17.011546380245463,48.066533560423686],[17.010911849990887,48.057546876788436]]],[[[16.930479992339635,48.060070773720916],[16.92408672438371,48.06477215606413],[16.93079030651409,48.0645643332249],[16.930479992339635,48.060070773720916]]],[[[17.01856775993189,48.070813992284016],[17.01218112947947,48.07552021266774],[17.018885739100007,48.07530729643522],[17.01856775993189,48.070813992284016]]],[[[16.750364732344494,48.079027487574514],[16.743952890827476,48.083718891808644],[16.75065961385442,48.08352148748557],[16.750364732344494,48.079027487574514]]],[[[16.985677291834826,48.080861386553536],[16.9725803649475,48.085776403692684],[16.98599249377062,48.08535476472054],[16.985677291834826,48.080861386553536]]],[[[17.025590293851444,48.07509399249839],[17.012498586249162,48.08001352694809],[17.020158204637767,48.093280433703946],[17.026865069010665,48.09306705748639],[17.025590293851444,48.07509399249839]]],[[[16.858264368136833,48.08480398903979],[16.858872877032372,48.093791405409355],[16.87228797900767,48.093382918279545],[16.864666036686394,48.080106271241114],[16.837539954582702,48.0764261558489],[16.83844728309236,48.08990747086853],[16.858264368136833,48.08480398903979]]],[[[16.85246900253899,48.09848878063893],[16.858872877032372,48.093791405409355],[16.852165247201814,48.093995067107954],[16.85246900253899,48.09848878063893]]],[[[16.940294271544435,48.10479764517003],[16.939360309342746,48.09131720914948],[16.91954870352976,48.096434534126594],[16.920477625441304,48.10991510463203],[16.940294271544435,48.10479764517003]]],[[[17.04890954717481,48.11938363160246],[17.0425196992726,48.124091441657164],[17.04923044363242,48.12387677471291],[17.04890954717481,48.11938363160246]]],[[[17.069362343775268,48.12323044562309],[17.049551395516474,48.128369909602355],[17.069685030491307,48.12772352575892],[17.069362343775268,48.12323044562309]]],[[[16.976038463088326,48.13520342556331],[16.976982721550044,48.148683350602425],[16.990411039768215,48.14826121128039],[16.982750913206935,48.134992603619686],[16.976038463088326,48.13520342556331]]],[[[16.99167544546351,48.1662341846698],[16.98432784353247,48.15745901436718],[16.964181647298087,48.15809058318404],[16.96512324641935,48.17157048961694],[16.99167544546351,48.1662341846698]]],[[[16.866497002999335,48.20613135525468],[16.865580367280995,48.19265083802803],[16.83839546515391,48.1889710809903],[16.846026665882523,48.202248920769215],[16.866497002999335,48.20613135525468]]],[[[16.925750619075735,48.18630360916059],[16.89276911727293,48.19632422989652],[16.893384902278218,48.20531109377171],[16.907137665739228,48.20939201473684],[16.913240607986683,48.20019844098796],[16.933092404408296,48.19508238679706],[16.925750619075735,48.18630360916059]]],[[[16.936208293890683,48.24001530488547],[16.948721751569884,48.22611821733925],[16.921823954356952,48.22695127031034],[16.922445132505544,48.235937871873986],[16.936208293890683,48.24001530488547]]],[[[16.794946515322238,48.24430417450097],[16.78851828517087,48.24899775105617],[16.795246195877507,48.24879778139061],[16.794946515322238,48.24430417450097]]],[[[16.84937198855166,48.25167747885436],[16.842947769235742,48.25637404774718],[16.849676424779624,48.256170931153804],[16.84937198855166,48.25167747885436]]],[[[16.8239704522475,48.27495505694961],[16.84446783281492,48.27884126050574],[16.857015221389222,48.264954268666635],[16.823063650008223,48.26147457485001],[16.8239704522475,48.27495505694961]]],[[[16.749628559304227,48.27265788873412],[16.750220447007894,48.281645222083235],[16.77041717094331,48.28105079685837],[16.769524178162122,48.26756993444894],[16.749628559304227,48.27265788873412]]],[[[16.820259516086484,48.32009120375751],[16.813824177493743,48.32478603164985],[16.820561829751707,48.324584604704285],[16.820259516086484,48.32009120375751]]],[[[16.807387672766293,48.3294804946709],[16.813824177493743,48.32478603164985],[16.807086472913763,48.32498706896645],[16.807387672766293,48.3294804946709]]],[[[16.7936109071906,48.32538797469501],[16.787172496641865,48.33008131973886],[16.79391094075033,48.32988143438995],[16.7936109071906,48.32538797469501]]],[[[16.7350328643026,48.358627842045465],[16.728585013355318,48.3633178815443],[16.735328007064677,48.36312138687947],[16.7350328643026,48.358627842045465]]],[[[16.735623201049496,48.36761492214584],[16.729174284271405,48.37230497580772],[16.735918446270357,48.3721084478164],[16.735623201049496,48.36761492214584]]],[[[16.81010082377836,48.36992090011513],[16.8036583697401,48.37461506556628],[16.810402546622274,48.37441423066051],[16.81010082377836,48.36992090011513]]],[[[16.8036583697401,48.37461506556628],[16.7904698816966,48.37950893723873],[16.803959560708805,48.37910840347154],[16.8036583697401,48.37461506556628]]],[[[16.783724964017825,48.37970861906086],[16.77053329412068,48.38460022543403],[16.784024454140905,48.38420199816751],[16.783724964017825,48.37970861906086]]],[[[16.77053329412068,48.38460022543403],[16.764085424935242,48.389292173929526],[16.77083166721614,48.38909362859127],[16.77053329412068,48.38460022543403]]],[[[16.75912343925036,48.41645074436137],[16.77292173027324,48.42054717626108],[16.771130092119925,48.39358702200369],[16.764383265205378,48.393785584179454],[16.765873242635717,48.41625248829707],[16.75912343925036,48.41645074436137]]],[[[16.758825925395165,48.411957366436354],[16.752373584181285,48.41664861009712],[16.75912343925036,48.41645074436137],[16.758825925395165,48.411957366436354]]],[[[16.799621480762514,48.41525535320061],[16.7931724289932,48.419948844453394],[16.799922557627703,48.41974861983236],[16.799621480762514,48.41525535320061]]],[[[16.81372495758898,48.42384022221044],[16.807276115275094,48.4285344742351],[16.814027309821213,48.428333434851446],[16.81372495758898,48.42384022221044]]],[[[16.841641107574223,48.4365116315917],[16.842860835189818,48.454484026816004],[16.849615279937034,48.45428093219271],[16.848393209324176,48.43630860585691],[16.841641107574223,48.4365116315917]]],[[[16.761207484220726,48.447904110771184],[16.761803391468554,48.456890696344004],[16.76855846579181,48.45669228888791],[16.767961386514585,48.44770573696948],[16.761207484220726,48.447904110771184]]],[[[16.763890699500177,48.48834342421206],[16.77005207263973,48.47915849029596],[16.749480833093124,48.47525952259058],[16.75007501578501,48.48424605267326],[16.763890699500177,48.48834342421206]]],[[[16.777109490747687,48.48345280049148],[16.770649879125152,48.48814489891235],[16.7774090067488,48.4879459827595],[16.777109490747687,48.48345280049148]]],[[[16.844997400545033,48.48593532528217],[16.838543647800844,48.49063116826577],[16.845302836547216,48.49042832661985],[16.844997400545033,48.48593532528217]]],[[[16.838543647800844,48.49063116826577],[16.832088721489104,48.49532664437927],[16.8388485501103,48.495124176401006],[16.838543647800844,48.49063116826577]]],[[[16.83269751127664,48.50431266366655],[16.832088721489104,48.49532664437927],[16.80535089907888,48.50062569070156],[16.80565297212914,48.505118763493215],[16.83269751127664,48.50431266366655]]],[[[16.798891705676667,48.505319311052595],[16.792431337931465,48.51001256394643],[16.799193244077426,48.509812390374165],[16.798891705676667,48.505319311052595]]],[[[16.778008195082883,48.49693231617427],[16.779207197459108,48.51490485772962],[16.79303339741819,48.51899872499668],[16.784768444407383,48.49673297535554],[16.778008195082883,48.49693231617427]]],[[[16.768970473521822,48.564726487652784],[16.76249994114578,48.569417950075085],[16.769269752307032,48.56921951282222],[16.768970473521822,48.564726487652784]]],[[[16.796348474490557,48.56842184931895],[16.789879969549045,48.57311481594503],[16.796650160193554,48.57291479593283],[16.796348474490557,48.56842184931895]]],[[[16.79018111904714,48.57760776862844],[16.769269752307032,48.56921951282222],[16.742784199458946,48.5789970650929],[16.79018111904714,48.57760776862844]]],[[[16.72187998487606,48.57060035282098],[16.722765767905752,48.58407971456791],[16.729537656515873,48.58388357620379],[16.73542017710425,48.570207784462745],[16.72187998487606,48.57060035282098]]],[[[16.796650160193554,48.57291479593283],[16.797253689321572,48.581900656421446],[16.804025005023146,48.58170021092589],[16.80342029827172,48.57271438445159],[16.796650160193554,48.57291479593283]]],[[[16.899439252346287,48.58783816465237],[16.898196654696125,48.56986752196931],[16.878197121023064,48.574976751925476],[16.88558615283883,48.58375701695598],[16.899439252346287,48.58783816465237]]],[[[16.8717352468939,48.57967422250899],[16.878814887436604,48.58396217793381],[16.878505977318174,48.57946947042005],[16.8717352468939,48.57967422250899]]],[[[16.865887821104927,48.59335677675497],[16.892977701845073,48.59253677673344],[16.892667506046937,48.58804412612119],[16.878814887436604,48.58396217793381],[16.865887821104927,48.59335677675497]]],[[[16.763994172894176,48.59188299653984],[16.75751977834922,48.59657411957609],[16.764293175528177,48.59637597292153],[16.763994172894176,48.59188299653984]]],[[[16.865887821104927,48.59335677675497],[16.845875972723288,48.598460426061074],[16.86619571452599,48.597849485882854],[16.865887821104927,48.59335677675497]]],[[[16.8797419408724,48.59744023430776],[16.873277390917494,48.602137736594],[16.880051066424734,48.60193289761584],[16.8797419408724,48.59744023430776]]],[[[16.873585981040087,48.60663040616315],[16.860344755108805,48.61153163691732],[16.873894624968088,48.61112306458378],[16.873585981040087,48.60663040616315]]],[[[16.853569739710622,48.611735335495695],[16.847101010297933,48.61643135880098],[16.853876668789518,48.616228034700306],[16.853569739710622,48.611735335495695]]],[[[16.767286071076914,48.64130512508319],[16.760805762145537,48.64599631023452],[16.767585647852826,48.64579797851245],[16.767286071076914,48.64130512508319]]],[[[16.748139562983262,48.659870440914695],[16.7416551719208,48.664560521784864],[16.74843757653836,48.664363299205455],[16.748139562983262,48.659870440914695]]],[[[16.802392192420584,48.65827867771699],[16.803300570087888,48.67175681281008],[16.81008368454867,48.67155602679481],[16.809173534452313,48.658077942823375],[16.802392192420584,48.65827867771699]]],[[[16.75521992913585,48.66416568445807],[16.748735642116607,48.66885614604128],[16.755518585633638,48.66865851451905],[16.75521992913585,48.66416568445807]]],[[[16.843998460213697,48.6705462138894],[16.83752146486123,48.67524156396579],[16.836604065347796,48.66176371999372],[16.816258744659613,48.66236950489962],[16.810387173846433,48.676048698435984],[16.824563927908557,48.68463115584177],[16.85817930253432,48.67912463473009],[16.843998460213697,48.6705462138894]]],[[[16.803300570087888,48.67175681281008],[16.796819710011192,48.67644991232226],[16.803603468370493,48.676249501495235],[16.803300570087888,48.67175681281008]]],[[[16.76938420679657,48.67275485981194],[16.762900128562165,48.677446082817795],[16.769684149796312,48.677247633218734],[16.76938420679657,48.67275485981194]]],[[[16.776468118661093,48.677048791365245],[16.769984145168525,48.68174039508069],[16.7767687052202,48.681541536347595],[16.776468118661093,48.677048791365245]]],[[[16.797122070048463,48.68094260646654],[16.790639489349328,48.685635341581374],[16.797424482883237,48.68543528903086],[16.797122070048463,48.68094260646654]]],[[[16.783553212785957,48.68134228533125],[16.77706934426832,48.68603426975513],[16.78385444311008,48.68583500182427],[16.783553212785957,48.68134228533125]]],[[[16.764397672390423,48.699909860362325],[16.75790971578595,48.7046007391751],[16.76469733811559,48.70440258093073],[16.764397672390423,48.699909860362325]]],[[[16.866813927453226,48.70587556727823],[16.867431276984345,48.71486043698287],[16.887796757365727,48.71424579219085],[16.886865488659282,48.700768626480645],[16.866813927453226,48.70587556727823]]],[[[16.744334314492423,48.704995878271404],[16.744930251630223,48.71398138498683],[16.75171916216959,48.71378397815694],[16.75112204121056,48.704798504956806],[16.744334314492423,48.704995878271404]]]]},"properties":{}}]}