{"type":"FeatureCollection","features":[{"type":"Feature","geometry":{"type":"MultiPolygon","coordinates":[[[[9.95680945314269,46.91371826008971],[9.956238434690539,46.922708242193345],[9.942543957124675,46.93130611916684],[9.909447091174235,46.934814093208345],[9.90857814909936,46.948298704613414],[9.928269031237312,46.948892182513205],[9.933970015678348,46.96257405296388],[9.967082530534773,46.959058922488154],[9.975068465645371,46.93677856620738],[9.981630868497078,46.93697292571129],[9.983047717294752,46.91449764662873],[9.95680945314269,46.91371826008971]]],[[[11.01324761786006,46.944787575812654],[11.013640288744803,46.93579310361546],[11.0070748377937,46.93565845783346],[11.006681058209413,46.94465290727589],[11.01324761786006,46.944787575812654]]],[[[11.05032548560253,47.152595161337146],[11.063703235902224,47.148361773498024],[11.058271148743364,47.12124632939589],[11.072024403971712,47.10801737542175],[11.072792104779378,47.09002810827782],[11.099889412550088,47.07255972247905],[11.100457772369623,47.05906761141412],[11.120576096853977,47.05045937822818],[11.121138966188205,47.036967152733176],[11.114560744621624,47.03683872839545],[11.108737052863434,47.01872036264963],[11.095585219387482,47.01846169780677],[11.096722678326818,46.991477462199725],[11.09034016399791,46.986850260457885],[11.103673030029428,46.98261214618121],[11.110809290581981,46.96924900383614],[11.13033238556604,46.974131220948976],[11.143844293569547,46.965390956510575],[11.163552755848773,46.96577000558722],[11.164654627133817,46.93878507738922],[11.145326517958614,46.929411305111024],[11.112501892729991,46.928772384234804],[11.112877677015362,46.919777575573775],[11.093755029847232,46.905897612441336],[11.080059386477236,46.91912926539695],[11.060176489408764,46.923233037200994],[11.047048484644083,46.922968752430165],[11.04106634414227,46.909344190644674],[11.027941858932714,46.90907769407034],[11.028526698587893,46.89558590998001],[11.021966166057886,46.895452125918524],[11.029111242026818,46.882094124540274],[11.015993529701865,46.88182624462636],[11.016385273096,46.87283176587054],[11.009827572581226,46.872697279248314],[11.017559710163594,46.84584833010947],[11.03027944115549,46.85511055256681],[11.049946304036451,46.85550932327926],[11.0431971379898,46.859874063523016],[11.04242276168431,46.877863201577796],[11.048981179583514,46.87799580173388],[11.048594901660037,46.88699039304646],[11.074833323891768,46.88751708688461],[11.088332368276069,46.87878343151664],[11.082534862443298,46.860663703922484],[11.06961345992887,46.85590467926615],[11.076359960049098,46.851538365789004],[11.070378343994248,46.83791536456667],[11.076931917442405,46.838046346789874],[11.084245474377626,46.82018755004205],[11.038967585746816,46.80577386305163],[11.027425875005655,46.76952915759782],[10.91575687153674,46.77619634368701],[10.909620256425907,46.76706196197419],[10.896325860299921,46.77127726595467],[10.883649354747329,46.76200004353122],[10.850093242156843,46.77927313069489],[10.811031931833085,46.77390593523897],[10.810606312191757,46.782899646350515],[10.790324433516579,46.79594978389611],[10.771114026491095,46.786512376647586],[10.73838217565267,46.78576518695179],[10.7248495311172,46.79445704666503],[10.75038514591944,46.80854892446828],[10.74994902468986,46.817542416767],[10.763049519375393,46.817841090326134],[10.755628776929445,46.83567898082603],[10.722646494901994,46.839424001271595],[10.742086274876192,46.84437291715482],[10.741429497777418,46.8578631213749],[10.721764239609808,46.85741078733567],[10.72088138866807,46.87539757318673],[10.72743864785506,46.87554878160732],[10.72677777704287,46.88903890812328],[10.739676465732527,46.89383699686615],[10.744046961316693,46.93895456664006],[10.750612116706366,46.939104434343484],[10.743827849169529,46.943451309238206],[10.742951030148001,46.96143827407192],[10.74930021433378,46.96608495744456],[10.742731732737438,46.96593501375364],[10.741854172192465,46.98392196555148],[10.74820594529142,46.988568708679296],[10.741415169246629,46.992915436909215],[10.754340381979494,46.99771185581923],[10.747110750393006,47.011052439880935],[10.753684820233481,47.01120212988425],[10.753247594147895,47.020195641287295],[10.766180510639238,47.024990709825744],[10.764002914951954,47.069958443700514],[10.743380146496147,47.087496929955265],[10.730213201267311,47.08719597661283],[10.702987032769084,47.10457607629481],[10.708681463086847,47.12271492390021],[10.734591581137785,47.13231368276323],[10.748208835936069,47.12362068197093],[10.74864776885559,47.11462722946044],[10.801988823735481,47.10232286568959],[10.802418465983058,47.093329197469714],[10.815800987667794,47.089124932723124],[10.816228182777213,47.08013120660557],[10.8298186762317,47.071428424220336],[10.83045563984404,47.05793774372052],[10.85082769417888,47.04488039958142],[10.853771069470621,46.981923207265226],[10.860341831922609,46.98206672501191],[10.860760635275394,46.97307280275457],[10.834270635062113,46.97699346040878],[10.834693806672261,46.96799963416039],[10.841262797545127,46.96814425600756],[10.83532829582958,46.95450888999225],[10.868165286181313,46.95522801534476],[10.86858255600758,46.94623406151795],[10.875148951376998,46.94637672227838],[10.875772929060673,46.93288575166044],[10.856497969913146,46.923462828023894],[10.863897151201583,46.90561831538144],[10.883581380992977,46.90604597236996],[10.88972954697819,46.9151817985269],[10.929105800591184,46.91602472384834],[10.955759565223882,46.907584808561985],[10.943040268504323,46.8983142142418],[10.95000402781509,46.889458318322056],[10.969682962689964,46.889871025969974],[10.98200720308288,46.90813299283361],[11.007861997807337,46.917669554372935],[11.007468484303864,46.92666400679283],[11.040290528059579,46.92733332279989],[11.046274492016458,46.94095792553731],[11.039514187426047,46.94532244952606],[11.045887299440809,46.94995250967825],[11.03932002024426,46.94981973015399],[11.038931587394359,46.95881428995382],[11.07196531579832,46.95497716280802],[11.071390841174795,46.96846916749878],[11.038737321709604,46.96331156907096],[11.038348691778813,46.9723061256027],[11.025013209524102,46.97653656841723],[11.030998796140397,46.99016197017472],[11.017658250443187,46.99439154799069],[11.017069564746759,47.00788326561552],[11.030023209639657,47.012648279245326],[11.036014148975463,47.02627340561464],[11.015891296292516,47.034866677560935],[11.015498274097622,47.043861140500105],[11.034845098210825,47.05325699770905],[11.04045282548626,47.075876388363675],[10.974225573925798,47.083522608247875],[10.973624856263447,47.09701405541179],[10.959849928413027,47.11023111603913],[10.97302383303949,47.11050549005547],[10.992188637865903,47.12440571700494],[10.991790931487792,47.13340005931599],[10.95843853643216,47.1417109149449],[10.971419608811681,47.14648258225556],[10.970415862442357,47.168968210740445],[11.002991375731543,47.178642575169775],[11.042565185005161,47.179446129419375],[11.05032548560253,47.152595161337146]],[[10.886271710963689,46.84758489656561],[10.919043517812732,46.8482892897307],[10.931746703435744,46.85756256999099],[10.93134078783467,46.866556748438605],[10.891794722011362,46.870211624121815],[10.87909547495966,46.86093386220343],[10.886271710963689,46.84758489656561]]],[[[10.537707906560618,46.988076212843744],[10.531374610327893,46.983417712412475],[10.531137330168935,46.98791402515143],[10.537707906560618,46.988076212843744]]],[[[10.653942683625937,47.0313996412371],[10.647594039104307,47.026747633588656],[10.647366401390743,47.03124417943159],[10.653942683625937,47.0313996412371]]],[[[10.653715563342528,47.03589619912255],[10.660519004301696,47.031554722496054],[10.653942683625937,47.0313996412371],[10.653715563342528,47.03589619912255]]],[[[10.686600329229815,47.03666786508834],[10.693401181003415,47.03232442047615],[10.686824669532932,47.0321712419998],[10.686600329229815,47.03666786508834]]],[[[10.136782753169955,47.09005794161808],[10.131287383821078,47.07189094873104],[10.137867046544384,47.07207627001627],[10.138408917822586,47.06308542491394],[10.151566156311635,47.06345486311164],[10.159221366025116,47.04565711657983],[10.14633861084656,47.04079311809528],[10.146878729402044,47.03180222205255],[10.127426404302794,47.02675127771729],[10.128241098626827,47.013265061168255],[10.155069410202715,47.00501383027826],[10.15587675970756,46.991527409086146],[10.11673125340097,46.985920648699114],[10.115914058242934,46.999406791444855],[10.096202422058113,46.99884587671015],[10.097024607834618,46.98535987607781],[10.1104351859921,46.9812387372796],[10.084712169644876,46.97149821298531],[10.044197147679336,46.98834296917519],[10.070473496289367,46.98910213013119],[10.082510988397416,47.007460631139914],[10.02336945332376,47.00575023125213],[10.01595554996684,47.01904369243297],[10.028821080570252,47.023922465076105],[9.995389423427698,47.031950678290066],[10.007692556763265,47.04582199878632],[10.00684674764326,47.05930732007588],[10.013424408825774,47.05949984035388],[10.021125322789516,47.0417114189001],[10.053725512854344,47.04716131051295],[10.061133888102,47.03386539748288],[10.080582509944888,47.038927686550046],[10.066601322740526,47.05203580089981],[10.072072499892716,47.07020592872038],[10.052335044802398,47.06963740432004],[10.052891373280758,47.06064697126066],[10.032877869494799,47.06457028711882],[10.039456276605382,47.064761301485525],[10.038897629707696,47.07375166710859],[10.052056809898565,47.07413261853557],[10.04436155984844,47.09192310961119],[10.076994981667077,47.097366320659006],[10.082750269111578,47.11104063004138],[10.10250345243186,47.1116038734026],[10.10854060077181,47.12078154227968],[10.15491089891304,47.11758454718028],[10.155720001761395,47.10409818569225],[10.136782753169955,47.09005794161808]]],[[[9.795787634130258,47.06193492123269],[9.814922835425337,47.07153719536322],[9.822394370269917,47.05825691973629],[9.808942080613154,47.062343998422435],[9.795787634130258,47.06193492123269]]],[[[9.816711862698975,47.04456948925954],[9.79758605155107,47.03496750706357],[9.744692906052284,47.03781125161039],[9.71120981100635,47.04575581212244],[9.704019875818767,47.0545344551368],[9.743171886355855,47.06028339566689],[9.743780448699336,47.05129454273817],[9.763507637918067,47.05191661280861],[9.768572788868735,47.074595678888926],[9.761994178751282,47.07438899561062],[9.761085488032087,47.08787240503717],[9.813131989636158,47.098504841518604],[9.826890561070206,47.08992263393476],[9.827485285238502,47.08093334972166],[9.813729140460856,47.08951563316122],[9.774547931258095,47.083790992803415],[9.77605634538985,47.06131845224162],[9.795787634130258,47.06193492123269],[9.789510905602974,47.05723526416531],[9.796687071130329,47.04845122104546],[9.816115722160811,47.05355873092158],[9.816711862698975,47.04456948925954]]],[[[9.65079015554668,47.06182882168305],[9.611647046143014,47.056048076612115],[9.610069180839758,47.07851839098535],[9.636070063450601,47.083872118760986],[9.649853435083903,47.07531133641284],[9.65079015554668,47.06182882168305]]],[[[9.634815490827666,47.101848621014234],[9.641710168557205,47.09756851878046],[9.635129213676068,47.09735449827975],[9.634815490827666,47.101848621014234]]],[[[10.221031245594578,47.114911336744335],[10.234464921396407,47.11077557513947],[10.221295375461997,47.110415728938236],[10.221031245594578,47.114911336744335]]],[[[10.662114326116486,47.13063397203567],[10.675743023993983,47.12194964195394],[10.66279465252562,47.11714430260957],[10.662114326116486,47.13063397203567]]],[[[9.968539494185304,47.14374414467],[9.955937187590939,47.134363614582035],[9.955363644688724,47.143353531241566],[9.968539494185304,47.14374414467]]],[[[10.310920673369331,47.15786074849442],[10.317767780080839,47.153539859972085],[10.311177393332231,47.15336494717592],[10.310920673369331,47.15786074849442]]],[[[9.643909804676056,47.160700197192305],[9.650811403375299,47.15641955913688],[9.644223104767036,47.15620606554948],[9.643909804676056,47.160700197192305]]],[[[9.598106507190238,47.1547009416944],[9.60374433809864,47.168399163759155],[9.57047729902792,47.171808199272235],[9.576748147899751,47.176519897695904],[9.57547124715483,47.1944956337819],[9.588656865214608,47.19493019054332],[9.589293191975223,47.18594225401867],[9.62319831854531,47.17353959408905],[9.624458528049951,47.15556329859109],[9.598106507190238,47.1547009416944]],[[9.603110673555115,47.17738719292683],[9.596837378106386,47.17267694573504],[9.603427532698923,47.172893179532856],[9.603110673555115,47.17738719292683]]],[[[9.879674493043305,47.190620277533775],[9.873375078179066,47.18592528911466],[9.873081045866435,47.190420021531125],[9.879674493043305,47.190620277533775]]],[[[9.852709439058925,47.19880632101902],[9.826630327308857,47.19350216168412],[9.826332285853109,47.19799676997368],[9.852709439058925,47.19880632101902]]],[[[10.00646408099652,47.27545633313064],[10.033725186120455,47.26273888776168],[10.034286707606933,47.25374866897751],[10.048049716675614,47.245139852421886],[10.067574747704205,47.25020430440295],[10.068685834387908,47.23222350302495],[10.049167329584309,47.227159233155774],[10.0497258513489,47.21816890832822],[10.036530886428745,47.21778768874115],[10.037091454838617,47.20879741851013],[10.01730271899593,47.20822282389109],[10.011836075375117,47.19005021927112],[9.979152271286097,47.18458834763],[9.960233095466435,47.1705188277283],[9.927566667415856,47.16504215481461],[9.88055476558913,47.177136022542854],[9.879967967019548,47.18612552819628],[9.899746931936862,47.18672395728445],[9.912060961923743,47.200605496458536],[9.878793772196747,47.204104511258514],[9.8782063757407,47.213093988226234],[9.904883322410395,47.20939673057463],[9.917494442038198,47.21878285498597],[9.924671259924754,47.20999083417373],[9.937863464412763,47.210384995510196],[9.94330680907295,47.22856110791235],[9.982328310174902,47.2387225257274],[9.988074503059694,47.252401468040624],[10.01476355773285,47.24867852368982],[10.01391630754302,47.26216371007212],[9.967697275579678,47.260808260383385],[9.941864668297786,47.25103555502684],[9.953629467960523,47.27390227045893],[9.966837829722957,47.274293078326146],[9.974013975951074,47.26549800044891],[10.00646408099652,47.27545633313064]],[[9.939017747678587,47.19240541854931],[9.971987940433849,47.19338381380577],[9.977726542133306,47.20706333227013],[9.944747725679342,47.20608659661943],[9.939017747678587,47.19240541854931]]],[[[9.75136397934573,47.23169428812121],[9.758266137827572,47.22740716879528],[9.751668576148049,47.22719989096775],[9.75136397934573,47.23169428812121]]],[[[10.147881401067579,47.23446558769184],[10.154751712844888,47.23015453453509],[10.148152340448144,47.229970191437026],[10.147881401067579,47.23446558769184]]],[[[9.764256742200514,47.236602926665334],[9.75796210007361,47.23190158346534],[9.757658010679007,47.2363959954665],[9.764256742200514,47.236602926665334]]],[[[9.77085552527817,47.23680947619609],[9.79695038591068,47.24212637129904],[9.797251171258893,47.23763185754995],[9.790652182902356,47.237426834735736],[9.79125471870117,47.22843783385513],[9.77805913223462,47.228026712664516],[9.77085552527817,47.23680947619609]]],[[[10.233156611222794,47.245823652551984],[10.246622572363862,47.24168649911984],[10.233420364442487,47.24132806126494],[10.233156611222794,47.245823652551984]]],[[[10.411416353988061,47.25053405834352],[10.418267240342576,47.246207166036434],[10.411664984767505,47.24603806887128],[10.411416353988061,47.25053405834352]]],[[[9.88876331890622,47.253946348226144],[9.862358123894003,47.2531451396336],[9.854869094364513,47.266427854719915],[9.894486963812273,47.267629972351095],[9.88876331890622,47.253946348226144]]],[[[10.46962464395677,47.27452285467648],[10.4630186904227,47.274356729396814],[10.46252985347946,47.28334890173316],[10.469136928907703,47.28351505510754],[10.46962464395677,47.27452285467648]]],[[[9.92663340062161,47.28210573602633],[9.94587202526311,47.29168581247794],[9.953629467960523,47.27390227045893],[9.920899872839115,47.26842374518966],[9.92663340062161,47.28210573602633]]],[[[9.548940033294116,47.28821168696814],[9.561827743245919,47.293143157159804],[9.56246981244397,47.28415545417677],[9.569073720273083,47.28437367294042],[9.570034735483038,47.2708920401291],[9.55683033317179,47.27045533141225],[9.556187471809231,47.2794430158454],[9.549584233062067,47.27922405175765],[9.548940033294116,47.28821168696814]]],[[[10.56801248215217,47.290457781831414],[10.574150769379896,47.299610456695724],[10.587369712630517,47.29992946314249],[10.581463479525059,47.28628116900672],[10.56801248215217,47.290457781831414]]],[[[10.507817791695269,47.30248864992982],[10.508780249164634,47.2845039471112],[10.502172926301443,47.28434008753823],[10.501208223649213,47.30232473492555],[10.507817791695269,47.30248864992982]]],[[[9.751565357968696,47.32628363251254],[9.797534736006392,47.33222104431922],[9.803243223405358,47.345909113482534],[9.842026821909634,47.36061285280944],[9.842622018105956,47.35162370537664],[9.849235477064461,47.35182571925471],[9.8429195402209,47.347129126601494],[9.844406391480165,47.32465618324356],[9.851016481602556,47.32485809468242],[9.84678272433246,47.28869930903851],[9.85368458197104,47.28440644397143],[9.840771870023419,47.2795079373145],[9.848562853843534,47.26173152759835],[9.835656150876373,47.25683243059428],[9.83654874165608,47.24334859582191],[9.856052801772215,47.24844922007975],[9.86954876184525,47.2443566182083],[9.856940054549284,47.23496521537586],[9.810748916907208,47.23354620711386],[9.79695038591068,47.24212637129904],[9.796348661903297,47.25111539062798],[9.783147379943273,47.25070485924528],[9.789446497029646,47.25540480402042],[9.788239991427872,47.27338272853103],[9.781636577174742,47.27317718511043],[9.781031896498405,47.282166095276324],[9.767822981864716,47.281753792935525],[9.766912213318147,47.295237031315736],[9.779519294968551,47.30463831830759],[9.739876359122295,47.303396302621685],[9.732349430147046,47.31667089147499],[9.69961643936112,47.31112897538862],[9.712215335304744,47.3205376695018],[9.711598300800636,47.32952616029676],[9.698068374732058,47.33360003276538],[9.711289704803301,47.33402040077789],[9.71005479553287,47.3519973292814],[9.716359487916568,47.356701252016585],[9.722973091488587,47.35691056860856],[9.724511244920864,47.33443923941025],[9.750954952252679,47.33527232839011],[9.751565357968696,47.32628363251254]]],[[[10.812545047597094,47.29612493402049],[10.805935379993354,47.29597865198582],[10.805504688755866,47.30497218379337],[10.812115479861259,47.30511849057287],[10.812545047597094,47.29612493402049]]],[[[10.553375431264481,47.31711413262916],[10.560223313841382,47.31277875596371],[10.55361229755116,47.312617873384795],[10.553375431264481,47.31711413262916]]],[[[10.546526424985348,47.321449096615545],[10.540152396100058,47.316791192574094],[10.539914365724579,47.32128742163666],[10.546526424985348,47.321449096615545]]],[[[10.533302346976651,47.321125364069246],[10.539676294833823,47.32578364779788],[10.539914365724579,47.32128742163666],[10.533302346976651,47.321125364069246]]],[[[9.69176806810526,47.3288950881167],[9.698687758604148,47.32461161957493],[9.692078294722624,47.324400897688434],[9.69176806810526,47.3288950881167]]],[[[10.526211938491047,47.32995531842252],[10.519838674639672,47.325296286131845],[10.519598877066692,47.3297924681478],[10.526211938491047,47.32995531842252]]],[[[9.903606794237609,47.33095436916883],[9.897288520451013,47.32626076894666],[9.896995741635934,47.33075549977307],[9.903606794237609,47.33095436916883]]],[[[11.016080247604675,47.33194991565643],[11.022891960318207,47.32758689343376],[11.016277797553867,47.32745278483699],[11.016080247604675,47.33194991565643]]],[[[9.910217896566754,47.33115285615615],[9.962534017584593,47.34171677019623],[9.9631084939701,47.33272698483891],[9.950173837253892,47.32784088285185],[9.910217896566754,47.33115285615615]]],[[[10.670574504356516,47.35592361723984],[10.677417789605338,47.35158124225568],[10.670801565613218,47.351427141590065],[10.670574504356516,47.35592361723984]]],[[[10.472089314966622,47.35112218089632],[10.504202735300048,47.369930872407025],[10.524296587203072,47.36592477586919],[10.472089314966622,47.35112218089632]]],[[[10.81593786196557,47.36372241872234],[10.809535000201318,47.359079594428586],[10.809319722115282,47.363576333966854],[10.81593786196557,47.36372241872234]]],[[[10.630413606497957,47.36398367888699],[10.637261238627143,47.359643712479546],[10.630644122570546,47.35948728830194],[10.630413606497957,47.36398367888699]]],[[[10.630413606497957,47.36398367888699],[10.623564848512679,47.368323232740124],[10.630183051155628,47.368480066340794],[10.630413606497957,47.36398367888699]]],[[[10.093691978259361,47.36352647616017],[10.10719886643722,47.359405840839166],[10.112990547701513,47.373078287565896],[10.159582193851561,47.36987951248709],[10.153507691906288,47.36070476804344],[10.133933568470123,47.35565508158416],[10.135024284002146,47.33767385059571],[10.095348564721467,47.33655521680551],[10.089289051568503,47.32737702532318],[10.049342228874945,47.330737629705766],[10.042169765123791,47.33953737363621],[10.062007966943742,47.340107640640944],[10.074400391848501,47.353971397362415],[10.067785829677339,47.3537824080522],[10.066950436845712,47.36726782201355],[10.053718081509466,47.366888599289595],[10.058099931214622,47.40303922771319],[10.03851925095181,47.39797324257018],[10.024714812673746,47.40658074874653],[10.07078458633875,47.41240817623858],[10.084583029540958,47.40379512241479],[10.0859685683703,47.38131931282332],[10.092586646618905,47.38150724950573],[10.093691978259361,47.36352647616017]]],[[[10.623333690825227,47.37281960376922],[10.616946685242809,47.36816601618296],[10.616714964500073,47.37266237391385],[10.623333690825227,47.37281960376922]]],[[[10.583152735346465,47.380863051818814],[10.616483204276147,47.377158728455676],[10.616714964500073,47.37266237391385],[10.583621926970384,47.37187047992374],[10.583152735346465,47.380863051818814]]],[[[10.58221387225667,47.39884815637775],[10.562111881952768,47.40286440801453],[10.581744200627245,47.407840688599734],[10.58221387225667,47.39884815637775]]],[[[9.984989661940743,47.40542383002829],[9.991895532519976,47.40112268199976],[9.985275358267371,47.40092892112402],[9.984989661940743,47.40542383002829]]],[[[10.648205558805111,47.404919569899654],[10.654371078931009,47.41406779498938],[10.660995112467168,47.41422284485622],[10.661451331184647,47.405230000405204],[10.648205558805111,47.404919569899654]]],[[[10.680867446081939,47.414685694641484],[10.674470296957713,47.410035348026234],[10.674243296138565,47.41453179468561],[10.680867446081939,47.414685694641484]]],[[[10.501787561458118,47.41489195834475],[10.482160174488394,47.409901971207525],[10.481916780370623,47.41439802278278],[10.501787561458118,47.41489195834475]]],[[[10.070506115567877,47.41690328838044],[10.077406511177022,47.412596990346955],[10.07078458633875,47.41240817623858],[10.070506115567877,47.41690328838044]]],[[[10.561875334871862,47.407360631825476],[10.54839191079078,47.41153487104205],[10.50841123770203,47.415055837037116],[10.53490635286153,47.41570751923743],[10.527563925962784,47.42903359839098],[10.554066299513831,47.42968084563664],[10.560928743155594,47.42534549258727],[10.561875334871862,47.407360631825476]]],[[[10.653684766566613,47.42755699652775],[10.686587758189882,47.43282506743311],[10.687039773486067,47.42383214631746],[10.666936257583904,47.427866791573734],[10.667391581280368,47.41887394160387],[10.660766944762424,47.418719261952695],[10.660310492611167,47.42771208574946],[10.653684766566613,47.42755699652775]]],[[[10.607305782307417,47.42646063713029],[10.593821072143978,47.43064021518295],[10.593587104614665,47.43513648560986],[10.606840144444643,47.43545323512333],[10.607305782307417,47.42646063713029]]],[[[10.076572646889618,47.426082363656],[10.042612299197705,47.438619321219385],[10.061929103172986,47.448179643950944],[10.061090715052384,47.461664830332275],[10.094508277585865,47.45811272442873],[10.103067581093251,47.426833980013164],[10.096443776779706,47.426646650689065],[10.096996352342048,47.41765631005471],[10.0771286037957,47.41709211845705],[10.076572646889618,47.426082363656]]],[[[9.995382813180207,47.45076021387341],[9.996237834753574,47.437275489923444],[9.982702337384064,47.44138296820824],[9.988756391522136,47.45056665597999],[9.995382813180207,47.45076021387341]]],[[[9.723123997678673,47.451498474683696],[9.730057234296602,47.44721318067981],[9.723432272457798,47.44700427617858],[9.723123997678673,47.451498474683696]]],[[[10.54057654931258,47.43385415070215],[10.474317021821667,47.432216726239005],[10.46573228490509,47.46801881843776],[10.498883911854122,47.46884479862451],[10.499368266354391,47.45985269548481],[10.525885792890515,47.46050646353593],[10.526365463993706,47.45151423473186],[10.539383528453167,47.45633490605392],[10.54057654931258,47.43385415070215]]],[[[9.715571693294871,47.464771687447914],[9.723123997678673,47.451498474683696],[9.689997160600573,47.45044811597511],[9.68243666322476,47.46371914584684],[9.715571693294871,47.464771687447914]]],[[[10.014411988330005,47.464823423239174],[10.053622172062159,47.47496017637412],[10.061090715052384,47.461664830332275],[10.008351826087285,47.45564111257533],[10.014411988330005,47.464823423239174]]],[[[9.780935315123047,47.48033103125529],[9.787867641603082,47.47604225950263],[9.781238826772826,47.47583669942029],[9.780935315123047,47.48033103125529]]],[[[10.03345132242463,47.47888343866781],[9.980698367072813,47.472847012329325],[9.97320795027742,47.48613708649119],[10.04614985856772,47.48825500622208],[10.03345132242463,47.47888343866781]]],[[[9.96628940656107,47.490437049148944],[9.97320795027742,47.48613708649119],[9.966577159840849,47.485942246902304],[9.96628940656107,47.490437049148944]]],[[[9.6477289809209,47.48512690917128],[9.63447023491972,47.48469919631502],[9.639837170098746,47.50288900475687],[9.61994251975472,47.502245492548106],[9.614264741293523,47.48854862552177],[9.574487393441231,47.4872492749462],[9.560583963025183,47.495800532360605],[9.559938991033892,47.50478795627493],[9.600367428240926,47.49710470423949],[9.632256497443302,47.51615660419786],[9.658475811346648,47.52150497194119],[9.672370116806535,47.51294188852456],[9.67330885718867,47.499459830805726],[9.653415094101744,47.49882212555959],[9.6477289809209,47.48512690917128]]],[[[9.811073006314741,47.526299034555926],[9.817708292754366,47.52650286711876],[9.81710686273531,47.53549163918789],[9.823743331644415,47.5356951223885],[9.824643703101874,47.522211905973464],[9.811073006314741,47.526299034555926]]],[[[10.554997884472296,47.537749522154584],[10.549073359671103,47.52410003000251],[10.535319633039798,47.53276875629919],[10.535080212693384,47.537264828674076],[10.554997884472296,47.537749522154584]]],[[[10.655050080274334,47.5311284942287],[10.648181600378123,47.53546940799963],[10.641311987240384,47.53980990708688],[10.654591675857194,47.54012112655271],[10.655050080274334,47.5311284942287]]],[[[12.275697491276624,46.90511485720514],[12.255914278691364,46.909427759480586],[12.275518280079803,46.91411251160131],[12.275697491276624,46.90511485720514]]],[[[12.249257939899469,46.91386383059225],[12.242785279278504,46.90930190926756],[12.242692893421895,46.9138007101236],[12.249257939899469,46.91386383059225]]],[[[11.418976511096421,46.99287558368597],[11.412565838986662,46.988266533488016],[11.412403072573058,46.99276439825556],[11.418976511096421,46.99287558368597]]],[[[11.431640009073037,47.00659048773079],[11.418814272950433,46.99737345721327],[11.418489714281058,47.00636920224682],[11.431640009073037,47.00659048773079]]],[[[11.46419933962745,47.016132912979764],[11.490348986691254,47.021061348718696],[11.490505242641392,47.016563377483244],[11.477352237860988,47.01634890658033],[11.477666895266637,47.007352998098156],[11.47109154518885,47.00724520985744],[11.46419933962745,47.016132912979764]]],[[[11.398108356575356,47.024025787615784],[11.423931921628219,47.037965184402196],[11.443669170949905,47.038295595402104],[11.42441762591094,47.02447155397952],[11.398108356575356,47.024025787615784]]],[[[11.463089406534786,47.047618439252496],[11.443508884998803,47.04279349835722],[11.443188231640011,47.05178930143517],[11.456349875023252,47.05200772670748],[11.463089406534786,47.047618439252496]]],[[[12.318637172146792,47.062995380577696],[12.298798620210508,47.06731575716775],[12.299062273470197,47.053819256944344],[12.272822824361944,47.04907720609591],[12.286075400598847,47.04470075033997],[12.293098437846789,47.02226719303889],[12.306342657663917,47.01788837041424],[12.306517000777259,47.00889067790382],[12.266875100397565,47.01752376274307],[12.227689625442125,47.003649094048946],[12.21444248202828,47.008018747794054],[12.221490892670637,46.98558960387312],[12.241305229519737,46.981282707612245],[12.247418048577488,47.00383991809608],[12.31975678191507,47.00451028993828],[12.320272694194212,46.97751713668318],[12.340076005555128,46.97319300604056],[12.35305467089922,46.982305359176145],[12.36628399741207,46.97791954607037],[12.379268306659583,46.98702890165293],[12.379106348095991,46.99602670641872],[12.39217717808023,47.00063568148532],[12.398911761223204,46.99169231544369],[12.418636309029411,46.99185340067965],[12.412217816016275,46.982802234570556],[12.445312813268819,46.969568108470355],[12.451884960328018,46.969619497823075],[12.451660512292966,46.983116357955524],[12.46480818003817,46.983218020920575],[12.458382872554111,46.974169464707856],[12.491246637024442,46.97441882234341],[12.491461005118497,46.960921884060355],[12.530819806493039,46.96570748639004],[12.524454031054358,46.95216366644419],[12.537661702440344,46.947757892173605],[12.53779670767001,46.938759874563274],[12.412998870385168,46.93781295660141],[12.367267599961059,46.92393279666693],[12.340833765452704,46.9327031174762],[12.32727244307372,46.95508143561476],[12.314132013720052,46.9549638473595],[12.307822694684873,46.94140792655978],[12.327613582054072,46.9370859673069],[12.32130294893668,46.92353079534883],[12.249074230676523,46.922861442948616],[12.235848947142564,46.9272335959215],[12.228907940379615,46.945164857985894],[12.222339056779083,46.94510055923163],[12.21586490505177,46.94053710157141],[12.222997848049843,46.913609068219934],[12.203590036069466,46.89991770119241],[12.190269913533221,46.90878330645528],[12.157448338581755,46.90844682833184],[12.150683759086514,46.91737583816654],[12.170084325163238,46.93107625958353],[12.169887171126929,46.940073738922344],[12.15645163687588,46.95343411043681],[12.136640817298701,46.957726198357925],[12.136031882195372,46.98471845026281],[12.129458229802834,46.98464877437941],[12.122268365532921,47.0115708828431],[12.141695996854033,47.025276144181085],[12.207483698216539,47.025948676893734],[12.213587292952415,47.04850767913409],[12.22016895547807,47.048572484098024],[12.213397073806508,47.05750521107791],[12.233051993328566,47.062197296543395],[12.239449522464312,47.071258544588794],[12.225998294590267,47.08462710130109],[12.192873926194164,47.09329843396857],[12.127412834148826,47.07462268010881],[12.094383898175998,47.078766649467994],[12.08142612528044,47.06962480396295],[12.081638749725082,47.06062751019618],[12.035558296590526,47.0601097317372],[12.035778653489906,47.05111252186236],[12.022726471207505,47.04646258738821],[11.97654373927319,47.050419484875825],[11.970193605395936,47.04134349283934],[11.917670888062688,47.036200123442946],[11.898418860546904,47.01795815211094],[11.865656455077314,47.01303874945504],[11.839856196664645,46.99470151954472],[11.780686932261377,46.993906419320936],[11.76163042516995,46.97114293485016],[11.728773620441606,46.97068237826994],[11.714945424172042,46.992986819676695],[11.662353884606468,46.992223739592056],[11.635770926139578,47.00082939831732],[11.62876258277168,47.01422522995911],[11.609033171760512,47.013926961855155],[11.602750220321093,47.004830533846906],[11.569724549016808,47.00882206836745],[11.549392540005798,47.026505754344036],[11.549089915049517,47.035501852770466],[11.588712294162262,47.03161767839342],[11.581539404227579,47.049508681204784],[11.548484357529702,47.05349403901088],[11.574809430247747,47.05390498550009],[11.587675872854302,47.06310436418443],[11.607716339171645,47.054410096871926],[11.640623868236666,47.05490568383555],[11.64749156508416,47.04600731177054],[11.660368678440422,47.05519846418679],[11.680253990104886,47.05098960188294],[11.672686451095533,47.08238095856495],[11.685716670531558,47.087071028334435],[11.685436812079477,47.09606745389489],[11.692023578139207,47.096162833919905],[11.691465809627987,47.1141557026232],[11.717822042291534,47.11453353754353],[11.717547484891194,47.123530028025286],[11.737182618515142,47.128307713291235],[11.730319318049956,47.13721146124681],[11.7367755683474,47.141802505340245],[11.763412778406746,47.133173257734185],[11.769738490720762,47.142260727655966],[11.763012367950784,47.14666813863757],[11.776198768797615,47.14684953472097],[11.78318738165135,47.133444710470634],[11.79650119276809,47.12912543646956],[11.783582559119768,47.119949747968164],[11.783977535528612,47.10645477348634],[11.758160104446919,47.08809906326985],[11.74498836323057,47.08791557899103],[11.732360528807842,47.069737482000356],[11.706164557193786,47.064864772343796],[11.706854837890065,47.04237354307649],[11.739214765571413,47.06083358005067],[11.753050432239837,47.03852622423885],[11.7727897497522,47.038799480776014],[11.772524894834097,47.047796133354666],[11.759229523577037,47.05211262207313],[11.765411777223665,47.06569867692673],[11.75197709807112,47.074512627336354],[11.81123578218546,47.075322660345016],[11.810847968827353,47.08881775026695],[11.823763736695671,47.09799036013312],[11.843525529093368,47.09825133346214],[11.823378944612738,47.11148547722919],[11.829456736280973,47.129566372938754],[11.8426391061574,47.129740076617914],[11.842892477264812,47.12074329934438],[11.862662840144873,47.121000949546385],[11.862412821965696,47.12999777040212],[11.882186728692533,47.13025203006051],[11.881569699436584,47.15274416515905],[11.90171742916352,47.13949975633047],[11.907946384726863,47.153077977108914],[11.90123039201208,47.15749354054875],[11.914299244589404,47.1621573898151],[11.927489990101654,47.16232126956355],[11.934442371873478,47.14890720111144],[11.947629881858095,47.14906874897829],[11.961167557878648,47.13573323945398],[11.994128489125185,47.136126511882935],[12.000834035073197,47.13170546865585],[11.99458381494363,47.11813231879556],[12.021055513601107,47.11394138562873],[12.020832397957067,47.122938539472564],[12.047304418328956,47.11874150335234],[12.040274601774094,47.136661064487875],[12.053241662208404,47.1458075629877],[12.092803132639574,47.14624636103378],[12.085147828762922,47.19116042173847],[12.1114407995853,47.195945727808926],[12.117730152164789,47.20951237048009],[12.17724322537818,47.205633099331244],[12.203551682491625,47.21039715289058],[12.216564982339051,47.219524986444426],[12.216374654574441,47.228522425129505],[12.229582770078219,47.228651327331185],[12.229770853497325,47.21965386683517],[12.236373813097059,47.21971773362158],[12.230052858764193,47.206157662176906],[12.243348277189737,47.20178623189658],[12.256458061778151,47.20641077141673],[12.255999192204493,47.228904543670374],[12.275901794662257,47.22459167487087],[12.282326288372701,47.2336504122357],[12.361584476839225,47.23435506260866],[12.367942498960609,47.2479077884963],[12.381074584117533,47.25251797581842],[12.400896317600662,47.252682148547656],[12.414346043279869,47.23929310253954],[12.434162923584399,47.23945149704344],[12.434009527147593,47.248449247082725],[12.440616303300978,47.24850128917699],[12.460660045632434,47.23515844014014],[12.447676388456097,47.2215596227128],[12.448129222363384,47.19456623011202],[12.481202316253054,47.19031960789502],[12.481492692541448,47.172323886954906],[12.488090022118294,47.17237318051294],[12.495115841004035,47.14542841507112],[12.508303843216012,47.145525043289844],[12.508444334220135,47.13652712327192],[12.442591824118391,47.13152987583413],[12.442819208023367,47.118033108593934],[12.469107899273922,47.12273589200582],[12.495686465324471,47.109436769496455],[12.495900249832085,47.09593988252037],[12.509075953984613,47.09603642085875],[12.509216183020312,47.08703847444469],[12.502629441726821,47.08699040411844],[12.509426437421652,47.07354154723012],[12.502911989584984,47.06899451551261],[12.51608101921073,47.069090242414156],[12.516219990015497,47.060092276334295],[12.456895279923806,47.06414851766394],[12.450536560562306,47.05060059045505],[12.490029825944422,47.05090139340365],[12.503547022293551,47.02850371544621],[12.464070327611097,47.02820761085275],[12.437524494387933,47.04149940235985],[12.391537594396167,47.036626948713824],[12.391137414229416,47.059121467966314],[12.371387965011193,47.0589556045423],[12.37179650660461,47.03646115541377],[12.345475250350244,47.036234763999836],[12.338726023750885,47.04517494771184],[12.351805443999849,47.04978856225965],[12.35155521749974,47.06328518388873],[12.338303403594407,47.06766926847222],[12.338134255224249,47.076666990504854],[12.318637172146792,47.062995380577696]],[[12.34488758487312,47.067726852841005],[12.357890189261148,47.07683862904681],[12.344719552356215,47.076724584615214],[12.34488758487312,47.067726852841005]],[[12.427866165249005,47.22140357568345],[12.4015321502582,47.21669129758738],[12.408292632164683,47.207747479593706],[12.428020527295969,47.2124058116583],[12.427866165249005,47.22140357568345]],[[12.34227666257155,47.20719114493913],[12.335930095792824,47.1936369410333],[12.362412245908597,47.18936668657981],[12.362164062892115,47.202863218090485],[12.34227666257155,47.20719114493913]],[[12.276982060493607,47.1706063379893],[12.270023087905992,47.1885399409014],[12.276622216582073,47.1886014775645],[12.276442202910996,47.197599037451205],[12.263150568191477,47.20197432810318],[12.250133553780216,47.192851798358646],[12.257283045187723,47.16592187153547],[12.276982060493607,47.1706063379893]],[[11.909641457837076,47.09009951951194],[11.909278566691286,47.10359492441798],[11.889637124677906,47.098846924301476],[11.889882380773072,47.08985002872534],[11.909641457837076,47.09009951951194]],[[11.929758404255923,47.076850101220906],[11.903419458690792,47.076521343168494],[11.910366686657731,47.06310868005217],[11.93011590723907,47.063354614401426],[11.929758404255923,47.076850101220906]],[[11.700551777731098,47.03328253955413],[11.706992823881379,47.037875294491535],[11.70041325826022,47.03778078099569],[11.700551777731098,47.03328253955413]],[[11.80581866871649,47.03474892491597],[11.79975976356435,47.01666669285895],[11.825940533040399,47.021517849466505],[11.818977433073195,47.03492536747602],[11.80581866871649,47.03474892491597]],[[12.175768693044551,46.971632285127164],[12.175474154090098,46.985128513432926],[12.155752942091283,46.9849251944561],[12.156052484035525,46.97142901771328],[12.175768693044551,46.971632285127164]],[[12.202440800718398,46.95390291567381],[12.202153127337581,46.96739921552387],[12.182438386775127,46.967200530767386],[12.182731059914644,46.953704281303146],[12.202440800718398,46.95390291567381]]],[[[11.652646070908602,47.09108666305511],[11.646203271711602,47.0864908392603],[11.646060006663163,47.09098900357074],[11.652646070908602,47.09108666305511]]],[[[11.369134937927148,47.09553863971273],[11.375887207287034,47.091154533284524],[11.36930168677247,47.09104085373943],[11.369134937927148,47.09553863971273]]],[[[11.250590453235995,47.093427049468595],[11.256823456599314,47.10254283153604],[11.26341015723333,47.10266302133545],[11.263761593200435,47.09366776960027],[11.250590453235995,47.093427049468595]]],[[[11.685156858708446,47.10506387463397],[11.685436812079477,47.09606745389489],[11.678850069748059,47.095971692578495],[11.678568999979218,47.10496809712176],[11.685156858708446,47.10506387463397]]],[[[11.137708863180809,47.113806497837416],[11.124533314089534,47.11355118620736],[11.124158133451054,47.12254598363274],[11.143924853641327,47.12292844381143],[11.137708863180809,47.113806497837416]]],[[[11.571969829868502,47.13936828767684],[11.56552816043939,47.13476791015316],[11.565377920669293,47.13926595823991],[11.571969829868502,47.13936828767684]]],[[[11.743232936846589,47.1463931819921],[11.749960668868502,47.14198693917006],[11.743368107140048,47.141894913071084],[11.743232936846589,47.1463931819921]]],[[[11.136589639735254,47.140791001393595],[11.142808601818103,47.1499129931862],[11.149400923196485,47.15003978150991],[11.149772015866805,47.141044916648006],[11.136589639735254,47.140791001393595]]],[[[11.571520634816975,47.15286244882347],[11.571820123594277,47.14386634292265],[11.565227655403465,47.14376400483218],[11.564927048358655,47.15276009342334],[11.571520634816975,47.15286244882347]]],[[[11.762878852489363,47.151166429312696],[11.756419201465766,47.146576868089845],[11.756285126740195,47.151075151045774],[11.762878852489363,47.151166429312696]]],[[[11.280206910634325,47.17948121906485],[11.313017004927223,47.18456925570207],[11.312329540039023,47.20255994539676],[11.318928804757586,47.20267692134665],[11.32569888847729,47.19829582599264],[11.325357279676776,47.207291202717855],[11.365459297787234,47.1944895601184],[11.365794014346864,47.18549405507353],[11.333318423268535,47.17142579404781],[11.333828419452367,47.157932653047055],[11.294093171937668,47.16172790165253],[11.288889309405242,47.125628275097334],[11.275710118272965,47.125390463691744],[11.268769830776623,47.13426623809869],[11.235816937918736,47.13366302604788],[11.209996305177938,47.11968098674565],[11.203950151130256,47.106065120079855],[11.157657176060626,47.10968915101923],[11.157287639983698,47.11868405880426],[11.170280921622181,47.123433051764785],[11.174853422059156,47.173030464679016],[11.208191440152962,47.16465627627107],[11.227974459510827,47.16502414298535],[11.22743743679022,47.178516790547214],[11.267190043386073,47.17474479389292],[11.272559268362627,47.20634767603907],[11.28593277414968,47.20208822193123],[11.279508366575932,47.197471716523914],[11.280206910634325,47.17948121906485]]],[[[11.663123470105763,47.17674617344818],[11.669861714360314,47.172344674336316],[11.663265518522762,47.17224801158186],[11.663123470105763,47.17674617344818]]],[[[11.623252558806376,47.185154347889984],[11.629995184225402,47.180755209656624],[11.623398014987004,47.180656239195294],[11.623252558806376,47.185154347889984]]],[[[11.477793310908176,47.19187601973488],[11.478108936115364,47.18288019235542],[11.465073581083884,47.17816638762295],[11.464755770289885,47.18716218207296],[11.477793310908176,47.19187601973488]]],[[[11.636303680813526,47.18985004727855],[11.609910573869005,47.189453334568874],[11.609617297429704,47.19844950935505],[11.642614344052609,47.198944529090674],[11.636303680813526,47.18985004727855]]],[[[11.662697180088658,47.19024064872598],[11.65609876882144,47.19014357130235],[11.655813334433903,47.19913986285574],[11.662412866044026,47.199236956702144],[11.662697180088658,47.19024064872598]]],[[[11.484076982156237,47.20097925661072],[11.484391594416444,47.191983418405606],[11.477793310908176,47.19187601973488],[11.47731967201389,47.20536974696941],[11.49711964389019,47.205690878640894],[11.484076982156237,47.20097925661072]]],[[[11.305557805164204,47.20694024519211],[11.312329540039023,47.20255994539676],[11.305730304523953,47.202442587477734],[11.305557805164204,47.20694024519211]]],[[[11.245805803294331,47.214861872860546],[11.246160974409786,47.205866744951635],[11.259536481595822,47.20161038712238],[11.233140668456409,47.20112644113505],[11.245805803294331,47.214861872860546]]],[[[11.463801689880695,47.21414952110923],[11.45736032736096,47.20954305485795],[11.457200686013136,47.21404093073726],[11.463801689880695,47.21414952110923]]],[[[11.542711028727254,47.22441878149913],[11.536261553542376,47.21981677876436],[11.536108585503227,47.224314758759704],[11.542711028727254,47.22441878149913]]],[[[11.51599203329307,47.23299629819381],[11.522749661587063,47.2286035270256],[11.516146735894498,47.22849834885891],[11.51599203329307,47.23299629819381]]],[[[11.535802571417795,47.23331071266286],[11.542558595457802,47.22891676827332],[11.53595559146391,47.228812736735044],[11.535802571417795,47.23331071266286]]],[[[11.52244135187051,47.2375994414118],[11.529199032570716,47.23320629008086],[11.522595519830732,47.233101485257095],[11.52244135187051,47.2375994414118]]],[[[11.594495342552479,47.25672355290291],[11.581431437403783,47.252023094203196],[11.581282216752594,47.25652112043028],[11.594495342552479,47.25672355290291]]],[[[11.633990567394932,47.26181976378395],[11.62752859615313,47.2572229416003],[11.627383280636032,47.26172102499236],[11.633990567394932,47.26181976378395]]],[[[12.062646049092878,47.303405735761714],[12.06936708182058,47.29898072377731],[12.062754438914405,47.298907188689086],[12.062646049092878,47.303405735761714]]],[[[12.122062208609682,47.308552424271944],[12.135392304124782,47.30419363305961],[12.122165551966047,47.30405382475403],[12.122062208609682,47.308552424271944]]],[[[12.19471921773009,47.31380114188328],[12.201430504040129,47.309368370863254],[12.194816386680516,47.30930248130963],[12.19471921773009,47.31380114188328]]],[[[12.227698412455592,47.31862547374065],[12.221178037232661,47.31406242471639],[12.22108310388357,47.31856110495931],[12.227698412455592,47.31862547374065]]],[[[12.14811349288338,47.32682500067069],[12.134983328598656,47.32218806381582],[12.134881041180842,47.326686665311776],[12.14811349288338,47.32682500067069]]],[[[12.161346013508501,47.3269618038997],[12.174677510538665,47.322598438758604],[12.161446048164843,47.32246317911928],[12.161346013508501,47.3269618038997]]],[[[12.227509623629885,47.32762283768564],[12.234219913872883,47.32318814817368],[12.227604026081258,47.32312415696164],[12.227509623629885,47.32762283768564]]],[[[12.240649249834748,47.332249136891456],[12.247359024592267,47.3278136784155],[12.240742541684428,47.32775044789094],[12.240649249834748,47.332249136891456]]],[[[12.095289773703467,47.321763900978105],[12.081845128018047,47.330616553653066],[12.08163145159691,47.339613647602235],[12.108102620427422,47.339901116013735],[12.115032494534423,47.3264762895559],[12.095289773703467,47.321763900978105]]],[[[12.194427611574627,47.32729710882628],[12.187811258458778,47.32723081392061],[12.187615644834757,47.33622810140293],[12.194233124675224,47.33629440753137],[12.194427611574627,47.32729710882628]]],[[[12.20746813396433,47.33642587046429],[12.21418122469714,47.33199236255019],[12.207564258863233,47.33192721126301],[12.20746813396433,47.33642587046429]]],[[[12.055160574016696,47.3393200493607],[12.042035474186234,47.3346724433711],[12.041925246363828,47.3391709515854],[12.055160574016696,47.3393200493607]]],[[[12.273463120403633,47.34605761630526],[12.266935405847882,47.34149719462755],[12.266844320871236,47.345995897112005],[12.273463120403633,47.34605761630526]]],[[[12.121441778773951,47.33554396952568],[12.127647369770898,47.3536084424963],[12.140886548930963,47.35374761457086],[12.141293757913665,47.33575323161537],[12.121441778773951,47.33554396952568]]],[[[12.174281776434725,47.34059296838835],[12.167663783380547,47.34052550723659],[12.167464687904582,47.34952274507216],[12.174083808233297,47.349590217644405],[12.174281776434725,47.34059296838835]]],[[[12.227226319772413,47.34111886460041],[12.246895224065925,47.35030712439766],[12.247080791689228,47.341309753793865],[12.227226319772413,47.34111886460041]]],[[[12.074691362615217,47.35303642542437],[12.06839597601684,47.33946761470392],[12.061778265771318,47.33939402358713],[12.061452542037404,47.35288958902488],[12.074691362615217,47.35303642542437]]],[[[12.200560457275454,47.349856275914945],[12.207275835030828,47.345423181095725],[12.200657195024997,47.345357630088365],[12.200560457275454,47.349856275914945]]],[[[12.240089164832295,47.35924121636],[12.246802416535775,47.35480580572243],[12.240182552103557,47.35474254307847],[12.240089164832295,47.35924121636]]],[[[12.279811970357024,47.35961507511574],[12.27328203147207,47.35505502380134],[12.273191463857911,47.35955372353403],[12.279811970357024,47.35961507511574]]],[[[11.068226458365517,47.351001010376265],[11.021709532672539,47.35456970368752],[11.02151234389548,47.359066828566476],[11.028130480199893,47.35920063358204],[11.0275404022742,47.3726920242075],[11.074265650687478,47.36462375555842],[11.068226458365517,47.351001010376265]]],[[[12.034642466752526,47.36608678311421],[12.04137382545924,47.36166345275636],[12.034753371303465,47.36158829741412],[12.034642466752526,47.36608678311421]]],[[[12.180309062275,47.36765179602725],[12.193357112971478,47.37678212069987],[12.199979684430144,47.376848093958785],[12.200173341377756,47.367850832302246],[12.180506037417501,47.35865455696395],[12.180309062275,47.36765179602725]]],[[[12.286164081538244,47.37317215728283],[12.286343037227766,47.36417475078364],[12.279721951344781,47.36411377732831],[12.279541867280253,47.37311117350389],[12.286164081538244,47.37317215728283]]],[[[12.246431028197438,47.37280050386444],[12.239808907495243,47.372737219797074],[12.23962198962708,47.3817345414733],[12.246245239040976,47.38179783625557],[12.246431028197438,47.37280050386444]]],[[[12.021064275215046,47.379430711604435],[12.034087660331245,47.388579169225174],[12.034309639652419,47.379582223368914],[12.021064275215046,47.379430711604435]]],[[[12.279091388368819,47.39560461453472],[12.285805987043029,47.39116693651775],[12.279181514881126,47.39110593208542],[12.279091388368819,47.39560461453472]]],[[[11.245121806804388,47.3993811329502],[11.232412567112313,47.3856459081631],[11.186242837798078,47.38028660456333],[11.185876279126171,47.389281367696476],[11.211641308634935,47.407765891273456],[11.231515524776453,47.40813314156214],[11.225430765278107,47.39451880859521],[11.245121806804388,47.3993811329502]]],[[[12.285626848174866,47.40016430881258],[12.292341477401365,47.39572625018036],[12.285716425247251,47.395665624131695],[12.285626848174866,47.40016430881258]]],[[[12.265567499615187,47.40897744305186],[12.25903268208493,47.404416609156264],[12.258940814449756,47.408915267029094],[12.265567499615187,47.40897744305186]]],[[[11.276709437870029,47.26943338178915],[11.215800250162028,47.304324718467946],[11.215258703010598,47.31781713016529],[11.235099112774188,47.31818375955774],[11.240820704767213,47.34079270933283],[11.227588045993265,47.340549335151884],[11.220431166383452,47.35391945072661],[11.239749374915013,47.367777623122684],[11.2796436059041,47.36400138156113],[11.279293076330626,47.37299645738054],[11.305602195750446,47.377967273053336],[11.278416229476642,47.39548409409396],[11.291314205597486,47.40471665519312],[11.290441957732474,47.42720428192829],[11.329864052538506,47.436903108585724],[11.335980674157156,47.450511789847184],[11.415710822286062,47.44737600691806],[11.415218990286986,47.460869056319275],[11.388359378435023,47.46941642607852],[11.387860334377763,47.48290930886122],[11.401129465897608,47.48313412330839],[11.407269870832588,47.49673889005272],[11.433165114168887,47.515173166089085],[11.486591711478187,47.50704673783214],[11.572734487256698,47.51290411792001],[11.592203603367372,47.52670228242529],[11.584814656311696,47.549090380451474],[11.59145795374371,47.54919157820125],[11.591010257857603,47.56268510792315],[11.604152189362189,47.567384253099895],[11.603707596490917,47.58087778483883],[11.616855210478187,47.58557545946464],[11.63029714803589,47.58127589001748],[11.6305890221548,47.57228013892077],[11.644171176570056,47.563481048617774],[11.657461655743342,47.56367618733203],[11.657748786621646,47.554680337067765],[11.67103709217367,47.55487390438167],[11.65803581929929,47.5456844707377],[11.658466184299712,47.53219064160305],[11.671748813580505,47.532384126989044],[11.678106684192324,47.5414762321026],[11.69153234642517,47.53716945950255],[11.685595941766593,47.51458411779942],[11.665678694746338,47.514295717343316],[11.659469511439466,47.500704905841395],[11.692656419893767,47.50118545119754],[11.673028380167015,47.491902285778245],[11.673312461180224,47.48290628044881],[11.686723588278884,47.47860002517121],[11.69957351899698,47.492284352135684],[11.700411881190751,47.46529609948912],[11.707044828295,47.46539060770227],[11.70083074029147,47.4518019260966],[11.680937134728179,47.451516170329185],[11.674589625764094,47.44242408281038],[11.66795962732542,47.44232769566118],[11.667674851433931,47.451323747239904],[11.654412665371558,47.451129788774594],[11.648213825848064,47.43753822542557],[11.668101978822582,47.43782966487056],[11.66838660895085,47.42883359342494],[11.688552731479746,47.42012539725306],[11.721413700672755,47.429593751582274],[11.728590822974978,47.41169457426751],[11.748740448110492,47.40297575648907],[11.67600639866388,47.39744354829087],[11.68967634313089,47.38414073947319],[11.683194547211754,47.37954713727004],[11.690237574487405,47.36614833856651],[11.663898431195188,47.36126603582687],[11.65770769834602,47.34767481201774],[11.631235556166747,47.34728305232631],[11.624909129872933,47.33818807926664],[11.598589978832765,47.33329071749575],[11.591973819690164,47.33318993004536],[11.591528087033703,47.3466839202663],[11.578292465493156,47.346481144975876],[11.572125494423817,47.332885269850316],[11.539351501030398,47.323373975381514],[11.53965743259293,47.31437809675293],[11.513047679378063,47.31845690943937],[11.500132068168831,47.309249271321384],[11.460454734734816,47.30860460891237],[11.454162338120714,47.29950016572072],[11.401269970424295,47.29861626840847],[11.394162728054097,47.31199729212663],[11.367710578856448,47.31154451342219],[11.368380614372482,47.29355368425529],[11.355327770217283,47.288827381430295],[11.355664807497652,47.27983198562542],[11.316011395584267,47.27913715308546],[11.309919729940756,47.26552710318941],[11.276709437870029,47.26943338178915]],[[11.269750413321603,47.278309110470246],[11.27618379054753,47.28292613020057],[11.269574606016656,47.28280668076611],[11.269750413321603,47.278309110470246]],[[11.27618379054753,47.28292613020057],[11.282618291323042,47.287542785127066],[11.276008515149988,47.28742370815836],[11.27618379054753,47.28292613020057]],[[11.64460524349208,47.549987316744605],[11.624674821646797,47.54969179887653],[11.62496748177771,47.54069600766693],[11.64489449774028,47.54099147549759],[11.64460524349208,47.549987316744605]],[[11.599734626161347,47.49981571983071],[11.599289471719706,47.51330940338933],[11.579373194989104,47.51300601569575],[11.57982345043918,47.49951240917794],[11.599734626161347,47.49981571983071]],[[11.481380238429965,47.46645971288798],[11.47395264252098,47.48884088703021],[11.46731719120317,47.48873288694862],[11.466678477893481,47.50672378047165],[11.446926909106255,47.501899675142404],[11.454849809355817,47.466027127543654],[11.481380238429965,47.46645971288798]],[[11.441746495970378,47.46131081787631],[11.441261202084002,47.474803948000584],[11.421360438494416,47.47447311862924],[11.421850824959792,47.46098007249822],[11.441746495970378,47.46131081787631]],[[11.501904763710918,47.44878891682481],[11.501591607544434,47.45778452573987],[11.481696896093394,47.45746417203322],[11.482171679933263,47.44397083487656],[11.501904763710918,47.44878891682481]],[[11.58855070456538,47.43664318534457],[11.574841634070497,47.44993379603735],[11.561731599059662,47.445231201273856],[11.568814258125288,47.43184002376071],[11.58855070456538,47.43664318534457]],[[11.389854978077874,47.42893758875244],[11.389356700088953,47.44243056527847],[11.369636306362402,47.43759309578699],[11.369971853716962,47.42859783226187],[11.389854978077874,47.42893758875244]],[[11.429459314999988,47.43410446277388],[11.409573988169623,47.4337715833198],[11.409902698565224,47.42477619872147],[11.429784635343497,47.42510902183763],[11.429459314999988,47.43410446277388]],[[11.655416870118312,47.41964366542809],[11.65498664353142,47.43313773797424],[11.635245462492383,47.42834602485332],[11.6355356460152,47.41935002296463],[11.655416870118312,47.41964366542809]],[[11.543371280344697,47.39994248067621],[11.523188946551507,47.40862511566734],[11.503312644609446,47.40830851153329],[11.50299996897245,47.41730417993189],[11.483120518738394,47.41698407014814],[11.483594574076518,47.40349064406685],[11.503468942436733,47.4038106725909],[11.503781458142978,47.394814985357925],[11.517184002065624,47.390528518481375],[11.537053689152042,47.39084271522396],[11.543371280344697,47.39994248067621]],[[11.629927435992538,47.387765327672035],[11.636985079805353,47.37436982647337],[11.656706229797631,47.379161278585336],[11.649796729438219,47.388059946371676],[11.629927435992538,47.387765327672035]],[[11.439001548972438,47.353255066332515],[11.438516546956627,47.36674839919255],[11.418819919905273,47.361919344823875],[11.419146607907074,47.35292384276218],[11.439001548972438,47.353255066332515]],[[11.280694478270455,47.337016084511475],[11.254408100256205,47.33203951682377],[11.261376778940974,47.323164776983134],[11.281044530477816,47.32802096303298],[11.280694478270455,47.337016084511475]]],[[[11.832304820755263,47.49410248614064],[11.819160871574077,47.48942941552102],[11.818901671829511,47.49842575653976],[11.825538996501107,47.49851340520447],[11.832304820755263,47.49410248614064]]],[[[11.772040154570332,47.5112957835617],[11.77881210199032,47.5068880321498],[11.772173800757448,47.50679767872379],[11.772040154570332,47.5112957835617]]],[[[11.89682945372697,47.5624273664874],[11.917008879271274,47.55367917114617],[11.917130237802947,47.549180939911395],[11.897198703906966,47.54893274774931],[11.89682945372697,47.5624273664874]]],[[[11.78399154429624,47.556457113020286],[11.757413418155805,47.55609459330671],[11.757143327476717,47.56509068309392],[11.790371722824984,47.56554294775736],[11.78399154429624,47.556457113020286]]],[[[12.182506192906304,47.570153304624974],[12.202543955087537,47.56585345790644],[12.202640920589504,47.56135496550108],[12.189447409396706,47.55672445967964],[12.182506192906304,47.570153304624974]]],[[[11.816954846839648,47.56589783498909],[11.803532137512601,47.570219252979285],[11.803269865271544,47.57921542512094],[11.816564882178415,47.57939214422793],[11.816954846839648,47.56589783498909]]],[[[11.789842631303205,47.58353523160951],[11.803007503254294,47.5882115807119],[11.803269865271544,47.57921542512094],[11.79649065212268,47.58362456071791],[11.789842631303205,47.58353523160951]]],[[[12.101794231581792,47.609809534536446],[12.108551153866301,47.6053824347996],[12.101899902471441,47.60531117038576],[12.101794231581792,47.609809534536446]]],[[[12.921271612766658,46.621360721085345],[12.940927263971634,46.612432836880494],[12.849608481279278,46.60307724174088],[12.836511584286002,46.60751922834576],[12.836301607703142,46.63001467771477],[12.855934240206336,46.62560069968959],[12.868916152589296,46.63465376541695],[12.927698371466496,46.63488192768803],[12.921271612766658,46.621360721085345]]],[[[12.58750998247174,46.67363177306221],[12.58103760339377,46.66908924734075],[12.58097408418101,46.6735882376537],[12.58750998247174,46.67363177306221]]],[[[12.613410495104121,46.69179817878579],[12.620008906809526,46.6873408184681],[12.613471306846316,46.68729916457813],[12.613410495104121,46.69179817878579]]],[[[12.600210370900978,46.70071174660791],[12.593858568732538,46.68717193183365],[12.580719900408356,46.69158421357876],[12.580592744331268,46.70058220996432],[12.600210370900978,46.70071174660791]]],[[[12.560975214106742,46.700449265881524],[12.567579063828282,46.69599496776368],[12.561040448166665,46.695950278243146],[12.560975214106742,46.700449265881524]]],[[[12.927182707512568,46.70236901943421],[12.900914338524434,46.71576870454644],[12.900841044071518,46.72476699946318],[12.913996866470688,46.71581834827909],[12.953276824057426,46.71145902816396],[12.927182707512568,46.70236901943421]]],[[[12.652294273945422,46.71903668235794],[12.645752771768658,46.71899689751769],[12.645578352666616,46.732494023008094],[12.652121507274837,46.73253381793695],[12.652294273945422,46.71903668235794]]],[[[12.625889135726924,46.7368713990741],[12.619405833125127,46.73233105492958],[12.619345469874837,46.73683008531023],[12.625889135726924,46.7368713990741]]],[[[12.625889135726924,46.7368713990741],[12.645462024284537,46.74149211243428],[12.645520193375301,46.736993067162764],[12.625889135726924,46.7368713990741]]],[[[12.788976898083721,46.78727139589555],[12.808537862341115,46.796362996370696],[12.815264625741547,46.778396826126226],[12.789069134891786,46.7782731535082],[12.79552686340663,46.78730288813754],[12.788976898083721,46.78727139589555]]],[[[12.317062022491816,46.80200275841223],[12.343183884203716,46.80673461195227],[12.349902205773827,46.79779416733652],[12.317233852797447,46.79300506157545],[12.317062022491816,46.80200275841223]]],[[[12.493740846779477,46.816954546861965],[12.473935304882579,46.82580443689107],[12.493598717347437,46.82595249618211],[12.493740846779477,46.816954546861965]]],[[[12.408391408548628,46.82528623958216],[12.41486802319984,46.82983869068831],[12.41494574029667,46.825339766962855],[12.408391408548628,46.82528623958216]]],[[[12.402073478573758,46.81173559224775],[12.382415576944577,46.81157163643247],[12.369065698633069,46.82495710639342],[12.349319782845457,46.82928629402329],[12.355874545204465,46.82934324143699],[12.3557091181772,46.8383410066933],[12.37545786784421,46.83401070332232],[12.381771672243895,46.8475628442629],[12.39488577266096,46.847672601704396],[12.388648564452419,46.82962228603857],[12.408391408548628,46.82528623958216],[12.402073478573758,46.81173559224775]]],[[[12.329060852338397,46.86060522484122],[12.348736671535779,46.860778446504675],[12.368575970388605,46.85195046205191],[12.335872753936705,46.84716673496024],[12.329060852338397,46.86060522484122]]],[[[12.32233111589433,46.86954444695641],[12.322502274520474,46.86054672485366],[12.315943711148824,46.86048784515166],[12.31577144534422,46.869485557299846],[12.32233111589433,46.86954444695641]]],[[[12.315685290621905,46.87398441380511],[12.309211789341136,46.86942628786589],[12.309125080893118,46.87392513936108],[12.315685290621905,46.87398441380511]]],[[[12.80773591770742,46.877347461959005],[12.801220046506577,46.87281753796272],[12.801174876117468,46.87731667617503],[12.80773591770742,46.877347461959005]]],[[[12.4074512966922,46.87927329900479],[12.440180628696854,46.88403635500705],[12.440331933547462,46.87503846305214],[12.414167978703952,46.87032902483604],[12.4074512966922,46.87927329900479]]],[[[12.801084512441738,46.886314953407805],[12.801174876117468,46.87731667617503],[12.794613842158912,46.8772855105102],[12.794522370333421,46.88628378247115],[12.801084512441738,46.886314953407805]]],[[[12.289002467974164,46.896239221737105],[12.29565329355088,46.89180081878745],[12.289090912242106,46.89174038449242],[12.289002467974164,46.896239221737105]]],[[[12.374240507541323,46.901494197548494],[12.367758653370052,46.89693941654562],[12.367676845708884,46.90143831309619],[12.374240507541323,46.901494197548494]]],[[[12.40041624185138,46.90621285515865],[12.387448016996546,46.89710591578611],[12.387287714066751,46.9061037371317],[12.40041624185138,46.90621285515865]]],[[[12.30851771148735,46.905417105313845],[12.341422337554858,46.901210975180454],[12.308604522528777,46.90091825263825],[12.30851771148735,46.905417105313845]]],[[[12.498811107248502,46.91148176848182],[12.498952584390906,46.90248379834398],[12.492388677691988,46.902435134335406],[12.49224609150594,46.91143309624377],[12.498811107248502,46.91148176848182]]],[[[13.010609170966937,46.963598326553644],[13.017261865666567,46.95011936145249],[12.997522907218158,46.95456146009334],[12.997465625163615,46.963559866485426],[13.010609170966937,46.963598326553644]]],[[[12.661857604873058,46.998057492220106],[12.655339381304836,46.99351918917277],[12.65528176236056,46.99801825974599],[12.661857604873058,46.998057492220106]]],[[[12.622342286772021,47.00231543944555],[12.615826915449263,46.99777486956087],[12.615765947704743,47.00227391908122],[12.622342286772021,47.00231543944555]]],[[[12.6156439812416,47.011272016608594],[12.622281865298788,47.006814491982546],[12.615704969636393,47.00677296810623],[12.6156439812416,47.011272016608594]]],[[[12.398276847184363,47.027683628980895],[12.40493499058653,47.0232388246162],[12.39835625848509,47.023184716855475],[12.398276847184363,47.027683628980895]]],[[[12.621919121491345,47.033808795277544],[12.615460954072288,47.02476915870597],[12.589207813689573,47.02010016541175],[12.569342458757115,47.028966748150076],[12.556183280452728,47.028877189142285],[12.556315355673728,47.019879162374686],[12.536512311452524,47.02424099209344],[12.549337194208622,47.046827868239085],[12.542755403985002,47.046782120901604],[12.535902469427931,47.06473197905605],[12.548937084582146,47.073821889535324],[12.548803624244893,47.082819889429814],[12.581607134363663,47.09204109469034],[12.588004281141153,47.105581646035425],[12.57469691992242,47.114492262510055],[12.5484697752984,47.105314871328495],[12.51545506706624,47.10958104148444],[12.515315836774839,47.11857898479593],[12.528497199276645,47.118673274487065],[12.528223070128512,47.13666917824726],[12.541543803221966,47.12776400795334],[12.554727494241202,47.127855260402185],[12.561187861428996,47.136898302260995],[12.58762341187012,47.1325757222134],[12.580582190891535,47.1640251953194],[12.593648893991656,47.17310992945765],[12.593522777508282,47.18210792616217],[12.613318744333574,47.1822352017819],[12.613809514551772,47.146243092802784],[12.620403711509905,47.14628472572006],[12.61411590758498,47.123747979203515],[12.633949709454564,47.119372643235785],[12.640304476433716,47.137409264414046],[12.646897595093288,47.13744936337478],[12.646722089833355,47.15094647547397],[12.653316897039776,47.15098620278831],[12.646370810974314,47.17794066118789],[12.659567154849377,47.17801977414739],[12.659452223709646,47.187017837235636],[12.633114805018247,47.182359038964414],[12.619491374161024,47.21376989985063],[12.679138567686618,47.19613173733477],[12.69244885611302,47.18720896657576],[12.692667474101462,47.16921276946208],[12.70586171058897,47.16928652159457],[12.705968723948994,47.16028840141333],[12.69288594360185,47.15121654826132],[12.712670593316691,47.1513265662667],[12.725756786668674,47.16039614664527],[12.725653133255852,47.16939428506503],[12.745394475672242,47.17399768664063],[12.73844146074195,47.20545675624393],[12.764702490834551,47.21908933795094],[12.764605343038294,47.22808746811972],[12.791023387045561,47.22821678017062],[12.791116044843871,47.21921862811037],[12.777956691007732,47.21465567434371],[12.811015553276617,47.21031340627319],[12.797856697855645,47.205752745320076],[12.797948155365866,47.19675457033127],[12.817794048260408,47.19234723988924],[12.817926108908635,47.17884993685173],[12.804774472545548,47.174290062365486],[12.798450616477423,47.14726449469022],[12.765575336645803,47.13810586802481],[12.765720551692766,47.124608577445116],[12.785495415457563,47.1247059453375],[12.785588830050262,47.11570772895425],[12.81845367903761,47.12486059215854],[12.818541502937906,47.11586234960191],[12.83176540781511,47.1114223986907],[12.838650788077027,47.07995746837556],[12.812528341361894,47.05734354082373],[12.792732470756551,47.06174999500556],[12.779612000345278,47.05718718434191],[12.799407258912256,47.05278301369984],[12.799498190149608,47.04378475529883],[12.812750075112522,47.03484786708647],[12.839114228852935,47.0304668943457],[12.85897540583904,47.01705405125895],[12.85917731836787,46.994558263730056],[12.839492765688917,46.989974546392105],[12.839576806667672,46.980976241708056],[12.865912042087022,46.97658904360838],[12.859419387869098,46.967563304807015],[12.879174675885658,46.963145234945095],[12.872642216282653,46.95861941933885],[12.879367845462138,46.94064939306775],[12.85313318263855,46.93604139714021],[12.873112132117296,46.90462942166628],[12.853622668930486,46.882051484149756],[12.833937750658508,46.88196595746144],[12.833852913454939,46.890964260567834],[12.820727453570717,46.89090533322689],[12.800858469593237,46.908810649929556],[12.781163750540141,46.90871595725332],[12.794339333914943,46.90428032885796],[12.794522370333421,46.88628378247115],[12.781398109396916,46.886220300765345],[12.748488334924419,46.895053181657666],[12.741724305389877,46.913015423904255],[12.721976247603278,46.91740956557406],[12.715200430055972,46.93537022596403],[12.702064167919817,46.935297558145734],[12.695387719034834,46.94425884078254],[12.675791753168443,46.93514765906597],[12.642892845090852,46.9394507962437],[12.642482348301524,46.970944263520025],[12.69506250494408,46.971253397580526],[12.662028763463601,46.98456026925843],[12.661914667395344,46.99355841832866],[12.674953359643581,47.00263389493555],[12.69468267090694,47.00274703311831],[12.701044103343042,47.02078034976943],[12.687831854660478,47.02520512512672],[12.687941630478589,47.01620695723358],[12.655051188996541,47.016014537106],[12.648240171869405,47.03397116523861],[12.621919121491345,47.033808795277544]],[[12.779564842094292,47.06168630352366],[12.772933315584096,47.06615300158141],[12.772981039708121,47.06165388598628],[12.779564842094292,47.06168630352366]],[[12.781163750540141,46.90871595725332],[12.77455140969577,46.9131827617523],[12.774598859916294,46.90868363281983],[12.781163750540141,46.90871595725332]],[[12.701044103343042,47.02078034976943],[12.714096157885699,47.029851326015425],[12.740415505751976,47.02999234845394],[12.740314590021919,47.03899056124939],[12.707409854796337,47.03881330079863],[12.700882740338566,47.034277617654645],[12.701044103343042,47.02078034976943]],[[12.75922683381171,47.11557716390216],[12.772455628950844,47.11114410509149],[12.772407815702849,47.115643209595405],[12.75922683381171,47.11557716390216]],[[12.766107430575138,47.0886157505502],[12.772742338148664,47.08414945497516],[12.772694573544674,47.088648565939934],[12.766107430575138,47.0886157505502]],[[12.766204068285624,47.07961753319276],[12.746396049209064,47.08401591638271],[12.739961115479986,47.07048428228361],[12.766397245411273,47.06162108725221],[12.766204068285624,47.07961753319276]],[[12.687667121180901,47.03870237218381],[12.69430238638673,47.034240644577345],[12.694248023205825,47.03873972941561],[12.687667121180901,47.03870237218381]],[[12.748190346630901,46.92204788723687],[12.767889938273912,46.922148306931426],[12.76774582615449,46.93564568561554],[12.748041239093341,46.93554524043836],[12.748190346630901,46.92204788723687]]],[[[12.528839599176495,47.09617836771459],[12.522320709293234,47.091632452797874],[12.522251705710351,47.09613143351756],[12.528839599176495,47.09617836771459]]],[[[12.555191288187247,47.09636229026319],[12.548670118638398,47.091817885356775],[12.548603348851978,47.09631688176395],[12.555191288187247,47.09636229026319]]],[[[12.561647899598906,47.105405322202856],[12.56177923875311,47.096407317335505],[12.555191288187247,47.09636229026319],[12.555058831830495,47.10536028751138],[12.561647899598906,47.105405322202856]]],[[[12.508654981324138,47.12303023338928],[12.515315836774839,47.11857898479593],[12.50872517319703,47.118531267576586],[12.508654981324138,47.12303023338928]]],[[[12.798496248225927,47.14276538817371],[12.798587488483411,47.13376717115926],[12.791994724897343,47.13373585484325],[12.79190236574623,47.142734066556415],[12.798496248225927,47.14276538817371]]],[[[12.824350647414938,47.19687616243602],[12.817794048260408,47.19234723988924],[12.817750013080367,47.196846337663565],[12.824350647414938,47.19687616243602]]],[[[12.426242189346045,47.31587960915827],[12.419705030409563,47.311327902964614],[12.419627003467518,47.31582673497007],[12.426242189346045,47.31587960915827]]],[[[12.412933227489322,47.320272302862016],[12.419627003467518,47.31582673497007],[12.413011830877904,47.31577347779248],[12.412933227489322,47.320272302862016]]],[[[12.38622776875089,47.33355183120896],[12.39292547425241,47.32910783498889],[12.38630866606025,47.32905303195111],[12.38622776875089,47.33355183120896]]],[[[12.326758023880194,47.328542566124526],[12.333118447078688,47.34209709212215],[12.3464395396205,47.33771370801481],[12.339991399888929,47.32865868449445],[12.326758023880194,47.328542566124526]]],[[[12.30020322675318,47.33280446856044],[12.280441674101825,47.32812408520304],[12.280171893030774,47.34162023940985],[12.299938471820841,47.346300661176045],[12.30020322675318,47.33280446856044]]],[[[12.379447447796794,47.34249422194241],[12.372828976699243,47.34243863863142],[12.372664830522515,47.35143620036109],[12.379284429139073,47.35149179308305],[12.379447447796794,47.34249422194241]]],[[[12.405207756064096,47.38320187513252],[12.365879915864776,47.36037776604594],[12.378713426015699,47.382983207130486],[12.405207756064096,47.38320187513252]]],[[[12.3719254798482,47.39192509372794],[12.385255924953993,47.38753721629521],[12.372007685961098,47.38742633902756],[12.3719254798482,47.39192509372794]]],[[[12.385093757597328,47.39653474157239],[12.391799553151353,47.392090848409026],[12.385174848190124,47.39203598038293],[12.385093757597328,47.39653474157239]]],[[[12.404890198121477,47.401196980984956],[12.385012653172067,47.40103349983603],[12.384850402809997,47.410031007475695],[12.40473133788162,47.41019451630942],[12.404890198121477,47.401196980984956]]],[[[12.364886750911966,47.41436278084598],[12.35834268362237,47.40980762440039],[12.358259277068607,47.41430635480753],[12.364886750911966,47.41436278084598]]],[[[12.391235583851632,47.42358214685635],[12.378141740907086,47.41447448184169],[12.377978276870987,47.4234719619868],[12.391235583851632,47.42358214685635]]],[[[12.423756360458063,47.45984094463921],[12.430466950052804,47.45539482864003],[12.423834248217421,47.45534219949624],[12.423756360458063,47.45984094463921]]],[[[13.146435027294268,47.57579226841591],[13.146467489130481,47.56679436576204],[13.16640907186017,47.566825582574246],[13.159867447556122,47.535322768066194],[13.146597225329305,47.53080260075191],[13.153349271616603,47.4993203886692],[13.126848248007066,47.48577793612683],[13.093642765406962,47.49021154928537],[13.087047815814287,47.48119929258374],[13.053841877613486,47.485621380017285],[13.040618530349388,47.47658990863211],[13.040769892168715,47.44959579513289],[13.054034663850864,47.4496292326199],[13.053986491999657,47.458627289214654],[13.10040111686363,47.46323127444821],[13.10709390741883,47.44974762243542],[13.146920789801431,47.44082218479061],[13.140306200192562,47.436311981326874],[13.140373031964568,47.41831573173738],[13.120487620796025,47.41827999689801],[13.113897078155972,47.4092691830095],[13.087366556989977,47.41371370202526],[13.080782242963165,47.40470097628697],[13.060902012130247,47.4046548911798],[13.060948955250135,47.39565675838417],[13.001290105887222,47.399996865803026],[13.014460079036514,47.413532031139155],[13.014322815605173,47.43602723000455],[12.96797111561528,47.42688933964671],[12.941318409875379,47.44479704909022],[12.90823283065145,47.435679946561635],[12.901490977560998,47.4491519656951],[12.868329709611228,47.44902133234959],[12.868209881263617,47.46251825779242],[12.888111718364582,47.462597809991635],[12.89463258566857,47.476120481848085],[12.867970040235509,47.48951201918947],[12.84146301192232,47.4849015733885],[12.814827049517545,47.49378179263687],[12.821288957497167,47.51180747522737],[12.834526345830165,47.51636524487215],[12.834311890798386,47.53885978371491],[12.820980771794801,47.54329979449408],[12.847515429069416,47.5479149251547],[12.847640759803094,47.534418220781326],[12.887613864680825,47.52108422320235],[12.88772885221492,47.50758741108082],[12.901082470210964,47.49864066749747],[12.947651718765007,47.48531066144519],[12.95435379006588,47.476334995308065],[12.974260961982157,47.47639958436728],[12.97419913784314,47.485397563304424],[12.980836006066273,47.48541832812571],[12.99416818143559,47.47646071569112],[12.994226584924531,47.46746271292601],[13.00752388468893,47.46300252993519],[13.020738147818374,47.47203783923595],[13.020684267851575,47.481035848204584],[13.047180273890556,47.49010384398409],[13.046982651772078,47.52609573294723],[13.033672755371521,47.530560445112926],[13.03362102728878,47.53955836799315],[13.053479691781375,47.553106055383466],[13.046660938247628,47.58458204550984],[13.073236122182626,47.58914493613091],[13.066493807844852,47.607125175378435],[13.133051483416835,47.59826420609724],[13.139786700988793,47.57578109120813],[13.146435027294268,47.57579226841591]],[[13.073281119461061,47.580147081847436],[13.053358756404066,47.57560076008294],[13.060054286802067,47.56661906829865],[13.099937231264194,47.566708056693386],[13.106623674666892,47.55772363516181],[13.119915750649756,47.55774944507137],[13.10656475965383,47.57122048823286],[13.079973825679444,47.57116423666609],[13.073281119461061,47.580147081847436]],[[13.133190478328736,47.56227267500531],[13.139803502092121,47.5712821428014],[13.119878751530159,47.56674735540609],[13.119897252674162,47.562248402182675],[13.133190478328736,47.56227267500531]]],[[[12.628668540334838,47.51528016079386],[12.628547590153628,47.524277803499785],[12.635189160077237,47.524318580010984],[12.635308975163108,47.51532093039699],[12.628668540334838,47.51528016079386]]],[[[12.63512923716649,47.52881739930702],[12.6418307402463,47.52435897200558],[12.635189160077237,47.524318580010984],[12.63512923716649,47.52881739930702]]],[[[12.814292055252686,47.5477686598651],[12.820980771794801,47.54329979449408],[12.814336680059858,47.54326977457739],[12.814292055252686,47.5477686598651]]],[[[12.415551209357641,47.54976200835127],[12.408985915555775,47.54520985147753],[12.40890662494181,47.54970851616299],[12.415551209357641,47.54976200835127]]],[[[12.794172725585772,47.565671755707655],[12.787572752789146,47.561141324387506],[12.7875258233073,47.56564018375012],[12.794172725585772,47.565671755707655]]],[[[12.780831422924683,47.57010707969431],[12.7875258233073,47.56564018375012],[12.780878929061322,47.565608226964834],[12.780831422924683,47.57010707969431]]],[[[12.38249153572147,47.54049340434148],[12.349274779115133,47.54021252741937],[12.349443513261095,47.53121526344948],[12.342801340442414,47.531157943967294],[12.32943097536387,47.53554077061424],[12.322528297228908,47.54897811254033],[12.229508291132797,47.548118823171464],[12.202543955087537,47.56585345790644],[12.208901056205958,47.57941436647115],[12.195507277788499,47.58378154153683],[12.241954532981884,47.588732884428495],[12.248417684402728,47.59779304953692],[12.24176721399615,47.59772988196694],[12.241392383534118,47.615723826678305],[12.254605286015513,47.62034830569506],[12.287872187466066,47.620656573942206],[12.29470398161605,47.61172003291182],[12.314573468548602,47.61639772276543],[12.308184631802703,47.602842776842785],[12.288320838170005,47.59816396980632],[12.295238717272792,47.58472881414443],[12.315185427331476,47.5849078760648],[12.321660728092017,47.59396392343764],[12.37494409700558,47.589922881752805],[12.375190827377875,47.57642705222375],[12.395376134053107,47.56309632104502],[12.37543743109946,47.56293118642053],[12.375683908267854,47.54943528508962],[12.402262054090164,47.54965463929766],[12.38249153572147,47.54049340434148]],[[12.37543743109946,47.56293118642053],[12.368708469153823,47.56737399319728],[12.368791224773224,47.56287537200653],[12.37543743109946,47.56293118642053]],[[12.288589844283011,47.584668357002826],[12.26864331776526,47.58448467609205],[12.268825990838009,47.5754876114979],[12.288769104961842,47.57567126129398],[12.288589844283011,47.584668357002826]],[[12.3353035701337,47.576086307672185],[12.355247134121132,47.57625841183066],[12.3549952842738,47.58975419849745],[12.335046600910944,47.589582050596924],[12.3353035701337,47.576086307672185]],[[12.222387902441707,47.57054712482534],[12.222673683792596,47.55705159805006],[12.242609644706159,47.55724326460951],[12.242328978627489,47.57073884009238],[12.222387902441707,47.57054712482534]],[[12.355834281192665,47.54476810311614],[12.355666596633409,47.5537653537839],[12.335731559103131,47.553593322499964],[12.335902652204673,47.544596100971965],[12.355834281192665,47.54476810311614]]],[[[12.73399031225374,47.596865500349026],[12.75404244609714,47.587970719598246],[12.75419186462045,47.5744742307476],[12.734196416688032,47.578870241036604],[12.73399031225374,47.596865500349026]]],[[[12.820274959457421,47.61528152676507],[12.793801552086709,47.60166250840546],[12.793894393132907,47.592664844552445],[12.780688855712445,47.58360361405577],[12.780831422924683,47.57010707969431],[12.767536521681889,47.57004200612902],[12.78054621525281,47.59710011209617],[12.760495084133526,47.60599950268155],[12.76034719514518,47.61949591354215],[12.767000894522006,47.61952905849705],[12.767098356348923,47.61053144985039],[12.806923262717772,47.61971983864861],[12.820274959457421,47.61528152676507]]],[[[12.627578497511802,47.596258396157765],[12.580830184455744,47.60945796395264],[12.620744134659267,47.60971341577287],[12.627578497511802,47.596258396157765]]],[[[12.580247716307246,47.64994624821208],[12.606814997900754,47.654616911950576],[12.613596872497775,47.64566155179232],[12.580377231312678,47.64094888222084],[12.580247716307246,47.64994624821208]]],[[[12.613225244184964,47.672653677848096],[12.599967713938838,47.668070528146615],[12.59990460773264,47.67256919733252],[12.613225244184964,47.672653677848096]]],[[[12.679716506559586,47.68205035146259],[12.666450799287142,47.677474875334966],[12.66639338151185,47.6819735697967],[12.679716506559586,47.68205035146259]]],[[[12.952354351613698,47.75076591623191],[12.959057192530821,47.74628920878031],[12.952387298213447,47.74626718312903],[12.952354351613698,47.75076591623191]]],[[[12.991519201276308,47.88135354882182],[12.991578513552373,47.8723563709471],[12.984892522766177,47.87233622824103],[12.984832059694822,47.88133340269613],[12.991519201276308,47.88135354882182]]],[[[12.984771575791482,47.890330553718975],[12.984832059694822,47.88133340269613],[12.978144923321008,47.88131286943699],[12.97808328822888,47.89031001697387],[12.984771575791482,47.890330553718975]]],[[[12.964578788101145,47.90826199143198],[12.977990795763853,47.90380569385611],[12.97808328822888,47.89031001697387],[12.964642769637805,47.89926489859962],[12.964578788101145,47.90826199143198]]],[[[12.95779047084874,47.92173587418556],[12.951131335610635,47.917215253983706],[12.95109817287441,47.921713775523216],[12.95779047084874,47.92173587418556]]],[[[12.944372135733209,47.92618980295606],[12.95109817287441,47.921713775523216],[12.944405880616237,47.921691289434335],[12.944372135733209,47.92618980295606]]],[[[12.755223156689047,48.08284439960958],[12.761985667546993,48.07837961740995],[12.755273343154695,48.07834618445686],[12.755223156689047,48.08284439960958]]],[[[12.754821352447948,48.11882986222523],[12.761588574530911,48.11436516046621],[12.754871608382604,48.11433170480081],[12.754821352447948,48.11882986222523]]],[[[12.78159569952582,48.12795767822717],[12.788409171468544,48.11899326617257],[12.761439522957211,48.127859619208635],[12.78159569952582,48.12795767822717]]],[[[13.74331514904988,46.526905151411995],[13.730344801826883,46.53594971351076],[13.743383473263995,46.53590331182014],[13.74331514904988,46.526905151411995]]],[[[13.547996925727047,46.585931344493915],[13.580603773588956,46.58136614800732],[13.547979136331758,46.58143219337191],[13.547996925727047,46.585931344493915]]],[[[13.365285007441292,46.590625843995156],[13.365280115032554,46.581627506834515],[13.358755132069117,46.58162900428471],[13.358758928420071,46.59062734169381],[13.365285007441292,46.590625843995156]]],[[[13.7373690883994,46.60341321890006],[13.78317445978908,46.61673866334437],[13.783099346493614,46.60774045114255],[13.802644296975805,46.60316201983876],[13.809012886945048,46.5851384639559],[13.776312424966994,46.57627244403489],[13.74372543836608,46.5808942506165],[13.737032315183551,46.5584221529595],[13.704514646764421,46.572030811743716],[13.645800773673173,46.57220746523759],[13.6523511039301,46.57668847427343],[13.652457340119405,46.59468500035374],[13.626399984357015,46.60375351971965],[13.646060971489584,46.61719883533303],[13.724379204548832,46.612457168543926],[13.7373690883994,46.60341321890006]],[[13.717786411280265,46.60348120880132],[13.698234103717313,46.60804492614322],[13.691586521493562,46.590069190585545],[13.724183584072025,46.58546245679518],[13.717786411280265,46.60348120880132]]],[[[13.339180943978276,46.59512873957763],[13.345708374283783,46.59962754935321],[13.3587627260337,46.59962568722996],[13.358758928420071,46.59062734169381],[13.339180943978276,46.59512873957763]]],[[[13.502388278034621,46.60850376538409],[13.508872986135863,46.594996457063566],[13.489293188369633,46.595024757655025],[13.482803538417047,46.608530939169555],[13.502388278034621,46.60850376538409]]],[[[13.064972561985787,46.612799395581945],[13.03890757798221,46.60373527431006],[13.038857626248918,46.612733565615905],[13.019218207804242,46.62167851387879],[13.01916492946069,46.63067681108482],[13.032175653530345,46.63971107273579],[13.058303745063862,46.639778448927935],[13.058373801241256,46.62628096886605],[13.064904187251928,46.6262968633722],[13.064972561985787,46.612799395581945]]],[[[13.776719343495047,46.62576258064298],[13.783212025899752,46.62123777225132],[13.776682319832364,46.62126346773401],[13.776719343495047,46.62576258064298]]],[[[13.424182342233479,46.68957750210461],[13.43072845175749,46.69407142250918],[13.430720493971698,46.68957221604845],[13.424182342233479,46.68957750210461]]],[[[13.371883103874284,46.69860458234285],[13.358808396113094,46.70760638843652],[13.358812210198328,46.7166048198363],[13.306473009057841,46.73010085022374],[13.339188842174881,46.734603929407655],[13.358814117717692,46.72110403745536],[13.384982168232813,46.721095759513624],[13.384990391371577,46.730094197073605],[13.417712815006043,46.734574542786504],[13.424234221484316,46.72107197901737],[13.437318230261576,46.72106102189886],[13.437301198573461,46.712062595142605],[13.404596674584118,46.71208714292165],[13.39804013825123,46.69859327884068],[13.404579394893862,46.698589506399664],[13.404567879930404,46.68959108890191],[13.424182342233479,46.68957750210461],[13.430664826853656,46.658077812481814],[13.40452185867493,46.65359747842887],[13.384932887220424,46.667105246195106],[13.39148691092346,46.68509904674365],[13.38495340893874,46.689601268640395],[13.365338931757996,46.68960804131818],[13.3653340213643,46.68060962671839],[13.378401031560044,46.671607082893956],[13.319573203647401,46.685111386316514],[13.319570412730435,46.69410980421069],[13.358800771754401,46.68960954175261],[13.371883103874284,46.69860458234285]]],[[[13.313031702250829,46.69410865460828],[13.319569016914754,46.69860901528109],[13.319570412730435,46.69410980421069],[13.313031702250829,46.69410865460828]]],[[[13.28688101113411,46.68960106140722],[13.254155732064039,46.71207811416063],[13.27377845283824,46.71209065349226],[13.286872717295974,46.69859948050869],[13.306492992101951,46.69410712641146],[13.28688101113411,46.68960106140722]]],[[[13.306490495704333,46.6986063372512],[13.313027809706606,46.70310707792965],[13.313029756144136,46.69860786557934],[13.306490495704333,46.6986063372512]]],[[[13.97585046391411,46.89477341001481],[13.936370351157455,46.88599064824528],[13.929908615472836,46.89502340154473],[13.903655942284434,46.895157893868664],[13.903847777918761,46.913154313183085],[13.930109323511658,46.91301977543962],[13.943342669896802,46.92194840145624],[13.982686637973494,46.917231523274964],[13.97585046391411,46.89477341001481]]],[[[13.62802086168328,46.900702165995675],[13.60178729007001,46.905265939454125],[13.60844389969733,46.92324715388714],[13.628144228699536,46.92319813186384],[13.62802086168328,46.900702165995675]]],[[[13.812414382829719,46.96756698377611],[13.825558710626485,46.967511062335525],[13.832214794446358,46.976480795010026],[13.858419405996537,46.96736459956351],[13.858331057861804,46.95836635422533],[13.84510292855671,46.94942781455106],[13.84488781590226,46.92693217160373],[13.857889764807929,46.913375119159724],[13.831627877155164,46.91349293102972],[13.824979764552328,46.904523161799],[13.778954078408637,46.89571370110194],[13.785403532945198,46.882190421201656],[13.84454401331544,46.890939143235094],[13.844458135203828,46.8819408875757],[13.81148949956942,46.86408676037855],[13.817926873624547,46.85056163740025],[13.837600071500427,46.85047623049987],[13.837515430368239,46.84147797617311],[13.824360981968539,46.837036152858225],[13.830833562546278,46.82800943497593],[13.77843095837559,46.83272560988568],[13.78510017751332,46.84619724244764],[13.798253614014554,46.850643627089184],[13.798448731872382,46.87313934084082],[13.778767107959407,46.873217946459356],[13.772096108655328,46.859745932893915],[13.758978304653336,46.85979566507067],[13.765645993660286,46.87326845093589],[13.739437750078965,46.87786406444252],[13.732776111923839,46.86438973606694],[13.739335594193884,46.86436657694473],[13.745756729099067,46.846346401214305],[13.719592377162089,46.855436580182854],[13.713002170518706,46.85095942759428],[13.719462935937388,46.837439915949524],[13.699825077786338,46.84200397374211],[13.699886478216067,46.8510023168348],[13.660539280022741,46.851121871753065],[13.660621454656807,46.86461941994011],[13.640942809486656,46.86467408525475],[13.640865617326739,46.85117652323949],[13.634307720962004,46.85119398099561],[13.608167952371414,46.86925679326937],[13.61482221630507,46.8872376273216],[13.627946891430712,46.88720458805031],[13.627996200771427,46.89620297316129],[13.654276813576944,46.90063151005329],[13.660785928734763,46.891614525492024],[13.673911650878424,46.89157616354794],[13.72648028896322,46.90040585170793],[13.739710418772585,46.91385737489778],[13.759407120783372,46.91378555214504],[13.75951446062282,46.92728302720156],[13.74638000244252,46.92733130140132],[13.753088218027704,46.94530399566747],[13.74651876505207,46.94532795073119],[13.746588181531008,46.95432627474518],[13.792736466428149,46.97214715819838],[13.792968360458744,46.99914202834484],[13.806160300716899,47.00358749741447],[13.80623989100131,47.01258577404691],[13.819354447282311,47.008031433674134],[13.819190868327059,46.99003489522773],[13.806001200902099,46.98559093855881],[13.812414382829719,46.96756698377611]],[[13.667236907802955,46.87359880270892],[13.67368352616983,46.85558271800089],[13.693388938288178,46.86002154031311],[13.686918819981603,46.8735395698253],[13.667236907802955,46.87359880270892]]],[[[13.733447036038992,46.95437305165445],[13.726711288072032,46.93190002918128],[13.71357566254159,46.931944504705974],[13.706945144316187,46.922967824283056],[13.660978025770673,46.92310882414296],[13.647923586386598,46.936643254504766],[13.62824299732421,46.94119490495475],[13.628317117593841,46.95469248385638],[13.634887772800978,46.95467537264715],[13.63483724405002,46.94567698973166],[13.693962938066182,46.945505897859235],[13.700624902033715,46.95898251129412],[13.69408401498292,46.96350260523351],[13.674340215905067,46.95906389798518],[13.687571747519492,46.97252149972984],[13.733447036038992,46.95437305165445]]],[[[13.786392272995,46.99916829220922],[13.76001609990177,46.99027123008854],[13.713990936795227,46.99043372740966],[13.687869336078784,47.0175132572788],[13.701057033940039,47.02197092710231],[13.720696163683792,47.00840832125873],[13.720631059368465,46.99940998933098],[13.786392272995,46.99916829220922]]],[[[13.773869967551262,47.0757051457728],[13.760770789590788,47.08475336372565],[13.76084280484955,47.0937516437193],[13.787194050676574,47.09365021615034],[13.780568562598516,47.08917701206732],[13.787079336380694,47.080152820369506],[13.773869967551262,47.0757051457728]]],[[[13.899424428489283,47.11564649205664],[13.88629014426231,47.12021005198937],[13.89947221539307,47.120145574217055],[13.899424428489283,47.11564649205664]]],[[[13.89952001039974,47.124644655177676],[13.906063238852227,47.12011276291151],[13.89947221539307,47.120145574217055],[13.89952001039974,47.124644655177676]]],[[[13.906159955269318,47.12911091806244],[13.919294733390334,47.12454506801486],[13.906111592960878,47.12461184110073],[13.906159955269318,47.12911091806244]]],[[[13.866967316734513,47.16529479142089],[13.860326142428224,47.16082625393655],[13.860370650672024,47.16532533882968],[13.866967316734513,47.16529479142089]]],[[[13.93506937996794,47.35392693836893],[13.948205423720598,47.34485888162914],[13.968116343419394,47.34924979022108],[13.961603344905095,47.35828410416128],[13.948361899968852,47.3583557711488],[13.948727322326118,47.38984841903941],[13.975280478044226,47.39420239229757],[13.975171491227696,47.38520453692372],[13.981795567953975,47.38516734295059],[13.97495362899008,47.36720879250061],[14.001440847694665,47.36705776661158],[14.007776408412688,47.34452439046534],[14.03401433431413,47.326370042108465],[14.033836076946379,47.31287322463625],[14.020606113054722,47.31295325691411],[14.020431324478288,47.29945639766817],[14.04027118850234,47.299335805352165],[14.04039108181687,47.30833369347873],[14.060295882656728,47.31270856424109],[14.060542592105639,47.330704260285486],[14.047429366921303,47.33978523175071],[14.047550571601581,47.34878306873564],[14.027810009555502,47.357902770126024],[14.028045854328228,47.37589843227647],[13.988530881164618,47.394127608195554],[13.988864846401498,47.421121066377026],[13.982291387269385,47.42565757166309],[14.008865343127617,47.43000373087859],[14.035264689328352,47.4208471004551],[14.04821793594664,47.39827097978297],[14.07478351471201,47.40260185578115],[14.067970071307078,47.389147804086925],[14.087779454411743,47.3845200822253],[14.074091199045391,47.353114131408],[14.100766491174769,47.366436788263464],[14.113877158466652,47.35734973084839],[14.113744633421069,47.34835197718855],[14.166628319312293,47.34348066168412],[14.173033121476875,47.32993583196409],[14.206117925032324,47.329688753094544],[14.199427464567568,47.32524009632447],[14.20589569895886,47.3161922422178],[14.225817113347922,47.32053826305196],[14.226499464437364,47.361027587873565],[14.233120295466724,47.360975842938814],[14.233273199481886,47.36997343292367],[14.180369124692774,47.37487555268467],[14.180153290730006,47.36137906953572],[14.193395117346483,47.36128056280048],[14.193249033294576,47.35228291048781],[14.173389658969821,47.352430070721425],[14.166982219198077,47.36597488163089],[14.147117623074507,47.36611747891641],[14.134010501256547,47.37520833594006],[14.134282642934231,47.39320372031755],[14.160993397384438,47.40651225583042],[14.167832810115279,47.41996072502993],[14.174461095520638,47.419912376853844],[14.174318078985099,47.41091477373057],[14.187572352083253,47.410816942689884],[14.187354528604976,47.39732054038335],[14.200531649406027,47.39272240158913],[14.220632370735634,47.4060668741791],[14.207602337677816,47.41966487981276],[14.22748693160541,47.4195117766981],[14.227715119615224,47.43300805675276],[14.21453030087613,47.437609297668054],[14.214830257906405,47.45560431545985],[14.228171846133883,47.460000531288934],[14.228324192255801,47.46899799663691],[14.19515201598717,47.46925148549978],[14.19537213452129,47.482747722561065],[14.228476590396598,47.47799544853491],[14.221992364598451,47.48704437014234],[14.248538990045423,47.48683613128126],[14.274764690158491,47.46862698030676],[14.280592510397069,47.42358534454767],[14.267335208648031,47.42369394594759],[14.260391111887719,47.40575268920668],[14.273563966403199,47.40114614795099],[14.30039609105304,47.418920851111075],[14.307521330217044,47.44585703170986],[14.300889913569721,47.44591308302057],[14.301549130540232,47.48190254368796],[14.294995068507971,47.48645692081847],[14.30851729085213,47.4998410838695],[14.26204949998249,47.500225770955424],[14.248850850282416,47.50483091279509],[14.249006860319534,47.51382828215477],[14.282287715492176,47.51805785856085],[14.315239146652676,47.50428323507629],[14.321456928013037,47.481733123406144],[14.341192909078433,47.472562958430686],[14.353680293724548,47.431957937598725],[14.360309897414503,47.43189882998026],[14.36127213239838,47.48138391014574],[14.328516637546565,47.50416908742557],[14.328686261172841,47.5131663448076],[14.348605791877155,47.51299221135221],[14.348432765017252,47.50399498342841],[14.414542443925244,47.489893940179336],[14.42762960014561,47.480771154774374],[14.42734999983463,47.46727541919994],[14.440523606201168,47.4626497159319],[14.433609119280032,47.44921770706696],[14.44687246565264,47.44908985351601],[14.446303894784162,47.422098311212835],[14.419790712546732,47.42235235366255],[14.432766659260837,47.40873025407364],[14.452551165643412,47.404039439129974],[14.452265597686822,47.3905436059995],[14.445641297022929,47.39060803778081],[14.452170440815031,47.38604498909916],[14.451980175717193,47.37704774667867],[14.445357568504498,47.37711216211612],[14.44488500982932,47.35461897983912],[14.451504796546104,47.35455459163082],[14.444790546385578,47.35012033520629],[14.444412853444625,47.33212573033504],[14.43117886808676,47.33225330308072],[14.43136542847377,47.34125063230432],[14.418221302401257,47.34587536541458],[14.425118341308718,47.35930850309402],[14.405348162520237,47.36399460612243],[14.405530432148447,47.372991940307834],[14.392106096490812,47.36411765465959],[14.37224288270999,47.36429935258455],[14.37241951050491,47.373296738312476],[14.392376138874857,47.37761368297615],[14.385932366142848,47.3866719961885],[14.372684565086066,47.38679279588333],[14.365797280642619,47.373356547761276],[14.326232377226395,47.38270479728357],[14.292951786375736,47.3739891478733],[14.339137226850104,47.36459451602404],[14.33888085740446,47.35109834209881],[14.319189879007878,47.36026827764296],[14.279465742717496,47.360602895670844],[14.2726853852804,47.351659776846176],[14.259446124701675,47.35176746492803],[14.318771198894702,47.33777455495009],[14.318603826640311,47.32877704769431],[14.291974099450952,47.32000397142583],[14.291648647445797,47.30200883162245],[14.331413388028798,47.30616874650828],[14.324715367370915,47.30172741797713],[14.324547097488374,47.29272988145768],[14.33777143517937,47.29261465534212],[14.33082065589981,47.27467737886366],[14.350564043701286,47.27000411505091],[14.337089932581643,47.256624497576084],[14.317183460100495,47.252297852174465],[14.33031316114856,47.24768469244854],[14.33014411123535,47.238687113855846],[14.343354931834044,47.23857123972148],[14.343183694017316,47.22957367285489],[14.316849852565415,47.234302656380635],[14.310576314999713,47.25235446511611],[14.290673619173157,47.24802319390741],[14.284631570731285,47.279569965046996],[14.251734312192022,47.28883743084814],[14.258267603282713,47.28428540394636],[14.251344884416394,47.26634328259833],[14.257953838587314,47.266290098917864],[14.257640287235414,47.24829475988828],[14.270615267871436,47.23469078270961],[14.263852533998989,47.22574701539132],[14.237896810160457,47.252951960724026],[14.217999850413637,47.248608016564816],[14.224380021666782,47.23506017142481],[14.197959596566879,47.23526283773372],[14.198106158820835,47.244260601940375],[14.185037990428278,47.25335743038341],[14.158748202134237,47.26254878177569],[14.17182316086074,47.25345497237833],[14.164722454901286,47.222010843578644],[14.144911875566585,47.22215305566773],[14.145049383396511,47.23115089676363],[14.13184002696371,47.23124380890802],[14.131975335779192,47.240241658117434],[14.098881278065695,47.23596834204886],[14.092468871403822,47.24950914968515],[14.072710451499265,47.25413776213575],[14.072459961097456,47.23614194441308],[14.092083157146464,47.222515465579114],[14.091697835876007,47.19552171522558],[14.065296673050641,47.19569365705056],[14.058880556101537,47.20923262449159],[14.052278546162912,47.20927428301295],[14.058634976564628,47.19123670465936],[13.986147421439489,47.200671814473424],[13.986368404175126,47.21866786825396],[13.973216060816926,47.223241421555294],[13.972945418713698,47.20074632729338],[13.920137047934302,47.20102909108201],[13.900189992451109,47.18763164728727],[13.926387072084097,47.16950173373733],[13.93958135418431,47.16943261243307],[13.926286847902606,47.16050361993455],[13.873518346970325,47.160764782372524],[13.880253025625349,47.174230700451844],[13.867057476105643,47.17429295160107],[13.867237886688121,47.1922892534093],[13.807997716416443,47.2105469265192],[13.794793038308525,47.21060080992474],[13.788075467998057,47.197129887479356],[13.722068460249371,47.19737248410522],[13.715532197206171,47.206392882057585],[13.70893033714476,47.206414661251245],[13.708866988859807,47.19741641731548],[13.695665495968305,47.1974588218117],[13.669347383599343,47.21103643905597],[13.65611527104268,47.206575134009164],[13.649433492556945,47.19309605931014],[13.629607864072717,47.18864962380318],[13.590074447628666,47.20224217404659],[13.583410023370034,47.188759229565136],[13.609762321015738,47.17970058603919],[13.622910733493294,47.17066982412894],[13.622862032794313,47.161671513060874],[13.59647672030486,47.16173487707927],[13.589923482541831,47.17074808754161],[13.57670812434467,47.16627755514795],[13.563549565292254,47.175302159157525],[13.56351095387474,47.16630378485902],[13.57668769624552,47.161778389863684],[13.57000862702545,47.143794474925386],[13.556820334925435,47.14382079119432],[13.550262523937167,47.15283176947066],[13.556876528612221,47.15731837521791],[13.543702482990481,47.161842364534394],[13.523881412995241,47.15287830100713],[13.52392922657733,47.166375891619474],[13.464578265460773,47.175456669424115],[13.458011201864553,47.188961504772095],[13.464610988140041,47.188954258505646],[13.464643727467525,47.20245183318123],[13.4514407888833,47.202465947151296],[13.451460380551538,47.2114643242771],[13.42504999659852,47.21148796948179],[13.425034892550745,47.202489588375734],[13.444820853549794,47.1934740458478],[13.43162014833614,47.193485864470375],[13.41839848039598,47.17999855930018],[13.484297093539425,47.14843743765489],[13.477702354362169,47.148445823943796],[13.477630312197249,47.12145056469321],[13.42489918610983,47.1215038818829],[13.41827992356916,47.10351194586045],[13.45123547676381,47.1079826228891],[13.451215961281179,47.098984181604585],[13.438021490586863,47.08999829471845],[13.43799558968415,47.076500615899484],[13.464349671793274,47.08097320472144],[13.503839362834889,47.07192336427791],[13.490642713102808,47.06294357037661],[13.490616536789545,47.05394511813112],[13.516917901261035,47.04490784723166],[13.536578638086235,47.02237861381348],[13.503669003819024,47.01793264405416],[13.451118482859243,47.053991916451224],[13.418196441381877,47.049521199476665],[13.418210343325818,47.05851966598882],[13.378726883325122,47.08103747026301],[13.3787377108243,47.09453515565473],[13.326033297227957,47.09454267167398],[13.299693458270053,47.076540358444504],[13.299702728203522,47.06304266146155],[13.312865093596534,47.07654381858509],[13.352377255438737,47.06754658262644],[13.352374507133263,47.05854811457102],[13.365539189871368,47.05404623937962],[13.365531724300986,47.04054852973345],[13.378687229297295,47.03154589025831],[13.37867282785809,47.01354893093898],[13.38525083870362,47.01354627889718],[13.391800585717368,46.98654779447159],[13.306334887682775,46.97755902091423],[13.312912381218961,46.96856206725097],[13.273493601710003,46.9550494083192],[13.273504198307794,46.946050918543435],[13.253809129361743,46.93703983552781],[13.227525747070143,46.94151696286491],[13.247225541637755,46.946033364566794],[13.24721050056169,46.95503185135663],[13.214346352579865,46.95950058550718],[13.214284510219832,46.98649602360819],[13.18798589601982,46.98646475177305],[13.187948273843148,46.99996245827306],[13.201078050422733,47.0089773312971],[13.20103229646126,47.026974268182876],[13.207611961622304,47.026981901628865],[13.207633728357823,47.01798343300919],[13.240526509335428,47.01801588021448],[13.240502213131242,47.03151359050156],[13.21418129969708,47.03148838812562],[13.214150302378977,47.04498608622398],[13.19441662549511,47.04046394804404],[13.187885527675869,47.02245862641179],[13.174727326006344,47.02244069427075],[13.174754658723943,47.01344223162436],[13.161598694187523,47.01342277904411],[13.161628244745456,47.00442431756711],[13.148490402123302,46.999904115372736],[13.148538040347931,46.98640642370699],[13.155112676784913,46.9864170967426],[13.148585654364283,46.9729087287271],[13.11566490039015,46.98634734839398],[13.089366444744273,46.98629323599731],[13.062929331663378,47.01322832396225],[13.023382379900834,47.026624160231435],[13.02330290365293,47.04012176755657],[13.010112798292232,47.04458397427496],[12.990396715574313,47.04002643156572],[12.98390499962998,47.026508643218904],[13.003671822655875,47.02206891707108],[13.003784392409758,47.00407211557572],[13.030143349432073,46.99514763169088],[13.030324524389789,46.963653162841815],[12.990777013188248,46.981536868737656],[12.990718560357262,46.99053526830729],[12.97756837083185,46.990494504499935],[12.957971134852993,46.97243373849014],[12.938218949889482,46.97686552013759],[12.938117928585736,46.990363076309464],[12.970993283729417,46.990473551547105],[12.984083877503918,46.999513471310124],[12.98396464579292,47.01751025476177],[12.970807786592005,47.017468708462104],[12.977416586013172,47.012990478713455],[12.970931472295261,46.99947193907401],[12.94459358546793,47.00388349112637],[12.931508632706532,46.99483902183098],[12.91178183575644,46.99476702014801],[12.905169775424753,46.999241432177286],[12.904987315807647,47.021737295013644],[12.911530289749486,47.02626124259955],[12.898334253290741,47.03071047642363],[12.898222994139863,47.04420797687757],[12.931131592228661,47.04432999684997],[12.92444523643851,47.05780387388549],[12.93099431224452,47.062326695092814],[12.858530595731038,47.06654472912493],[12.858409139862566,47.08004217003005],[12.845236898313575,47.07998608359345],[12.845153660095987,47.088984363330844],[12.83856643321413,47.08895574326928],[12.831637037313326,47.124919779321466],[12.811817528687039,47.12932954299762],[12.81814606046371,47.15635440105453],[12.824741652436407,47.156384203114314],[12.817970114167096,47.17435083269256],[12.83116578568933,47.17441007498756],[12.824437589100805,47.187877960200986],[12.837551938157253,47.196934665469655],[12.870555289328555,47.19707423504204],[12.8706343825749,47.188075999273764],[12.88387194393352,47.18363001807724],[12.890319507022692,47.201652512801616],[12.88367980058899,47.206125625771094],[12.923325925194597,47.201776805883895],[12.936460619335593,47.21082211577335],[12.943163236745614,47.19734765664788],[12.923431119230203,47.188279403041165],[12.923501218794158,47.17928112640181],[12.943330093333515,47.17485193951182],[12.963028924612729,47.18841590708349],[12.95675153335868,47.14340257155895],[12.969939634054004,47.14344574363681],[12.963377217085716,47.13892518486411],[12.970126014096667,47.11645073198361],[12.989927505004024,47.112013417115065],[12.983367273087328,47.10749400184511],[12.983546697699976,47.08049891440225],[12.996690415136042,47.08503817175112],[12.996747959853957,47.07603979648701],[13.009947003968623,47.0715791457476],[12.996862990744251,47.058043035153545],[13.036363840626818,47.0581540464289],[13.056232913731053,47.03570836809387],[13.075975070813122,47.03575527717457],[13.089115604889816,47.04028386026512],[13.08907374861978,47.049282289154206],[13.102198924934768,47.05830857030413],[13.148235921976816,47.07189171778166],[13.154775027957816,47.08540006425209],[13.148188130002913,47.08538937129708],[13.1481562551635,47.09438780216684],[13.167920307622374,47.09441874212261],[13.17442605312455,47.12142358026823],[13.18758360386961,47.130439968963245],[13.213963986494614,47.12597211222773],[13.24036430054511,47.10800048477798],[13.266723183913541,47.108019618787715],[13.260094755714881,47.1350107202486],[13.312837419290867,47.13953295455234],[13.312841376829546,47.13053452038121],[13.332618947822583,47.130536853116546],[13.332618046333073,47.144034503052715],[13.319426801768063,47.153031755794636],[13.319423960651184,47.16203017677255],[13.332616542760615,47.16653055940045],[13.332615037824027,47.18902657917684],[13.352417209253689,47.19802387212604],[13.359023960461293,47.21152032208469],[13.378835405333543,47.21601382056693],[13.385430197521663,47.20701277683222],[13.405236325200141,47.20700249847508],[13.40524806551347,47.21600087843978],[13.471291116570361,47.22044094282851],[13.484523750408163,47.22942288654147],[13.51754786348144,47.22937515514265],[13.524184643710457,47.23836280092974],[13.550608368336977,47.2383161947425],[13.570326589236375,47.21578139803897],[13.590160793936851,47.220238758449135],[13.596830901751012,47.233721271707616],[13.590225592155237,47.23373617800526],[13.59029042339069,47.2472335806695],[13.57711741502551,47.25626051671956],[13.57715842058241,47.26525877219437],[13.603663679869994,47.278697229829916],[13.597297227845216,47.32820266762733],[13.603937157451723,47.33268643958227],[13.597319475405392,47.33270175673711],[13.597363981882252,47.341699927483276],[13.604005614106791,47.34618368803051],[13.597408503507543,47.35069808808132],[13.604051271295903,47.355181840885145],[13.61729226212733,47.355150043689406],[13.6171485715648,47.32815557067095],[13.610531460935547,47.328171652779744],[13.610461360743772,47.31467437868644],[13.61707678127122,47.31465830064984],[13.610367949440253,47.29667798014695],[13.61698111784107,47.29666190753806],[13.616933310519324,47.287663697298704],[13.636795004209768,47.29211229259848],[13.636846196687578,47.30111048981213],[13.62366771259702,47.31014274618882],[13.636923018057313,47.31460776838758],[13.630382780511642,47.328122257085106],[13.636999878637306,47.32810502560875],[13.637051140822281,47.33710318485913],[13.630457989375971,47.34161949657415],[13.637102420456275,47.34610133406834],[13.66352399757657,47.337030415451565],[13.663468226582488,47.32803226848935],[13.676673367189329,47.32349451729418],[13.676586380928438,47.30999728109465],[13.6898160006233,47.30995708491537],[13.69633879421286,47.296439170446824],[13.716178102453847,47.296374871092056],[13.71624281383324,47.305373023803575],[13.703045599829169,47.30991535678052],[13.703139345185095,47.32341257222083],[13.68993649862948,47.32795338144658],[13.69002692597111,47.341450578148105],[13.676818442999151,47.34598986202015],[13.676876507900396,47.35498798213933],[13.716534287680538,47.34586459300633],[13.73625577360938,47.32780057907647],[13.769303904481056,47.323180893640064],[13.756142579094982,47.332228394743495],[13.756214142774805,47.3412264855289],[13.736426242156638,47.350295829714106],[13.736494470213609,47.359293911994165],[13.769599228280848,47.3591732026138],[13.782955324095516,47.37261929543308],[13.802743593841795,47.36354192571331],[13.809526442735917,47.381510742430336],[13.802942519212557,47.38603696480936],[13.809607176219538,47.39050873959926],[13.822815358962613,47.385954147060644],[13.816068322981993,47.37248513518096],[13.82927143861055,47.367929785857044],[13.84260176916298,47.37686989874364],[13.842731329080365,47.39036686273056],[13.856025270439174,47.3948064043722],[13.855847991492714,47.376810478137834],[13.869048753841907,47.37225054029803],[13.84909369721654,47.36334339879131],[13.84896257739346,47.349846393275456],[13.868821720924963,47.34975558284853],[13.87553333813222,47.35872253189959],[13.915208786473286,47.35402925534191],[13.915060794854105,47.340532314293085],[13.888586652843385,47.34066333758977],[13.888492542833353,47.33166534196692],[13.875165853759025,47.3227305274758],[13.881642795952914,47.309202088831924],[13.90153474496751,47.31360460862335],[13.908393521642408,47.33606665661663],[13.934814312678578,47.33143206707103],[13.928146518331843,47.32696755668843],[13.934610415106354,47.31343612500388],[13.947892710897595,47.31786503379216],[13.954771754063158,47.340324283483135],[13.934967326993467,47.344928997547264],[13.93506937996794,47.35392693836893]],[[14.251890176065574,47.297835074505585],[14.245277271927959,47.29788790680867],[14.245122533312529,47.288890254219666],[14.251734312192022,47.28883743084814],[14.251890176065574,47.297835074505585]],[[14.245277271927959,47.29788790680867],[14.238741180904256,47.30243918352105],[14.23866435462481,47.297940356253825],[14.245277271927959,47.29788790680867]],[[13.920137047934302,47.20102909108201],[13.913585025508015,47.205561765788296],[13.91353596267248,47.2010627167003],[13.920137047934302,47.20102909108201]],[[13.418370553977534,47.162001744265915],[13.418349621570007,47.14850411781999],[13.444737845185163,47.15298123616325],[13.444756280551475,47.16197964868622],[13.418370553977534,47.162001744265915]],[[13.941071002383744,47.29990430645119],[13.954245199678157,47.29533449437049],[13.961070795715095,47.313294444115996],[13.94122552350466,47.31340127927903],[13.941071002383744,47.29990430645119]],[[14.32078412097722,47.44574377733653],[14.31406926222136,47.44130190858897],[14.320700084665848,47.44124509424937],[14.32078412097722,47.44574377733653]],[[14.320700084665848,47.44124509424937],[14.327246305085637,47.43668921457392],[14.327330892774935,47.44118789602703],[14.320700084665848,47.44124509424937]],[[14.3206160626907,47.436746407958964],[14.313902363942777,47.43230452322332],[14.320532055048124,47.43224771849289],[14.3206160626907,47.436746407958964]],[[13.795808705007865,47.32757653461647],[13.795887019403756,47.33657460457796],[13.776032717348457,47.33665274728155],[13.775920327468032,47.32315561883217],[13.795769557805501,47.323077495932566],[13.795691283383423,47.314079411296035],[13.815577897670787,47.3184968911067],[13.809042618935374,47.32752253272994],[13.795808705007865,47.32757653461647]],[[14.060049341093503,47.29471282998313],[14.099400408250487,47.27195982757501],[14.106141222419987,47.28091328390968],[14.079887330710513,47.2945853564615],[14.07346294572283,47.30812501324028],[14.06017259090011,47.30371070177877],[14.060049341093503,47.29471282998313]],[[13.888163409959933,47.300172280281025],[13.861709418831751,47.3002970774466],[13.854919255488335,47.28233118066432],[13.888022472968691,47.286675218825664],[13.888163409959933,47.300172280281025]],[[14.172463292327382,47.293944921134894],[14.178932312042303,47.28489856155435],[14.198766305992912,47.28475043949816],[14.19898657969171,47.298247012845145],[14.172463292327382,47.293944921134894]],[[13.927592421083896,47.2774785677121],[13.934101277869484,47.2684461069232],[13.947320232625193,47.26837609166844],[13.947476256849177,47.28187310271848],[13.927592421083896,47.2774785677121]],[[14.218149858153401,47.257605743179816],[14.224984546945391,47.27105104267531],[14.205229701041002,47.27570258165],[14.204934029074069,47.257707119168394],[14.218149858153401,47.257605743179816]],[[13.73574523715609,47.26031447225636],[13.73557534745283,47.23781899647426],[13.75539262856659,47.237747883240786],[13.755570945422829,47.26024332898612],[13.73574523715609,47.26031447225636]],[[14.06616493610547,47.258679174009885],[14.072835760584459,47.26313565891798],[14.066227033980345,47.26317812496039],[14.06616493610547,47.258679174009885]],[[13.9270393593695,47.227989317130906],[13.907274556312496,47.23258928628996],[13.900525580961311,47.21912502961304],[13.920285944153463,47.21452622462967],[13.9270393593695,47.227989317130906]],[[13.748681640980221,47.224274673449415],[13.741974068751858,47.210801052751556],[13.755143239295181,47.20625417981567],[13.761889775253248,47.22422612952855],[13.748681640980221,47.224274673449415]],[[13.900381708465318,47.20562787603146],[13.907031881367198,47.21009406219778],[13.900429657819064,47.21012692898314],[13.900381708465318,47.20562787603146]],[[13.418426425736838,47.197995349607815],[13.398628975748098,47.202507113972686],[13.398613057859082,47.189009525344325],[13.418412450699906,47.18899695765463],[13.418426425736838,47.197995349607815]],[[13.34581300466288,47.18002782220155],[13.339213544407427,47.16653057358622],[13.352406168154971,47.16203024768357],[13.359010368820316,47.18002594026533],[13.34581300466288,47.18002782220155]],[[13.405130841024972,47.126016797333214],[13.40514839942221,47.13951444587341],[13.385363307216494,47.135025495528126],[13.385354958633325,47.126027060184576],[13.405130841024972,47.126016797333214]]],[[[13.160737347854463,47.27437634586281],[13.160767191119989,47.265378035149915],[13.140955867892709,47.26084669155765],[13.10785393596013,47.27428284221061],[13.107815082969577,47.283281128570884],[13.127631971454434,47.28781821257408],[13.127685193241758,47.27432077663833],[13.154126911464077,47.27436599750124],[13.1606776308054,47.292372941589775],[13.187128401987309,47.292410520365],[13.160737347854463,47.27437634586281]]],[[[13.484725805258844,47.301409454525775],[13.478099899170184,47.29691871966717],[13.478111980784469,47.301417864885046],[13.484725805258844,47.301409454525775]]],[[[13.88915198653764,47.39465108979045],[13.922328489713337,47.398985132879446],[13.915356853720771,47.367526172727665],[13.895538786639575,47.37212404056713],[13.88915198653764,47.39465108979045]]],[[[13.935733572509687,47.41241328743092],[13.935631293240501,47.40341541893004],[13.929004894045054,47.40344993996286],[13.929106042984913,47.41244781430076],[13.935733572509687,47.41241328743092]]],[[[13.591245090960099,47.445193071796176],[13.597854554627439,47.440679087449006],[13.591223314449522,47.44069405173426],[13.591245090960099,47.445193071796176]]],[[[13.41884788964229,47.467943040954346],[13.43874333108588,47.46342790454051],[13.438725817363851,47.4544298030922],[13.418833771492944,47.45894494332776],[13.41884788964229,47.467943040954346]]],[[[13.896733419591351,47.48459746472941],[13.890049466598894,47.48013083149479],[13.89009678303151,47.48462973292403],[13.896733419591351,47.48459746472941]]],[[[13.811065098249642,47.5524705285466],[13.837474494435636,47.53436195661689],[13.864091349380189,47.53874163234882],[13.857314165888907,47.525275384057075],[13.8771932328683,47.52068424520935],[13.877054518506407,47.50718759858045],[13.883694006455206,47.50715608554307],[13.876869676543325,47.48919201995974],[13.863595213998547,47.489253871906676],[13.863685351116233,47.498251678696406],[13.837088994170477,47.493871879722576],[13.817093269024292,47.484959323216934],[13.82356343732172,47.466935553714706],[13.790352312573742,47.462572920997594],[13.784062621917984,47.50308949534725],[13.757506468071911,47.50319016813588],[13.724211647597619,47.48981051444979],[13.724145348855155,47.48081259974704],[13.71750910054846,47.48083487567179],[13.724012819236856,47.462816729830244],[13.644404689888335,47.46305860051326],[13.64432573679409,47.44956160220144],[13.631035868773921,47.44509751899451],[13.611210945145334,47.458644052632934],[13.591266871183477,47.449692088687485],[13.591375828025583,47.47218712461997],[13.584761856186768,47.47670071210947],[13.538376437948003,47.494788776181466],[13.51846212817931,47.494822169911856],[13.5052436871856,47.51283855146455],[13.478706505397152,47.521872638360904],[13.485373537752396,47.53086218225883],[13.51858680532927,47.53081418029218],[13.5186180012297,47.53981214650015],[13.551873770101873,47.54875246146213],[13.571808470455055,47.548713263049876],[13.591681402123656,47.53517277051917],[13.611610828110864,47.535126644131935],[13.611657949508007,47.54412452796023],[13.644879258201671,47.54403994401071],[13.664755779946756,47.53498671728322],[13.711321525139372,47.54384192509316],[13.724676373298644,47.552795518652836],[13.724875882008009,47.57978886613373],[13.75822786498668,47.593168095501916],[13.798051162455405,47.584016823731254],[13.811065098249642,47.5524705285466]],[[13.531805193124901,47.51279631822529],[13.531855364799327,47.526293300544765],[13.511929130619128,47.526325560337725],[13.511884067611616,47.51282856984858],[13.531805193124901,47.51279631822529]],[[13.837131798277625,47.49837079144639],[13.8372602544638,47.51186750545723],[13.817298783348086,47.50745391775192],[13.817216556563766,47.49845609043327],[13.837131798277625,47.49837079144639]]],[[[13.232898829524194,47.55790668605371],[13.299362846946408,47.5534482563534],[13.30601610530432,47.539953237919114],[13.372454298482772,47.53995145949302],[13.365802877028642,47.52645637775099],[13.385716511838842,47.51295247722286],[13.345871551234502,47.499465714367176],[13.306039286966863,47.49946216832829],[13.299409997649146,47.48596314535065],[13.213118460777066,47.49040203867632],[13.179877282830885,47.50835767514227],[13.186491522760335,47.51736454204696],[13.179837207194995,47.52185468323335],[13.193108026456907,47.52637101295683],[13.19970346114365,47.54437505678007],[13.179756994138113,47.5488486004314],[13.179730238128512,47.55784654269195],[13.206325624108151,47.55338072065857],[13.219586728146576,47.566891893833876],[13.232898829524194,47.55790668605371]]],[[[13.87742458151823,47.54317858293119],[13.884021757456683,47.53864819115312],[13.877378295974117,47.538679722848336],[13.87742458151823,47.54317858293119]]],[[[13.83112781352041,47.565882884745555],[13.831043129935813,47.55688516357352],[13.817751533153995,47.55694170733635],[13.817833942779837,47.56593943807131],[13.83112781352041,47.565882884745555]]],[[[13.857938679536423,47.58825934416034],[13.851244844479629,47.58379053391481],[13.85128893317255,47.58828936524444],[13.857938679536423,47.58825934416034]]],[[[13.85802801787479,47.597256989529754],[13.851333029407346,47.59278819251271],[13.85137713318596,47.59728701569199],[13.85802801787479,47.597256989529754]]],[[[13.89132985187531,47.601599886239256],[13.87798062569508,47.59716460071388],[13.878027014242063,47.60166340942312],[13.89132985187531,47.601599886239256]]],[[[13.89132985187531,47.601599886239256],[13.898029363215256,47.60606634347592],[13.897981258542686,47.60156754702019],[13.89132985187531,47.601599886239256]]],[[[13.725108901016903,47.611280922353224],[13.73172774567063,47.6067593557069],[13.725075595502648,47.606782069544266],[13.725108901016903,47.611280922353224]]],[[[13.525585709864991,47.62978017311626],[13.485654695777606,47.62983903847829],[13.485693117481766,47.643335727763656],[13.499034793347763,47.6523154105646],[13.499090636118812,47.67031089291374],[13.505765478220159,47.674800125830075],[13.525748089199938,47.67476893292199],[13.525683104116439,47.656773482396375],[13.53232487595605,47.65226344433314],[13.512350834238498,47.65229578049135],[13.525585709864991,47.62978017311626]]],[[[13.919083284706792,47.70493923893259],[13.959123554328539,47.709228445583236],[13.972344413219393,47.700158205487526],[14.005720998941174,47.704467852341104],[14.05853997837226,47.66815624613159],[14.051818898836439,47.66369921645937],[14.051389764078113,47.63220844641168],[14.044734583920823,47.63224966676846],[14.051206006586634,47.61871233634964],[14.084473200802279,47.61850050895088],[14.077629286026953,47.60504753918977],[14.097454019610918,47.59591960652886],[14.057427080692028,47.58717969446169],[14.050961143333364,47.600717463369115],[14.030948052206368,47.59634115697382],[14.031067026176762,47.60533863092995],[13.95800325122078,47.614755463917916],[13.95832292674318,47.641747946025866],[13.965033256025645,47.64621045716158],[13.951771960676183,47.650781243456],[13.931697045067361,47.64188896266214],[13.925141481012426,47.65092074220188],[13.938559983567355,47.65984922304068],[13.885289621030264,47.66011593156855],[13.878491336612385,47.646651263958674],[13.851862773196277,47.64677379287977],[13.845118387444602,47.63780589941356],[13.825108393039905,47.63339378336687],[13.785175416607263,47.6335567229184],[13.785367836325511,47.65605072277537],[13.7587705342252,47.660650480570084],[13.772200575894464,47.674097111908225],[13.738966250567486,47.68321609919322],[13.752325599572886,47.687667447579486],[13.752432698387423,47.7011637289655],[13.765760906266385,47.701114748213634],[13.765834622599979,47.710112237148834],[13.779241120637227,47.71905916575583],[13.85252648566168,47.71425489248407],[13.865994293945135,47.72769039899899],[13.905900895312241,47.718502030092814],[13.905803137803373,47.709504663185584],[13.919083284706792,47.70493923893259]],[[13.878863367381827,47.682641230532376],[13.858923085351806,47.68723250098976],[13.852172293402356,47.6782651021664],[13.872109758999327,47.673674992390495],[13.878863367381827,47.682641230532376]],[[13.7921825383561,47.67401962906323],[13.778747398235456,47.66057533049868],[13.798763855471742,47.66499548844631],[13.7921825383561,47.67401962906323]]],[[[13.365889270328568,47.679420159589085],[13.359223840417355,47.67042395464573],[13.345903171245455,47.67042585348722],[13.345904841015162,47.679423586826736],[13.365889270328568,47.679420159589085]]],[[[13.539069816104757,47.674746209469546],[13.539104609693224,47.68374390353016],[13.552465699674254,47.69271730485593],[13.592426561045292,47.688134722572954],[13.539069816104757,47.674746209469546]]],[[[13.972453568792995,47.70915553256171],[13.972562761804278,47.71815284038142],[13.94605511767048,47.73179310918235],[13.95944438220681,47.73622034742087],[13.97933927295703,47.72711308088757],[13.985783545821938,47.709081076104304],[13.972453568792995,47.70915553256171]]],[[[13.506012998928094,47.751279996628476],[13.492658368752258,47.746800112361996],[13.492671803534884,47.75129889082004],[13.506012998928094,47.751279996628476]]],[[[13.846254656861728,47.75477276489701],[13.839540549330616,47.750303440062886],[13.839583773087906,47.754802107689436],[13.846254656861728,47.75477276489701]]],[[[13.953040675782233,47.75874937340775],[13.959658450976796,47.754214849429644],[13.952987708330706,47.75425075752278],[13.953040675782233,47.75874937340775]]],[[[13.486078421667102,47.77830032685932],[13.486052673063261,47.76930282468242],[13.479379778218068,47.76931130916065],[13.479404380511246,47.77830881277024],[13.486078421667102,47.77830032685932]]],[[[13.53296568010311,47.823217240746466],[13.532914938331203,47.809721156922585],[13.519543097607922,47.80524445748647],[13.51959038673639,47.818740563204585],[13.53296568010311,47.823217240746466]]],[[[13.806835484922384,47.822422596234986],[13.800116066067355,47.817951053472825],[13.800155956538125,47.82244965613669],[13.806835484922384,47.822422596234986]]],[[[13.386014726132704,47.8278730080878],[13.379330640808934,47.823377003484474],[13.379334351857961,47.82787570062132],[13.386014726132704,47.8278730080878]]],[[[13.67333070263905,47.83638620831916],[13.686663281570816,47.8318477663027],[13.67330170598558,47.83188758495035],[13.67333070263905,47.83638620831916]]],[[[13.81372030579239,47.84488805683582],[13.813638164849268,47.835890910680554],[13.806956920443339,47.83591836424521],[13.807037912243452,47.84491551504726],[13.81372030579239,47.84488805683582]]],[[[13.894148419696183,47.867020997548394],[13.900785002574054,47.86248998789104],[13.894100409141608,47.862522486204725],[13.894148419696183,47.867020997548394]]],[[[13.833938708681078,47.86279755679814],[13.820486011000279,47.85385733065135],[13.820569358370129,47.862854426755774],[13.827254037158092,47.86282618527079],[13.827462170630112,47.88532161399721],[13.860854840669957,47.88067604021361],[13.860722455219745,47.86717769765014],[13.833938708681078,47.86279755679814]]],[[[13.539802992621974,47.86369359692768],[13.533118062362055,47.86370519255284],[13.5331519570946,47.872702452708204],[13.546578432264408,47.8861747111489],[13.546669022495019,47.90866766093428],[13.5533597028118,47.90865528082667],[13.55321019007764,47.87266649872434],[13.559877011543088,47.86815511683819],[13.546487919871502,47.863681614292354],[13.54645173668646,47.85468433514777],[13.539767959485594,47.85469631575743],[13.539802992621974,47.86369359692768]]],[[[13.560088942669623,47.91763964708427],[13.55337840637015,47.9131538517827],[13.55339711314606,47.917652416689045],[13.560088942669623,47.91763964708427]]],[[[13.560088942669623,47.91763964708427],[13.566800631590251,47.92212504671263],[13.566780768875725,47.91762649007634],[13.560088942669623,47.91763964708427]]],[[[13.171946430112833,47.92223846765712],[13.178652427797667,47.91774921413292],[13.171960573249535,47.91773990155997],[13.171946430112833,47.92223846765712]]],[[[13.84258077593493,48.0652000543524],[13.835826947162962,48.06073090002532],[13.835870100661053,48.06522917582197],[13.84258077593493,48.0652000543524]]],[[[13.150574345074245,48.286569107724425],[13.143851587824674,48.28206019168624],[13.143834906996842,48.28655816950778],[13.150574345074245,48.286569107724425]]],[[[13.177504600419889,48.2956048986773],[13.184258399210915,48.291115921726316],[13.177518363571483,48.29110693328766],[13.177504600419889,48.2956048986773]]],[[[13.211207723989265,48.29564594294095],[13.204478519462517,48.29114054618685],[13.204467095100302,48.295638514440064],[13.211207723989265,48.29564594294095]]],[[[13.25165153335041,48.29568232023939],[13.231438707122873,48.29116791679836],[13.23142962155834,48.29566588738536],[13.25165153335041,48.29568232023939]]],[[[13.366276454501117,48.35418199930288],[13.37302151065384,48.34968219892565],[13.366273840171797,48.349684136621384],[13.366276454501117,48.35418199930288]]],[[[13.853041200761792,48.44299753240552],[13.846237121902265,48.4385296655713],[13.84628149599355,48.44302725321193],[13.853041200761792,48.44299753240552]]],[[[13.691393531563108,48.529056130600715],[13.677791879851247,48.520101540883054],[13.677851418760598,48.52909646566004],[13.691393531563108,48.529056130600715]]],[[[13.801473100762472,48.72205643613252],[13.821819841077279,48.71747691859623],[13.801351035190615,48.708565488568574],[13.801473100762472,48.72205643613252]]],[[[13.944196132819686,48.72140422839877],[13.937242161403246,48.70794842862327],[13.923601832927677,48.70352025435753],[13.923755962379426,48.71701109538712],[13.90341849996314,48.721608272432455],[13.903517748714378,48.73060210594525],[13.917265213786358,48.74402630281836],[13.930759645590083,48.73496451559659],[13.9306556225143,48.72597072720235],[13.944196132819686,48.72140422839877]]],[[[13.855844201865818,48.721828428267294],[13.862732669247817,48.73079202312807],[13.876327729064675,48.73073029091066],[13.876233236522546,48.72173643563214],[13.855844201865818,48.721828428267294]]],[[[13.91051621319198,48.74855659798971],[13.903666686941119,48.744092772485246],[13.903716350385773,48.748589638891346],[13.91051621319198,48.74855659798971]]],[[[13.876374987729358,48.73522720183389],[13.849317143920784,48.74883979972291],[13.849406974398299,48.75783354119242],[13.835804711489274,48.75789215622174],[13.835892191908739,48.766885862359956],[13.8699504730138,48.77123317085965],[13.903766022518763,48.75308649403015],[13.88331671025667,48.74868640053971],[13.876374987729358,48.73522720183389]]],[[[14.554749307364531,46.37705696159722],[14.555157197980428,46.39505095170609],[14.568366467035666,46.40390603751955],[14.587874169436576,46.4036903221193],[14.580746630498842,46.376771744097],[14.554749307364531,46.37705696159722]]],[[[14.34152311037703,46.44666069642436],[14.380658600512604,46.45080335214083],[14.39349843153622,46.44168429948952],[14.341354715229517,46.43766327047718],[14.34152311037703,46.44666069642436]]],[[[14.211212953455831,46.43875189489907],[14.19176290569888,46.44340100741206],[14.178606161638443,46.434501683861704],[14.152579139208628,46.434693774632585],[14.152715903678677,46.44369145282669],[14.139834773626506,46.452782959275396],[14.159430634546009,46.457140513976285],[14.165731617800839,46.443596144789254],[14.185255101495802,46.44345035691658],[14.172309492011818,46.448046756923766],[14.172449596316088,46.457044428074646],[14.224524966698969,46.45664500974122],[14.211212953455831,46.43875189489907]]],[[[14.406871872766562,46.45955578322552],[14.439326921928979,46.45474246864769],[14.43914211831235,46.44574518582682],[14.39358699571737,46.44618297359831],[14.406871872766562,46.45955578322552]]],[[[14.504415246148811,46.45408492231174],[14.491397709513086,46.4542194460848],[14.49159129836031,46.463216651753335],[14.498101165206123,46.4631495669537],[14.504415246148811,46.45408492231174]]],[[[14.50461101574389,46.46308210528147],[14.51102241166022,46.458515679604695],[14.504513122748254,46.45858351242542],[14.50461101574389,46.46308210528147]]],[[[14.27707250399769,46.48321413524753],[14.2835056339193,46.47866069027774],[14.276993643525573,46.47871535136372],[14.27707250399769,46.48321413524753]]],[[[14.440159304876987,46.495230375563175],[14.453093275358542,46.49060312726517],[14.440066755877472,46.490731708754545],[14.440159304876987,46.495230375563175]]],[[[14.283743892430818,46.4921570359388],[14.296771108068956,46.492046554778206],[14.31004320102452,46.505430877674975],[14.329505459350768,46.500761262882996],[14.303122568253373,46.482993210207376],[14.283585040113977,46.48315946955012],[14.283743892430818,46.4921570359388]]],[[[14.101357614702188,46.49354538357004],[14.114450758493733,46.497954917798836],[14.12070212062273,46.47991411132337],[14.07517778297888,46.4847217527834],[14.036276207322993,46.49846850736783],[14.062334556281165,46.498303345591744],[14.062517259039197,46.511800138939975],[14.042968595762915,46.511924607529416],[14.043087169593393,46.52092250317987],[14.05612180792054,46.52083988745241],[14.09503451607273,46.50708623044392],[14.101357614702188,46.49354538357004]]],[[[14.029819754999208,46.503007800805946],[14.03615882495784,46.48947063000725],[14.023016615820529,46.480553053829816],[14.00347924453835,46.48067066205407],[13.98415904299997,46.49878072639933],[13.95163712153723,46.50346258916588],[13.945377266830311,46.52599301017581],[13.984430815534447,46.52127559578562],[13.990783495573375,46.50774095305645],[14.029819754999208,46.503007800805946]]],[[[14.512303396080963,46.51699751633109],[14.466498757773744,46.50846763248401],[14.46687803775377,46.526462266641666],[14.480105092398295,46.53532788871903],[14.519117411486105,46.53042508252191],[14.512303396080963,46.51699751633109]]],[[[14.425242296692527,47.04433458185192],[14.425057815367513,47.035337032083454],[14.411897718959104,47.03546237140751],[14.412079971442639,47.04445994235512],[14.425242296692527,47.04433458185192]]],[[[14.571069628895033,47.087841477180234],[14.584242307994955,47.08769770729262],[14.57744551052547,47.078772513492524],[14.603678822451318,47.07398336070459],[14.603464000488364,47.064986134330915],[14.590190739775203,47.060633503383286],[14.596239828260444,47.03806758489103],[14.602819971081882,47.03799443341109],[14.595919729704537,47.024571704988006],[14.576184205843973,47.02478881871992],[14.556758595164961,47.03849849387725],[14.55706882585325,47.051994475991485],[14.544007260519924,47.056633771247675],[14.5443143555812,47.07012977854687],[14.531145929727472,47.07026892570017],[14.53134851493413,47.079266282626044],[14.524763160429307,47.07933529608642],[14.52496469813128,47.08833266059318],[14.53155116880898,47.08826363546949],[14.537933852272914,47.07919688791586],[14.56417093723527,47.0744168482778],[14.571069628895033,47.087841477180234]]],[[[14.346438600088318,47.05406155344176],[14.37268043350756,47.04932569470217],[14.386021941495153,47.05820250394941],[14.39242584536211,47.04914392542027],[14.372592628321705,47.04482687940168],[14.359256723865977,47.03594849047288],[14.359083445743728,47.026950834452904],[14.319608765425583,47.02729936443015],[14.319942008477813,47.04529479132887],[14.300197790596396,47.04546397125109],[14.30036115201843,47.05446170868775],[14.313443405128798,47.04985042530085],[14.326775139302635,47.05873418349101],[14.333950002610903,47.090168511071994],[14.347123843380029,47.09005219692069],[14.346952445468894,47.08105454186719],[14.353538227721192,47.08099582268499],[14.353365771876465,47.071998173528996],[14.340111334606402,47.06761637492087],[14.346438600088318,47.05406155344176]]],[[[14.52260281130965,47.27734487190518],[14.529111328015695,47.272777371045024],[14.522501874885956,47.27284625312833],[14.52260281130965,47.27734487190518]]],[[[14.423543095420042,47.282830968897706],[14.430340131900692,47.29176519851251],[14.456787772138469,47.29150871594092],[14.443281316396442,47.278141677834526],[14.442998792904241,47.2646456128764],[14.410230003142319,47.278457416090106],[14.350650348567012,47.27450287606705],[14.36421993576982,47.29237960941457],[14.37744409713803,47.29225978962283],[14.377266884851736,47.28326232339908],[14.39709963884884,47.28307975357677],[14.397280225878376,47.2920771889294],[14.40389223819251,47.29201555643526],[14.410321398228241,47.282956126696995],[14.423543095420042,47.282830968897706]]],[[[14.331498121691107,47.31066750402404],[14.338027237851422,47.30611092738321],[14.331413388028798,47.30616874650828],[14.331498121691107,47.31066750402404]]],[[[14.499527982878456,47.43056891186813],[14.526146434117571,47.43479492908252],[14.51931473482759,47.42586657372903],[14.525943371511001,47.42579787706994],[14.532163812789555,47.40773467858891],[14.55204278430841,47.40752520581516],[14.565085710554337,47.39838662132006],[14.564666658527345,47.380392549963176],[14.57791237074401,47.380249521585405],[14.57823001997292,47.393745043204675],[14.591479046975648,47.3936004445202],[14.585174048601512,47.40716841240065],[14.591800247357734,47.40709590291287],[14.592014472237409,47.41609286005938],[14.572027005084626,47.41181077897986],[14.572237875789646,47.420807766585945],[14.552457744145118,47.425519253017285],[14.552769149858747,47.439014755556016],[14.539508605670846,47.4391548706105],[14.539714035154201,47.44815187994468],[14.513389183608007,47.45742459349028],[14.500024542055822,47.45306161706334],[14.493787731071741,47.47112294048876],[14.560130590651838,47.470433472317495],[14.573187684740674,47.46129405352528],[14.57297649001951,47.452297123694144],[14.593086693537225,47.461077456135385],[14.61961844840596,47.46078328379648],[14.652333241434627,47.442413356019514],[14.618851861059376,47.429294274338964],[14.611787531874644,47.41137453437824],[14.624821055990518,47.40222914954733],[14.644809172002317,47.40650201761614],[14.644585983310144,47.397505148785186],[14.664460630059606,47.39727615133669],[14.67097164948908,47.39270063880471],[14.664234129943623,47.388279309307414],[14.670402818732908,47.3702085299196],[14.683760531101042,47.374551673549774],[14.68422014947421,47.39254530237167],[14.703976124785006,47.38781103875318],[14.717576628078861,47.40114698040125],[14.717223298423427,47.387651881027715],[14.723846855189528,47.387571727008776],[14.716987845671547,47.37865513339617],[14.736855069363314,47.37841356189805],[14.749738293520535,47.364755557043274],[14.763101145272858,47.36908943652794],[14.76334441566653,47.37808609944011],[14.809574375321317,47.373000000538575],[14.78933794824326,47.35975927891278],[14.789090333804765,47.350762649989186],[14.801953303717637,47.337098716682384],[14.82842151478041,47.33675618084451],[14.834655613302562,47.323174753486406],[14.80806890793984,47.31902042143471],[14.80120458888521,47.31010880444424],[14.755028845828914,47.31519157229991],[14.754787280273632,47.306194820896366],[14.741560637568089,47.306358330757426],[14.74132140458434,47.297361541938386],[14.727978469807267,47.29302508133084],[14.715224504647551,47.31117917432961],[14.70188022391572,47.30683967196392],[14.702461774324458,47.329331804352464],[14.682727534282082,47.33406584477773],[14.682956952307789,47.34306271452349],[14.663102786531402,47.34329492784361],[14.669607269312353,47.33871945984638],[14.669153095254604,47.32072564713338],[14.662537837008873,47.32080263589325],[14.668812667601959,47.3072302610823],[14.648860152243138,47.30296153383462],[14.655136376496431,47.2893898827506],[14.648525018888769,47.28946606048157],[14.648301691659965,47.280469066592275],[14.635081168702731,47.28062024826449],[14.63530224677282,47.28961726771894],[14.602244989025733,47.28998858775985],[14.602460517353336,47.298985660725286],[14.589341901579227,47.30363007942253],[14.58976874857724,47.3216242362475],[14.570237503442888,47.335335912716175],[14.562888869632577,47.30391725669846],[14.575904357440086,47.29477731644995],[14.556067878680782,47.29499094042746],[14.54914597086227,47.28156561731029],[14.568662827586081,47.267857463627166],[14.601814152297152,47.27199441424151],[14.601598843821385,47.26299731412876],[14.614815057109862,47.26285000909716],[14.621204530370154,47.25377871147841],[14.535312694674484,47.254713656193594],[14.542330182401349,47.27263845896086],[14.529212826570655,47.277275983998386],[14.529517425842137,47.290771809378555],[14.52290572361362,47.290840714759305],[14.523512012264264,47.31783233734746],[14.530228762413229,47.32226198643571],[14.516997461529824,47.3223994957847],[14.524118920428558,47.344823870821415],[14.491026370258847,47.345163000041104],[14.497743871144177,47.349594543361846],[14.498139867578468,47.36758892777662],[14.4848971241743,47.36772272019783],[14.491715475272995,47.37665320265997],[14.47847044153257,47.3767862509223],[14.485582865311926,47.39921286420708],[14.47895751730277,47.39927922469422],[14.479445008427072,47.421772124282846],[14.492701338117852,47.42163896345471],[14.499527982878456,47.43056891186813]],[[14.644585983310144,47.397505148785186],[14.637850061722492,47.39308226893697],[14.644474417497163,47.393006709882904],[14.644585983310144,47.397505148785186]],[[14.491715475272995,47.37665320265997],[14.498437042053022,47.38108468703533],[14.491813985953092,47.381151791932],[14.491715475272995,47.37665320265997]],[[14.60581061038346,47.43843894208125],[14.606135753451634,47.451934269493655],[14.586133548095919,47.44765467607498],[14.58592019866739,47.438657750842886],[14.60581061038346,47.43843894208125]]],[[[14.677595909229371,47.39262316232796],[14.684335103036991,47.39704370225037],[14.68422014947421,47.39254530237167],[14.677595909229371,47.39262316232796]]],[[[13.96908705955122,47.43023053799036],[13.975662224639182,47.42569479394673],[13.969033052703594,47.42573163242464],[13.96908705955122,47.43023053799036]]],[[[14.652108616920916,47.433416549964576],[14.65862517080459,47.42884176443038],[14.651996333400257,47.42891814211839],[14.652108616920916,47.433416549964576]]],[[[14.665480836954472,47.437761789579774],[14.671996767492807,47.4331862461914],[14.665367403284256,47.43326339789127],[14.665480836954472,47.437761789579774]]],[[[14.844996850060634,47.453536590321264],[14.838236972809641,47.449125558116464],[14.838365195000991,47.45362375641618],[14.844996850060634,47.453536590321264]]],[[[14.832116618145076,47.467205135272884],[14.838749992895941,47.467118331043835],[14.838365195000991,47.45362375641618],[14.831733518059549,47.453710538619916],[14.832116618145076,47.467205135272884]]],[[[14.076298537129766,47.51057378767661],[14.062894738051789,47.50166112982731],[14.063018958152387,47.51065873120615],[14.076298537129766,47.51057378767661]]],[[[14.680691270557217,47.514079008362444],[14.66775358121857,47.52772890789544],[14.68103608121752,47.52757394568304],[14.680691270557217,47.514079008362444]]],[[[13.996846307802867,47.52905567920415],[13.98345126379798,47.52013376923698],[13.983561945297861,47.529131422353586],[13.996846307802867,47.52905567920415]]],[[[14.169895608954446,47.550424603889496],[14.183257489382846,47.554825977624326],[14.183402426229963,47.56382335042353],[14.196621605679235,47.55922579199795],[14.196474420594893,47.55022842813003],[14.18318503954291,47.55032728538452],[14.176396603992805,47.54137873269505],[14.16975301869058,47.54142719140404],[14.169895608954446,47.550424603889496]]],[[[13.997298502627432,47.56504608988558],[13.984005049808193,47.56512188430183],[13.984115920660544,47.57411946105421],[13.990763789120889,47.574081749873365],[13.997298502627432,47.56504608988558]]],[[[14.502713299921766,47.57452071208357],[14.489714558648267,47.58815034310398],[14.503012817490982,47.58801599497731],[14.502713299921766,47.57452071208357]]],[[[14.31733519934302,47.61674809040362],[14.337551295220969,47.630071496340875],[14.357515129664494,47.62989582366297],[14.35068673509845,47.62095774542134],[14.31733519934302,47.61674809040362]]],[[[14.318176134177303,47.66173330769935],[14.324834795524724,47.66167625734529],[14.324580652698536,47.648180753227514],[14.304609758942133,47.64835070469623],[14.304941799894266,47.666344758650126],[14.291705140400456,47.67095468194754],[14.277981702081824,47.64857191127331],[14.258010513966227,47.64873376962824],[14.271244529381995,47.64412770139143],[14.264111001990843,47.61719024155039],[14.177187707794214,47.59086426219468],[14.150588279439454,47.59105596759408],[14.12419101358316,47.60473757782852],[14.097519193854016,47.60041830991899],[14.104367598000666,47.613870107355126],[14.091126607128402,47.618456987893715],[14.10456499723859,47.627366143090406],[14.131182978015348,47.62718509483514],[14.13797479955649,47.636136166774286],[14.184636393691125,47.640300360657754],[14.178485457716555,47.67183949493943],[14.191805615263625,47.671741182721384],[14.19195234038362,47.6807383250538],[14.205125722538492,47.67164132823667],[14.225334457932773,47.68498429717984],[14.30527406849261,47.68433873926482],[14.318176134177303,47.66173330769935]]],[[[14.30452678424642,47.64385217995615],[14.311099662403993,47.63929739518576],[14.304443823760332,47.639353650770815],[14.30452678424642,47.64385217995615]]],[[[14.401915379267068,47.84995334668554],[14.44220057129256,47.85857254105117],[14.462154395665086,47.85388053141862],[14.455278889855341,47.84494916653319],[14.474932549593277,47.82676032833616],[14.467961135565425,47.813331446490366],[14.481119835295221,47.804203203727965],[14.487400683838773,47.78614384510362],[14.51399651324947,47.7813759363523],[14.513794194728543,47.77237950056589],[14.507121685895685,47.772447487537214],[14.513288702237373,47.74988831944765],[14.52662794161444,47.74975124477422],[14.526321420967275,47.736256509174794],[14.539553874429492,47.73161968174771],[14.545805903911008,47.713556816139715],[14.57235960312298,47.708775354059696],[14.572147554671117,47.69977886240336],[14.59836714219977,47.681496596168124],[14.578065139304524,47.668219281308374],[14.577533119718073,47.64572783541397],[14.58408251259167,47.641157474037364],[14.604049628715622,47.64093898647927],[14.611360773486803,47.66785495041549],[14.624789349509957,47.672204751659116],[14.664063721209894,47.644760939369725],[14.737279359113465,47.64389193604142],[14.750348714240124,47.63473265494413],[14.73679936891368,47.62589931965774],[14.736559497062425,47.616902984959],[14.723135813597047,47.612566183707514],[14.735840373997249,47.589913877492066],[14.755544396352171,47.58067267279369],[14.735241668458944,47.56742283945459],[14.741767591171408,47.56284343132231],[14.734763072511281,47.5494299361441],[14.701076362319226,47.531836903958336],[14.681266053217097,47.53657055168135],[14.66775358121857,47.52772890789544],[14.654696434843691,47.53687899046392],[14.634546992510053,47.52810958539302],[14.634880059827056,47.54160462461655],[14.608416424031143,47.54640068570014],[14.56844844195124,47.54233733043935],[14.58794996218553,47.524127988559485],[14.634436008014061,47.52361123138599],[14.63410316828707,47.510116146954125],[14.620605407509638,47.501268909442594],[14.601015543500118,47.51498548382797],[14.55464093633337,47.51998713580053],[14.541875285046391,47.54261964464054],[14.48872813152955,47.54316581285496],[14.489122499960299,47.561159672715746],[14.502413936006176,47.561025392778326],[14.502713299921766,47.57452071208357],[14.52930278742284,47.57424746617601],[14.54270066049443,47.57860693115498],[14.543010467561539,47.59210209709097],[14.529711278310756,47.59224107597993],[14.523366501858735,47.60580516928613],[14.556622966649197,47.60545667124888],[14.556936508121126,47.61895172587419],[14.570453781133565,47.62780625273881],[14.564325668101327,47.650369119214524],[14.531040806666457,47.65071983914356],[14.497258048728344,47.62856903557234],[14.490603787125957,47.62863606820803],[14.48434288150195,47.646696281203035],[14.457908706489947,47.65595590811783],[14.411303891815093,47.65640109357262],[14.377746477389817,47.643212122100174],[14.378014263029922,47.656707520351056],[14.398352195660944,47.67451855945206],[14.471516105962564,47.66932037688645],[14.478763195417555,47.69624455742765],[14.452303063931424,47.705502794663374],[14.45925613209019,47.718932990526056],[14.43944807597094,47.728123007521695],[14.399446020815718,47.72849932296712],[14.386292111104687,47.7376184200627],[14.352863495446508,47.73341919767236],[14.339786399225359,47.74703135739904],[14.319777886067286,47.74720394222361],[14.326702508397407,47.760641986004686],[14.259989501555093,47.761196173840446],[14.260148187491282,47.77019303252905],[14.246959576682515,47.77929610941115],[14.213590965223412,47.779554946064856],[14.207066827113342,47.788602441467944],[14.187042026480093,47.78875197355964],[14.173836036848076,47.797846637217496],[14.174124066023465,47.81584038781586],[14.194233028003922,47.820191510952654],[14.220796649322569,47.810992902404855],[14.287655325193906,47.81495974715089],[14.294168816217635,47.805907759366434],[14.327724236693493,47.81462225730445],[14.354261528423333,47.805392913491154],[14.361114594465475,47.81433038453659],[14.374470632304353,47.81421092933673],[14.380969013983933,47.80515404354851],[14.420936552168728,47.80028587721562],[14.42789416239961,47.81371764541212],[14.394595551853255,47.818527117788776],[14.401915379267068,47.84995334668554]],[[14.260862948987329,47.81067863513481],[14.267460572114802,47.80612653001809],[14.267540618382064,47.81062490425786],[14.260862948987329,47.81067863513481]],[[14.387555489472678,47.80059506756767],[14.380609970487315,47.787160821755485],[14.400542099981564,47.78247936958014],[14.407492111944741,47.795912430765895],[14.387555489472678,47.80059506756767]],[[14.512379907973287,47.7094038728061],[14.505514788529291,47.700475169696766],[14.532065537129235,47.69570298668326],[14.52570885274385,47.70926690252945],[14.512379907973287,47.7094038728061]],[[14.52499498593586,47.677778806584165],[14.525198860477817,47.686775429261104],[14.48522895669028,47.68718153857385],[14.484933446449402,47.67368649441031],[14.498054186219022,47.66455600439516],[14.52468930511541,47.66428383750824],[14.531655434200637,47.67770978366038],[14.52499498593586,47.677778806584165]],[[14.62258388438596,47.58223926234379],[14.662813441366115,47.59528026740751],[14.656389630108134,47.60435342219532],[14.623024373540977,47.60023249886323],[14.622804091279711,47.591235888937476],[14.616154723941744,47.591310190073884],[14.62258388438596,47.58223926234379]],[[14.60242241884396,47.573464292888836],[14.602747526747454,47.586959307575476],[14.582800908183566,47.587177573368535],[14.582480918098218,47.573682503281546],[14.60242241884396,47.573464292888836]]],[[[14.67186415645983,47.68966575752211],[14.704820638119902,47.67577985849013],[14.697693803151298,47.65786625417707],[14.66451895264402,47.662753777844095],[14.658200502604528,47.676325092303806],[14.63844343468817,47.685549396074066],[14.638666794689348,47.69454579221818],[14.645329214687392,47.69447018928753],[14.645666112063054,47.70796472819496],[14.658994321662703,47.70781232662818],[14.67209326566022,47.69866207943446],[14.67186415645983,47.68966575752211]]],[[[14.098890433784607,47.694890078544134],[14.105487535845521,47.69034711679229],[14.098825024719982,47.69039146823394],[14.098890433784607,47.694890078544134]]],[[[14.6126737501812,47.72183357111071],[14.619229585072453,47.71726128779998],[14.612564232244793,47.71733537938744],[14.6126737501812,47.72183357111071]]],[[[14.73421678522821,47.7789152688587],[14.760297076367236,47.756098471964634],[14.773760606694566,47.76043078693849],[14.773390389828041,47.746936812420095],[14.793522053508914,47.751183427692126],[14.78043119915191,47.76034736506574],[14.780679261458305,47.76934330782571],[14.800820127255767,47.77358862475568],[14.821346951599711,47.791324130295806],[14.841370237881568,47.7910644439573],[14.847914743260233,47.78647923962309],[14.840982386353117,47.777570796945504],[14.873949249092915,47.763636788223664],[14.853936607585311,47.763902134757465],[14.853545721220584,47.75040843658864],[14.846876512914482,47.750496090894046],[14.86648995318381,47.736738269821885],[14.846487543931131,47.73700232377923],[14.839561971770289,47.72809368480372],[14.779068377260916,47.71086931154054],[14.778820867615105,47.70187323663959],[14.765249388755468,47.69304338861464],[14.764759360024245,47.67505108593275],[14.744417804520536,47.661803140670315],[14.751561122790193,47.67971383073085],[14.74502151946233,47.68429368233836],[14.718140497350145,47.67562060765737],[14.718614542898509,47.69361310320383],[14.692081888082285,47.69842830887301],[14.692314503454677,47.70742457186061],[14.71242442575429,47.711685393993264],[14.712660590095773,47.72068158735706],[14.692663576133157,47.72091892957289],[14.693012828478683,47.73441324249687],[14.652894965645768,47.730379488149225],[14.65312099694629,47.739375760288794],[14.69336226062997,47.74790750988392],[14.687041012501256,47.76148013306668],[14.693828450102906,47.76589979427038],[14.74016621999924,47.751846056892376],[14.733856623244542,47.765421232211146],[14.720513980227166,47.76558229759839],[14.714552825347468,47.7926503987324],[14.728021968023466,47.79698801645769],[14.735057885135564,47.81040116613608],[14.748411907477951,47.81023841832036],[14.754601254523124,47.792164638839346],[14.734456996308122,47.7879112666312],[14.73421678522821,47.7789152688587]],[[14.840723929641966,47.76857500546302],[14.820836735590033,47.773332502266456],[14.800568586444234,47.764592735327874],[14.800317131978584,47.75559682484099],[14.833666585933887,47.75516816815958],[14.840723929641966,47.76857500546302]]],[[[14.221024817583514,47.824488085689424],[14.2142698376794,47.82004073028253],[14.214345332767374,47.824539123520495],[14.221024817583514,47.824488085689424]]],[[[14.107471878273952,47.825303140242],[14.094047321742439,47.82089321654521],[14.094112483051132,47.82539168196108],[14.107471878273952,47.825303140242]]],[[[14.535047214914432,47.826151303461124],[14.541622897097314,47.821583563370766],[14.534944151069736,47.821653160153176],[14.535047214914432,47.826151303461124]]],[[[14.35469920214802,47.82788441908374],[14.361290826877044,47.823326971281965],[14.354611637316454,47.82338612902481],[14.35469920214802,47.82788441908374]]],[[[14.308191165145164,47.84178267017664],[14.314788591428137,47.837227897291335],[14.308107575965916,47.83728436279811],[14.308191165145164,47.84178267017664]]],[[[14.381687841673626,47.84114022382874],[14.368324944837788,47.84126051329029],[14.368591312715107,47.854755268656234],[14.375274492542513,47.85469530208176],[14.381687841673626,47.84114022382874]]],[[[14.208564527035916,47.8785731494428],[14.20180359332094,47.87412510534288],[14.188431825540759,47.87422455774879],[14.195265565424867,47.883171737897165],[14.208564527035916,47.8785731494428]]],[[[14.362613870318125,47.890803861863844],[14.369212778928233,47.88624602524395],[14.36252552557633,47.88630563580821],[14.362613870318125,47.890803861863844]]],[[[14.309362009545758,47.90476160934755],[14.31596732450143,47.90020683407411],[14.309278225506393,47.900263362073765],[14.309362009545758,47.90476160934755]]],[[[14.202922346585343,47.94159980213816],[14.18968037816102,47.95069591955625],[14.203071732126956,47.95059632383883],[14.202922346585343,47.94159980213816]]],[[[14.111268287900876,48.081709178794846],[14.11804843860361,48.086162223909525],[14.124761609059599,48.08611676813466],[14.12462536410919,48.07712055177003],[14.111268287900876,48.081709178794846]]],[[[14.690956778748484,48.17086301954395],[14.663833091260035,48.16217850129303],[14.664062879111881,48.1711735899426],[14.690956778748484,48.17086301954395]]],[[[14.812230678477619,48.17838315866767],[14.73777773778148,48.16130959805791],[14.731538518893029,48.17938041362111],[14.771884985703036,48.178888791547244],[14.792309988117891,48.18763249317509],[14.805760836176857,48.18746314179544],[14.80550645102319,48.17846840377003],[14.812230678477619,48.17838315866767]]],[[[14.637393874946095,48.18047304316112],[14.644005424008169,48.17589998376819],[14.637281258422636,48.17597549243217],[14.637393874946095,48.18047304316112]]],[[[14.630781162209274,48.185045718293544],[14.637393874946095,48.18047304316112],[14.63066910808699,48.1805481690037],[14.630781162209274,48.185045718293544]]],[[[14.617663192784223,48.1986874536112],[14.6108256741255,48.194263892246084],[14.610936039836082,48.198761436860394],[14.617663192784223,48.1986874536112]]],[[[14.604208867782221,48.19883503074708],[14.611046424653509,48.20325897355614],[14.610936039836082,48.198761436860394],[14.604208867782221,48.19883503074708]]],[[[14.597809394014485,48.2124008588377],[14.604428491800762,48.20783010867391],[14.597700136003963,48.207903325612214],[14.597809394014485,48.2124008588377]]],[[[14.597809394014485,48.2124008588377],[14.591189131083173,48.216971223920716],[14.59791867094506,48.216898384062],[14.597809394014485,48.2124008588377]]],[[[14.383471729546686,48.264012679828596],[14.396759638389044,48.25489541970801],[14.383290169774002,48.25501742133456],[14.383471729546686,48.264012679828596]]],[[[14.383562533036713,48.26851029665353],[14.376735804138198,48.26407310617674],[14.376826023747329,48.26857072812657],[14.383562533036713,48.26851029665353]]],[[[14.141737548538265,48.31541752106786],[14.128183095628344,48.31101229335588],[14.128251828092061,48.31550999739667],[14.141737548538265,48.31541752106786]]],[[[14.060885419554332,48.3204466945232],[14.067565507536628,48.315906821696636],[14.06082252662167,48.31594896183374],[14.060885419554332,48.3204466945232]]],[[[14.060885419554332,48.3204466945232],[14.054204161150572,48.32498617553226],[14.06094832339999,48.32494441860695],[14.060885419554332,48.3204466945232]]],[[[14.595442940212068,48.392368409877925],[14.602085262762458,48.38779813730649],[14.595333508129645,48.38787121232653],[14.595442940212068,48.392368409877925]]],[[[14.735593928619885,48.57970076764013],[14.789679856401328,48.574543699572835],[14.80297578083533,48.56538146742755],[14.802720018558635,48.556388217566],[14.768852222867784,48.5568076923726],[14.762327275736647,48.565883746552984],[14.74188015079164,48.56163291019718],[14.735349846515893,48.57070743843584],[14.715143530692252,48.57544529150261],[14.715384110331408,48.58443864106708],[14.729060228943267,48.58877486273308],[14.735593928619885,48.57970076764013]]],[[[14.627840487498261,48.60792677690298],[14.620947803578677,48.60350462432311],[14.621059928536523,48.60800133362989],[14.627840487498261,48.60792677690298]]],[[[14.757411429691182,48.63341488600549],[14.77085353331514,48.62875310249034],[14.763945796878163,48.62433941731912],[14.770227523655414,48.606270448635684],[14.715985926714664,48.606921833547055],[14.716588268340665,48.629404764025466],[14.75050422007603,48.62900041943505],[14.75087475928911,48.64248994747197],[14.71707052027833,48.64739091740247],[14.717673809075109,48.6698733674098],[14.724462373900002,48.66979322229808],[14.724219809548094,48.66080028833316],[14.751492756130823,48.664972279649625],[14.744951033633887,48.674046860100404],[14.77198172858138,48.66922120760062],[14.771605466463797,48.65573193613532],[14.757907980421923,48.65140083135166],[14.757411429691182,48.63341488600549]]],[[[14.812324820118024,48.65522644704697],[14.825767642214728,48.65055842113388],[14.812195888291237,48.65073004452466],[14.812324820118024,48.65522644704697]]],[[[14.731494752663496,48.67870556114758],[14.731250917535755,48.669712684364356],[14.724462373900002,48.66979322229808],[14.724705023013426,48.6787861127631],[14.731494752663496,48.67870556114758]]],[[[14.058782810507143,48.65329515595602],[14.024846834427006,48.65349934607458],[14.024726541544009,48.64450525340278],[14.017940499829919,48.64454490631817],[14.018119176612656,48.65803603941904],[14.011331346198187,48.65807530960829],[14.004777141800899,48.676102240924585],[13.950455077077745,48.67639921874635],[13.943877207122776,48.69442256632814],[13.957571195992161,48.70334536075784],[13.984689812224754,48.69870142714978],[13.991597629511698,48.707657565443164],[14.011980767616638,48.70754200396396],[14.025207965273754,48.680481366840205],[14.059098553295494,48.67578011351844],[14.058782810507143,48.65329515595602]]],[[[14.813098884171444,48.68220463440136],[14.833468929229864,48.68194645687817],[14.812840772668068,48.67321194885765],[14.813098884171444,48.68220463440136]]],[[[14.833730690372072,48.690939054685586],[14.840390360970364,48.686355908943106],[14.833599798365697,48.68644276128146],[14.833730690372072,48.690939054685586]]],[[[14.835828077765777,48.762878230261016],[14.80836746405554,48.75422990966429],[14.808625199380586,48.76322220672318],[14.835828077765777,48.762878230261016]]],[[[15.05320103521437,46.717059342141646],[15.046517144964348,46.712660461427795],[15.046661132007156,46.717158567107106],[15.05320103521437,46.717059342141646]]],[[[15.040264665613384,46.721755528608185],[15.046661132007156,46.717158567107106],[15.040121204566901,46.717257413501386],[15.040264665613384,46.721755528608185]]],[[[15.074283828131705,46.761740170622026],[15.067738491950019,46.76184061604351],[15.068030331317383,46.77083679852442],[15.074576769857007,46.770736336142065],[15.074283828131705,46.761740170622026]]],[[[15.023342026380437,46.807514650387404],[15.00995761227162,46.798712921175856],[15.016365913263805,46.79411765775211],[15.009534343811056,46.7852184110473],[15.042275658584513,46.784729238685415],[15.041844332237295,46.77123485854828],[14.957283661359934,46.79047960924489],[14.964381758690047,46.80837846732414],[14.984035392923099,46.808093941410746],[14.997838336995638,46.83039330966117],[15.023342026380437,46.807514650387404]]],[[[15.238765123693252,47.15064073777642],[15.225418690706725,47.14636242211059],[15.225579035728275,47.15086028464945],[15.238765123693252,47.15064073777642]]],[[[15.265464451896133,47.159192672730086],[15.278322727070224,47.14997293826115],[15.238765123693252,47.15064073777642],[15.24633083711142,47.17751736542559],[15.265792044830105,47.16818827428887],[15.265464451896133,47.159192672730086]]],[[[14.854760034700666,47.33190926238548],[14.861636221196669,47.34081763616664],[14.868253673767674,47.340729121872606],[14.867992708905362,47.33173264674132],[14.854760034700666,47.33190926238548]]],[[[15.404713528968745,47.34578002092092],[15.397920870283228,47.34140206308487],[15.398096497909416,47.34589958735926],[15.404713528968745,47.34578002092092]]],[[[14.914440777630407,47.33560061299262],[14.881620154707937,47.345049162574234],[14.875264408588707,47.3541348945227],[14.89512163671725,47.35386583577504],[14.895387333721795,47.36286222319936],[14.908627627698499,47.36268090423259],[14.901607289509375,47.349277192985],[14.921327509109757,47.3445053896518],[14.914440777630407,47.33560061299262]]],[[[14.875395554743834,47.358633112382094],[14.848658922765189,47.34999002468603],[14.855665911644177,47.36339698263413],[14.849174532154576,47.36798301004038],[14.875395554743834,47.358633112382094]]],[[[14.930661902032654,47.434376109409854],[14.923491005524264,47.41647576296331],[14.883597486776727,47.41252210022964],[14.884521973575406,47.44400923678928],[14.87789158314385,47.44409869105678],[14.878154793754664,47.45309500154553],[14.918348754198105,47.46604672973034],[14.917808573253348,47.44805431932251],[14.93093406991751,47.44337231026616],[14.924032802289256,47.43446823474031],[14.930661902032654,47.434376109409854]]],[[[14.979027538226598,47.49669283053291],[14.978606587595063,47.48319881473743],[14.938795276459697,47.48376245163694],[14.93188738931986,47.474858907379186],[14.892081894300114,47.47540631986167],[14.872572461785216,47.48916925253922],[14.838749992895941,47.467118331043835],[14.845898981308428,47.48502383115849],[14.839263363380528,47.48511104888327],[14.83952018013435,47.49410738659277],[14.885976971460188,47.493488691466034],[14.892879538478345,47.50239497312014],[14.919430223280573,47.502031383087996],[14.926475469727183,47.51543368686174],[14.979027538226598,47.49669283053291]]],[[[15.046563739939568,47.53170568592644],[15.033136342989645,47.5274050599072],[15.033281414426856,47.531902966104575],[15.046563739939568,47.53170568592644]]],[[[15.013357740450076,47.532196003232166],[15.026929296784912,47.54099684689127],[15.033281414426856,47.531902966104575],[15.013357740450076,47.532196003232166]]],[[[14.957744320869903,47.667992539809795],[14.9642633085477,47.663400599046824],[14.957605345971384,47.66349466433849],[14.957744320869903,47.667992539809795]]],[[[15.16477415556765,47.682887465450165],[15.17127685412849,47.6782838239013],[15.164617397019205,47.678389871044224],[15.16477415556765,47.682887465450165]]],[[[15.13594839400226,47.81384127413639],[15.142314674971018,47.80474192676959],[15.155665798899108,47.8045320336934],[15.155196859005592,47.79103960113582],[15.168229653652343,47.78183326948864],[15.194919902709172,47.78140593697555],[15.208586519986778,47.790184791401245],[15.20810407615942,47.77669252644042],[15.201432182297028,47.77680070208542],[15.20746120413816,47.75870276400465],[15.200631522780576,47.75431343990151],[15.233813498197446,47.74927150840337],[15.254147657545227,47.75793498235398],[15.28082501135744,47.757487757766306],[15.280157415857122,47.739498321696544],[15.253489212431967,47.73994539485867],[15.239338234531427,47.717679421196614],[15.212841785976954,47.72261453427448],[15.205855953345651,47.713727989819894],[15.179200238564656,47.71415786562904],[15.185546914848539,47.705055904390115],[15.232023337268044,47.69979952184109],[15.239011748022202,47.708684507523735],[15.279323565479375,47.71701140952174],[15.27849042979621,47.69452437048669],[15.265167809064955,47.69474848900757],[15.244529081631242,47.67709186625932],[15.217892293605923,47.677530701480585],[15.217408492720985,47.6640381076558],[15.22406602073071,47.6639290046998],[15.216280590417773,47.632555224356906],[15.196001212420553,47.62388482296681],[15.1628948243437,47.628916021259585],[15.135665325622373,47.61134519410614],[15.089107466954792,47.61206502396392],[15.082157262453121,47.603170766434936],[15.049053071096292,47.60816919113382],[14.968822391920634,47.59583771025792],[14.955523576092883,47.59602598705911],[14.962590629122897,47.60942583233039],[14.90951566262013,47.61466479524453],[14.902461439451503,47.6012617032466],[14.835701701815939,47.59315311018432],[14.828541485278318,47.5752473264503],[14.81512085729688,47.57092123679445],[14.81461490748149,47.5529286878182],[14.80132641634699,47.553099114061176],[14.79505645566338,47.56667823278804],[14.781888106065605,47.57134456102021],[14.815627153364101,47.588913720559994],[14.802580571589349,47.59808050795179],[14.769207880363501,47.594002041427196],[14.763169083927933,47.61657559130549],[14.789902816950077,47.620740149899454],[14.809482738920204,47.606991629541675],[14.829435845126357,47.60673399793828],[14.82981947029039,47.62022822179586],[14.810113683457496,47.62948208981592],[14.783497852756518,47.629820351626506],[14.783869841742113,47.64331466069292],[14.83058731198279,47.6472165504642],[14.836986254899813,47.6381337602514],[14.850296144375557,47.63795920746868],[14.870655155321623,47.65118848624296],[14.8645224046881,47.66926909534757],[14.844545698289895,47.66953281422748],[14.831484125215006,47.6787027265753],[14.798057920029779,47.674632719416124],[14.791897412092508,47.69270935332649],[14.85224421887704,47.705429109725216],[14.852504340781303,47.714425015264915],[14.872761748064395,47.72315575651653],[14.879427435016158,47.723066603363336],[14.87916265180853,47.7140707776671],[14.899022075504147,47.70930315139201],[14.93247817801981,47.71334378562287],[14.932752104797721,47.72233948822025],[14.94635934657266,47.73114950224037],[14.96649890459823,47.73536589953224],[14.966778785670753,47.74436147231606],[14.947050529807019,47.75363854034299],[14.94093215530475,47.771722775012435],[14.960807804594086,47.76694456189288],[14.974572069180198,47.78024889553203],[14.98763389092786,47.771062978827686],[15.007792113781466,47.77527211500641],[14.981810247053637,47.7981446986642],[14.988485288564982,47.798049235074224],[14.988911316516665,47.81154228921469],[15.036670993097202,47.84234624685814],[15.063541705400178,47.846446917740074],[15.063096147114315,47.83295427294897],[15.0764547820794,47.8327535511652],[15.08358478551923,47.84614517852277],[15.103931690773452,47.854834923749245],[15.116836263239515,47.84113707239496],[15.122594817105902,47.81404888411777],[15.13594839400226,47.81384127413639]],[[15.086802955959428,47.74259971579595],[15.06709663106894,47.751897330701084],[15.06679949220102,47.74290202575231],[15.086802955959428,47.74259971579595]],[[15.033022937062425,47.729905034596435],[15.05316897246251,47.73410627653796],[15.053463722099105,47.743101636021045],[15.046942639839797,47.74769854262023],[15.026646779285858,47.73899851462606],[15.033022937062425,47.729905034596435]],[[14.984802221915668,47.681107436242726],[14.944702923216354,47.67717529852714],[14.93859265774829,47.695259742388174],[14.918606432905289,47.69553632121962],[14.918335071265755,47.68654052844612],[14.911674091415497,47.68663193466064],[14.917928203185372,47.67304680330582],[14.930973258571356,47.66386707161089],[14.957605345971384,47.66349466433849],[14.957327467593732,47.65449889940557],[14.917386037667992,47.6550551037865],[14.903937697738483,47.650739470682886],[14.903534806057301,47.6372455875595],[14.92988055192221,47.62788364988129],[14.943325170325464,47.63219627043251],[14.943600532143305,47.64119211275551],[14.996983418429426,47.64493313651742],[14.99726804090411,47.65392882342748],[15.01738205772447,47.65813639569756],[15.030406009234053,47.648945364020726],[15.057177248613444,47.65304770119455],[15.057472230202011,47.662043220447735],[15.037790958792522,47.67133599669531],[15.038228637896456,47.68482928734402],[15.011873648235703,47.69421592754119],[15.019401463846954,47.721105262181034],[15.012880131745227,47.725700264972374],[15.019545892707903,47.72560300145795],[15.019834824764589,47.7345984647802],[14.999834037912528,47.73488914705184],[15.005927799045203,47.716801626197196],[14.992314276438393,47.70799862236698],[14.984802221915668,47.681107436242726]],[[15.172851358786618,47.72325945715856],[15.159677455203155,47.72796889902214],[15.145879985821026,47.714686531967075],[15.172378723902774,47.70976681933844],[15.172851358786618,47.72325945715856]],[[14.97218315147675,47.70378671240007],[14.952332473535,47.708566963444746],[14.945392685461686,47.6996646360222],[14.965240627290854,47.69488557191617],[14.97218315147675,47.70378671240007]],[[14.885428454744547,47.7004875008317],[14.865571134124771,47.705252792329034],[14.865177692044572,47.691758942034525],[14.885162756449002,47.691491641018864],[14.885428454744547,47.7004875008317]],[[15.157489509438962,47.66500269394668],[15.19077810545708,47.6644706661159],[15.191414103768134,47.68246092809575],[15.171434183162575,47.682781409330524],[15.171906332090565,47.69627413647952],[15.151921032610714,47.69659122889949],[15.144793911971266,47.68320332090098],[15.164617397019205,47.678389871044224],[15.157489509438962,47.66500269394668]],[[15.190301392677837,47.65097791987167],[15.210269094647375,47.65065416125126],[15.21075093709119,47.66414682527776],[15.197435743361664,47.66436310451018],[15.190301392677837,47.65097791987167]],[[15.110580200369606,47.65673597506798],[15.083952668812747,47.657143801624706],[15.083653178160807,47.648148341071234],[15.09666304890973,47.63894978820141],[15.116626743229435,47.638642288514795],[15.110580200369606,47.65673597506798]]],[[[15.42736256978092,47.75042049797273],[15.461067259193852,47.75880453634178],[15.494412085704132,47.75818466399479],[15.420336685365859,47.74154706083249],[15.42736256978092,47.75042049797273]]],[[[14.955805672013305,47.8210112855526],[14.948989002056901,47.81660714094512],[14.949127642816542,47.8211048569261],[14.955805672013305,47.8210112855526]]],[[[15.17075095338622,47.85379221508136],[15.19860269736672,47.88484938570457],[15.124903991478234,47.881514465997476],[15.125365902839182,47.895006747208626],[15.105913575833162,47.913305449302676],[15.166118596576528,47.91236775620198],[15.178703931129878,47.88966843419549],[15.205771116516724,47.8982333209009],[15.205449292045184,47.88923870037876],[15.251758003044857,47.87497998585444],[15.258111611880876,47.86587437178659],[15.291695417890873,47.86981047843849],[15.277489118231177,47.84754620040362],[15.29753130289615,47.847207313539904],[15.29719400328021,47.838212867335706],[15.25711626310649,47.83888704697821],[15.263464511895581,47.82978108536184],[15.276821521092913,47.8295571699151],[15.269145935355558,47.80268554572709],[15.242445450648608,47.80313005848578],[15.222095676594403,47.7944646186424],[15.215906041716291,47.80806577460336],[15.195878329321308,47.80839049394609],[15.188883931181246,47.799503112605656],[15.17553422354812,47.79971685124452],[15.155978559779276,47.8135269608553],[15.156447902664702,47.82701930922786],[15.13641257490622,47.82733370236919],[15.144023568390645,47.85421393937754],[15.137496594943077,47.85881583338595],[15.17075095338622,47.85379221508136]],[[15.238061923675875,47.86620639933132],[15.231048952973808,47.85731801514642],[15.237567502884257,47.85271083391663],[15.257777201024892,47.85687614427809],[15.258111611880876,47.86587437178659],[15.238061923675875,47.86620639933132]],[[15.197157769298954,47.844369587612384],[15.17727437340608,47.84918843510881],[15.176641210988889,47.831198848415035],[15.20335657235929,47.83076957145208],[15.197157769298954,47.844369587612384]],[[15.237077008405878,47.83921891778671],[15.216714087905853,47.830552613663166],[15.23658676680418,47.825726949297625],[15.237077008405878,47.83921891778671]]],[[[15.137496594943077,47.85881583338595],[15.130971628447673,47.863420968818396],[15.13765474994599,47.863316877723534],[15.137496594943077,47.85881583338595]]],[[[14.990762440627474,47.87001515175777],[14.990475299511496,47.861016384828496],[14.983792223966512,47.86111196166687],[14.98407818306522,47.870110740663776],[14.990762440627474,47.87001515175777]]],[[[15.104999711303583,47.88632082195517],[15.098161940025452,47.8819255542788],[15.09831358407594,47.88642302226239],[15.104999711303583,47.88632082195517]]],[[[15.305909922966148,47.89206922746247],[15.332311806022688,47.8826157730657],[15.30540143922938,47.87857769263069],[15.305909922966148,47.89206922746247]]],[[[14.964725858494422,47.892883387241454],[14.97795892785902,47.888196451575595],[14.977676365882859,47.87920120914188],[14.964445548550811,47.883888124832744],[14.964725858494422,47.892883387241454]]],[[[15.051657612763142,47.891625110356166],[15.05136234946399,47.88263006110225],[15.044676591300757,47.882729157089095],[15.044970704419008,47.89172422313287],[15.051657612763142,47.891625110356166]]],[[[15.27264406908745,47.897131711549726],[15.2791639556228,47.892522217596564],[15.272477391599873,47.89263449767309],[15.27264406908745,47.897131711549726]]],[[[15.085392889012068,47.90011868095682],[15.071867580391153,47.895822939954726],[15.07201700154047,47.90032042393222],[15.085392889012068,47.90011868095682]]],[[[15.05224844432331,47.9096151354515],[15.032034719338762,47.90541389092956],[15.03218073873894,47.909911413054886],[15.05224844432331,47.9096151354515]]],[[[15.253077506799109,47.910957947623686],[15.272977510128788,47.90612612072296],[15.252912469466091,47.90646072403698],[15.253077506799109,47.910957947623686]]],[[[15.192875682654009,47.9119409375329],[15.199404451904977,47.90733596725757],[15.192715824420759,47.907443630678934],[15.192875682654009,47.9119409375329]]],[[[15.226646975544753,47.92039320642653],[15.226321420323913,47.91139870339319],[15.219632328422367,47.91150792450217],[15.219956732435058,47.92050244604211],[15.226646975544753,47.92039320642653]]],[[[15.17997347995437,47.92564705852406],[15.173124254183298,47.92125628151432],[15.173282467614301,47.925753596689034],[15.17997347995437,47.92564705852406]]],[[[15.139982360305803,47.930777832148294],[15.173598976218626,47.93474820799866],[15.173282467614301,47.925753596689034],[15.139982360305803,47.930777832148294]]],[[[15.046148169823528,47.92770424114887],[15.073362950039476,47.9407974993111],[15.066222632421196,47.9274055393628],[15.046148169823528,47.92770424114887]]],[[[15.096150129424377,48.21942142600206],[15.10272612389214,48.214822409867615],[15.095997700799224,48.214924465667494],[15.096150129424377,48.21942142600206]]],[[[15.056371540410717,48.23801359944782],[15.069534120567267,48.22881975439107],[15.056073491470881,48.22901963350531],[15.056371540410717,48.23801359944782]]],[[[15.407808381267337,48.26828113838852],[15.367575797316189,48.27349001894688],[15.367928118145633,48.2824829531467],[15.415083744506303,48.28165024324883],[15.407808381267337,48.26828113838852]]],[[[15.281192818339758,48.30646155614323],[15.274284719219674,48.30207737919108],[15.274452869358592,48.306573935194685],[15.281192818339758,48.30646155614323]]],[[[15.448948609412199,48.28554008850871],[15.435474874832295,48.28578387332419],[15.442942580834316,48.30364745920637],[15.423268022080487,48.317500469119835],[15.417249313422289,48.33560627046032],[15.424173970256682,48.33998189786798],[15.437479431907535,48.33524317832908],[15.430190767751325,48.321875772724226],[15.450048537704191,48.312517899052445],[15.448948609412199,48.28554008850871]]],[[[15.376788232778347,48.336321919290945],[15.389918820275174,48.327092266203266],[15.37607990687128,48.31833647475903],[15.376788232778347,48.336321919290945]]],[[[15.444405748627505,48.33961760425615],[15.437479431907535,48.33524317832908],[15.437661854130909,48.339739425684584],[15.444405748627505,48.33961760425615]]],[[[15.431281697419502,48.3488533452619],[15.452068048966327,48.3619763907216],[15.465746484020434,48.36622684412777],[15.465006860404426,48.34824218334811],[15.431281697419502,48.3488533452619]]],[[[15.29688404913598,48.36468967871996],[15.27664147822633,48.36502835921469],[15.276978625868441,48.37402121275073],[15.297224710862809,48.373682474784005],[15.29688404913598,48.36468967871996]]],[[[15.39863024863697,48.376432303650425],[15.371458056910695,48.37241036683657],[15.371634875717303,48.37690664323138],[15.39863024863697,48.376432303650425]]],[[[15.203065121319119,48.38422620425759],[15.2096525469871,48.37962146202318],[15.202902920154159,48.379729697522194],[15.203065121319119,48.38422620425759]]],[[[15.196314880284026,48.38433405832986],[15.196638194787964,48.39332706250708],[15.203389608192854,48.393219190131184],[15.203065121319119,48.38422620425759],[15.196314880284026,48.38433405832986]]],[[[15.43255588561051,48.380326768759126],[15.39880944143973,48.38092853061449],[15.39934720664374,48.39441715608797],[15.419419396796448,48.3895610102671],[15.426714812589513,48.402928694246306],[15.446787733967406,48.39806785884047],[15.432920223973793,48.389319092887824],[15.43255588561051,48.380326768759126]]],[[[15.426896537871578,48.40742482468352],[15.41996262467818,48.40304948838193],[15.420143763573936,48.407545629068686],[15.426896537871578,48.40742482468352]]],[[[14.960886595384753,48.414843546748955],[14.98129360234418,48.419056412881936],[14.980864580119247,48.405566205455315],[14.967074091544248,48.396762254195096],[14.960886595384753,48.414843546748955]]],[[[15.461214097460578,48.42030312152027],[15.467597792510839,48.41118785207707],[15.440767883049553,48.41617423521155],[15.44095087646413,48.420670316789106],[15.461214097460578,48.42030312152027]]],[[[14.981436659476854,48.42355313001297],[14.98804879796032,48.418961002898044],[14.98129360234418,48.419056412881936],[14.981436659476854,48.42355313001297]]],[[[15.402220028120247,48.46635505955915],[15.408439503247015,48.45274715558903],[15.388341743140133,48.4576012703009],[15.38869893229558,48.466593414529],[15.402220028120247,48.46635505955915]]],[[[15.08489958098032,48.48503210148637],[15.105344402703686,48.48922314228004],[15.11179933726008,48.48012771987094],[15.091357590970468,48.47593779032103],[15.08489958098032,48.48503210148637]]],[[[15.134436178221412,48.54726258353588],[15.127664465981514,48.54736645762327],[15.127976834099984,48.55635895947044],[15.134749726229026,48.556255067744786],[15.134436178221412,48.54726258353588]]],[[[15.399769617186378,48.57437681463794],[15.413500083890732,48.57863297429129],[15.41973012297121,48.56502520919402],[15.406544286074075,48.57425719813723],[15.399769617186378,48.57437681463794]]],[[[15.393533179242228,48.58798345304492],[15.39994959698888,48.5788726196018],[15.37962363152806,48.579229147558024],[15.379980142435475,48.588220786641436],[15.393533179242228,48.58798345304492]]],[[[15.353049636018033,48.59318659261408],[15.379980142435475,48.588220786641436],[15.352873696566602,48.58869074891531],[15.353049636018033,48.59318659261408]]],[[[15.299515706559964,48.61209135723255],[15.292565079526193,48.60770888968422],[15.292735821675087,48.61220477896127],[15.299515706559964,48.61209135723255]]],[[[15.353753700786324,48.61116986181867],[15.360709997071483,48.61554869056415],[15.37427031110421,48.61531358968517],[15.37391460912136,48.6063220572981],[15.353753700786324,48.61116986181867]]],[[[15.279345552038503,48.6169263433971],[15.292735821675087,48.61220477896127],[15.279175962634216,48.61243044559217],[15.279345552038503,48.6169263433971]]],[[[15.444646262095455,48.67705264124965],[15.430155112462094,48.65481812841358],[15.423369897507557,48.65493910555645],[15.429789379142433,48.64582695244151],[15.416039650223885,48.6415728483164],[15.415494935074694,48.62808590884269],[15.388547008795747,48.633059775750375],[15.360709997071483,48.61554869056415],[15.320028318359766,48.616244578341245],[15.320374682854656,48.62523622614815],[15.293077395360065,48.6211965255831],[15.273072158160714,48.63052625576195],[15.205083984748992,48.62713153400912],[15.2121935757892,48.63601509287282],[15.205573581118093,48.6406194081224],[15.233039940575832,48.649175332563445],[15.226915559140027,48.66726838889203],[15.247444297489942,48.671434194666375],[15.247778349772167,48.6804257924457],[15.274764648977081,48.67548441288478],[15.288853022710134,48.688746439323275],[15.30243295321811,48.68851966098101],[15.308878032596686,48.679414300806584],[15.336032668665561,48.67895453685393],[15.356751465860983,48.687596834271204],[15.356398325523019,48.678605589909345],[15.376763704825873,48.67825310820225],[15.37712040183068,48.68724429268572],[15.390699536819849,48.68700730090651],[15.391058730353148,48.69599840062666],[15.404640111642511,48.695759797100344],[15.40409781103173,48.682273191602214],[15.438225515606371,48.6861654564627],[15.437858149488427,48.67717445521515],[15.444646262095455,48.67705264124965]]],[[[15.37068642325817,48.69635335937206],[15.356928082312,48.6920924397822],[15.357458116890239,48.70557918929691],[15.364250165592523,48.7054620284521],[15.37068642325817,48.69635335937206]]],[[[14.969977742752723,48.702615552938745],[14.963043023319234,48.698213788222255],[14.963185261090052,48.70270990253989],[14.969977742752723,48.702615552938745]]],[[[15.377834169919037,48.7052265279184],[15.370864287736365,48.70084892261988],[15.371042183303313,48.705344474658375],[15.377834169919037,48.7052265279184]]],[[[14.95667611744445,48.71179607031035],[14.963327523725575,48.70720600573085],[14.95653442362052,48.70729997029216],[14.95667611744445,48.71179607031035]]],[[[15.060388101187536,48.764296049050046],[15.067037032413502,48.75970024646278],[15.06023718640579,48.7598002084652],[15.060388101187536,48.764296049050046]]],[[[15.115881355362534,48.794955345667695],[15.102117816295632,48.790664815736825],[15.10258191672115,48.80415190379019],[15.109387554664725,48.804049494310306],[15.109076935950114,48.79505813142223],[15.115881355362534,48.794955345667695]]],[[[15.109853686791805,48.81753645012057],[15.10258191672115,48.80415190379019],[15.088970559640869,48.8043555415104],[15.089277711855512,48.81334690924027],[15.103046261053183,48.817638885710025],[15.109853686791805,48.81753645012057]]],[[[15.070224312004068,48.85411026066764],[15.063411952722273,48.85421040120391],[15.064017995732096,48.87219269815293],[15.070832743715217,48.872092523567154],[15.070224312004068,48.85411026066764]]],[[[14.97528010678181,48.86896342555399],[14.982383384178624,48.87785968349896],[14.989199041709943,48.87776423208327],[14.988909057293045,48.868772949424915],[14.97528010678181,48.86896342555399]]],[[[14.989924447978847,48.90024222420274],[14.996597339010158,48.8956507720824],[14.989779315815245,48.89574665040928],[14.989924447978847,48.90024222420274]]],[[[15.031430931856095,48.91764296162643],[15.024017297369461,48.89975884699502],[15.017198779054105,48.899856311396796],[15.01096819775814,48.917935454265205],[15.031430931856095,48.91764296162643]]],[[[15.871534059837437,46.72415976975405],[15.86478228865948,46.71980954284565],[15.864995166244857,46.72430635869695],[15.871534059837437,46.72415976975405]]],[[[15.980380711739237,46.807198430334616],[16.000026783565165,46.806737492724075],[15.979934884435954,46.79820520711689],[15.980380711739237,46.807198430334616]]],[[[15.539722538095305,47.2487369221643],[15.539347884565023,47.23974222423996],[15.532744426060225,47.239869584940564],[15.533117957907594,47.248864304397905],[15.539722538095305,47.2487369221643]]],[[[15.777920021617799,47.39693251442679],[15.784333778713163,47.3922941219415],[15.777711852117699,47.392435657726416],[15.777920021617799,47.39693251442679]]],[[[15.758258851008573,47.40185174735373],[15.777920021617799,47.39693251442679],[15.758052337855153,47.39735485818386],[15.758258851008573,47.40185174735373]]],[[[15.746451101809152,47.43360971390358],[15.73299213290841,47.42939110238743],[15.733196634082002,47.433888015285554],[15.746451101809152,47.43360971390358]]],[[[15.865950735737082,47.43553263849382],[15.85910833590034,47.43118221566051],[15.859323600763314,47.43567889626057],[15.865950735737082,47.43553263849382]]],[[[15.85291116596745,47.44032145995247],[15.859323600763314,47.43567889626057],[15.852696429075353,47.43582477052442],[15.85291116596745,47.44032145995247]]],[[[15.953886821852368,47.46956829692682],[15.947478599510404,47.47421612686639],[15.954110332898848,47.47406476869278],[15.953886821852368,47.46956829692682]]],[[[15.961190295605968,47.48290593327895],[15.960742028140277,47.473913026769665],[15.954110332898848,47.47406476869278],[15.954557469449334,47.48305770087191],[15.961190295605968,47.48290593327895]]],[[[16.021113278729917,47.48601908437252],[15.973780096840413,47.469111958518546],[15.981314431986439,47.486944736462995],[16.021113278729917,47.48601908437252]]],[[[15.755555370402849,47.48743224051884],[15.782717731298433,47.50035926669834],[15.782090874735962,47.48686893001286],[15.755555370402849,47.48743224051884]]],[[[15.849070959457801,47.49892375386569],[15.842221718086117,47.49457236711485],[15.842435799989014,47.49906903303463],[15.849070959457801,47.49892375386569]]],[[[15.836014156361797,47.503710602521295],[15.842435799989014,47.49906903303463],[15.835800603963632,47.49921392823731],[15.836014156361797,47.503710602521295]]],[[[15.802834800805027,47.504429379727476],[15.823167472203773,47.512992651053835],[15.836227745231591,47.50820727288641],[15.836014156361797,47.503710602521295],[15.802834800805027,47.504429379727476]]],[[[15.904344719471453,47.542713020468526],[15.949710151267405,47.519180760410194],[15.996171088170401,47.518112291232285],[16.002124756941647,47.50446907795498],[15.98862726238513,47.50028058493092],[15.981314431986439,47.486944736462995],[15.968047840217645,47.48725021652675],[15.967823083499741,47.48275378187493],[15.961190295605968,47.48290593327895],[15.961862983817365,47.49639526423666],[15.941959299570287,47.49684953082001],[15.941514197022867,47.48785657054577],[15.934880691024285,47.4880071994254],[15.915640866851449,47.501946369791234],[15.902370120205688,47.502244248365685],[15.895297434752813,47.493399482184486],[15.862125388592062,47.49413541468269],[15.862772838388988,47.50762528984358],[15.849715123008288,47.51241369128913],[15.883334149867308,47.52067449811875],[15.883769588012028,47.52966762983881],[15.870708313776744,47.53445840255748],[15.877565102196616,47.538808056243944],[15.878434454788563,47.556794286787365],[15.86536595815761,47.56158442739332],[15.872659754319653,47.574927475487556],[15.905443031911418,47.56519552662462],[15.904344719471453,47.542713020468526]]],[[[15.875266351580306,47.62888568555854],[15.868397996164989,47.62453597157229],[15.868614848350665,47.629032476307465],[15.875266351580306,47.62888568555854]]],[[[15.7561554527953,47.64495913144923],[15.783399463632236,47.657885609204065],[15.796499402525612,47.653104895738494],[15.795867183318466,47.63961503485504],[15.742229344805464,47.63174836613312],[15.736193755199407,47.64537766908116],[15.709577666001909,47.64593032842079],[15.702315456002635,47.632577144696086],[15.68255900015118,47.63748317147348],[15.723703901215341,47.66364174364967],[15.7561554527953,47.64495913144923]]],[[[15.879404431851375,47.71431811485565],[15.912494524929347,47.70908086178483],[15.879186302108055,47.70982171659053],[15.879404431851375,47.71431811485565]]],[[[15.786128484886863,47.716341409182476],[15.792580578542708,47.71170283669737],[15.785918344223814,47.71184483967058],[15.786128484886863,47.716341409182476]]],[[[15.665992061078013,47.71433496527581],[15.691633096570994,47.691308650882306],[15.711612623472794,47.69089785208664],[15.712020033557575,47.69989129733249],[15.685779016932951,47.70943186836475],[15.686182140215395,47.7184253653284],[15.666591762907103,47.72782529056677],[15.68032314745589,47.73654818840867],[15.67425938946929,47.750173906239844],[15.700928794227552,47.74962942974582],[15.721544729207078,47.76270694154538],[15.741344747070938,47.75779435553107],[15.748634263606613,47.77114467984954],[15.741964351483887,47.77128413745949],[15.742790987190338,47.78927043573497],[15.749670508170086,47.79362747960011],[15.817035618624853,47.80570032844835],[15.816609347741084,47.796707499402345],[15.823282296488628,47.79656372329282],[15.81597021585317,47.783218213036996],[15.829098527581591,47.77843393209016],[15.828670407656837,47.76944108385769],[15.842009255320589,47.76915174800636],[15.84803157392843,47.75551729763272],[15.861366769554454,47.75522572029856],[15.860933302176258,47.74623293988327],[15.847815964646715,47.751020885466744],[15.847169358704075,47.73753161641853],[15.826959396574162,47.733469471107476],[15.787390085925503,47.74332071585935],[15.780094569319084,47.72997275174728],[15.813416976755583,47.72926056819399],[15.832767357925345,47.71533920767138],[15.812779487826583,47.715771035888466],[15.799876731659763,47.7250500688523],[15.779465643825436,47.71648303861702],[15.765514675747475,47.70327530915882],[15.718476654001279,47.69525686185458],[15.724113171762312,47.67263520194255],[15.683966671443835,47.668960880917865],[15.684570476041293,47.68245125505737],[15.664593955758564,47.68285736022009],[15.664993243260291,47.69185098691984],[15.658333194135214,47.691985607393434],[15.6653926676556,47.70084459352635],[15.645607047067061,47.70574419665264],[15.645210977487634,47.69675053199261],[15.624836199649907,47.6881560496753],[15.617589712926819,47.67479764680043],[15.551387936898537,47.68509311066147],[15.551957830890677,47.69858411096777],[15.53197417408765,47.6989671908001],[15.531033068793985,47.67648200341025],[15.51752918894819,47.672238281489726],[15.504770932715163,47.68598134091985],[15.491451500439611,47.68623165225471],[15.492190885400964,47.70422002818072],[15.485713194122852,47.70884173987098],[15.492375810874334,47.70871710960504],[15.492745756957742,47.71771125719078],[15.466273269117956,47.722704656829855],[15.45906241199526,47.709336404995454],[15.465725154599921,47.70921331711062],[15.465177321948618,47.69572193172339],[15.471838321031985,47.69559848959001],[15.464812256666402,47.68672764979731],[15.471289058704572,47.68210709062527],[15.405049520685324,47.69231833199027],[15.397858438164253,47.67894615575026],[15.443928931592524,47.66460965449823],[15.516968428664871,47.658747031328616],[15.509753449111015,47.64538176135496],[15.48978973610762,47.64575752015439],[15.483503022196512,47.654876309019464],[15.423599654361034,47.65597950839942],[15.377706169147347,47.6748051919314],[15.378406391250978,47.692794326516825],[15.398388783690919,47.69243790886738],[15.398919402004802,47.70592961740628],[15.412244269863523,47.70569001732311],[15.406292051167908,47.7237988437338],[15.412956754086046,47.723678810260196],[15.413313179525824,47.73267317594372],[15.406825021007394,47.737290414953854],[15.420157824621526,47.737049901214064],[15.426465408153057,47.72793475116935],[15.440156799700228,47.73668623700819],[15.493300914046909,47.73120243999605],[15.500337760893848,47.74007144587081],[15.527003774819612,47.739567227931744],[15.53404744777439,47.74843415560522],[15.567576323685728,47.75229007621906],[15.580912175273502,47.75203095711446],[15.567193292454961,47.743296248715694],[15.566810392632192,47.734302399964],[15.579949128695656,47.729546458239746],[15.5934728191175,47.733782794218406],[15.587580051522059,47.75190081874258],[15.61425122392857,47.751376406523995],[15.620526756431328,47.742250688338096],[15.633859788051087,47.74198544022272],[15.639933098119915,47.728361823122874],[15.653262498706018,47.72809432821279],[15.652666222777631,47.71460393461037],[15.665992061078013,47.71433496527581]],[[15.828670407656837,47.76944108385769],[15.808661860915105,47.769872193140884],[15.808237318709711,47.76087924971885],[15.8282424346693,47.76044821342092],[15.828670407656837,47.76944108385769]],[[15.518090237542184,47.68572948790491],[15.518651574669185,47.699220649825406],[15.49866743517023,47.69959794701382],[15.498296601585892,47.69060378018141],[15.518090237542184,47.68572948790491]],[[15.639933098119915,47.728361823122874],[15.633071267506914,47.723998165468835],[15.639735447588032,47.723865007819214],[15.639933098119915,47.728361823122874]]],[[[15.88650423531511,47.72316345823284],[15.879840803554576,47.72331089567567],[15.880277324943966,47.73230365536356],[15.886941898542817,47.732156192959344],[15.88650423531511,47.72316345823284]]],[[[15.900711030816172,47.740852774467484],[15.893825893578247,47.73650469176554],[15.894045390197125,47.741001033249],[15.900711030816172,47.740852774467484]]],[[[15.975162895684127,47.761677334330315],[15.968042912986167,47.75283754603375],[15.954708929460724,47.75314146881277],[15.961826703654,47.7619820802327],[15.975162895684127,47.761677334330315]]],[[[15.501266834506698,47.76255653972977],[15.507749794411982,47.75793401340429],[15.501080956005804,47.75805953167194],[15.501266834506698,47.76255653972977]]],[[[15.988726658249348,47.76586717504493],[15.995166891911186,47.76121732177784],[15.9884989322084,47.7613710451174],[15.988726658249348,47.76586717504493]]],[[[15.851053993168323,47.818466480819474],[15.837272698643941,47.80976413774786],[15.831026887620565,47.818901468395715],[15.851053993168323,47.818466480819474]]],[[[16.025070117633227,47.823542955192764],[16.018163778216667,47.81920240302272],[16.0183943045502,47.823698405913255],[16.025070117633227,47.823542955192764]]],[[[15.905783028999961,47.84426679390937],[15.899992965268957,47.86240424480295],[15.906895219712212,47.86675183929087],[15.926940106656849,47.86630369848451],[15.927385911254554,47.87529598189636],[15.947209253692527,47.87034818476061],[15.946760082367236,47.86135596545028],[15.920036244921194,47.86195730169385],[15.912461794998023,47.84411785970662],[15.905783028999961,47.84426679390937]]],[[[15.923597172393249,47.93389516336409],[15.930063962346898,47.929249150736524],[15.923374327056381,47.92939909530303],[15.923597172393249,47.93389516336409]]],[[[15.917129231638295,47.93854080766237],[15.923597172393249,47.93389516336409],[15.91690692338555,47.934044733528644],[15.917129231638295,47.93854080766237]]],[[[15.99141232297403,47.95036186351457],[16.005256463521324,47.95904546936514],[16.01194965944801,47.95889078852554],[16.004336755748312,47.94106193539279],[15.97780035336733,47.946172523459765],[15.978255601667886,47.955164394618535],[15.99141232297403,47.95036186351457]]],[[[15.918241347345562,47.961021078419094],[15.931852405562692,47.96521740730303],[15.944116947516687,47.94243617015291],[15.917573963002814,47.94753293603109],[15.918241347345562,47.961021078419094]]],[[[15.919577151276458,47.98799717984043],[15.906625982349619,47.99728749111173],[15.987461391109335,48.004465936069565],[15.986775551815585,47.99097838454725],[15.960212033080964,47.996084859210974],[15.959533349011174,47.98259711061047],[15.919577151276458,47.98799717984043]]],[[[15.886750540866739,48.00222812503914],[15.899927553016402,47.99743607606042],[15.886530580113494,47.99773208322925],[15.886750540866739,48.00222812503914]]],[[[15.9159941240997,48.051089947844225],[15.922476137399277,48.04644453564293],[15.915771433743227,48.046594035000474],[15.9159941240997,48.051089947844225]]],[[[15.883126770715782,48.06531957155669],[15.876200189411854,48.060970827037536],[15.876419525417123,48.06546679318049],[15.883126770715782,48.06531957155669]]],[[[15.983959466206228,48.06756043494732],[15.990437465040149,48.06291124929652],[15.970317468872453,48.0633703766077],[15.956451430698895,48.05468288538173],[15.937457211893012,48.077615341559124],[15.883346722988469,48.06981551782723],[15.87707776065494,48.07895464712046],[15.883786741463434,48.07880738806421],[15.884226911910075,48.08779922837614],[15.958262412238515,48.0906492503499],[15.957809432337108,48.08165770402274],[15.97099999853641,48.0768576975243],[15.99135452399144,48.08089417324296],[15.983959466206228,48.06756043494732]]],[[[15.932542556893718,48.11373217890758],[15.95223014503213,48.10428811880652],[15.93209381969535,48.104740606386045],[15.932542556893718,48.11373217890758]]],[[[16.02908539228257,48.161041399157355],[16.021901542589124,48.15220599663983],[16.00197785097223,48.15716614188499],[16.002208469746577,48.161661708776606],[16.02908539228257,48.161041399157355]]],[[[15.572339476323611,48.332732823856595],[15.545560297857989,48.337743457846145],[15.546327745298738,48.35572767988825],[15.56020540443319,48.36446308637663],[15.586996982044678,48.35944914385845],[15.572339476323611,48.332732823856595]]],[[[15.965408063306603,48.365028146185466],[15.978899602449713,48.36472304944356],[15.991699094751015,48.35093071331553],[16.052156711839483,48.34503666719157],[16.01774304871976,48.33233204852246],[15.991238036540436,48.34194021496226],[15.957296359262005,48.338208280939114],[15.944490851354804,48.35199691465059],[15.924482897183896,48.35694336977916],[15.857032209273475,48.35842177024019],[15.8642165215541,48.36726661272694],[15.857689117426453,48.37190818329942],[15.912111511626879,48.379718979888786],[15.932129450490372,48.37477469646375],[15.937972569861287,48.356643007106186],[15.958206784513196,48.35618953660755],[15.965408063306603,48.365028146185466]]],[[[15.512976748485627,48.36535452985705],[15.486361738491166,48.37484755016649],[15.492548105839193,48.36123461177535],[15.47905488252152,48.361483432922476],[15.47942716460116,48.37047568492076],[15.46611648850458,48.3752191197666],[15.486922258553077,48.388335799970726],[15.500046388742886,48.379093956075096],[15.52029290764151,48.37871649745502],[15.512976748485627,48.36535452985705]]],[[[15.851160542814492,48.37654937899659],[15.836796257308423,48.35885768086664],[15.82373748412047,48.3681374109444],[15.776298287613441,48.36463996537246],[15.776934240781385,48.37812678909566],[15.750151462383412,48.38318431770751],[15.74298443759463,48.37433251943069],[15.722741331939401,48.37474863213821],[15.716613922008003,48.38837364306902],[15.777570525359415,48.39161352904857],[15.783894916086776,48.38248091749086],[15.797392039752848,48.382196824307385],[15.804569457651931,48.39104524627652],[15.831784648623655,48.394966179850194],[15.837882516257402,48.38133517446603],[15.851160542814492,48.37654937899659]]],[[[15.662818563966635,48.393959022659914],[15.67611598631341,48.38919319366178],[15.66261639079554,48.389463253053904],[15.662818563966635,48.393959022659914]]],[[[15.656269749922018,48.398589249614595],[15.662818563966635,48.393959022659914],[15.656068127606781,48.394093477973016],[15.656269749922018,48.398589249614595]]],[[[15.656471407269848,48.40308501185713],[15.636016473123044,48.398990306186036],[15.636216372168436,48.40348610245643],[15.656471407269848,48.40308501185713]]],[[[15.644372457475468,48.43482302548186],[15.637416496227946,48.4304606811975],[15.637616638620287,48.434956410911994],[15.644372457475468,48.43482302548186]]],[[[15.658085928321624,48.43905076806118],[15.664639704234101,48.434420523998625],[15.657883990384233,48.4345550820222],[15.658085928321624,48.43905076806118]]],[[[15.524856477023514,48.48661860523762],[15.5179036426967,48.48224925194769],[15.51809358386273,48.48674507255801],[15.524856477023514,48.48661860523762]]],[[[15.668696902579606,48.52433215030094],[15.655566066201908,48.53359231990133],[15.669103399814901,48.533323092523865],[15.668696902579606,48.52433215030094]]],[[[15.900109274209882,48.54648672078302],[15.90665494618185,48.54184315381667],[15.899885830518537,48.541991704873695],[15.900109274209882,48.54648672078302]]],[[[15.642631532101648,48.547346454073406],[15.635660548750952,48.54298423902498],[15.63586097448924,48.54747973110908],[15.642631532101648,48.547346454073406]]],[[[15.955407191749712,48.56776166038563],[15.94840705000648,48.56341815485146],[15.948634815613735,48.56791302948678],[15.955407191749712,48.56776166038563]]],[[[15.92267254114974,48.59098905806936],[15.914772341508904,48.56866399856804],[15.894454385997687,48.569109878757395],[15.89512376577543,48.582594744094024],[15.908672647505547,48.5822978068043],[15.909570420224744,48.600277377575644],[15.889462726508334,48.60521725045628],[15.883574341546773,48.62334435902725],[15.904137927888973,48.62739520191703],[15.905034903250053,48.64537439038003],[15.918149315176104,48.636086793563685],[15.916797465418345,48.60911796625059],[15.923575350073305,48.60896844177408],[15.91589701798937,48.59113853177991],[15.92267254114974,48.59098905806936]]],[[[15.686326689741543,48.613968493823705],[15.692900174423821,48.609337058910306],[15.686121602869276,48.609473239537756],[15.686326689741543,48.613968493823705]]],[[[15.516836268136322,48.61724583213897],[15.516455676631319,48.60825475636576],[15.50967679945457,48.60838072950626],[15.510245963231968,48.62186735918539],[15.496873167910067,48.626613735839356],[15.517216992478,48.62623686501292],[15.524380241166893,48.63510142504039],[15.517597849725872,48.63522785476217],[15.517978839949539,48.644218801161266],[15.531545956087475,48.64396550632041],[15.537560518024646,48.62585646330593],[15.516836268136322,48.61724583213897]]],[[[15.592202304588522,48.63381554717907],[15.578246660926188,48.62508506755528],[15.578638163612816,48.63407586168559],[15.592202304588522,48.63381554717907]]],[[[15.565268505480812,48.63883000952788],[15.579029802986426,48.64306661242634],[15.578638163612816,48.63407586168559],[15.565268505480812,48.63883000952788]]],[[[15.6744007801944,48.65020153076377],[15.680979963118375,48.645570851914925],[15.674196590195326,48.64570634024576],[15.6744007801944,48.65020153076377]]],[[[15.756017300077074,48.65304467096617],[15.769372993941989,48.64826882121785],[15.755805973355494,48.648549631700135],[15.756017300077074,48.65304467096617]]],[[[15.939857399671597,48.66260501809653],[15.980334993259342,48.65719940999282],[15.979873177636437,48.64821018561879],[15.95906629462802,48.63967799524135],[15.939629981618904,48.65811034521871],[15.91249251180915,48.6587097868366],[15.906606118053915,48.676837544936134],[15.859097189715122,48.67786906173324],[15.859538169087124,48.686858609158854],[15.940995085840576,48.68507821487216],[15.939857399671597,48.66260501809653]]],[[[15.949152997664294,48.7118946832539],[15.942133766139658,48.70755112970477],[15.9423616216097,48.71204567852759],[15.949152997664294,48.7118946832539]]],[[[15.81967581646633,48.70570685729252],[15.8060939205614,48.70599347764564],[15.806525874733342,48.71498308560099],[15.813318027645025,48.7148399475252],[15.81967581646633,48.70570685729252]]],[[[15.827337884291364,48.72354198182346],[15.833912665164187,48.71890291399496],[15.82712003299834,48.71904724299092],[15.827337884291364,48.72354198182346]]],[[[16.01050739748773,48.71501245669864],[15.969526885841683,48.71143934049519],[15.997156824460198,48.7198155736357],[15.97770386739314,48.73825343867886],[15.978166112490282,48.7472422342412],[16.004882561681075,48.737638931323325],[16.004415731271592,48.72865019364177],[16.011209116369407,48.72849561055943],[16.01050739748773,48.71501245669864]]],[[[15.929912693166042,48.73481919019547],[15.936479653444826,48.73017441268125],[15.929685825254197,48.73032467333213],[15.929912693166042,48.73481919019547]]],[[[15.978166112490282,48.7472422342412],[15.971370150441178,48.7473949044914],[15.971831369638009,48.75638367927226],[15.978628519305177,48.75623098308497],[15.978166112490282,48.7472422342412]]],[[[15.924250198124225,48.75744154423774],[15.917452728602939,48.75759109514304],[15.910429935020245,48.75324575611401],[15.917904604168498,48.76658002812128],[15.924703261890338,48.76643045180742],[15.924250198124225,48.75744154423774]]],[[[15.940351912542036,48.80657938733603],[15.934230733215355,48.820212777083924],[15.9410364492292,48.820062260935416],[15.941493006879249,48.82905078276108],[15.961683402232534,48.82410257913059],[15.954188982244288,48.810771528767646],[15.940351912542036,48.80657938733603]]],[[[15.879115115402096,48.80791951988483],[15.872755242873675,48.81705530291785],[15.90020155719549,48.82095945321935],[15.89406799202811,48.8345906384627],[15.928106300248636,48.83384574071608],[15.927424977332722,48.82036289959644],[15.913813346377308,48.82066196369998],[15.913361711361114,48.811673291486244],[15.879115115402096,48.80791951988483]]],[[[15.873866955367397,48.83952720892847],[15.874311913120566,48.848515885958506],[15.908134272856294,48.84328243652686],[15.907908833615654,48.838788154683705],[15.873866955367397,48.83952720892847]]],[[[15.85255906104751,48.82198826630449],[15.83235899691195,48.8269177487237],[15.833015416506045,48.84040107860209],[15.813023356018425,48.849821595828836],[15.820268922268612,48.858666917926946],[15.833891179578785,48.85837868060198],[15.83476755689709,48.87635608531722],[15.848174088121471,48.871571865705626],[15.841141555586733,48.867222673544426],[15.840043582064542,48.84475082478933],[15.853441359908537,48.83996591590723],[15.85255906104751,48.82198826630449]]],[[[16.03834789241764,46.65726514308171],[16.00614527035064,46.66703562066025],[16.006594411849466,46.67602867329966],[16.038802365657016,46.66625806002382],[16.03834789241764,46.65726514308171]]],[[[16.09889858547788,47.06998786998404],[16.098196486566636,47.056498757341075],[16.09161732278808,47.05665846159567],[16.09231775215965,47.07014761471423],[16.09889858547788,47.06998786998404]]],[[[16.08573687929214,47.070306978647736],[16.08620291643112,47.07929976759983],[16.092784902815378,47.07914037674027],[16.09231775215965,47.07014761471423],[16.08573687929214,47.070306978647736]]],[[[16.086902268246746,47.09278894040893],[16.09325221175794,47.088133133134235],[16.086669111480553,47.08829255092507],[16.086902268246746,47.09278894040893]]],[[[16.36416081708854,47.099253017717984],[16.35757715815574,47.09942810626201],[16.357064973594547,47.09043644888479],[16.337571478275038,47.09545521433276],[16.338080407549683,47.104446956838125],[16.36416081708854,47.099253017717984]]],[[[16.093953472135528,47.10162225668427],[16.08713546452065,47.097285328403665],[16.087368700312286,47.1017817148818],[16.093953472135528,47.10162225668427]]],[[[16.399155684886896,47.134337709545335],[16.384686820308083,47.11221276234043],[16.397337956941772,47.10286759845695],[16.40132332772371,47.05773291862801],[16.387908003465803,47.05359124924281],[16.388683647548604,47.06707854634819],[16.368944752295075,47.06760692761669],[16.376554781074077,47.08541434284777],[16.38313663880446,47.085238156239036],[16.384169918023137,47.10322123354494],[16.36441753149976,47.10374882918731],[16.371259019004118,47.108069139897935],[16.372288715354223,47.126052302715614],[16.32694010936545,47.14076087115763],[16.327701515104202,47.1542485171693],[16.360397278651558,47.148882099538],[16.3728038254082,47.13504387345931],[16.399155684886896,47.134337709545335]]],[[[16.364508676563915,47.220814753757644],[16.370849559485087,47.21614350590134],[16.364251386930086,47.21631897948149],[16.364508676563915,47.220814753757644]]],[[[16.07434661345983,47.23265339588854],[16.07388124084047,47.223660651846],[16.06728122824697,47.223818946638055],[16.067745480844096,47.232811717438],[16.07434661345983,47.23265339588854]]],[[[16.08801653150184,47.241328287857904],[16.074812144221966,47.24164613057913],[16.07527783320746,47.25063885569746],[16.081881167433306,47.25048009851949],[16.08801653150184,47.241328287857904]]],[[[16.075510737059155,47.25513521459812],[16.068906802726204,47.255293603064],[16.069836571010256,47.273279067190515],[16.083048886221007,47.27296180088622],[16.075510737059155,47.25513521459812]]],[[[16.362280993438546,47.297417889570106],[16.368631261235222,47.292746800965794],[16.362023520536862,47.29292214453039],[16.362280993438546,47.297417889570106]]],[[[16.052328147550373,47.31871597521164],[16.065319593669074,47.313904387633464],[16.052096936099968,47.31421960005637],[16.052328147550373,47.31871597521164]]],[[[16.033640395282973,47.34166799541591],[16.0466391885931,47.33685854574811],[16.033410674183344,47.33717159507135],[16.033640395282973,47.34166799541591]]],[[[16.438137119627854,47.349414652078515],[16.444751672813968,47.349234906045496],[16.444222226805238,47.340243844952596],[16.464062243174613,47.33970240236121],[16.46352960611534,47.33071142026692],[16.423593030595914,47.32729509257516],[16.416718879030288,47.322978010050704],[16.41567023057234,47.30499556001311],[16.389753248069542,47.31469687559422],[16.39027316886507,47.32368821474349],[16.350859934457002,47.329237800490205],[16.345016115189242,47.34289940337149],[16.325173704938372,47.343420183425465],[16.324410218857338,47.32993276297314],[16.29210215586868,47.344280496545366],[16.30659581163404,47.366416709689396],[16.313212933824783,47.36624457431672],[16.31881350116831,47.34808882667662],[16.345528696164994,47.351890913467265],[16.36107790639238,47.39200312418533],[16.36769805771513,47.391827837238004],[16.366148348349554,47.36485370910824],[16.392354622588552,47.359653448741945],[16.39923155689667,47.36397197663537],[16.400275775751204,47.38195444388159],[16.387818375690156,47.39579530990132],[16.420657675347275,47.390411753538395],[16.447666850984064,47.398685508245585],[16.45877852482163,47.36236074215361],[16.43866562136685,47.358405730814184],[16.438137119627854,47.349414652078515]],[[16.39053319561861,47.3281838798173],[16.41724347094615,47.33196921708627],[16.418555732219904,47.354447180452354],[16.37834500490932,47.34651946589669],[16.377826889893086,47.337528097591544],[16.39053319561861,47.3281838798173]]],[[[16.35497237990855,47.401169436329056],[16.341729604783236,47.40151815408991],[16.342242195008698,47.410509607393024],[16.34886473145268,47.41033541060252],[16.35497237990855,47.401169436329056]]],[[[16.08392171866514,47.41700227194495],[16.08321883248589,47.40351350444981],[16.076596347083143,47.403672335384584],[16.077297541638853,47.41716114317503],[16.08392171866514,47.41700227194495]]],[[[16.34249855565076,47.415005328773915],[16.33561961487735,47.41068342102681],[16.335875411864116,47.415179157104625],[16.34249855565076,47.415005328773915]]],[[[16.16389102718624,47.424058088151526],[16.143776954101266,47.420051309644144],[16.144016446343045,47.424547432699555],[16.16389102718624,47.424058088151526]]],[[[16.37691017387004,47.43660862249436],[16.37639141856752,47.42761736013546],[16.369766802858937,47.427793148958365],[16.370284430100543,47.43678444104766],[16.37691017387004,47.43660862249436]]],[[[16.32950750130459,47.41984834943713],[16.27651593349264,47.42122223131412],[16.270392327058133,47.43038398667368],[16.303518235238702,47.429529956659636],[16.31727689903127,47.438177189070686],[16.325433227394885,47.464978843163266],[16.345321409445468,47.464458023538135],[16.331551283620136,47.455814195956464],[16.32950750130459,47.41984834943713]]],[[[16.08814659622609,47.49793419513852],[16.081512251306282,47.49809330838938],[16.081981352077527,47.507085694831744],[16.08861682868791,47.50692655466326],[16.08814659622609,47.49793419513852]]],[[[16.12803839883799,47.74907012149129],[16.134464197901067,47.744412471326775],[16.12779879485374,47.74457425503336],[16.12803839883799,47.74907012149129]]],[[[16.108754147156343,47.7630408883739],[16.121611457503928,47.75372740780405],[16.108040230207976,47.749553199577626],[16.108754147156343,47.7630408883739]]],[[[16.23594199151333,47.768917108451895],[16.24236066348339,47.764253450108306],[16.23569304312391,47.76442147139366],[16.23594199151333,47.768917108451895]]],[[[16.20406935677594,47.7967216208068],[16.176649665179635,47.78389539825382],[16.17591798284927,47.77040820652035],[16.189255021233574,47.77007868726269],[16.17543040387445,47.76141671694964],[16.18136503272224,47.747764943439854],[16.161367856480723,47.74825727772149],[16.162580777092877,47.77073618249063],[16.13614628905267,47.77588332364225],[16.13662725778661,47.78487494490911],[16.17070971130473,47.79754680247915],[16.171196815841025,47.806538227748796],[16.20406935677594,47.7967216208068]]],[[[16.331349908515673,47.80249277782186],[16.34443573380489,47.79764992528184],[16.350589331055737,47.7884849079171],[16.33083535246199,47.793501994847304],[16.331349908515673,47.80249277782186]]],[[[16.199611413109036,47.837348153139686],[16.19911913922541,47.828356923096926],[16.192443244955342,47.82852244350349],[16.19293437304696,47.83751370157532],[16.199611413109036,47.837348153139686]]],[[[16.219642279105255,47.8368491900436],[16.206041679849996,47.832686620463654],[16.20679041543763,47.846177638022795],[16.220146641301064,47.84584456017496],[16.219642279105255,47.8368491900436]]],[[[16.14000675664598,47.84781984472714],[16.139516541551767,47.83882418180616],[16.132839125213263,47.838986253374614],[16.133328161240243,47.8479819402464],[16.14000675664598,47.84781984472714]]],[[[16.060095144530838,47.85423539023879],[16.053181820042113,47.849896945856585],[16.05341548607639,47.85439286199633],[16.060095144530838,47.85423539023879]]],[[[16.133328161240243,47.8479819402464],[16.126649524495512,47.84814364936032],[16.127129512974488,47.85713517854136],[16.133809296523435,47.85697344203986],[16.133328161240243,47.8479819402464]]],[[[16.188963477268796,47.887134921683156],[16.188472577851737,47.87814372917402],[16.175107899318995,47.87847313850011],[16.175596502695168,47.88746438680325],[16.188963477268796,47.887134921683156]]],[[[16.069831008555614,47.912523524769476],[16.08273211581822,47.903214732500196],[16.08225934320557,47.89422313931088],[16.061970511159398,47.89020238893061],[16.061501427589025,47.88121067694039],[16.0481351846938,47.88152539383828],[16.035465575886704,47.895326281999026],[15.988441566331959,47.89191448080188],[15.995812907211677,47.905248685999254],[16.02278927365508,47.909125724238784],[16.031332259846277,47.94493693987176],[16.03802356927561,47.94478074972195],[16.037558119222936,47.935789087552926],[16.064318351890147,47.93516056202514],[16.04976964114111,47.912996460410085],[16.069831008555614,47.912523524769476]]],[[[16.123566176399997,47.91574103232169],[16.13073469366289,47.92457084256588],[16.150799760402222,47.92408385544252],[16.14314455683814,47.90626397906482],[16.123566176399997,47.91574103232169]]],[[[16.35246819192443,47.9370031745725],[16.338830879019657,47.93285635324444],[16.36532487917292,47.92766296387299],[16.364803242671893,47.918672651436324],[16.344742318213612,47.919196781082725],[16.33728002953709,47.90588502142664],[16.31696714496861,47.90190908781876],[16.31594120091318,47.88392786630835],[16.328791360323702,47.87459157158737],[16.30181031012498,47.87078595262798],[16.294365859096505,47.85747123615831],[16.281007141353328,47.85781290030744],[16.276350655615285,47.89394649708677],[16.331368145515437,47.919544266616704],[16.33214204604864,47.93302994668364],[16.31902115260663,47.937871215260465],[16.32596817432099,47.94219360225716],[16.326998717847484,47.9601744187308],[16.34733504452426,47.96414851651405],[16.34811373348141,47.977633903205565],[16.368197092808398,47.97710919617438],[16.36767446734604,47.96811903422781],[16.354027815218252,47.96397404577603],[16.353507761727467,47.954983782817926],[16.360199336628675,47.95480895452595],[16.35246819192443,47.9370031745725]]],[[[16.05257615219351,47.96694611281202],[16.045648522686218,47.96260736305239],[16.045882044234784,47.96710314373991],[16.05257615219351,47.96694611281202]]],[[[16.10851686701252,48.01063213916328],[16.14249810664056,48.018816022245225],[16.182209137877862,48.0088436438099],[16.17477552315389,47.99552179358981],[16.187924285651004,47.99069698720656],[16.18718680742529,47.977210607694985],[16.173307608028047,47.968548846430245],[16.15322565386961,47.969039731738995],[16.141046227775547,47.991842871443254],[16.127652120331835,47.99216677991961],[16.12023481470338,47.978841358985065],[16.133384414485814,47.97402272298115],[16.132902273602113,47.965031533156626],[16.11927514077881,47.96085886995233],[16.100148406009893,47.97932303091813],[16.086757261439498,47.979642208668814],[16.08770606871133,47.99762485804821],[16.094403967225535,47.99746540884199],[16.093928328754547,47.98847412514659],[16.114018318815475,47.98799353391351],[16.10851686701252,48.01063213916328]],[[16.128856147922686,48.014644560646516],[16.1281336068351,48.00115791348593],[16.148470700532577,48.005166902122546],[16.142256022520385,48.014320514941055],[16.128856147922686,48.014644560646516]]],[[[16.08770606871133,47.99762485804821],[16.081244856647707,48.002279578014814],[16.08794337275746,48.00212050284648],[16.08770606871133,47.99762485804821]]],[[[16.204037680887986,48.03981530678975],[16.217443553173364,48.03948256478117],[16.23134898224805,48.04813882818944],[16.23059945435123,48.03465298237634],[16.216697747418195,48.025996589970525],[16.196594070558806,48.02649499462157],[16.204037680887986,48.03981530678975]]],[[[16.251209056458688,48.04313916300078],[16.24475682056738,48.047802927108755],[16.258416725012665,48.05196068483178],[16.264110063640896,48.03381053514784],[16.243752917063215,48.029821898480385],[16.251209056458688,48.04313916300078]]],[[[16.23830342951439,48.05246632450338],[16.23134898224805,48.04813882818944],[16.23159891109927,48.052634095343336],[16.23830342951439,48.05246632450338]]],[[[16.030211157922523,48.05299116889353],[16.036683216811483,48.048339376339925],[16.029978603733777,48.048495483218176],[16.030211157922523,48.05299116889353]]],[[[16.171501088393345,48.058621964725525],[16.15760281013486,48.04995855336631],[16.158090000141613,48.0589493886221],[16.171501088393345,48.058621964725525]]],[[[16.238804572207584,48.06145680803604],[16.23184888307854,48.05712935505879],[16.232098898197027,48.061624607307785],[16.238804572207584,48.06145680803604]]],[[[16.246012674634315,48.0702790458841],[16.259426117895647,48.06994145051879],[16.265373930538924,48.05628655088104],[16.238804572207584,48.06145680803604],[16.246012674634315,48.0702790458841]]],[[[16.066565202968878,48.10615353620542],[16.086463202809668,48.10118222108846],[16.06562172055036,48.08817137482111],[16.065150223674824,48.07918024841805],[16.091983809781155,48.078545359241474],[16.09150784886751,48.06955431025056],[16.064914536283595,48.074684673886644],[16.04432287139992,48.066165473961846],[16.01749509061434,48.06678933707005],[16.016800655727806,48.05330224528711],[15.989521039001119,48.04492820666625],[15.990437465040149,48.06291124929652],[15.997373835062561,48.0672531599546],[16.051498655547864,48.0749997630786],[16.03924988402506,48.097791363248206],[16.052671713224928,48.097477693549486],[16.05314121998035,48.10646881236183],[16.00661756705336,48.11655131953189],[15.965881412076294,48.10848024473625],[15.966563383359473,48.12196737653976],[16.033704292607993,48.120425554013636],[16.054785771748755,48.137937483902874],[16.067981649531372,48.13312654637232],[16.067273242699038,48.11964007636895],[16.080700537927484,48.11932316638934],[16.066565202968878,48.10615353620542]]],[[[16.20005353330209,48.08942956346241],[16.17992520261106,48.08992506635597],[16.180416622345305,48.098915682338884],[16.200548425067208,48.09842009546174],[16.20005353330209,48.08942956346241]]],[[[16.200548425067208,48.09842009546174],[16.207507029418036,48.102749363790515],[16.20725894062964,48.09825412340843],[16.200548425067208,48.09842009546174]]],[[[16.207755161058625,48.10724459643224],[16.21421808093005,48.10258298943158],[16.207507029418036,48.102749363790515],[16.207755161058625,48.10724459643224]]],[[[16.102275743481247,48.14581735299781],[16.088603700315826,48.141641337710475],[16.088841738939873,48.14613675578866],[16.102275743481247,48.14581735299781]]],[[[16.237359200645756,48.15602313027901],[16.22392340695242,48.15635816070795],[16.216707120886813,48.14753482186017],[16.20352136903864,48.15236263190119],[16.197793890152212,48.170509030798115],[16.19107401608925,48.17067445058198],[16.198784606979572,48.18848954685725],[16.226173225037027,48.19681385029477],[16.22567296274479,48.187823754651255],[16.24583877567319,48.18732032747459],[16.245335202817703,48.17833028406702],[16.231643133103713,48.17417117155507],[16.237359200645756,48.15602313027901]]],[[[16.050886564077345,48.1920401802336],[16.023993865459637,48.192665525591096],[16.02492483295498,48.210647325586],[16.051356616266908,48.20103099077795],[16.050886564077345,48.1920401802336]]],[[[16.073662154181633,48.241015689970446],[16.059731387183476,48.232341136114144],[16.060203336263044,48.2413317688806],[16.073662154181633,48.241015689970446]]],[[[16.242890516951856,48.25491299387694],[16.2423867991444,48.245923175755884],[16.235657303847983,48.24609116984853],[16.236159857438185,48.255081016457424],[16.242890516951856,48.25491299387694]]],[[[16.12846345342363,48.257716423869354],[16.121490667419355,48.253382670944994],[16.121732067566263,48.257877827030306],[16.12846345342363,48.257716423869354]]],[[[16.115482400643415,48.26702915421114],[16.12221499334002,48.266868113153656],[16.121732067566263,48.257877827030306],[16.115000639888333,48.258038840781225],[16.115482400643415,48.26702915421114]]],[[[16.176566635870376,48.27455579419399],[16.183053201724228,48.26989622324545],[16.17632040667109,48.270060783410194],[16.176566635870376,48.27455579419399]]],[[[16.304750743571507,48.27585701456265],[16.297760808687993,48.27153386808629],[16.298017568572046,48.276028613839344],[16.304750743571507,48.27585701456265]]],[[[16.244654904344213,48.28637708183563],[16.251389598076944,48.28620856992735],[16.25189526801746,48.295198201134795],[16.258631083922378,48.29502927100928],[16.257617587733478,48.277050030295726],[16.24415057526389,48.27738738647067],[16.244654904344213,48.28637708183563]]],[[[16.079128170746607,48.34440483549924],[16.085632241595082,48.33975083434504],[16.078890064254452,48.339909753952575],[16.079128170746607,48.34440483549924]]],[[[16.07936631856077,48.34889990784926],[16.07238536774628,48.34456337852385],[16.07262293110839,48.34905846432114],[16.07936631856077,48.34889990784926]]],[[[16.059608944567408,48.35836460446135],[16.07309818153809,48.35804860821744],[16.07262293110839,48.34905846432114],[16.052392521781236,48.34953179313241],[16.059608944567408,48.35836460446135]]],[[[16.21522502560686,48.363625956262],[16.22121821419784,48.34997488855474],[16.20074012718396,48.34597918855971],[16.16727234490507,48.35129806165049],[16.153296254405234,48.342635118921415],[16.09261365268738,48.344086579267916],[16.093092327594462,48.35307666075318],[16.106579981307227,48.35275679004815],[16.10706116106733,48.361746780246136],[16.12778069202612,48.37025383748045],[16.195486894645402,48.37311360315209],[16.188492960405597,48.368784078038225],[16.194742003013005,48.35962922666973],[16.21522502560686,48.363625956262]]],[[[16.25594694772801,48.36711394283359],[16.248695839361734,48.358293345084185],[16.22196986177295,48.36345915196717],[16.222220497954034,48.36795388774325],[16.25594694772801,48.36711394283359]]],[[[16.276182290196687,48.36660529386541],[16.282671417638582,48.3619403569384],[16.27592697661268,48.362110672463615],[16.276182290196687,48.36660529386541]]],[[[16.292753567242844,48.42019861160375],[16.272242159859506,48.416215600778436],[16.272497420234792,48.420710121887446],[16.292753567242844,48.42019861160375]]],[[[16.10606991529128,48.721796005773086],[16.051731058315514,48.72306556708522],[16.039091454123767,48.741356240120226],[16.05291900405542,48.74553691907423],[16.059237984271185,48.73639105293256],[16.07962058339471,48.73591661443257],[16.085933630145664,48.72676926418028],[16.10606991529128,48.721796005773086]]],[[[16.14755983746821,48.73430961093282],[16.154600058961115,48.738640804250736],[16.154353528119366,48.73414674944257],[16.14755983746821,48.73430961093282]]],[[[16.09369119746175,48.744586701813716],[16.121115466957114,48.748439463457],[16.12717850796862,48.734795837846356],[16.14755983746821,48.73430961093282],[16.147068091292564,48.72532143870999],[16.106312165945116,48.726290191566385],[16.10679679432242,48.735278528348346],[16.09320877318975,48.73559835729545],[16.09369119746175,48.744586701813716]]],[[[16.161888677616002,48.74746558276845],[16.161394299769956,48.73847753597501],[16.154600058961115,48.738640804250736],[16.15509324998778,48.747628878779],[16.161888677616002,48.74746558276845]]],[[[16.046123492401147,48.745693912997],[16.03932793928401,48.745850513875936],[16.039801033700563,48.754839026284344],[16.046597774221233,48.75468239880136],[16.046123492401147,48.745693912997]]],[[[16.033004251798886,48.75499526065334],[16.04003764297857,48.75933326488055],[16.039801033700563,48.754839026284344],[16.033004251798886,48.75499526065334]]],[[[16.427374599184372,47.052524479058654],[16.421319556427065,47.06169460827756],[16.44184498425104,47.07464406379393],[16.440792729819915,47.056661491252775],[16.44710730000689,47.051985956478994],[16.427374599184372,47.052524479058654]]],[[[16.43684101535196,47.10179755116094],[16.435527255081702,47.07931930174512],[16.428946306438743,47.079498519526354],[16.430257283076767,47.10197684464965],[16.43684101535196,47.10179755116094]]],[[[16.42629322001156,47.14711242988703],[16.40652490015712,47.147647333862764],[16.38753291760359,47.161666042104244],[16.433408163122532,47.155924647909806],[16.42629322001156,47.14711242988703]]],[[[16.395422437951222,47.18396783119804],[16.375381998020277,47.180001611722744],[16.375640055927853,47.18449737430975],[16.395422437951222,47.18396783119804]]],[[[16.417820965403127,47.22839145922077],[16.437355793156083,47.22335899107972],[16.436565462850464,47.20987216293542],[16.423371075797377,47.21023033269932],[16.417820965403127,47.22839145922077]]],[[[16.423289136335725,47.43536715954194],[16.463307559908756,47.43878352892192],[16.46277405093482,47.42979266634976],[16.422499227028897,47.42188057540012],[16.423289136335725,47.43536715954194]]],[[[16.52856778274008,47.63960765637212],[16.534944620298212,47.63492759327388],[16.528294400193072,47.63511254681476],[16.52856778274008,47.63960765637212]]],[[[16.44609869376892,47.70940627984836],[16.440503611463924,47.72756702646862],[16.466883777129347,47.722350063657586],[16.458882911514156,47.70005509389886],[16.44609869376892,47.70940627984836]]],[[[17.042454182347075,47.745785109990706],[17.09317212854225,47.708108397472],[17.005678161983003,47.6974209801268],[16.992678856171377,47.702338813260255],[16.987273971975693,47.720525705819625],[16.980614601814995,47.72073681780603],[16.987900371540988,47.72951340524237],[16.981552572823247,47.7342184119141],[17.00153564871978,47.73358375950087],[17.008826707180624,47.742358995468884],[17.00247923138333,47.74706514047624],[17.022466950924265,47.746426859097355],[17.029763301371883,47.75520074188725],[17.043090348182535,47.75477245138362],[17.042454182347075,47.745785109990706]]],[[[16.440769948181238,47.73206224678947],[16.433841312638386,47.727746512456996],[16.434107078976037,47.7322417479685],[16.440769948181238,47.73206224678947]]],[[[16.441036330572565,47.73655746157361],[16.44743277171512,47.731882360163],[16.440769948181238,47.73206224678947],[16.441036330572565,47.73655746157361]]],[[[16.635954358709853,47.75815226064957],[16.642336025242784,47.75346637477197],[16.635671146427246,47.75365753467437],[16.635954358709853,47.75815226064957]]],[[[16.64985406275256,47.76675889273914],[16.649285209056668,47.75776952293374],[16.6426198082243,47.75796108456878],[16.64318752025471,47.76695048680089],[16.64985406275256,47.76675889273914]]],[[[16.664329863274034,47.78435308700433],[16.65099235593601,47.784737562105356],[16.65156179562453,47.79372686122076],[16.65823171658209,47.79353478402984],[16.664329863274034,47.78435308700433]]],[[[16.626011942351404,47.81247009667954],[16.639640544388794,47.81658316255186],[16.640208380440917,47.82557244153327],[16.67329119624924,47.82011693133299],[16.639072903337325,47.807593859017466],[16.626011942351404,47.81247009667954]]],[[[16.648020949307764,47.843359441171835],[16.641060500365082,47.839056313480995],[16.641344637948986,47.84355092494561],[16.648020949307764,47.843359441171835]]],[[[16.670342784253826,47.87873881472828],[16.67788596484823,47.89202905260149],[16.671203545716217,47.89222226088288],[16.67177763345674,47.90121119193963],[16.658410352217956,47.90159651417997],[16.639211953485084,47.91565518851695],[16.646467475830896,47.92445282606668],[16.633377978977585,47.929329736651596],[16.63451414193967,47.94730774514772],[16.674363474210217,47.94166104809189],[16.68162853433745,47.950456408480015],[16.674938649634637,47.950649829550294],[16.67551402315162,47.95963858308321],[16.702858037056796,47.9678510396598],[16.710422383825478,47.98113879280953],[16.723809657612996,47.98074746252518],[16.724978112880876,47.99872427989477],[16.77244069364335,48.00633009174199],[16.785239067398887,47.996943527357274],[16.8120203858194,47.99614201346235],[16.812919719203858,48.009623893769835],[16.81961664762396,48.009422496077505],[16.81901588850091,48.00043461734101],[16.83240728624244,48.000030728439526],[16.82541073559593,47.99573893318696],[16.824809135698423,47.98675104459054],[16.83150308165445,47.986548957866454],[16.823907124409295,47.97326915724634],[16.78404988833806,47.97896731311395],[16.776763601116787,47.97017847175948],[16.72991814251392,47.971562797973654],[16.70867811265821,47.95417315288044],[16.707806652642223,47.940690237803445],[16.688029607235414,47.94576824600554],[16.660126911282994,47.92856334207616],[16.659268410241683,47.91507995852479],[16.684856501068367,47.89632989390596],[16.711587777850283,47.89555158375203],[16.718561557163184,47.899850386882115],[16.7197263970605,47.91782770773485],[16.70722592927179,47.931701593037225],[16.75403623361827,47.930326443605274],[16.774985431238996,47.94321374852123],[16.801142434657393,47.933426434145815],[16.80842769639418,47.94221384081773],[16.80203787862817,47.946908666505706],[16.828492438533942,47.94160925424891],[16.82090378326439,47.92832906995024],[16.840057884306102,47.914240308595865],[16.873175852442895,47.908727647660776],[16.885015942046927,47.88584790531523],[16.891696729963765,47.88564233066715],[16.863152455013783,47.8594982847704],[16.87498578634426,47.836619247438556],[16.881660327182065,47.83641425013629],[16.874073434812438,47.82313715420631],[16.887113875827414,47.81823286881679],[16.88589377431958,47.80025677073648],[16.87922385979248,47.800462015046705],[16.88406519205082,47.773292439857805],[16.917704333885577,47.77675493887636],[16.937086061842017,47.76714350286161],[16.92375501541304,47.76755953110167],[16.92283131809185,47.75407758128414],[16.90283948658708,47.75469857470574],[16.89709228937849,47.76838696152212],[16.87679073604555,47.76450938686015],[16.87436094906845,47.728556379838366],[16.852869899482883,47.70669789367992],[16.839553558223315,47.70710418774663],[16.831396757327692,47.684835286283985],[16.751235227530245,47.682740550567225],[16.739382648326888,47.70560777085003],[16.720277729092576,47.71968063465084],[16.721439154763264,47.73765881259751],[16.681462947422926,47.73882744897391],[16.68203711500835,47.747816701746444],[16.708692680851666,47.747039020759026],[16.709850737310397,47.76501719400332],[16.64985406275256,47.76675889273914],[16.65042311167885,47.77574823920391],[16.66347264321019,47.77086919140892],[16.664329863274034,47.78435308700433],[16.677667174410693,47.7839670689548],[16.684910909656423,47.79276261724314],[16.697384126425927,47.77889060489045],[16.717677922797947,47.782799757452366],[16.720002586539646,47.818755496407746],[16.679677074678217,47.81542905369653],[16.680539200314627,47.82891266978164],[16.708105538343613,47.8416187099019],[16.70868541293841,47.85060758672713],[16.675299852999274,47.85157868560386],[16.675012754113332,47.84708416816411],[16.654982543452448,47.8476621439303],[16.654697211745848,47.843167571224484],[16.648020949307764,47.843359441171835],[16.648875373321864,47.85684318898576],[16.669195792713612,47.8607607951639],[16.66366203626843,47.8789315875213],[16.670342784253826,47.87873881472828]],[[16.8801371428607,47.81394415003766],[16.86012194247335,47.814557724148266],[16.85284576992838,47.80577325496316],[16.87922385979248,47.800462015046705],[16.8801371428607,47.81394415003766]],[[16.752859308168528,47.91234953741928],[16.772617392956004,47.90726039447115],[16.780487262304973,47.9250379860225],[16.753741926307427,47.925832227323035],[16.752859308168528,47.91234953741928]],[[16.856777660534945,47.8641962483054],[16.83066571517778,47.87399635088371],[16.816707777962204,47.86541179376023],[16.808237520306946,47.83864798826975],[16.834636710944142,47.83334699637203],[16.855264355706193,47.841725993416276],[16.856777660534945,47.8641962483054]],[[16.794589945541414,47.834554873317536],[16.780352443564656,47.82147158018679],[16.786432415181153,47.812283504174474],[16.799775924766,47.81188336413244],[16.81401567361005,47.82496429419252],[16.81461355934838,47.83395267199671],[16.794589945541414,47.834554873317536]],[[16.775623251263575,47.74956222277157],[16.80864392931129,47.74406779309353],[16.813516622490457,47.716900806799025],[16.833195175022322,47.711801034770865],[16.84105624388889,47.72957543419638],[16.861644077045522,47.737953513007795],[16.862249139142843,47.7469418456858],[16.849827204937178,47.760831778882235],[16.823466092880103,47.766136351702954],[16.831031897807026,47.779416972958266],[16.804957413190337,47.789211484289645],[16.804361695284044,47.78022294941517],[16.791026287027023,47.78062362377836],[16.776804332320125,47.76753970536363],[16.775623251263575,47.74956222277157]]],[[[16.637222557142586,47.88419338429155],[16.650015290859166,47.874821429805195],[16.636654597942172,47.87520423795904],[16.637222557142586,47.88419338429155]]],[[[17.04248682830711,47.93494373999468],[17.022109760185103,47.931091955024584],[17.02274468145099,47.94007894656723],[17.01000301240843,47.94949189416154],[16.989622665538782,47.945634401737664],[16.990252170174085,47.95462153061491],[17.010952684781916,47.96297239375466],[17.03070465135324,47.957839236085036],[17.044722455397782,47.96639765587534],[17.057461988438142,47.95698093371892],[17.04248682830711,47.93494373999468]]],[[[17.11064883234624,47.950752535728945],[17.09058396567805,47.95140607083849],[17.091554487485155,47.96488589367325],[17.118314425178795,47.964013518476285],[17.11064883234624,47.950752535728945]]],[[[16.970497446875566,47.95974778583263],[16.983248741730108,47.9503392213275],[16.962870043184527,47.946477015905],[16.957117472555883,47.960167652421404],[16.937047108469823,47.96079455061347],[16.937667740865983,47.969781920965595],[16.951985136971693,47.982845200269075],[16.965370968844596,47.98242592998972],[16.978128730252738,47.97301799752458],[16.970497446875566,47.95974778583263]]],[[[16.56231494343017,47.97185735464416],[16.568729353118194,47.96717583203754],[16.562036914156767,47.96736272195221],[16.56231494343017,47.97185735464416]]],[[[17.05874485762293,47.97495435374512],[17.06511497808323,47.9702454122125],[17.058424057485283,47.97046100962253],[17.05874485762293,47.97495435374512]]],[[[16.93159605872065,47.97897752524619],[16.8987467745019,47.98900055656655],[16.906671969383595,48.00676908228746],[16.900283090977485,48.011469235722025],[16.913676684934483,48.01105594866319],[16.919755261686404,48.00186137980513],[16.95323228902185,48.00081962490955],[16.952296844418164,47.987338817452155],[16.938909647154897,47.98775657487011],[16.93159605872065,47.97897752524619]]],[[[17.161418975963066,48.003130752755084],[17.148029444859567,48.00357269269778],[17.098568749116556,47.96916162154342],[17.079464394071803,47.983292902480194],[17.08745027364109,48.00104904037352],[17.120597026408188,47.995465665976404],[17.12124970386745,48.00445192712379],[17.127944723716922,48.004232699211734],[17.12892588866461,48.017711978804954],[17.11553233883783,48.0181501587875],[17.109486416038447,48.0273549275853],[17.142647532337424,48.02176529069569],[17.161418975963066,48.003130752755084]]],[[[16.450136888063057,48.001944747362145],[16.449599890725047,47.992955031964314],[16.429511256915006,47.99349386229901],[16.430578520559685,48.01147344686057],[16.437277083365238,48.01129416336714],[16.436742206645352,48.002304415862],[16.450136888063057,48.001944747362145]]],[[[16.70547129162868,48.00829935764919],[16.69848408866396,48.003999908847675],[16.698774074341305,48.008494153867844],[16.70547129162868,48.00829935764919]]],[[[17.055258595052216,48.02010279975136],[17.073093975655947,47.98800261425797],[17.033890479473566,48.00277329355746],[17.021135501239282,48.0121872804683],[17.021771242001975,48.02117404559268],[17.03516634830794,48.02074670914365],[17.04952217040162,48.03379769678052],[17.069297174740395,48.028658070748605],[17.068653149918994,48.019671590398815],[17.055258595052216,48.02010279975136]]],[[[16.611988280886944,48.01548570281463],[16.618403596475485,48.01080149339439],[16.61170573712048,48.010991253635716],[16.611988280886944,48.01548570281463]]],[[[16.61227087336587,48.019980144637145],[16.605289796446346,48.01567509168439],[16.605571812437628,48.02016954954911],[16.61227087336587,48.019980144637145]]],[[[16.900283090977485,48.011469235722025],[16.840613834314308,48.02229758750513],[16.83482078530861,48.03598179097198],[16.888114682434576,48.02985592240598],[16.88750187815411,48.02086846302747],[16.900283090977485,48.011469235722025]]],[[[16.524904219860684,48.01791753591328],[16.512327928531832,48.03176986676992],[16.525729653684937,48.03140145724153],[16.524904219860684,48.01791753591328]]],[[[16.827819209811445,48.03169019232949],[16.83421709845965,48.02699407025068],[16.82751796886404,48.027196311064024],[16.827819209811445,48.03169019232949]]],[[[17.05048360332666,48.04727750109235],[17.05846941275729,48.065035258994385],[17.078578454286884,48.064387315557475],[17.071230582185663,48.05561732754067],[17.091011725525114,48.050474033597546],[17.05048360332666,48.04727750109235]]],[[[16.923776987265455,48.060278578958325],[16.916764822047067,48.05599239411595],[16.917073928766072,48.06048599655789],[16.923776987265455,48.060278578958325]]],[[[16.447195662866758,48.06505217699948],[16.44022220492645,48.06073724954799],[16.440490220474135,48.06523203071777],[16.447195662866758,48.06505217699948]]],[[[17.07890157160778,48.06888046383212],[17.085281356797314,48.06417055921275],[17.078578454286884,48.064387315557475],[17.07890157160778,48.06888046383212]]],[[[16.932964005668218,48.0960190298249],[16.940294271544435,48.10479764517003],[16.967128638679153,48.10396028847116],[16.966187742860864,48.09048006521704],[16.932964005668218,48.0960190298249]]],[[[17.03548915955902,48.11981254110538],[17.01504021394216,48.115959753292756],[17.014404477897727,48.106973245081754],[16.967442378925767,48.108453680141075],[16.969011893093533,48.1309205166189],[16.98883176109094,48.125794806991486],[16.99491045906351,48.116596661079754],[17.03548915955902,48.11981254110538]]],[[[17.042199381021636,48.11959828036288],[17.030375243284546,48.142492319206944],[17.063940533691227,48.14141862074248],[17.069362343775268,48.12323044562309],[17.042199381021636,48.11959828036288]]],[[[16.70633128507626,48.125341862942946],[16.67948185894198,48.12611888371161],[16.645060859821665,48.11359882377489],[16.632493445031578,48.12746372315754],[16.627772402646663,48.159113748268574],[16.641492016161415,48.1632261429596],[16.640348725082777,48.14524952084735],[16.64677749255878,48.14056395273505],[16.680349082460648,48.13960116720815],[16.70633128507626,48.125341862942946]]],[[[16.98432784353247,48.15745901436718],[17.011188674661124,48.15661148611949],[17.017267020221254,48.14741227364803],[16.983696907908783,48.14847247506978],[16.98432784353247,48.15745901436718]]],[[[16.600904379607496,48.159872583308484],[16.592497239043777,48.133095613690905],[16.551936285625032,48.1297249001846],[16.539894223419484,48.152568444204306],[16.513852825491615,48.16679031096979],[16.507957682250687,48.180457345734794],[16.547999483556186,48.174854680562454],[16.55360515119336,48.15669122760245],[16.600904379607496,48.159872583308484]]],[[[16.945595875209136,48.18118539148753],[16.979503138877586,48.18462944829385],[16.978557573899486,48.171149725131684],[16.96512324641935,48.17157048961694],[16.9644954594213,48.16258389375972],[16.94465916599122,48.167705376141996],[16.916552608286977,48.15056375808017],[16.89640827055578,48.15118357128869],[16.897024150107725,48.16017057001971],[16.87015965515857,48.1609916903137],[16.86313832897416,48.15670241732728],[16.8619185756026,48.13872800592565],[16.875345244153134,48.13831917258884],[16.8814454662398,48.129127022394215],[16.847580906651622,48.125654287756944],[16.846670588764226,48.11217321595163],[16.82654029130365,48.112780915643],[16.827143647146556,48.12176840792571],[16.80059733604164,48.127067179819136],[16.76673954040077,48.12357085635657],[16.7527252104243,48.114979265873814],[16.75213478520103,48.10599136893378],[16.73871550811832,48.106385956797546],[16.7398919347789,48.12436185229269],[16.713335434708192,48.12964065744157],[16.720633340527872,48.13843300988438],[16.73406102313931,48.138040517665964],[16.735236556612207,48.15601625232201],[16.775234847379608,48.150335233791594],[16.780758499428828,48.13216072722895],[16.81432212436656,48.13115919724574],[16.821637309179042,48.13994518802414],[16.841475107831773,48.134844668919136],[16.85550944269011,48.14342547276824],[16.85672709028744,48.161399920078594],[16.863748521941424,48.16568957310173],[16.89733216972922,48.164664056834596],[16.90621042701985,48.19591183674531],[16.91293100177999,48.195705057207164],[16.907137665739228,48.20939201473684],[16.93371515109813,48.204069040188976],[16.932781111837777,48.19058904717278],[16.945595875209136,48.18118539148753]]],[[[16.703111454957554,48.179464798802776],[16.7235621087662,48.18337243029972],[16.735530566983112,48.160510165357046],[16.69522953473292,48.16168347937262],[16.703111454957554,48.179464798802776]]],[[[16.764175951119064,48.186683087863855],[16.777020231127388,48.177298033231025],[16.763286198190524,48.17320167514936],[16.764175951119064,48.186683087863855]]],[[[16.481621302024358,48.19017742472701],[16.50205943740419,48.194124010107814],[16.501237561149924,48.18064070585172],[16.481076914052597,48.18118845398602],[16.481621302024358,48.19017742472701]]],[[[16.949034636760427,48.23061145193526],[16.962170325738366,48.225699357778474],[16.967636566496225,48.20751653167797],[16.94747075209638,48.20814519114093],[16.949034636760427,48.23061145193526]]],[[[16.793149521011877,48.2173423482124],[16.832280599456105,48.19816076041828],[16.839911587109626,48.21143895448097],[16.853357225905793,48.211032676659116],[16.852748298246436,48.20204562192819],[16.846026665882523,48.202248920769215],[16.851835301669976,48.188564975276364],[16.83839546515391,48.1889710809903],[16.831070546264247,48.18018630731254],[16.804194675838822,48.180992164162014],[16.811815963156302,48.19427228925282],[16.805095177458362,48.194473221687154],[16.805695771512383,48.20346055067378],[16.765956842604535,48.2136456835079],[16.739062659741315,48.214436465763995],[16.731750956149686,48.20564552427055],[16.711875362660997,48.210727148441684],[16.712460010232817,48.219714895769435],[16.726202334098605,48.2238171874677],[16.72006351063927,48.23300082851527],[16.726789609431933,48.23280481633688],[16.727377088118345,48.24179241019399],[16.760715958464385,48.236312638436374],[16.775062308485765,48.249396523135836],[16.76892910739568,48.25858264785793],[16.795246195877507,48.24879778139061],[16.794646886647545,48.23981055875738],[16.801373582901945,48.239610233974545],[16.793149521011877,48.2173423482124]]],[[[16.659238498729334,48.23025345814577],[16.658375242437405,48.216771481855105],[16.671534833721793,48.21189222458888],[16.66394683601994,48.198603012267455],[16.644067313982934,48.203673055322554],[16.638488220812945,48.221840535386],[16.625038157231103,48.22222195917448],[16.625607900404543,48.23121009685934],[16.645786408157733,48.23063728066022],[16.666829917916253,48.24354281234626],[16.665964469335258,48.2300609633867],[16.659238498729334,48.23025345814577]]],[[[16.625607900404543,48.23121009685934],[16.598702533405234,48.231968405479726],[16.59926782314227,48.24095663692607],[16.62617784086478,48.24019819974239],[16.625607900404543,48.23121009685934]]],[[[16.829187608509926,48.25228560974587],[16.84906760503348,48.24718401763119],[16.84815477060082,48.23370358069998],[16.835006282705752,48.238602775032746],[16.829187608509926,48.25228560974587]]],[[[16.935896462241878,48.235522052619345],[16.943872021137054,48.25328644453259],[16.93103913701404,48.262689642240474],[16.93166233940361,48.27167606548677],[16.95185304222533,48.27105016223902],[16.9582692133476,48.26634761317495],[16.949034636760427,48.23061145193526],[16.935896462241878,48.235522052619345]]],[[[16.884241258703543,48.26862955497167],[16.8906632565101,48.2639307302008],[16.883933755783946,48.26413621620609],[16.884241258703543,48.26862955497167]]],[[[16.865580276501206,48.291710548064884],[16.89282096971464,48.29538378867843],[16.893746505415603,48.30886353321984],[16.90659758121328,48.29946462709589],[16.9059783886532,48.290478172927955],[16.89251256473256,48.29089052203045],[16.891895915062445,48.28190396120187],[16.871700271407992,48.28251946040559],[16.870474594683984,48.26454602075753],[16.844163714770755,48.27434783602274],[16.85793090848642,48.278434465845315],[16.84507622699149,48.287828082172105],[16.852723689109244,48.301104957163844],[16.865580276501206,48.291710548064884]]],[[[16.648942722520687,48.280070875460574],[16.602097210623324,48.285897264658544],[16.60968212877795,48.29919004407381],[16.64980457985724,48.29355257722912],[16.648942722520687,48.280070875460574]]],[[[16.76487403099054,48.29922375133801],[16.818748733670805,48.29762405953732],[16.838647139775023,48.29252434429789],[16.84446783281492,48.27884126050574],[16.797345413552385,48.280252779348956],[16.77655276506336,48.27186467759875],[16.77041717094331,48.28105079685837],[16.743192715650636,48.27734890626774],[16.716851325582244,48.28712188036771],[16.724465836628962,48.300407162904484],[16.738230500301622,48.30450790027208],[16.738820775260507,48.31349517259876],[16.76546886512946,48.30821090805841],[16.744670164366422,48.299817209759524],[16.744079031259698,48.290829915698644],[16.7642794030101,48.29023655788756],[16.76487403099054,48.29922375133801]]],[[[16.847207267973864,48.3192816684078],[16.85363889856444,48.31458498620708],[16.84690267521299,48.314788326750964],[16.847207267973864,48.3192816684078]]],[[[16.894055124280452,48.31335676283916],[16.894672522540358,48.32234319406736],[16.874461152140295,48.32295916303152],[16.87507526638114,48.33194566117366],[16.888860202208107,48.33602853535692],[16.908456447294427,48.326423766781694],[16.9078366104223,48.3174374242476],[16.894055124280452,48.31335676283916]]],[[[16.86956340449674,48.35012319190759],[16.875996837219148,48.34542533755658],[16.8692566911413,48.34562996809721],[16.86956340449674,48.35012319190759]]],[[[16.836162808761657,48.355633884934946],[16.82972449499554,48.36032951928571],[16.836466709810402,48.360127175898945],[16.836162808761657,48.355633884934946]]],[[[16.836770663595928,48.364620457269915],[16.843208871891612,48.35992444263281],[16.836466709810402,48.360127175898945],[16.836770663595928,48.364620457269915]]],[[[16.841641107574223,48.4365116315917],[16.85483928758451,48.431612100099386],[16.841336308131403,48.4320185075364],[16.841641107574223,48.4365116315917]]],[[[16.849615279937034,48.45428093219271],[16.856063488362928,48.449584397883385],[16.84930968262746,48.44978786581722],[16.849615279937034,48.45428093219271]]],[[[16.871723547163768,48.4806271769497],[16.885856849666418,48.48920306931891],[16.899374425177633,48.48879152368894],[16.884930142621638,48.475724345940485],[16.871723547163768,48.4806271769497]]],[[[16.95722469770307,48.54104154591604],[16.935360379062843,48.51920494958901],[16.91476073768082,48.51533515968308],[16.91351455239988,48.49736403847328],[16.899994845685043,48.49777721739663],[16.907065604200938,48.502063637005904],[16.90862080648877,48.52452754699133],[16.922147450630398,48.524113375598326],[16.92984975075498,48.53738376344521],[16.910488836808216,48.55148388718263],[16.92433523835363,48.5555621554144],[16.918504503969952,48.56924749884722],[16.897265274574217,48.556389425097166],[16.899439252346287,48.58783816465237],[16.919754165906195,48.58721793106016],[16.927152030609502,48.59599551819362],[16.94038290763286,48.59108670136088],[16.93849781899555,48.56413137067718],[16.94526624122334,48.563922757086516],[16.94432267106485,48.550444997142264],[16.95722469770307,48.54104154591604]]],[[[16.477300415307518,48.56391758501359],[16.504656911090837,48.56768113059587],[16.504104526575023,48.558693762320004],[16.517643200387827,48.55832637776818],[16.517088653683558,48.54933902906993],[16.490015822981416,48.55007210780084],[16.477300415307518,48.56391758501359]]],[[[16.45021937249372,48.56464145364094],[16.409596391314107,48.565715509955446],[16.410132378341604,48.574703285889974],[16.450762428862458,48.57362904725596],[16.45021937249372,48.56464145364094]]],[[[16.770766928711645,48.59168447507569],[16.763097477615247,48.57840400145933],[16.742784199458946,48.5789970650929],[16.750448505032054,48.59227886459243],[16.770766928711645,48.59168447507569]]],[[[16.941640728911903,48.60905670056498],[16.928091943565803,48.60947310689347],[16.92871882537065,48.61845811011957],[16.94226996855127,48.61804163311364],[16.941640728911903,48.60905670056498]]],[[[16.930286986801644,48.64092042086156],[16.922569092836174,48.627650754486226],[16.91579220524,48.62785804879755],[16.916729726510642,48.641335506968915],[16.930286986801644,48.64092042086156]]],[[[16.917980518403674,48.6593052916739],[16.91213634010454,48.67298958773286],[16.925701976209556,48.6725750392531],[16.92476153712162,48.65909787417688],[16.917980518403674,48.6593052916739]]],[[[16.888374072060014,48.62419072903692],[16.874203322715573,48.61561571182764],[16.853876668789518,48.616228034700306],[16.85479777724029,48.629706065002374],[16.835381612949963,48.64379310081561],[16.815043378398116,48.64439868009104],[16.81565095548358,48.65338411532627],[16.822431600974667,48.65318261335077],[16.823345136345104,48.66666062920116],[16.837215611641685,48.670748960832725],[16.83782737148114,48.67973415553686],[16.885004414389105,48.673813978738245],[16.899192991327265,48.68238742690557],[16.90043865455651,48.700357005732066],[16.88717585733786,48.70526102683233],[16.90168518835264,48.718326396599544],[16.90106181257673,48.70934172477386],[16.91432433768492,48.704436145843275],[16.920171506494622,48.690751971138475],[16.913386296939173,48.69095911962],[16.91213634010454,48.67298958773286],[16.877293263358787,48.66054156332822],[16.888374072060014,48.62419072903692]]]]},"properties":{}}]}