{"type":"FeatureCollection","features":[{"type":"Feature","geometry":{"type":"MultiPolygon","coordinates":[[[[10.497957357091675,46.87003073326139],[10.524181358855179,46.87068488917803],[10.525130498834919,46.85269969513829],[10.498915332910112,46.852045760162696],[10.497957357091675,46.87003073326139]]],[[[10.919043517812732,46.8482892897307],[10.89917469552067,46.85236482167902],[10.904908935916591,46.870493879890894],[10.93134078783467,46.866556748438605],[10.931746703435744,46.85756256999099],[10.919043517812732,46.8482892897307]]],[[[11.067698989054533,46.9008779693768],[11.042229085895606,46.88236048606401],[11.04300359292428,46.86437134799849],[11.03027944115549,46.85511055256681],[11.010416598191297,46.859205595145276],[11.015993529701865,46.88182624462636],[11.029111242026818,46.882094124540274],[11.021966166057886,46.895452125918524],[11.028526698587893,46.89558590998001],[11.027941858932714,46.90907769407034],[11.05419096034886,46.90960916803712],[11.067698989054533,46.9008779693768]]],[[[10.51714938274383,46.87951448785189],[10.471250351882773,46.8783628820463],[10.464208591182489,46.88718919452396],[10.483641692628078,46.89218245256159],[10.489479142447417,46.90583607119387],[10.509160229239674,46.906328727937876],[10.5227564469858,46.89766267484984],[10.51714938274383,46.87951448785189]]],[[[10.9432423767026,46.89381710212749],[10.955759565223882,46.907584808561985],[10.975644651570352,46.90349934658213],[10.969682962689964,46.889871025969974],[10.9432423767026,46.89381710212749]]],[[[11.013640288744803,46.93579310361546],[11.01324761786006,46.944787575812654],[11.000114531842183,46.944517858701516],[10.985988227824398,46.966732564946355],[10.972649982246812,46.970956856291394],[10.972050136587036,46.98444834433662],[10.998335881405573,46.984992752799876],[10.991169243190157,46.99834880651582],[10.997544500632586,47.00298157755711],[11.017265826517061,47.00338602720642],[11.017658250443187,46.99439154799069],[11.030998796140397,46.99016197017472],[11.024622161475309,46.98553107608776],[11.025794908927818,46.95854754558228],[11.04646803922639,46.93646063282261],[11.039902423344905,46.936327886951105],[11.040290528059579,46.92733332279989],[11.007468484303864,46.92666400679283],[11.007861997807337,46.917669554372935],[10.994735628251782,46.9173992142687],[10.995131223921815,46.908404806363905],[10.96888331660136,46.90785966022515],[10.968283227395528,46.92135113347119],[10.987378684913581,46.93525224065823],[11.013640288744803,46.93579310361546]]],[[[10.420430341910983,46.9671143629876],[10.44670124422778,46.9677864569928],[10.447434101280209,46.95429804981671],[10.420923388723125,46.95812220580739],[10.420430341910983,46.9671143629876]]],[[[9.90027209167866,46.97506921712474],[9.912826824073635,46.984455967460335],[9.932531142635607,46.98504870665089],[9.93454522453019,46.953584184644875],[9.90857814909936,46.948298704613414],[9.90027209167866,46.97506921712474]]],[[[10.222630472519787,46.97536677511117],[10.19742058482222,46.956660529901264],[10.151462366673124,46.95537942064746],[10.14408750631366,46.96868123668102],[10.156683699733003,46.97804097858427],[10.196093216120357,46.979138396096474],[10.215006612256076,46.99316882122012],[10.260738805750094,46.99891990844083],[10.261779325472645,46.980937024478315],[10.222630472519787,46.97536677511117]]],[[[11.497081784751536,47.01667004191735],[11.5168115688331,47.01698775112266],[11.52384848214254,47.0035988403765],[11.497393104863153,47.007674079150355],[11.497081784751536,47.01667004191735]]],[[[10.7034334723852,47.09558279022997],[10.723629784747548,47.08704492848269],[10.724293920654631,47.07355486460073],[10.67844795878741,47.06799053108536],[10.692057906804958,47.05930421942897],[10.692729714492119,47.04581432520813],[10.640333654634823,47.04008139911855],[10.641246506222766,47.02209527066417],[10.615637264903132,47.00797875344706],[10.616097670055865,46.998985782958904],[10.596381304556527,46.998511686835535],[10.59684488456775,46.989518792815915],[10.583703057127376,46.98920088099323],[10.558359879923186,46.97057502039797],[10.584866868850112,46.96671876567372],[10.592363113199918,46.94889208529896],[10.526230794691282,46.956277347443304],[10.520378383390096,46.9426256219991],[10.494118978711844,46.941970581460644],[10.493398127146328,46.955459289141245],[10.518949615363518,46.96960336326342],[10.518473037220472,46.978595937865045],[10.538181317147965,46.97908355912059],[10.55694963490546,46.997553226807575],[10.570093366678268,46.99787423460446],[10.56962518776801,47.0068670172491],[10.58277129887529,47.00718655792461],[10.582305183238102,47.016179390678815],[10.59498962297603,47.02549034611122],[10.581372478541207,47.034165043666775],[10.58067253545831,47.047654271587874],[10.593828808282865,47.04797253279877],[10.606060330094664,47.06627510616229],[10.632382562269198,47.066904228198574],[10.637820122234713,47.08954315215685],[10.7034334723852,47.09558279022997]]],[[[11.010298349607586,47.012246044372134],[10.983999003099195,47.01170440391475],[10.98340157903839,47.025195939913296],[10.989779380626295,47.029829143575974],[11.009707597272712,47.02573771771011],[11.010298349607586,47.012246044372134]]],[[[11.213057560726673,47.04322267362528],[11.239374721357361,47.04371128266557],[11.239907349750235,47.0302184815754],[11.220353594509383,47.02535511746528],[11.213057560726673,47.04322267362528]]],[[[10.726505271236443,47.02858790294437],[10.73899799570257,47.04237946415105],[10.737897791564693,47.06486306982338],[10.764002914951954,47.069958443700514],[10.765962916950263,47.02948748824266],[10.759386550029381,47.02933850876573],[10.759822812369034,47.020344976090804],[10.727167946667448,47.015097792687186],[10.726505271236443,47.02858790294437]]],[[[11.034455150566815,47.062251519846605],[11.001154133376307,47.07057490891948],[11.007736254192924,47.070709896488374],[11.007341584705735,47.07970431847217],[11.04045282548626,47.075876388363675],[11.034455150566815,47.062251519846605]]],[[[9.636383573830173,47.079377988574706],[9.635129213676068,47.09735449827975],[9.641397001867796,47.10206265959312],[9.661453351068621,47.09820829657957],[9.662698816105996,47.0802314984633],[9.636383573830173,47.079377988574706]]],[[[11.823378944612738,47.11148547722919],[11.823891957227625,47.09349198535226],[11.79108985267944,47.08855110207419],[11.790565762754076,47.10654444906401],[11.79702349260873,47.11113208450134],[11.823378944612738,47.11148547722919]]],[[[10.98759197996822,47.07929814430111],[10.982006408976861,47.05667615601357],[10.988586758234224,47.05681225187115],[10.995960131061967,47.038959186359264],[10.989381974456863,47.03882351720928],[10.989779380626295,47.029829143575974],[10.963471541881857,47.029282752307736],[10.942930494514627,47.046857380721974],[10.955080231516224,47.0696193298703],[10.928344997152404,47.078059048359975],[10.927528501498774,47.09604732043531],[10.934113591962621,47.0961865687478],[10.933502529882741,47.109677793525364],[10.946473519778076,47.11445231264137],[10.945865391568962,47.12794358985886],[10.926507103105667,47.118532628843646],[10.926915766367992,47.10953850989737],[10.900362513902744,47.11347457628622],[10.905713035072193,47.14059751212453],[10.89912250382507,47.14045662039476],[10.890249226082823,47.18978213546423],[10.877264863083914,47.185001233660394],[10.84322687587707,47.20676914138468],[10.81683269921508,47.20618882053937],[10.77811173866186,47.18731985114635],[10.778546123374905,47.1783263227274],[10.765574661599048,47.17353269767188],[10.766229205006242,47.16004246010653],[10.772821809301345,47.16019104217811],[10.767319370507776,47.13755869440099],[10.827693124091693,47.11639727189439],[10.828118522800342,47.10740351391286],[10.841714050985065,47.098699322261325],[10.842348318296903,47.085208592116274],[10.855725627461283,47.08099962991142],[10.856356122959117,47.067508810617305],[10.876725478602795,47.05444683120856],[10.880262085644526,46.977997999710624],[10.860551251306136,46.97756976423253],[10.853771069470621,46.981923207265226],[10.85082769417888,47.04488039958142],[10.83045563984404,47.05793774372052],[10.8298186762317,47.071428424220336],[10.816228182777213,47.08013120660557],[10.815800987667794,47.089124932723124],[10.802418465983058,47.093329197469714],[10.801988823735481,47.10232286568959],[10.788817869706822,47.10202869557266],[10.727559970635989,47.14115625121557],[10.714602215025195,47.13635681198225],[10.715046952479122,47.12736349675744],[10.668929232987127,47.1262920114942],[10.674840155531761,47.13993596219269],[10.694385663574094,47.144893045335735],[10.718304517959192,47.19496492077846],[10.737874399101923,47.199914521571934],[10.737432929341638,47.20890787810154],[10.730834359702376,47.20875724852255],[10.692366709355493,47.18536249449477],[10.659389555577444,47.18459248977625],[10.660071268476678,47.171102885820694],[10.627333418544254,47.165827064909685],[10.595299981520007,47.147052601985976],[10.595765043733849,47.138059769439096],[10.628712326302406,47.13884818934724],[10.655753085555714,47.125982441714726],[10.656662187670355,47.10799625843234],[10.65030413930428,47.10334441755673],[10.584454001865492,47.10177054888084],[10.576933492732591,47.11959661739663],[10.53693737505436,47.127623996898684],[10.524477154006311,47.113810327919815],[10.49154701075205,47.11299175223747],[10.493234517724769,47.08151825761204],[10.480070545808767,47.0811883550049],[10.474216235981425,47.06753429509575],[10.428155609169472,47.06636527020911],[10.369691758110301,47.05134696120075],[10.363617412928237,47.04218316410132],[10.33756471131261,47.036995950988455],[10.338072430686283,47.02800417235875],[10.312285151204383,47.01831526979165],[10.312796968779534,47.00932359967279],[10.300165899900355,46.999981202167675],[10.267309878627998,46.999097741179966],[10.266530691661625,47.0125849384208],[10.291791435368882,47.03127579996301],[10.304941834992434,47.03162749132845],[10.30442847284486,47.04061912005396],[10.330479714972741,47.04581392728911],[10.329970539719492,47.054805666405436],[10.349452335888792,47.05982191631989],[10.36818348272331,47.07832267968451],[10.43325993209706,47.09350996991529],[10.453254471700804,47.089516246373954],[10.466177082582957,47.09434541117916],[10.471789414716246,47.11249603390571],[10.431782788801218,47.12048646812069],[10.397603917636845,47.1421210864571],[10.370995694173118,47.14593356295368],[10.351480218054618,47.14092102415965],[10.345398759592062,47.13175629480944],[10.299027658454783,47.135030871724105],[10.254219574360377,47.111312487213965],[10.234201905881898,47.11527121335357],[10.233675741080523,47.12426248448359],[10.240262252817171,47.12444188161447],[10.239737024623253,47.13343317581881],[10.265827526039049,47.138642778971935],[10.278226114619615,47.15248466380927],[10.369988995616563,47.16391729962859],[10.416380954435583,47.160613827673494],[10.437140167556334,47.14313484261299],[10.470088190576663,47.14396915449019],[10.490340422086307,47.13547277097779],[10.489615977645938,47.14896136103261],[10.502556391812016,47.15378637756704],[10.535749703267182,47.15010547268187],[10.541866163453737,47.15925999668534],[10.561641837579291,47.15974354761974],[10.574122547318444,47.17355310457046],[10.626643438017828,47.17931647712458],[10.625722917227186,47.19730233189556],[10.632090086601401,47.20195551581],[10.658252595537535,47.20707512217],[10.664396811505926,47.2162230160469],[10.70376957422621,47.22164073839761],[10.709476869364451,47.239779389440564],[10.722681660916306,47.240082737286514],[10.721792735231784,47.2580692578899],[10.747551380191924,47.272161590050004],[10.747110953041265,47.281154922516144],[10.759887959393517,47.290447285640006],[10.806150670659695,47.291481882082394],[10.819583050186159,47.28727724170451],[10.82001120294705,47.27828363945383],[10.807011467193714,47.27349477644753],[10.807656680417685,47.26000442067068],[10.761859277421737,47.24997702858245],[10.762296938605338,47.24098361112526],[10.802559681879812,47.2283803612412],[10.828751670471544,47.23346082479257],[10.841531489216296,47.24274409284015],[10.84110728228886,47.25173780804842],[10.860709626158233,47.25666629444055],[10.860288568518692,47.2656600683191],[10.899925266857283,47.26651315697299],[10.900339592618746,47.25751923882347],[10.91396180571941,47.248806520378736],[10.914579455519455,47.23531554000674],[10.89498000580424,47.230396297662466],[10.89539488904761,47.22140236641783],[10.915608172355805,47.212830528034765],[10.924461706047754,47.16350312699249],[10.944851156641889,47.15042901976262],[10.945662613398067,47.132440679125416],[10.97841122131421,47.137625003313644],[10.978811228643117,47.12863071021268],[10.985400498181676,47.1287669902562],[10.985799253485274,47.11977266778716],[10.959849928413027,47.11023111603913],[10.973624856263447,47.09701405541179],[10.974225573925798,47.083522608247875],[10.98759197996822,47.07929814430111]],[[10.959849928413027,47.11023111603913],[10.953060944532869,47.1145904643475],[10.953263027298537,47.110093357216385],[10.959849928413027,47.11023111603913]]],[[[10.17857514813083,47.163273114485044],[10.145349163008962,47.166849888431464],[10.144536461800175,47.18033612107869],[10.177502805235076,47.18125507285684],[10.17857514813083,47.163273114485044]]],[[[11.094951498561626,47.18949081784092],[11.081182811594681,47.2027224662046],[11.087781557560083,47.20285282053725],[11.08739950072083,47.21184743866731],[11.11379928834584,47.21236512440648],[11.114554313153533,47.19437570506133],[11.094951498561626,47.18949081784092]]],[[[10.15031819976129,47.19400693404336],[10.097835664460803,47.18802415950313],[10.08381938585868,47.2011342793763],[10.096460221378665,47.210500596266904],[10.12284755884402,47.211247642138154],[10.121755311979527,47.22922900124671],[10.167950595310879,47.23052207536399],[10.16902718019164,47.212540279156535],[10.15610292307905,47.20767743856102],[10.15031819976129,47.19400693404336]]],[[[10.947388681917507,47.2405087528073],[10.973801363445439,47.24105884794193],[10.974403671012798,47.227567537844216],[10.954801534520564,47.22265857126673],[10.947388681917507,47.2405087528073]]],[[[10.19354770646328,47.244739081854625],[10.160001571832666,47.252815607351934],[10.15892109843872,47.27079724946069],[10.211758410311985,47.27225630471431],[10.212820954570317,47.254274169327616],[10.199615836225272,47.25391182066075],[10.19354770646328,47.244739081854625]]],[[[10.119842093160539,47.26069628249211],[10.081054741997546,47.24608670233807],[10.067296858022527,47.25469949819834],[10.066462905559202,47.26818506342535],[10.11241670415998,47.27399581089117],[10.119842093160539,47.26069628249211]]],[[[10.527168636358779,47.31197051779508],[10.462774292733105,47.27885281689968],[10.442708877008279,47.28284814789807],[10.443201079506695,47.27385606023298],[10.417274705166394,47.26419116591837],[10.417771057106506,47.25519917105991],[10.391357806464745,47.25452037564612],[10.378654342494245,47.245186853107384],[10.338788189870174,47.248648618897434],[10.32609541078718,47.23930924180147],[10.306292255116894,47.23878480577319],[10.314690967704863,47.20748951608988],[10.288302865745042,47.20678686484483],[10.280148405638608,47.23358450924521],[10.260086427700154,47.23754775506658],[10.265643225448397,47.255708284315645],[10.305261794723355,47.25676782602918],[10.32481562844389,47.26178823242727],[10.330908471891826,47.27095396175838],[10.377145110227056,47.272162319765705],[10.38324821817624,47.28132524383166],[10.409425785479693,47.28650188126253],[10.421896635700758,47.30032792571296],[10.467916915208537,47.305995508529584],[10.486776791775272,47.32447636452999],[10.526451174022208,47.32545912263551],[10.527168636358779,47.31197051779508]]],[[[10.549610366398486,47.26299772491272],[10.523191560155368,47.262349442498916],[10.522473756652628,47.27583809645016],[10.528841291644397,47.28049700807832],[10.548899292724581,47.27648654332626],[10.549610366398486,47.26299772491272]]],[[[9.827981132390432,47.57185340295447],[9.821340083760974,47.57165016611623],[9.822542118371684,47.55367268114212],[9.809566217444734,47.54877084466973],[9.816505227207134,47.544480393249245],[9.817708292754366,47.52650286711876],[9.804739540089262,47.52160046000921],[9.805342923052235,47.512611730358635],[9.83127852671152,47.5224149537919],[9.823743331644415,47.5356951223885],[9.830379851831523,47.53589822173754],[9.829780479342551,47.544887044588],[9.856629045793756,47.54120126261547],[9.857223790277303,47.53221229395277],[9.87713257058318,47.53281463143798],[9.876245469813773,47.54629823053959],[9.89615979709421,47.5468972653356],[9.903678317474297,47.53361237410624],[9.937152135957135,47.53010622221814],[9.944368117733859,47.52131332953364],[9.9639856109162,47.526395315012955],[9.971484083980922,47.51310593591496],[9.991672658428215,47.50919360194633],[9.992243987432737,47.50020389532613],[9.972633524361404,47.49512671978642],[9.96052290711207,47.47675743991621],[9.993956804567913,47.4732346753226],[9.995382813180207,47.45076021387341],[9.976077141127597,47.441188676569496],[9.96253906873847,47.445293769425675],[9.963402401388352,47.43180928038233],[9.996237834753574,47.437275489923444],[10.002009283459927,47.450953388455126],[10.0218889850705,47.45153061228825],[10.069949031595595,47.42589350163829],[10.07078458633875,47.41240817623858],[10.051199210072586,47.407344367845994],[10.024150032490661,47.41557075131471],[10.016678704877409,47.42886378407938],[9.99680760617881,47.42828565480128],[9.998231185116575,47.405811001565894],[9.97174833351974,47.40503512657043],[9.964265292556497,47.418324757118704],[9.924532642080097,47.417146859048245],[9.925114416115221,47.40815735742084],[9.912456675143984,47.39877227786668],[9.93260587536218,47.39487026807587],[9.93347603105672,47.38138590582236],[9.960234155089662,47.37767577938287],[9.968859936603963,47.34640675260745],[9.870256956164114,47.334450858233005],[9.863349906333195,47.33874469970531],[9.861278694984316,47.37020708518377],[9.867599026591057,47.37490264921392],[9.860982606084043,47.374701698026314],[9.860094036753052,47.38818551546409],[9.84685797273173,47.38778236273384],[9.832427642117176,47.405355778577814],[9.8059475275926,47.40454154206471],[9.792103482388823,47.41312094727357],[9.800231995759127,47.3908537146972],[9.787903005643464,47.376960397703655],[9.747594003958726,47.38470991354345],[9.742201959059301,47.366524836793076],[9.70943702554133,47.36098577309356],[9.71005479553287,47.3519973292814],[9.6908370714807,47.342377639538824],[9.692078294722624,47.324400897688434],[9.698687758604148,47.32461161957493],[9.693628636483895,47.30192989713435],[9.706842009433782,47.30235078072806],[9.707459535437648,47.2933622872909],[9.714065179855927,47.293572120444864],[9.70869395768203,47.27538526382797],[9.741711499160878,47.27643025566626],[9.748925341353274,47.26764936688911],[9.762130586136756,47.26806385607703],[9.763345842076978,47.250086198848145],[9.703635252969216,47.25270386280125],[9.704252744296072,47.243715340113084],[9.678166437194973,47.238377249545884],[9.69888995253179,47.225527931312016],[9.70456141129748,47.239221074607016],[9.724051203376064,47.24434425464132],[9.751059330808221,47.23618868260408],[9.758570123954026,47.22291275148391],[9.843445514788572,47.23905632967711],[9.856940054549284,47.23496521537586],[9.869254079768432,47.248851317734825],[9.895364742387612,47.254145695765644],[9.894486963812273,47.267629972351095],[9.85457304176561,47.27092250635699],[9.853388327997466,47.28890108398531],[9.86659968635083,47.289303487623165],[9.878928908430618,47.30318846869483],[9.899336578107444,47.29479756555086],[9.932369896251767,47.29578741876925],[9.933238481525821,47.28230289234968],[9.920318919678229,47.277413383020395],[9.921480628545567,47.25943409607769],[9.934685139585062,47.25982862402127],[9.941864668297786,47.25103555502684],[9.961381695174051,47.2561181685925],[9.969128712007251,47.23833350910456],[9.949617499299196,47.23325221224959],[9.935841581276915,47.24184915947942],[9.936997237387043,47.223869652513535],[9.930688784027309,47.219177846176606],[9.910606317229025,47.223079603375695],[9.910024113448818,47.23206922850178],[9.89052089113553,47.22697782277071],[9.877912602707111,47.21758872297276],[9.878793772196747,47.204104511258514],[9.885388944795455,47.20430443654881],[9.879674493043305,47.190620277533775],[9.826332285853109,47.19799676997368],[9.853596711374452,47.18532228377318],[9.854483532106618,47.171838225449676],[9.867665711264962,47.17224050836895],[9.875431908077287,47.15446209830655],[9.888024738481874,47.16385152033543],[9.90779548085007,47.16444855303371],[9.955363644688724,47.143353531241566],[9.95622388611827,47.129868653258235],[9.870019439865896,47.13628265029531],[9.870901265256967,47.1227984191729],[9.884364107926183,47.11870402332253],[9.88494941576481,47.10971445463394],[9.91186421328497,47.10152074255431],[9.963954194664437,47.112084170313985],[9.962810114530269,47.13006410096809],[9.975412615025652,47.13944387297211],[10.173057868863511,47.14510821918639],[10.167544369197971,47.12694303507475],[10.140656307208449,47.13519716137314],[10.128297683886458,47.12134030904685],[9.99687492111676,47.11305536565332],[9.9974411025888,47.10406522503963],[10.017753423805228,47.09565302858726],[10.012016552032025,47.081975426646174],[9.978830328414713,47.08550364275546],[9.973389489753606,47.0673290543357],[9.953654179981463,47.066743404301434],[9.96223334772326,47.035474055229926],[9.995389423427698,47.031950678290066],[10.02336945332376,47.00575023125213],[10.036511687193721,47.00613298109658],[10.051321909677819,46.979542882489675],[10.091279249965762,46.97168622957708],[10.085811644411086,46.95351698043538],[10.025890473300782,46.96529380595335],[9.998215353905456,46.98699980730471],[9.997368076578125,47.00048508110126],[9.978225544126682,46.99091350998704],[9.96480229860613,46.99501902612485],[9.963946416162102,47.00850404702537],[9.937374418898434,47.01221517450434],[9.928207216393103,47.05247249084311],[9.888749086796002,47.051282085951605],[9.88816506633672,47.060271699250514],[9.82807980799712,47.07194405864096],[9.826890561070206,47.08992263393476],[9.840052183179523,47.090328112135154],[9.844561635003403,47.12199307717964],[9.823913915500423,47.13486894428021],[9.790682183383032,47.13834225920633],[9.785300411782538,47.12015877658546],[9.765547585838286,47.119540487748445],[9.747925086178661,47.08745779192512],[9.728184869886494,47.08683301784058],[9.720379245732898,47.104601430831146],[9.732932771053346,47.11400800510765],[9.732321650609753,47.12299677260036],[9.745490749054813,47.12341318938549],[9.737990775579023,47.136688360287714],[9.744577021456736,47.136896430985075],[9.743357994864201,47.15487405699165],[9.77539469485918,47.16939250475185],[9.755319707220071,47.173266926859924],[9.75440762145678,47.186750200961114],[9.728038000427096,47.185917906930854],[9.722366180199668,47.17222587000489],[9.689413953987458,47.171175283483564],[9.675612035728449,47.17974080751536],[9.60906867570317,47.18659111984172],[9.59397868679459,47.21312281281857],[9.581107459276453,47.20819493358226],[9.553444837718228,47.22529799163236],[9.565035907913735,47.24820452130514],[9.530422184633055,47.26957733223085],[9.536377919861645,47.27878497796165],[9.556187471809231,47.2794430158454],[9.55683033317179,47.27045533141225],[9.58323935547933,47.271327221546436],[9.554901093273003,47.297418347855675],[9.573757542657676,47.31155480206792],[9.586972353446116,47.31198955036211],[9.597642094980648,47.34837423108098],[9.616528183455328,47.362503538107774],[9.668816293115592,47.37320175731856],[9.674495818746289,47.3868961630662],[9.694657992153266,47.3830360621507],[9.70727317311832,47.39244521535287],[9.698795016505926,47.4191999782437],[9.711728726016169,47.424114442783846],[9.710801152513113,47.43759697954382],[9.730364892925047,47.44271896051006],[9.729441759621494,47.45620160899374],[9.7161896336105,47.45578334609627],[9.715571693294871,47.464771687447914],[9.68243666322476,47.46371914584684],[9.692173698109748,47.41898926488566],[9.660635050809434,47.395459677872765],[9.644251841699187,47.43997354853865],[9.657185560701043,47.444894157817274],[9.656557685446328,47.45388219391925],[9.62311385852852,47.45730650810718],[9.615535533338955,47.47057310414007],[9.602280712740162,47.47014166684567],[9.602918039140096,47.46115395382664],[9.596291838048284,47.46093769683692],[9.588386309576492,47.47869631944014],[9.58175796176222,47.47847922262591],[9.580796159503684,47.49196057003354],[9.601005407401862,47.48811704227388],[9.6016431688645,47.47912936306867],[9.641415049106929,47.48041929361762],[9.653415094101744,47.49882212555959],[9.67330885718867,47.499459830805726],[9.679315574536982,47.508659710882554],[9.738703063334437,47.51504317615321],[9.724201736071056,47.53260257245101],[9.737473270528458,47.53301990197284],[9.73624263721685,47.55099655543258],[9.754932439448556,47.56959667237389],[9.754319784591992,47.57858503918131],[9.779669880019,47.59738814094315],[9.827080766678984,47.58533651878527],[9.827981132390432,47.57185340295447]],[[9.885243596107065,47.51054180434291],[9.878905409019985,47.505847313587275],[9.885538377903767,47.506047223564686],[9.885243596107065,47.51054180434291]],[[9.846039444383848,47.500347525751664],[9.83337364528196,47.490953842007535],[9.847231422018284,47.482369550746945],[9.846039444383848,47.500347525751664]],[[9.787564694330463,47.480536608722375],[9.781238826772826,47.47583669942029],[9.787867641603082,47.47604225950263],[9.787564694330463,47.480536608722375]],[[9.887011532276025,47.48357425586111],[9.87404690264617,47.47867964917529],[9.887306012318312,47.4790796497519],[9.887011532276025,47.48357425586111]],[[9.867417423416523,47.478479073692725],[9.847827105767553,47.47338053815842],[9.867713546603705,47.47398451424926],[9.867417423416523,47.478479073692725]],[[9.849910399057382,47.44191886617756],[9.84358360902298,47.43722237021676],[9.850207809404242,47.43742432573421],[9.849910399057382,47.44191886617756]],[[9.908174913172981,47.36261611568328],[9.901852444586865,47.35792278661247],[9.908466917014083,47.358121374307174],[9.908174913172981,47.36261611568328]],[[9.600823161829613,47.30343487201605],[9.601776427330858,47.28995300105781],[9.62788046308152,47.29530852373266],[9.620642745775662,47.30408172629043],[9.600823161829613,47.30343487201605]],[[9.66746353726857,47.20199968373359],[9.680030751777863,47.21141202769025],[9.666840287158092,47.210988040304244],[9.66746353726857,47.20199968373359]],[[9.95250758796573,47.08472327347749],[9.946214301067428,47.080032281222735],[9.952794308793736,47.08022830864334],[9.95250758796573,47.08472327347749]]],[[[10.615197396602335,47.27358449616818],[10.59537866736285,47.273110242943396],[10.588071286979913,47.28644044059678],[10.59467913419867,47.28659932983239],[10.594212580417462,47.29559204112061],[10.607198425725759,47.30040510441933],[10.620879907006017,47.29172747357684],[10.615197396602335,47.27358449616818]]],[[[10.593979243994967,47.300088392690654],[10.56707007288621,47.30844296674422],[10.573680607760933,47.30860307071128],[10.573210286111243,47.31759567347918],[10.59965731915517,47.31823237189966],[10.593979243994967,47.300088392690654]]],[[[10.016284891940874,47.3297816084446],[10.043851894815079,47.31256678628589],[10.044412223218439,47.303576565901544],[9.998440214138169,47.2977384621088],[9.98437019359786,47.310836207213114],[9.951326497917607,47.30986139376898],[9.950462075966188,47.323346015268804],[9.962821280220536,47.33722187912916],[9.982657747946986,47.337805916504784],[10.016284891940874,47.3297816084446]]],[[[10.213316976995007,47.35785177536893],[10.181314732681821,47.33896151710558],[10.182657426422963,47.31648436335672],[10.15648734492558,47.31125578145996],[10.157028501026524,47.30226501675325],[10.103887685074318,47.30527588846288],[10.109672576498532,47.3189485950822],[10.136114257172554,47.31969256913352],[10.1355693633352,47.32868321606337],[10.148521335227887,47.333548321170646],[10.1468920061439,47.36052035516313],[10.165928975199646,47.37455855864921],[10.212252516571557,47.375833697249725],[10.213316976995007,47.35785177536893]]],[[[11.971215700569843,47.513839437296134],[12.00429962087637,47.51872809944322],[12.017241818724106,47.53237661206854],[12.076696720803213,47.54654347002433],[12.096204012450196,47.56475411042958],[12.122580954216563,47.57403501608315],[12.109076392222947,47.5828905207375],[12.102744618668378,47.56932410665308],[12.029520342788045,47.57301366297689],[12.01611333420079,47.57735991051629],[12.015661399481715,47.595353116981755],[12.06199277741898,47.60487549816192],[12.081946257221615,47.60509506692317],[12.088811017960044,47.59617076977312],[12.108551153866301,47.6053824347996],[12.161862334841542,47.60144026701421],[12.168313236286252,47.610504910615674],[12.208322029466263,47.60640519542477],[12.19394339267328,47.65575649653848],[12.180429849580538,47.66462023740904],[12.18023171269728,47.67361698641133],[12.166811506836247,47.677980728742604],[12.166310071663696,47.70047243858445],[12.199919600583465,47.68731115463785],[12.200406508584093,47.66481923278921],[12.213724364843793,47.66494996895697],[12.220096359266277,47.678509975637475],[12.240172409127581,47.67420366384219],[12.239984479359466,47.68320049365187],[12.253307097254297,47.68332664668806],[12.266721468116208,47.678952823407165],[12.266996441666484,47.66545749403056],[12.28031461990838,47.66558052034428],[12.28058602945747,47.65208511837551],[12.293900847082494,47.65220657181086],[12.286973732347136,47.665641455250494],[12.293543500609369,47.670200473126556],[12.320095354909856,47.674937319942025],[12.333416059510638,47.675054197983485],[12.340332528935745,47.66161654825277],[12.36039222794823,47.657289246096134],[12.360224965048562,47.666286295786456],[12.373543561220625,47.666398527857694],[12.3799570157291,47.67994964834941],[12.406441870356907,47.68916506854924],[12.440060570560588,47.6714351299842],[12.446949258859796,47.65799107076829],[12.420551469752843,47.644286329300904],[12.420708328238542,47.63528915125008],[12.407397521951896,47.63518237983007],[12.401382706046963,47.599139639616595],[12.388162242516838,47.59453202345409],[12.401542710679172,47.59014240325486],[12.401782614933259,47.576646517944596],[12.375190827377875,47.57642705222375],[12.367963030839057,47.607861401692816],[12.374614925994926,47.60791726340809],[12.37403833382816,47.63940726761377],[12.367299453820845,47.64384992260362],[12.301090419437257,47.62527570323455],[12.247765548632174,47.62928244530892],[12.241486115221248,47.611225346865325],[12.228181807168955,47.611097824313354],[12.221815899388895,47.5975380692414],[12.201864731745044,47.59734279152176],[12.202155927112038,47.5838473873679],[12.175958555683463,47.56558785521266],[12.170010539839318,47.53403116092587],[12.143849114218012,47.51576412951041],[12.144052873975147,47.50676715952164],[12.177148302321974,47.511605960809945],[12.176751991344863,47.52959998651186],[12.183295219601183,47.534165421706184],[12.21679430554736,47.52099874121864],[12.216602926366486,47.529995813677644],[12.2362465345694,47.54368416574691],[12.322874909497264,47.530983678317384],[12.35600190839858,47.53577083709485],[12.37609442258371,47.52694203928104],[12.375930258980459,47.53593934897723],[12.402501589182519,47.53615864745362],[12.415629931893848,47.54526333913501],[12.402182181739796,47.55415329555695],[12.40194248268085,47.56764924088188],[12.441823749129906,47.567966839488975],[12.461614927866494,47.577117800734364],[12.461390382987975,47.59061380583372],[12.447938770885255,47.599509043477596],[12.45436324485358,47.613056205442625],[12.474321204085237,47.61320762912082],[12.481266674614716,47.595262683353766],[12.494567514449711,47.595360903167794],[12.501360859505095,47.58641206075135],[12.508010172110977,47.586460199956996],[12.507797501163001,47.59995626820569],[12.554221104528983,47.60927996016301],[12.581088771086234,47.591463060260025],[12.634289239103412,47.591800467249506],[12.641117807083443,47.578344593655515],[12.607875916181415,47.57813857918649],[12.581476319146972,47.56447058225863],[12.56153656166436,47.564337769679746],[12.547973751683458,47.582242229724365],[12.508081038157247,47.58196150234974],[12.50822273386391,47.57296409501455],[12.46863417085664,47.55467479777879],[12.462437273575983,47.52763214447897],[12.47579453277394,47.523233819317596],[12.482654702843044,47.509787222586695],[12.50250235319114,47.51443249378423],[12.542479523069167,47.5057176097741],[12.562330910049413,47.51035252964659],[12.55529078555192,47.53730019995064],[12.561867738309061,47.541843985801414],[12.608498544853916,47.53315077372882],[12.615202855448539,47.528693905766076],[12.608871611181293,47.50615790917613],[12.58914536239584,47.492533406969336],[12.56259533085195,47.49235733194307],[12.556091127264319,47.48331474018135],[12.595972592816612,47.479079974288574],[12.602483119562287,47.48812030838789],[12.622394121308808,47.48824601333885],[12.629151927759946,47.47928944704853],[12.642423734626485,47.479370546826345],[12.642719852039194,47.45687620475881],[12.596351691340203,47.45208690151886],[12.509919306939473,47.46499402404044],[12.502858429915369,47.49193868293311],[12.449532568811968,47.50503661615086],[12.416337829235692,47.50477514696323],[12.410094561773763,47.482228155808414],[12.40345850185137,47.48217434734631],[12.403777036933596,47.464179467936006],[12.430698835689078,47.44189856026399],[12.450667497892166,47.437555328457684],[12.450894135071517,47.42405898236279],[12.464374864561764,47.4106643246133],[12.438325972381861,47.38346658197705],[12.432164691315814,47.35642155615327],[12.41238262868612,47.351764008045585],[12.405683687050889,47.35620913165179],[12.405207756064096,47.38320187513252],[12.398584153012884,47.38314778333903],[12.398264336130348,47.401142870870196],[12.411516073658861,47.40125070749662],[12.404572423425742,47.419192039605306],[12.371184993436252,47.432413752261176],[12.364306465060507,47.445853840542846],[12.337866024396542,47.44112700503892],[12.33803638816973,47.43212960739923],[12.331406710336422,47.43207162696711],[12.338121548250207,47.42763090384111],[12.338462043284839,47.40963605866355],[12.318668316149793,47.404962335947545],[12.298701157161927,47.40928256851442],[12.298081390963283,47.440773305326914],[12.291361506814836,47.445211670774846],[12.284730236376967,47.44515098823902],[12.284999380594654,47.431655017137956],[12.245129172237027,47.43578158319417],[12.24531534208877,47.4267843225938],[12.232057560572096,47.4266572420512],[12.245594477756981,47.413288408293674],[12.225996994573263,47.399601367208355],[12.212746091131233,47.39947204978506],[12.205927905436601,47.40840404791153],[12.17942184248775,47.408139231207144],[12.172497630477817,47.42156780919163],[12.146086647447186,47.416796696556816],[12.146999583118298,47.37630957278935],[12.120717141998401,47.36703398745903],[12.113783388473387,47.38045908833403],[12.120406318634867,47.38052966826127],[12.119887926250103,47.40302241195063],[12.126410530526286,47.40759118396632],[12.106321799946773,47.41637638320982],[12.106111952024255,47.42537341745818],[12.119057578221108,47.43901064432423],[12.052865151792004,47.433788338703486],[12.04667574325281,47.415720015442695],[12.060256795730298,47.40237311509079],[12.060691872053829,47.38437914578408],[12.040932350296215,47.37965740415961],[12.006799153301026,47.41976359687578],[11.987146274335435,47.410534163390246],[11.973660860715517,47.41937397758503],[11.97994140371584,47.432947844809725],[11.999829467074322,47.43318167576206],[12.000057478945614,47.42418485532833],[12.013201158296434,47.428837222525516],[12.012862445899064,47.44233247786691],[12.039163434873924,47.45163273272531],[12.032197775176964,47.465052714023926],[12.00566416626679,47.464747666693285],[11.973195791584054,47.43736751257783],[11.95993609010868,47.437208925458],[11.95295216822379,47.45062411299464],[11.972614008501072,47.45985935829846],[11.945964690339418,47.46403884607294],[11.946202030839695,47.45504217842019],[11.932937964982175,47.454880466179375],[11.933297218226198,47.44138548071415],[11.907020045092452,47.432060914645554],[11.907507643030517,47.414067640594546],[11.901003224665983,47.409486416782116],[11.973893276281377,47.410377191223446],[11.974357869616252,47.392383581873084],[11.967733659251563,47.39230454714213],[11.974473968438533,47.387885172065666],[11.9750541657345,47.36539307958805],[11.948807437679624,47.35607799860902],[11.934732393545547,47.38740525220478],[11.88162076992096,47.39124220000775],[11.861371851741907,47.40448269706949],[11.868498075262995,47.3865747112144],[11.888614961981045,47.377831250034504],[11.88984775502284,47.33284783409934],[11.883231140977962,47.332763906711],[11.8771115818238,47.31468621220439],[11.903447095903037,47.3195194205132],[11.923532672110277,47.31076974283016],[11.918005302352244,47.270202105608796],[11.938188640581288,47.25695138018957],[11.931700882015315,47.252371812411475],[11.932178432922479,47.23437803780099],[11.945505447875627,47.230041383102005],[11.945978105921226,47.21204751399815],[11.906368777250105,47.21155771010987],[11.90025532485352,47.19348103341483],[11.887179981094668,47.18881558371639],[11.887426071032385,47.17981874531519],[11.927131150355503,47.17581667046484],[11.927489990101654,47.16232126956355],[11.888040930327108,47.15732662045483],[11.881693147180119,47.1482457410543],[11.84213210591452,47.14773361439305],[11.829201043189979,47.138563115311904],[11.736504086418885,47.15079902605092],[11.730455560393729,47.132713205067255],[11.717272834320505,47.132526513042805],[11.717547484891194,47.123530028025286],[11.67800657435632,47.12296089085684],[11.722632137844755,47.17310423012732],[11.748883139707237,47.17797310927851],[11.762210935101859,47.173657859257666],[11.76247817009604,47.16466129207565],[11.808905939533126,47.15629303169389],[11.808646628604476,47.16528971159554],[11.821837816316405,47.16546582374502],[11.828177402414996,47.174550025180224],[11.847967770902448,47.1748102283282],[11.814208566822465,47.20136467161518],[11.820808651857346,47.20145259625736],[11.820551142135356,47.2104492717257],[11.8403548911657,47.21071079743706],[11.84644987491142,47.2287906543432],[11.853053432672192,47.22887671226077],[11.846196591162752,47.23778736553351],[11.872117595640994,47.25612287484335],[11.865510606030561,47.25603792065358],[11.86513531577088,47.26953301175272],[11.851791766912646,47.27386025733022],[11.844294214268766,47.30526242442498],[11.83081179368058,47.31408551790566],[11.817841996759379,47.304913869059604],[11.797872127834749,47.30914669966483],[11.797479184702498,47.322641484837504],[11.810709619837334,47.32281888510044],[11.803963928527343,47.32722864059219],[11.803441855723884,47.34522167099479],[11.816677967404733,47.34539838011768],[11.829529142479219,47.359068390666124],[11.82239341218378,47.3769740148251],[11.80901919759322,47.38129620638126],[11.80265807911433,47.37221113496125],[11.789415291548359,47.37203280288913],[11.783190994803089,47.358448410509325],[11.769951725518787,47.35826782451739],[11.770218576189441,47.34927140682831],[11.757116170488377,47.34459112133164],[11.750903413215555,47.3310049248833],[11.724438946709634,47.33063474435297],[11.724713407100838,47.32163840345602],[11.74482933420521,47.31292016799895],[11.738623457439658,47.29933325284311],[11.705840369811293,47.28986968832407],[11.685726787988571,47.29858108191911],[11.686428811983355,47.276090363754655],[11.706395101446574,47.27187700324913],[11.700343026479173,47.253789766289195],[11.660562467503437,47.25771276939101],[11.653526363260124,47.271109911838145],[11.63355615766621,47.275314025542215],[11.633990567394932,47.26181976378395],[11.614461633565798,47.25252626462235],[11.601249479750399,47.252326143638584],[11.600954381717381,47.26132224516143],[11.581132970722296,47.261019144450735],[11.56146271862301,47.25621460356835],[11.555159176963429,47.24711568108117],[11.522132937311678,47.24659534738096],[11.509233283218773,47.237388667220735],[11.482659903187917,47.24146043182546],[11.456881321925481,47.22303667654154],[11.423871106139268,47.22248790060053],[11.431120681043023,47.204607068805124],[11.451240352977786,47.195940480040726],[11.45172055017738,47.182446851667954],[11.478424454141749,47.173884357854035],[11.473251975503326,47.1332953581748],[11.565077364635416,47.148262049902485],[11.559238356200396,47.1256691246461],[11.48063008384396,47.11091333539129],[11.495055631907707,47.075143715672894],[11.541142842256523,47.075880516791955],[11.566879172132223,47.09428541464904],[11.586786532808626,47.090092912366],[11.587231315880013,47.0765986432603],[11.535016813195735,47.062282332261745],[11.535321974718334,47.053286280017474],[11.555216458228763,47.049099293175466],[11.555668917220583,47.03560512590551],[11.503037622711107,47.03476827776729],[11.496926085164874,47.02116802216944],[11.451046548693151,47.01591539670014],[11.418652007347637,47.001871330076014],[11.392353972099846,47.00142422985071],[11.391860337487962,47.01491773079211],[11.463406664543946,47.0386225789904],[11.468720662779141,47.07471430222287],[11.416052017881672,47.073837183139766],[11.396959073639536,47.05551064855074],[11.377215721793885,47.05517212606211],[11.377713450671964,47.041678705663685],[11.351564138414494,47.036724355031154],[11.345491157327658,47.02311598094568],[11.325760175796498,47.02276852197789],[11.318670822341995,47.036145109894846],[11.350723452521144,47.05921319593557],[11.376883761988458,47.06416773457471],[11.389223380047314,47.08688293286092],[11.44816971701324,47.09687774867563],[11.447849527016784,47.105873543223815],[11.434513303713954,47.11015201038935],[11.433706632753502,47.132641373425315],[11.427115837577654,47.132531040712976],[11.426791859955623,47.14152675706717],[11.43981480076625,47.146244952761165],[11.439170879013217,47.16423643486874],[11.432414534939756,47.16862427565483],[11.419224026725686,47.168403079152654],[11.419549453144056,47.15940740067855],[11.367131744517904,47.149511964150705],[11.354450803967735,47.135789956925606],[11.355123116537328,47.11779893133705],[11.335865809969183,47.103959946753314],[11.296689962625955,47.094262899318444],[11.26516614636527,47.05768671326794],[11.245422858390327,47.057325305806295],[11.245068556014797,47.06632051575391],[11.238486405744508,47.06619926427945],[11.25129742839886,47.07543661212623],[11.250944000730021,47.084431833270955],[11.263937266506112,47.089170141784436],[11.255941554147457,47.1250308860466],[11.29582509974003,47.116751270124595],[11.314905127820081,47.13509471325871],[11.32808690451012,47.135327987116206],[11.321154086279925,47.1442069468744],[11.333828419452367,47.157932653047055],[11.333318423268535,47.17142579404781],[11.385585864327927,47.185834554215745],[11.358860951423399,47.194375277353735],[11.364789523442404,47.212480547445956],[11.351082385570228,47.22574468413033],[11.298265506727713,47.22481306639581],[11.298611831605253,47.21581778492363],[11.278984146995514,47.21096456956968],[11.239205184551293,47.21474066464419],[11.233140668456409,47.20112644113505],[11.180533614262945,47.195642751327576],[11.167521700266988,47.19089495133372],[11.155252948990364,47.16815594057945],[11.135469276369374,47.16777544694944],[11.134721733309572,47.185765042166466],[11.141132091491802,47.1903897030042],[11.12115210063178,47.19450412809171],[11.120775772091521,47.2034988634831],[11.186401332362754,47.21375724577885],[11.212081099219604,47.23224203628618],[11.21171995813035,47.2412370359335],[11.19851232943607,47.24099029198169],[11.177967247423483,47.25860707238667],[11.144937967516642,47.25797757779407],[11.104165081509347,47.2841934325799],[11.064318661983267,47.287908498681695],[11.038663564215499,47.269390577291475],[11.01864577620474,47.27348700562331],[10.913755852449523,47.253303509202375],[10.906944710831707,47.257660058369055],[10.906118162840457,47.27564793252034],[10.932138970648808,47.28520159428289],[10.912313198598696,47.28478236326837],[10.898681443676004,47.293494851795195],[10.898266553743445,47.302488729459085],[10.865213424015977,47.3017782975091],[10.846017737433275,47.287856916742406],[10.826191667605647,47.28742273412776],[10.818726307519595,47.30526441478902],[10.825123456755316,47.30990675531341],[10.81190064116532,47.3096152647961],[10.81147085407075,47.31860880499882],[10.804858376997348,47.31846246109295],[10.81082589903213,47.332099094279805],[10.83066861000559,47.33253594085287],[10.851146481369458,47.319478832457605],[10.897228710904642,47.32497337644402],[10.904463378775144,47.31162355898107],[11.022891960318207,47.32758689343376],[11.017462391305209,47.30046994239113],[11.043905749394938,47.30100380902],[11.042539349779888,47.33248409847921],[11.082228998774339,47.333273887743644],[11.128911013272855,47.32518324762887],[11.129286823752851,47.316188595350766],[11.155553504282247,47.32119394300932],[11.162352303050824,47.31682260997585],[11.163092296398998,47.298833058946286],[11.182925216023262,47.299208747589326],[11.182191969406432,47.31719842575641],[11.162167225976612,47.32131999110458],[11.167488496790835,47.35292732142696],[11.147449056498475,47.357046290483524],[11.12834705755422,47.33867520543162],[11.115115463048134,47.33841881197799],[11.10774056848389,47.35627914798495],[11.101122599778597,47.356149950313906],[11.100551211008474,47.36964171709916],[11.146516300775911,47.37953293264878],[11.146142975890521,47.38852756823795],[11.165639417609881,47.39790087986683],[11.165269223406398,47.406895554345255],[11.191584483669248,47.41189256488847],[11.210735031524674,47.430252888775506],[11.237245340582803,47.43074199586926],[11.237961389034114,47.412752238898356],[11.211641308634935,47.407765891273456],[11.185876279126171,47.389281367696476],[11.186609271541668,47.371291829186646],[11.180172964340837,47.366669814647885],[11.200395482453164,47.358047696970814],[11.208101782810173,47.33118651126593],[11.21471687921534,47.331309517825694],[11.215800250162028,47.304324718467946],[11.235993104127411,47.295696238708445],[11.236350487726481,47.28670121246607],[11.26296545139618,47.28268684879655],[11.270101938225466,47.26931396266159],[11.289924526440293,47.269671072719426],[11.290272563399226,47.260675855066694],[11.296879029308059,47.26079410685852],[11.316355058035501,47.27014186520898],[11.316011395584267,47.27913715308546],[11.368882841785924,47.28006053621306],[11.374991360065197,47.293667414597444],[11.394658549562239,47.298504059149444],[11.454162338120714,47.29950016572072],[11.460454734734816,47.30860460891237],[11.500132068168831,47.309249271321384],[11.513047679378063,47.31845690943937],[11.53965743259293,47.31437809675293],[11.539351501030398,47.323373975381514],[11.558893405338575,47.33268024820575],[11.624909129872933,47.33818807926664],[11.631235556166747,47.34728305232631],[11.657850667797307,47.343176734155094],[11.66418336468495,47.35226987753288],[11.677420757689047,47.35246270894509],[11.676996703071183,47.365956991114864],[11.690237574487405,47.36614833856651],[11.709544597715489,47.3844249825918],[11.742794656995736,47.38039289435477],[11.742387097051873,47.393887363489235],[11.749011141468078,47.393979443163545],[11.748740448110492,47.40297575648907],[11.728590822974978,47.41169457426751],[11.721413700672755,47.429593751582274],[11.695039981815077,47.424718668996164],[11.674873173750587,47.43342800161659],[11.680937134728179,47.451516170329185],[11.747521184523201,47.44345901144026],[11.754421445418174,47.43455452116589],[11.767679817618998,47.4347369021483],[11.774841936702114,47.41683484188995],[11.788095924292112,47.41701485943986],[11.79445993849646,47.42610068237298],[11.814344546133615,47.42636672569718],[11.840219530016803,47.44920725641608],[11.853481875589027,47.44937970354813],[11.859735030433642,47.46296008389763],[11.892899865406054,47.463382671969676],[11.899164842852251,47.476960868042795],[11.872626053390023,47.47662501612869],[11.865614670534569,47.49003478504314],[11.878638379515447,47.49920076256074],[11.871625521387513,47.51261084724162],[11.891049210929102,47.53085639618192],[11.91109569199284,47.52660741404486],[11.911461033877679,47.51311266044412],[11.938018459641992,47.51343951583782],[11.945252182261784,47.49102876644252],[11.971215700569843,47.513839437296134]],[[12.137414033060102,47.50669794939397],[12.137618857168523,47.49770097658856],[12.124447015387364,47.493062947012135],[12.144358383054476,47.49327167735119],[12.144052873975147,47.50676715952164],[12.137414033060102,47.50669794939397]],[[11.63355615766621,47.275314025542215],[11.62680177132683,47.279713336002395],[11.626947185752874,47.275215261688665],[11.63355615766621,47.275314025542215]],[[11.503037622711107,47.03476827776729],[11.496303023122966,47.039159934995745],[11.496458828201128,47.034661958071304],[11.503037622711107,47.03476827776729]],[[11.53996326000541,47.30538220784595],[11.546575837696198,47.305486006333055],[11.546271135367288,47.31448191280493],[11.53965743259293,47.31437809675293],[11.53996326000541,47.30538220784595]],[[11.945252182261784,47.49102876644252],[11.938734977680213,47.48644974316834],[11.945370984323448,47.48653045514495],[11.945252182261784,47.49102876644252]],[[12.01780533772937,47.50988481818669],[12.011279491984453,47.505309936161694],[12.01791798374902,47.50538644827983],[12.01780533772937,47.50988481818669]],[[12.21073072458099,47.49394246976206],[12.184279986389212,47.48918022802605],[12.164870258532902,47.466485785850736],[12.185164839067859,47.448693251937634],[12.21169132407611,47.44895673481769],[12.231303446872626,47.46264612104124],[12.330806221223193,47.46356242776308],[12.330634521031318,47.472559769743675],[12.317190996481843,47.48143987668463],[12.336671847428615,47.50410841721592],[12.290379694226091,47.4946966998279],[12.283562350158087,47.50363318352898],[12.243544158851442,47.512257761752565],[12.21073072458099,47.49394246976206]],[[11.925583506938121,47.48178887252279],[11.905799592854356,47.47704387083925],[11.92570396764216,47.47729057476277],[11.925583506938121,47.48178887252279]],[[12.031752298723386,47.48304635166312],[12.02522856653053,47.47847224239835],[12.031863696370936,47.478547947443865],[12.031752298723386,47.48304635166312]],[[12.131907108759973,47.45714489529901],[12.11169585621463,47.470429479425064],[12.098427436212571,47.47028692817892],[12.112009440504034,47.456934002480736],[12.131907108759973,47.45714489529901]],[[12.071998756917882,47.46549876463949],[12.065473704360667,47.46092693339551],[12.072106681836683,47.46100030890838],[12.071998756917882,47.46549876463949]],[[11.508997519961396,47.052866190622424],[11.51573280771607,47.04847378337534],[11.515578594556759,47.05297178439161],[11.508997519961396,47.052866190622424]],[[11.509152290163318,47.04836819853244],[11.502727099752653,47.04376424869264],[11.509307034150668,47.04387020548895],[11.509152290163318,47.04836819853244]]],[[[9.737732994324197,47.33485654862634],[9.723280826904288,47.35241630955674],[9.755431883590544,47.366940097471534],[9.775580504688142,47.36306572642012],[9.770484681749714,47.340387525710284],[9.737732994324197,47.33485654862634]]],[[[10.431654487450244,47.36360848627237],[10.471113142913994,47.36910642788913],[10.478461481791427,47.35578386008616],[10.432396680927113,47.350120550427384],[10.431654487450244,47.36360848627237]]],[[[10.836431469253247,47.35066799966131],[10.816367255466238,47.354728911892],[10.815723110348497,47.36821916754853],[10.841985752107176,47.3732965206202],[10.849241007631104,47.35995028444338],[10.836431469253247,47.35066799966131]]],[[[10.551716237883426,47.34858786540456],[10.558331751304237,47.3487488568654],[10.559041389153755,47.335260091240094],[10.54628891607212,47.325945336449614],[10.526451174022208,47.32545912263551],[10.519119159443633,47.3387848232704],[10.532108776373184,47.3436063967711],[10.531392146143993,47.35709498012518],[10.517438860658501,47.370257969754434],[10.524056984756099,47.37042094402976],[10.523577657390211,47.37941327070039],[10.543435652603526,47.379899978214006],[10.542959541415186,47.388892374172855],[10.555726641351946,47.39820742264627],[10.58221387225667,47.39884815637775],[10.583387351143324,47.376366767482885],[10.557148215602314,47.37123007128156],[10.55809512478657,47.35324510598485],[10.551716237883426,47.34858786540456]]],[[[10.637261238627143,47.359643712479546],[10.670120265805162,47.364916559306884],[10.669438617735004,47.37840594891216],[10.695917256883137,47.37902036617384],[10.696817033939572,47.3610342992381],[10.670347404423792,47.36042008982133],[10.67102858820377,47.3469306628996],[10.64456633035805,47.346310484219025],[10.637261238627143,47.359643712479546]]],[[[11.29898104401392,47.37784952733283],[11.2526338157943,47.37701457706368],[11.239928005948025,47.363280144755095],[11.220070615502625,47.36291435437207],[11.219709941737909,47.371909246235845],[11.213089745845437,47.3717865291431],[11.2191687005461,47.38540156145809],[11.232412567112313,47.3856459081631],[11.245121806804388,47.3993811329502],[11.278240770401238,47.39998161215851],[11.29898104401392,47.37784952733283]]],[[[10.715999951064822,47.374980606384206],[10.715553289182356,47.383973704462925],[10.702088021043696,47.38816605304984],[10.708260924461094,47.397311395372334],[10.70163887626238,47.397159080226494],[10.700964871922242,47.41064859609431],[10.753515353003769,47.420849892282355],[10.7740465978468,47.40780676448141],[10.772953713032688,47.430289940001536],[10.852684969410015,47.42754610538166],[10.859733774971081,47.4186960914291],[10.893276838520055,47.410414365873756],[10.905903599131918,47.424187081840124],[10.925781730738292,47.42460741364756],[10.93944289498014,47.41589183664325],[10.940260278747953,47.397904034840394],[10.946883077292698,47.398042541268566],[10.941077105331303,47.37991618120871],[10.921009838675582,47.38399543650444],[10.888948314334728,47.36080718753517],[10.868674043445429,47.36937415550095],[10.875083353670208,47.37401366083291],[10.874244121733232,47.392001051442655],[10.854167101381922,47.396068574638484],[10.840284166343919,47.4092707647569],[10.813573580168057,47.413186480969365],[10.800541183642116,47.40839696426613],[10.807596176279743,47.39955013744421],[10.794784353028035,47.39026323839672],[10.781541570684679,47.38996823834166],[10.774483490953967,47.39881347061653],[10.73474949817426,47.39791682398204],[10.742477406460536,47.37558424681957],[10.715999951064822,47.374980606384206]],[[10.73474949817426,47.39791682398204],[10.727904923079684,47.40226260161576],[10.728127297799936,47.39776604163222],[10.73474949817426,47.39791682398204]]],[[[10.594990311485487,47.40815881031941],[10.575121205208658,47.40768105289748],[10.567790058462288,47.42100972548111],[10.580569320650525,47.43032195888087],[10.600447007786041,47.430798768241914],[10.607538541686047,47.42196433283713],[10.594990311485487,47.40815881031941]]],[[[11.474906498508846,47.46185438283441],[11.454849809355817,47.466027127543654],[11.454367828338906,47.47952030253972],[11.467476801351339,47.48423515436303],[11.481063472619134,47.47545523968521],[11.474906498508846,47.46185438283441]]],[[[10.687565154349365,47.54538882666816],[10.700846521747081,47.545694692988484],[10.71502445176396,47.528013290060066],[10.72830159265095,47.52831597976007],[10.735829220175038,47.51048079699353],[10.74932308112316,47.50628455682385],[10.757280940330958,47.479454811639314],[10.75064842556647,47.47930533467364],[10.74512219191456,47.45667274747555],[10.765230697407437,47.45262439439166],[10.759481183030623,47.43448901409259],[10.732973951400547,47.43388931106126],[10.726124559668639,47.43823495917575],[10.725233466520883,47.45622105354346],[10.731640700466285,47.460868529088515],[10.71152647120367,47.46491098014656],[10.678827776012108,47.45515367431504],[10.679961312607492,47.43267149882992],[10.620556723626464,47.426775799575225],[10.613002056306648,47.44460364511537],[10.625795025038444,47.453910796298196],[10.599279593723345,47.453280151383844],[10.598344945134384,47.471265191660834],[10.60474280680921,47.47591974583139],[10.597877381502547,47.48025768911212],[10.558085089819937,47.47929972880916],[10.544106099021906,47.492465730957264],[10.531557703920154,47.47865341386251],[10.51829425584659,47.47832795404963],[10.483918677870092,47.49998760160773],[10.457381796903785,47.49932412287672],[10.443619456529095,47.50798188850997],[10.442630647095909,47.52596545548183],[10.449021374313546,47.53062864902484],[10.468935732405201,47.53112828122942],[10.482943786472598,47.517971539099115],[10.503095762281166,47.513969264700485],[10.542913257055295,47.514946305225266],[10.548835153752737,47.52859613811727],[10.562111457838553,47.52891806015672],[10.568986177602438,47.52458229610998],[10.570168106272885,47.50210148998104],[10.596707773700137,47.50273886479438],[10.630576654831234,47.49003805146184],[10.631269698076126,47.476549122655236],[10.624637915884326,47.476392354051306],[10.631500633627013,47.47205280537468],[10.63242398177923,47.454067498598036],[10.665569354148541,47.454845256354886],[10.663972863638604,47.48631996425446],[10.676557798944627,47.500117746319475],[10.689827683923154,47.50042488964274],[10.689375487190704,47.50941770951319],[10.66923946723485,47.513452705465],[10.654591675857194,47.54012112655271],[10.621624804899389,47.534843948396535],[10.601240074546638,47.543363231704625],[10.600772364951093,47.55235562642786],[10.626642694298503,47.56647462910744],[10.633748120006995,47.557638776790064],[10.687112184264823,47.554381564267956],[10.687565154349365,47.54538882666816]]],[[[11.818772038739292,47.50292392160499],[11.77894515848618,47.50238991596354],[11.771505341344279,47.52928816536993],[11.804711252851694,47.52973627945926],[11.818253284793053,47.520916544927175],[11.818772038739292,47.50292392160499]]],[[[11.690688281800544,47.56415730262762],[11.684184213680771,47.559563893126054],[11.730972943780424,47.55122789997264],[11.731247437901393,47.54223184866291],[11.718238777164926,47.533049216155774],[11.718515352988794,47.524053165258174],[11.725155737033399,47.52414662440392],[11.719344513427503,47.49706492187131],[11.686018989836665,47.501090110537255],[11.69153234642517,47.53716945950255],[11.677964907553676,47.54597419575278],[11.677681281530187,47.55497011114927],[11.657748786621646,47.554680337067765],[11.657461655743342,47.56367618733203],[11.6305890221548,47.57228013892077],[11.63029714803589,47.58127589001748],[11.656743398588914,47.58616574125251],[11.663677756285011,47.57726694913915],[11.683618846081664,47.57755569166005],[11.690688281800544,47.56415730262762]]],[[[11.996972738189422,47.54564077775594],[11.9833386409103,47.558979842235395],[11.996399926077,47.56813231974456],[12.016339185571763,47.56836328264537],[12.01679065653498,47.55036997873324],[11.996972738189422,47.54564077775594]]],[[[10.460577131137015,47.56243346764199],[10.433512571135966,47.570756251657656],[10.432767548991178,47.58424370924947],[10.472881933595884,47.58074924283186],[10.473371765151384,47.57175743045349],[10.460577131137015,47.56243346764199]]],[[[13.476228213297937,46.59054257062019],[13.49579297194724,46.5860173791313],[13.495752761872577,46.572519910310575],[13.469657302699106,46.57255385124976],[13.476228213297937,46.59054257062019]]],[[[12.940827613947473,46.625930211678686],[12.966948851396817,46.62601874462336],[12.97357059384869,46.61254252998353],[12.940960469477684,46.60793371569196],[12.940827613947473,46.625930211678686]]],[[[12.829685727158733,46.63898373469142],[12.810046022010393,46.64339314809967],[12.809913296129332,46.65689042441312],[12.836091454491203,46.65251017153612],[12.829685727158733,46.63898373469142]]],[[[13.509178184170484,46.68947925560171],[13.509119968198046,46.67148247565451],[13.48298858644664,46.676018702827136],[13.489563788400762,46.68950760628243],[13.509178184170484,46.68947925560171]]],[[[13.280356938969922,46.67610040203744],[13.2803663253635,46.66710199819818],[13.260766447117483,46.66259140611604],[13.228064913969495,46.67606244495754],[13.228028529817255,46.694059257704396],[13.241081927233738,46.70756864917425],[13.260702989593184,46.70758345957901],[13.260715689668487,46.698585037418674],[13.28688101113411,46.68960106140722],[13.286893446634329,46.67610344357496],[13.280356938969922,46.67610040203744]]],[[[12.639269950121722,46.71445769791557],[12.685056744750854,46.714730866303164],[12.691814724484349,46.69677213921827],[12.652697056901546,46.68754341019163],[12.62636735187654,46.70087916162883],[12.606810983194586,46.69625515487347],[12.58706889883191,46.705124771335356],[12.586942779433242,46.71412278298981],[12.606442533358686,46.72324925473478],[12.639269950121722,46.71445769791557]]],[[[12.697278242695498,46.78679068481653],[12.677795246957395,46.77318079311065],[12.625350371539932,46.77736275086833],[12.61898307670023,46.76382429006677],[12.56667249800626,46.7589809587405],[12.547100029509291,46.75434659926604],[12.540688315841166,46.74530274416137],[12.501491021134724,46.74052061559417],[12.508174511706434,46.73157081949564],[12.540956237912694,46.727306798044765],[12.541157061033996,46.71380985060173],[12.528143546706152,46.709218060903204],[12.455979743595595,46.72217731764304],[12.442670640067558,46.73557140554003],[12.370694551336031,46.73497943161654],[12.376914638540727,46.753030667135604],[12.416109925069266,46.75785599334536],[12.408938928559134,46.79379382232152],[12.435064895711598,46.79850446231834],[12.441465092846794,46.807554321588526],[12.461195473062649,46.803209069740554],[12.461416752872797,46.789712219775105],[12.43544461153308,46.77600980701189],[12.442218940833312,46.76256497189681],[12.533738156631989,46.77225042427444],[12.540151929608285,46.78129468537407],[12.559799120164602,46.78143124444585],[12.572768613170268,46.790518420333754],[12.579127366111711,46.8040594963296],[12.61855982115856,46.7953175718547],[12.657807801571263,46.800059101715945],[12.690401792796123,46.813747987362],[12.703614804837969,46.80482383062601],[12.697278242695498,46.78679068481653]]],[[[13.234395962600518,46.78404970567757],[13.20819708284775,46.784023103736565],[13.208164716141342,46.79752078850901],[13.214705850166274,46.80202724014583],[13.234370222744461,46.79754739721992],[13.234395962600518,46.78404970567757]]],[[[12.382415576944577,46.81157163643247],[12.40870435628876,46.807290568629085],[12.402388477298377,46.79373994735044],[12.369636421979498,46.79346488379608],[12.33007995628405,46.80661886857612],[12.323357201408136,46.81555813871518],[12.329910248897503,46.81561658927934],[12.329740484241213,46.82461431241001],[12.369065698633069,46.82495710639342],[12.382415576944577,46.81157163643247]]],[[[13.280196883664939,46.82907401689819],[13.299859594456443,46.833581269525496],[13.306425440410779,46.8155862235532],[13.286764641588574,46.81557935155861],[13.280196883664939,46.82907401689819]]],[[[13.30636261549653,46.92806731689543],[13.332632411606436,46.92807117550274],[13.332633305307121,46.91457343526437],[13.299807456885164,46.910068416708],[13.30636261549653,46.92806731689543]]],[[[12.905242716019368,46.99024308366051],[12.938084243412868,46.99486226093637],[12.9252112468501,46.95882194702189],[12.93835356518053,46.95886877425021],[12.944858548279491,46.9678899944942],[12.97772002718686,46.9679985203111],[12.984411348581679,46.95002228466537],[12.951625986328592,46.940917315035925],[12.91217652046617,46.94527606036624],[12.918851846212497,46.931802874097514],[12.932021648376672,46.927351252338745],[12.932226490415328,46.90035613827284],[12.919169068229005,46.891310239982595],[12.879792243963603,46.89115853684699],[12.87315124874616,46.90013025530446],[12.886164994303527,46.91368062469642],[12.88597479561774,46.93617648030134],[12.879367845462138,46.94064939306775],[12.885936736576227,46.94067565131087],[12.885860599175755,46.94967399299988],[12.8792905972406,46.949647730313444],[12.879174675885658,46.963145234945095],[12.865991592665548,46.967590717973366],[12.852642701845967,46.99003129936976],[12.859217680361919,46.990059104824915],[12.865633402854185,47.008083171804635],[12.885365077404991,47.008163189032075],[12.892017507159863,46.99919076168249],[12.905169775424753,46.999241432177286],[12.905242716019368,46.99024308366051]]],[[[13.017207927058088,46.95911777789852],[13.04351761733798,46.95468938976927],[13.03702281913353,46.941174616439476],[13.017315786022309,46.941120944398854],[13.017207927058088,46.95911777789852]]],[[[12.642423666205586,46.97544332928282],[12.642541020468052,46.96644519745478],[12.616253400814,46.96628151134852],[12.616070683241537,46.9797786670738],[12.622644240745597,46.979820169883546],[12.622040077057463,47.02481069663351],[12.615399924345452,47.02926820484391],[12.621919121491345,47.033808795277544],[12.648240171869405,47.03397116523861],[12.648356670475382,47.02497303912783],[12.6616292581389,47.016053782856204],[12.655569759569357,46.97552290276779],[12.642423666205586,46.97544332928282]]],[[[13.003671822655875,47.02206891707108],[12.997092818620747,47.02204947540167],[12.997006669686685,47.03554706548698],[13.02330290365293,47.04012176755657],[13.03006563724732,47.008645255368364],[13.003784392409758,47.00407211557572],[13.003671822655875,47.02206891707108]]],[[[13.391852423305787,47.03603944121914],[13.411594805302759,47.03602805246643],[13.418154763716773,47.022525782808664],[13.391833562150492,47.01804248620218],[13.391852423305787,47.03603944121914]]],[[[13.332621949251422,47.08554461000112],[13.358969689655025,47.0855423781599],[13.35896389004099,47.07204468561559],[13.339207850752894,47.06754769818854],[13.332621949251422,47.08554461000112]]],[[[13.484196578922628,47.112443754499935],[13.53029543431864,47.10337598483936],[13.530246058180449,47.08987834532351],[13.497295100816784,47.08543054675961],[13.451245236982624,47.11248184188495],[13.457835509054116,47.11247498756797],[13.457856152548912,47.121473420975285],[13.477630312197249,47.12145056469321],[13.484196578922628,47.112443754499935]]],[[[13.523881412995241,47.15287830100713],[13.56341448261024,47.143807823961176],[13.563375916998702,47.13480943011757],[13.583137223879524,47.13027008016667],[13.583074355477692,47.11677255206703],[13.543526440361898,47.11685036456042],[13.517240017983225,47.13939137347019],[13.471119067537904,47.15295303436616],[13.457959474968934,47.166465512280766],[13.464556459584017,47.166458269065835],[13.464578265460773,47.175456669424115],[13.48437256897175,47.17543264392663],[13.517332262011857,47.16638657253454],[13.523881412995241,47.15287830100713]]],[[[12.95662269625496,47.161399205123516],[12.982977892268304,47.1659832128755],[12.989692421543348,47.14800680764531],[12.95675153335868,47.14340257155895],[12.95662269625496,47.161399205123516]]],[[[13.127933202403485,47.21133250154406],[13.121330644050373,47.211320254021054],[13.114859721851316,47.17981336889195],[13.128074656878187,47.175339043622685],[13.128127652715737,47.16184147107793],[13.134724048412998,47.16185332525382],[13.141386587694665,47.1438680062058],[13.167791829739723,47.13491165073182],[13.167834677527946,47.121414024988454],[13.134980233563732,47.094365268283745],[13.135031392329415,47.0808676262385],[13.108705365812622,47.07631878197678],[13.102040231893662,47.09430225822975],[13.108628225868356,47.09431562313619],[13.121695121583631,47.121336452029],[13.115103768048634,47.12132384360897],[13.108435146670859,47.13930765037793],[13.082017697790272,47.14825023608551],[13.08186662008031,47.17974452638455],[13.075268010358227,47.17972961170281],[13.075223691350791,47.188727964315426],[13.088402112362026,47.19325659302175],[13.088338959042202,47.20675411236854],[13.094940939928188,47.20676827012729],[13.088254704470947,47.22475078073198],[13.09485892987437,47.22476494329089],[13.094817903912714,47.233763269050925],[13.088212555678199,47.233749104091224],[13.088149305584574,47.247246574983855],[13.068305451839215,47.251700923314836],[13.068237100352775,47.265198359136186],[13.107892775717946,47.26528454735425],[13.121147939826274,47.25631190787639],[13.127933202403485,47.21133250154406]]],[[[12.613564212793275,47.164239159147805],[12.613318744333574,47.1822352017819],[12.63977265391506,47.177900531676684],[12.633413213046074,47.159863929512525],[12.613564212793275,47.164239159147805]]],[[[12.586669539577088,47.200060696316754],[12.586478473247196,47.213557648122084],[12.61288877289273,47.2137282140527],[12.606534185900367,47.19569016330602],[12.586669539577088,47.200060696316754]]],[[[13.015608482625986,47.22456975536327],[12.995911646033749,47.20651576724086],[13.002598592186706,47.19303781278568],[12.995998352453228,47.19301830846048],[12.98951589921241,47.175001794294715],[12.969721950493197,47.17493986293986],[12.969659707621847,47.18393816944821],[12.956429276360614,47.18839411170001],[12.95633249242427,47.201891543685996],[12.976044714725836,47.215453232930024],[12.969223414402455,47.246926126015644],[12.97579972662176,47.25144630804756],[13.002258235436342,47.2470275722094],[13.015608482625986,47.22456975536327]]],[[[13.233461032133237,47.26996575498842],[13.21365218984344,47.260947867267824],[13.213693854809838,47.24295118982885],[13.246726478061337,47.24298186251425],[13.246749284571662,47.229484326253036],[13.21372508490515,47.22945366138581],[13.213777099615593,47.20695774405729],[13.253438508008946,47.17549900296931],[13.266628834963278,47.18000702029203],[13.29303819848192,47.16202324518508],[13.293045518863652,47.15302482539835],[13.299640838890346,47.15302713080531],[13.293060152132103,47.135027969477036],[13.279873991028733,47.135022215013315],[13.260062470822703,47.15750677941335],[13.220467600708982,47.16647187702972],[13.213839458848055,47.17996258711898],[13.194019327173237,47.18893800883542],[13.193995176775731,47.197936390654746],[13.180780176113933,47.202418350462864],[13.180608372853424,47.26090761799199],[13.18721713212623,47.260916433139165],[13.193765337360182,47.28342065656195],[13.206977497474483,47.28793553339545],[13.206955507472141,47.296933832943914],[13.233417331108217,47.29246154262463],[13.233461032133237,47.26996575498842]]],[[[12.058099792286736,47.21785915672581],[12.025198910598629,47.21298584664381],[12.005732594456406,47.199260821621195],[11.985702907519403,47.2080250473621],[11.991961463814283,47.221598595074084],[12.01826111588436,47.22640537786049],[12.044236094260597,47.244701770585564],[12.064053679054407,47.244924446539784],[12.064269961354833,47.235927292954635],[12.070874737134721,47.23600074098557],[12.057882535061513,47.2268563135106],[12.058099792286736,47.21785915672581]]],[[[13.339218477440195,47.25201522503579],[13.312789822750428,47.24751369676093],[13.312781870904754,47.265510387781454],[13.299560065880366,47.270006082486596],[13.29293177135059,47.2924995757705],[13.319381226152034,47.29700567943568],[13.339220298573775,47.283509399704],[13.339218477440195,47.25201522503579]]],[[[13.405336244777644,47.28348848795819],[13.385505665754472,47.287997939423626],[13.385522467723389,47.3059945508617],[13.411973638929148,47.301480906887],[13.405336244777644,47.28348848795819]]],[[[13.445052098169214,47.30595331860473],[13.471509674919373,47.30592503591364],[13.471463604012234,47.28792844786995],[13.445005770720138,47.283457566055624],[13.445052098169214,47.30595331860473]]],[[[12.769813795726265,47.35859239112218],[12.716900257170536,47.35381881941209],[12.70360600191811,47.358245316511365],[12.703444261712297,47.37174221791834],[12.762997620563363,47.37655537814353],[12.769813795726265,47.35859239112218]]],[[[13.021302777508382,47.37755798121523],[13.008112067786614,47.36852261136385],[13.014789033718085,47.35954325653453],[13.001603938447134,47.35050711443871],[12.981683790558584,47.35944542874749],[12.988126888909509,47.38646015954417],[13.007916240989703,47.400016062646905],[13.027794674574716,47.40007135132113],[13.034446557784692,47.395589951409924],[13.034549432195039,47.37759367427124],[13.021302777508382,47.37755798121523]]],[[[13.451942460713491,47.431921854296974],[13.458593552908562,47.4409130888412],[13.451962222910979,47.44091998544121],[13.451981991841103,47.44991810402018],[13.465279977908247,47.4634010747259],[13.485182443637797,47.463376919249136],[13.491763453822614,47.44537190358506],[13.505027219177231,47.445353117535795],[13.511704046069877,47.45884029283872],[13.53160476308214,47.45880807387035],[13.544818453196136,47.445287543992805],[13.544765040025196,47.43179038525675],[13.551395204646209,47.431778115531955],[13.551431942063628,47.440776222417036],[13.571345883109151,47.44523614882065],[13.584549660324397,47.43171058009705],[13.564597048190382,47.4182552475484],[13.60430266390684,47.404671488367285],[13.617628111466097,47.41813677031662],[13.597765222782142,47.422682981099626],[13.604485790997122,47.44066373922851],[13.730478430008112,47.440299175833744],[13.730411123965105,47.4313011930128],[13.743740704019253,47.44025273821773],[13.863055036967129,47.4352667487466],[13.843336818821767,47.45335234388366],[13.850101179340662,47.466819584332455],[13.923079333395753,47.46646897943432],[13.923279883114827,47.4844645495862],[13.936553063891797,47.48439578660582],[13.943293368842617,47.4933585758368],[14.003089339038373,47.497525449039294],[14.016481958325485,47.50644510150682],[14.036339991527049,47.501826375979476],[14.03616054498776,47.48832990546572],[14.042797546158056,47.48828918078509],[14.04255616035879,47.470293852203795],[13.96919510088421,47.439228339794305],[13.968979055065416,47.42123272378655],[13.9886978210818,47.407624350620054],[13.982070929209312,47.40766194399315],[13.981960756545611,47.39866411227144],[13.962083415287424,47.398774571659644],[13.948727322326118,47.38984841903941],[13.948309732336591,47.35385681059705],[13.92182899283561,47.35399553297655],[13.921928824147754,47.36299347487449],[13.91530748956489,47.36302720294087],[13.922328489713337,47.398985132879446],[13.935631293240501,47.40341541893004],[13.92920722642048,47.42144567668691],[13.915949880153946,47.42151359076634],[13.909125645130002,47.40355120116616],[13.829607925791672,47.40392171721229],[13.809566806038795,47.3860097424238],[13.783107729527122,47.39061533695819],[13.776557963213774,47.399639035532154],[13.743358366593249,47.39076372601727],[13.716891140495646,47.39535400427513],[13.716728851791952,47.372858858184856],[13.71010617258456,47.37288070554277],[13.710042424508366,47.3638826240954],[13.723285519969737,47.36383855338509],[13.716534287680538,47.34586459300633],[13.657042481156498,47.35954451349111],[13.650475029908295,47.36856102232411],[13.623986344490852,47.36863076745311],[13.617412116408165,47.37764536607378],[13.57769276353192,47.38223526015153],[13.557741758963271,47.364279297900836],[13.537876690929982,47.36431606048967],[13.53133816012696,47.38682302773184],[13.491577745781004,47.38238483114206],[13.5114048272436,47.36885881395762],[13.504739454586362,47.35537144573208],[13.517965116730087,47.3508520468484],[13.517918660617637,47.33735469780509],[13.524536977453701,47.337343982593865],[13.517903180514889,47.33285557640388],[13.517872228207475,47.32385732618644],[13.524488854314214,47.32384661368738],[13.51776397799095,47.292363375456965],[13.491326420152982,47.296901517461784],[13.498036118874738,47.32838629394529],[13.49141891933496,47.32839547482388],[13.484852368779007,47.34640076924235],[13.491471825461277,47.346391968527065],[13.49149829202594,47.35539020011012],[13.465026920687006,47.359922223603746],[13.458426600842888,47.368927715677486],[13.431888490750943,47.34195825237445],[13.412038224216209,47.34647228181626],[13.405383365489348,47.31948168529617],[13.378918978848782,47.31949465240707],[13.372327515957906,47.355489990653275],[13.359088251399116,47.3599925324973],[13.319371222893418,47.328499698063645],[13.319376940522329,47.310503130098276],[13.299532022131025,47.31049849114519],[13.292906002850055,47.32399360660924],[13.279667870625563,47.32848696875568],[13.279653433542153,47.341984365803064],[13.319358343767146,47.36899182984932],[13.35909215931737,47.36899076566134],[13.359096068553708,47.37798898802561],[13.37897730915223,47.39148059012031],[13.378991916459187,47.409476965446416],[13.365737146792096,47.409481157580316],[13.359105847415504,47.40048449524105],[13.345853336169922,47.400486384758096],[13.339227603109187,47.40948493723451],[13.299466418181543,47.404980005551174],[13.279566655180112,47.422968242975415],[13.253050346972385,47.422952065172076],[13.246474834335347,47.39145345164395],[13.233224602904027,47.39144229886826],[13.233268468379809,47.36894678253383],[13.226646178066863,47.36894063337997],[13.226683500305151,47.35094417363157],[13.246543605151222,47.35096146493645],[13.24657413602592,47.33296495786369],[13.213474796385036,47.33743336094202],[13.220122786352713,47.32394287982257],[13.206922508402263,47.31043126524622],[13.107717892555534,47.30577680585753],[13.087959361360022,47.28773887888329],[13.061534395034561,47.283179201739905],[13.021811892671137,47.29207514960391],[13.021865387912236,47.283076906578266],[12.995448463762717,47.27850193541886],[12.98889665111916,47.26948377710861],[12.909470826661131,47.282712233116584],[12.86331190654197,47.269032676891605],[12.850051240786502,47.27347623412837],[12.836915774519277,47.264421029162634],[12.837212852862415,47.23292744526442],[12.843817997700015,47.23295614295427],[12.844027173952783,47.21046065667317],[12.837467210066855,47.205932870952324],[12.817661920262871,47.20584452819019],[12.817573797489425,47.21484271183772],[12.810970927122135,47.21481249466537],[12.810390095886623,47.27330047224217],[12.803734636234758,47.27776889752338],[12.783949483602882,47.273175643266754],[12.784043423582183,47.26417753594899],[12.75775503044859,47.25054946244271],[12.72466666668325,47.254876268977824],[12.724458583028076,47.272872389249635],[12.731017168223625,47.277406642768135],[12.711185310157427,47.277299808379325],[12.711291636524846,47.268301768772034],[12.691518069567486,47.26369249474287],[12.671521840956412,47.27707580563336],[12.665082578535783,47.263540136376555],[12.645256061904972,47.263421849904354],[12.638528566889939,47.27237962836339],[12.612088895557443,47.272214997781006],[12.598743657918453,47.28112830810937],[12.585585540474705,47.27654319876398],[12.579297088342956,47.254004773776366],[12.55286679546559,47.253826426637936],[12.552533594769633,47.27632112727916],[12.539312895237954,47.276229619644056],[12.5328392502975,47.26718544114837],[12.499722237428228,47.27144700742072],[12.493255947930809,47.26240058089982],[12.466747824632327,47.26670119496506],[12.459989693933982,47.27564842587341],[12.440159172556909,47.27549451650382],[12.433779334624525,47.261945856965305],[12.407345619611114,47.261733809710044],[12.39396857074056,47.2706231657397],[12.387520474129762,47.26157075698006],[12.334739202785055,47.256620317669594],[12.328474314359193,47.238566953219376],[12.28214709127677,47.24264794581569],[12.256090997322653,47.22440579294424],[12.242883876961159,47.22427996010303],[12.23599982704593,47.23771266855526],[12.209674871669971,47.23295611149913],[12.196659458255418,47.22382750252348],[12.19685311955325,47.21483009327799],[12.17724322537818,47.205633099331244],[12.164040982442227,47.20549813694278],[12.143731196681214,47.22778612637414],[12.117315904022027,47.22750691169708],[12.110399569869179,47.24093202003493],[12.097188696848672,47.240789317974404],[12.103374890305838,47.258855298217036],[12.136413525479561,47.25920739239516],[12.143325647750915,47.24578073124141],[12.163144034424592,47.24598619743001],[12.169948514903814,47.237056576559326],[12.20258849448955,47.25538419643892],[12.242233053081325,47.25577109940804],[12.248655567140323,47.264831705097045],[12.308221153339309,47.260884112837275],[12.360423232647515,47.297338457497965],[12.373812680266893,47.28845305788532],[12.393567652966368,47.29311731568765],[12.393326938461966,47.30661377837237],[12.406475824733608,47.31122101466903],[12.426319653223723,47.31138077267756],[12.433241761554164,47.293437872019226],[12.466303879301844,47.29369447448991],[12.479382983735496,47.30279219439998],[12.591816001169882,47.303580168479186],[12.598618150717092,47.290126221116665],[12.611842423311556,47.290210861237256],[12.618332401764675,47.29925053245973],[12.66468278291609,47.29503309632557],[12.671182389012097,47.304069757829254],[12.777006369916966,47.304636767132614],[12.776863542495601,47.31813385617831],[12.756966992908788,47.32253400063039],[12.756818996672035,47.33603103548532],[12.783243913137452,47.34066116096292],[12.789443368622504,47.381184048536895],[12.776148309098227,47.385618961381276],[12.776052806358225,47.394616929469805],[12.782678156767311,47.394649167129984],[12.782583751415393,47.40364712917305],[12.802417721180458,47.40824054123424],[12.802235566100952,47.42623644992142],[12.815449824234886,47.430796483844674],[12.775670469322387,47.430608684550215],[12.769137369183289,47.421578125978954],[12.716054905665338,47.42580214297716],[12.696058044817379,47.43469055068919],[12.702472080320947,47.45272308205575],[12.795329374039278,47.45319909920645],[12.801870882548378,47.462228118237995],[12.82840639394664,47.46234878306349],[12.868289773651169,47.453520310738014],[12.888455739083126,47.42210688725911],[12.895084604542586,47.42213261685414],[12.89500933237811,47.431130626017186],[12.921529382315345,47.43122972321576],[12.921600129649415,47.42223169726115],[12.934857928813608,47.422278934673216],[12.934926390334134,47.41328088856661],[12.94155416789569,47.41330392766823],[12.935063243284354,47.395284760797345],[12.961629218244088,47.38637648789712],[12.961724986469399,47.37287932218824],[12.921988808611825,47.37274234328421],[12.921882877595243,47.38623947417168],[12.89542301149629,47.38164142843627],[12.881981869876688,47.40408473687549],[12.855516537274257,47.39947747458412],[12.8555984986107,47.390479450975114],[12.835766578035052,47.38589524417157],[12.83589452784016,47.37239820075299],[12.82269312179739,47.367840489188055],[12.829358331234051,47.36337100645686],[12.829574182828473,47.34087586566591],[12.856089679963763,47.33649107795734],[12.856171445878362,47.32749297928331],[12.836363117599973,47.32290883648231],[12.823392334607624,47.2958558992171],[12.86968348567493,47.29605434112432],[12.889446614300429,47.305131799246254],[12.94239386616242,47.30082736765977],[12.955556440198581,47.30987039042718],[12.995303460407554,47.30099750518806],[13.00180334378448,47.31901347056648],[13.028214850020087,47.328086051537646],[13.05473131048317,47.31915608557414],[13.05480318090606,47.305658736809335],[13.06805465891733,47.30119142824065],[13.061277108929957,47.33266951993666],[13.074467955760369,47.34169879859564],[13.094345099747832,47.33724342036746],[13.100923318114402,47.34625544822669],[13.120781596489032,47.346294583931225],[13.173764805644735,47.33738384246121],[13.17370945718598,47.35538031206836],[13.200145441389656,47.373411308359614],[13.206724158813063,47.39141539027455],[13.18682337885338,47.40038935934556],[13.186772420040873,47.41838568074899],[13.20001779497208,47.42290128647218],[13.199971318567515,47.44089755314048],[13.173362671467885,47.467857228070244],[13.173334864545673,47.476855297760196],[13.153411727538629,47.481324313779986],[13.153333650956654,47.50381939870862],[13.166597650267715,47.50833880904151],[13.193169143826038,47.5038759922034],[13.193218000070793,47.485879911933154],[13.206491978652995,47.48589569588024],[13.206514126996346,47.47689763244814],[13.219795783913678,47.472412838915076],[13.252972275950437,47.47244172401179],[13.252958065412242,47.481439801532055],[13.27286737631231,47.48145252469416],[13.286148798406531,47.472461004805936],[13.292798917707165,47.45446750611633],[13.272905195926192,47.44995918791975],[13.266284652585135,47.44095720866157],[13.279556996613948,47.43196639387546],[13.292813719761122,47.43647125220662],[13.299450763311404,47.42747542394338],[13.325969353061009,47.42748085539474],[13.345859952119254,47.436479045685424],[13.352497701448598,47.458973604750184],[13.365767447868292,47.46346999770036],[13.365775032759535,47.47696713581951],[13.37905044491196,47.481461977436716],[13.352510262027762,47.499464960085824],[13.365792745834613,47.50846033915577],[13.405625866573939,47.50394410928177],[13.418918552559544,47.512933326278485],[13.412284651811644,47.51743693506841],[13.41233022048101,47.54892990013384],[13.452199895410049,47.548896515962845],[13.465401356241653,47.512890367431815],[13.44545214436361,47.49941404153479],[13.425536043922998,47.49943129471594],[13.432141944281943,47.48142981699043],[13.412232639829694,47.48144475893801],[13.398949039443863,47.47245471922129],[13.398906175669396,47.4364622687511],[13.385640401036577,47.43196969530663],[13.412148271281442,47.42295701636117],[13.41211587148487,47.400461591061465],[13.431978272914808,47.391448483674324],[13.445247103876927,47.400434807244494],[13.491617503096316,47.39588210945381],[13.498270812712079,47.4048710866573],[13.52479404955743,47.409329550673945],[13.544676078741219,47.40929505931937],[13.54464051544322,47.400296908105595],[13.551266722252048,47.40028464563024],[13.551376840633553,47.42727905744463],[13.48506802152887,47.42288540129317],[13.451942460713491,47.431921854296974]],[[13.551266722252048,47.40028464563024],[13.557874018798959,47.39577292164703],[13.557892925936201,47.40027199950624],[13.551266722252048,47.40028464563024]],[[13.557874018798959,47.39577292164703],[13.56448018541267,47.391260813348794],[13.564499654247625,47.39575989297488],[13.557874018798959,47.39577292164703]],[[13.233136759389424,47.43643311523705],[13.24638297511999,47.44544240619519],[13.23311917265016,47.445431242028704],[13.233136759389424,47.43643311523705]],[[13.372386159284613,47.44097279697468],[13.372379977410029,47.431974656950615],[13.379010189533448,47.43197236806866],[13.379017503104237,47.440970507710176],[13.372386159284613,47.44097279697468]],[[13.75685931395924,47.422208818797166],[13.74356682540275,47.41775777766633],[13.756823419178605,47.41770982461127],[13.75685931395924,47.422208818797166]],[[13.57773396483214,47.39123337973427],[13.571085222287504,47.386748320860356],[13.57771336242808,47.386734321348904],[13.57773396483214,47.39123337973427]],[[13.637359080673482,47.391091921787734],[13.624084527005866,47.386626992603254],[13.637333394979823,47.38659287534467],[13.637359080673482,47.391091921787734]]],[[[13.16039341795277,47.37785625327306],[13.153770021488604,47.37784588469877],[13.153801111014783,47.36884768670168],[13.120708177804959,47.36429100311495],[13.094180211180726,47.373236222369904],[13.094138953863904,47.382234396124694],[13.100762887606182,47.382248217248616],[13.107308786826254,47.40025797797497],[13.133813605749763,47.40030791015387],[13.133848111645747,47.391309745803284],[13.153738921346395,47.38684407167077],[13.16039341795277,47.37785625327306]]],[[[12.299320183673233,47.37779168397957],[12.292697374659573,47.377731461876365],[12.292341477401365,47.39572625018036],[12.325553137353495,47.3915249092337],[12.325897684100664,47.37353000880337],[12.319362043983334,47.36897259817075],[12.29949691271512,47.36879426258864],[12.299320183673233,47.37779168397957]]],[[[12.630116723173128,47.407307379457905],[12.696658322002344,47.38520226018615],[12.696876325486812,47.36720643150311],[12.623854398188824,47.38027285265925],[12.610793041096548,47.36669285779204],[12.518159674616786,47.36156845288967],[12.517880758610062,47.37956390676122],[12.524434831793368,47.38410995238293],[12.577425903831692,47.38447365937131],[12.603734385835295,47.39814300956654],[12.623611433894663,47.39826850177482],[12.630116723173128,47.407307379457905]]],[[[13.312732047732544,47.37798888753716],[13.286225556926299,47.39147770387486],[13.299469547542847,47.40048091300135],[13.319349746540384,47.395986464114046],[13.312732047732544,47.37798888753716]]],[[[13.001175838829049,47.41799305404748],[12.981441979768318,47.39543792412293],[12.9615653455239,47.39537458433915],[12.954809740157721,47.41334885466448],[12.974600617357584,47.4269104654363],[12.987859636546768,47.42695156550905],[13.001175838829049,47.41799305404748]]],[[[12.655927964233538,47.46145461587752],[12.675829011551922,47.46157103948279],[12.676054441792317,47.44357545335619],[12.649470182483604,47.4479183947651],[12.655927964233538,47.46145461587752]]],[[[12.748298338203066,47.506957420301596],[12.734916672110781,47.51588633979088],[12.734813884057807,47.52488408521488],[12.767828257097044,47.54304886450583],[12.787807279775858,47.53864696966915],[12.787947899704045,47.52515031150844],[12.774664345768189,47.52508606212883],[12.774808298880108,47.511589387212034],[12.748298338203066,47.506957420301596]]],[[[13.545318296656276,47.5712595499755],[13.531922300354037,47.54428922551081],[13.5186336031756,47.54431112399416],[13.511959185447603,47.53532353571199],[13.492042848142399,47.53985132387335],[13.498770061260144,47.5668359294557],[13.505417260975664,47.56682632257737],[13.505489688450774,47.589321063569095],[13.518821034568072,47.59829855142962],[13.591987707663451,47.59815768679039],[13.585251282998525,47.58017669386512],[13.545318296656276,47.5712595499755]]],[[[13.339237830890804,47.58494688079355],[13.365830773265847,47.575945176193294],[13.365838390368765,47.589442039419765],[13.379142214659089,47.59393677925525],[13.379149573107945,47.60293465896953],[13.419053144359259,47.59841385857047],[13.41238236558762,47.58492163144846],[13.392433864022228,47.584933137472056],[13.399077981462353,47.58043073382145],[13.399051075062205,47.55793590794303],[13.379112805890816,47.55794509942219],[13.365813015094476,47.54445235770331],[13.33259077170162,47.54895511810555],[13.312647859993442,47.56694867082878],[13.3126418231828,47.58044555825455],[13.286028923789834,47.59843282206883],[13.292680134285492,47.59843553219633],[13.292672688587759,47.60743340357139],[13.339239146681184,47.60744159352124],[13.345890665723754,47.60294228861295],[13.339237830890804,47.58494688079355]]],[[[13.485526765663133,47.58484979878094],[13.438953962085874,47.57140403569361],[13.432339087568408,47.58940560788292],[13.452319097082558,47.602883983472424],[13.478938375009706,47.607352929408854],[13.485577911470735,47.60284554450961],[13.485526765663133,47.58484979878094]]],[[[12.759853682399173,47.6644836687951],[12.74013094782284,47.64188805683374],[12.740233054169778,47.63289051405084],[12.753593729658167,47.62845996368473],[12.746938907616029,47.628426042548895],[12.747039821831617,47.619428467984775],[12.7271309801011,47.61482562567622],[12.727339503494226,47.5968304441789],[12.720688703658501,47.59679500295949],[12.72079405007482,47.587797393381216],[12.727443711635617,47.58783282859434],[12.720846709756131,47.58329858247941],[12.727808159278672,47.55634104743395],[12.707924877623105,47.5517348180774],[12.661120825277404,47.573964792979844],[12.6610052939547,47.58296236989707],[12.674246677066225,47.587538567399896],[12.674076691199529,47.60103490979197],[12.687323765990525,47.60560958322812],[12.69375567114178,47.623642042485265],[12.700409851415388,47.623679042702754],[12.700300941062643,47.63267656659001],[12.686990310313496,47.6326021683047],[12.686823453873734,47.646098402572406],[12.706740618575223,47.65070819562224],[12.739773299804064,47.6733793166175],[12.759853682399173,47.6644836687951]]],[[[12.66679509924824,47.65048261247621],[12.633447225056466,47.65478273203922],[12.633266530494048,47.66827881985666],[12.639866643821467,47.67281801179582],[12.67977278228791,47.67755165049304],[12.679997788717195,47.65955680068041],[12.66679509924824,47.65048261247621]]],[[[13.292568178897282,47.733401753788534],[13.319245879180453,47.71991232521071],[13.325917774929064,47.6929201083826],[13.299268179203363,47.688415799145425],[13.299258685452223,47.7019123350468],[13.272595910277849,47.70639953635303],[13.27257954795878,47.71989601217464],[13.245897601953292,47.728875822473874],[13.245874357647795,47.742372220499504],[13.27921684830229,47.746892322110945],[13.279231510276986,47.733395933528975],[13.292568178897282,47.733401753788534]]],[[[12.9326201332742,47.714707558978645],[12.905882879819709,47.7236085210477],[12.919037913475202,47.74615126265784],[12.945750922974696,47.74174603510124],[12.9326201332742,47.714707558978645]]],[[[14.503926108950498,46.43159201382765],[14.477806268361226,46.427360845664055],[14.478188764084129,46.445355245589774],[14.504219542122048,46.44508775041994],[14.503926108950498,46.43159201382765]]],[[[14.166009645687781,46.46159150330882],[14.140036803021136,46.46627953866033],[14.140238933975793,46.47977614271557],[14.159844682618937,46.48413364224773],[14.172659840795845,46.47054095568394],[14.166009645687781,46.46159150330882]]],[[[14.283585040113977,46.48315946955012],[14.309635050591877,46.4829370363469],[14.30939032444611,46.469440762795585],[14.28334686144073,46.46966313971245],[14.283585040113977,46.48315946955012]]],[[[13.724183584072025,46.58546245679518],[13.691586521493562,46.590069190585545],[13.69164623561221,46.59906744208858],[13.698173272819979,46.599046670251916],[13.698234103717313,46.60804492614322],[13.724281369677751,46.5989598037952],[13.724183584072025,46.58546245679518]]],[[[13.68680036616895,46.85554286299897],[13.667153044065248,46.86010125703952],[13.667236907802955,46.87359880270892],[13.693449272675682,46.869019890295114],[13.68680036616895,46.85554286299897]]],[[[13.758978304653336,46.85979566507067],[13.732776111923839,46.86438973606694],[13.732843102451174,46.87338806465388],[13.739437750078965,46.87786406444252],[13.765645993660286,46.87326845093589],[13.758978304653336,46.85979566507067]]],[[[13.831376765753308,46.886498131516255],[13.785403532945198,46.882190421201656],[13.778954078408637,46.89571370110194],[13.805286581478432,46.90460637478525],[13.838066108621128,46.89996665517679],[13.831376765753308,46.886498131516255]]],[[[14.140196301709251,46.911724523923965],[14.153395438016558,46.916129623366125],[14.15353358998266,46.925127576191784],[14.1798002620049,46.92493521238247],[14.17958639448123,46.91143833188297],[14.166456410708681,46.91153524961882],[14.159682632085662,46.89808622157142],[14.139992523138947,46.89822757134319],[14.140196301709251,46.911724523923965]]],[[[13.733413435983833,46.94987388577726],[13.753088218027704,46.94530399566747],[13.752982471457404,46.9318065148282],[13.726711288072032,46.93190002918128],[13.733413435983833,46.94987388577726]]],[[[14.048585532450213,46.93483427198037],[14.009177494078497,46.93507495274121],[14.009519057262114,46.962069288903386],[14.042375776891419,46.961869571138344],[14.048585532450213,46.93483427198037]]],[[[13.759800966288656,46.96327629123206],[13.753158745525013,46.95430231563799],[13.71376721421604,46.95893953512459],[13.700686572559267,46.96798086064934],[13.700809976171978,46.98597755599538],[13.759944364447712,46.9812729184469],[13.760051976727809,46.99477038532218],[13.792891036304013,46.990143739829534],[13.792736466428149,46.97214715819838],[13.759800966288656,46.96327629123206]]],[[[14.108545758004055,46.99293461003076],[14.128203991928205,46.988299730815164],[14.12800296354447,46.97480276214768],[14.101711484822063,46.97498312711721],[14.108545758004055,46.99293461003076]]],[[[13.78000403625277,47.021689910157896],[13.806319508221947,47.02158404852387],[13.806160300716899,47.00358749741447],[13.779853737807967,47.00369332330908],[13.78000403625277,47.021689910157896]]],[[[13.65513933447221,47.04460541960135],[13.68807794778849,47.04900745570754],[13.694629875525509,47.04448771668681],[13.694508429511432,47.02649103999291],[13.661610803551639,47.0265900450415],[13.65513933447221,47.04460541960135]]],[[[14.37926225245548,47.04926548599742],[14.398917584460948,47.04458377878819],[14.398647571902892,47.031087389866954],[14.37232930195489,47.03133042887784],[14.37926225245548,47.04926548599742]]],[[[14.208130372317296,47.05070706538818],[14.195184348015218,47.06430410235689],[14.208499908023294,47.07320171271985],[14.234687321520628,47.06399879035013],[14.23438284644349,47.04600313660853],[14.208130372317296,47.05070706538818]]],[[[14.347381049208456,47.10354867147677],[14.333950002610903,47.090168511071994],[14.333611729716095,47.072173157639746],[14.293616356852759,47.04551960248202],[14.273951417684323,47.05018309765816],[14.281093840017018,47.08162076263468],[14.2942656727183,47.08151056884571],[14.288002518046387,47.099561335083955],[14.294671942318976,47.10400489114292],[14.33437316635642,47.112662678811425],[14.347381049208456,47.10354867147677]]],[[[14.011117610692278,47.088042644892845],[13.997887555680533,47.08362100665576],[13.99760717235853,47.06112576809664],[13.990968041159446,47.05666482644586],[13.977801847013238,47.05673990042126],[13.958316084594456,47.07934498997706],[13.931921816190146,47.07498697222825],[13.911726476335017,47.0345969408555],[13.891985220894808,47.034695216953025],[13.885544390349889,47.04822452502344],[13.892126497102359,47.048192520218635],[13.892220721115205,47.05719071863606],[13.865887786063832,47.057316472499295],[13.86597757934805,47.066314688893534],[13.79354912645757,47.06662911890455],[13.79366545674599,47.08012651656479],[13.806917497350284,47.08907101628705],[13.905628420521584,47.07962100849608],[13.932174425902634,47.09748235020373],[13.984879678030977,47.09719403214003],[13.991634547175096,47.11065340748504],[14.004814102080259,47.11057673122837],[14.018167164611347,47.123995610830875],[14.037881860506241,47.11937639928381],[14.037643818708425,47.101380323557386],[14.01787797016509,47.1015004683625],[14.011117610692278,47.088042644892845]]],[[[14.155819855982337,47.073593614175],[14.136132445824945,47.078233258256866],[14.136335933262052,47.091730167589084],[14.142991660390265,47.09618260613875],[14.162685129510992,47.09154177830812],[14.155819855982337,47.073593614175]]],[[[13.536850523921947,47.09436613011964],[13.556633228876054,47.09882876232857],[13.563144797619113,47.08081896783264],[13.543385820877463,47.08085667955452],[13.536850523921947,47.09436613011964]]],[[[13.609390952535955,47.107713946552046],[13.67525812837797,47.10303745932877],[13.675200613065794,47.09403913491615],[13.655409831018323,47.08959715597019],[13.648769458580222,47.08061711152453],[13.589514622160694,47.08526379692508],[13.589557598140834,47.09426216308171],[13.57640206612735,47.09878993744597],[13.583074355477692,47.11677255206703],[13.602846583427144,47.11672793115857],[13.609390952535955,47.107713946552046]]],[[[13.715371063445023,47.183897269030695],[13.748366263031139,47.183782687818336],[13.741836155923066,47.192804603003644],[13.748471335474632,47.19728003155767],[13.774874115548153,47.1971814642008],[13.774799576395115,47.18818325330291],[13.787921930879747,47.17913347667667],[13.787806846424935,47.165636152178784],[13.77453888851608,47.15668946598604],[13.82070820921365,47.15650240169527],[13.820584826844595,47.14300508989006],[13.827178737848683,47.14297684605727],[13.83389938231593,47.15644551783788],[13.853686087966343,47.15635732797223],[13.853598228692679,47.14735914597571],[13.879929763446505,47.14273715132288],[13.87979133997771,47.12923989539102],[13.846830395581478,47.12939252926333],[13.820297178648882,47.1115113169366],[13.774204172906765,47.11619735317819],[13.774129860995062,47.10719909233725],[13.741113647138121,47.098322853911064],[13.734457684638311,47.089347820833716],[13.76728438623456,47.07573030345251],[13.760590858148174,47.062257647148535],[13.7408390814939,47.06232967021742],[13.727737575880338,47.07137408884234],[13.688197265496855,47.067004124529745],[13.675085640882786,47.07604247397382],[13.68187646217896,47.10751678881301],[13.662218377620977,47.12557178155386],[13.662329089135373,47.143568406051514],[13.695360281802607,47.15246747115061],[13.69548230532993,47.17046402957188],[13.688884913691645,47.17048464810426],[13.688944836017432,47.17948292193763],[13.669177557093853,47.18404163530958],[13.669262448727505,47.19753904464747],[13.689094730839265,47.20197857892457],[13.715371063445023,47.183897269030695]],[[13.754574318226892,47.13426827138469],[13.774278510016167,47.1251956093477],[13.77435287233609,47.134193860626425],[13.754574318226892,47.13426827138469]],[[13.75453881190457,47.12976914008772],[13.73472805902823,47.125340970809624],[13.754503311601812,47.12527000754122],[13.75453881190457,47.12976914008772]],[[13.734694242177763,47.12084183105003],[13.701800217698565,47.12995075759855],[13.695146939705158,47.120973441646626],[13.721446449453412,47.11188893702613],[13.734694242177763,47.12084183105003]]],[[[13.932882873261912,47.16046925607085],[13.965916336708617,47.16479074801024],[13.965702521156288,47.146794580477305],[13.939274065989386,47.142438288896],[13.932882873261912,47.16046925607085]]],[[[13.636080132974948,47.16613669289785],[13.616313291184316,47.1706862407928],[13.616384692292105,47.18418370028468],[13.623008184472969,47.188666428128506],[13.642781160049621,47.18411572448335],[13.636080132974948,47.16613669289785]]],[[[14.348669042990155,47.171030875141625],[14.309086960608457,47.1713757654954],[14.302571959694971,47.175930746493805],[14.302900348848839,47.19392607466584],[14.335899530811716,47.19364141030939],[14.342670329569206,47.20258092726701],[14.362385794297014,47.19790558506664],[14.362124307931769,47.184409228008874],[14.34884102331333,47.18002847789145],[14.348669042990155,47.171030875141625]]],[[[13.82083165439441,47.16999970075418],[13.794442505396662,47.170108913586645],[13.78799868640787,47.188131685292554],[13.794598231689125,47.18810532812548],[13.794715095815139,47.20160262224712],[13.821119937686772,47.20149334482721],[13.821037536074204,47.192495168848225],[13.827637607902343,47.192466898763435],[13.82083165439441,47.16999970075418]]],[[[13.589988159913034,47.18424556269024],[13.583452045933013,47.197757537719504],[13.590074447628666,47.20224217404659],[13.61645612975154,47.197681145598885],[13.609762321015738,47.17970058603919],[13.589988159913034,47.18424556269024]]],[[[14.369337188479122,47.21584107085818],[14.349443414574246,47.211520035376225],[14.336409356284722,47.2206342069718],[14.336579413621527,47.229631791306716],[14.34996032035121,47.23851272902469],[14.34361189772426,47.252067575206894],[14.35021897095793,47.252009049670974],[14.350391477993186,47.261006586569025],[14.376912641083061,47.26526736424934],[14.389413244163944,47.22915613783252],[14.36960066918838,47.22933737551355],[14.369337188479122,47.21584107085818]]],[[[13.590225592155237,47.23373617800526],[13.563781509180975,47.22929226961841],[13.557214291991963,47.23830358699033],[13.530790579177117,47.23835172310663],[13.52424860645806,47.25635945651457],[13.570525754596007,47.2607730024404],[13.583704481095575,47.25174723976509],[13.590225592155237,47.23373617800526]]],[[[14.364482491051508,47.30587582183534],[14.357868699856605,47.30593517257692],[14.358216729956256,47.323930109096054],[14.378064815275405,47.32375084755735],[14.391117120777588,47.31463201217211],[14.390757952163264,47.29663715804458],[14.364307439306144,47.296878349222375],[14.364482491051508,47.30587582183534]]],[[[14.03401433431413,47.326370042108465],[14.060542592105639,47.330704260285486],[14.060295882656728,47.31270856424109],[14.033776678046095,47.30837428066818],[14.03401433431413,47.326370042108465]]],[[[14.007948111193025,47.358021195153114],[14.001327458776807,47.358059903533736],[14.001440847694665,47.36705776661158],[13.98163046378948,47.3716705482051],[13.981850621433864,47.38966626891926],[14.00172448907695,47.38955237629909],[14.028045854328228,47.37589843227647],[14.027810009555502,47.357902770126024],[14.047550571601581,47.34878306873564],[14.047368780057894,47.335286309415295],[14.02745654352031,47.33090919759307],[14.007776408412688,47.34452439046534],[14.007948111193025,47.358021195153114]]],[[[14.499428721860072,47.42607036123273],[14.479445008427072,47.421772124282846],[14.485386855784487,47.39021569463037],[14.472041551388056,47.385849409304676],[14.478567823483756,47.38128485144596],[14.478178395219706,47.36329043248442],[14.484799227911004,47.363224116876225],[14.484016657793845,47.32723519371002],[14.497150382072393,47.32260288731381],[14.496952687065388,47.3136056483321],[14.470397613278465,47.30937278439633],[14.463495584183782,47.29594229900816],[14.44365823871232,47.29613639988758],[14.443941098837064,47.30963241704613],[14.424098544149508,47.309823120906515],[14.417760575535603,47.32338198276169],[14.385038095598949,47.34168514323002],[14.391926144897047,47.3551202887025],[14.411785836805763,47.3549351722331],[14.43136542847377,47.34125063230432],[14.43117886808676,47.33225330308072],[14.463879516712804,47.313936918109775],[14.458124567076192,47.354489820182586],[14.451504796546104,47.35455459163082],[14.458411437979645,47.36798570506736],[14.445263024561552,47.37261353120415],[14.451980175717193,47.37704774667867],[14.452932150203296,47.42203384127714],[14.446398616187887,47.42659690951379],[14.453027436957456,47.426532434125306],[14.45359949896175,47.45352392450658],[14.48012819480795,47.4532620525168],[14.479932915436887,47.44426494624176],[14.499726555719315,47.439566003625316],[14.499428721860072,47.42607036123273]]],[[[14.134010501256547,47.37520833594006],[14.147186746458495,47.37061632689874],[14.140358984148,47.35716653261138],[14.120497632058882,47.35730450623711],[14.100896849242327,47.375434535474355],[14.101157698691361,47.39342999636455],[14.114540461462747,47.4023383347503],[14.114739672917871,47.415834859805585],[14.141182184603968,47.4111526369048],[14.140907597368749,47.393157314433665],[14.134282642934231,47.39320372031755],[14.134010501256547,47.37520833594006]]],[[[13.830071345541946,47.45341031387255],[13.803460519162973,47.4445237281807],[13.796986227107434,47.462546427639055],[13.830155697131472,47.46240819959508],[13.830071345541946,47.45341031387255]]],[[[14.274684546268087,47.464128280678686],[14.261970394250678,47.495727086331826],[14.28860260653665,47.500008255633894],[14.301466679180084,47.4774038728904],[14.294831285002033,47.47745957324999],[14.294585714574536,47.46396352630041],[14.274684546268087,47.464128280678686]]],[[[14.30336662885834,47.58087237943294],[14.323565385954893,47.59419834153576],[14.343515642135804,47.594025097654935],[14.350339317689894,47.60296365182759],[14.416757918587976,47.59785871332501],[14.423129236294828,47.58430049835306],[14.40964798348067,47.57542858457219],[14.40937249429774,47.56193303484672],[14.382788648441961,47.562178510530025],[14.38305731582874,47.57567412257241],[14.343170856656524,47.57603088413306],[14.336437470410997,47.57159042895935],[14.342740206398485,47.55353802669183],[14.329365335655192,47.54915522631247],[14.329195479978557,47.54015802858173],[14.38234117562018,47.539685745097394],[14.402179409779707,47.535003743953396],[14.408546874068367,47.521446175072604],[14.448486582266256,47.525565231367075],[14.45474538199908,47.507506543328056],[14.46821683793151,47.51637327463264],[14.488137084233754,47.51617490808327],[14.501218014518267,47.507043766369264],[14.547689813738378,47.50656215705052],[14.574033185044499,47.49728163618276],[14.57371598708366,47.483786318794344],[14.493886595235034,47.47562146394879],[14.480421238864485,47.4667576871232],[14.467443323008943,47.48038506205605],[14.447536534505675,47.48057983709128],[14.434546704687243,47.49420345471597],[14.38826461843683,47.50363639848359],[14.38180471278776,47.51269430098679],[14.308683482786424,47.508838377329255],[14.302126684476539,47.513393141119785],[14.309016037055276,47.526832920632174],[14.302374419084538,47.52688905734817],[14.302539646059628,47.53588631624821],[14.29589687854962,47.53594207789376],[14.295650762253432,47.522446169790555],[14.275566882124451,47.51361378692769],[14.229163026478464,47.518483809712755],[14.196253737303755,47.536732353466505],[14.196621605679235,47.55922579199795],[14.183402426229963,47.56382335042353],[14.183619924466335,47.57731938000684],[14.197137150089661,47.59071644083429],[14.230232916504322,47.58146510721166],[14.230385967134737,47.59046237234632],[14.256905977969017,47.5857535752925],[14.270524033245378,47.60364057226366],[14.29047804573249,47.603476540435096],[14.296882606986967,47.589925362545614],[14.276692256055565,47.5765946982136],[14.276370445751507,47.55860022938465],[14.236342258761086,47.54992262395571],[14.289417108846273,47.544994717548605],[14.289661731117747,47.558490582579864],[14.309681828009754,47.56282182658419],[14.30336662885834,47.58087237943294]],[[14.236342258761086,47.54992262395571],[14.223128890015255,47.55452476416597],[14.223053030981058,47.550026097406864],[14.236342258761086,47.54992262395571]]],[[[13.638415974408481,47.57555006352769],[13.72477610207485,47.566292210028905],[13.724676373298644,47.552795518652836],[13.691358518394848,47.539406448370876],[13.658112676746805,47.53500555429463],[13.644879258201671,47.54403994401071],[13.611657949508007,47.54412452796023],[13.611728661795476,47.55762132529724],[13.638364246798725,47.56655224487004],[13.638415974408481,47.57555006352769]]],[[[14.04346220798638,47.537776043443266],[13.990204131327573,47.52909374305482],[13.98367266462942,47.538129060639356],[13.910595522358502,47.538518218088655],[13.910792075559677,47.55651358095393],[13.850892406211933,47.54779974038601],[13.844378172820173,47.5613259383743],[13.824480881721497,47.565911353823594],[13.817957610067296,47.57943600468999],[13.82464806066813,47.583906758508405],[13.811390300027355,47.58846140692089],[13.811471670011505,47.59745908646801],[13.804820734551573,47.597486417225305],[13.804700397392939,47.583989884868664],[13.784752672395792,47.58406954656665],[13.758263999616887,47.59766695080667],[13.72497571313748,47.593285486220985],[13.725075595502648,47.606782069544266],[13.73844878510787,47.61573395041365],[13.70521391811883,47.6203444627729],[13.705340403065383,47.6383398198202],[13.731998908450969,47.64275004378781],[13.725442269829246,47.656269215126116],[13.73886265111548,47.66971974994352],[13.758842995471126,47.66964805743696],[13.7587705342252,47.660650480570084],[13.785329339202043,47.65155193164125],[13.78513695242489,47.62905790982944],[13.845118387444602,47.63780589941356],[13.851862773196277,47.64677379287977],[13.918483839243146,47.65095465329078],[13.91823443373891,47.62846088401531],[13.911530348653635,47.62399562574775],[13.871558938869201,47.619689797045204],[13.858340942922421,47.62874861718816],[13.844944025542134,47.6198107229282],[13.84481333242963,47.606314295793034],[13.8381612940252,47.60634355679141],[13.84463917926723,47.58831900133776],[13.937580581400436,47.57437266268023],[13.944124467019394,47.56534003200737],[13.970711559081805,47.56519613946514],[13.97724861307133,47.55616160551068],[13.990539811187087,47.55608659341026],[13.990651781004825,47.56508417949991],[13.997298502627432,47.56504608988558],[13.990819807546933,47.57858052909743],[13.997524832084318,47.58304120180578],[14.030710226360362,47.57834615978867],[14.037298594684735,47.573806995082236],[14.037178625863016,47.564809471185676],[14.030531963726618,47.5648498696569],[14.037058698062461,47.555811931563824],[14.070537435663063,47.57359919549454],[14.090480612071811,47.573469897329275],[14.096867952849305,47.55543109357482],[14.070160599889213,47.54660668228703],[14.076678263732434,47.53756646138251],[14.089964610960363,47.537479936312316],[14.103447740164874,47.55088811488075],[14.123382223014953,47.550753100883725],[14.13687727289517,47.56415731785232],[14.17010958578717,47.56392069363006],[14.16975301869058,47.54142719140404],[14.16310942120476,47.54147526548866],[14.169681741836653,47.536928479446686],[14.169183144757346,47.50543739165057],[14.155694919408045,47.492036831403574],[14.135782744973698,47.49217746111179],[14.135509580107076,47.474182352716646],[14.148641062861604,47.465091456600994],[14.14180069113149,47.45164193435573],[14.1153379192007,47.45632426865993],[14.109034926440925,47.47886321522827],[14.069220199207212,47.47912481027199],[14.056194540045796,47.49720420832369],[14.036339991527049,47.501826375979476],[14.04346220798638,47.537776043443266]],[[14.056194540045796,47.49720420832369],[14.062894738051789,47.50166112982731],[14.056256067086668,47.5017030178883],[14.056194540045796,47.49720420832369]],[[14.062894738051789,47.50166112982731],[14.076298537129766,47.51057378767661],[14.063081084118668,47.51515752650756],[14.062894738051789,47.50166112982731]]],[[[14.490307225417826,47.615140864899615],[14.516715156327534,47.605873713762364],[14.516412019146193,47.59237851508293],[14.529711278310756,47.59224107597993],[14.536052780998999,47.57867659538517],[14.502713299921766,47.57452071208357],[14.503012817490982,47.58801599497731],[14.489714558648267,47.58815034310398],[14.495966648601291,47.57008962005086],[14.475928494053464,47.56579088010583],[14.46899141085507,47.55236125145288],[14.442507308002225,47.55711903568125],[14.436520855455452,47.58867233858601],[14.443170125767232,47.588608436405345],[14.443359648098674,47.59760537134178],[14.43015246259998,47.602231284332504],[14.430433500416699,47.615726674981374],[14.470446594294945,47.619838023295024],[14.470155258744308,47.606342743691094],[14.483458171162768,47.6062106604055],[14.490307225417826,47.615140864899615]]],[[[14.303863497920794,47.60786382433068],[14.283989013934644,47.612528754204476],[14.284232555901047,47.626024449405996],[14.310765683085226,47.62130325358395],[14.303863497920794,47.60786382433068]]],[[[13.813309883195657,47.799902104929615],[13.786525823541742,47.791012251903695],[13.773062126454974,47.77756767095761],[13.739658276706235,47.773190657858216],[13.712771003300908,47.74628881979997],[13.699431261491188,47.74633166369415],[13.69936889242399,47.737334214134904],[13.672665037489491,47.7329165153569],[13.67260727760434,47.72391902235842],[13.659245468326564,47.71945845926564],[13.659106896955143,47.69696460159078],[13.665770509255733,47.69694570718024],[13.658968444246838,47.67447062592428],[13.625639772162703,47.67006045717918],[13.625590141488614,47.66106281058924],[13.685461691217386,47.65189870917166],[13.685341984608382,47.633903383187075],[13.672030766111764,47.633943053973184],[13.68528216202978,47.62490569408758],[13.685222359921115,47.615907987878444],[13.671886946434386,47.611448782450964],[13.671800713659941,47.59795216898705],[13.68501321358993,47.58441588460245],[13.671657090646569,47.575457731359556],[13.645090646196534,47.580031268800354],[13.638519482698284,47.593545652955996],[13.605359066418606,47.611623942415754],[13.605405185526873,47.62062169340568],[13.585464677867312,47.625165611109345],[13.578976562591905,47.661170693689655],[13.60570534475102,47.67910665077106],[13.605751582413285,47.68810426892582],[13.585828288103237,47.70164577442837],[13.539156822426026,47.69724040979336],[13.532526784478476,47.70624961847314],[13.519197053230293,47.70627158363798],[13.492510737974426,47.697313223984956],[13.459223696248616,47.710850152609815],[13.45925537337422,47.724346601908785],[13.439227307529473,47.71086978963923],[13.412565435181032,47.71089056974768],[13.405917914850415,47.72439126061021],[13.38592061758389,47.72890044999145],[13.385937701927766,47.7468956459684],[13.399294060978661,47.760385453243174],[13.432652888363917,47.7603623509801],[13.499314390041373,47.742292076445416],[13.505983841410693,47.742282437881464],[13.506012998928094,47.751279996628476],[13.532695358933662,47.75123757393829],[13.532661620922878,47.74224002235812],[13.545964477827438,47.73321893025608],[13.639324078768965,47.73300912106786],[13.659467429720925,47.755448377478956],[13.679451083721029,47.75089175588186],[13.692853258210393,47.759848648289015],[13.692914534950107,47.768846050704255],[13.719704306372137,47.7822563697475],[13.719770223013342,47.79125370560206],[13.739831654545396,47.7956839816296],[13.746613617086249,47.80915633849246],[13.739970464018608,47.81367854484369],[13.753399071481624,47.82262824795472],[13.773475375851161,47.8270526347825],[13.786758137100602,47.818004008709515],[13.806795020322689,47.81792399586073],[13.813309883195657,47.799902104929615]]],[[[13.952723007355374,47.73175760230414],[13.932770516849002,47.73636161483457],[13.932924185720257,47.749857534774804],[13.966275080867879,47.749679940284054],[13.952723007355374,47.73175760230414]]],[[[13.81969563787458,47.76838381287739],[13.846386091155853,47.768268729705014],[13.846254656861728,47.75477276489701],[13.826199904917148,47.75036096217933],[13.81969563787458,47.76838381287739]]],[[[13.973163993426056,47.76763767930833],[13.96638329729035,47.75867716492334],[13.939749848846576,47.763318653755725],[13.946631460013094,47.78127791546035],[13.939957261571674,47.781313069021486],[13.940112914617643,47.79480882538304],[13.960194266316924,47.79920074425578],[13.973437655964622,47.7901305831701],[13.973218707142552,47.7721362705396],[13.966545691587095,47.77217296342631],[13.973163993426056,47.76763767930833]]],[[[13.835105968531654,48.68594089583342],[13.834975171615014,48.67244972123329],[13.82135306370398,48.66800958535883],[13.814731050279947,48.68602575116742],[13.835105968531654,48.68594089583342]]],[[[14.779338815025474,46.50939016708639],[14.759912894118534,46.51413751103218],[14.76015174100245,46.52313427134913],[14.766788504524417,46.52755001515185],[14.786218674374469,46.5228014763818],[14.779338815025474,46.50939016708639]]],[[[15.006999219755112,46.7042515044265],[15.026472074599182,46.69946145490279],[15.026045423845375,46.685967080604286],[14.999900679566512,46.686355422272285],[15.006999219755112,46.7042515044265]]],[[[14.656115254609704,46.79889470339459],[14.630021903734848,46.80369597095813],[14.630240153243037,46.81269315559135],[14.6500077969206,46.81696523401301],[14.656115254609704,46.79889470339459]]],[[[15.062793397827946,46.811419813363685],[15.043282935188836,46.81621614803285],[15.04371498918668,46.82971054556254],[15.076483299523835,46.82921147568937],[15.076189715246842,46.82021529449223],[15.062793397827946,46.811419813363685]]],[[[15.11760785838127,46.88257656604998],[15.084659455773412,46.87858944900714],[15.07183321066825,46.887787365708704],[15.052150653445855,46.888087136530444],[15.046167430190065,46.906178844958085],[15.085545763437928,46.90557796103023],[15.11149752039849,46.89617367185672],[15.11760785838127,46.88257656604998]]],[[[15.020056982737092,46.91107000511639],[15.000506159250731,46.915858977346176],[14.994642450560304,46.93844615850796],[15.0143439518733,46.93815637302919],[15.027192264670278,46.92896496167794],[15.020056982737092,46.91107000511639]]],[[[14.648324776016699,47.01497882167511],[14.628264856447732,47.001709241094574],[14.615438442048527,47.015353944079244],[14.6353902873668,47.02412719466623],[14.648324776016699,47.01497882167511]]],[[[14.931937133038748,47.038349460642124],[15.004029524753701,47.02831371192881],[15.003605933789034,47.014819161597565],[14.95729449932704,47.006489156483866],[14.950308924710322,46.99308807573044],[14.930721665397638,46.9978650137526],[14.937838514376233,47.01576556227783],[14.931261644670498,47.01585810839887],[14.931937133038748,47.038349460642124]]],[[[14.886535484816442,47.061478492796184],[14.860204873966753,47.061834510042],[14.860592385380281,47.07532954915037],[14.8673065159636,47.07973943084441],[14.886929687295352,47.0749734416506],[14.886535484816442,47.061478492796184]]],[[[14.748535307110897,47.07227649910086],[14.722433444108493,47.08159754869578],[14.735841427596679,47.090433210474565],[14.75548033396343,47.08568990945628],[14.748535307110897,47.07227649910086]]],[[[14.505601763861753,47.106532233186286],[14.53205810414854,47.11075699827806],[14.53155116880898,47.08826363546949],[14.498717207078554,47.093103651578296],[14.505601763861753,47.106532233186286]]],[[[14.875065373178979,47.12013549894234],[14.862144402781341,47.129309603412565],[14.875587709764313,47.13812875976217],[14.895231744361277,47.13336135536065],[14.89483499586024,47.119866475868044],[14.875065373178979,47.12013549894234]]],[[[14.869125636092074,47.14271602040918],[14.842626719594051,47.138569650861854],[14.848962220558157,47.12948554849765],[14.842371096747621,47.12957294870747],[14.84211556059824,47.12057624103321],[14.828935483269358,47.120749867430455],[14.816006385722888,47.129918733951385],[14.823102218997489,47.147826346427465],[14.816508772655212,47.147912249428984],[14.816885786663605,47.16140737052057],[14.850118240598755,47.16997059505006],[14.869516009810095,47.156210969090374],[14.869125636092074,47.14271602040918]]],[[[14.740245862837655,47.25687587733618],[14.687273047692289,47.25301553686662],[14.680894998739097,47.262090530901034],[14.654575390143421,47.26689741329111],[14.654911924702773,47.28039290174092],[14.694572918836442,47.279927876523764],[14.70814329569362,47.29326511676986],[14.72136676512662,47.29310547589926],[14.7275048270901,47.27503141126163],[14.740604193844934,47.270371119103785],[14.740245862837655,47.25687587733618]]],[[[14.525740378162693,47.41680081251063],[14.51941569207161,47.430365107127905],[14.532878307248973,47.4392243523822],[14.55266533024647,47.43451625789476],[14.545622792468324,47.41659245532765],[14.525740378162693,47.41680081251063]]],[[[14.679543176993539,47.469095647471434],[14.699211892967439,47.45986390499985],[14.692347643918,47.450945930500694],[14.711889933037384,47.43721362213793],[14.71851972456761,47.43713377730754],[14.725623789818053,47.455046843174],[14.765171589770336,47.44556068839442],[14.771434843355516,47.43198291885561],[14.784569314826467,47.42731767890593],[14.777694871903451,47.41840477880557],[14.790949500683771,47.41823708639432],[14.79732748981012,47.409156126196436],[14.810579731527946,47.40898616067689],[14.830967905975747,47.42672125535356],[14.850852692117062,47.4264598897486],[14.843709958922538,47.40855453436456],[14.856832199125158,47.40388099068359],[14.856443237842363,47.39038634787106],[14.816448287283981,47.38191104357217],[14.803327936121306,47.386579971342876],[14.803578146215314,47.39557652591713],[14.777080269615645,47.39591330287179],[14.764074724564548,47.40507601808902],[14.76431832691097,47.41407263354096],[14.717930138490587,47.41464205262461],[14.678511567154784,47.4286103289082],[14.65896377533697,47.4423369589486],[14.659189607994245,47.45133373904468],[14.579926896360185,47.46572069219775],[14.57371598708366,47.483786318794344],[14.59373090518659,47.48806805410986],[14.626581857083488,47.474204001679595],[14.679543176993539,47.469095647471434]]],[[[14.506257079797996,47.434999902494035],[14.500024542055822,47.45306161706334],[14.506756552700798,47.457492562889065],[14.5264511579642,47.448290483093615],[14.51951666653818,47.43486363736308],[14.506257079797996,47.434999902494035]]],[[[14.953308902875065,47.52405834441966],[14.980010595618921,47.5281787382731],[14.979589141350136,47.51468480033402],[14.959532955961858,47.51047050424552],[14.953308902875065,47.52405834441966]]],[[[14.78077576110729,47.53086091457434],[14.727524207284391,47.527019467727],[14.714006418761905,47.51818325778048],[14.71377093229052,47.509186688390216],[14.687330789188112,47.51400097038374],[14.687677301796866,47.52749588789493],[14.707952643365642,47.54075423122682],[14.74128680503991,47.54485053960312],[14.754937370532865,47.558181697494064],[14.78151713421344,47.55785004785879],[14.78077576110729,47.53086091457434]]],[[[14.588056974412426,47.52862638628808],[14.56844844195124,47.54233733043935],[14.608416424031143,47.54640068570014],[14.628126508184609,47.53718127683402],[14.62779520043576,47.52368620715161],[14.588056974412426,47.52862638628808]]],[[[14.900987957478543,47.551783418065284],[14.934070688901276,47.546827611370205],[14.9336608654639,47.533333552997775],[14.900319108618293,47.529293127241495],[14.893145601560368,47.51139116180912],[14.846544021228585,47.50751461139791],[14.84693130970213,47.52100903545523],[14.86698247719952,47.525243010371874],[14.867375137682481,47.53873732190335],[14.847706482534536,47.547997780894114],[14.8415778763776,47.56607755005202],[14.874938438066911,47.57013501447376],[14.900987957478543,47.551783418065284]]],[[[14.64928898314635,47.586436549408404],[14.62258388438596,47.58223926234379],[14.623024373540977,47.60023249886323],[14.64962620515805,47.59993139413111],[14.64928898314635,47.586436549408404]]],[[[14.831099644979783,47.665208678993956],[14.844287162577373,47.66053679789107],[14.843899525064796,47.647042738714795],[14.817275011183856,47.64738882103685],[14.817528853495354,47.65638492367155],[14.777461080280885,47.652394482110296],[14.776843841776575,47.62990395414191],[14.770189809669706,47.62998717147879],[14.762924740118542,47.60757929463916],[14.769575946298659,47.607496497525496],[14.769207880363501,47.594002041427196],[14.802580571589349,47.59808050795179],[14.815627153364101,47.588913720559994],[14.795306107084544,47.57567453429183],[14.748896561658,47.58075465822949],[14.735840373997249,47.589913877492066],[14.723135813597047,47.612566183707514],[14.750227587562433,47.63023451240005],[14.750591029831392,47.6437289266363],[14.717311699096806,47.644133560491525],[14.697693803151298,47.65786625417707],[14.704820638119902,47.67577985849013],[14.764392058858453,47.66155680940376],[14.77166522817542,47.68396433046828],[14.791647788561644,47.68371326805569],[14.798057920029779,47.674632719416124],[14.831484125215006,47.6787027265753],[14.831099644979783,47.665208678993956]]],[[[14.917386037667992,47.6550551037865],[14.950670621524072,47.65459256345298],[14.950255692153195,47.64109885771394],[14.923498927525216,47.63697162411125],[14.917386037667992,47.6550551037865]]],[[[14.98494357482437,47.68560526068906],[15.037936826825788,47.67583376501955],[15.030696380499418,47.657940959503186],[15.00421057858934,47.66282811427667],[14.996983418429426,47.64493313651742],[14.963844816372783,47.64990696858965],[14.964542422851437,47.67239632936383],[14.98494357482437,47.68560526068906]]],[[[14.48522895669028,47.68718153857385],[14.511875628072048,47.68691234157956],[14.51157326753205,47.67341736576314],[14.49149438695188,47.669121438808915],[14.48522895669028,47.68718153857385]]],[[[14.639672863152564,47.73502933381672],[14.666114722481524,47.725728119550226],[14.665772449268816,47.71223369769074],[14.645666112063054,47.70796472819496],[14.645329214687392,47.69447018928753],[14.624789349509957,47.672204751659116],[14.61147008508788,47.67235319496671],[14.611032951037398,47.65436018905472],[14.60426690592141,47.64993553834794],[14.577745872869643,47.654724427449985],[14.578065139304524,47.668219281308374],[14.598258934696211,47.6769983485368],[14.598800157738419,47.699489539234584],[14.619009462516901,47.70826490210084],[14.619339674667625,47.721759473250806],[14.585688226764669,47.708631439546906],[14.552366531530017,47.70898833243358],[14.546117307176814,47.72705157406393],[14.579450525792492,47.726696489897414],[14.599775529321294,47.739973375933985],[14.61311200984229,47.73982628803818],[14.619449783147557,47.72625765373219],[14.639672863152564,47.73502933381672]]],[[[14.738774760220199,48.696610211296395],[14.759150876013603,48.696364937168134],[14.759399715855626,48.70535762666262],[14.779905431351475,48.70960508010955],[14.780157965169447,48.71859766061089],[14.794002737739067,48.72742225731479],[14.807594798961762,48.72725274532927],[14.820797177415411,48.71359296957932],[14.841574556314185,48.726822083805374],[14.814908193372531,48.74515219207787],[14.82209661524299,48.75855487722575],[14.835696819014071,48.75838211667804],[14.808754100874808,48.76771833805327],[14.809140940755341,48.781206662907394],[14.822877369971499,48.78553147407176],[14.849826864523724,48.77619210838035],[14.88397415638139,48.780245251528314],[14.883703144031367,48.77125320985726],[14.897306497851154,48.77107332130576],[14.896896587183747,48.75758521816143],[14.917296083423413,48.75731250328784],[14.931174825777104,48.766120728880985],[14.965036617174013,48.76115836587914],[14.978924582311263,48.7699609329833],[14.9793561377851,48.78344864867493],[14.965749799154905,48.78363803027073],[14.952567996181617,48.797313544502515],[14.959373014578835,48.797219813872324],[14.967463985675765,48.837588031367886],[14.981228833634166,48.84189419672206],[14.981950237931787,48.86437271690168],[14.995869071373075,48.87317275926641],[14.996305955303043,48.88665960379098],[15.016756283885616,48.88636965140893],[15.017198779054105,48.899856311396796],[15.031282107145234,48.91314748691342],[15.01793678884777,48.922333830163666],[15.018527663235169,48.94031562004822],[14.998055792609776,48.94060586835291],[14.98469735206434,48.94978829449493],[14.99210449038734,48.96767433064333],[15.026242254479692,48.96719033664857],[15.040196681191532,48.97598459055213],[15.04094589939999,48.99846090595015],[15.020450874644999,48.99875503219145],[15.020747143519301,49.00774551757066],[15.013914215411948,49.007842785762165],[15.028026446527875,49.021133459265165],[15.034562296259894,49.01204500181692],[15.068729282789281,49.011548736694195],[15.068272229638673,48.99806320470284],[15.157079809342704,48.99672700671556],[15.156439576212007,48.97874656985224],[15.169774717620307,48.96954488515099],[15.155320250468693,48.947280309697454],[15.189442777914733,48.946749101471305],[15.189117233719063,48.937758716979],[15.230555275644972,48.95059374146265],[15.224062109060046,48.95969336683841],[15.264848642770517,48.95453583133676],[15.272184219069926,48.96790911291771],[15.292665323699792,48.96757129514776],[15.300010042184095,48.980942737658914],[15.327149821084678,48.97599019444881],[15.327499872592387,48.984979970037074],[15.361645665187872,48.98439897179909],[15.368296090602156,48.97978676511392],[15.360755778330018,48.961924682886675],[15.401893221238376,48.96570957416252],[15.401530231944179,48.95671991485272],[15.408355510541371,48.95660022106309],[15.400442028747763,48.92975063005831],[15.42127318888765,48.93838029926727],[15.421822727736812,48.95186483078111],[15.449120866922252,48.95137899045762],[15.455572940563636,48.94226697196096],[15.483054204882817,48.9462680705965],[15.5031444793004,48.936904206528865],[15.494805388944647,48.90107099512974],[15.529470727506148,48.91392591560855],[15.549734109593942,48.90904870833693],[15.54934557838726,48.900059207365864],[15.569993631730135,48.9041680040768],[15.576418253826514,48.89504912356908],[15.617517742188257,48.89875898147613],[15.643773084949437,48.875754657265055],[15.664418898451801,48.87984696865934],[15.664010475950782,48.87085769780645],[15.68383221167378,48.85696797184128],[15.683214800813591,48.84348396592672],[15.737689829394082,48.842384971984494],[15.73726886519467,48.833395760458416],[15.757480604575289,48.82848262160442],[15.762374303229796,48.78789059854868],[15.775764477183264,48.78311437521908],[15.789366939496487,48.7828312746852],[15.782779949356941,48.78746768216551],[15.79001150344972,48.79631518444837],[15.78320850641688,48.79645696754958],[15.783851623443836,48.809940806112735],[15.804482091733309,48.81400872019621],[15.805131019762634,48.82749230569431],[15.785138871647002,48.83690815819269],[15.75790507055013,48.83747178631815],[15.751943520489938,48.85558993946955],[15.780044143866947,48.87300553845959],[15.82773550567953,48.87200610516845],[15.82708007006557,48.85852299624248],[15.813023356018425,48.849821595828836],[15.826424979025658,48.845039776355065],[15.825770232288255,48.83155644627037],[15.865728098028569,48.81270744008684],[15.85781854584383,48.790381208823945],[15.871422472267035,48.79008861727234],[15.879115115402096,48.80791951988483],[15.913135953165456,48.80717893727149],[15.918808829842108,48.78455775247949],[15.952813608830969,48.783805683058795],[15.953501114949805,48.797288659847446],[15.973908854422652,48.79683258164632],[15.993385363860428,48.77839594727897],[16.027149361909316,48.7731280915666],[16.019410564267055,48.755306550035385],[16.039801033700563,48.754839026284344],[16.03932793928401,48.745850513875936],[16.046123492401147,48.745693912997],[16.038855010314432,48.736861954701226],[16.051731058315514,48.72306556708522],[16.099036089889204,48.717461864982965],[16.106312165945116,48.726290191566385],[16.140275543891796,48.72548387968331],[16.15336783563264,48.7161704139092],[16.154353528119366,48.73414674944257],[16.188321332854663,48.733326548261644],[16.221026394647325,48.71002677673419],[16.229081258139004,48.73232934112297],[16.249460625012183,48.731825433627726],[16.262534738215987,48.722499838004744],[16.26125574872791,48.700030402708244],[16.24716910996558,48.69138019254544],[16.220017866007215,48.69205077076376],[16.207194755863338,48.70586581091245],[16.172253621022755,48.688715039565544],[16.192616264101694,48.6882209811305],[16.205438891045535,48.674407402667185],[16.266763711197786,48.677391312364115],[16.265483996240995,48.654921378316054],[16.25166357006411,48.65076552894285],[16.2576805148823,48.637114467866816],[16.264461028193008,48.63694522926599],[16.265228187270935,48.65042735778647],[16.279306653489044,48.65907558976285],[16.279820860578816,48.66806351699401],[16.313742996665432,48.667207011388655],[16.341930142903394,48.68448993700282],[16.375862058470638,48.68361547842049],[16.342455545179025,48.69347746495998],[16.343506900604048,48.711452382976],[16.35735104963559,48.71559727031195],[16.358143742795573,48.729078213475134],[16.385312690841864,48.72837569552824],[16.38584612742495,48.73736281318485],[16.399700668144106,48.74150264854487],[16.426334964416398,48.73180360914643],[16.425254240093793,48.71382964212201],[16.383979914922058,48.70590769699504],[16.382914532219882,48.68793308980256],[16.417117249024688,48.69154037594491],[16.463806296851498,48.676802459241564],[16.471413103601257,48.690101753209134],[16.44426555584649,48.69082420449462],[16.4385630673774,48.70897791385025],[16.465993895649543,48.712750216889276],[16.467088842237654,48.73072381722504],[16.494809641400018,48.73898270650279],[16.474979072593353,48.74851582781993],[16.476077925218224,48.76648898857234],[16.490223653102703,48.77511132960378],[16.5106173103958,48.77456213003183],[16.516858260670404,48.76539195508236],[16.530451317417732,48.76502313308752],[16.538088445921318,48.77831745677469],[16.612578978562,48.771763067805445],[16.625309352320638,48.75790443936775],[16.639766864971552,48.77100171573469],[16.66724549402356,48.77472686667426],[16.679961851233124,48.76086234464524],[16.678207107003033,48.733905398199326],[16.630951291215755,48.7397421991033],[16.650459647242005,48.72568978411606],[16.64930072312907,48.70771789318857],[16.642223214094166,48.70341636070479],[16.615071092148366,48.704178313751534],[16.602065701255125,48.71354315371769],[16.567270504267814,48.70100341287097],[16.579428748218113,48.678162701398975],[16.64106766865903,48.68544417136224],[16.653769016108278,48.67158180424209],[16.687686821280952,48.67061718016246],[16.69359036978829,48.656944104796416],[16.748139562983262,48.659870440914695],[16.766387654272375,48.627826496996065],[16.793497230288267,48.62702952054411],[16.806445941096218,48.61764307609226],[16.80057686315429,48.63132209940568],[16.780243147257348,48.63192164607647],[16.767286071076914,48.64130512508319],[16.782047849767928,48.658878529783635],[16.802694932126766,48.66277140089268],[16.81565095548358,48.65338411532627],[16.815043378398116,48.64439868009104],[16.835381612949963,48.64379310081561],[16.85479777724029,48.629706065002374],[16.853876668789518,48.616228034700306],[16.840019548489042,48.61214155745311],[16.844651789038867,48.58048931595993],[16.878505977318174,48.57946947042005],[16.897886140572773,48.565374833903896],[16.897265274574217,48.556389425097166],[16.91080036498396,48.55597657284162],[16.92984975075498,48.53738376344521],[16.922147450630398,48.524113375598326],[16.90862080648877,48.52452754699133],[16.907065604200938,48.502063637005904],[16.89323491131485,48.497983220559775],[16.89261566434446,48.48899749190673],[16.8720312764084,48.48512011952316],[16.877556670253874,48.466943578230314],[16.864044637206906,48.467352605477465],[16.863124009957538,48.45387357124575],[16.8087857364476,48.45100047202355],[16.815237244265372,48.44630618505055],[16.814027309821213,48.428333434851446],[16.799922557627703,48.41974861983236],[16.766171393432025,48.4207458394972],[16.75971862203455,48.425437470452316],[16.760909608275224,48.443410802809574],[16.77471523692895,48.447506972612295],[16.77531348820853,48.456493490810175],[16.72038862618154,48.444592743455274],[16.708347674457244,48.46745070491625],[16.681611628493336,48.47272151599609],[16.673111821016768,48.44595390398417],[16.639628487210945,48.45140804925156],[16.624974374698624,48.43381495324106],[16.658159028267804,48.42387135973252],[16.657292823377034,48.41039048129823],[16.670791567943713,48.410005354880504],[16.6781217962614,48.41879937025976],[16.70512316006046,48.41802274068093],[16.717741682343124,48.40415161978017],[16.7514829528181,48.40316839636921],[16.764383265205378,48.393785584179454],[16.755853626658375,48.36702304831063],[16.769340319552718,48.36662651591951],[16.77668114052248,48.37541450513907],[16.8036583697401,48.37461506556628],[16.803056144608057,48.36562836077724],[16.809799153294804,48.36542755992728],[16.802153198719513,48.3521482315693],[16.822074184737573,48.34705146840577],[16.836466709810402,48.360127175898945],[16.843208871891612,48.35992444263281],[16.842599955063953,48.35093788551526],[16.86956340449674,48.35012319190759],[16.868950030985555,48.3411367347695],[16.882121329480775,48.33623391057337],[16.874461152140295,48.32295916303152],[16.893746505415603,48.30886353321984],[16.885779572572783,48.29109611256716],[16.865580276501206,48.291710548064884],[16.852723689109244,48.301104957163844],[16.845380503151265,48.292321479299254],[16.818446734274506,48.293130602992726],[16.80558125674565,48.30251980058743],[16.806785325285624,48.32049363390074],[16.853944074168027,48.31907831062491],[16.82116661437321,48.33357137847569],[16.800348716112477,48.325187716649644],[16.753479499124612,48.33107490120121],[16.72593582322503,48.32287548708983],[16.732084251003254,48.313691873669725],[16.725347675672573,48.31388818515795],[16.723878198635457,48.291419768826195],[16.716851325582244,48.28712188036771],[16.730023261533614,48.282236143256576],[16.72943486645097,48.27324870973241],[16.75635968787828,48.272460169849175],[16.775062308485765,48.249396523135836],[16.760715958464385,48.236312638436374],[16.72094306112863,48.24648225594892],[16.711875362660997,48.210727148441684],[16.731750956149686,48.20564552427055],[16.739062659741315,48.214436465763995],[16.765956842604535,48.2136456835079],[16.805695771512383,48.20346055067378],[16.805095177458362,48.194473221687154],[16.811815963156302,48.19427228925282],[16.804194675838822,48.180992164162014],[16.831070546264247,48.18018630731254],[16.83839546515391,48.1889710809903],[16.89276911727293,48.19632422989652],[16.9059014543559,48.19141842683901],[16.904666097876508,48.17344470174942],[16.89794836873224,48.173651005222915],[16.89733216972922,48.164664056834596],[16.863748521941424,48.16568957310173],[16.85672709028744,48.161399920078594],[16.85550944269011,48.14342547276824],[16.841475107831773,48.134844668919136],[16.821637309179042,48.13994518802414],[16.81432212436656,48.13115919724574],[16.780758499428828,48.13216072722895],[16.775234847379608,48.150335233791594],[16.735236556612207,48.15601625232201],[16.73406102313931,48.138040517665964],[16.720633340527872,48.13843300988438],[16.713335434708192,48.12964065744157],[16.7398919347789,48.12436185229269],[16.73871550811832,48.106385956797546],[16.697585081937074,48.09407810298413],[16.664330688711747,48.099540084348895],[16.65876983776286,48.11770924547018],[16.706622624936113,48.1298358997108],[16.64677749255878,48.14056395273505],[16.64120611927903,48.15873199978858],[16.66193164450327,48.167144643969706],[16.63563085065327,48.176899655912536],[16.641492016161415,48.1632261429596],[16.627772402646663,48.159113748268574],[16.627203075073854,48.1501253724923],[16.633918799057536,48.149934724808695],[16.63277841733009,48.13195793971784],[16.62578061677611,48.12765429008622],[16.63920622406212,48.12727276797245],[16.638635269567832,48.11828434305917],[16.645346841731328,48.118093032043845],[16.644489044155836,48.104610383330254],[16.63078464457902,48.10049825553642],[16.630215437775323,48.09150970290247],[16.643346005080335,48.08663340759798],[16.642203754998853,48.068656306901055],[16.69468373953807,48.04913658208731],[16.693234944288033,48.026665534911025],[16.746830119810856,48.025098887582224],[16.747713087184305,48.03858114035086],[16.761706041573074,48.04717356707783],[16.79551385093428,48.05067145988794],[16.80831895836619,48.04128248356767],[16.800720932175437,48.02800139988644],[16.820818787338833,48.027398164438694],[16.81961664762396,48.009422496077505],[16.812919719203858,48.009623893769835],[16.8120203858194,47.99614201346235],[16.752350404790782,48.00692493846753],[16.745065554458346,47.99813418103464],[16.724978112880876,47.99872427989477],[16.723809657612996,47.98074746252518],[16.71013154677301,47.97664453728765],[16.676953324270375,47.98211034327546],[16.662705075943688,47.96901312043373],[16.63621985419566,47.97427454901999],[16.635651087600547,47.96528564254332],[16.608319006917505,47.95705729986068],[16.599940714865216,47.93027902669164],[16.57959845264378,47.92634931133238],[16.57876077351746,47.91286532822984],[16.56511185322615,47.90874518236889],[16.564556032775442,47.89975574996429],[16.55063501386407,47.89113914666193],[16.531136463390133,47.900685147077354],[16.51081090634818,47.89674329404561],[16.498260049922123,47.91059462378259],[16.499076908908613,47.92407919211814],[16.458415507035614,47.91618068130286],[16.459491143369014,47.93416043505079],[16.452802551978806,47.93434100827905],[16.451192822274997,47.90737124574192],[16.437288484875864,47.89874101353389],[16.47043870746211,47.8933438078498],[16.469360145490995,47.8753639387242],[16.455729652545518,47.87123083323556],[16.44824596292001,47.85792606620991],[16.46828232506714,47.857383966684885],[16.48109874407676,47.84803067271188],[16.515852545500216,47.86959020963112],[16.56261216613649,47.868292529451104],[16.568179898658336,47.85012653913323],[16.601566498168893,47.849186419446454],[16.59657135083256,47.876343388438436],[16.6232937097749,47.87558550047136],[16.63608683400359,47.866215065630655],[16.650015290859166,47.874821429805195],[16.643904074863602,47.88400214103824],[16.610495998863794,47.88495449250623],[16.61887243273055,47.91173236632674],[16.64589748812783,47.915463831885006],[16.658410352217956,47.90159651417997],[16.67177763345674,47.90121119193963],[16.671203545716217,47.89222226088288],[16.67788596484823,47.89202905260149],[16.66366203626843,47.8789315875213],[16.669195792713612,47.8607607951639],[16.648875373321864,47.85684318898576],[16.648020949307764,47.843359441171835],[16.695331337761722,47.850997184910014],[16.701140380659748,47.83731920467496],[16.680539200314627,47.82891266978164],[16.679677074678217,47.81542905369653],[16.693022191142564,47.81504126304503],[16.691580584747364,47.79256861106176],[16.677667174410693,47.7839670689548],[16.664329863274034,47.78435308700433],[16.65823171658209,47.79353478402984],[16.631551739862267,47.79430077791278],[16.61069744579862,47.781386974057],[16.630419911918693,47.7763219616307],[16.63623761957986,47.76264698084846],[16.582629021747252,47.75966778884576],[16.59013279580697,47.77296417758159],[16.58346524736822,47.77315231684234],[16.584859913773688,47.79562641285609],[16.558177814290506,47.79637542988284],[16.564571096442982,47.79169389948142],[16.563462315397718,47.77371442047338],[16.549850855453695,47.769592311747715],[16.555412524396306,47.751426458001134],[16.541532406943052,47.74280840981045],[16.546543335990695,47.71565287465283],[16.485517417865683,47.69932903976772],[16.4777813963063,47.68153043312763],[16.45807987006677,47.686569440278234],[16.45861518516349,47.69555988133494],[16.4452987956482,47.69592056664632],[16.43810863440331,47.68710979901469],[16.411743330977753,47.69232021501834],[16.397902471729296,47.68368475336416],[16.404296309952272,47.67901198976927],[16.396853065182587,47.66570324251942],[16.422942008727663,47.65600087240511],[16.415497300068825,47.642693263903844],[16.40193143994107,47.638553564867024],[16.401406407945217,47.62956274866013],[16.427211932369847,47.615363907002575],[16.426153862100332,47.597382399700344],[16.479857014417433,47.604929784800404],[16.474016079053584,47.61859734164735],[16.494772105080713,47.63153635152766],[16.514177361244553,47.62199584777927],[16.513633288387286,47.61300552196765],[16.57401315751295,47.62032476555153],[16.573181788816033,47.60683969361727],[16.592842364444767,47.60178090070561],[16.593399873222232,47.61077086780498],[16.613340452919402,47.610203552604744],[16.607533668225354,47.62387786046784],[16.641058707583458,47.627421175388626],[16.63356283243534,47.61412765697003],[16.65958233513653,47.60437154001034],[16.658445008602666,47.58639221172949],[16.60529455286403,47.58791824829018],[16.59117098178225,47.57481088519666],[16.56487720394907,47.58005649210333],[16.543301387087748,47.553644582257725],[16.563496790517398,47.557581057119805],[16.569584115604854,47.54840389036034],[16.609418081863158,47.547274059237495],[16.60829912712474,47.52929403982661],[16.581475040403404,47.52555346187915],[16.59363389412148,47.50719677660754],[16.553005481967535,47.49483563777477],[16.5585370537303,47.476668582024026],[16.58533461865933,47.48041455780251],[16.611017449907973,47.466174073684535],[16.61820635833393,47.47497440109036],[16.59224311908464,47.48472138933898],[16.5933556441434,47.50270170747315],[16.62016893164293,47.50643952388839],[16.632591382433798,47.49257366384565],[16.62483604331838,47.47478424114475],[16.664613143925813,47.473635227928675],[16.66347692171501,47.45565552139447],[16.649657032138194,47.44704998780554],[16.629778567127865,47.4476236280921],[16.622311098450297,47.43432893926204],[16.595812384598872,47.43508670109816],[16.58283971773162,47.439958427569266],[16.58367092585199,47.45344383949377],[16.557162051371993,47.45419265682397],[16.557711911577876,47.46318303872278],[16.537553116517703,47.45924548431287],[16.5121249622742,47.47796479967655],[16.504412449831346,47.46016720659417],[16.52429698898909,47.45961532355024],[16.523752865721026,47.450624777042286],[16.543633601187434,47.4500695369405],[16.556062893478355,47.43621184674759],[16.58891009590092,47.430780050672766],[16.58807790525197,47.41729462988895],[16.57428037435565,47.40867995547156],[16.55441556149623,47.40924051925653],[16.548341660172976,47.41841709638144],[16.521578227419646,47.414662439637716],[16.507792250951034,47.406039750531974],[16.5138717792407,47.396865309593636],[16.493741597071754,47.392920005766165],[16.48819649360901,47.41108416541049],[16.468596989152378,47.41612522131925],[16.509415632607094,47.433011756846135],[16.482915993162067,47.43374339511351],[16.484527495539044,47.460715638568104],[16.45271504919579,47.484099168770996],[16.453513629905455,47.4975854085395],[16.420610848013528,47.5029782933028],[16.393552438259608,47.49469828242229],[16.374172268588996,47.50421864535918],[16.365985069921056,47.47742063815238],[16.391464834697917,47.45873377693809],[16.438127669002217,47.46198189174745],[16.44369537831751,47.443820300990495],[16.423289136335725,47.43536715954194],[16.422499227028897,47.42188057540012],[16.448993739000873,47.421162917264866],[16.461707578550843,47.41181089717421],[16.44846284810528,47.41217196435177],[16.447666850984064,47.398685508245585],[16.420657675347275,47.390411753538395],[16.387818375690156,47.39579530990132],[16.400275775751204,47.38195444388159],[16.39923155689667,47.36397197663537],[16.392354622588552,47.359653448741945],[16.366148348349554,47.36485370910824],[16.36769805771513,47.391827837238004],[16.36107790639238,47.39200312418533],[16.352657750717402,47.36070799324097],[16.338657728390622,47.3475691507203],[16.31245217280778,47.35275711327114],[16.313212933824783,47.36624457431672],[16.29260574010119,47.35327224016627],[16.29210215586868,47.344280496545366],[16.31169180026016,47.339269623802686],[16.31779768147814,47.330105547147014],[16.324410218857338,47.32993276297314],[16.325173704938372,47.343420183425465],[16.345016115189242,47.34289940337149],[16.350859934457002,47.329237800490205],[16.39027316886507,47.32368821474349],[16.389753248069542,47.31469687559422],[16.40245195612715,47.30535130707138],[16.41567023057234,47.30499556001311],[16.416718879030288,47.322978010050704],[16.423593030595914,47.32729509257516],[16.469874918400322,47.326034724471604],[16.469341430047205,47.317043754601805],[16.475951824387124,47.31686220268446],[16.468008502981526,47.29456627791229],[16.45426258074719,47.28593700945647],[16.42783590293689,47.28665590772846],[16.415146173848292,47.29600431745262],[16.400626390374054,47.27388169830911],[16.40723162315267,47.27370412105703],[16.40670931081667,47.26471280948446],[16.420179655937993,47.268852195784625],[16.420704299487074,47.27784344173853],[16.447126670654722,47.277126193616056],[16.459806216470525,47.26777421287678],[16.45927502680999,47.25878313836599],[16.43893766236673,47.250332581426534],[16.43788290376521,47.232350197814874],[16.410960128187543,47.22407398510128],[16.423895680579307,47.21922161437527],[16.423371075797377,47.21023033269932],[16.416773815435356,47.210408845057955],[16.42232240047966,47.192247741618495],[16.441316137616855,47.17822326575917],[16.45476719352436,47.18235860097059],[16.467422712563323,47.17300569318694],[16.459769585085134,47.15520445886304],[16.453179296792403,47.155385078045704],[16.452385954246726,47.14189828913005],[16.479006776402784,47.14566924548404],[16.478473553828966,47.13667816945461],[16.485061430437902,47.13649608673847],[16.48399329775886,47.118513973592705],[16.47740765093637,47.11869599479292],[16.482925888980766,47.10053183175329],[16.46975900679484,47.100895370292925],[16.46896226530821,47.087408654031876],[16.47554405869495,47.087227121207434],[16.47474605257663,47.073740436559234],[16.493951037773684,47.06420265359774],[16.492881348888286,47.04622055946272],[16.45315678360627,47.04281445120537],[16.440792729819915,47.056661491252775],[16.44184498425104,47.07464406379393],[16.421058227834596,47.0571989175807],[16.446580417341632,47.04299468936805],[16.446053712997163,47.03400341698275],[16.432378765004103,47.02537135306931],[16.478663478189027,47.028603012657186],[16.491011134941534,47.01475184355979],[16.490210292422393,47.00126523301765],[16.371666810227318,46.99999413420534],[16.345890528781567,47.00968568848317],[16.345381185410297,47.00069394862082],[16.299379687717447,47.00190398556804],[16.299881260053287,47.01089592982896],[16.286735371447016,47.01123829041329],[16.278170408193176,46.97544075333406],[16.258464449654348,46.97594995679705],[16.264290181584045,46.96229244652252],[16.2443430535803,46.95830314489115],[16.243605578948515,46.94481485174813],[16.230475656975813,46.945150701514805],[16.223422514683147,46.936325772942595],[16.197408265666002,46.94148748063862],[16.19692465889194,46.93249508337647],[16.183787897331303,46.932825669572196],[16.182825581150023,46.91484084368156],[16.162902434428702,46.91083726213061],[16.162186223463756,46.89734851207495],[16.10783785996384,46.86267426111435],[16.068044853565606,46.854637266532706],[16.067353395211633,46.84114793899809],[15.988047423644687,46.82952816122345],[15.993702203359417,46.81138810368312],[15.980380711739237,46.807198430334616],[15.979934884435954,46.79820520711689],[15.993030098602624,46.797898346137075],[15.990792201137234,46.75293251355016],[15.984027086805936,46.74858941055631],[15.990568618599914,46.74843593318415],[15.98967466471932,46.73044961834472],[16.002528722521717,46.72564508106272],[16.002079848334215,46.71665198154529],[16.021692446275654,46.71618728168136],[16.027550283819373,46.702542139136604],[16.040394225852097,46.697733303049],[16.038802365657016,46.66625806002382],[16.000061782234862,46.67618307764237],[15.993976212807368,46.68533021293538],[15.96130682757069,46.68609480320093],[15.955213500263513,46.69523985466653],[15.903579570344805,46.70993092820235],[15.90401181188865,46.718924407941365],[15.864995166244857,46.72430635869695],[15.799189548863922,46.71675756063733],[15.785494616588913,46.703551109440056],[15.732797427630025,46.695679291881405],[15.654756067224126,46.706311425599125],[15.64763517537139,46.69295386766615],[15.634370443016481,46.68872353105349],[15.633983792546639,46.679729092688795],[15.595158885751326,46.68951503882156],[15.548665994921528,46.6724318095891],[15.547550001830832,46.64544767939986],[15.514899166441664,46.64608309231627],[15.515448794664737,46.65957531239237],[15.50238495319369,46.6598268955992],[15.47553729163522,46.64233564815409],[15.449772892583168,46.65182308161083],[15.450128369937818,46.66081810609919],[15.365036744331952,46.65787957099135],[15.352311709663647,46.66710907259677],[15.34544053980097,46.65823026149843],[15.312779632138307,46.65880718399003],[15.293841248702872,46.677139814809216],[15.280772131031846,46.67736574480979],[15.280445023519876,46.668370196808965],[15.241083384404664,46.6645409677844],[15.24076302814865,46.65554531498067],[15.221008401861393,46.65137657381903],[15.208732510590552,46.6740834382878],[15.175905756628659,46.670122873562214],[15.163145209374838,46.67933103031005],[15.163452649928242,46.68832691516271],[15.150532927431355,46.69303571260287],[15.11116250698813,46.68916117624186],[15.110863857580965,46.68016515057475],[15.08442842158361,46.67157704235992],[15.058291138947919,46.67197890281427],[15.038974384793528,46.68127253396851],[15.046085329181588,46.699166151162984],[15.091700999887603,46.693965821883666],[15.10537043937227,46.711753884957375],[15.131526811575743,46.71134112046959],[15.138369243466112,46.720232955175746],[15.16422170398124,46.71081664837576],[15.158449727241619,46.733412105007915],[15.139128195911436,46.742722903257956],[15.139431955822008,46.75171888903976],[15.152825911898622,46.760505273363414],[15.126796489205992,46.76542098104648],[15.12709830017864,46.774417010097146],[15.14049592165439,46.78320486473774],[15.127702227309893,46.79240907660925],[15.154051207267951,46.796489118325326],[15.160139292422855,46.78288975616094],[15.179782430060673,46.78257123646133],[15.186798043589512,46.795958117693885],[15.167150019937324,46.7962778553926],[15.141561143181628,46.81469087291372],[15.115504241202961,46.819603994949546],[15.109550199748313,46.837699018660125],[15.135768319563015,46.837285277312134],[15.129819182127148,46.85538137479061],[15.13652784053644,46.859775350312276],[15.175715561191593,46.85464512753097],[15.195855923578662,46.86781770446128],[15.19616997385002,46.876813574748944],[15.183207436142782,46.88152614987364],[15.183675468203328,46.895020010322895],[15.170862376075162,46.90422912821576],[15.171482565480638,46.92222101284873],[15.191177043636731,46.92190051827957],[15.185237288803021,46.9399995393697],[15.205096253946742,46.944174580186754],[15.205570388616097,46.9576683514284],[15.192431993655982,46.95788406016774],[15.193060105335793,46.97587582217047],[15.179917162074508,46.976090082271384],[15.18100959947312,47.00757577148899],[15.161283315144203,47.00789449713868],[15.155169742983542,47.0214939420365],[15.148592567545917,47.02159906870232],[15.148285715267678,47.01260307551673],[15.12855737162197,47.01291611828862],[15.127799035460717,46.99042599080764],[15.121074615102938,46.98603149720478],[15.055344924879483,46.98704590867571],[15.049351649272513,47.00513777439891],[15.036488753555004,47.01433168475374],[15.022479151258247,46.987538846033154],[15.042198688584632,46.98724422511457],[15.055054045460748,46.97804966339309],[15.05476326441277,46.969053416107535],[15.080898976803006,46.96415426240753],[15.080603901623844,46.955158080269335],[15.106580711784776,46.94575491962078],[15.10598218467026,46.92776268634775],[15.066587669450211,46.92837066530712],[15.060459039258292,46.941965019665126],[15.034188779330231,46.9423613176546],[15.021338440204914,46.95155352077204],[15.028336451560797,46.96495023582808],[15.02190860284356,46.96954618693812],[15.002195515836306,46.969837284944596],[14.995203444548418,46.95643895964707],[14.982064551790888,46.95663031381258],[14.987795990552652,46.92954557500243],[14.961256620066841,46.92092856542792],[14.935131157152501,46.92580016753187],[14.914766715304737,46.903584713339264],[14.947445532037838,46.8986247009418],[14.953598008166248,46.885036468283225],[14.979979412190593,46.889157052143304],[14.986122497895906,46.8755670564576],[14.966306343119165,46.87135370927536],[14.96603112409859,46.86235724239948],[14.979146834239073,46.86216774578118],[14.98542620932199,46.85307601014761],[15.011794251556955,46.85718918440028],[15.031036451075279,46.84340196896826],[15.030750455805448,46.83440566789903],[15.004251488713503,46.8257987276224],[14.99142408017846,46.83498752896747],[14.991843159389264,46.848482128481606],[14.932837086279664,46.84932952362016],[14.9260123886238,46.840425222287145],[14.893367254263934,46.84537905670528],[14.938852372159651,46.83124383321586],[14.944999265316895,46.81765608587665],[14.964519078352785,46.81287669621546],[14.964107188803274,46.79938201121364],[14.951006858201787,46.799569767263826],[14.95701037982375,46.78148314229609],[14.94350797617448,46.76817533450438],[14.969555552460065,46.763301830050224],[14.968867701715931,46.7408107718385],[14.962187788265407,46.73640689818197],[14.98167637842852,46.73162456446193],[14.974444770530617,46.70922866529277],[14.993782839567777,46.69994605878056],[14.99336443440645,46.68645156178894],[15.006296380648436,46.68176075751434],[15.005734534767093,46.66376818333179],[15.012267986063337,46.66367132797472],[15.005032758544997,46.641277497646286],[15.011422632377993,46.636682558729014],[14.998082890838706,46.62787951667249],[14.997668354393117,46.61438263434001],[14.97767203472065,46.601174992400075],[14.971966317265169,46.62826138534505],[14.952514494046888,46.63304201193269],[14.9455829730483,46.619638317164515],[14.919469927956824,46.6200080118132],[14.919203881908793,46.6110115146755],[14.893225683990714,46.61587337976526],[14.86685689092824,46.60723433557757],[14.8596900803648,46.584831224661535],[14.839865074470755,46.57609749737451],[14.839360229748992,46.55810422385161],[14.826318387252034,46.55827752865716],[14.825443378164506,46.52678927902528],[14.806138557542143,46.536042928355],[14.747354894888705,46.53229520257717],[14.747118153770986,46.52329840531275],[14.720818450588762,46.51462530349171],[14.713840476526135,46.49671159843377],[14.687785783440715,46.49702763390804],[14.68744591195841,46.483532317159394],[14.654664274452477,46.474921849045],[14.661064309100267,46.47034686875251],[14.654222434970318,46.456928020178424],[14.602256754754418,46.462024956476334],[14.582310280126588,46.44424909785922],[14.569295327643994,46.444392640618666],[14.575698991898765,46.439822540552115],[14.562377004451216,46.42646974770597],[14.562171697112312,46.41747271556016],[14.575180149156933,46.41732999850927],[14.568263346644347,46.3994075410124],[14.555259213289826,46.39954945709402],[14.549061637023021,46.41311540292501],[14.52324531040455,46.422390379652036],[14.529950087694516,46.431318559964915],[14.542961977020164,46.43117957317045],[14.54977276943525,46.44460512928444],[14.562787825414517,46.44446384690523],[14.563198921655413,46.46245799120267],[14.556791493819828,46.46702739355832],[14.452625306637868,46.46810988635965],[14.439326921928979,46.45474246864769],[14.400451501314604,46.464116266543506],[14.406782173675618,46.455057111095385],[14.39358699571737,46.44618297359831],[14.38057111154875,46.44630466493361],[14.374324022936229,46.45986103071825],[14.354880489174908,46.46453837252817],[14.354624476968317,46.45104223371417],[14.335098733966694,46.45121743842905],[14.32232933542821,46.46482856976808],[14.322577293699302,46.47832480657807],[14.335684842300841,46.482708570538854],[14.335852428128842,46.49170606084286],[14.316640616990735,46.50987307397687],[14.30360911365646,46.50998585581011],[14.303365779787974,46.496489521574425],[14.283743892430818,46.4921570359388],[14.27048163991934,46.47876963543783],[14.269933803922564,46.44727819195865],[14.276363235147755,46.44272517801466],[14.243748882547637,46.43849386607474],[14.237543686467324,46.45654138651843],[14.244129095486718,46.460987802542746],[14.237694744672126,46.46553898396888],[14.224524966698969,46.45664500974122],[14.20499679378437,46.456797618109235],[14.19877645494159,46.4748430430636],[14.166357442627184,46.484085763506066],[14.16656626070774,46.49758235141536],[14.199138073297757,46.497337239770815],[14.205798224363246,46.506284774225044],[14.134061054983416,46.50231692177495],[14.121294377313935,46.52040416898036],[14.108130444960489,46.51149650787927],[14.082065830400332,46.511672274934874],[14.075673689235114,46.520713133866046],[14.016903572691138,46.51208528385002],[14.017132014330778,46.53008113906134],[13.997632080566484,46.534696703881245],[13.991113039120272,46.534734814019664],[13.990948225901468,46.52123787263192],[13.971395967538486,46.52134991006553],[13.96503678208795,46.534883480195475],[13.912787088185286,46.52616465987944],[13.893279618957816,46.5307621459848],[13.886853389655407,46.53979227656977],[13.873723702776102,46.530857218783524],[13.854167718526845,46.53094889481756],[13.85425465083,46.53994698314794],[13.815135924629056,46.540120174064555],[13.815055555733247,46.53112205652248],[13.769424393979522,46.53130690571601],[13.762798250249228,46.51783459155732],[13.736729702005896,46.5179303823162],[13.743383473263995,46.53590331182014],[13.723825457743217,46.535972348162225],[13.710723897938566,46.527018305583006],[13.639048107744578,46.53173314019062],[13.62605901750468,46.54076568647265],[13.62610767804103,46.5497639221732],[13.606544480941784,46.54981258763142],[13.593567140613041,46.56334053400576],[13.515249148390133,46.54999476260925],[13.508771492251082,46.56350237480476],[13.49572596639112,46.56352160841572],[13.502276621279144,46.572510480750466],[13.515324332984346,46.57249048844114],[13.51535442447668,46.581488793938846],[13.502318475005431,46.586007947189145],[13.508902006283769,46.60399478471984],[13.502374312744164,46.604004597792155],[13.502402245668561,46.6130029348982],[13.482803538417047,46.608530939169555],[13.48277890052393,46.59953260135988],[13.463176092278161,46.59055803537204],[13.463154759052784,46.58155970959412],[13.437046408109838,46.577086938363365],[13.430506137576039,46.56809427252039],[13.404418536123677,46.57261226243186],[13.410967544018112,46.59060478003209],[13.417493617199813,46.590600259456345],[13.410980113031956,46.59960312179356],[13.384875517691402,46.60411660295893],[13.37834070731807,46.595120886315726],[13.39139395801094,46.5951152454282],[13.39790502189658,46.58161435264394],[13.365277669439536,46.57712834136969],[13.371814081037602,46.595123139922066],[13.31959549674846,46.613124271808566],[13.280445981873383,46.59061584100832],[13.28698857638918,46.572622214109195],[13.313084122384522,46.572630579128365],[13.313089932032444,46.55913310172265],[13.241353239781489,46.5545964132854],[13.228291760180396,46.5635829834208],[13.228273647600714,46.572581295498416],[13.215215745884812,46.577067205567126],[13.21518527313201,46.590564692552626],[13.24781561188536,46.590594990019504],[13.260861432924672,46.59510363379393],[13.260848782023245,46.60410197938151],[13.215093762497332,46.63105726026062],[13.202054307853976,46.622044125919835],[13.15634506431983,46.621980511710625],[13.117147405640718,46.626410407499016],[13.110579074277071,46.635395875865875],[13.077943269209293,46.63082668024228],[13.07789985530195,46.639825009934874],[13.012579629698996,46.63965656946718],[13.005992119781364,46.64863595022751],[12.97985977816827,46.64855645814806],[12.966917819006797,46.630517880694526],[12.95385609174474,46.63047436674626],[12.940628162995203,46.652925009375444],[12.960134111313627,46.666489448640235],[12.901280440709373,46.670777310125246],[12.868680382769465,46.661648444148454],[12.86202613813267,46.675118542436955],[12.829430141163511,46.665978337565456],[12.822765472744269,46.67944612438022],[12.757398101567134,46.67912994790446],[12.744175317414696,46.69255940230287],[12.71148376844681,46.69238329222855],[12.698299861424564,46.70130831738956],[12.69808505548695,46.71930457141535],[12.704573459276466,46.72384039604793],[12.757057074568582,46.71062354714091],[12.750319273642953,46.72858618786627],[12.776443182760707,46.733217941437594],[12.783033093857616,46.728751052536026],[12.776631659094685,46.715221531827794],[12.789759920662707,46.710786462618096],[12.835502083930848,46.71549776178881],[12.85520666756336,46.706584762845246],[12.855287617866349,46.69758650964134],[12.927182707512568,46.70236901943421],[12.933790070496288,46.69339420738607],[12.966513922437866,46.689006801905634],[12.953212352544394,46.72045735262439],[12.979349774283511,46.72504218406525],[12.979469906583303,46.70704550622621],[12.999090601189478,46.70710575888126],[13.005714284310589,46.69362757094095],[13.031971080644356,46.675704381423394],[13.149627075220758,46.675960093510064],[13.156208962558406,46.662473133914276],[13.169278620213317,46.662493215102536],[13.175840418311942,46.653504310782616],[13.228101273593191,46.65806565644853],[13.241201815584612,46.64008064600546],[13.254266027836781,46.64009088525228],[13.254252257138907,46.649089266893625],[13.28691829872737,46.649108249555674],[13.293458689492542,46.64011252594107],[13.31305308761331,46.64461743273828],[13.29344791861205,46.653610106457265],[13.286893446634329,46.67610344357496],[13.31303753858671,46.68061103024272],[13.32611250409149,46.676113745004436],[13.339184251492515,46.653618147418584],[13.365321752549141,46.658113616736436],[13.384912382673285,46.64460926299074],[13.424100940730193,46.64008632674171],[13.482914511313172,46.64902355133123],[13.495954014763704,46.64000743230315],[13.554761073517641,46.644408018221355],[13.561217996882917,46.626398487827544],[13.58078866084269,46.62185852978117],[13.593848362300353,46.621829445046494],[13.593913346813661,46.63532693237127],[13.607024158173395,46.64429802134556],[13.711479556246047,46.634997032780795],[13.757236277581354,46.63933804772729],[13.737741875338111,46.6529068385032],[13.718141179518659,46.6529749061329],[13.711544458846959,46.64399859747768],[13.652778558988654,46.64867807265088],[13.626743989042952,46.666744976025754],[13.626866280234626,46.68924073636098],[13.613790196008502,46.689273653311176],[13.613696754355662,46.671277030923655],[13.600580555335629,46.6623101157303],[13.548317645976352,46.66691639017036],[13.548371193681374,46.68041395146149],[13.581058690005651,46.68035099410906],[13.587680323787378,46.698333274806686],[13.581141160504062,46.69834765366648],[13.58120304977871,46.71184516289094],[13.548514119645086,46.71640751164961],[13.541972703603456,46.71641961791123],[13.541938055294613,46.70742121766666],[13.489628357773388,46.71200362518772],[13.476511133838176,46.69852302025287],[13.463432650098447,46.6985385162708],[13.476487513555764,46.68952461393493],[13.476452098009462,46.6760270152736],[13.430688676182779,46.671575404811506],[13.424182342233479,46.68957750210461],[13.404567879930404,46.68959108890191],[13.39805055622052,46.70759170248768],[13.456923896547861,46.712043321816665],[13.476582042336744,46.72551827142198],[13.48317410131133,46.743506807252835],[13.502808329122905,46.74347956473675],[13.515867528680847,46.734461085996166],[13.535515201783227,46.73892737270575],[13.53554878840605,46.74792579173977],[13.50289259384207,46.770474867578216],[13.483248438366237,46.77050212386395],[13.476641187412286,46.748014347732166],[13.450450347878995,46.74354463255631],[13.443914668424425,46.74805028133498],[13.443960073611386,46.770546399745754],[13.463636493186103,46.78402364534567],[13.40471209516592,46.80207164932662],[13.404723658565326,46.811070120122125],[13.385072774622989,46.820078798218184],[13.358854249188784,46.81558785268224],[13.365397984625123,46.79758940153542],[13.398139250245253,46.78407849544222],[13.398128802512938,46.775080033698615],[13.385027429634015,46.770587221785924],[13.39157083529146,46.76608497370329],[13.385010961283452,46.75259031129831],[13.358829389324919,46.757097820874556],[13.339189353044432,46.74360237576211],[13.313010276866889,46.74360004665737],[13.313006377033838,46.75259849702833],[13.306460505871387,46.75259696712331],[13.299923792251995,46.73909738518322],[13.280291145312622,46.73908938642319],[13.27373115828819,46.75258363244426],[13.247562622639146,46.743567697659884],[13.247577544566449,46.73456925722633],[13.28029585002565,46.734590164996064],[13.293390381524365,46.72559743561344],[13.332645766564209,46.72560547385626],[13.358812210198328,46.7166048198363],[13.358808396113094,46.70760638843652],[13.371883103874284,46.69860458234285],[13.352262611433428,46.68961066362456],[13.319570412730435,46.69410980421069],[13.313027809706606,46.70310707792965],[13.286872717295974,46.69859948050869],[13.27377845283824,46.71209065349226],[13.234533021777368,46.71206216633327],[13.221412585508142,46.730046494650146],[13.208326385853177,46.73003244951121],[13.201805915535322,46.72102643294662],[13.1625247491344,46.72997135779672],[13.156012006540513,46.72096270009405],[13.116760183059169,46.720893299385025],[13.103637112460476,46.729865534301105],[13.090551004901075,46.729837850664474],[13.084050414924352,46.720825048959824],[13.03171497673393,46.720696151720695],[12.99240569393269,46.729581920886105],[12.99234779146793,46.73858027638498],[12.979259621909552,46.738539705258134],[12.972776753416305,46.72952050623118],[12.940028600158614,46.73390973440249],[12.9268382072302,46.747360587838365],[12.907166681613528,46.751786940516745],[12.90698591002848,46.77428274085002],[12.88730281841564,46.77870564362053],[12.88722714260144,46.7877039591502],[12.828276803448308,46.78745466075105],[12.821596670915314,46.80092247338303],[12.828148330524296,46.80095207693226],[12.828062645778857,46.80995035814848],[12.78219345062471,46.80973513084349],[12.736577463359925,46.78700580544213],[12.71692781341602,46.78689995166549],[12.710219653395772,46.800361174938665],[12.729823121997327,46.80496729288345],[12.729720845551386,46.81396549366598],[12.742777220735931,46.81853406764781],[12.7426270327584,46.83203139311753],[12.71640537995634,46.831890894479976],[12.703134385146713,46.84531564422359],[12.683463313852052,46.84520397934813],[12.65694876076035,46.86754513499108],[12.63059074697711,46.8763829097079],[12.63697444558928,46.88992076176162],[12.617226330217987,46.89429665680358],[12.597225289592636,46.916665282693074],[12.577463990550193,46.921034251444816],[12.51201080991467,46.907078979422806],[12.439574897759007,46.92002792884577],[12.433161503365882,46.91097794184371],[12.380804183104106,46.90154970198775],[12.275697491276624,46.90511485720514],[12.275518280079803,46.91411251160131],[12.288471488401717,46.923232246611875],[12.38040048337606,46.92404423265294],[12.412998870385168,46.93781295660141],[12.531364361881183,46.929715449161584],[12.557567842507629,46.93439781772022],[12.550734380027546,46.95234861345142],[12.544164275699169,46.95230294729074],[12.54389630515477,46.9702989948547],[12.523973291609893,46.9836566640735],[12.504251479697816,46.98351387520364],[12.504110683615817,46.992511847265085],[12.418713944186928,46.98735447053774],[12.405486597193597,46.99174639118438],[12.40525027441281,47.00524315163598],[12.359215023593386,47.0048565295538],[12.326162145617399,47.013566672038436],[12.325905575947711,47.02706325295423],[12.398276847184363,47.027683628980895],[12.424825594247986,47.01440100019616],[12.457639706080023,47.01915902188494],[12.517122153218631,47.00160542306988],[12.510266386741087,47.01955376122417],[12.529865058852451,47.02869349981137],[12.5695372131189,47.01546968435116],[12.56966699439803,47.00647163887341],[12.563090183979886,47.0064270686943],[12.563678662028902,46.965935875121026],[12.576886501962298,46.9615255363921],[12.583712320828216,46.94357316784745],[12.610050011524088,46.93924534163083],[12.616861790098644,46.921290978443],[12.656317413055,46.91703494464764],[12.649925547510291,46.90349817907051],[12.682967213366767,46.88569574563345],[12.709268203484799,46.88134488669327],[12.709532785230934,46.85884939636731],[12.814473172242325,46.859381296260125],[12.81460524820012,46.845883871539534],[12.82771961744427,46.84594350838293],[12.840792211309937,46.85050077768933],[12.853581916316706,46.88655064282439],[12.919309900960267,46.87331351774272],[12.925766556511828,46.88683501092873],[12.938857561979932,46.89138096172209],[12.97829515262013,46.88251374968565],[12.991360454655185,46.89155283346175],[12.991243924207287,46.90954964102575],[13.030634611077533,46.90966262337449],[13.050209212327987,46.93221006379185],[13.050088307716818,46.95470614365614],[13.03687100461914,46.96816989282405],[13.036769709243003,46.98616673889505],[13.043319508924622,46.9906830954965],[13.06306804568718,46.986233032824074],[13.063137349852674,46.972735381894935],[13.089491673575061,46.95929790097234],[13.089533388256042,46.95029945403165],[13.11579542118665,46.954852757917266],[13.148680809846033,46.94591333177876],[13.148649102094025,46.95491179820834],[13.16836134360837,46.954942656975],[13.168304565893608,46.97293959795581],[13.148538040347931,46.98640642370699],[13.148490402123302,46.999904115372736],[13.161628244745456,47.00442431756711],[13.161598694187523,47.01342277904411],[13.174754658723943,47.01344223162436],[13.174727326006344,47.02244069427075],[13.201043737862133,47.022475034813844],[13.201078050422733,47.0089773312971],[13.187948273843148,46.99996245827306],[13.18798589601982,46.98646475177305],[13.214284510219832,46.98649602360819],[13.214315439261812,46.972998305842125],[13.201180883441971,46.96848419646366],[13.201237945158107,46.945988000131265],[13.227516562191171,46.94601620499811],[13.260403298234715,46.91904743506914],[13.280107038774187,46.91455963742393],[13.286689540552242,46.89656571055538],[13.352329292222604,46.910073090178],[13.358902208575943,46.92806894992881],[13.378604553254972,46.92806328800475],[13.385159575275505,46.9145629025512],[13.365459750656306,46.91007045721747],[13.358886839764349,46.89207497916381],[13.339197805395717,46.892077217278],[13.352321098009066,46.88307761385327],[13.358875326637348,46.86507950902019],[13.371994699368074,46.865076118614255],[13.378568706763573,46.88307083078598],[13.404816305893572,46.883057968679196],[13.417898681533428,46.856053805316094],[13.503145899315406,46.85146095615056],[13.503188191630636,46.86495865610598],[13.516322710728902,46.86943778643269],[13.50985049150619,46.89644343405619],[13.516414023601566,46.89643318707164],[13.516459714709336,46.909930890170784],[13.496777691219357,46.914459735598875],[13.496845581798487,46.93695592155282],[13.464046140762294,46.95499464906778],[13.457516426309114,46.972998825077866],[13.44437044487646,46.97301211739668],[13.444416234191719,46.99550831812673],[13.431272733349742,47.00001933305044],[13.431296889737247,47.01351705018519],[13.451030893092314,47.01349881051758],[13.470730704061168,46.99997943595051],[13.470707928617776,46.990980962284695],[13.483845847598198,46.98646538374719],[13.483808367622435,46.972967673463586],[13.496954325998153,46.97294981417075],[13.503569787254408,46.986438017019715],[13.549556111979692,46.97736238207064],[13.55611101409126,46.97285060864567],[13.556036613626405,46.95485369719729],[13.549465882927372,46.95486623811899],[13.542825242615377,46.936881475976676],[13.555962263420305,46.936856782913715],[13.562569048706703,46.94584232110841],[13.5822807793325,46.94580320570265],[13.588914483012818,46.95928636243459],[13.602079444560912,46.963755520254544],[13.595617415744142,46.986266723657295],[13.60219198260825,46.98625150568486],[13.602259551100296,46.99974909273012],[13.589128492280286,47.004278352960526],[13.589192765635168,47.01777594203227],[13.576076459862694,47.02680288624618],[13.530048804212724,47.03588770483984],[13.530098080155009,47.049385375844444],[13.549863461885174,47.0538491923563],[13.602485027128315,47.04474101605689],[13.589428713848097,47.06726705317421],[13.615790791174335,47.071704508401865],[13.635495452225676,47.06265584934321],[13.622157724412077,47.03119546704675],[13.648478173449549,47.03112616201397],[13.641691018994797,46.99515057883491],[13.628514955426366,46.990686017738874],[13.628465470888257,46.981687636104354],[13.635039461544947,46.98167051623345],[13.634988881539776,46.97267213611677],[13.681057271164468,46.98154001937046],[13.687542016326491,46.968022321933304],[13.667740982925768,46.95458410997378],[13.628317117593841,46.95469248385638],[13.62824299732421,46.94119490495475],[13.654465091716787,46.93212582082472],[13.654384373837535,46.91862825877293],[13.647818173697194,46.91864649899551],[13.654276813576944,46.90063151005329],[13.627996200771427,46.89620297316129],[13.628144228699536,46.92319813186384],[13.60844389969733,46.92324715388714],[13.608397869659438,46.9142487590429],[13.601832195186931,46.914264336653176],[13.60178729007001,46.905265939454125],[13.61489286038878,46.90073521362589],[13.614751607969602,46.873740043102686],[13.608167952371414,46.86925679326937],[13.595047685990622,46.86928754239988],[13.588572819140955,46.887299146324175],[13.575468317024251,46.89182682887722],[13.549195652465954,46.88737779336502],[13.535986445333913,46.86490555235632],[13.562244084196696,46.86935545827148],[13.575347057617815,46.86483161594778],[13.58184440510622,46.85131997368422],[13.542476416891725,46.84689688163794],[13.542441598995556,46.837898429128174],[13.601428594055955,46.83327879788306],[13.607915490821705,46.819765671357764],[13.634081356050176,46.81070130892869],[13.653632973913616,46.792651128928895],[13.666985443827864,46.83310617708526],[13.634232227831735,46.837696418610626],[13.640891343707581,46.85567571016475],[13.699886478216067,46.8510023168348],[13.699825077786338,46.84200397374211],[13.732508375689667,46.82839643851656],[13.758978304653336,46.85979566507067],[13.772096108655328,46.859745932893915],[13.778767107959407,46.873217946459356],[13.798448731872382,46.87313934084082],[13.798253614014554,46.850643627089184],[13.78510017751332,46.84619724244764],[13.77843095837559,46.83272560988568],[13.837388522187963,46.82798059848938],[13.84411491245739,46.84594787722305],[13.817926873624547,46.85056163740025],[13.81148949956942,46.86408676037855],[13.818048906755555,46.864059043775555],[13.818130296498065,46.873057316551254],[13.844372286076867,46.87294263292637],[13.844501070635635,46.88644001529278],[13.864232078697237,46.890849111719845],[13.864410575338892,46.908845594794315],[13.85136784481616,46.91790426855048],[13.851542082327535,46.93590077348652],[13.85811031813587,46.93587073763997],[13.858198591645264,46.94486898469284],[13.87790658570534,46.94477657977766],[13.871382520775763,46.9493068799518],[13.871608929596112,46.97180246791077],[13.89137385212279,46.976206841685446],[13.897899513598396,46.971675393418224],[13.897661990610963,46.949179859087025],[13.884522271367,46.94924413029993],[13.890857588773441,46.926716632932106],[13.897424668251194,46.92668432077238],[13.897140145890397,46.8996896743472],[13.890529556752224,46.89522286001744],[13.910170629994687,46.89062573910363],[13.903368431623482,46.868163270492325],[13.949235484613283,46.86342495741472],[13.949028507010695,46.84542863045789],[13.889968117176219,46.84123355945553],[13.876718127032584,46.827799609504204],[13.902889893538726,46.82317226101413],[13.902794282727255,46.81417406550579],[13.935560288680097,46.814005256756595],[13.935358114351205,46.796008930847336],[13.941858005975243,46.791474965925936],[13.96811285805992,46.79583069673652],[13.981051557270495,46.78225957542743],[13.994150043161177,46.7821841287025],[14.013854831316266,46.78656715526335],[14.01396911948415,46.79556523883873],[14.027187359233059,46.80448405340647],[14.001091649701065,46.81363918273185],[14.014369431615835,46.82705855397638],[14.007984745139472,46.84059479157057],[13.968592813206525,46.83632230920225],[13.968699568858437,46.84532045172981],[13.962142557123087,46.84535689094915],[13.968859769883704,46.85881766894632],[13.982031612421471,46.86324269979603],[13.975634375490054,46.87677712319221],[13.982249806847772,46.88123897092296],[14.001934020001453,46.88112502064733],[14.014942126489759,46.8720490505372],[14.021213148685636,46.849514317135366],[14.040885560992031,46.8493936001295],[14.047322959488941,46.84035453712955],[14.073672712901622,46.84918481182664],[14.119442058112611,46.83987857817505],[14.119640410533313,46.8533755552861],[14.093472719787563,46.858052999059865],[14.100224697251567,46.871505971836214],[14.093664562214409,46.87155002605151],[14.093856501802588,46.885047055705044],[14.067670992146114,46.88971854295753],[14.067856409498164,46.90321561870526],[14.080984512263388,46.90313011849731],[14.067980073262886,46.912213669779234],[14.074732477425547,46.92566816865492],[14.094432904273575,46.925538153263254],[14.120434825231078,46.90736349267426],[14.120302310990587,46.89836550107682],[14.133429130431512,46.89827392792661],[14.133092499362984,46.87577899034358],[14.146419000838664,46.88918287486098],[14.166105749349242,46.88904040914247],[14.165825433327898,46.87104453988071],[14.178874284768973,46.86644873728745],[14.185505427848724,46.87089870399962],[14.185935945776594,46.89789243519673],[14.199135434402491,46.902292209450266],[14.199354220711117,46.915789052214365],[14.232181554854145,46.91553438338318],[14.238137192869358,46.879490938025754],[14.257820098594651,46.87933254199178],[14.258053660174474,46.89282926508254],[14.245081967933203,46.901933103235244],[14.251955193841827,46.91987593352265],[14.238899560173707,46.924480152753056],[14.252342346225024,46.94237049707489],[14.239281227047803,46.94697476029871],[14.246158315895679,46.964917940315246],[14.239663216614444,46.96946936340999],[14.226519020374177,46.96957323675292],[14.219797402800523,46.960626735955024],[14.206655353310541,46.960728309108596],[14.200230475821352,46.96977641737391],[14.173941733518244,46.96997350985066],[14.160657792944932,46.96107183111534],[14.160518342960215,46.952073888198925],[14.127601212581437,46.94780881651615],[14.120898977779175,46.93885646421875],[14.088056769787604,46.939078915934566],[14.075044752384487,46.94816327791129],[14.081803506172305,46.961617354384366],[14.127869001271577,46.96580478131728],[14.134778501784394,46.98825367652238],[14.161006624286395,46.98356668347412],[14.16114623943768,46.992564621870315],[14.141421144889792,46.992706222529],[14.148271108115798,47.01065530623487],[14.161425611497233,47.010560493091965],[14.187446199716785,46.99237049153135],[14.20717104229353,46.99222089671792],[14.207318494184742,47.00121877526325],[14.220545410258556,47.005616054817374],[14.23362256028145,47.0010139515579],[14.23347065738807,46.99201610760929],[14.246620388238075,46.99191142906432],[14.260082827453253,47.00980084248798],[14.279813923460889,47.00963863095599],[14.286069264965116,46.991588257574925],[14.272761167223354,46.98269971210236],[14.338412551132114,46.97763949934487],[14.34515626825642,46.98657896278179],[14.371452512488082,46.986342218695846],[14.39855759818905,47.02658859210638],[14.424965598128955,47.030838256078674],[14.425334560786919,47.0488333555608],[14.39918773422509,47.058080160593526],[14.346438600088318,47.05406155344176],[14.353451992493591,47.07649699859651],[14.366709748291223,47.08087724046105],[14.3602108033461,47.08543554030445],[14.360818871407027,47.11692723642905],[14.29507855643282,47.12649918495894],[14.275224355386237,47.12216517267369],[14.274826191485579,47.09967080326179],[14.248473377214918,47.09988516244267],[14.242192470380951,47.11793338681758],[14.209239919360673,47.11819093332904],[14.195767125285093,47.1002955718505],[14.12988320401085,47.10077425360301],[14.103334131102583,47.087458085003554],[14.096553899447079,47.07400533715126],[14.076798380656642,47.07413571539833],[14.070399894035603,47.08767543715306],[14.07704957829895,47.092131732139755],[14.044292468840569,47.105838529550695],[14.044412607369221,47.11483656054502],[14.13667530900236,47.11422499517139],[14.16997938161572,47.13648315324459],[14.215979725983159,47.12713800899697],[14.229390352299612,47.140532051736464],[14.249170193080408,47.1403751681613],[14.262199510992811,47.13127091821451],[14.2624352965651,47.14476754459543],[14.249402701512942,47.15387181332177],[14.229617824925143,47.154028736671386],[14.229769537683836,47.163026519490806],[14.210055382509836,47.16767893451082],[14.21020381213541,47.17667673424829],[14.183740467218941,47.17237720614505],[14.137695164678785,47.181709286596096],[14.137490985829688,47.16821245406809],[14.15061546370147,47.1636199485739],[14.15020077143683,47.13662628231596],[14.14353936276187,47.13217427545981],[14.123829127602834,47.13681177714415],[14.123962835934437,47.145809702825254],[14.104115445638902,47.14144586521076],[14.09765116789211,47.15048809650874],[14.05148830570802,47.150787404199946],[14.058021756813238,47.14624679368965],[14.05777676010405,47.128250789357296],[14.031408982254291,47.12841488025409],[14.025109298595476,47.15095003713958],[14.031763112182398,47.155408961831434],[13.979218594638192,47.173715111950706],[13.913290773411514,47.1785674463952],[13.906837889735241,47.19209785127826],[13.920137047934302,47.20102909108201],[14.005950354955765,47.20055717886471],[14.0453149465248,47.18232162752279],[14.045134294919343,47.16882463979362],[14.078119070814443,47.168614595787375],[14.098233356974157,47.190978813719035],[14.131434376286977,47.20425021662197],[14.190845810645348,47.20382028484405],[14.184532926555269,47.221865190601605],[14.21755013302963,47.22161478929907],[14.224455542376267,47.23955903737644],[14.244195206085541,47.23490415640259],[14.243809377646407,47.21240986415267],[14.25701382369254,47.21230398686341],[14.27690033705311,47.21664114365971],[14.270615267871436,47.23469078270961],[14.297198520363876,47.24346892100179],[14.303475566926425,47.225417832900774],[14.310079357408556,47.22536163099136],[14.302900348848839,47.19392607466584],[14.289700577781074,47.1940372656925],[14.282779006189207,47.176096903698074],[14.26298592987159,47.176259623101615],[14.256544534446824,47.18531083092459],[14.263143373874035,47.18525734604553],[14.263300871348845,47.194255062465814],[14.250100937507261,47.194361668193736],[14.243192733309401,47.17641890467303],[14.256388210917924,47.17631309894166],[14.256153825112586,47.162816489219274],[14.275941901836102,47.162654956712586],[14.315185210793278,47.14432624776197],[14.361340647362747,47.14392007135473],[14.355092964448014,47.161974457614356],[14.39484747368785,47.17061112511428],[14.421234814784878,47.17036286559177],[14.427553596162724,47.15680361550683],[14.453933905923796,47.15654778248773],[14.460242677087702,47.142986707289474],[14.446867417031012,47.13411864774519],[14.473043411121704,47.124860911054114],[14.465781474996119,47.093435459019666],[14.505006994863843,47.079540048953845],[14.50480887288801,47.07054264577038],[14.484958541260006,47.06624521326345],[14.484763865765863,47.05724777037427],[14.497732343055594,47.04811656997385],[14.524158956924937,47.052343178962204],[14.542882579115567,47.00714834865257],[14.569083657427905,47.00236715957358],[14.568666371463488,46.98437253440918],[14.548740456303738,46.97558756510673],[14.548535323951558,46.96659021227568],[14.56814516087234,46.96187924305892],[14.568457834338622,46.97537521902419],[14.588280980955899,46.979658088113304],[14.594640959389453,46.9705881299803],[14.627390537419473,46.96572042803182],[14.627172142428913,46.95672322077065],[14.600571011474656,46.943523297755576],[14.626626477884187,46.93423019801941],[14.632864899457552,46.92065949078859],[14.61284436241328,46.907387171039076],[14.586588291931506,46.90767982109538],[14.586377027391801,46.89868253567858],[14.599289472031538,46.889539734695234],[14.599076134531444,46.880542474623255],[14.592515432374134,46.88061541016702],[14.59230327432017,46.87161813848602],[14.598862869050317,46.871545215259374],[14.612197484741566,46.88039546408196],[14.606065781698574,46.898463655124836],[14.625863321641553,46.90273996049183],[14.63198880233897,46.88467069834182],[14.618758132607445,46.88032138908755],[14.631769962920226,46.87567350115044],[14.63155119737097,46.866676304764255],[14.624992247098234,46.86675112042866],[14.618000395377171,46.84883111649094],[14.591985171494445,46.85812223277472],[14.591455357830307,46.83562906323676],[14.64400655004728,46.83953402851954],[14.650229472225409,46.82596238381145],[14.623905056458705,46.82176509507656],[14.617027475773348,46.808343650841806],[14.59726566987065,46.80406581465183],[14.597053015081341,46.79506857012591],[14.564198313905552,46.790930219487045],[14.563991285197094,46.781932918390694],[14.603496341332235,46.790496757235346],[14.616056031282683,46.76785623476459],[14.62914964104152,46.767707260130386],[14.635915476968586,46.776629364739165],[14.67531523595439,46.780669535985524],[14.682317402500729,46.79858595956959],[14.708634966910516,46.80276966138456],[14.703582968870228,46.86132974545345],[14.697024780163973,46.8614087312155],[14.70404485699835,46.879323851698366],[14.69103844503359,46.883980037157635],[14.691381800587461,46.89747565897605],[14.737201505744293,46.89241857260359],[14.73743822476565,46.901415559717826],[14.717865669519009,46.906155770593124],[14.724546638468263,46.910574085404456],[14.725016040116515,46.928568113882726],[14.71856644466664,46.93314685382093],[14.692298266395001,46.93346398441918],[14.685503050121506,46.924545222440344],[14.659350756574986,46.92935327041857],[14.659686368813164,46.94284898941878],[14.672935928062923,46.94719351989622],[14.673162022976136,46.956190638357626],[14.660134116599313,46.96084327833525],[14.667042293733928,46.97426212187849],[14.647547612227948,46.98348875615609],[14.64776956511312,46.99248592042418],[14.68064152059234,46.992101441175016],[14.687444556668025,47.00102048758879],[14.661366985827138,47.01032754114109],[14.675086920716577,47.03266607562482],[14.642079228376918,47.028550360110614],[14.642521733073059,47.04654468631399],[14.682236269431924,47.05508106656235],[14.662489769282782,47.05531317028564],[14.643186052427648,47.07353614990449],[14.630017049833071,47.07368674495306],[14.623869079343065,47.09175583621238],[14.617282299552734,47.09183020588091],[14.610263406834623,47.073909778563895],[14.584030725055342,47.078700450075765],[14.584453962664004,47.096694960189126],[14.597628802971249,47.096549640537184],[14.604646422826773,47.11447082673724],[14.624415194132087,47.11424876791354],[14.66338936620448,47.09130161043508],[14.71725291422938,47.135659540638976],[14.710660815917374,47.135739316090834],[14.710894116671593,47.14473629735287],[14.664628305493313,47.14078559627012],[14.638146449666747,47.13659165838991],[14.618043080115667,47.12332034571958],[14.605076941577641,47.13246522486625],[14.605292310509073,47.14146241590345],[14.618587047989282,47.145813264220294],[14.625618277959925,47.16373310297994],[14.605723267669838,47.15945678082559],[14.592639477522562,47.164101635991976],[14.592852863060845,47.17309883103933],[14.566465017439123,47.17338683285632],[14.573797660041253,47.20480566420906],[14.56028379712382,47.19145237057031],[14.533784903533638,47.18723418455692],[14.487690940405578,47.1922089214197],[14.48138333443629,47.205771466310345],[14.461579834320707,47.20596867883478],[14.454503516271183,47.18354009949097],[14.428109767847218,47.1837960622686],[14.421787908355544,47.197355315486675],[14.428388066209253,47.19729226384049],[14.428759351326157,47.21528717498689],[14.441964105341405,47.21515988233352],[14.448755561597771,47.22409307494356],[14.528097291064034,47.227791125005936],[14.508584707215693,47.24149239704801],[14.435922504380423,47.24221599870349],[14.436109554192306,47.25121340929945],[14.449512617246556,47.26008264625194],[14.475944322549196,47.25982172470234],[14.476138242854152,47.26881905284464],[14.463016035813599,47.27344897284954],[14.463399641875526,47.291443638331984],[14.47681748362755,47.30030963158062],[14.496656270702601,47.300109771586214],[14.496360005614116,47.28661387357288],[14.522804735669094,47.28634210274816],[14.528705506356168,47.25478289749885],[14.541919865655515,47.254644032379524],[14.54832084226602,47.24557681194074],[14.574744787570689,47.24529300959851],[14.581139008643259,47.23622394078655],[14.614162832197389,47.235858732680484],[14.613728384952891,47.2178645082665],[14.646740525790932,47.21748986783163],[14.65356681578399,47.226410832938605],[14.686469223354742,47.22152617420261],[14.726322128822247,47.23004708266121],[14.733163450110935,47.2389632696197],[14.772426356124479,47.22497588628991],[14.786002254997456,47.23830394136319],[14.812421157741623,47.237965100801205],[14.81927800675988,47.24687611216607],[14.806316411253642,47.256043788637065],[14.760188353271824,47.2611286621321],[14.754183725934357,47.283702900131445],[14.767404662060914,47.283537928652024],[14.780994334361385,47.296866501968815],[14.827278465707879,47.296271539272574],[14.827024692462997,47.28727492520763],[14.840246287779951,47.2871015203362],[14.853855236741213,47.3004214138587],[14.867080031259345,47.30024490271731],[14.867340685355726,47.30924141355599],[14.893794508204596,47.30888373745659],[14.886389266811406,47.28198430508353],[14.91269518311514,47.27712400338809],[14.91323187790039,47.29511685044676],[14.906753879654216,47.29970618264683],[14.91336610867165,47.29961505626948],[14.913768938058547,47.31310965903655],[14.940497545607323,47.32173755945735],[14.96765170820596,47.34385355745025],[14.994122160582787,47.34347265424258],[14.988208223218797,47.366058879849746],[14.955105889518313,47.366532335963804],[14.93565314234707,47.38030622291598],[14.876182901051559,47.38562236008018],[14.88333355033772,47.40352574703169],[14.903209327898622,47.40325528731752],[14.910102996279065,47.41216065911154],[14.92335561407307,47.411977637077385],[14.93052585290839,47.4298780040776],[14.957039757781615,47.429505696926164],[14.98411571365798,47.447119398284904],[14.978045655386216,47.4652067438352],[14.97141276078268,47.46530161141737],[14.979027538226598,47.49669283053291],[14.972390679547786,47.49678775430861],[14.972670299681182,47.505783762686455],[14.979448704592098,47.51018681345872],[14.99936423733522,47.50989966422296],[14.99908003488428,47.50090372787669],[15.012068296472426,47.49171448806433],[15.011782022451557,47.48271855518161],[15.005146983961243,47.482815375234615],[15.010780832757826,47.451232678982805],[15.037450111088523,47.45533974926146],[15.043935848276153,47.450743107736656],[15.036869393496586,47.43734789063467],[15.083273669722733,47.436649234206065],[15.082826523283686,47.4231554827416],[15.042770485494326,47.414759378133574],[15.055290084235637,47.39207114626525],[15.101955397671066,47.40036085928419],[15.115659577852568,47.41364929623094],[15.181762257462688,47.408102060455796],[15.182234590854634,47.421595445152114],[15.195647178435237,47.42587868930409],[15.235087787052533,47.41623041622987],[15.23541179427317,47.42522584968182],[15.20906194472848,47.43016035930786],[15.209701357762084,47.44815132118189],[15.22975372060725,47.45232189198547],[15.249319313192117,47.442995920395326],[15.24415523001839,47.48358556790088],[15.317811954289594,47.5003374372817],[15.370730254536277,47.494909880086865],[15.37771486693976,47.50378680195328],[15.437984769017566,47.51619956476234],[15.444983546912606,47.52507235292433],[15.471541156776986,47.52458093816225],[15.471906247771043,47.533575499822604],[15.48518713388208,47.53332744490795],[15.485738407674694,47.54681919439302],[15.499392514097378,47.55556397589558],[15.59981100402155,47.5716303969915],[15.613880276490493,47.589355555276995],[15.653961069311984,47.59305440697828],[15.647511317935729,47.59768532498977],[15.64889691985824,47.6291637276549],[15.662400318331073,47.63339206412182],[15.675304826413623,47.62412825806915],[15.695258930271482,47.62372028992247],[15.694854979637233,47.614726634335085],[15.708358363303665,47.61894958425923],[15.727900673116107,47.60954232908234],[15.735371642134785,47.627390711993726],[15.795656515740152,47.63511840504093],[15.796499402525612,47.653104895738494],[15.783189790583013,47.65338897447985],[15.776953173721239,47.66252372474215],[15.743672643924437,47.66322537543887],[15.737839671803037,47.68135135307301],[15.791948661128231,47.69821313322863],[15.792791289915364,47.71619939418925],[15.79966537711665,47.720553533866735],[15.885848021843714,47.70967431658063],[15.898731778907392,47.70038562306872],[15.919599200360826,47.71792417501364],[15.939810330581917,47.72197007820303],[15.94048058391028,47.735458869223606],[15.968042912986167,47.75283754603375],[15.994254092999062,47.743232798854294],[16.02183833804352,47.760598570277075],[16.02229954542487,47.769590693759675],[15.962277621486187,47.770974437965414],[15.954708929460724,47.75314146881277],[15.921595230889192,47.75839079400568],[15.914263446674134,47.74505139814414],[15.894264924471624,47.74549736933585],[15.88847490281075,47.763630594839995],[15.895363161017777,47.767978967849004],[15.855131663164384,47.76436448511383],[15.842224440751792,47.773648150416804],[15.849541875423046,47.7869920280406],[15.84287021872183,47.787137324049176],[15.843300922194011,47.79613007819372],[15.8906681062581,47.80859355332156],[15.897782601944039,47.8174379901147],[15.944509357612631,47.81639057273121],[15.950735053204058,47.80724710188227],[15.964082841729342,47.806943642526676],[15.944733543668166,47.820886724138504],[15.945182031343359,47.829879009208085],[15.96566444536051,47.83841639113481],[15.966123925394385,47.847412644829916],[15.946535554621237,47.85685984654664],[15.947433897291729,47.87484428511163],[15.927385911254554,47.87529598189636],[15.926940106656849,47.86630369848451],[15.899992965268957,47.86240424480295],[15.906453011372882,47.857759455263405],[15.905562090445468,47.83977059615715],[15.885088961575427,47.83122255364503],[15.865274680325568,47.83615973207216],[15.866151495136984,47.8541488718516],[15.839430433008602,47.85473155295977],[15.847622718704388,47.88606052609387],[15.840938378830831,47.88620570258724],[15.841369554071546,47.89519826070268],[15.84827126093635,47.8995493168924],[15.887947564000243,47.889677540346895],[15.908222757688996,47.89372884224242],[15.909108544591124,47.91171338437336],[15.882797040421941,47.921298327291595],[15.890365551963708,47.93913526757473],[15.917129231638295,47.93854080766237],[15.942994090720353,47.91995602099585],[15.976208218368848,47.91470076510735],[15.989126535708206,47.90540243596427],[15.9882133217584,47.8874184829927],[16.035465575886704,47.895326281999026],[16.0481351846938,47.88152539383828],[16.061501427589025,47.88121067694039],[16.061970511159398,47.89020238893061],[16.08225934320557,47.89422313931088],[16.08273211581822,47.903214732500196],[16.063378730688633,47.91717737105035],[16.064318351890147,47.93516056202514],[16.0509383160721,47.935475598933344],[16.059035546371703,47.96229294053021],[16.05257615219351,47.96694611281202],[16.03872204500448,47.95826819263709],[15.978255601667886,47.955164394618535],[15.945465652505376,47.969412129168546],[15.94591553071676,47.97840406121375],[15.95975953804414,47.98709303375791],[15.986547017518625,47.98648252006059],[15.987461391109335,48.004465936069565],[15.933643315371304,48.00118522908932],[15.927614959688391,48.01482323335682],[15.914213676500143,48.01512244248253],[15.900148667544448,48.001932092790945],[15.873352262496075,48.00252260682979],[15.87488496797166,48.033994876423264],[15.881807853968018,48.038343739564624],[15.955546877186348,48.03669952547314],[15.956451430698895,48.05468288538173],[15.970317468872453,48.0633703766077],[15.990437465040149,48.06291124929652],[15.988834134426673,48.031440847882806],[16.002239177979373,48.0311330055237],[16.023273950535213,48.048651202190904],[16.04362149959231,48.052678540746534],[16.051264165507664,48.070504154332596],[16.09150784886751,48.06955431025056],[16.091983809781155,48.078545359241474],[16.07856709851005,48.0788635800522],[16.07256772371951,48.09250874630361],[16.093412679087216,48.10551832413669],[16.080226153629496,48.110332201073255],[16.080700537927484,48.11932316638934],[16.067273242699038,48.11964007636895],[16.067981649531372,48.13312654637232],[16.028153873917887,48.143059293941434],[16.022133862118118,48.15670153215832],[16.02908539228257,48.161041399157355],[16.002208469746577,48.161661708776606],[16.021669263222897,48.1477104531392],[16.021204824937087,48.13871934230346],[16.00036463541345,48.12569695103704],[15.939930997934253,48.12706897515526],[15.926053059573146,48.11837804426572],[15.925605403606221,48.10938646170453],[15.898311089118296,48.10099112429146],[15.897868374418362,48.091999379420706],[15.884226911910075,48.08779922837614],[15.869274764628326,48.056621662186565],[15.821901593793058,48.048646291924925],[15.821472508707577,48.03965409662479],[15.855209933031711,48.04342603933547],[15.854123241221563,48.020945767792604],[15.834018277632408,48.02138124220054],[15.827746492795242,48.030517853222186],[15.814126778094606,48.0263093688171],[15.813699217848672,48.017317077411455],[15.833371907562857,48.007892883016304],[15.825812911286128,47.99005260286454],[15.779138711215062,47.99554808200133],[15.753803705712983,48.02758448975999],[15.626445513832074,48.03017324324337],[15.618560330952413,48.00332662457685],[15.584672219659016,47.99498916589428],[15.584090648323143,47.98149936910604],[15.597290127562204,47.97674177046244],[15.596510688572023,47.95875534139972],[15.5697332394299,47.95927558718248],[15.569348330688857,47.950282244494765],[15.555770458994761,47.94604329626556],[15.529188078718944,47.95105086098781],[15.529755118830435,47.964541060437824],[15.55749291876837,47.98651338444881],[15.550985920101542,47.99113842151378],[15.551750139135907,48.00912496748112],[15.558450995990832,48.00899652967226],[15.559026238947954,48.02248633361861],[15.5724313186134,48.02222822911283],[15.586418739787169,48.03545818218105],[15.552706154553361,48.03160799336008],[15.539678890524275,48.0408570183245],[15.540439934560514,48.05884334095026],[15.574362510534245,48.067193561969674],[15.569389918841663,48.107791191293565],[15.576103436028273,48.10766173682965],[15.576684346249696,48.12115099324522],[15.556154648910969,48.112545393999994],[15.541773026782437,48.090319125168165],[15.507840616974987,48.081959433730155],[15.500195566479823,48.05960187805078],[15.472996322881299,48.0511064466459],[15.47262743173941,48.042113058033095],[15.48603798124963,48.04186495423236],[15.505591796570704,48.02799991042743],[15.504843223942578,48.01001317455294],[15.48455444419453,48.005891284852794],[15.47170576063511,48.01962946217257],[15.458300863456417,48.019875909416065],[15.471337314720808,48.01063597468286],[15.470600804006201,47.99264891668127],[15.443623001432156,47.98864318670867],[15.423887404970085,47.998001106579935],[15.423347378796647,47.98451054429473],[15.430045381258436,47.98438953603747],[15.422627778149103,47.96652303336786],[15.402540506399543,47.9668836101842],[15.396377420811294,47.98049379275504],[15.383158716108843,47.985228453718705],[15.383864960562118,48.003216099804256],[15.370639359760341,48.007949296397605],[15.377692704598797,48.01682512739687],[15.370990415156163,48.0169431045742],[15.3715172253743,48.03043376464614],[15.391806601421644,48.034575421787096],[15.392338979687132,48.04806590697026],[15.432575982697298,48.047344816840265],[15.432937996395982,48.05633831570339],[15.41281616330887,48.05670066856493],[15.413533620616011,48.07468770240935],[15.393226889594645,48.0705499056096],[15.3928716336643,48.06155632782121],[15.366039408234954,48.06202941300813],[15.360205171704548,48.08463085379161],[15.313910576748441,48.10342888735254],[15.314594484343775,48.12141622224336],[15.328026202566392,48.12118641432199],[15.328370654429445,48.1301799974167],[15.382105611271209,48.12924506162235],[15.382459467759022,48.138238455628475],[15.362831392570325,48.15208215483397],[15.287899424151721,48.12636802766286],[15.280678460476395,48.1129901919872],[15.260533704574085,48.1133261021226],[15.254481987831674,48.131424913541764],[15.247764662286027,48.13153575535207],[15.22679511433288,48.109381219343625],[15.199936791838802,48.10981584989711],[15.192901177031713,48.100929499929634],[15.16620508671724,48.105853344204114],[15.165888815726891,48.09685922084155],[15.152462691093499,48.0970702648785],[15.158073733716085,48.06548521116662],[15.164782727283367,48.06537955759863],[15.164151276721377,48.04739101959906],[15.15728738215673,48.042999476115156],[15.16399348218953,48.042893867309594],[15.163520261941974,48.02940236819255],[15.183473773690986,48.02458614092504],[15.19639953918909,48.01088005611282],[15.182358603714947,47.99310587458843],[15.201974709773241,47.97929196450861],[15.222068084394712,47.97896621030597],[15.228276434623421,47.96536533813482],[15.241504134893376,47.96064834581431],[15.234154449051578,47.94276967971658],[15.207381901865308,47.94320604856877],[15.201010032832752,47.95230865966537],[15.161315135498954,47.96644122095664],[15.161629827794279,47.97543575137903],[15.141848782062151,47.98474556975395],[15.142471780928606,48.00273460376112],[15.14932912740347,48.007127083788426],[15.129843371279035,48.02542917304319],[15.130152988077095,48.034423615609796],[15.090073501806016,48.03953696154839],[15.090376336812536,48.04853146647596],[15.083669365273774,48.048632814493885],[15.083971147370345,48.05762730828863],[15.09769158125185,48.06641862048479],[15.06369743676718,48.05343180553176],[15.043132257484109,48.04023812713597],[15.0428376239333,48.03124347528351],[15.002320625990443,48.022834459486575],[14.988057686212125,47.9960419775284],[14.947993851948564,48.0011062273094],[14.93431585869683,47.99229702302207],[14.907515599431157,47.99266396732069],[14.89438409349837,48.00184024026224],[14.901490449335963,48.015242463864205],[14.968801221327576,48.02331184274892],[14.969223974602185,48.03680412216971],[14.989626324059083,48.04551355341759],[14.969646946788854,48.050296338772355],[14.970352387366427,48.072783224802365],[14.950360778099622,48.077562641076675],[14.949663902308677,48.05507567127415],[14.936109580638265,48.0507642596428],[14.942678401727981,48.04617402159878],[14.935557237644018,48.03277446490982],[14.881914732518414,48.03350270393023],[14.868107214722949,48.02018823317874],[14.847865520946264,48.01595493733778],[14.82118064100984,48.02079947798391],[14.807392000455154,48.007477717080874],[14.780458495190528,48.00331759447762],[14.78008484206884,47.98982451754028],[14.840124214483609,47.980061260148176],[14.83960570706876,47.96207060554485],[14.832909395975156,47.962157442508655],[14.839346587362074,47.95307523918225],[14.93348934235545,47.96531175913838],[14.946604780983135,47.956130945639764],[14.973386001648588,47.95575494936642],[14.979514758585335,47.937669845533364],[14.959156228708615,47.92895833606593],[14.932388649018556,47.929331042652706],[14.932663680165723,47.93832626017451],[14.919413841490279,47.94300793549879],[14.90521523282525,47.91620458528375],[14.885144202954514,47.91647533137353],[14.878985253936609,47.93455553730664],[14.78528518668557,47.9357679249773],[14.785035553826944,47.92677236624927],[14.778343679852163,47.92685604570064],[14.784910769635845,47.922274577476585],[14.784411847663481,47.90428336031068],[14.743913954438842,47.891285813353406],[14.743550534895258,47.877792155701485],[14.716807734496022,47.8781149521108],[14.709648105518937,47.86019960971972],[14.689597726466575,47.86043641515301],[14.702729539411436,47.85128304504187],[14.729578429738904,47.855461409129376],[14.742701995063543,47.84630348038104],[14.742460098284887,47.83730764064916],[14.762624028234928,47.841559556645656],[14.775738320830843,47.83239783715572],[14.775243382559601,47.81440620644013],[14.79515032363793,47.80965662649414],[14.79464893022429,47.791664969934565],[14.781051514660863,47.78283718221826],[14.787350977750533,47.76925948563474],[14.773760606694566,47.76043078693849],[14.740769146666526,47.77433613626011],[14.741131151179362,47.787830120334576],[14.754601254523124,47.792164638839346],[14.754845029087333,47.801160562718735],[14.73529838522929,47.819397087384466],[14.735538967994167,47.828392986268966],[14.682219428598364,47.83352672761949],[14.675769726579661,47.842600448430545],[14.655612470289373,47.83833336294499],[14.662179149471102,47.833758772661426],[14.661723235913895,47.81576668103059],[14.634342252812822,47.789082100020515],[14.6015132474429,47.81194361252481],[14.608518739007767,47.82536440887956],[14.62187695739833,47.82521631091219],[14.649044642632912,47.84290757375769],[14.59570187189361,47.8480013211286],[14.596026951254881,47.861495468897715],[14.656408022041482,47.869822629027375],[14.656976232433063,47.89231252301329],[14.677039085048321,47.892081396554524],[14.67081101268036,47.9101505805816],[14.67761641961836,47.914571041926436],[14.704378124281307,47.914257320976716],[14.710831748555943,47.90518214933888],[14.724210135603483,47.90502221785131],[14.751210322718023,47.91369339972583],[14.751454067282666,47.922689066172026],[14.738191990286628,47.92734998814931],[14.745369510765284,47.94525989316922],[14.70508541084714,47.941244532034375],[14.692165001515042,47.95939364829265],[14.665265528679804,47.95520666735661],[14.658911810291407,47.968777014550135],[14.645291182557242,47.959933629106224],[14.611919254021519,47.96480561317484],[14.612359267387289,47.98279719490301],[14.599069503975237,47.987442064324924],[14.599941346296346,48.02342495619818],[14.606645886454167,48.02335160521099],[14.606865191992984,48.032347248008406],[14.560241867936192,48.04634618185315],[14.560558979290535,48.059839660160186],[14.547454160650988,48.07347408714049],[14.567906453673276,48.08675531889127],[14.541263548415442,48.096032981689405],[14.541471859145858,48.10502851946213],[14.528041538825349,48.105167283158494],[14.494365325078034,48.101009584494555],[14.494065119193158,48.08751612335957],[14.52112152181707,48.09624050901657],[14.547768122878642,48.08696747367663],[14.540639047871476,48.06904619477935],[14.52040517349607,48.06475577617246],[14.526703872833991,48.04669562098647],[14.519996220195472,48.046764344037626],[14.519587549145344,48.02877280051604],[14.51288219372348,48.02884111214427],[14.512374642705836,48.006351499883856],[14.52567693968785,48.001716615448245],[14.525882184612826,48.010712470916125],[14.539495809078268,48.019569759007375],[14.559608137580506,48.019359037931444],[14.56620607460291,48.01479014620197],[14.56578171286265,47.99679857774211],[14.559080529816272,47.99686956413036],[14.551959880145521,47.978948439638906],[14.585561873989096,47.983089599602216],[14.605331640687789,47.96937718250037],[14.598307627773249,47.95595668660158],[14.618505713253384,47.9602336622471],[14.63167517024598,47.951088616089514],[14.637921666657395,47.933021766179316],[14.67138586465721,47.93264013567077],[14.671040894083733,47.91914642123314],[14.597438036545253,47.9199730136292],[14.597220825869337,47.91097703293883],[14.577043527013352,47.9066962787534],[14.576829882560492,47.897700224542426],[14.589990873239735,47.88855975205143],[14.616850001638378,47.89276432387003],[14.623094652241582,47.87469796034625],[14.582874379504588,47.870639938539554],[14.582659393093001,47.861640572101756],[14.53566597015298,47.853140044739874],[14.52775320209916,47.79923154146144],[14.50104944596854,47.7995044004397],[14.501550157266216,47.82199534484945],[14.494871306462652,47.8220626219351],[14.495070563364642,47.83105897230392],[14.508632166362887,47.83992031366914],[14.488886117375223,47.853616679444016],[14.5157190302047,47.85784475885857],[14.529393956916879,47.871204936194594],[14.503054930477415,47.88947063575473],[14.462735714681083,47.880872678564074],[14.46903225011961,47.86281146432231],[14.448884151345203,47.858508313479554],[14.435611558536133,47.86313456400223],[14.435895154031975,47.87663227351753],[14.42271024667726,47.88575520487633],[14.422897310542554,47.894751557756],[14.403016099197426,47.90393491088499],[14.409982919245403,47.91736743621319],[14.403383637139935,47.921927558989935],[14.376616413998839,47.92217158607631],[14.376347649499158,47.9086770471512],[14.34949983853563,47.90441660387068],[14.31613605871105,47.909203312989746],[14.31638926898111,47.92269798567285],[14.276237180359185,47.92303148656806],[14.269786352704097,47.936580429928505],[14.256240192162087,47.9276912611335],[14.236162106503736,47.92784930867578],[14.236394736573498,47.94134407320016],[14.216311341865026,47.94149867315732],[14.216463034614222,47.9504951777225],[14.18968037816102,47.95069591955625],[14.189901090667584,47.96419067991174],[14.149576111678543,47.95548368856653],[14.162826280957722,47.94639217714202],[14.196301939181351,47.94614805356165],[14.209466363410073,47.93255289316731],[14.229546338012707,47.93239948179594],[14.22939244414466,47.92340294467903],[14.256160946501739,47.92319300726545],[14.262533887672603,47.905146495718746],[14.309362009545758,47.90476160934755],[14.315798648366497,47.89121033104976],[14.335862403959833,47.89103845286365],[14.335690333169602,47.88204195506747],[14.3423770713331,47.881983897874406],[14.34203149795171,47.86398778100431],[14.321978239052338,47.86416074617552],[14.308943233507508,47.88227031298966],[14.28219590338371,47.882492477492185],[14.275186795693966,47.86455078821752],[14.26181768534172,47.86465874617944],[14.255290143992955,47.873711814138595],[14.215100997839091,47.86952274618197],[14.214874161878077,47.85602771928914],[14.208190642820457,47.856078400475056],[14.214723002903181,47.847031005935975],[14.221405359542244,47.84697994649306],[14.22155766793775,47.855976651198496],[14.26834183810989,47.855608341326594],[14.27494447792868,47.851055864316464],[14.27462158194493,47.83306255251882],[14.254500996608106,47.82872545771294],[14.247977802144218,47.83777514813746],[14.21464744290541,47.84253264071533],[14.207815715642168,47.8335865530585],[14.174340217850386,47.82933564321779],[14.160767202782761,47.815936646993926],[14.174052040172366,47.81134195833174],[14.17369209645753,47.78884972953398],[14.193643301163453,47.78420406656672],[14.200169210020126,47.77515732057283],[14.220188775189065,47.77500550855175],[14.226708953676487,47.76595723916405],[14.259989501555093,47.761196173840446],[14.279760471186526,47.74753868713603],[14.339786399225359,47.74703135739904],[14.366022164989628,47.724303909567396],[14.445924562633845,47.7190622665866],[14.438880302906092,47.70113290346191],[14.39223519232224,47.70157036507855],[14.378371524704896,47.674701321085124],[14.364962803793617,47.670322780911945],[14.371267584176627,47.65226918273058],[14.351208307508447,47.64794875595124],[14.34429227292927,47.634511832971306],[14.317755486744886,47.639240754283165],[14.324834795524724,47.66167625734529],[14.318176134177303,47.66173330769935],[14.318597142102972,47.68422574719169],[14.27196613694986,47.684614470637044],[14.265463875140782,47.693665478031775],[14.25213829377394,47.693772317808815],[14.252295429200252,47.70276933497599],[14.238967508572479,47.7028746496989],[14.232149820976353,47.69392968457212],[14.17218370188184,47.694380955681986],[14.192025721804864,47.68523688924491],[14.191805615263625,47.671741182721384],[14.17841325549784,47.66734090853409],[14.15843463888212,47.667485472858175],[14.151984869300081,47.68102868401398],[14.138662281996485,47.681122385238815],[14.131728119556914,47.66317420866781],[14.09170894884572,47.65894500545025],[14.091968055676718,47.6769395637288],[14.13900646523677,47.70361532159803],[14.139144221163587,47.71261246277348],[14.16587652815396,47.7169219531284],[14.159281316406444,47.7214683467157],[14.15963461323961,47.74396100503941],[14.16637514862555,47.74841164623037],[14.186384593781842,47.748265703128936],[14.199427716847902,47.73017247959043],[14.259434529523116,47.729707007268246],[14.25959302494697,47.73870393726092],[14.232918885014305,47.73891470937896],[14.206543369920286,47.75711324483846],[14.15984673686824,47.75745653971284],[14.153456449948758,47.77549802746388],[14.146783149513833,47.77554515458607],[14.15373735279413,47.79349193402993],[14.113683614351423,47.793768995655356],[14.100463622061849,47.80285524116938],[14.107339270556789,47.81630621888773],[14.140800985060169,47.82057658024389],[14.13460241497923,47.8521119543472],[14.101186836263654,47.852338257218435],[14.108200186874504,47.87478876020149],[14.021280726656837,47.87533708285335],[14.008023973729554,47.88441255719223],[14.008139642808132,47.89340945658361],[13.981496654214332,47.902558867515545],[13.974587091839952,47.884602193962074],[13.961212272218793,47.88467533869812],[13.961053487654013,47.87117704797222],[14.021165096991343,47.86633729880051],[14.02779057793578,47.86179899452392],[14.027493171833429,47.83930665822215],[14.000709782494214,47.834965175657125],[13.994198536981129,47.84849894455888],[13.980833041530646,47.84857437037048],[13.967358919160208,47.83965123876784],[13.96703337665422,47.812660075062645],[13.953570850685786,47.80373524621242],[13.933590999254644,47.80833931852864],[13.934053512362576,47.848826174175144],[13.907518748385085,47.86695560840592],[13.914400117209691,47.8849191502843],[13.894529863635665,47.90301181380687],[13.827546755561752,47.89431866735188],[13.827631369606527,47.903315696924444],[13.820941478518632,47.90334395517037],[13.827254037158092,47.86282618527079],[13.800515279405657,47.86293682927851],[13.80699741286359,47.84041694245189],[13.793515744395641,47.826974928764216],[13.773475375851161,47.8270526347825],[13.766906356609804,47.84057355442228],[13.733531145520182,47.84519202259685],[13.646631898072796,47.84095983484369],[13.640054495115143,47.858972066135806],[13.680248819310261,47.872355261116994],[13.673849456009076,47.91736329137809],[13.707308177096063,47.917260703359915],[13.707436074217826,47.9352547693345],[13.693986336477513,47.926299953158974],[13.647189531937927,47.9354325147837],[13.65374681191259,47.912921650164215],[13.626931915198066,47.903994972117324],[13.626856830089919,47.890499246363056],[13.613408561135822,47.87703634220467],[13.58668362593917,47.8815960533513],[13.579937897494966,47.86811198550261],[13.55321019007764,47.87266649872434],[13.5533597028118,47.90865528082667],[13.546669022495019,47.90866766093428],[13.546578432264408,47.8861747111489],[13.5331519570946,47.872702452708204],[13.539767959485594,47.85469631575743],[13.599926132190037,47.854572075044096],[13.599858064391272,47.8410762068773],[13.57308491631122,47.83213926823531],[13.559569462364308,47.79617638155732],[13.546162718206924,47.782705301521744],[13.479416684822024,47.78280755676535],[13.472765536303058,47.79181313057018],[13.406013808181267,47.79637162333932],[13.406001807152007,47.78737415023404],[13.3993266004664,47.787378000107964],[13.405983813309746,47.773877901115696],[13.39931032654772,47.773881750018845],[13.39929948190767,47.76488422397624],[13.379282454822153,47.76489345098692],[13.385937701927766,47.7468956459684],[13.372594470046826,47.742401844808754],[13.339248121548044,47.76040270292239],[13.339248915756281,47.77389900401421],[13.325904576469041,47.760402287319216],[13.25918687611504,47.76037703367859],[13.252536652887352,47.746876044658826],[13.23252651896121,47.746859781871784],[13.225818587644458,47.76484868976286],[13.21246330459978,47.76933390153597],[13.212431426135325,47.78283015457824],[13.199093962239408,47.77831631015289],[13.192481626908597,47.75581438441712],[13.165796937471642,47.75577802040946],[13.16573840830426,47.773773055838085],[13.172397803580353,47.77828147624364],[13.132248549376857,47.80520997132271],[13.132213494999759,47.81420737442256],[13.098861288841773,47.8051461110291],[13.10555855214415,47.80066095088899],[13.105637789332455,47.78266607614936],[13.119005608720855,47.77819326177487],[13.119042907480734,47.769195778018094],[13.105716972030136,47.764671117494196],[13.105796100293439,47.74667607669847],[13.125806102135037,47.74671435059748],[13.125842211117599,47.73771679345205],[13.139213745698965,47.728742793569886],[13.205891094266395,47.728837517523424],[13.212590654036454,47.715348432442376],[13.239263108429638,47.71087513925451],[13.239296347215372,47.692879798324405],[13.205980465991786,47.69284693483491],[13.206013948723326,47.67935038819572],[13.192691036421731,47.679334546461135],[13.186068187394714,47.66582946520245],[13.23936275625028,47.65688889317567],[13.246052257825443,47.6388987423608],[13.219446938957374,47.62987698722605],[13.21946692940641,47.62087916658818],[13.206181103878736,47.61186704814122],[13.192863032753094,47.61635014495452],[13.186248076809196,47.60284489022374],[13.21950688972547,47.6028834745808],[13.24613709225808,47.589410591348404],[13.286037505410066,47.58943493472828],[13.279411719787648,47.566937052588806],[13.246183298110356,47.56241684541478],[13.219556801575134,47.5803887667313],[13.199610045761224,47.58036678081097],[13.192985634585463,47.57136077606616],[13.139786700988793,47.57578109120813],[13.1397194677796,47.59377684485361],[13.119730628217551,47.60273883791264],[13.119656490369266,47.620734480770324],[13.12629252848666,47.62524572441559],[13.112964255067505,47.62971954698977],[13.1129260141341,47.63871732367361],[13.119563746524664,47.64322893857053],[13.092915495773779,47.647674567816864],[13.09287380561184,47.65667230253658],[13.079534706743846,47.6611422185769],[13.079380658939558,47.69263409860554],[13.066054431177298,47.692603593719944],[13.045940681640444,47.7150489694239],[13.025942834296464,47.714996824898314],[13.019195316063684,47.72847501165739],[13.025836342327354,47.73299194142544],[13.019140907290241,47.73747254721254],[12.979158845688506,47.73285671765442],[12.972396997749088,47.746332101636014],[12.98567665187268,47.7553709290765],[12.985616458639916,47.76436838793663],[12.965599853857174,47.76430576507873],[12.952354351613698,47.75076591623191],[12.939013434900335,47.75072070264968],[12.945549756063961,47.7687383765179],[12.932134874191897,47.777689773276464],[12.938808761324665,47.77771297114203],[12.938740489884657,47.786710352502006],[12.9587332018438,47.791276327742665],[12.985164349080042,47.831848659177794],[13.00514989317004,47.84090516803925],[13.005064472809336,47.854401056717805],[12.991637805403208,47.86335916986305],[12.991519201276308,47.88135354882182],[12.97808328822888,47.89031001697387],[12.978021631897603,47.89930714085549],[13.01144092236168,47.90390453075296],[13.018048792814406,47.917418789057116],[13.031432344097766,47.9174548473074],[13.0382267635698,47.89947806137508],[13.02490140711657,47.8904456429936],[13.044966386430279,47.890497960414685],[13.044866088417521,47.908492248132255],[13.058223437284582,47.91302376132947],[13.058151613514525,47.92651940412921],[13.024713743141485,47.92193555224698],[13.024633246380603,47.93543113658858],[13.03799573076517,47.93996495079399],[13.044514500171505,47.97147148451679],[13.02441838462936,47.97141908707],[13.02455270796725,47.948926665214124],[12.99128174770837,47.917342023781806],[12.964514784509753,47.91725906016294],[12.96445075885222,47.92625610457008],[12.95109817287441,47.921713775523216],[12.937576273420564,47.939662425305144],[12.917456455625135,47.94408993695959],[12.924080591503607,47.953110929938916],[12.917348191923688,47.95758534187367],[12.890560724869854,47.957485256547876],[12.87038990517598,47.96640299643101],[12.856539146495889,48.01583058845708],[12.795780831155502,48.05604968954097],[12.762084855023163,48.069383160185545],[12.768648973786016,48.08291088259814],[12.755223156689047,48.08284439960958],[12.755022324046513,48.100837188757225],[12.748307107992979,48.10080335288632],[12.801982906731599,48.10556135398506],[12.802075233212904,48.09656494982573],[12.808789935647642,48.0965956732699],[12.815414640824079,48.10562242254426],[12.835562300089501,48.10571110965091],[12.849120402160752,48.09227362080634],[12.842491552282402,48.08324875438595],[12.889598503045471,48.069944463659766],[12.92958555666483,48.10607871939371],[12.902609212816357,48.11947612223195],[12.855626956957005,48.11479271289773],[12.855543858470954,48.123789098693074],[12.795033192218932,48.12802110627978],[12.801520794906347,48.15054293496081],[12.835085887612383,48.1551909476778],[12.834999169678486,48.164187184651766],[12.855086302336305,48.173268687944876],[12.861605586496768,48.195786771145755],[12.874980850251745,48.2048370603258],[12.908661632368851,48.20046760359276],[12.908772658618666,48.18697334591229],[12.875220354646043,48.177848587315765],[12.882181364177523,48.1508863118131],[12.902384192372127,48.14646524095851],[12.915790233600841,48.15101284880535],[12.908920603893568,48.168980893904475],[12.915608322664967,48.173503558054776],[12.949231892609872,48.17362041709482],[12.949064379812627,48.196110984225704],[12.962454956029031,48.20515120152031],[12.982641430808563,48.205214347615126],[12.975787765446064,48.22318596799659],[13.002625760640699,48.2367604415596],[13.002567946204557,48.245756498984285],[13.022688753518374,48.25930671647638],[13.05634386605186,48.2638905763313],[13.076485749775957,48.27743138972541],[13.150590441411802,48.28207112897196],[13.170763982475854,48.295595519297756],[13.23142962155834,48.29566588738536],[13.244926725624167,48.2866812812968],[13.25165153335041,48.29568232023939],[13.332537376567277,48.32270060564321],[13.352774172595709,48.336193199153996],[13.352777055925415,48.345188968626594],[13.37302151065384,48.34968219892565],[13.37302791191261,48.358677915182355],[13.413541112500466,48.372151586827485],[13.420350214320173,48.408129191836466],[13.440652412013947,48.42610373112362],[13.44068877077282,48.444094499276474],[13.427176710100735,48.44860348534025],[13.42720047025488,48.462096438112255],[13.433962813255302,48.46209097372369],[13.440770670329476,48.484573178280655],[13.447535954167783,48.484566928444],[13.447574752036862,48.502557202048195],[13.454342391150881,48.50255055839568],[13.440925719274835,48.561030767976476],[13.454486658613769,48.56551527307014],[13.4612407455271,48.55651339075841],[13.474790175858365,48.556498129456884],[13.474814351695473,48.56549296549862],[13.49514202583954,48.56546712840766],[13.50872389081279,48.57444273084984],[13.501990211760944,48.587944629619514],[13.508784110479779,48.59243218474295],[13.522342965138673,48.59241141995454],[13.56965626349956,48.560844795281646],[13.603579171959852,48.56976710513836],[13.617083020935445,48.56074059490455],[13.61703404117574,48.55174578193766],[13.637382448036648,48.556192658469854],[13.657650268106655,48.5471437793357],[13.657594229760758,48.5381489240652],[13.671109541678787,48.533613494591705],[13.670992823574892,48.51562363845352],[13.650630118896789,48.50668501530055],[13.623582585899769,48.51125219189089],[13.650547968393292,48.49319244754543],[13.650465860761555,48.479699792890656],[13.657230455745678,48.47968140603806],[13.664137807360419,48.502150321426846],[13.697975410396424,48.502050514304145],[13.711608511386608,48.515500313301736],[13.731916279809052,48.515433361539635],[13.731985245476315,48.524428277038936],[13.752369028544019,48.533352651337815],[13.745704508190068,48.54686877171839],[13.752477870621377,48.546844873121195],[13.752623081912503,48.564834362100974],[13.766174512751853,48.56478537222327],[13.766099531520082,48.555790656147416],[13.772874055726918,48.555765577233956],[13.786540882812549,48.56920628266475],[13.813645946017894,48.569098882148865],[13.800336305647196,48.59613714440512],[13.813979300112237,48.60507713317817],[13.814062711331516,48.61407159287077],[13.82766992912357,48.61851270140212],[13.821141188474462,48.64552400135559],[13.841676669318131,48.66342649198601],[13.841809200283262,48.676917723983586],[13.855435430968244,48.681355463204326],[13.835236834019168,48.69943197260263],[13.814856571866612,48.6995168495484],[13.81502403637955,48.717504827237306],[13.821862319895526,48.72197388305311],[13.81506592080581,48.7220017940635],[13.815149711629402,48.73099569440345],[13.821947299815042,48.73096777865368],[13.82215987968901,48.75345232201269],[13.82900356850683,48.75792087336268],[13.849406974398299,48.75783354119242],[13.849317143920784,48.74883979972291],[13.869623539350897,48.73975516964895],[13.869530203235566,48.73076135370873],[13.855844201865818,48.721828428267294],[13.917011080054245,48.72154183097984],[13.923755962379426,48.71701109538712],[13.923550474401209,48.699023285337574],[13.937137059402238,48.698954513248886],[13.930447685458704,48.70798301710976],[13.937242161403246,48.70794842862327],[13.937347300153336,48.7169422999375],[13.964474913620537,48.71230307173881],[13.964365040532837,48.7033092025292],[13.943877207122776,48.69442256632814],[13.950455077077745,48.67639921874635],[13.964035651595767,48.676327332088135],[13.963925931991737,48.667333288421574],[13.991139446989619,48.671681839339364],[14.011331346198187,48.65807530960829],[14.011095502149525,48.64008709752007],[14.031269743357251,48.62647690874088],[14.044898910645518,48.630892750574176],[14.04465147166559,48.612904352818106],[14.071714619607786,48.608240089202624],[14.064806207805896,48.59928820123553],[14.085146310066401,48.599159926088674],[14.098573268129028,48.590078181488856],[14.19355024167404,48.59391907814193],[14.2067288948055,48.57133357966235],[14.227057579172385,48.57118066279672],[14.233677234597247,48.56213468052329],[14.260857804601478,48.56642086828193],[14.26730855252702,48.54837871297116],[14.294401125919707,48.54816001464432],[14.29473536749026,48.56614838283397],[14.321837156124415,48.56592333636175],[14.321321711375457,48.53894083825617],[14.31454982883884,48.538997659097305],[14.327920703796394,48.52988938891041],[14.327575134128374,48.511900796665074],[14.313953285434971,48.50751758982341],[14.320635289393348,48.50296361537849],[14.320463833275832,48.49396921138321],[14.3136978465227,48.49402598401616],[14.320121100076097,48.47598028703446],[14.333648317881602,48.47586560596908],[14.334082660732417,48.4983516885118],[14.347880030172888,48.51172689553231],[14.348320875696286,48.5342125372379],[14.335039547250284,48.54782020766336],[14.355714054008681,48.56563320576013],[14.355891896766002,48.57462724151108],[14.389682431696777,48.5698302700278],[14.389866214297937,48.5788242344241],[14.410197246545989,48.57863952224227],[14.410384639690992,48.587633414254604],[14.464904859838517,48.60061413610233],[14.445533395404087,48.64577659699235],[14.472676375635462,48.645516648719024],[14.472477893919566,48.63652312667059],[14.499209629596649,48.61826985970694],[14.553359508271335,48.61322207998921],[14.55304087878318,48.59973176768135],[14.56681476119671,48.608583661592],[14.587156842327701,48.60836823151669],[14.593608278619682,48.59480540253258],[14.607165984164594,48.59465907303975],[14.606944235652977,48.58566555646755],[14.647838633275471,48.59421066978996],[14.647381029137092,48.5762237475918],[14.674252866940819,48.5669235999545],[14.673553131390833,48.53994294310718],[14.680324669290815,48.539865346277985],[14.679739166463287,48.51738122175505],[14.686390106745069,48.512806418011785],[14.706693922430471,48.51257022107731],[14.713821840947931,48.52598113968944],[14.707052175446538,48.52606067557502],[14.707291114823544,48.53505426208811],[14.727724857286757,48.53931119631243],[14.721315632596433,48.55288176976409],[14.701115011526621,48.55761724353718],[14.701472117882274,48.57110741606221],[14.735349846515893,48.57070743843584],[14.755181235361423,48.5524760486375],[14.754933867809909,48.54348263855263],[14.74816197015665,48.54356455276912],[14.754439391256533,48.525495697523276],[14.740533198054115,48.51216872634628],[14.739921799456608,48.48968460847645],[14.753204705979893,48.48052765042904],[14.77349552017574,48.48027985116237],[14.773745817173715,48.489273496987394],[14.780510555762392,48.48919010025524],[14.773996201329467,48.49826710379147],[14.760464303488892,48.4984327509446],[14.760836508603624,48.51192312968183],[14.788033755110233,48.51608692933173],[14.788793030796793,48.54306718930471],[14.843229248007844,48.55137531652522],[14.849606215603472,48.53779807360146],[14.822133575426694,48.52465528767707],[14.82187467736848,48.5156618998506],[14.842178961059163,48.51540218220319],[14.848551762211692,48.50182475857463],[14.807953732341817,48.502342886918626],[14.800677125666283,48.484440771686465],[14.84815672076687,48.48833460218235],[14.861021853741741,48.46567509075818],[14.867783357728792,48.46558664255654],[14.867383573877426,48.45209632078308],[14.847104284785095,48.452360424279945],[14.833975607921857,48.466024970696274],[14.827084233731988,48.461614653577165],[14.833193884490065,48.43904401814019],[14.806033527141356,48.434890574648534],[14.798894255813808,48.42148470929745],[14.778626630028805,48.421736927045814],[14.798639914289614,48.41249083491128],[14.797877419955597,48.38550898991011],[14.743745223979007,48.38167623734124],[14.743256178844916,48.36368789648523],[14.756629537317616,48.35902713889067],[14.776997863849916,48.36327580791662],[14.777248203891366,48.37226992645873],[14.817615842228749,48.367265434397574],[14.817229885372429,48.35377434534223],[14.803353639153322,48.34045379719668],[14.776497444513495,48.34528746341406],[14.769502584642899,48.33637639437307],[14.749268114018076,48.33662352169165],[14.74902280285772,48.327629204938546],[14.776122357986205,48.331796111928945],[14.789358393885637,48.32263439232883],[14.78885407755301,48.30464578826097],[14.748042409033662,48.29165159043821],[14.707726952470441,48.29663216825888],[14.7073701080348,48.28314032398146],[14.734079336720972,48.27382518439634],[14.754412356702279,48.27807794860024],[14.767762640542973,48.27341574381437],[14.767390344628886,48.259923958782906],[14.774125190141724,48.25984092213612],[14.781110524409439,48.26875199919311],[14.774374533208048,48.26883543977598],[14.774873478756446,48.28682437424778],[14.822041307713347,48.2862319024549],[14.834478057333312,48.250081631059814],[14.854809981784625,48.25431689554892],[14.874611798984692,48.24055990281165],[14.935200348147356,48.239742692512486],[14.942210619332286,48.24864415384214],[14.969142811369144,48.24826919745798],[14.968859817875943,48.239275050525045],[14.99578695314473,48.238893924219774],[15.035293556175326,48.211328400276116],[15.069383969559778,48.22432277606918],[15.089572970077876,48.224020061852165],[15.10272612389214,48.214822409867615],[15.103032172413569,48.223816305086984],[15.116799753788822,48.23260481823278],[15.096912668652745,48.241906105018145],[15.105177483750184,48.28677264419688],[15.132284002011563,48.29085675063353],[15.132595626563038,48.29985029096303],[15.105944928978673,48.309256648386345],[15.085419274497104,48.300568563717576],[15.092006512502335,48.29597030519512],[15.091397494073183,48.27798294663476],[15.077622174476351,48.26919158671582],[15.077018456039033,48.25120395611915],[15.070134984745847,48.246807585475345],[15.00983045243298,48.25668908947806],[15.010265776910638,48.270180051324864],[15.037651199713395,48.2832801296084],[15.04498137360233,48.301169015301866],[15.051721088616933,48.30106991510988],[15.05201879648909,48.3100636277704],[15.045277912653443,48.31016274477599],[15.052465552010185,48.323554131488045],[15.045722914183058,48.32365327372037],[15.046316610015964,48.34164052263795],[15.07329636598797,48.34124147715055],[15.08663411379997,48.336542864469706],[15.086330245868576,48.32754934191797],[15.10640571569909,48.32274694671704],[15.120819806129989,48.349521502679295],[15.093988743352341,48.35442825929098],[15.101808604147486,48.38580299993727],[15.115309827065643,48.38559783873189],[15.122370815775485,48.394487873310645],[15.155970974301267,48.38946954072297],[15.156287309236157,48.39846263487949],[15.170110406256665,48.40724419091103],[15.190370176415442,48.40692400842571],[15.196961621658938,48.40232002970465],[15.196314880284026,48.38433405832986],[15.203065121319119,48.38422620425759],[15.20371420784066,48.402212139021444],[15.21062969448216,48.4066003089134],[15.17702371454914,48.411634341801765],[15.170748320807979,48.4252301211754],[15.177503952667898,48.42512374836616],[15.177824250587612,48.434116638929304],[15.171067444466143,48.434223029793365],[15.157395347765897,48.429938171026436],[15.15644551793246,48.402959168070495],[15.149535114949355,48.39856778137414],[15.122836644307982,48.407977605693],[15.068807870329817,48.40879234572717],[15.055599364113794,48.41798540311941],[15.055898419149447,48.426978646212426],[15.035777800044396,48.431772113609746],[15.02931553207942,48.440863538462025],[14.988336111337006,48.427954411580366],[14.974395936569563,48.41465469739799],[14.947377155989047,48.41503083254143],[14.934979682405798,48.45119054917685],[14.907941523616875,48.45155755189231],[14.908215078104538,48.4605510178721],[14.901454302865101,48.46064180603624],[14.90876247273521,48.4785378343882],[14.929190387288394,48.48275968578864],[14.929606552903065,48.496249596977925],[14.909173268852406,48.49202784487755],[14.868850468938462,48.50156040839012],[14.869251018960947,48.515050408828806],[14.889554818533101,48.51478246648285],[14.88292165059741,48.519368804094974],[14.8834608526718,48.53735523158327],[14.89036715907994,48.54176206187254],[14.883595711913966,48.54185181333518],[14.88400043067529,48.55534149785267],[14.856774758321832,48.55120009418445],[14.850530068774274,48.56927419594047],[14.82368885992252,48.57861476801519],[14.823948390470386,48.58760787153498],[14.844675785955397,48.600837311974146],[14.83828971683084,48.614413855689605],[14.824597613077108,48.610090448212254],[14.817429247383393,48.59668685396725],[14.790313966259038,48.59702661303149],[14.7636965546391,48.61534635222587],[14.763945796878163,48.62433941731912],[14.770728287679175,48.624256592859545],[14.77198172858138,48.66922120760062],[14.731494752663496,48.67870556114758],[14.738774760220199,48.696610211296395]],[[15.400442028747763,48.92975063005831],[15.386438475475138,48.920998808128125],[15.372976106155004,48.92573024934937],[15.372618476335225,48.91674028032611],[15.399898356870468,48.916265816451535],[15.400442028747763,48.92975063005831]],[[15.683214800813591,48.84348396592672],[15.64896398227342,48.83966328555122],[15.635950478300074,48.85341441600911],[15.635345698063617,48.83993013355834],[15.648761267265238,48.835168523062066],[15.64795076229804,48.817189352106354],[15.633935779827564,48.80846638376324],[15.633332058116435,48.794981739656315],[15.646938429287484,48.79471511828449],[15.654553738570753,48.812560582754976],[15.661359216794207,48.81242624258498],[15.65536648453588,48.830539756408456],[15.68280337386987,48.834494567650346],[15.683214800813591,48.84348396592672]],[[15.633332058116435,48.794981739656315],[15.6263282446292,48.790619543607036],[15.633130888006372,48.79048683450681],[15.633332058116435,48.794981739656315]],[[15.6263282446292,48.790619543607036],[15.60572134937844,48.78652034794235],[15.626127704723114,48.78612461534013],[15.6263282446292,48.790619543607036]],[[15.58531468094601,48.786912539169066],[15.577923471075975,48.7735573931167],[15.591327024807272,48.76880214790512],[15.590734952392092,48.75531698424822],[15.597533012902591,48.75518633155718],[15.598721036044816,48.782156487002396],[15.60572134937844,48.78652034794235],[15.58531468094601,48.786912539169066]],[[15.583936857365483,48.75544724368098],[15.583543503349912,48.746457054349015],[15.590340410054468,48.746326817044775],[15.590734952392092,48.75531698424822],[15.583936857365483,48.75544724368098]],[[15.576746562251094,48.74658689845885],[15.575962642338702,48.72860633727769],[15.54198930227588,48.72924944126129],[15.548010161835013,48.71114068737405],[15.568387044426762,48.71075495605441],[15.588172892011567,48.69688007738101],[15.601951606225747,48.70111386028542],[15.615334060372614,48.69635568645567],[15.614935671410958,48.687365311953705],[15.628513676073377,48.687100804534296],[15.629315336196694,48.70508141867309],[15.63630775321403,48.70944364476628],[15.663271590238628,48.704413050202426],[15.664085675986458,48.7223932563269],[15.650700957836484,48.72715691941197],[15.60234783172992,48.71010421189489],[15.58915761075321,48.71935603904536],[15.589946005717003,48.737336603625884],[15.576746562251094,48.74658689845885]],[[15.663271590238628,48.704413050202426],[15.669858709312114,48.699783129490186],[15.67006273479592,48.70427819791991],[15.663271590238628,48.704413050202426]],[[15.669042963795606,48.681802743201324],[15.682619218411187,48.68153197507498],[15.710808849691393,48.703460834358474],[15.697226955406071,48.70373486026189],[15.690024381432336,48.69488120491717],[15.669858709312114,48.699783129490186],[15.669042963795606,48.681802743201324]],[[16.172253621022755,48.688715039565544],[16.11819448121226,48.69450949398487],[16.110920860652232,48.68568175146892],[16.002317012845413,48.688200304529026],[15.981721408175206,48.684166815423545],[15.980565961547345,48.66169400551967],[15.973550924848494,48.657352213571826],[15.939857399671597,48.66260501809653],[15.940767469118027,48.680583597959554],[15.947782906239008,48.68492729651605],[15.906830734142947,48.681332236667615],[15.86654759976918,48.691207146982265],[15.845742147971947,48.682655051510544],[15.906606118053915,48.676837544936134],[15.91249251180915,48.6587097868366],[15.939629981618904,48.65811034521871],[15.95906629462802,48.63967799524135],[15.973090292275725,48.64836296325165],[15.993438827361638,48.64790345333026],[16.006537930308472,48.63860598751673],[16.026882308761255,48.63814067163838],[16.021038553422095,48.65627434805703],[16.027822337437076,48.65611879768943],[16.02829259798742,48.66510779407524],[16.089114968111463,48.659195570891775],[16.101958123422747,48.645393101064855],[16.116250557108835,48.65855526621956],[16.14338546786126,48.65790868359349],[16.162995512476382,48.643936895557964],[16.217248042480797,48.64261581778152],[16.21775125118189,48.65160409212034],[16.157445492230067,48.66657149754408],[16.158185053100148,48.680054102340065],[16.172253621022755,48.688715039565544]],[[16.8087857364476,48.45100047202355],[16.80233305678025,48.45569439237123],[16.80203156106978,48.451201206116814],[16.8087857364476,48.45100047202355]],[[16.499076908908613,47.92407919211814],[16.553680707630992,47.940581187038966],[16.547544856273063,47.94975661336455],[16.561480999246342,47.95837343548216],[16.574863527909947,47.95799933191276],[16.576259429021505,47.98047233678543],[16.548928770979877,47.972230004687034],[16.529674894445165,47.986270167650304],[16.529124353957553,47.97728078036695],[16.54195931038704,47.96792106899799],[16.540854575025886,47.94994227902081],[16.506856125388648,47.94187520943091],[16.499076908908613,47.92407919211814]],[[16.576259429021505,47.98047233678543],[16.589927995913808,47.98459107383554],[16.590489092920972,47.99358014810252],[16.577097547001795,47.99395605443292],[16.576259429021505,47.98047233678543]],[[16.506856125388648,47.94187520943091],[16.500439278166684,47.94655333740605],[16.50016671049722,47.94205852200581],[16.506856125388648,47.94187520943091]],[[16.44824596292001,47.85792606620991],[16.42179554293081,47.86313856571034],[16.423123093037237,47.885614016082485],[16.40949358643426,47.88147546666188],[16.407643682340655,47.850009535777446],[16.420999560439654,47.849653219208726],[16.439965490047918,47.8311354795459],[16.44824596292001,47.85792606620991]],[[16.43969871831417,47.82664037223574],[16.425552235272786,47.813513405314495],[16.445571830743976,47.81297523883246],[16.451441877173757,47.799309756465206],[16.478126979807932,47.79858543656219],[16.499227176621133,47.816018130438444],[16.519246961367827,47.815467178714705],[16.499770884680295,47.825008087055345],[16.492553821550715,47.81620100894813],[16.458917998471588,47.81261453100041],[16.45304841187868,47.82628034504637],[16.43969871831417,47.82664037223574]],[[16.648020949307764,47.843359441171835],[16.641060500365082,47.839056313480995],[16.64773623916702,47.83886484591597],[16.648020949307764,47.843359441171835]],[[16.39816493574121,47.68818011808954],[16.384850008718725,47.6885338099938],[16.386418899767467,47.7155060667583],[16.3797579500079,47.715682424506106],[16.37923594712518,47.70669166376252],[16.365916193665758,47.70704316369956],[16.365396649117958,47.69805232204278],[16.324930631944795,47.69010635805159],[16.32390609864644,47.67212421604342],[16.303684696960566,47.668145698312415],[16.302667868467132,47.65016327915966],[16.269151494747295,47.64652131758982],[16.268649114956343,47.63752992370042],[16.295507915513316,47.641343525992376],[16.320581207980048,47.61368169765749],[16.319814975496808,47.600194846139296],[16.326461487589985,47.60002195210258],[16.333877595413206,47.61333543717883],[16.31469787010756,47.627341103410885],[16.32262641873865,47.64964642347991],[16.356148484199252,47.65327279455905],[16.370234418001257,47.666408787142],[16.371014575083997,47.67989510716615],[16.39816493574121,47.68818011808954]],[[16.43893766236673,47.250332581426534],[16.432598695708414,47.25500759822776],[16.432335454174638,47.25051199354375],[16.43893766236673,47.250332581426534]],[[15.186798043589512,46.795958117693885],[15.193503921091988,46.80034870987466],[15.186954080580641,46.80045605637427],[15.186798043589512,46.795958117693885]],[[14.86685689092824,46.60723433557757],[14.847403242240736,46.6119968306014],[14.847149342046691,46.60300017417446],[14.86685689092824,46.60723433557757]],[[13.424182342233479,46.68957750210461],[13.43072845175749,46.69407142250918],[13.424189749822991,46.694076709009586],[13.424182342233479,46.68957750210461]],[[13.535986445333913,46.86490555235632],[13.52941048519342,46.86041770251455],[13.535969576895251,46.86040632310686],[13.535986445333913,46.86490555235632]],[[13.84432937237806,46.86844350604878],[13.863964559616884,46.8638543935693],[13.863875446764396,46.85485615678253],[13.877037583824034,46.85929339066933],[13.85749323778781,46.87288301202256],[13.84432937237806,46.86844350604878]],[[14.190845810645348,47.20382028484405],[14.197373845356303,47.199271705952945],[14.197447020732948,47.20377060369552],[14.190845810645348,47.20382028484405]],[[14.66316435263954,47.08230450653857],[14.669749884751772,47.08222748064767],[14.669976014485293,47.09122457152637],[14.66338936620448,47.09130161043508],[14.66316435263954,47.08230450653857]],[[14.528097291064034,47.227791125005936],[14.534599240909163,47.22322328901013],[14.534701110918123,47.22772191881012],[14.528097291064034,47.227791125005936]],[[14.534599240909163,47.22322328901013],[14.54110006870118,47.21865508056382],[14.541202482379946,47.223153706381424],[14.534599240909163,47.22322328901013]],[[14.613728384952891,47.2178645082665],[14.600415954819361,47.21351311552152],[14.600201121537049,47.20451596338218],[14.613402743221501,47.2043688201352],[14.613728384952891,47.2178645082665]],[[15.249319313192117,47.442995920395326],[15.255785034104724,47.43838729264905],[15.25594885786691,47.4428849664473],[15.249319313192117,47.442995920395326]],[[16.02229954542487,47.769590693759675],[16.029199686280727,47.77393105516511],[16.02253020848661,47.77408674709208],[16.02229954542487,47.769590693759675]],[[15.962277621486187,47.770974437965414],[15.955833269144525,47.77562244119583],[15.95560832401763,47.77112625786837],[15.962277621486187,47.770974437965414]],[[15.956508336254592,47.789110957286006],[15.942941132896902,47.784917349856386],[15.942493414790151,47.775924948897334],[15.955833269144525,47.77562244119583],[15.956508336254592,47.789110957286006]],[[15.9882133217584,47.8874184829927],[15.981301577980418,47.88307577701581],[15.987985116443896,47.88292247885245],[15.9882133217584,47.8874184829927]],[[15.58339956914667,48.1210211172799],[15.58398252067495,48.13451027180478],[15.577265557722706,48.13464018080134],[15.576684346249696,48.12115099324522],[15.58339956914667,48.1210211172799]],[[15.423887404970085,47.998001106579935],[15.417367133618347,48.00261860854498],[15.417187640132958,47.99812175788161],[15.423887404970085,47.998001106579935]],[[15.09784372165908,48.070915825126626],[15.117973082974133,48.07060815721808],[15.11843487521508,48.08409964947685],[15.09784372165908,48.070915825126626]],[[14.551959880145521,47.978948439638906],[14.53176001463344,47.97465987185886],[14.511867529187164,47.983861719866006],[14.504966368258666,47.974933616129874],[14.484870950767455,47.97513485308055],[14.472061504340333,48.00225507193604],[14.425147109598367,48.00270585436334],[14.424959270741756,47.993709804527015],[14.445062071889758,47.9935189720929],[14.458270306294608,47.98439378896007],[14.451185985406982,47.966466407741436],[14.47807399509864,47.9707031392763],[14.484573923385813,47.96164079859572],[14.531450866598089,47.96116593809209],[14.53114187833973,47.94767194642326],[14.517752014449012,47.94780952407352],[14.517548417445177,47.938813474521254],[14.544219383328489,47.93403880516753],[14.550807886809904,47.92947066667806],[14.550389521026373,47.9114785600744],[14.563769985319992,47.91133720292671],[14.57088546913868,47.92925797799689],[14.577577960083532,47.929186306977364],[14.577791862186604,47.93818227476138],[14.564510382060057,47.942823240201626],[14.571630412603295,47.96074379704738],[14.551540720826353,47.96095661190339],[14.551959880145521,47.978948439638906]],[[14.598307627773249,47.95595668660158],[14.591503545332635,47.9515316136839],[14.598198863323104,47.95145874962875],[14.598307627773249,47.95595668660158]],[[14.140800985060169,47.82057658024389],[14.147410290826704,47.81603135969832],[14.147480033065056,47.82052979986153],[14.140800985060169,47.82057658024389]],[[13.800671796308306,47.88093374087517],[13.787258886502485,47.87648819408644],[13.79383057254706,47.86296352280672],[13.800515279405657,47.86293682927851],[13.800671796308306,47.88093374087517]],[[13.794063570395926,47.88995752708704],[13.787375371845512,47.88998384220661],[13.787297708271158,47.8809867493299],[13.793984755678268,47.880960438665305],[13.794063570395926,47.88995752708704]],[[13.633647587350655,47.9084765072741],[13.626981993469421,47.912992092689166],[13.626956952179745,47.90849353541486],[13.633647587350655,47.9084765072741]],[[13.219106048173098,47.782837124895266],[13.232446387741378,47.78734864850625],[13.225733240574003,47.80533736439252],[13.20573439756526,47.791820272444504],[13.219106048173098,47.782837124895266]],[[13.37302151065384,48.34968219892565],[13.379765394860199,48.34518199957512],[13.379769180584207,48.34967987065464],[13.37302151065384,48.34968219892565]],[[14.679739166463287,48.51738122175505],[14.645781925100032,48.51326823687685],[14.64555379989819,48.50427443256462],[14.672504898696733,48.49947128108159],[14.679739166463287,48.51738122175505]],[[14.807953732341817,48.502342886918626],[14.801314918260472,48.506924621508354],[14.801187315320103,48.50242787117258],[14.807953732341817,48.502342886918626]],[[14.801314918260472,48.506924621508354],[14.794674925922173,48.511505969021904],[14.794547889942738,48.507009221375135],[14.801314918260472,48.506924621508354]],[[14.742279106983466,48.32771078616453],[14.74191305465735,48.314219224772],[14.748654995714624,48.31413766430481],[14.74902280285772,48.327629204938546],[14.742279106983466,48.32771078616453]],[[14.834478057333312,48.250081631059814],[14.794076839387298,48.25059496520517],[14.793950493593295,48.24609769863461],[14.820625103907506,48.23676256350942],[14.834218389119803,48.24108717673681],[14.834478057333312,48.250081631059814]],[[15.203065121319119,48.38422620425759],[15.2096525469871,48.37962146202318],[15.209815334177037,48.384117959574986],[15.203065121319119,48.38422620425759]],[[15.20916435502687,48.366131914504415],[15.215912196145396,48.36602331607512],[15.216402145548535,48.37951283594933],[15.2096525469871,48.37962146202318],[15.20916435502687,48.366131914504415]],[[14.941739161870087,48.45109782058461],[14.942018595271104,48.460091208524545],[14.935257940049285,48.46018395285752],[14.934979682405798,48.45119054917685],[14.941739161870087,48.45109782058461]],[[14.929190387288394,48.48275968578864],[14.935814745899552,48.478170644737936],[14.935954007933013,48.48266729348568],[14.929190387288394,48.48275968578864]],[[14.935814745899552,48.478170644737936],[14.949059932983964,48.46899140667163],[14.956103696681858,48.477891143186774],[14.935814745899552,48.478170644737936]],[[14.772107193109656,48.6737176097002],[14.812453774463204,48.65972283876962],[14.805153366024479,48.64182241541917],[14.825507476857318,48.641565612950494],[14.825897758969377,48.65505480908019],[14.81258275133267,48.66421921966439],[14.812840772668068,48.67321194885765],[14.833599798365697,48.68644276128146],[14.813357085890061,48.69119727607005],[14.806180349976989,48.67779356323806],[14.772107193109656,48.6737176097002]],[[14.833599798365697,48.68644276128146],[14.840521846253866,48.69085219496991],[14.833730690372072,48.690939054685586],[14.833599798365697,48.68644276128146]],[[15.067511009821947,48.97558705834858],[15.087842512966924,48.97078951907332],[15.088150465885732,48.9797799907479],[15.074492315698839,48.97998193428435],[15.067511009821947,48.97558705834858]],[[15.107391938302042,48.94351212660662],[15.12896667470841,48.97466950168938],[15.108170201668255,48.96598846373119],[15.107391938302042,48.94351212660662]],[[15.326100404284572,48.949020558366655],[15.325750844376389,48.94003057732227],[15.332574071834587,48.93991526582494],[15.332924829503623,48.948905227261925],[15.326100404284572,48.949020558366655]],[[15.181645631825127,48.919884773053795],[15.188791803827764,48.92876828187922],[15.161503419945918,48.9291938933008],[15.155000695814902,48.938289834893105],[15.141195345971752,48.934004244721926],[15.140719900137125,48.92051834649574],[15.181645631825127,48.919884773053795]],[[15.100257837582419,48.934623770361156],[15.093280505182841,48.93023029497623],[15.100102920293907,48.93012843086775],[15.100257837582419,48.934623770361156]],[[15.44100200300168,48.92003717436898],[15.454828572906115,48.92428767619915],[15.455014615818673,48.92878251916125],[15.44137166291413,48.92902691447259],[15.44100200300168,48.92003717436898]],[[15.44100200300168,48.92003717436898],[15.427177728672916,48.91578504041934],[15.426994175939985,48.91129011823954],[15.440632472830227,48.91104738385148],[15.44100200300168,48.92003717436898]],[[15.052044077218387,48.921842354574345],[15.05856299277269,48.91275200585065],[15.079176392200242,48.916946667636324],[15.079329432530313,48.92144207066671],[15.052044077218387,48.921842354574345]],[[15.460343829951436,48.89270071722854],[15.473789444540543,48.887959210278865],[15.474352266612717,48.90144390849554],[15.467534493183335,48.90156742419563],[15.467160440869934,48.89257761683826],[15.460343829951436,48.89270071722854]],[[15.126291894457282,48.898249545117274],[15.112499736352225,48.89396049131937],[15.126134802878006,48.893754140695016],[15.126291894457282,48.898249545117274]],[[15.200798426069513,48.88360036436442],[15.20112567601702,48.89259101255505],[15.160382066111618,48.89772672201064],[15.153404604415343,48.893336706562884],[15.152766951627067,48.87535510744655],[15.200798426069513,48.88360036436442]],[[15.582840589309694,48.88592984288929],[15.58244642655289,48.876940326897],[15.589260639312444,48.8768101624543],[15.589655996451501,48.885799656319975],[15.582840589309694,48.88592984288929]],[[15.31545068180728,48.85024273198992],[15.335709185279834,48.84540214703596],[15.356672345642169,48.8585388721843],[15.344104117111824,48.88574286752468],[15.330297146072017,48.88147928832037],[15.329597597623499,48.86349856536198],[15.315797823650032,48.85923323031969],[15.31545068180728,48.85024273198992]],[[15.486666560302218,48.869731372132726],[15.49366928716391,48.87410167711968],[15.500673208232206,48.87847155438924],[15.487043867460924,48.87872124029124],[15.486666560302218,48.869731372132726]],[[15.548374846556172,48.877585236553216],[15.534553125567264,48.87334558810691],[15.54818080232153,48.873090405179695],[15.548374846556172,48.877585236553216]],[[15.015430194482343,48.845909010825714],[15.028904459164092,48.841218215952885],[15.036013194507783,48.85011138379256],[15.083695715422703,48.84941321829918],[15.090968974357159,48.86279857860655],[15.077342001273255,48.863000864677204],[15.070832743715217,48.872092523567154],[15.036609577858732,48.86809386414878],[15.03631133390249,48.8591026482169],[15.015430194482343,48.845909010825714]],[[15.397365001720333,48.853335202934986],[15.40363268585491,48.839730328847125],[15.417616981081517,48.84848053527722],[15.417799487046869,48.85297564076007],[15.397365001720333,48.853335202934986]],[[15.533589382353371,48.85087113833337],[15.519776083991319,48.846629688718565],[15.533396735054584,48.84637621168358],[15.533589382353371,48.85087113833337]],[[15.165594495625067,48.852666911044544],[15.17224544998648,48.848065394497574],[15.172406444107477,48.85256085886964],[15.165594495625067,48.852666911044544]],[[15.165434098309946,48.84817143766003],[15.158462946028724,48.84378159231711],[15.165273729107476,48.84367595219222],[15.165434098309946,48.84817143766003]],[[15.247168433219482,48.846872912466814],[15.2401904651546,48.84248790562582],[15.24700090409588,48.84237753734679],[15.247168433219482,48.846872912466814]],[[15.553244352554913,48.832508286332164],[15.5802810001041,48.827497110447894],[15.580477684598087,48.831992009174066],[15.553244352554913,48.832508286332164]],[[15.553050052112612,48.828013343738704],[15.546048559291027,48.823646452011815],[15.55285578570825,48.82351838908939],[15.553050052112612,48.828013343738704]],[[15.5324340047925,48.8239013965151],[15.52524301249371,48.81503824609463],[15.545854922742523,48.8191514744539],[15.546048559291027,48.823646452011815],[15.5324340047925,48.8239013965151]],[[15.382306551437647,48.81761135252374],[15.396281180267854,48.82636420510686],[15.362418541789856,48.83145053979441],[15.347919430141618,48.80920778538486],[15.381948040286671,48.808620835431235],[15.382306551437647,48.81761135252374]],[[15.722606902918118,48.811199466586196],[15.695799519756296,48.820738109780606],[15.688374697090579,48.80739017925412],[15.695179400470584,48.80725388238035],[15.694766168572286,48.79826433756646],[15.721979857224634,48.79771530725765],[15.722606902918118,48.811199466586196]],[[15.109853686791805,48.81753645012057],[15.082470801125686,48.813448154680835],[15.069160582510206,48.82264083586567],[15.068856899368981,48.813649464101175],[15.089124122298555,48.808851231284876],[15.102427189488074,48.799656219527364],[15.102117816295632,48.790664815736825],[15.115725491287243,48.79045965533714],[15.10258191672115,48.80415190379019],[15.109853686791805,48.81753645012057]],[[15.102117816295632,48.790664815736825],[15.09515988757514,48.786271077333055],[15.101963170322042,48.7861690962656],[15.102117816295632,48.790664815736825]],[[15.020617047309132,48.79635852083706],[15.021059781340377,48.809845879022134],[14.980363982541066,48.81491957670572],[15.007007440423893,48.79655267528396],[15.020617047309132,48.79635852083706]],[[15.238689388129547,48.802028905584955],[15.225410137743872,48.81123930188069],[15.198184553565,48.8116734246118],[15.21810913768902,48.79786186330655],[15.238689388129547,48.802028905584955]],[[15.15022080740704,48.803426768897985],[15.156866759921346,48.79882598954713],[15.157026252738053,48.80332160326206],[15.15022080740704,48.803426768897985]],[[15.150061910262913,48.798931146247504],[15.143098759037654,48.794540265929434],[15.149903040941897,48.794435511826414],[15.150061910262913,48.798931146247504]],[[15.143098759037654,48.794540265929434],[15.136136798868469,48.79014896243681],[15.142940513003937,48.7900446108657],[15.143098759037654,48.794540265929434]],[[15.517672298832467,48.797184462049344],[15.517099242292245,48.78369914974495],[15.523901244763692,48.78357275864423],[15.524476086704102,48.7970580387296],[15.517672298832467,48.797184462049344]],[[15.735166254913786,48.788448978746665],[15.727526515523518,48.770608496687544],[15.740915423762493,48.765836195515824],[15.741968322410964,48.78830997388291],[15.735166254913786,48.788448978746665]],[[15.84991586959158,48.76805416240043],[15.843775276686767,48.78168313664824],[15.850796316537261,48.78603238774121],[15.837193348086828,48.78632259399674],[15.836317657375325,48.76834427006163],[15.84991586959158,48.76805416240043]],[[15.84991586959158,48.76805416240043],[15.863292723855736,48.76326792058864],[15.863513927814411,48.767762481639544],[15.84991586959158,48.76805416240043]],[[15.862629344127363,48.749784167093345],[15.890262456402503,48.758185366977635],[15.917226850101667,48.753096611053046],[15.924703261890338,48.76643045180742],[15.88413375024554,48.77181652285544],[15.863292723855736,48.76326792058864],[15.862629344127363,48.749784167093345]],[[15.47609914689959,48.77995404156119],[15.456065358076037,48.78931417331241],[15.448707424154845,48.77595094018305],[15.47609914689959,48.77995404156119]],[[15.380157366572229,48.76366754120962],[15.387495700745465,48.77703515198156],[15.380873259913368,48.78164899974596],[15.353488082703919,48.77762372036421],[15.35993529100556,48.76851600435792],[15.380157366572229,48.76366754120962]],[[16.52821642121091,48.729077617158325],[16.561610323394547,48.71916297585227],[16.56953149308496,48.73694873770684],[16.55622780304941,48.74181522976598],[16.55679127133335,48.750801482856],[16.54320216627189,48.75117335412431],[16.542641070084645,48.74218703788425],[16.52877485223205,48.73806406731769],[16.52821642121091,48.729077617158325]],[[15.346510451506,48.773244844934126],[15.339534010070828,48.76886554462368],[15.346334467877355,48.76874942462495],[15.346510451506,48.773244844934126]],[[15.550333415840655,48.76508289442816],[15.5433407307163,48.76071568465312],[15.550139625030178,48.760587773964915],[15.550333415840655,48.76508289442816]],[[15.78149517790939,48.76049954205933],[15.780853297798394,48.74701531368112],[15.787649755789772,48.7468736630057],[15.788293418030019,48.7603578552824],[15.78149517790939,48.76049954205933]],[[15.978166112490282,48.7472422342412],[15.978628519305177,48.75623098308497],[15.971831369638009,48.75638367927226],[15.971370150441178,48.7473949044914],[15.978166112490282,48.7472422342412]],[[15.97770386739314,48.73825343867886],[15.98449860183276,48.7381004013489],[15.977010802782766,48.724770158232594],[15.936479653444826,48.73017441268125],[15.9430454270281,48.72552925620029],[15.942133766139658,48.70755112970477],[16.01050739748773,48.71501245669864],[16.004882561681075,48.737638931323325],[15.991293295762988,48.737946971010714],[15.98496203411234,48.74708917091267],[15.978166112490282,48.7472422342412],[15.97770386739314,48.73825343867886]],[[15.936479653444826,48.73017441268125],[15.916323731064915,48.73511855801342],[15.91609804999604,48.73062401572486],[15.936479653444826,48.73017441268125]],[[15.237357082211588,48.76606454621303],[15.230390928350303,48.76167875507114],[15.2371906751102,48.761568948862916],[15.237357082211588,48.76606454621303]],[[15.06718854202353,48.764196078554605],[15.053437313993866,48.75989977704266],[15.067037032413502,48.75970024646278],[15.06718854202353,48.764196078554605]],[[15.128391303885053,48.763278638838464],[15.121434837446088,48.75888638741343],[15.128234441136902,48.75878288468754],[15.128391303885053,48.763278638838464]],[[15.411612178090781,48.70013540868421],[15.377655681116686,48.70073098589752],[15.378548437214953,48.72320858333421],[15.365492150124426,48.73693064640837],[15.365137142271815,48.72793966945359],[15.351370808490111,48.723678172127705],[15.35798842947621,48.71906583769189],[15.356751465860983,48.687596834271204],[15.349785765940766,48.68321793595311],[15.254734984313444,48.68481074853561],[15.24827964711122,48.69391310616395],[15.234698058281191,48.69413361761641],[15.240656481966427,48.67154459994466],[15.226915559140027,48.66726838889203],[15.226585236321162,48.65827666918276],[15.212685119051141,48.64950287471039],[15.192492168402826,48.65432281685761],[15.192167939892364,48.645330939738194],[15.198952402593608,48.645223338447636],[15.198301917760636,48.62723949116502],[15.218483708254213,48.62241848142475],[15.231054016925883,48.59522396057992],[15.237831801948653,48.59511410672977],[15.238661720367404,48.61759398518642],[15.2727340144236,48.621534494501915],[15.278836872579094,48.60343861811218],[15.29900179630808,48.598603686497874],[15.298145876571963,48.57612402462541],[15.304921005274373,48.57601028790572],[15.312385504726674,48.59387983227161],[15.319162935714669,48.59376527264865],[15.31985518143602,48.611748738423586],[15.353929793759194,48.615665652581384],[15.353577638533809,48.606674060412416],[15.360356659577464,48.60655711825592],[15.353401606993604,48.602178248390786],[15.35929738640484,48.579582147439446],[15.352521909696334,48.57969903003776],[15.351818703861671,48.561715467150854],[15.344870422457287,48.55733599166568],[15.371960464496825,48.55686787599535],[15.378376821802066,48.54775808305543],[15.439683390098358,48.55567015806325],[15.45944435354637,48.541815878484826],[15.46055523543281,48.56879043283511],[15.447375746563655,48.57802700114791],[15.433825577079569,48.57827056636906],[15.427415221786775,48.58738325788251],[15.393353727183275,48.58348765889168],[15.373559031223552,48.597330482437506],[15.37480409687999,48.62880080813491],[15.415494935074694,48.62808590884269],[15.42942377350302,48.636835732948825],[15.423005348148685,48.64594790903932],[15.429789379142433,48.64582695244151],[15.430703951988349,48.668304810277235],[15.458036978153958,48.6723123490498],[15.444830521744356,48.68154813708087],[15.439144492777809,48.7086427642261],[15.48102278927552,48.73487757265563],[15.427388359204327,48.75383933063781],[15.427022405493876,48.744848627692974],[15.420225296181647,48.74496941728934],[15.425742575092388,48.71338080662641],[15.411612178090781,48.70013540868421]],[[15.711639544854751,48.72144071692759],[15.706089813557707,48.748547523178864],[15.692289812773405,48.74432607614728],[15.697846363614914,48.7172198590981],[15.711639544854751,48.72144071692759]],[[15.84881617709803,48.74558111614827],[15.855391838430826,48.74094090236766],[15.855612255274773,48.74543553424736],[15.84881617709803,48.74558111614827]],[[15.84859635399019,48.741086471903586],[15.83478667252649,48.73688175127706],[15.848156823084702,48.732097148646034],[15.84859635399019,48.741086471903586]],[[15.841362487387778,48.73224230044768],[15.834349592439768,48.72789235565921],[15.841143373005375,48.72774760916338],[15.841362487387778,48.73224230044768]],[[15.834349592439768,48.72789235565921],[15.799733684065034,48.71512583078287],[15.765984642459607,48.72032852227587],[15.758132598325728,48.69799445296086],[15.778075704926074,48.688582459230204],[15.778929676736695,48.706562004399295],[15.81967581646633,48.70570685729252],[15.833694258805544,48.714408175966064],[15.834349592439768,48.72789235565921]],[[15.365847282178043,48.74592157762688],[15.358872902175243,48.74154335823704],[15.365669700622036,48.74142611774877],[15.365847282178043,48.74592157762688]],[[15.888698758653,48.72672338049219],[15.87466765274674,48.71802868892835],[15.88802918814508,48.71323949860915],[15.888698758653,48.72672338049219]],[[16.561046359559075,48.71017658936797],[16.55397589877941,48.70586974527782],[16.56076445153828,48.70568337861661],[16.561046359559075,48.71017658936797]],[[14.977918500211759,48.73848919338596],[14.977631274404485,48.72949716517834],[14.991223238266796,48.72930640368872],[14.991512840996782,48.73829839948289],[14.977918500211759,48.73848919338596]],[[15.215804215563308,48.73492319421583],[15.195252689435087,48.73075199344162],[15.215639794208007,48.73042748869391],[15.215804215563308,48.73492319421583]],[[16.532212981166623,48.68395994679653],[16.52626344903325,48.697624672375504],[16.53333045546771,48.70193320442305],[16.51324355386463,48.70697970139025],[16.48581233962166,48.70321842593821],[16.485261792306044,48.69423160199409],[16.478474480846202,48.694413603930876],[16.532212981166623,48.68395994679653]],[[14.93019805625846,48.734648519376364],[14.929919198868546,48.725656357214106],[14.943510322396303,48.725471116574866],[14.943791556476054,48.73446324726215],[14.93019805625846,48.734648519376364]],[[15.134089850637354,48.73170427579685],[15.126823910590621,48.71832058259646],[15.14720651235244,48.71800795312932],[15.147523334939015,48.72699960224107],[15.134089850637354,48.73170427579685]],[[15.303980888925985,48.7289804125062],[15.30363669271233,48.71998921324612],[15.310430766186517,48.71987516702754],[15.31077614996436,48.72886634691078],[15.303980888925985,48.7289804125062]],[[15.06597720702712,48.728229101235584],[15.059030818177567,48.723833071976024],[15.065825909300514,48.72373317788682],[15.06597720702712,48.728229101235584]],[[14.949600223278622,48.702897422676934],[14.990210425917486,48.69783406396784],[14.989921278514736,48.688841866566555],[15.00364820299783,48.69314576711928],[14.990789024049032,48.715818325324626],[14.976913649222695,48.70701689744706],[14.94988239888401,48.71188964976377],[14.949600223278622,48.702897422676934]],[[15.092391582269105,48.70534600116235],[15.085446026499753,48.70095147956851],[15.092238042899602,48.7008500559562],[15.092391582269105,48.70534600116235]],[[15.207534533445127,48.694569925739614],[15.20058060388319,48.69018219540238],[15.207370963696304,48.69007410981272],[15.207534533445127,48.694569925739614]],[[16.536202537349542,48.63884104926079],[16.53536463316251,48.6253606933017],[16.561913298794536,48.615630315394725],[16.561069046575465,48.60214998229916],[16.581393491691415,48.60158844678304],[16.596080440248006,48.61918556780842],[16.616124985633967,48.614124668640855],[16.622041046466492,48.60045479800301],[16.67004257421556,48.60810076777218],[16.677400857155476,48.61689398768544],[16.704506044469014,48.61611758820383],[16.69949078302741,48.64327063375827],[16.685931107328877,48.643659031243324],[16.658521065940175,48.639937991625246],[16.665009924135077,48.63525244843046],[16.663847958013157,48.61727983636658],[16.6567816574043,48.612978975706916],[16.629677410291748,48.613744338356064],[16.624048825253894,48.63190774597579],[16.610777424851424,48.63678068738025],[16.61163525913504,48.65026041773978],[16.58451072202775,48.651015321045186],[16.565012673058042,48.66505734509359],[16.53025927833714,48.65250630477181],[16.52942270760741,48.639026002565615],[16.536202537349542,48.63884104926079]],[[15.716143274287546,48.67185808467963],[15.70894190710307,48.663005439083925],[15.729507548719978,48.66708682367989],[15.729716654572886,48.67158186601359],[15.716143274287546,48.67185808467963]],[[15.144991852503894,48.65506516058446],[15.152094928745948,48.66395223125421],[15.145307900931824,48.66405712030779],[15.145782180629883,48.67754497789155],[15.132204486259479,48.67775363106942],[15.138835819128069,48.67315355044509],[15.131576909515124,48.65976972820044],[15.144991852503894,48.65506516058446]],[[16.346086444033944,48.639377657747744],[16.41308364962694,48.62413527847541],[16.41415824376808,48.642110218512165],[16.366427854445618,48.63885342783704],[16.366957067390423,48.647841063306885],[16.353657303228164,48.652684832126916],[16.3528669601625,48.639203306584776],[16.346086444033944,48.639377657747744]],[[16.332263690851974,48.63523127517332],[16.331740660828824,48.626243424971],[16.34556095987454,48.63038988872335],[16.345823679031742,48.63488377878908],[16.332263690851974,48.63523127517332]],[[16.331740660828824,48.626243424971],[16.29080878870806,48.62278229836961],[16.290293116590394,48.61379420663808],[16.276225177229843,48.60514709066712],[16.2558961713452,48.60565568063701],[16.255386758925496,48.59666735727669],[16.268425519923035,48.58734043749021],[16.2608862561745,48.57402732217229],[16.213730493582066,48.57969666599937],[16.198935856915206,48.55755711429375],[16.17185443877077,48.55821658874151],[16.165823983221966,48.571863787628224],[16.138734632686287,48.572515595815574],[16.138001697810935,48.55903212058133],[16.117447082754854,48.555022186169325],[16.109951512047882,48.54169916309806],[16.075392499782097,48.529012737548314],[16.115508930670416,48.51906537747207],[16.13483006900353,48.50060263980783],[16.148355992013077,48.50027796032738],[16.148845819599817,48.50926716974817],[16.142081703429014,48.50942973267151],[16.14354867971945,48.536397196845584],[16.150316326111863,48.53623455112734],[16.150806836496887,48.545223595208334],[16.20470589450663,48.53941370899645],[16.217739347580718,48.530092166768945],[16.217237325197953,48.521103339922284],[16.230768093014756,48.52076913059138],[16.2382918057668,48.53408453584365],[16.28617420655714,48.54188791434046],[16.293457525127437,48.55070542680482],[16.320273321579084,48.54552367797511],[16.31975328905956,48.53653536668494],[16.326520380306196,48.53636252970585],[16.3340710746676,48.549671664362705],[16.347871046297623,48.5538180153531],[16.3424119015382,48.57646235185629],[16.35621971444284,48.58060766353983],[16.357010036247235,48.5940895734624],[16.384905659380628,48.606868908652935],[16.33017266515189,48.59927961012368],[16.316881978451626,48.60411932903853],[16.317662366826806,48.617601341040725],[16.331740660828824,48.626243424971]],[[16.2558961713452,48.60565568063701],[16.24285050757355,48.614981118009126],[16.242343278461338,48.605992780975775],[16.2558961713452,48.60565568063701]],[[16.148355992013077,48.50027796032738],[16.15487345198737,48.495620427613844],[16.1551188896438,48.50011503380303],[16.148355992013077,48.50027796032738]],[[16.238098775105044,48.65110213103682],[16.23106350256978,48.64677574045052],[16.2378453752924,48.64660804204916],[16.238098775105044,48.65110213103682]],[[15.681389562280906,48.654561198963016],[15.667413181631925,48.645841436156886],[15.680775217160143,48.64107566195328],[15.681389562280906,48.654561198963016]],[[15.721054669378253,48.63126428781861],[15.761530464758186,48.625934121559],[15.762377620720779,48.6439143843142],[15.775943384071665,48.64363281291836],[15.776369550420744,48.652622830808056],[15.756017300077074,48.65304467096617],[15.748601047992565,48.63969931310204],[15.721471151065028,48.640254561048486],[15.721054669378253,48.63126428781861]],[[15.889462726508334,48.60521725045628],[15.909570420224744,48.600277377575644],[15.908672647505547,48.5822978068043],[15.89512376577543,48.582594744094024],[15.894454385997687,48.569109878757395],[15.914772341508904,48.56866399856804],[15.92267254114974,48.59098905806936],[15.91589701798937,48.59113853177991],[15.916572294666336,48.60462312375391],[15.923575350073305,48.60896844177408],[15.916797465418345,48.60911796625059],[15.918149315176104,48.636086793563685],[15.911367845855096,48.63623600195495],[15.91181759444774,48.64522554899168],[15.905034903250053,48.64537439038003],[15.904137927888973,48.62739520191703],[15.883574341546773,48.62334435902725],[15.889462726508334,48.60521725045628]],[[16.513366437804855,48.59895294275429],[16.51281219980917,48.589965757115465],[16.525802622315535,48.58061020414631],[16.546398904151054,48.584548322845095],[16.546958939962423,48.59353537347303],[16.526637298419466,48.59409093783981],[16.500645241904255,48.6128006141648],[16.50175015667662,48.630774845902],[16.47463430505033,48.63150434110765],[16.487642134440918,48.62215322181787],[16.486542325223553,48.60417877756121],[16.513366437804855,48.59895294275429]],[[15.516265430670854,48.60375920246238],[15.516836268136322,48.61724583213897],[15.537368365389586,48.6213609845441],[15.531545956087475,48.64396550632041],[15.517978839949539,48.644218801161266],[15.517407404484315,48.630732365292225],[15.496873167910067,48.626613735839356],[15.510245963231968,48.62186735918539],[15.509487144384696,48.60388516490756],[15.516265430670854,48.60375920246238]],[[15.579029802986426,48.64306661242634],[15.565268505480812,48.63883000952788],[15.578638163612816,48.63407586168559],[15.579029802986426,48.64306661242634]],[[15.578246660926188,48.62508506755528],[15.592005353331874,48.62932017762625],[15.592202304588522,48.63381554717907],[15.578638163612816,48.63407586168559],[15.578246660926188,48.62508506755528]],[[15.951599385054832,48.62634542970472],[15.958608348063496,48.6306886050075],[15.951827707417825,48.63084015411638],[15.951599385054832,48.62634542970472]],[[15.957921727809872,48.61720443765469],[15.971709358951486,48.621394947791146],[15.97193941410913,48.625889644422095],[15.958379434710322,48.62619389346196],[15.957921727809872,48.61720443765469]],[[15.612548257975476,48.63342213276208],[15.598786780904978,48.62918944293995],[15.61234953253845,48.62892679661304],[15.612548257975476,48.63342213276208]],[[16.175071599956002,48.61664338507849],[16.168046327323207,48.61231313753702],[16.17482386702732,48.612149080918726],[16.175071599956002,48.61664338507849]],[[16.722765767905752,48.58407971456791],[16.721584826747634,48.566107210487345],[16.73542017710425,48.570207784462745],[16.761902612855923,48.56043185522317],[16.769269752307032,48.56921951282222],[16.796348474490557,48.56842184931895],[16.801909452905765,48.55024962791611],[16.808676596113227,48.55004891014184],[16.829891118229547,48.56292309052217],[16.830500322877825,48.571908823925135],[16.80372262530475,48.57720730315552],[16.797555532774076,48.586393570239736],[16.77046738905482,48.58719150453158],[16.757818243755754,48.60106710173736],[16.722765767905752,48.58407971456791]],[[15.0967212688439,48.6333078695767],[15.089785057643635,48.628913436437585],[15.096567566188048,48.628811758106835],[15.0967212688439,48.6333078695767]],[[15.78165848851671,48.62101626253552],[15.79478892471945,48.61174235917763],[15.795218116060715,48.62073245741779],[15.78165848851671,48.62101626253552]],[[16.133669731820174,48.60413873329272],[16.11382446666988,48.61361147779204],[16.113097464541816,48.60012812764254],[16.11987357521766,48.59996724818764],[16.119387938266602,48.59097832132891],[16.13293767227768,48.59065544143404],[16.133669731820174,48.60413873329272]],[[16.389816721104562,48.57523511809683],[16.422868471437614,48.56086518366287],[16.421792534371356,48.542889582085714],[16.428560111068023,48.54271084433327],[16.429908093373584,48.56518024383402],[16.45021937249372,48.56464145364094],[16.450762428862458,48.57362904725596],[16.416635564744368,48.57003135770633],[16.40362801343982,48.579374841867136],[16.41174146093835,48.60166635466385],[16.39819066114239,48.60202148191637],[16.39685553833965,48.579552134317005],[16.389816721104562,48.57523511809683]],[[15.693105852158006,48.61383230163362],[15.686121602869276,48.609473239537756],[15.692900174423821,48.609337058910306],[15.693105852158006,48.61383230163362]],[[15.990425592134637,48.58947276499916],[16.00981787121639,48.571031351971754],[16.036908041589584,48.57040936979993],[16.042736490535003,48.552274106900384],[16.04950653222401,48.55211729349014],[16.050926302743754,48.5790853321336],[16.044152724321876,48.57924222542546],[16.038793280087067,48.60636654176344],[16.01145079233318,48.60249428469991],[15.990425592134637,48.58947276499916]],[[16.214483531235846,48.59317952077736],[16.221761829916737,48.602001264414525],[16.20118357074478,48.59800612472603],[16.207458146287767,48.588851584604775],[16.22100675979494,48.588518516798345],[16.214483531235846,48.59317952077736]],[[16.6959707071407,48.58935351712938],[16.688905554865073,48.58505453254646],[16.695677699797603,48.58486035214412],[16.6959707071407,48.58935351712938]],[[15.00707996662609,48.58963649757368],[15.01341850784938,48.57605061631402],[15.033745538313532,48.57575765367081],[15.047893908080146,48.5935455129165],[15.034486126593993,48.59823912135221],[15.035079062456678,48.6162241068876],[15.001319294747935,48.621207050663905],[14.987035352857813,48.598917499784676],[14.993814111022708,48.59882176530041],[14.993524890104505,48.58982911055936],[15.00707996662609,48.58963649757368]],[[16.18085665327483,48.59850169639053],[16.173833367265747,48.59417175554571],[16.180608503089793,48.594007362748506],[16.18085665327483,48.59850169639053]],[[15.102887326137177,48.61522131487928],[15.102424846529209,48.601732846946305],[15.10920375284093,48.601630435920214],[15.109668006226208,48.61511887776206],[15.102887326137177,48.61522131487928]],[[16.668298214848132,48.58114148247317],[16.667717166990496,48.572154966538946],[16.680674976752005,48.562782168382626],[16.68184158086683,48.5807551125015],[16.668298214848132,48.58114148247317]],[[16.68009197949932,48.55379563146764],[16.66597523773105,48.54519515939317],[16.64567393763193,48.545771386148736],[16.63242673969164,48.55064699003175],[16.633288800239157,48.56412715385838],[16.620322042474303,48.573494698887146],[16.618890911468394,48.55102765148089],[16.56418292447101,48.54354749191155],[16.556293279767466,48.525759582683406],[16.522745873525917,48.531180018535615],[16.50162117618337,48.51825007906796],[16.46103577428698,48.51934200270173],[16.44696500427463,48.51071500036746],[16.43370808166294,48.51556817870642],[16.432090213171993,48.48860426801179],[16.446152474039057,48.49723315182592],[16.479959545387466,48.496328489390635],[16.508108966982967,48.51357294301935],[16.56221505525172,48.51209213476772],[16.5763054449304,48.520705255398695],[16.603077073852912,48.51545865983766],[16.610695978393995,48.52874999996695],[16.637755870980975,48.52798900000114],[16.64423254007104,48.52330434198628],[16.643080325035154,48.505330516975455],[16.64984218495036,48.50513897903272],[16.65747160583287,48.518427336926365],[16.684525390273116,48.51765551439794],[16.699809725899694,48.54422695512799],[16.720109807112202,48.543641336954224],[16.714226257275133,48.55731654050699],[16.680674976752005,48.562782168382626],[16.68009197949932,48.55379563146764]],[[16.620322042474303,48.573494698887146],[16.60029370452451,48.57855642207831],[16.600009095778884,48.57406299675185],[16.620322042474303,48.573494698887146]],[[16.643080325035154,48.505330516975455],[16.63603107389716,48.501028165305385],[16.64279239658558,48.50083703461311],[16.643080325035154,48.505330516975455]],[[16.63603107389716,48.501028165305385],[16.6219360951931,48.492422160727095],[16.608415449692053,48.49280162064365],[16.61431965621011,48.4791313210415],[16.63516935047453,48.48754760736784],[16.63603107389716,48.501028165305385]],[[15.97641469290988,48.58078960827863],[15.970100096013853,48.5899317680558],[15.956549564804146,48.590235810533265],[15.956092496089315,48.581246182344714],[15.97641469290988,48.58078960827863]],[[16.517088653683558,48.54933902906993],[16.52441246487992,48.558142098273215],[16.5114274498344,48.56749760291458],[16.477574275829838,48.56841132575564],[16.477026602497336,48.55942383355731],[16.490015822981416,48.55007210780084],[16.517088653683558,48.54933902906993]],[[14.525714829896108,48.59101668683448],[14.532597668318568,48.59544446683068],[14.5190395519777,48.59558216583965],[14.51246573405859,48.60464407028294],[14.485344483829042,48.60491323710145],[14.478364774199084,48.595985847502526],[14.491822271084027,48.59135600172414],[14.49151987755638,48.57786537636537],[14.464412606238422,48.57812969995672],[14.450664449243769,48.56926564014171],[14.531867386605509,48.56396651192783],[14.558647064042388,48.55019593862487],[14.578966156322855,48.549981922075304],[14.579182873150058,48.558975651946334],[14.538642280996585,48.56389711522587],[14.5390618387765,48.58188455616421],[14.525714829896108,48.59101668683448]],[[14.585957046947339,48.55890351693184],[14.58617502041533,48.567897193922974],[14.579399665544713,48.56796934118682],[14.579182873150058,48.558975651946334],[14.585957046947339,48.55890351693184]],[[15.506268062417455,48.527458961909375],[15.526191110960301,48.518088995306194],[15.52561892581941,48.504601745359736],[15.50513419043535,48.500484299706486],[15.491229302970025,48.49174288224676],[15.490854092990379,48.48275116573352],[15.51809358386273,48.48674507255801],[15.531428219657899,48.48199594752142],[15.531046084687672,48.47300431967505],[15.55132917291707,48.4726214936658],[15.592483567916075,48.48533241187559],[15.585916866860185,48.48995849377883],[15.587288813198917,48.52142812672699],[15.608184295031704,48.53452228034506],[15.648797346539274,48.53372634620001],[15.642832582253853,48.55184192452145],[15.649603694319843,48.55170824443879],[15.650208824089,48.56519455951276],[15.63009008619357,48.57008997787909],[15.609174635593074,48.55699996521695],[15.582086787936232,48.55752297765442],[15.575900511231664,48.57113940421694],[15.562546919801003,48.575893393954686],[15.562935310984706,48.584884466586395],[15.501952898024298,48.58602832805344],[15.493859434607794,48.55468377269009],[15.50702463562855,48.545441867207295],[15.506268062417455,48.527458961909375]],[[15.800062376661336,48.58013429547753],[15.799417885673682,48.566648880403875],[15.806190521708379,48.566506142838215],[15.806836782326542,48.57999152155682],[15.800062376661336,48.58013429547753]],[[15.16973271767822,48.58720278885725],[15.15602016454284,48.582918086974395],[15.169572785085567,48.58270666881329],[15.16973271767822,48.58720278885725]],[[16.80837399676944,48.545555943458325],[16.78777339137878,48.54166384348748],[16.785969795612342,48.51470544925625],[16.758621023618748,48.51100756663933],[16.771546978920227,48.5016244340465],[16.770948860367696,48.49263808769064],[16.72950325954227,48.48034357806812],[16.82411424242029,48.477556489362705],[16.831480143489596,48.48634058335443],[16.8585144451223,48.48552850399308],[16.845608325685927,48.49492131754787],[16.846525112059904,48.50840022759221],[16.853286595544745,48.508196926137536],[16.85389922694399,48.51718277910587],[16.867424382949455,48.51677493411489],[16.8692706092269,48.54373203052851],[16.849278345049118,48.54883638646858],[16.841595059748222,48.53556077660955],[16.81453428259186,48.53636892001927],[16.80837399676944,48.545555943458325]],[[15.955407191749712,48.56776166038563],[15.94840705000648,48.56341815485146],[15.95517883659025,48.56326679859829],[15.955407191749712,48.56776166038563]],[[15.176188558305228,48.57810425016321],[15.216514043375609,48.56846612372999],[15.216842034659047,48.577458288086504],[15.176188558305228,48.57810425016321]],[[15.216514043375609,48.56846612372999],[15.223123799577895,48.563861021306],[15.223288342548019,48.56835710975769],[15.216514043375609,48.56846612372999]],[[15.222794799670222,48.55486881348426],[15.229567299859855,48.55475943540652],[15.229897479862734,48.563751624655104],[15.223123799577895,48.563861021306],[15.222794799670222,48.55486881348426]],[[13.861262693650927,48.58688497083226],[13.840882939310497,48.582477098715906],[13.861216889070672,48.582387701493396],[13.861262693650927,48.58688497083226]],[[15.067623404778239,48.575261541341945],[15.067170505825644,48.56177266268924],[15.07394422944415,48.56167228962318],[15.074398899498934,48.57516114270745],[15.067623404778239,48.575261541341945]],[[15.98203491093395,48.558162635824715],[15.995113282549253,48.54886602000375],[15.995576865058924,48.55785564053488],[15.98203491093395,48.558162635824715]],[[15.721796221814824,48.50076269308452],[15.730228240147158,48.53658753732529],[15.764283857891368,48.54038521818562],[15.757936638945495,48.54951608985314],[15.744395527147336,48.54979559297648],[15.744815419616746,48.55878615534989],[15.724499940808181,48.559202543053],[15.723875462116068,48.54571657790453],[15.710128256412746,48.541496774894576],[15.7097145475805,48.53250601236674],[15.716482946726092,48.53236846182696],[15.715031979415066,48.50090055326196],[15.721796221814824,48.50076269308452]],[[16.047852008000525,48.52065410522274],[16.041086087840714,48.520810825498614],[16.041557426163617,48.52980038631193],[16.01472200367163,48.53491827714827],[16.008652718224898,48.54855751042082],[16.001883020625186,48.54871196101092],[16.00095398437397,48.530732647144944],[15.994186601960136,48.53088665384478],[16.027788596188255,48.525617903979445],[16.03385012912718,48.511977525917146],[16.047852008000525,48.52065410522274]],[[15.980421324304896,48.526698599359726],[15.979960660781687,48.51770878153239],[15.99372350371207,48.521896908667586],[15.993955032674338,48.52639178640754],[15.980421324304896,48.526698599359726]],[[15.107040445658793,48.53868313376276],[15.127664465981514,48.54736645762327],[15.141050540336929,48.542662069063375],[15.14167999611622,48.56064700201523],[15.107349166406811,48.547675728876115],[15.107040445658793,48.53868313376276]],[[15.906878978985013,48.546338157116836],[15.899885830518537,48.541991704873695],[15.90665494618185,48.54184315381667],[15.906878978985013,48.546338157116836]],[[15.960806458099434,48.54064064883506],[15.947041289497667,48.53644868712859],[15.960577752614169,48.53614573722257],[15.960806458099434,48.54064064883506]],[[13.861033750586762,48.56439852218082],[13.854212965329621,48.559931380550026],[13.860987985914628,48.55990120200396],[13.861033750586762,48.56439852218082]],[[13.542555178976093,48.56089571145285],[13.535762496351207,48.55641004456296],[13.542537184851486,48.556398296847995],[13.542555178976093,48.56089571145285]],[[15.82498919984883,48.534609585550015],[15.810805464545549,48.521411194777116],[15.83110535838459,48.52097982228126],[15.82498919984883,48.534609585550015]],[[15.655566066201908,48.53359231990133],[15.668696902579606,48.52433215030094],[15.669103399814901,48.533323092523865],[15.655566066201908,48.53359231990133]],[[16.697466470364297,48.50828060583929],[16.696588590392228,48.49480055154025],[16.716574994630218,48.48972215705453],[16.71099050473696,48.50789084964882],[16.697466470364297,48.50828060583929]],[[14.084102084855372,48.5272045400487],[14.077137814606884,48.513755700869226],[14.104346792930697,48.522575626552154],[14.097709551790286,48.53161445971823],[14.104480678566752,48.53157018820408],[14.104748589835486,48.54955919216954],[14.077460702607306,48.53624220374203],[14.07733151365948,48.52724763225446],[14.084102084855372,48.5272045400487]],[[14.179256160059028,48.54904616739529],[14.179109194771474,48.54005177245911],[14.192578858508451,48.535456211725034],[14.19272815884045,48.54445060996581],[14.179256160059028,48.54904616739529]],[[14.917452710686291,48.54139913762219],[14.910544140047357,48.53699390536416],[14.917314902385623,48.5369025942976],[14.917452710686291,48.54139913762219]],[[15.337225566856585,48.53497220513627],[15.330282124532557,48.53059180590635],[15.337051204318383,48.53047620737153],[15.337225566856585,48.53497220513627]],[[16.189926673307202,48.51727257746427],[16.182913676984203,48.51294300626068],[16.189678123837457,48.51277808186989],[16.189926673307202,48.51727257746427]],[[16.296871935947898,48.49210891056708],[16.28386236007166,48.50143943593267],[16.28463257310589,48.51492235532795],[16.271103688757847,48.515262796550985],[16.276843643223074,48.49711546733592],[16.256302917449577,48.49312980098489],[16.255794543625953,48.48414098076762],[16.268804832031144,48.47481350250862],[16.28309254907845,48.48795642429197],[16.303374961273235,48.487443089525584],[16.309359219373533,48.47378826712637],[16.322876989525447,48.473443394489806],[16.317155841109628,48.49159318581245],[16.32417718155826,48.49591474523218],[16.296871935947898,48.49210891056708]],[[16.322876989525447,48.473443394489806],[16.329375317125738,48.468776085930514],[16.329635806837775,48.47327037178068],[16.322876989525447,48.473443394489806]],[[16.327553156946532,48.43731580480129],[16.293524888965994,48.43368198617764],[16.293010629803252,48.42469307957839],[16.272242159859506,48.416215600778436],[16.313268132568744,48.4241780107082],[16.326252970790804,48.41484387889018],[16.318464782520724,48.397038936309045],[16.34519844380523,48.39185109176907],[16.36027113881324,48.41846819254215],[16.347029736249713,48.42331175132841],[16.347815257967056,48.4367947449163],[16.36184935172321,48.445433972239485],[16.342106923790162,48.454946067747144],[16.342891641770105,48.46842889720696],[16.329375317125738,48.468776085930514],[16.327553156946532,48.43731580480129]],[[13.935355929388471,48.546051428969754],[13.928531137648529,48.54158857901006],[13.93530370294049,48.54155409898404],[13.935355929388471,48.546051428969754]],[[14.598954834417576,48.53627376280516],[14.605615367201892,48.53170359728393],[14.605726000116885,48.53620048283885],[14.598954834417576,48.53627376280516]],[[14.598844791355901,48.531776871029756],[14.59196476220495,48.527352845002866],[14.598734767464672,48.52727996926355],[14.598844791355901,48.531776871029756]],[[15.864056915869869,48.502272417313755],[15.8911127304682,48.501684144807165],[15.89178036337205,48.5151694766985],[15.885014702615246,48.51531716935996],[15.864056915869869,48.502272417313755]],[[15.8911127304682,48.501684144807165],[15.897653532627864,48.4970409801242],[15.897876587558228,48.501536098457876],[15.8911127304682,48.501684144807165]],[[16.601939357838408,48.497484364058835],[16.594894605952508,48.49317951673529],[16.601655052551195,48.49299076416969],[16.601939357838408,48.497484364058835]],[[14.233129754040752,48.53065457307645],[14.24659215150174,48.52605277402596],[14.246750838856856,48.53504714266809],[14.239979388623995,48.53509964793571],[14.233129754040752,48.53065457307645]],[[15.167496196442242,48.524256170199635],[15.187479317037258,48.51494397286549],[15.187801909982442,48.523936455365856],[15.167496196442242,48.524256170199635]],[[15.296094710387724,48.522171780968435],[15.302691435882329,48.51756208324999],[15.302862761991825,48.52205816005398],[15.296094710387724,48.522171780968435]],[[15.282388959254172,48.51790174233726],[15.282049930204726,48.50890950096384],[15.268517153844755,48.50913394436012],[15.2681805978833,48.500141624942856],[15.288306185826732,48.49530828382912],[15.288986362836988,48.51329280811423],[15.295923973369554,48.51767569452033],[15.282388959254172,48.51790174233726]],[[13.847081551167381,48.52398220424299],[13.826856096729538,48.533063966980194],[13.806541525390424,48.533147402089234],[13.820042411628592,48.528594765574105],[13.819958096393707,48.519599925897474],[13.846992532313147,48.514987364416164],[13.847081551167381,48.52398220424299]],[[15.140264337301955,48.52018067439704],[15.133339620251002,48.5157885692611],[15.140107178848597,48.515684365281494],[15.140264337301955,48.52018067439704]],[[14.124656563536972,48.52244048366472],[14.138126476965597,48.517851152980285],[14.138266237106489,48.52684569583552],[14.131495759606661,48.52689192282475],[14.124656563536972,48.52244048366472]],[[14.585085912468603,48.52292840488636],[14.578100043899118,48.51400660078392],[14.59851477717354,48.51828613587109],[14.598624762738885,48.522783057534625],[14.585085912468603,48.52292840488636]],[[14.896458625169686,48.51918898566814],[14.909721330853602,48.51001438822421],[14.909995505042716,48.51900760054638],[14.896458625169686,48.51918898566814]],[[14.226203745708611,48.52171187514704],[14.226048678996454,48.51271742061903],[14.232817207669235,48.51266572108486],[14.23297345363445,48.52166016683612],[14.226203745708611,48.52171187514704]],[[14.52343603657056,48.49208395380947],[14.56381482599242,48.482670563253166],[14.564028622127516,48.49166461494323],[14.550603581690742,48.49630298395089],[14.5508151330563,48.50529700114633],[14.564456437792572,48.5096526012803],[14.557901537111842,48.51871744022111],[14.544258390330715,48.514361094400485],[14.543837570811194,48.49637307547961],[14.52343603657056,48.49208395380947]],[[15.071372250307862,48.48523373229027],[15.098120013332107,48.475836013743816],[15.118872643815159,48.48901758024614],[15.106114928559961,48.511705106170425],[15.078894546536088,48.50761529836993],[15.078591020212382,48.498622453650476],[15.071825575829935,48.49872309898489],[15.071372250307862,48.48523373229027]],[[15.632858250474325,48.48004628176563],[15.640221659836325,48.49340001151845],[15.660309565229072,48.48850267128365],[15.660714320295234,48.497493798017395],[15.640622955605082,48.502391186448286],[15.626894095434308,48.498161517970495],[15.626495222364587,48.489170277908904],[15.612969241584132,48.48943458166021],[15.632858250474325,48.48004628176563]],[[15.93056570538293,48.47831462178304],[15.938232327820417,48.49614456128762],[15.904416762800752,48.49689255508887],[15.90352257984635,48.478912031532346],[15.91659501258699,48.46962383767931],[15.93056570538293,48.47831462178304]],[[16.06672237605433,48.493212988118245],[16.05296126177678,48.4890333946347],[16.0664846633807,48.488718184525354],[16.06672237605433,48.493212988118245]],[[14.259971659754205,48.51695221559134],[14.252962983625887,48.50351381380333],[14.273346451127349,48.50785008702759],[14.273509744017723,48.51684449839788],[14.259971659754205,48.51695221559134]],[[14.929745323081324,48.50074621442123],[14.936650681841906,48.505150390485504],[14.94355721861937,48.50955414937741],[14.930022935935725,48.50973941970956],[14.929745323081324,48.50074621442123]],[[14.185363250864013,48.50852212382742],[14.165131325775322,48.513165088464106],[14.151522966523931,48.508762973022385],[14.151380946265466,48.49976836752691],[14.185363250864013,48.50852212382742]],[[14.97724955506981,48.50458757862524],[14.976963746099534,48.49559446482166],[14.983728960740207,48.4954993085652],[14.984015947437497,48.5044924062135],[14.97724955506981,48.50458757862524]],[[15.842673282883458,48.48023332301567],[15.84310971666313,48.48922382912867],[15.822822403710637,48.489657292734215],[15.82238949692061,48.48066671305853],[15.835476952030271,48.47138760695448],[15.82763269694535,48.449055385237976],[15.861418070095944,48.448329588310166],[15.868615629842656,48.45717380190649],[15.882131783944695,48.45687991514485],[15.876036674433024,48.470512761399924],[15.855756984885918,48.47095194399178],[15.842673282883458,48.48023332301567]],[[15.882131783944695,48.45687991514485],[15.888667723158166,48.452237154831266],[15.88888980326188,48.45673238532615],[15.882131783944695,48.45687991514485]],[[16.187443124196804,48.472327162038596],[16.18793948834725,48.48131632628389],[16.18117915568468,48.481481152741786],[16.18068396609954,48.4724919605283],[16.187443124196804,48.472327162038596]],[[16.18694693270191,48.46333795766358],[16.19370487350255,48.46317279623508],[16.19420223913273,48.47216197258127],[16.187443124196804,48.472327162038596],[16.18694693270191,48.46333795766358]],[[16.49886645717587,48.47331166246102],[16.498316088223135,48.46432385635618],[16.505073107685742,48.46414068648157],[16.50562465008818,48.47312846150555],[16.49886645717587,48.47331166246102]],[[16.530155401740636,48.43194700708907],[16.53662978391982,48.42726809874109],[16.53468308538311,48.3958105622282],[16.547899847406438,48.390945673361095],[16.55352894850902,48.37278383149824],[16.587252833441273,48.371848078709256],[16.601025603868216,48.375964899741895],[16.601592869199205,48.38495257630186],[16.615655192699915,48.39356146180314],[16.63589711308896,48.39299040645746],[16.610045643361197,48.41172612823168],[16.61793637903986,48.429511366212594],[16.597679966047252,48.43007929478838],[16.571796102507363,48.448806228479384],[16.56644621545867,48.47146206502853],[16.545893481067264,48.46752725950595],[16.55097235747553,48.4403784900695],[16.54421860716583,48.44056431653067],[16.543660703954206,48.431576588806],[16.530155401740636,48.43194700708907]],[[15.207129327688572,48.49663581300512],[15.213730727874719,48.49203107906981],[15.213894224294286,48.496527338433744],[15.207129327688572,48.49663581300512]],[[15.206966419844575,48.49213954443456],[15.1865122120149,48.48796628622883],[15.186190068083143,48.478973645054324],[15.206477866417355,48.478650679653306],[15.206966419844575,48.49213954443456]],[[15.247718278318361,48.49597909406745],[15.247385428917104,48.486986658532885],[15.254148976245641,48.486875854185556],[15.254483002605781,48.4958682709093],[15.247718278318361,48.49597909406745]],[[15.788368976927497,48.476885841285295],[15.78879593070572,48.485876562177666],[15.768509483571032,48.486300600359854],[15.761536116685246,48.48194576062319],[15.760691907939052,48.46396404787805],[15.794274064306832,48.45876222447847],[15.795129876223392,48.47674373693839],[15.788368976927497,48.476885841285295]],[[16.01705148252422,48.44936005487389],[16.017984657346066,48.46733994107835],[16.03173716382222,48.47152369481384],[16.02544571556295,48.480669324057686],[16.00446655823595,48.46764954374518],[16.010294801397887,48.44951499910786],[16.01705148252422,48.44936005487389]],[[16.133368659458743,48.47363460255769],[16.113331733992144,48.47861318055634],[16.112848375383948,48.469623692243],[16.13239523355179,48.455655710256266],[16.133368659458743,48.47363460255769]],[[16.464530275299218,48.46523384379137],[16.463713878301764,48.451751827391575],[16.477224827027477,48.45138909714695],[16.478044743184217,48.46487102122099],[16.464530275299218,48.46523384379137]],[[14.394612174637677,48.47982735522284],[14.394980880807402,48.4978160201149],[14.367735488348078,48.4890636568665],[14.374229605365272,48.475512168154175],[14.401283483882796,48.47526871419989],[14.394612174637677,48.47982735522284]],[[14.45500089257382,48.456774352847646],[14.455195642338694,48.46576870438516],[14.482244019048265,48.4655065065216],[14.489206772210142,48.474434236190184],[14.482443544268682,48.474500775321836],[14.482643138948369,48.48349500565998],[14.435578976402834,48.49744128585798],[14.44186381556429,48.47489179036751],[14.42147924911183,48.470584834770726],[14.421195923923593,48.45709324058707],[14.45500089257382,48.456774352847646]],[[14.679154173312165,48.49489684937654],[14.678920318612107,48.48590303181231],[14.705858726196684,48.48109214911921],[14.706097249840058,48.49008593284646],[14.679154173312165,48.49489684937654]],[[16.24624761802005,48.434870344771895],[16.267529243864516,48.452341318452746],[16.247513521836982,48.457342942935426],[16.248020191606315,48.46633191267231],[16.227745522961676,48.46683564831092],[16.234251606689572,48.462173618940675],[16.23324331291375,48.44419548576875],[16.226236602406434,48.43986836344051],[16.24624761802005,48.434870344771895]],[[13.60320655945279,48.49780776488633],[13.59641690821097,48.493325481113786],[13.603183305609566,48.493310222624935],[13.60320655945279,48.49780776488633]],[[15.638217274634249,48.44844354222092],[15.637416496227946,48.4304606811975],[15.678558458835994,48.44314152909463],[15.672411294764972,48.4567637941431],[15.62589717302349,48.47568334322135],[15.618341400627903,48.45783289449159],[15.638217274634249,48.44844354222092]],[[14.069921554946118,48.48231684965072],[14.076750719939962,48.486771573925836],[14.083581062896393,48.49122588972966],[14.07004934115995,48.4913116240634],[14.069921554946118,48.48231684965072]],[[14.21889565259443,48.49028239895786],[14.205288742166879,48.48588649268618],[14.218818795903509,48.48578510391162],[14.21889565259443,48.49028239895786]],[[15.922229326766196,48.44699852735325],[15.955100746962902,48.42826481751312],[15.9690667346536,48.4369511644053],[15.969753868792269,48.45043645631411],[15.935968661830428,48.45119358811642],[15.929888427048281,48.464829276326476],[15.916145960654234,48.4606335267967],[15.922229326766196,48.44699852735325]],[[16.065059255561152,48.4617491520187],[16.05806426331648,48.45741198529463],[16.064821832194326,48.457254278371934],[16.065059255561152,48.4617491520187]],[[14.651518767451778,48.47271987680225],[14.665159947775003,48.47706379331639],[14.66527564711635,48.48156073950205],[14.6517477918892,48.481713804813936],[14.651518767451778,48.47271987680225]],[[14.637993186642323,48.4728713506357],[14.630892273935986,48.45945547861531],[14.65106095762882,48.45473190543531],[14.64464209301005,48.468298824496905],[14.651518767451778,48.47271987680225],[14.637993186642323,48.4728713506357]],[[15.287286807898896,48.468331200870864],[15.294218237196556,48.4727142822234],[15.287456630312468,48.472827405863995],[15.287286807898896,48.468331200870864]],[[15.294047826809601,48.46821808683056],[15.30063784747163,48.463608386086],[15.300808816074781,48.468104581581734],[15.294047826809601,48.46821808683056]],[[15.43255588561051,48.380326768759126],[15.432920223973793,48.389319092887824],[15.44660431332768,48.39357174064826],[15.44733818715027,48.41155615728167],[15.514869073264826,48.41031479740682],[15.515437412140642,48.42380269502567],[15.542647748687642,48.42779098528048],[15.549787863961743,48.43665485123501],[15.536275237075747,48.43691028628408],[15.497052195666347,48.469138657191905],[15.483530817366367,48.4693879855519],[15.496676136634475,48.46014686351817],[15.495548744133265,48.433171249689636],[15.440767883049553,48.41617423521155],[15.420687369181582,48.42103399468139],[15.406818118018478,48.4122822173509],[15.398988665369707,48.38542474836081],[15.371811725236604,48.38140291044053],[15.371458056910695,48.37241036683657],[15.398451086953319,48.371936067496684],[15.39880944143973,48.38092853061449],[15.41248850892195,48.38518519488925],[15.43255588561051,48.380326768759126]],[[15.371811725236604,48.38140291044053],[15.365238513431976,48.38601679700862],[15.365062219134577,48.38152052903371],[15.371811725236604,48.38140291044053]],[[15.365767580118165,48.39950554537652],[15.352263787307605,48.39973969035903],[15.351738237568824,48.38625088240036],[15.365238513431976,48.38601679700862],[15.365767580118165,48.39950554537652]],[[16.443176822082602,48.44779892098722],[16.442636405713422,48.438810748235966],[16.449390286569336,48.43863079641494],[16.44993187536639,48.44761893863328],[16.443176822082602,48.44779892098722]],[[13.691022462883073,48.47508603797359],[13.697817919958947,48.47956286283708],[13.71137969699499,48.48401776215863],[13.691084253861895,48.484081150163654],[13.691022462883073,48.47508603797359]],[[13.86007436453229,48.469952718348736],[13.860211205021587,48.48344523918517],[13.839872346604382,48.47903696475136],[13.846503482242708,48.46551505056375],[13.86007436453229,48.469952718348736]],[[14.583455803084917,48.45547336760173],[14.583130291528185,48.44198210028651],[14.555988635268305,48.43777052507703],[14.575940033258627,48.42406556357649],[14.56221372421859,48.41521395705514],[14.561894004713448,48.4017223828275],[14.575401203658897,48.401579713315556],[14.582913378163106,48.43298787489029],[14.59653830773569,48.437339879135926],[14.596867289547065,48.450831137869756],[14.617593127426629,48.468598615692564],[14.583998700032106,48.477958622511466],[14.542996810360373,48.46039657089972],[14.583455803084917,48.45547336760173]],[[15.388341743140133,48.4576012703009],[15.408439503247015,48.45274715558903],[15.408980529163776,48.46623529532203],[15.38869893229558,48.466593414529],[15.388341743140133,48.4576012703009]],[[16.15242142264367,48.45067381122608],[16.145420603397465,48.44634185547652],[16.15217645418663,48.446179094756815],[16.15242142264367,48.45067381122608]],[[15.003153501611278,48.46823210936789],[15.002863386043336,48.45923890453311],[15.009623793563751,48.45914224801752],[15.009915085168835,48.4681354364444],[15.003153501611278,48.46823210936789]],[[16.19946621162655,48.445028827884094],[16.185707208742155,48.440864772635685],[16.18521162083323,48.43187542957914],[16.19896819175277,48.43603956056055],[16.19946621162655,48.445028827884094]],[[15.158504735682357,48.46141324343593],[15.158187629870051,48.45242041348636],[15.171706024836821,48.45220873287789],[15.172025481665175,48.46120152689515],[15.158504735682357,48.46141324343593]],[[15.185546116481902,48.46098824561089],[15.178625482919022,48.456598698686626],[15.185385198593599,48.45649187151922],[15.185546116481902,48.46098824561089]],[[15.455934209608387,48.4563940538913],[15.448991270017084,48.45202054081579],[15.455749786513321,48.45189806966637],[15.455934209608387,48.4563940538913]],[[16.1099517513635,48.415685931159274],[16.1229710981964,48.40637440937604],[16.143955204534784,48.41937326782798],[16.11091662135805,48.43366534167828],[16.111399307978683,48.442654988466096],[16.057354001347264,48.44392726495922],[16.05688069914772,48.434937402308144],[16.023340605586395,48.44021474394663],[16.022873250604064,48.43122472901208],[16.002378389575167,48.42719434250496],[16.028925017362702,48.41758400030293],[16.110434102515462,48.42467565583436],[16.1099517513635,48.415685931159274]],[[16.002146572456056,48.422699271338175],[15.995162139251537,48.418358261493026],[16.001914795622614,48.41820419051314],[16.002146572456056,48.422699271338175]],[[15.995162139251537,48.418358261493026],[15.988178878362216,48.414016825274246],[15.994930988793632,48.41386315796749],[15.995162139251537,48.418358261493026]],[[16.44857825629503,48.42514850875147],[16.455330332250053,48.424968212197484],[16.455872810516453,48.433956383266576],[16.449119562767322,48.43413671041044],[16.44857825629503,48.42514850875147]],[[16.44857825629503,48.42514850875147],[16.43480455225589,48.42101378420872],[16.434265870331814,48.41202546265263],[16.447766649232126,48.41166613256015],[16.44857825629503,48.42514850875147]],[[14.671574514323664,48.463495803275165],[14.68498015783197,48.458843477165544],[14.685097541136187,48.46334044209553],[14.671574514323664,48.463495803275165]],[[14.671458307326903,48.458998825160336],[14.664581752979755,48.45457891804868],[14.671342120545841,48.45450183749709],[14.671458307326903,48.458998825160336]],[[14.732427486241388,48.46278435212202],[14.725545216017201,48.458368042844384],[14.732305986030351,48.458287434385134],[14.732427486241388,48.46278435212202]],[[14.989198651231375,48.45493441077938],[14.982295524832482,48.450533234717405],[14.989054832068843,48.45043776803998],[14.989198651231375,48.45493441077938]],[[15.333917864410482,48.4495465417901],[15.32698617616506,48.4451657685417],[15.333744077569179,48.44505035627056],[15.333917864410482,48.4495465417901]],[[14.035793392442626,48.46003710568435],[14.028971291040412,48.45557993326831],[14.035732513188329,48.455539638792295],[14.035793392442626,48.46003710568435]],[[15.2455568263868,48.437527565477495],[15.24588903936739,48.44652021473573],[15.22544973952797,48.442353679765986],[15.231877688389051,48.43325143677582],[15.2455568263868,48.437527565477495]],[[16.217977981149236,48.413067684188725],[16.191468867404065,48.422721012037286],[16.18372589025332,48.40490716660738],[16.19072430899685,48.40923690791953],[16.217977981149236,48.413067684188725]],[[13.623257473926069,48.45278382262731],[13.61647199786547,48.4483026086188],[13.623232495744617,48.44828618915875],[13.623257473926069,48.45278382262731]],[[14.15721827033161,48.44125516680326],[14.157361145704318,48.4502500132901],[14.137010146014326,48.44589341150545],[14.143629511365262,48.43685198258255],[14.15721827033161,48.44125516680326]],[[14.50212421987448,48.44731716501985],[14.501819980277071,48.43382562774662],[14.508577862831364,48.43375796608077],[14.508883865735491,48.44724948612627],[14.50212421987448,48.44731716501985]],[[15.799532229080787,48.42715183830404],[15.785597394781549,48.41844519763315],[15.805857087317378,48.41801818248845],[15.799532229080787,48.42715183830404]],[[13.697503349718216,48.43458684547627],[13.73133103980099,48.43897502008989],[13.73136541780024,48.44347264550056],[13.704358102388428,48.448058634517686],[13.697503349718216,48.43458684547627]],[[13.73136541780024,48.44347264550056],[13.738160211932994,48.44794719009507],[13.731399801777142,48.44797026156235],[13.73136541780024,48.44347264550056]],[[13.981530132407928,48.44685602247762],[13.974714450477682,48.442395655301716],[13.98147398919976,48.442358500921145],[13.981530132407928,48.44685602247762]],[[14.447852987825643,48.43885007420141],[14.454708894946652,48.443282754354115],[14.447949698708706,48.44334729804724],[14.447852987825643,48.43885007420141]],[[14.454611596258639,48.43878553598525],[14.461272318306266,48.43422338436702],[14.46137018777279,48.438720606615014],[14.454611596258639,48.43878553598525]],[[14.461272318306266,48.43422338436702],[14.467931865064829,48.42966084332008],[14.468030305105493,48.434158069387],[14.461272318306266,48.43422338436702]],[[14.744846818978944,48.42214947041942],[14.758606190312523,48.43097954807289],[14.758853658673045,48.43997343257848],[14.717942742897145,48.42696947442632],[14.744846818978944,48.42214947041942]],[[13.596100017762817,48.43035887040973],[13.609687698197213,48.44382099118822],[13.596167857946497,48.443851870999126],[13.582540833063835,48.421392792660434],[13.596054810616788,48.421363490328964],[13.596100017762817,48.43035887040973]],[[13.839390448042536,48.42956378444101],[13.866422196650001,48.42944414916744],[13.880032626611458,48.438377162010084],[13.839521783508923,48.44305658277048],[13.839390448042536,48.42956378444101]],[[13.839390448042536,48.42956378444101],[13.83258931603164,48.42509509491826],[13.839346684773542,48.42506616642388],[13.839390448042536,48.42956378444101]],[[15.92718284427741,48.410887011355356],[15.920206299351223,48.40654149548444],[15.926957633677699,48.406391759799675],[15.92718284427741,48.410887011355356]],[[14.332780765051131,48.43089272410006],[14.325936960260512,48.426452866745116],[14.332694092729781,48.42639538417233],[14.332780765051131,48.43089272410006]],[[14.690915826688718,48.4272862424144],[14.690680232329576,48.41829216527859],[14.704191382732912,48.41813459008749],[14.704429326169047,48.427128640477896],[14.690915826688718,48.4272862424144]],[[13.81911655634373,48.42964940383576],[13.825831939785768,48.42512363229638],[13.825874527681112,48.4296212551874],[13.81911655634373,48.42964940383576]],[[13.819074556138117,48.4251517785576],[13.812275759874714,48.42068189682989],[13.819032563232525,48.420654144039915],[13.819074556138117,48.4251517785576]],[[13.926729523906634,48.38417584422561],[13.926626905320317,48.37518048671319],[13.933377700803184,48.37514611474585],[13.947038485578119,48.38856919484686],[13.967296041590043,48.3884613626367],[13.960977922458383,48.42447857341366],[13.954220706261344,48.424514541883234],[13.954059501504364,48.41102177284816],[13.940496024094637,48.406594904433106],[13.940338453583054,48.39310200763879],[13.926729523906634,48.38417584422561]],[[15.636016473123044,48.398990306186036],[15.656471407269848,48.40308501185713],[15.636216372168436,48.40348610245643],[15.636016473123044,48.398990306186036]],[[15.656269749922018,48.398589249614595],[15.662818563966635,48.393959022659914],[15.66302077226282,48.3984547828938],[15.656269749922018,48.398589249614595]],[[15.662818563966635,48.393959022659914],[15.67611598631341,48.38919319366178],[15.67631933121571,48.39368894035537],[15.662818563966635,48.393959022659914]],[[15.985875436551419,48.369065136313736],[16.020538910707998,48.38627407573018],[16.0210054543003,48.395264282785014],[16.007506202037984,48.39557424638919],[16.00704200050815,48.38658398675108],[15.993314059568863,48.38239716604148],[15.959801550656891,48.38765637762598],[15.959345705376508,48.37866589832779],[15.966093289871628,48.37851389665812],[15.965179733751139,48.360532877417434],[15.958206784513196,48.35618953660755],[15.931453118732927,48.361288725680225],[15.925607191377532,48.37942005128445],[15.850942082680316,48.372053914165484],[15.837882516257402,48.38133517446603],[15.838534724504804,48.39482155868836],[15.818284383946626,48.39525425062131],[15.797392039752848,48.382196824307385],[15.783894916086776,48.38248091749086],[15.777570525359415,48.39161352904857],[15.737071023453668,48.39245423788685],[15.716613922008003,48.38837364306902],[15.716200310035886,48.37938226071369],[15.74298443759463,48.37433251943069],[15.750151462383412,48.38318431770751],[15.763648953849488,48.382904128963645],[15.776934240781385,48.37812678909566],[15.776298287613441,48.36463996537246],[15.82373748412047,48.3681374109444],[15.830050864461509,48.359002203915914],[15.8572511406433,48.36291725050752],[15.863557972480086,48.353780209129184],[15.924482897183896,48.35694336977916],[15.944490851354804,48.35199691465059],[15.957296359262005,48.338208280939114],[15.991238036540436,48.34194021496226],[16.02448442563027,48.332176665658814],[16.052156711839483,48.34503666719157],[15.98518518364879,48.3555794466366],[15.985875436551419,48.369065136313736]],[[16.07262293110839,48.34905846432114],[16.078890064254452,48.339909753952575],[16.15354083047649,48.34713004117086],[16.18700733051069,48.34181510109781],[16.200988836424578,48.350474003959825],[16.227961253325667,48.34980773664324],[16.25594694772801,48.36711394283359],[16.12778069202612,48.37025383748045],[16.10706116106733,48.361746780246136],[16.106579981307227,48.35275679004815],[16.052628372650954,48.35402690985384],[16.07262293110839,48.34905846432114]],[[13.88660017858104,48.42035510660813],[13.893308448209323,48.41582543627654],[13.893356896045429,48.420323051926275],[13.88660017858104,48.42035510660813]],[[13.886552318209821,48.415857488239695],[13.879748915204503,48.411391518918755],[13.8865044661562,48.411359860685295],[13.886552318209821,48.415857488239695]],[[14.123079610519985,48.41900050706935],[14.116255403901118,48.41454835060642],[14.12301119035755,48.414503003607585],[14.123079610519985,48.41900050706935]],[[14.217667548808432,48.4183245356765],[14.210835295038267,48.41387791067152],[14.217590905728802,48.41382708956352],[14.217667548808432,48.4183245356765]],[[14.669485877088018,48.38254875920309],[14.696371375670953,48.37773982904713],[14.690209289261707,48.400303899657686],[14.67006539868416,48.4050343510339],[14.670297348353742,48.414028523480894],[14.656672358201593,48.409685081307124],[14.656328045406626,48.396193742065066],[14.66971762531081,48.391543023346024],[14.669485877088018,48.38254875920309]],[[16.060791943013626,48.38083993536255],[16.047767837521892,48.390144624311255],[16.034270081318244,48.39045768498439],[16.04706118043513,48.37665943016347],[16.060791943013626,48.38083993536255]],[[16.081511510154247,48.38935514051636],[16.07452492324372,48.38501881629844],[16.081272989957654,48.384860152199984],[16.081511510154247,48.38935514051636]],[[16.735918446270357,48.3721084478164],[16.72184196852721,48.363513986259335],[16.7350328643026,48.358627842045465],[16.735918446270357,48.3721084478164]],[[13.85952771606195,48.415981785640305],[13.852681722887313,48.407016591920495],[13.872993356039967,48.4114227861402],[13.873040033361598,48.415920419031806],[13.85952771606195,48.415981785640305]],[[14.014622294351964,48.39269369067955],[14.014858238005521,48.41068406294867],[13.994649330702263,48.4152977319896],[13.994534841492184,48.406302562674085],[14.007986044501903,48.40172797571746],[14.001116229704177,48.39277144793238],[14.014622294351964,48.39269369067955]],[[14.109432371934592,48.410095786269586],[14.116119773692953,48.40555330842492],[14.11618758290372,48.41005083410017],[14.109432371934592,48.410095786269586]],[[14.109365149898053,48.40559825678088],[14.102543891142524,48.40114527177749],[14.10929793954302,48.401100718151596],[14.109365149898053,48.40559825678088]],[[14.203928773642641,48.404933403791816],[14.21736105640286,48.40033469611758],[14.217514275970315,48.40932963424736],[14.210759252507211,48.40938045104368],[14.203928773642641,48.404933403791816]],[[14.601755321434837,48.374306508807535],[14.60142555198932,48.36081479922772],[14.580964547317523,48.352038186340174],[14.58074838644245,48.34304359617134],[14.607621607762743,48.338255041224365],[14.614699875124305,48.35167305915772],[14.634828066250705,48.3469520562825],[14.635166450200511,48.360443751761814],[14.61503304521256,48.365164784895626],[14.615255255054048,48.37415922399671],[14.635617903106908,48.37843255394413],[14.635843747211986,48.38742690090639],[14.615699906396305,48.39214799385185],[14.616033597763371,48.40563947555626],[14.602415376106547,48.401289683967626],[14.602195281424242,48.39229532865737],[14.581938200844895,48.39251339994662],[14.58161348053542,48.37902174314204],[14.601755321434837,48.374306508807535]],[[16.626291138377535,48.34824321837866],[16.55831482002884,48.34113955772258],[16.545390337400114,48.350499770164404],[16.504937315616782,48.3516069901949],[16.49090479839525,48.34298461139171],[16.51759322195847,48.337757150361135],[16.522674204622092,48.31060804587758],[16.508374687490704,48.297493436023174],[16.52830341918852,48.29244679454394],[16.56449511145185,48.33196488269431],[16.61138649873225,48.32615372791108],[16.64594057973815,48.33868270489586],[16.65354447900075,48.35197232893499],[16.68051137157779,48.35120136522252],[16.693411592935576,48.34182618900238],[16.693994516034998,48.35081354406354],[16.674639231888328,48.36487580030699],[16.661152281393413,48.365261380241215],[16.65383251298885,48.35646609053146],[16.626862485037172,48.35723088072467],[16.626291138377535,48.34824321837866]],[[15.493672367858617,48.38821113076839],[15.444954960429468,48.35310626137557],[15.431463629504979,48.353349575922486],[15.431099796911752,48.34435710557489],[15.417249313422289,48.33560627046032],[15.423268022080487,48.317500469119835],[15.442942580834316,48.30364745920637],[15.435474874832295,48.28578387332419],[15.448948609412199,48.28554008850871],[15.450048537704191,48.312517899052445],[15.430190767751325,48.321875772724226],[15.430554284772677,48.330868332635426],[15.47175179715823,48.348118780117616],[15.472122715082842,48.35711110774418],[15.49910682035118,48.356613507670225],[15.512220738260584,48.34737016502964],[15.505099357636366,48.33850365178452],[15.537861252510934,48.315390598583896],[15.530549501825293,48.30202936989545],[15.489929376858676,48.29828813445839],[15.503030180430773,48.289045596088016],[15.502278730436993,48.27106058639426],[15.516315360291248,48.284297775577585],[15.54364400794488,48.29278227748204],[15.551149992494482,48.31063885621828],[15.557889826604978,48.31051046676498],[15.55153441890225,48.319631070799915],[15.558275421489729,48.31950265956498],[15.558661150182886,48.32849481685156],[15.599702840661852,48.34120399720866],[15.60009592318245,48.35019593255964],[15.573699005819064,48.36420487484555],[15.518965447594518,48.34724402992318],[15.505852765404578,48.35648813181629],[15.506229665516448,48.36548031737977],[15.51991346869066,48.36972440963626],[15.52029290764151,48.37871649745502],[15.500046388742886,48.379093956075096],[15.493672367858617,48.38821113076839]],[[14.514515802190429,48.397712162687824],[14.507660811188341,48.39328290325411],[14.5144133916461,48.39321490242996],[14.514515802190429,48.397712162687824]],[[16.282927315846333,48.36643496389472],[16.27592697661268,48.362110672463615],[16.282671417638582,48.3619403569384],[16.282927315846333,48.36643496389472]],[[13.683744120233436,48.398646379094046],[13.6769605066796,48.39416856984021],[13.683713910949702,48.39414864898757],[13.683744120233436,48.398646379094046]],[[14.392772487462661,48.38988175392142],[14.385928960952517,48.38544533236923],[14.392680670899558,48.38538437669966],[14.392772487462661,48.38988175392142]],[[15.269390150270262,48.35165109489148],[15.26972595155078,48.36064402188936],[15.29688404913598,48.36468967871996],[15.297224710862809,48.373682474784005],[15.2702298721739,48.37413334437501],[15.256398643929717,48.36536352564976],[15.256065126358395,48.35637057889799],[15.269390150270262,48.35165109489148]],[[13.906473564879725,48.38427663276997],[13.913175419493673,48.37974574739152],[13.91322555996574,48.3842434273976],[13.906473564879725,48.38427663276997]],[[13.89967259399993,48.379811761727346],[13.899574685138099,48.370816363658754],[13.906324929205171,48.370783557444135],[13.906424011049577,48.37977894994788],[13.89967259399993,48.379811761727346]],[[15.168517558312137,48.36227871639568],[15.175424727724739,48.36666904947129],[15.168676718633602,48.36677530501216],[15.168517558312137,48.36227871639568]],[[15.175264981748468,48.36217246986913],[15.20193030450909,48.352750465696666],[15.202254397135917,48.36174357924449],[15.175264981748468,48.36217246986913]],[[16.436704201254603,48.33993827878027],[16.429694619761804,48.335623177670016],[16.43643509351789,48.33544396640217],[16.436704201254603,48.33993827878027]],[[13.487797577837968,48.37207868551658],[13.494534395648117,48.36757189505107],[13.494548153926402,48.372069713686884],[13.487797577837968,48.37207868551658]],[[13.474284419907363,48.36759763614561],[13.474260428143975,48.35860196794561],[13.487758069129374,48.358585200757915],[13.487784405984545,48.36758086612188],[13.474284419907363,48.36759763614561]],[[13.960163935855736,48.35701395706877],[13.940076018487328,48.37061366572763],[13.939971108241886,48.361618266411526],[13.960163935855736,48.35701395706877]],[[15.342547299758502,48.323418343334595],[15.329409207867313,48.33264267101807],[15.329755305254988,48.34163549632698],[15.343592610930935,48.35039670119559],[15.323355933608397,48.35074349262792],[15.322665958773245,48.33275783874553],[15.309179370921818,48.33298700359241],[15.308836902006766,48.32399408427387],[15.322148791868974,48.31926850480384],[15.342547299758502,48.323418343334595]],[[15.140900590942177,48.344713210409545],[15.14780307662022,48.34910521270318],[15.14105729970369,48.34920987074928],[15.140900590942177,48.344713210409545]],[[15.147174064243167,48.33111855338912],[15.187634106352764,48.33048262337293],[15.187794828196534,48.33497924759173],[15.147645782581497,48.344608561241735],[15.147174064243167,48.33111855338912]],[[15.780497045195359,48.310550578854475],[15.76807346525117,48.3333113274242],[15.77502737447312,48.337666069646744],[15.76154173082998,48.33794758128584],[15.761120724946736,48.328956162218404],[15.747427993566593,48.3247403191167],[15.746800372810917,48.31125302508332],[15.780497045195359,48.310550578854475]],[[15.25489872629827,48.324894982329624],[15.261975382621081,48.33377678890794],[15.215096180762226,48.34354060173829],[15.221513688544903,48.33443852903435],[15.25489872629827,48.324894982329624]],[[16.469049124715177,48.31656502607807],[16.462040011767286,48.31225182782098],[16.46877733372362,48.31207074406228],[16.469049124715177,48.31656502607807]],[[15.376788232778347,48.336321919290945],[15.37607990687128,48.31833647475903],[15.382821159122118,48.31821821560714],[15.390097086520315,48.331588602810776],[15.376788232778347,48.336321919290945]],[[15.922910523638436,48.32547562910421],[15.922461624697748,48.316484764397146],[15.929201221188011,48.31633489260935],[15.929651288177268,48.32532573189259],[15.922910523638436,48.32547562910421]],[[13.427002846102015,48.34965263665516],[13.420247881629694,48.34515982973737],[13.42699495892854,48.345154767868266],[13.427002846102015,48.34965263665516]],[[13.528217573515771,48.3495298333397],[13.534947940836455,48.34502066442192],[13.534965202671849,48.34951852186849],[13.528217573515771,48.3495298333397]],[[13.528200897592042,48.345031974935736],[13.514691301120678,48.34055555539958],[13.528184224559865,48.340534107803755],[13.528200897592042,48.345031974935736]],[[13.642820275333081,48.33129301802591],[13.622609449343221,48.33584237870816],[13.615936489918177,48.34935231970042],[13.60244131277823,48.34938392575769],[13.615815068512793,48.32686301582631],[13.642820275333081,48.33129301802591]],[[16.11139602245924,48.316636049520525],[16.12439023189407,48.3073239653758],[16.124874079329928,48.31631405668079],[16.11139602245924,48.316636049520525]],[[13.561936082865566,48.34497151698374],[13.561896882117383,48.33597578425542],[13.57538859012074,48.335948871868666],[13.57543013388678,48.344944600038694],[13.561936082865566,48.34497151698374]],[[14.640668252699049,48.31089850375564],[14.68158490324895,48.3284274539846],[14.668328342714755,48.337576898686876],[14.648092941396422,48.3378064596292],[14.640668252699049,48.31089850375564]],[[15.955931905576115,48.31123612449313],[15.955477403136687,48.30224533379089],[15.989165253200278,48.30148252262175],[15.989855821482966,48.31496850116797],[15.955931905576115,48.31123612449313]],[[16.029355745202935,48.29605902133291],[16.043063733239624,48.300241756557995],[16.04376830870122,48.313727419395406],[16.030290429313496,48.31404002899561],[16.029355745202935,48.29605902133291]],[[16.658375242437405,48.216771481855105],[16.659238498729334,48.23025345814577],[16.679705855955085,48.23416873255518],[16.68057494263352,48.24765045700153],[16.68730308839967,48.247456729598],[16.680864738527013,48.25214434753639],[16.682024424118374,48.27011982085773],[16.7098256172337,48.28282356026124],[16.703676907852138,48.29200611715319],[16.683475161624852,48.29258896056335],[16.676161864491753,48.2837948012447],[16.65596300992427,48.28437287323187],[16.64335711642977,48.29823803084214],[16.595929064650516,48.295074111272854],[16.608546866556484,48.28121407214106],[16.629030506055113,48.28513818427338],[16.655387423146347,48.2753850774712],[16.6598142520171,48.239241398843575],[16.645786408157733,48.23063728066022],[16.625607900404543,48.23121009685934],[16.62617784086478,48.24019819974239],[16.600116124874802,48.25443891839926],[16.600964867464743,48.26792112036342],[16.547671319878926,48.27840842397295],[16.55356713115205,48.264739902676595],[16.586939033712262,48.25931000639206],[16.586375679425274,48.25032178125928],[16.599550541423486,48.24545073953802],[16.59169407885095,48.2276628652873],[16.551616261684547,48.23328046745981],[16.564790059513292,48.22841332950114],[16.570675688640378,48.2147436675585],[16.597290164951563,48.20949767520887],[16.596443330267338,48.196015134176164],[16.609886818370768,48.19563701439659],[16.6042966320193,48.21380290893871],[16.618313051450283,48.2224120876382],[16.638488220812945,48.221840535386],[16.644067313982934,48.203673055322554],[16.657512434203085,48.20328942794493],[16.67009151261,48.189422212504304],[16.683532751926855,48.189035573054824],[16.684112251802336,48.1980235379238],[16.690833956936963,48.19782960229842],[16.691414818325455,48.20681750021767],[16.671246069608213,48.20739823925898],[16.658375242437405,48.216771481855105]],[[16.609886818370768,48.19563701439659],[16.61632456718968,48.19095322215089],[16.616608488947843,48.195447371355634],[16.609886818370768,48.19563701439659]],[[16.683532751926855,48.189035573054824],[16.68996304156751,48.18434769158687],[16.690253296479586,48.1888416702977],[16.683532751926855,48.189035573054824]],[[16.68909257794157,48.17086570494903],[16.675078339215172,48.16226489194314],[16.735530566983112,48.160510165357046],[16.7235621087662,48.18337243029972],[16.68996304156751,48.18434769158687],[16.68909257794157,48.17086570494903]],[[13.440461941700203,48.33164981675506],[13.447187982613682,48.32264777213092],[13.474152568070192,48.3181210281175],[13.480921243317198,48.327108669728716],[13.494410678437479,48.32709113164758],[13.494451896061905,48.34058479799678],[13.480933809125577,48.33160656864791],[13.440461941700203,48.33164981675506]],[[13.919470671394647,48.33923265967017],[13.92611434658682,48.33020316751224],[13.939656595977288,48.33463185691428],[13.939708991944403,48.33912961370344],[13.919470671394647,48.33923265967017]],[[15.706363170040653,48.31208309297519],[15.699418464205147,48.307724208342584],[15.706157539433073,48.307587240097746],[15.706363170040653,48.31208309297519]],[[14.06731170525875,48.29791581973406],[14.0944057169252,48.30673890354123],[14.081245415089592,48.32931451030099],[14.047521732116548,48.32952526459661],[14.060885419554332,48.3204466945232],[14.06731170525875,48.29791581973406]],[[16.257617587733478,48.277050030295726],[16.258631083922378,48.29502927100928],[16.23118538584702,48.28671293692187],[16.230934365194123,48.28221806519643],[16.257617587733478,48.277050030295726]],[[14.68135137749847,48.31943296683939],[14.674492496893572,48.31501336872392],[14.681234645009868,48.314935710232156],[14.68135137749847,48.31943296683939]],[[15.294672628398063,48.30623562798754],[15.274621048665614,48.31107048247492],[15.280686703046415,48.29297189066679],[15.294332852321762,48.29724256467082],[15.294672628398063,48.30623562798754]],[[14.101081102492424,48.302197083022584],[14.14152787736418,48.30192440683896],[14.148480390620543,48.31537069747975],[14.114833634068862,48.32009861575928],[14.114698497547622,48.3111032008379],[14.101081102492424,48.302197083022584]],[[15.220532236022681,48.307458926646554],[15.206727205155945,48.298682966463595],[15.220041892696653,48.293969007410524],[15.220532236022681,48.307458926646554]],[[15.375548984926104,48.30484729863025],[15.3751951904072,48.29585447080777],[15.381933521646308,48.29573626179909],[15.38228848426631,48.304729069567315],[15.375548984926104,48.30484729863025]],[[15.765543050781258,48.279362314227576],[15.73943538633371,48.297904935148225],[15.73860183530228,48.27992159956852],[15.765543050781258,48.279362314227576]],[[16.17730557954685,48.288040773655524],[16.16359000763753,48.28387382466246],[16.176812907742047,48.279050796181494],[16.17730557954685,48.288040773655524]],[[16.175828076245285,48.26107073556592],[16.189291293569266,48.26074128163156],[16.183546868220468,48.278886208108304],[16.176812907742047,48.279050796181494],[16.175828076245285,48.26107073556592]],[[14.350759510251562,48.31378451408676],[14.350583452371472,48.30478939012321],[14.357324698432116,48.304730478339145],[14.35750192603142,48.313725592308096],[14.350759510251562,48.31378451408676]],[[14.573250559191267,48.31163405362548],[14.586517257163347,48.30249533043408],[14.586734250112151,48.31149006518958],[14.573250559191267,48.31163405362548]],[[16.506724804883707,48.27052794730204],[16.51991227067522,48.26566596724583],[16.52046427463674,48.27465445484253],[16.513731994285106,48.2748385310285],[16.506724804883707,48.27052794730204]],[[13.372995927675206,48.31369898594995],[13.386473167353534,48.304698053949515],[13.386481897822563,48.31369394221545],[13.372995927675206,48.31369898594995]],[[13.474128621997318,48.30912516883978],[13.480883558952566,48.31361492139059],[13.474140593996815,48.31362310274432],[13.474128621997318,48.30912516883978]],[[13.480871001849309,48.309116988177706],[13.487600239596485,48.30461047624878],[13.487613379526545,48.3091084172404],[13.480871001849309,48.309116988177706]],[[13.548313072112517,48.31351164092913],[13.54827625909164,48.304515783475765],[13.555018024443179,48.304503310854116],[13.55505600755474,48.31349916619553],[13.548313072112517,48.31351164092913]],[[14.21567914909949,48.30138801857977],[14.209089654283453,48.31043406766765],[14.202347510910103,48.31048439947816],[14.202197214843032,48.301489055299136],[14.229006109429115,48.29229007752789],[14.229161030420206,48.30128542117667],[14.21567914909949,48.30138801857977]],[[15.186509833908385,48.299006007572274],[15.179610739530512,48.29461620466048],[15.18634933496679,48.294509313327154],[15.186509833908385,48.299006007572274]],[[15.806382146662383,48.28750314183796],[15.79943233108107,48.28315017918301],[15.806167943106285,48.28300742314153],[15.806382146662383,48.28750314183796]],[[16.31769998942121,48.266523234742],[16.304750743571507,48.27585701456265],[16.29102817176547,48.27170506336782],[16.297247422362314,48.26254435014259],[16.31769998942121,48.266523234742]],[[16.479797346612056,48.27125873858498],[16.47279346118208,48.26694610620094],[16.479524861777286,48.26676439721195],[16.479797346612056,48.27125873858498]],[[14.680884569027358,48.301443888607935],[14.6740281079455,48.29702422970585],[14.680767917510074,48.29694659755906],[14.680884569027358,48.301443888607935]],[[13.730302471721979,48.30404204958689],[13.737009334281623,48.299521141247844],[13.737044112604538,48.304019040621704],[13.730302471721979,48.30404204958689]],[[13.730268278259809,48.299544148263024],[13.71675313052351,48.29509107812763],[13.7302340907257,48.295046238486854],[13.730268278259809,48.299544148263024]],[[13.871782586545049,48.29448119868734],[13.865134027846524,48.303507727420076],[13.851651002097583,48.303568183637715],[13.851561568463366,48.2945724528664],[13.871782586545049,48.29448119868734]],[[14.50532373723063,48.289843326225395],[14.512164853134042,48.29427292072601],[14.51900713794756,48.29870210510242],[14.505526590953641,48.29883825479061],[14.50532373723063,48.289843326225395]],[[15.414723254270681,48.27265745028396],[15.415083744506303,48.28165024324883],[15.367928118145633,48.2824829531467],[15.367575797316189,48.27349001894688],[15.38086937204473,48.26875763100036],[15.414723254270681,48.27265745028396]],[[16.135437404215118,48.26204975131004],[16.13592274404235,48.271039965186624],[16.122456518988606,48.271363243135596],[16.115000639888333,48.258038840781225],[16.148413629594575,48.252734776811245],[16.14890113076308,48.261724970433995],[16.135437404215118,48.26204975131004]],[[13.784196551935883,48.29934916668882],[13.77741725943357,48.29487700963114],[13.784157686372845,48.29485127343809],[13.784196551935883,48.29934916668882]],[[13.352761209792117,48.29571181056204],[13.346019708249361,48.2912146011894],[13.352759770709673,48.291213836029286],[13.352761209792117,48.29571181056204]],[[13.467340712204363,48.29114113622095],[13.480808248944768,48.286627195121284],[13.48083334358649,48.29562313763031],[13.474092718436733,48.295631316217836],[13.467340712204363,48.29114113622095]],[[15.152183510622182,48.281549601043565],[15.145289644151445,48.27715773340647],[15.152026041603644,48.277052827471664],[15.152183510622182,48.281549601043565]],[[15.259804620094467,48.27532131687625],[15.252902475879825,48.27093581519033],[15.259637840963078,48.27082468164276],[15.259804620094467,48.27532131687625]],[[15.340633719512077,48.273957197936234],[15.33372492700891,48.26957648891136],[15.340459938580585,48.26946067839099],[15.340633719512077,48.273957197936234]],[[16.221198252282175,48.228446079979115],[16.24163154949003,48.23243838382868],[16.242890516951856,48.25491299387694],[16.229429154393667,48.25524864968949],[16.235406092324755,48.24159623356905],[16.221698130981984,48.23743605224443],[16.221198252282175,48.228446079979115]],[[13.656033042282754,48.28627766001513],[13.65597756577434,48.27728174323327],[13.662715758561301,48.27726303632938],[13.66277240390943,48.28625894994126],[13.656033042282754,48.28627766001513]],[[14.356616402449223,48.26874968308098],[14.343405235989659,48.28235992804525],[14.3299285130897,48.28247575158061],[14.336319926892262,48.26442747680636],[14.356616402449223,48.26874968308098]],[[15.723888762917177,48.25322349965659],[15.730828229674398,48.25758102313701],[15.737768862009133,48.261938125033325],[15.724302701948679,48.2622153354821],[15.723888762917177,48.25322349965659]],[[13.521228883899099,48.28207196062576],[13.514474563237009,48.27758448939855],[13.521212835659048,48.27757397331858],[13.521228883899099,48.28207196062576]],[[13.945714174376812,48.27612515068844],[13.965873211749392,48.27151968312661],[13.965982432510037,48.28051540224122],[13.952505511220142,48.28058753426201],[13.945714174376812,48.27612515068844]],[[15.528837585582885,48.26156352281221],[15.521914573414637,48.257193975169166],[15.528647537459825,48.257067274658695],[15.528837585582885,48.26156352281221]],[[14.403401841853158,48.25033620813939],[14.3901162676904,48.25945424364675],[14.390390429795083,48.27294707861976],[14.363442025625151,48.273188045124826],[14.383471729546686,48.264012679828596],[14.389933572131943,48.25045897896861],[14.403401841853158,48.25033620813939]],[[15.480958396030788,48.24445697791712],[15.494047211233006,48.23521524692136],[15.5142376567841,48.234838811399484],[15.508072046682358,48.248453621420715],[15.460948092478013,48.24932401411642],[15.46731080504628,48.24020809454126],[15.480958396030788,48.24445697791712]],[[16.060203336263044,48.2413317688806],[16.05925960151745,48.22335046937656],[16.065750290179615,48.218697345433874],[16.112834780497874,48.217582004333956],[16.106828381922174,48.23122823591531],[16.060203336263044,48.2413317688806]],[[16.112834780497874,48.217582004333956],[16.11931994634283,48.212925880513396],[16.119560970570735,48.21742111339513],[16.112834780497874,48.217582004333956]],[[14.726860269060445,48.255916673182824],[14.740450748581864,48.26025220749779],[14.72698082357613,48.26041399310663],[14.726860269060445,48.255916673182824]],[[14.740329027007164,48.25575490129467],[14.760285125429476,48.246514724659704],[14.760532005493348,48.255509320270065],[14.740329027007164,48.25575490129467]],[[16.268542111635167,48.23176268658011],[16.261561129196462,48.227437289763664],[16.268288122407988,48.22726779606389],[16.268542111635167,48.23176268658011]],[[13.346012878404784,48.25523050471127],[13.352749704005557,48.25972778092469],[13.35948769749323,48.264224658872685],[13.346014585001944,48.26422657839224],[13.346012878404784,48.25523050471127]],[[13.393170470886167,48.26421303601912],[13.39990149809139,48.259711510292],[13.399907023411489,48.2642095416108],[13.393170470886167,48.26421303601912]],[[13.38642956017442,48.25971810860824],[13.386420847760952,48.25072202030424],[13.37968604530824,48.250724734138004],[13.386407784772477,48.23722782687464],[13.413333296631793,48.23271499741397],[13.413346670531055,48.241711148125674],[13.399879406346788,48.24171930334527],[13.39989597372512,48.25521347077808],[13.38642956017442,48.25971810860824]],[[13.480745550341503,48.26413719297646],[13.473997066725254,48.259647340823044],[13.480733017130811,48.259639167764604],[13.480745550341503,48.26413719297646]],[[13.14393494852416,48.25957017809466],[13.143968272546198,48.25057411508767],[13.150703037538184,48.25058504585955],[13.150670881179883,48.25958111072717],[13.14393494852416,48.25957017809466]],[[13.716489192362792,48.25910746860392],[13.70298575935493,48.254652726209486],[13.716456225811273,48.254609480219024],[13.716489192362792,48.25910746860392]],[[13.541338675049856,48.25505003856486],[13.534586132547533,48.25056368496839],[13.541320892130637,48.25055200469513],[13.541338675049856,48.25505003856486]],[[14.463617384334356,48.23177405377415],[14.477278357235598,48.24063794271695],[14.410135952723422,48.25027423806576],[14.423321450943577,48.23665624892365],[14.463617384334356,48.23177405377415]],[[13.123763995324046,48.25053898371358],[13.11702924250519,48.25052649357025],[13.110333641709127,48.24151752830951],[13.123800809547026,48.24154289412246],[13.123763995324046,48.25053898371358]],[[13.096866487453745,48.24149060339352],[13.096907956284447,48.23249449035767],[13.1103923393324,48.228023339828674],[13.110333641709127,48.24151752830951],[13.096866487453745,48.24149060339352]],[[13.292133591125404,48.250724537922835],[13.292141223627604,48.24172841671015],[13.298874859356149,48.24173077047931],[13.298868394132796,48.25072689209684],[13.292133591125404,48.250724537922835]],[[13.568259898671005,48.25050138517595],[13.561505621134577,48.24601658597254],[13.568239784123074,48.24600334745009],[13.568259898671005,48.25050138517595]],[[13.150719111531197,48.24608700120121],[13.15075125114856,48.23709088757536],[13.157484268191917,48.23710142581271],[13.15745329563272,48.246097541232494],[13.150719111531197,48.24608700120121]],[[13.635581205818275,48.24584952279929],[13.622088174563462,48.2413853705002],[13.635555259063546,48.24135148998561],[13.635581205818275,48.24584952279929]],[[14.5041080908036,48.23587305132579],[14.497275358108007,48.231442878758145],[14.504006900993753,48.23137547488865],[14.5041080908036,48.23587305132579]],[[16.051356616266908,48.20103099077795],[16.038375913057155,48.210335325042344],[16.02492483295498,48.210647325586],[16.01101035279295,48.201966833695245],[16.010547274224272,48.19297586449631],[16.050886564077345,48.1920401802336],[16.051356616266908,48.20103099077795]],[[14.645138289266605,48.220875072232765],[14.651754300109449,48.21630164340573],[14.678671644382248,48.21599392539136],[14.672173769343589,48.22506632518741],[14.645365097788448,48.22986999408246],[14.645138289266605,48.220875072232765]],[[14.678671644382248,48.21599392539136],[14.69874142581633,48.21126161874163],[14.698859441531976,48.21575904735619],[14.678671644382248,48.21599392539136]],[[14.833310258478456,48.20960632912647],[14.84029898965266,48.21851402948758],[14.827098490008478,48.22768192693784],[14.806651878041441,48.218944475130115],[14.833310258478456,48.20960632912647]],[[14.853494828655093,48.20934460090529],[14.86668600872274,48.20017364220476],[14.866421014013351,48.19117908408568],[14.879872531562427,48.19100115439965],[14.880139854461822,48.19999568234152],[14.89386335205337,48.2088106307815],[14.914047299834005,48.20853838898467],[14.927227580337542,48.19936055922663],[14.926814409317153,48.18586891696396],[14.913091381413746,48.17705778184857],[14.892919655003952,48.17732986210402],[14.885793352103661,48.163927878246355],[14.90595991549229,48.163657034349896],[14.906231612384573,48.17265159552909],[14.939847894120641,48.17219233015322],[14.9395703832449,48.163197846845854],[14.946292405206806,48.16310484221167],[14.939015649422757,48.14520878736561],[14.959174670050595,48.144928701347006],[14.966176261868736,48.15382904321431],[15.006500468537787,48.15325594028766],[15.000355680215844,48.17134113886496],[15.01409198442993,48.18014198010858],[15.04084060141422,48.17525327708267],[15.034558131410321,48.18884305547121],[15.00751253881915,48.18473604177707],[14.994350157059014,48.1939230229308],[14.986766840027952,48.1670358342987],[14.959736376738169,48.162917665826285],[14.946571078842078,48.17209930974678],[14.946849848922351,48.181093746025525],[14.960579665886721,48.18990087919264],[14.94068100320443,48.19917559166155],[14.941375922040704,48.22166142369638],[14.92805456640756,48.22634362755146],[14.914594059264012,48.22652713121884],[14.900726847751327,48.21321748600229],[14.853494828655093,48.20934460090529]],[[15.728754503101358,48.21262153882019],[15.708368889059722,48.208539185981735],[15.735065681563382,48.2034908948051],[15.728754503101358,48.21262153882019]],[[16.47266291588068,48.041855284661274],[16.49304219152475,48.04580366192217],[16.500837524972596,48.06359938412151],[16.534362159728932,48.06267878357309],[16.50165745082483,48.07708326693008],[16.509460413443005,48.09487821629767],[16.54300503885201,48.09395512932192],[16.548603739222074,48.0757913830792],[16.582976526771716,48.088340219099386],[16.591090233061877,48.11062396870469],[16.58437942664188,48.11081214221992],[16.578789449061432,48.12897738705561],[16.592497239043777,48.133095613690905],[16.600904379607496,48.159872583308484],[16.55360515119336,48.15669122760245],[16.547999483556186,48.174854680562454],[16.521397781954562,48.18008945941681],[16.522224881540374,48.19357262349609],[16.461186272778097,48.18622723939031],[16.46064546071699,48.1772381597059],[16.494244108880267,48.17632921030161],[16.50014238924818,48.162662850275666],[16.533454345501696,48.15724806829503],[16.54605535332758,48.143394055244386],[16.538509415335255,48.1300963269288],[16.498227659751812,48.131201287489105],[16.490150515748155,48.10891122475662],[16.476457208025277,48.10478087985098],[16.475914604725276,48.09579160157862],[16.461955849915462,48.08716486819003],[16.460876203623258,48.06918603370598],[16.440490220474135,48.06523203071777],[16.460336659921314,48.06019657058348],[16.47320439653466,48.05084474675293],[16.47266291588068,48.041855284661274]],[[16.43995423562259,48.056242460810594],[16.414199536310534,48.07493722755213],[16.393814851168226,48.0709750252657],[16.399198675430082,48.048323474609106],[16.426012032704183,48.0476112830618],[16.426545522800293,48.05660094386247],[16.43995423562259,48.056242460810594]],[[16.764175951119064,48.186683087863855],[16.763286198190524,48.17320167514936],[16.777020231127388,48.177298033231025],[16.77089588662933,48.18648452119974],[16.764175951119064,48.186683087863855]],[[16.191321050620083,48.175169605924424],[16.2099902760051,48.147701337275386],[16.236857396767515,48.1470329442355],[16.24583877567319,48.18732032747459],[16.239116881458905,48.187488525385376],[16.23961946698828,48.196478564192844],[16.20575512760935,48.19281877645691],[16.198041505103,48.17500417211889],[16.191321050620083,48.175169605924424]],[[13.022960273400777,48.2143263019983],[12.996040197455718,48.21425066345534],[13.002856817987851,48.2007758917241],[13.056683096255172,48.200917782875585],[13.076957805475155,48.18297203771619],[13.09040978338773,48.18300126895347],[13.090367228961387,48.19199755348271],[13.076912921814793,48.19196831727455],[13.076868022593155,48.200964565719836],[13.063387780206467,48.205431876500036],[13.070070583476847,48.21444367087817],[13.049806014758241,48.22788993384178],[13.022960273400777,48.2143263019983]],[[13.18449522039551,48.21015112306196],[13.204683818927293,48.21017570979495],[13.231601977499816,48.21020303843939],[13.204638252269381,48.22816812226758],[13.184468943462006,48.219147340997836],[13.18449522039551,48.21015112306196]],[[13.130605655140908,48.22356271227186],[13.117162120027466,48.21904004644111],[13.130623461624388,48.21906462224648],[13.130605655140908,48.22356271227186]],[[14.644571611504551,48.19838762702183],[14.631453894393449,48.212030848486044],[14.591189131083173,48.216971223920716],[14.58359520285006,48.18106315149441],[14.563420389771974,48.18127801975489],[14.563101795221607,48.167785139524206],[14.549550319884812,48.163428748695125],[14.542410149013518,48.14550807357877],[14.528969376911057,48.14564694318525],[14.535067567995313,48.118591364994],[14.548501334509826,48.118451788434356],[14.555534437764072,48.13187456623714],[14.589018815077829,48.12701910766167],[14.60873234933905,48.10880907721186],[14.608292524886245,48.090818244857026],[14.601469969364004,48.086393956651165],[14.614895244165924,48.08624669196615],[14.621830008622453,48.095167897029235],[14.648571482818165,48.09036941913148],[14.655512567788639,48.09928859664686],[14.689083527896198,48.09890188142738],[14.669401876323757,48.1171256199869],[14.676465988586422,48.13054106087725],[14.703338805610056,48.13022761656766],[14.716417042936667,48.11657587132659],[14.723613175789424,48.13448599203032],[14.66997840544166,48.139613632248086],[14.642761534119902,48.126426488712674],[14.61611166755074,48.135721208903114],[14.609723066805811,48.14928801673127],[14.596390513855027,48.15393231298966],[14.59682675245234,48.171922775120834],[14.61038440225243,48.1762736351625],[14.630333062033856,48.167055474394125],[14.650615809606911,48.1713265402414],[14.637393874946095,48.18047304316112],[14.644571611504551,48.19838762702183]],[[14.601469969364004,48.086393956651165],[14.58122434498695,48.08211418142703],[14.581009259100023,48.073118643484655],[14.601142096160897,48.07290071593061],[14.601469969364004,48.086393956651165]],[[14.58122434498695,48.08211418142703],[14.57461919397509,48.08668382353219],[14.574512202888592,48.082186059239454],[14.58122434498695,48.08211418142703]],[[14.650502068884865,48.16682898681317],[14.684000057113037,48.16194619661025],[14.683766860906351,48.15295111654778],[14.69048798005453,48.15287291675212],[14.690956778748484,48.17086301954395],[14.650502068884865,48.16682898681317]],[[14.731659300834323,48.18387786389325],[14.73777773778148,48.16130959805791],[14.751099528782943,48.15664908932227],[14.75061005479956,48.13865913918907],[14.74376912980899,48.13424330580638],[14.763801438599018,48.12949961966306],[14.784205686456657,48.13824490542228],[14.784456190427168,48.14723982549631],[14.764418931288908,48.151987044563135],[14.764666077904586,48.160981961138354],[14.812102937261374,48.17388578512915],[14.805888061775903,48.19196049899894],[14.778983950536274,48.1922976733486],[14.7726309448252,48.20587312474414],[14.759052007270913,48.20154125664226],[14.758559357521076,48.18355164496079],[14.751711847694253,48.179136353959485],[14.731659300834323,48.18387786389325]],[[15.00136437879142,48.202821077489865],[14.994493724748935,48.19842014933865],[15.001220204164468,48.19832396722548],[15.00136437879142,48.202821077489865]],[[13.850713493236546,48.20911136070886],[13.837211563984585,48.204672113458074],[13.85066893495941,48.20461332784246],[13.850713493236546,48.20911136070886]],[[14.46283646375565,48.195792882566],[14.449478869124343,48.200420222468026],[14.449189745293644,48.186927143085185],[14.462641402551883,48.18679751042829],[14.46283646375565,48.195792882566]],[[14.449189745293644,48.186927143085185],[14.44236813237055,48.18249366121235],[14.449093404039417,48.18242943427899],[14.449189745293644,48.186927143085185]],[[15.329749653540652,48.1661540219302],[15.337163814310895,48.18402522225653],[15.290264712331531,48.189323163852734],[15.310096999782804,48.17998866051086],[15.309413878047808,48.16200168766519],[15.329749653540652,48.1661540219302]],[[15.781084709897092,48.18002980873558],[15.780661601811612,48.171037887703456],[15.800611654184243,48.16611575662183],[15.79452926605023,48.179746019738005],[15.781084709897092,48.18002980873558]],[[15.148725486641684,48.18261865960391],[15.135432869610439,48.187324673168604],[15.12839779407127,48.178434669141836],[15.141688774452783,48.17372944455067],[15.142001324638855,48.18272337888491],[15.148725486641684,48.18261865960391]],[[15.451466218291262,48.18200008204137],[15.444560314246191,48.177625797465964],[15.451283155196037,48.17750356932912],[15.451466218291262,48.18200008204137]],[[13.00288567763304,48.196277787440366],[12.982763849324096,48.18722193518858],[13.009669902918542,48.187300650160864],[13.00288567763304,48.196277787440366]],[[14.281120466303005,48.192913986273126],[14.280956873188888,48.18391832398645],[14.294325202648084,48.1793103329539],[14.29449109571499,48.18830599215003],[14.281120466303005,48.192913986273126]],[[13.682359902562487,48.19174186374831],[13.675603421505443,48.18726359017502],[13.682329933207342,48.187243746815504],[13.682359902562487,48.19174186374831]],[[14.361752383393943,48.18773179811289],[14.348212635065035,48.18335196447535],[14.361663608751323,48.18323402108587],[14.361752383393943,48.18773179811289]],[[15.43765557269133,48.173251095203284],[15.43711015430517,48.159761423587135],[15.44383070263199,48.15963962579071],[15.444377864009995,48.17312926642515],[15.43765557269133,48.173251095203284]],[[15.860657485023678,48.15582460738292],[15.84093375890431,48.16525294092648],[15.827493206168942,48.16554210148515],[15.83313333736434,48.142918218328155],[15.86022081440612,48.146832899037484],[15.860657485023678,48.15582460738292]],[[14.368299731351737,48.17867668569972],[14.37511452099468,48.18311452055784],[14.368389072603724,48.183174465463516],[14.368299731351737,48.17867668569972]],[[14.375024597775726,48.1786167458762],[14.381658959119418,48.17405863947769],[14.381749448641605,48.1785564168037],[14.375024597775726,48.1786167458762]],[[14.206898531530356,48.179998463467015],[14.200098530976941,48.175550767825],[14.206823171670633,48.17550056388871],[14.206898531530356,48.179998463467015]],[[13.090516104952684,48.16051042298131],[13.090431055070336,48.17850311509164],[13.07698024147238,48.178473886339404],[13.070346873195646,48.16046601099034],[13.090516104952684,48.16051042298131]],[[15.141376332397824,48.164735478751325],[15.13449886954684,48.16034277004267],[15.14122015190199,48.16023848412213],[15.141376332397824,48.164735478751325]],[[16.102275743481247,48.14581735299781],[16.088603700315826,48.141641337710475],[16.102036545102283,48.14132196198969],[16.102275743481247,48.14581735299781]],[[13.03675747441737,48.15588602610238],[13.02320423914233,48.17384325108773],[12.989610360369916,48.16924965463947],[13.009811165977931,48.16480992697215],[13.009867636955462,48.155813584216105],[13.03675747441737,48.15588602610238]],[[13.917602858524237,48.17280976974923],[13.917502236199372,48.16381362577281],[13.897283576218785,48.15941473708384],[13.930948930804266,48.163745544402715],[13.931051880426233,48.1727416768381],[13.917602858524237,48.17280976974923]],[[15.88709172956386,48.146245445539705],[15.880154038676082,48.1418970631903],[15.886871130406645,48.14174962930153],[15.88709172956386,48.146245445539705]],[[14.199949013983797,48.16655493702673],[14.206597170306576,48.16200681894908],[14.206672491062122,48.16650474160182],[14.199949013983797,48.16655493702673]],[[14.199874274884959,48.16205701011895],[14.19307722192471,48.15760887337575],[14.19979954871347,48.15755907557595],[14.199874274884959,48.16205701011895]],[[16.370395313505508,48.130113264787404],[16.36341950825935,48.12579381885054],[16.370133019967362,48.12561842683272],[16.370395313505508,48.130113264787404]],[[13.319100916239817,48.16526716954211],[13.319103869738633,48.15627074897269],[13.332549006632043,48.156271946452435],[13.332548380023567,48.16526836723571],[13.319100916239817,48.16526716954211]],[[13.762862949507577,48.16448466887408],[13.76278911783369,48.155488380701165],[13.769511480836302,48.15546349029923],[13.76958647584894,48.16445977425424],[13.762862949507577,48.16448466887408]],[[15.771201333846435,48.11273076046628],[15.803915966764928,48.09403706821081],[15.803489614041558,48.085044947720284],[15.78964567145608,48.076337586293086],[15.7762277880305,48.07662082258498],[15.769939209312131,48.085754129102924],[15.736387896964604,48.08645360392504],[15.730298001837616,48.100080896970425],[15.737010109460188,48.09994213154963],[15.738255502266936,48.12691898174957],[15.745179322306841,48.13127586016034],[15.711803726121767,48.13646430988885],[15.711392947958704,48.12747199430596],[15.718108640019684,48.12733432403823],[15.717696844243045,48.118342000873504],[15.710982311760914,48.11847964780509],[15.716873679491123,48.10035726267055],[15.70995634188191,48.09599864775411],[15.683312253528209,48.10104138012102],[15.677409119287566,48.119162054600494],[15.643635584553573,48.11533844838928],[15.6300086011086,48.11110845351526],[15.635728638958259,48.08849378521674],[15.608295959292562,48.07553382953959],[15.615005220088957,48.075402122400575],[15.614611636588455,48.06640927567299],[15.634537265964228,48.0615154915467],[15.642041080587111,48.079367778877476],[15.668879548114266,48.07883081098215],[15.675387026069762,48.074199288029696],[15.66787252881925,48.056349128265126],[15.74897478463433,48.06819026511705],[15.76867839182562,48.058777228151754],[15.768258409434473,48.04978486896914],[15.794868045613505,48.04472254181642],[15.808491017869056,48.04893326409618],[15.80934500648368,48.066917664465336],[15.8227602083804,48.06663059500539],[15.829898440499422,48.075478561020375],[15.809985885018316,48.08040588730806],[15.810840906319438,48.098390079752264],[15.817767004183475,48.102742671093615],[15.798055631439974,48.11216390368484],[15.785898946989978,48.13942432094021],[15.765747623020015,48.13984793085453],[15.771201333846435,48.11273076046628]],[[13.379610740737537,48.16076209283364],[13.386329548481424,48.15626117025879],[13.386333888582906,48.16075938354765],[13.379610740737537,48.16076209283364]],[[13.379606982307736,48.15626387931764],[13.37288123927548,48.15176797796124],[13.379603224524217,48.15176565824922],[13.379606982307736,48.15626387931764]],[[14.83098011150013,48.12865379560668],[14.851657435083034,48.14638204612455],[14.865229672094157,48.15070318390248],[14.82477720360115,48.146729825207615],[14.83098011150013,48.12865379560668]],[[15.483410285008597,48.140914625461164],[15.483038956741217,48.13192155546442],[15.496472609659026,48.13167225337572],[15.496846259060822,48.140665281102315],[15.483410285008597,48.140914625461164]],[[15.442555096128803,48.128163524078374],[15.449454264693502,48.13253800867339],[15.456354593726127,48.13691207614656],[15.442919397613128,48.13715673470422],[15.442555096128803,48.128163524078374]],[[12.929233826140546,48.15106073988538],[12.922547808646687,48.146538822292335],[12.929269026591598,48.146562571263324],[12.929233826140546,48.15106073988538]],[[12.969564746797092,48.15119507461282],[12.969628165078248,48.142198707046234],[12.976348842226141,48.14221973072354],[12.97628658670996,48.15121610186242],[12.969564746797092,48.15119507461282]],[[13.78291753648062,48.15091439307653],[13.776157705341959,48.146441900853716],[13.782878892349697,48.14641623653106],[13.78291753648062,48.15091439307653]],[[14.098699450621224,48.140273131515045],[14.098831375627103,48.14926917327664],[14.092110029971595,48.14931312676661],[14.091979267474926,48.14031707755451],[14.098699450621224,48.140273131515045]],[[14.098699450621224,48.140273131515045],[14.105353095867446,48.13573076810508],[14.105419622364957,48.140228796476656],[14.098699450621224,48.140273131515045]],[[14.105353095867446,48.13573076810508],[14.11200557901602,48.13118801581599],[14.112072675010218,48.135686047859366],[14.105353095867446,48.13573076810508]],[[14.111871421819243,48.122191929453365],[14.12537529423273,48.12659938431393],[14.125443540413654,48.1310974161131],[14.11200557901602,48.13118801581599],[14.111871421819243,48.122191929453365]],[[13.177957525161197,48.14716776254508],[13.178012249193582,48.129174807615215],[13.184731303101762,48.12918376854554],[13.184678903920032,48.147176726526915],[13.177957525161197,48.14716776254508]],[[13.312389531198203,48.13827663537116],[13.292225005821487,48.1427689985819],[13.292232606481692,48.133772504126654],[13.312389531198203,48.13827663537116]],[[14.313738742504361,48.13866147246989],[14.30693501605863,48.13421996564848],[14.313654203487518,48.134163576948275],[14.313738742504361,48.13866147246989]],[[16.207755161058625,48.10724459643224],[16.21421808093005,48.10258298943158],[16.214466791458488,48.10707820797398],[16.207755161058625,48.10724459643224]],[[16.207507029418036,48.102749363790515],[16.16699520816542,48.09924413248511],[16.159796490159344,48.09041707584062],[16.207010894682348,48.09375887531396],[16.207507029418036,48.102749363790515]],[[14.441315873495151,48.13301829629951],[14.44102924102257,48.11952485621108],[14.447746374947139,48.1194607054626],[14.448034749564181,48.13295412923465],[14.441315873495151,48.13301829629951]],[[15.415329433732865,48.119654770815174],[15.40843484309374,48.11527823799499],[15.415149712774266,48.115158097703734],[15.415329433732865,48.119654770815174]],[[13.110802368945874,48.1335620464049],[13.110841341639231,48.1245655581405],[13.117559786383081,48.12457840749205],[13.117521975698345,48.133574897941706],[13.110802368945874,48.1335620464049]],[[15.838119733934423,48.10680599999951],[15.830975808208986,48.0979586375342],[15.857821822354502,48.097377944597895],[15.851545057928481,48.10651560430931],[15.838119733934423,48.10680599999951]],[[13.540841914261502,48.12910210463788],[13.53410576250306,48.12461550602927],[13.540824217231018,48.12460385339455],[13.540841914261502,48.12910210463788]],[[13.614751082956815,48.12894824411328],[13.608008579869576,48.12446593660695],[13.614726995459618,48.12445000589077],[13.614751082956815,48.12894824411328]],[[13.641627026481803,48.128880626382],[13.655037398111144,48.12434625440056],[13.655064971264725,48.12884448383837],[13.641627026481803,48.128880626382]],[[13.641600615209029,48.12438239388402],[13.634856390995784,48.11990163891749],[13.641574208498904,48.11988415402569],[13.641600615209029,48.12438239388402]],[[13.983950620840817,48.10048422483931],[13.984118616219364,48.113978652513865],[13.997609518625026,48.1184009797283],[13.997723906483063,48.12739720074403],[13.977568080249101,48.12751033776719],[13.977457177166988,48.11851409757716],[13.963967958924759,48.11408942787687],[13.963859435329535,48.105093131257405],[13.983950620840817,48.10048422483931]],[[14.064783332582866,48.1179986452695],[14.064909336019761,48.1269947980834],[14.051472334031777,48.12707838988225],[14.057878816552202,48.104546333568564],[14.071373534745257,48.10896009816992],[14.071500655761954,48.117956273195475],[14.064783332582866,48.1179986452695]],[[14.769775634555042,48.102431671515866],[14.776490096151123,48.10234849229824],[14.776863624767303,48.1158410623036],[14.76355459094649,48.12050459690467],[14.769775634555042,48.102431671515866]],[[14.769775634555042,48.102431671515866],[14.762937844986638,48.098016909967214],[14.769651748011524,48.09793412639577],[14.769775634555042,48.102431671515866]],[[15.420243244472125,48.07456726544794],[15.460867352582454,48.082829818712014],[15.454888864096237,48.10093921660404],[15.461601775298917,48.10081638755417],[15.461969177003516,48.10980962712756],[15.434931307773207,48.10580203795404],[15.434387301795098,48.09231202052633],[15.420603317123032,48.083560718153656],[15.420243244472125,48.07456726544794]],[[15.488825140331462,48.109314342385716],[15.481925741783604,48.10494216176177],[15.488639105011668,48.10481776833912],[15.488825140331462,48.109314342385716]],[[14.13832652672701,48.09502086291878],[14.117980890133595,48.081664115439416],[14.097843048842014,48.081798139799574],[14.097711465357406,48.072801878789406],[14.117845828186624,48.07266787714274],[14.131474767747703,48.08607092376041],[14.158256255066366,48.081385575426594],[14.171825667097695,48.090285766557535],[14.172042341818807,48.10377993203988],[14.158682605680731,48.10837397667542],[14.1656136877063,48.121820259388],[14.152178193594432,48.121915510066444],[14.152037115142507,48.11291944104135],[14.138534534787146,48.1085150669486],[14.13832652672701,48.09502086291878]],[[14.27309578832947,48.12100225929908],[14.266297841439796,48.11655834263417],[14.273014791373614,48.11650430586797],[14.27309578832947,48.12100225929908]],[[13.184757489078738,48.12018724512856],[13.184783665986085,48.111190692391645],[13.191500398917317,48.11119926145102],[13.191475383431815,48.120195815646944],[13.184757489078738,48.12018724512856]],[[13.439957390740075,48.07975478069136],[13.426547636309918,48.08876268452555],[13.39297348065968,48.08428565542958],[13.372843167237347,48.09778874388169],[13.352698121672825,48.09779336369003],[13.339268893579034,48.11128940883121],[13.325835378853066,48.11128899006547],[13.325839843284962,48.08879743946022],[13.312414185394404,48.08429713480467],[13.292262982691849,48.0977862320219],[13.27884286480077,48.088783731767556],[13.25198746523461,48.088767348329505],[13.245250050525094,48.10225722377257],[13.23181887914997,48.102245919903154],[13.225064885691447,48.12023283493294],[13.204922525840129,48.115713515215965],[13.211682893139633,48.097727743952774],[13.198264817357828,48.09321424344616],[13.198288646647464,48.08421760123801],[13.211725910837044,48.079734454418976],[13.211779641082256,48.057242683439924],[13.225208786310313,48.05275793194586],[13.225237521611522,48.039262761731585],[13.238652458035972,48.03927482870394],[13.245375603597193,48.030283462433665],[13.27890718506695,48.03030488956922],[13.285596044981704,48.04830162601722],[13.319142170988655,48.039314613752985],[13.339265413784624,48.05281100721545],[13.339265948672258,48.061807761939754],[13.366107453939662,48.06180393705057],[13.36609711530669,48.043810401213634],[13.35938905665983,48.04381193961498],[13.359385048025016,48.0348151301984],[13.345971245861417,48.03481704170171],[13.339263543008627,48.02132214945065],[13.372786205940502,48.016817966594694],[13.379483315698714,48.00781876332074],[13.392890169575795,48.00781297210678],[13.392924444665368,48.0393019639974],[13.40634545440301,48.04379301590865],[13.4063575733965,48.05278979473164],[13.433186036583848,48.048272050363806],[13.433202792160372,48.05726881213014],[13.446631901629145,48.0617551702155],[13.439957390740075,48.07975478069136]],[[13.392890169575795,48.00781297210678],[13.399588123961367,48.00331104052912],[13.399593595303685,48.00780949440228],[13.392890169575795,48.00781297210678]],[[13.433186036583848,48.048272050363806],[13.439885709243518,48.04376784913038],[13.43989466402935,48.048266239862414],[13.433186036583848,48.048272050363806]],[[13.39973068504783,48.120268613254126],[13.386290521156317,48.1157769141485],[13.399725190128487,48.115770333550934],[13.39973068504783,48.120268613254126]],[[13.890081514019164,48.11446566500854],[13.889985761784267,48.10546930463262],[13.916849038597684,48.10533795691762],[13.916999646254755,48.118832453133955],[13.890081514019164,48.11446566500854]],[[15.031183357854216,48.08540796782895],[15.051615114512654,48.09410633812507],[15.051911620677659,48.10310077202256],[15.018486370640291,48.108089732340545],[15.031183357854216,48.08540796782895]],[[15.031183357854216,48.08540796782895],[15.024325677083297,48.081008612589756],[15.03103693266422,48.080910700120796],[15.031183357854216,48.08540796782895]],[[15.024325677083297,48.081008612589756],[15.01746915510443,48.076608845098455],[15.024179856521895,48.07651132931684],[15.024325677083297,48.081008612589756]],[[15.01746915510443,48.076608845098455],[15.003903619517494,48.07230539628091],[15.003615578900012,48.063310744274844],[15.017033581920511,48.06311692717478],[15.01746915510443,48.076608845098455]],[[15.051911620677659,48.10310077202256],[15.06548915013207,48.10739855579822],[15.052059912186353,48.10759797787307],[15.051911620677659,48.10310077202256]],[[13.527354243151898,48.11563024133502],[13.513904277314538,48.1111533214207],[13.527337716598701,48.11113196616192],[13.527354243151898,48.11563024133502]],[[13.581092523379473,48.11552925899769],[13.567617955751299,48.10656029248749],[13.587766291903675,48.106518348274136],[13.581092523379473,48.11552925899769]],[[14.272933808415452,48.112006345075976],[14.266137050450341,48.10756240455748],[14.272852839451343,48.107508376951],[14.272933808415452,48.112006345075976]],[[14.716178446745044,48.10758070747286],[14.72277380961203,48.10300304433799],[14.722893656903665,48.107500630546575],[14.716178446745044,48.10758070747286]],[[14.716059179569301,48.10308311447657],[14.695797659721126,48.09882337252601],[14.702393705125322,48.09424685388238],[14.701921644539715,48.076256296800516],[14.722055160509822,48.076017373858356],[14.716059179569301,48.10308311447657]],[[13.466887161552732,48.11121581698695],[13.480308174661598,48.1067016170235],[13.480320634451395,48.11119990521475],[13.466887161552732,48.11121581698695]],[[13.433295051096259,48.10675049972287],[13.433278263733595,48.09775389337561],[13.46686456616751,48.10221923066998],[13.466875862885631,48.10671752745148],[13.433295051096259,48.10675049972287]],[[13.433278263733595,48.09775389337561],[13.426555446212175,48.09326100611772],[13.4332698722222,48.09325557940311],[13.433278263733595,48.09775389337561]],[[14.876804955980846,48.08756186282467],[14.910230560480178,48.082613694353874],[14.917488667412831,48.10051195883706],[14.876804955980846,48.08756186282467]],[[13.09077090137901,48.10653162587189],[13.084076583129326,48.10201894610782],[13.090792110533757,48.10203334500461],[13.09077090137901,48.10653162587189]],[[16.23134898224805,48.04813882818944],[16.197087768038777,48.0354857362672],[16.196594070558806,48.02649499462157],[16.216697747418195,48.025996589970525],[16.223897202853344,48.034820308636206],[16.257155963152368,48.029484560439364],[16.264362749815476,48.03830575307384],[16.257660137409477,48.0384750323052],[16.258416725012665,48.05196068483178],[16.27233229156213,48.06061199285062],[16.246012674634315,48.0702790458841],[16.232098898197027,48.061624607307785],[16.23134898224805,48.04813882818944]],[[14.333121958481112,48.09800876258618],[14.326321891666383,48.09356832691399],[14.333035810604345,48.09351081531691],[14.333121958481112,48.09800876258618]],[[16.532982125593794,48.040205883604514],[16.525729653684937,48.03140145724153],[16.512327928531832,48.03176986676992],[16.511779899089664,48.022780530848614],[16.51847963172622,48.022596551056445],[16.517930638015862,48.01360721685747],[16.551145515431053,48.008187062083174],[16.55170017926039,48.01717625412795],[16.57235496192662,48.025605292007846],[16.5871570723713,48.04770231822967],[16.574310581101408,48.05706679463081],[16.56006765041262,48.04395726928954],[16.532982125593794,48.040205883604514]],[[14.077897345716508,48.09542303820903],[14.071119424464479,48.09096766082772],[14.077833254499325,48.09092492165396],[14.077897345716508,48.09542303820903]],[[13.963371542863733,48.06460944033874],[13.949897480908366,48.06018305011635],[13.943292377185903,48.06921484175847],[13.929870106077331,48.06928435605802],[13.943187517898979,48.06021838401579],[13.943030296831742,48.046723645122135],[13.929511366545553,48.037796591084465],[13.949579645509177,48.03319352821907],[13.94973852206909,48.04668832020236],[13.963154945018951,48.0466165053855],[13.963263225247474,48.055612986767976],[13.983503058549722,48.06449876818084],[14.003634487372778,48.064384599939146],[14.003519217028431,48.0553881844661],[14.016820255159029,48.04631371320479],[14.037005087834821,48.05069196720373],[14.037126131081086,48.0596883630581],[14.030416294808374,48.059728746416745],[14.030836217408202,48.09121593439707],[14.01069447255937,48.09133482447986],[14.024003442960574,48.08225964234425],[14.023825215328205,48.068765122900196],[13.963371542863733,48.06460944033874]],[[16.15760281013486,48.04995855336631],[16.164551371448717,48.05429047057861],[16.171501088393345,48.058621964725525],[16.158090000141613,48.0589493886221],[16.15760281013486,48.04995855336631]],[[16.350452217102276,48.01808968132198],[16.358455513750336,48.040390138343476],[16.372122531314872,48.04453450005755],[16.365942478155024,48.053699958361655],[16.339125177684984,48.054398248990026],[16.33782955179608,48.03192303297941],[16.330869587472293,48.02760148246677],[16.350452217102276,48.01808968132198]],[[16.626804319980273,48.03757773678867],[16.65389520804494,48.04130719121789],[16.627372349283863,48.04656647410648],[16.626804319980273,48.03757773678867]],[[14.245518002098374,48.08073408505813],[14.258783278670826,48.07163196480533],[14.258942688253944,48.080628027503714],[14.245518002098374,48.08073408505813]],[[14.648231379543297,48.076876332775406],[14.641407258159644,48.07245437296244],[14.648118050939502,48.072378622949316],[14.648231379543297,48.076876332775406]],[[14.251992997144479,48.06718713234042],[14.231783770785542,48.06284636333593],[14.218516014364361,48.071945421759644],[14.21165351521554,48.06300015212069],[14.25183482886187,48.0581910182214],[14.251992997144479,48.06718713234042]],[[14.35944922487417,48.070787137582236],[14.352650467822492,48.06634820327492],[14.359360848342222,48.06628916719456],[14.35944922487417,48.070787137582236]],[[14.909686818257617,48.06462397386083],[14.89613332334581,48.06030790159969],[14.895998627834333,48.05581043107235],[14.92283145425835,48.055446157215016],[14.909686818257617,48.06462397386083]],[[14.305677385375635,48.066750579764445],[14.29888373955222,48.06230848708924],[14.305593659134933,48.06225256321315],[14.305677385375635,48.066750579764445]],[[16.32904883943894,47.87908687022891],[16.31594120091318,47.88392786630835],[16.31696714496861,47.90190908781876],[16.33728002953709,47.90588502142664],[16.344742318213612,47.919196781082725],[16.385388847810134,47.92713526333496],[16.375415413515654,47.985923623399486],[16.42897790093543,47.984504027024784],[16.436207514280145,47.99331463953961],[16.449599890725047,47.992955031964314],[16.450136888063057,48.001944747362145],[16.436742206645352,48.002304415862],[16.438347390250296,48.029273571031595],[16.424679112419806,48.025137000636356],[16.417181257015592,48.01183085137815],[16.370027700928244,48.0085745403328],[16.369504444662716,47.99958447766958],[16.376201688450067,47.999408726380736],[16.36845847307617,47.981604266628814],[16.34811373348141,47.977633903205565],[16.340383331131818,47.959827442531996],[16.326998717847484,47.9601744187308],[16.32596817432099,47.94219360225716],[16.31902115260663,47.937871215260465],[16.33214204604864,47.93302994668364],[16.331626067960148,47.92403949999469],[16.317993795290068,47.91989020473095],[16.317480381800543,47.910899659461144],[16.303597213914845,47.90225336184543],[16.276350655615285,47.89394649708677],[16.281007141353328,47.85781290030744],[16.294365859096505,47.85747123615831],[16.30181031012498,47.87078595262798],[16.32185308777848,47.870269267838985],[16.32904883943894,47.87908687022891]],[[16.281007141353328,47.85781290030744],[16.274075045411106,47.853487706288234],[16.280753896323645,47.85331746826183],[16.281007141353328,47.85781290030744]],[[16.611988280886944,48.01548570281463],[16.612553514569836,48.02447457907532],[16.605853877054912,48.02466400003107],[16.605289796446346,48.01567509168439],[16.611988280886944,48.01548570281463]],[[16.61142324205388,48.00649679712835],[16.618120525131868,48.006307052958775],[16.610293748534616,47.988518898373265],[16.630378539114883,47.98794869694918],[16.65189215933107,48.00984688115041],[16.611988280886944,48.01548570281463],[16.61142324205388,48.00649679712835]],[[13.85600210373308,48.065140646006505],[13.835826947162962,48.06073090002532],[13.855957211765523,48.06064237770902],[13.85600210373308,48.065140646006505]],[[14.680742634256658,48.036012373816746],[14.714510579512861,48.04461374752171],[14.734269727011943,48.030879597717245],[14.747680305368497,48.03071695767789],[14.754997820029187,48.05312331579785],[14.674498639250825,48.054080932212415],[14.680742634256658,48.036012373816746]],[[16.07478249108451,48.00693393027831],[16.08770606871133,47.99762485804821],[16.086757261439498,47.979642208668814],[16.100148406009893,47.97932303091813],[16.11927514077881,47.96085886995233],[16.146047224084423,47.96021143701947],[16.15322565386961,47.969039731738995],[16.173307608028047,47.968548846430245],[16.18718680742529,47.977210607694985],[16.188908183293034,48.00867872787807],[16.175510050142694,48.00900817217945],[16.175999945900276,48.017999055545914],[16.142256022520385,48.014320514941055],[16.123117809278227,48.03278815254057],[16.08936805656512,48.02909422209562],[16.088655530412627,48.01560739468296],[16.07478249108451,48.00693393027831]],[[12.950067285306243,48.061164775120965],[12.943390997477534,48.05664391247237],[12.950100625944458,48.05666645590422],[12.950067285306243,48.061164775120965]],[[14.070675153705318,48.059480620073],[14.077320923045672,48.05493973301657],[14.070421525663452,48.04148787104833],[14.083836425515258,48.041402084063165],[14.084094686809395,48.05939480400655],[14.070675153705318,48.059480620073]],[[16.705180729840176,48.00380512912644],[16.678682122973605,48.009076218361805],[16.678105658117428,48.00008762241308],[16.705180729840176,48.00380512912644]],[[14.278591119974973,48.05347783660079],[14.278428401054827,48.04448171703986],[14.285136046768873,48.04442697694379],[14.285299923803636,48.05342308722609],[14.278591119974973,48.05347783660079]],[[14.164324861062404,48.040854747254045],[14.177739432265767,48.04075808871075],[14.177884753538567,48.04975435339554],[14.164467866279146,48.04985102832164],[14.164324861062404,48.040854747254045]],[[14.15091024051127,48.04094985274191],[14.15076959992743,48.031953528038244],[14.130582485235184,48.0275950661528],[14.137218968585968,48.023050696762255],[14.136804422054832,47.996061431706245],[14.156696742290354,47.98242595379282],[14.183495814699697,47.98223284952679],[14.177013577632845,47.9957763568991],[14.183788167476624,48.000225685870355],[14.177158648415018,48.00477275697024],[14.143645268907687,48.0050113295741],[14.143854294876702,48.01850594032676],[14.157334009374742,48.02290983347827],[14.157546651674002,48.03640433921705],[14.164253376962119,48.03635659638639],[14.15091024051127,48.04094985274191]],[[16.041519561003522,48.01221734601214],[16.03458683703331,48.00787799722538],[16.041286213604383,48.00772162173113],[16.041519561003522,48.01221734601214]],[[16.309483651004687,48.00564397212267],[16.308970860573,47.996653630088694],[16.322364955401586,47.9963087431984],[16.32288005169428,48.00529902679781],[16.309483651004687,48.00564397212267]],[[14.043286380856156,48.01916362423144],[14.036763126654026,48.03269909257463],[14.009995777077563,48.03735645703756],[14.023053961196812,48.01028814953673],[14.036460909914714,48.01020784611121],[14.036581765331102,48.01920436492516],[14.043286380856156,48.01916362423144]],[[12.96377715432729,48.02072354631503],[12.956973981366689,48.03419690182824],[12.930182104365523,48.02960763525656],[12.943662147073159,48.0206571263942],[12.96377715432729,48.02072354631503]],[[14.68027857254594,48.01802137049801],[14.6938031510646,48.02236272794191],[14.680394557950697,48.02251913161121],[14.68027857254594,48.01802137049801]],[[14.693686009178878,48.01786498008255],[14.700271997425274,48.01328845484552],[14.700389697237895,48.017786202839865],[14.693686009178878,48.01786498008255]],[[16.50153001829714,47.964532529883016],[16.48950402110145,47.98737213678957],[16.462183477232564,47.979109340100685],[16.46083673073979,47.95663497421512],[16.49429336719812,47.95572591962656],[16.494837680478213,47.96471553297892],[16.50153001829714,47.964532529883016]],[[12.916806032068108,48.025061496509586],[12.923547192456901,48.020587213129986],[12.923511583391614,48.02508557927166],[12.916806032068108,48.025061496509586]],[[12.916842219748018,48.02056313241243],[12.90346963163026,48.016015439904095],[12.916914576364341,48.01156638407887],[12.916842219748018,48.02056313241243]],[[13.976295004984436,48.02405184467382],[13.982944474216339,48.01951631816425],[13.983000289286808,48.0240145939149],[13.976295004984436,48.02405184467382]],[[13.976239768459784,48.01955356576747],[13.969480404627594,48.01509213648591],[13.976184541462377,48.0150552801305],[13.976239768459784,48.01955356576747]],[[13.057671837286675,48.01648890897555],[13.04428803026728,48.01195747755232],[13.057695865457083,48.01199049544547],[13.057671837286675,48.01648890897555]],[[14.096791651856758,48.00982727223154],[14.083449367673735,48.01441279844494],[14.076617621433238,48.00545937437821],[14.096660431202366,48.00083079118607],[14.096791651856758,48.00982727223154]],[[16.240745357695097,47.975878118791414],[16.254386110394247,47.980036448901096],[16.240995750123627,47.98037347274674],[16.240745357695097,47.975878118791414]],[[16.25413456589842,47.975541123491986],[16.260577027972232,47.97087672684379],[16.26082910505114,47.975372044901455],[16.25413456589842,47.975541123491986]],[[16.260073004070968,47.96188606992776],[16.273458497170818,47.96154683709475],[16.27371163882225,47.96604214027604],[16.260577027972232,47.97087672684379],[16.260073004070968,47.96188606992776]],[[13.292342519584269,48.00332011525545],[13.305742970133323,48.01232131667553],[13.292334957133248,48.012317017824756],[13.292342519584269,48.00332011525545]],[[14.645855581583257,47.982422963996484],[14.665723855413848,47.97319809661572],[14.6726522831373,47.982116599373136],[14.659482177617264,47.99126621945973],[14.65971046225086,48.000261855137715],[14.633016222545464,48.005063053926214],[14.646194454572225,47.99591648615584],[14.645855581583257,47.982422963996484]],[[14.700036658696282,48.00429293853471],[14.69321764364429,47.999873920818295],[14.699919019769421,47.99979517027395],[14.700036658696282,48.00429293853471]],[[12.923653982767958,48.00709207448342],[12.910284254993103,48.00254514852154],[12.923689567248676,48.00259368162021],[12.923653982767958,48.00709207448342]],[[14.30417252151231,47.98578522922124],[14.317741935919006,47.9946686177258],[14.317911281727286,48.0036648300638],[14.290937002402387,47.99489280489131],[14.30417252151231,47.98578522922124]],[[14.344720605146797,48.003434397315694],[14.33114431549507,47.994554196687254],[14.344459673753237,47.98994012744528],[14.344720605146797,48.003434397315694]],[[13.004207836437551,47.98935700271426],[12.997506844169967,47.98933759134438],[12.997565246809074,47.980340705966185],[13.017664771622897,47.980397766614296],[13.010936881816459,47.98487758345698],[13.010824660079995,48.00287131501242],[12.997419202399659,48.00283287040302],[13.004207836437551,47.98935700271426]],[[12.997565246809074,47.980340705966185],[12.977465767339005,47.98028015460571],[12.977527615317964,47.97128325363091],[12.997652812982203,47.96684532944693],[12.997565246809074,47.980340705966185]],[[14.009240487795378,47.978878781715736],[14.002770928709596,47.99691081575813],[14.009530783302422,48.001370328274895],[13.975853379412072,47.98806542652475],[13.989142065229817,47.97899392981263],[14.009240487795378,47.978878781715736]],[[13.882137371703404,47.997542580199784],[13.868641614207643,47.988608280619054],[13.881996132384824,47.98404748183168],[13.882137371703404,47.997542580199784]],[[14.036098593663093,47.98321813029155],[14.056136452383528,47.97859652898219],[14.056322731933127,47.99209140484457],[14.03621932410225,47.992214728571625],[14.036098593663093,47.98321813029155]],[[14.056136452383528,47.97859652898219],[14.06277318459823,47.97405635446769],[14.062835833895011,47.9785546558799],[14.056136452383528,47.97859652898219]],[[14.06277318459823,47.97405635446769],[14.069408761881208,47.96951579283806],[14.06947197779618,47.97401409712724],[14.06277318459823,47.97405635446769]],[[14.397880604431043,47.98046462971995],[14.404672015882028,47.98490103791411],[14.39797215705894,47.9849626988315],[14.397880604431043,47.98046462971995]],[[14.40439567301172,47.971406826676905],[14.41779187829412,47.971282373004655],[14.417885131378634,47.97578043938777],[14.404579885712868,47.980402974026894],[14.40439567301172,47.971406826676905]],[[13.211983392693368,47.97177240119195],[13.22540007362407,47.96278899189334],[13.232052840288869,47.98528769516557],[13.211951265865409,47.98526786766001],[13.205273319787082,47.97626351275195],[13.165077169332529,47.97621106599786],[13.185201266874405,47.967242043094956],[13.211983392693368,47.97177240119195]],[[13.165091919353031,47.97171257581814],[13.151710279358804,47.96719349781698],[13.165106666826784,47.967214079227695],[13.165091919353031,47.97171257581814]],[[13.319167119868464,47.96284076861078],[13.319171514907929,47.949345189657706],[13.332563975746247,47.94034929798747],[13.352648274068105,47.94034817974318],[13.359349031793169,47.95384264828425],[13.352653955957601,47.95834232280689],[13.372754636614784,47.97183325470489],[13.35265821990566,47.97183786377742],[13.34596110232426,47.98083561996642],[13.32586032882767,47.9853340634126],[13.29236141423294,47.980827743739695],[13.292368967504459,47.97183074968101],[13.319167119868464,47.96284076861078]],[[14.20359498711553,47.98208394907685],[14.203370657681848,47.96858929111155],[14.216842495257485,47.97298632793735],[14.210294685600962,47.982033539932566],[14.20359498711553,47.98208394907685]],[[16.44664971059632,47.94351109193487],[16.43300322620842,47.93937538895276],[16.446381789430756,47.93901614667124],[16.44664971059632,47.94351109193487]],[[14.739400650499787,47.97232801641133],[14.725885247795079,47.96799191444699],[14.739279690742642,47.96783024254079],[14.739400650499787,47.97232801641133]],[[14.089503343474485,47.9693867050505],[14.096070497867437,47.960346301741396],[14.116161481075473,47.9602125836337],[14.102899675411942,47.969298707780894],[14.089503343474485,47.9693867050505]],[[13.446431929771785,47.96728799106507],[13.439724786399301,47.96279567065041],[13.446422425316412,47.96278948171691],[13.446431929771785,47.96728799106507]],[[13.50671579080445,47.96721483641714],[13.486608221015334,47.96274420568048],[13.5067010900843,47.962716333247016],[13.50671579080445,47.96721483641714]],[[13.526810369181407,47.96718347172952],[13.51339870818009,47.962706266968226],[13.52679393638381,47.96268497121047],[13.526810369181407,47.96718347172952]],[[12.970891935929902,47.962265374616585],[12.964226495115062,47.957745565233076],[12.970923418483006,47.95776690352709],[12.970891935929902,47.962265374616585]],[[13.279025550049075,47.92234098880598],[13.279000931231185,47.94483377083407],[13.272300088982432,47.94932880505176],[13.27899107773657,47.95383084014021],[13.258888281489128,47.962816207635726],[13.25893488209174,47.931326450487674],[13.232196294360174,47.91331118998574],[13.218813707567971,47.91329837702179],[13.218864215471584,47.89080540171032],[13.19212298211532,47.88627652985126],[13.185461097528485,47.87727076034994],[13.19214777380863,47.87727929157836],[13.1921725569547,47.86828202999948],[13.20552113267991,47.87729519270372],[13.218894499305675,47.877309545385934],[13.225600215138218,47.868318873210384],[13.279074723842179,47.8773549704411],[13.279055064530008,47.89534944925328],[13.299118876466697,47.89985623135691],[13.299106113654258,47.917850593955215],[13.279025550049075,47.92234098880598]],[[13.279099278872785,47.85486174105275],[13.292466922145632,47.854867574780336],[13.292451880896538,47.87286217183004],[13.285761421024342,47.87735808211008],[13.279074723842179,47.8773549704411],[13.279099278872785,47.85486174105275]],[[13.834793493262774,47.95277025230327],[13.841533263569554,47.95723962549226],[13.84827418816906,47.96170859971143],[13.834879451207676,47.961767117013785],[13.834793493262774,47.95277025230327]],[[13.091658537334125,47.91759793314235],[13.098391311715364,47.90861476592018],[13.111714673593887,47.92213721268616],[13.138501339085373,47.91768752762079],[13.125081306767916,47.92666097937713],[13.125044935716849,47.93565806800696],[13.13841618490527,47.94018027451496],[13.131650979387592,47.95816271439705],[13.098186392099265,47.95360016378786],[13.104902758821249,47.94911523398653],[13.105022271547066,47.922124024951],[13.091658537334125,47.91759793314235]],[[16.14314455683814,47.90626397906482],[16.142178332529227,47.888281282673056],[16.188472577851737,47.87814372917402],[16.18276993095977,47.896291042428786],[16.14958837886131,47.90160566753613],[16.150799760402222,47.92408385544252],[16.123806195096364,47.9202367182921],[16.14314455683814,47.90626397906482]],[[14.37715435972545,47.94916049656831],[14.376885317371727,47.935666069465675],[14.390272418349756,47.935544799843576],[14.390544920642363,47.94903919612077],[14.37715435972545,47.94916049656831]],[[13.19865694843608,47.94476614970502],[13.191974052215057,47.94025945761282],[13.19866879632229,47.94026761143686],[13.19865694843608,47.94476614970502]],[[13.366006953267071,47.88636248035057],[13.365996683308747,47.868367951098335],[13.419452387011622,47.85034713724531],[13.4194667165987,47.859344455063415],[13.399424419679804,47.868354478274604],[13.40612802324262,47.88184652390178],[13.399440752225585,47.881850380578946],[13.399451645256296,47.89084761956003],[13.412835088246267,47.89533812765706],[13.406176225201156,47.917835334520696],[13.412874708868099,47.922329661760664],[13.379416155708785,47.92684559181837],[13.386126402927793,47.94483710891766],[13.366040379097095,47.94484404132217],[13.372732570222599,47.940343573350404],[13.372710530241267,47.90885358746436],[13.359325082287759,47.89985984994992],[13.359319102554593,47.886364014284865],[13.366006953267071,47.88636248035057]],[[14.30333850215654,47.94080355083734],[14.29656144222461,47.93636113937322],[14.303255179228081,47.93630534801885],[14.30333850215654,47.94080355083734]],[[13.439662339722835,47.931305925195055],[13.439680173963852,47.940303026540484],[13.43298541884762,47.94030882529318],[13.432968738044966,47.93131172296992],[13.439662339722835,47.931305925195055]],[[13.439662339722835,47.931305925195055],[13.446346448476772,47.926801180510424],[13.44635593986866,47.93129973991479],[13.439662339722835,47.931305925195055]],[[13.948469808057837,47.938728309568724],[13.95511082841521,47.934194257573616],[13.95516415436695,47.938692668853484],[13.948469808057837,47.938728309568724]],[[13.948417058769465,47.93422989527049],[13.9282846852341,47.929836053978605],[13.934823197333735,47.91630626548414],[13.94825886539456,47.92073461528351],[13.948417058769465,47.93422989527049]],[[14.142462828168968,47.928540759228326],[14.155919201701591,47.93294494151888],[14.142532287675184,47.933039078869655],[14.142462828168968,47.928540759228326]],[[14.155848589228718,47.928446629851244],[14.16247027487761,47.92390067018224],[14.162541451570924,47.928398983997724],[14.155848589228718,47.928446629851244]],[[13.145176731846101,47.92219733981863],[13.151932624917851,47.904213912486355],[13.165312864419283,47.90423446941425],[13.171960573249535,47.91773990155997],[13.198716167420526,47.92227339648636],[13.198692485959667,47.93127051628156],[13.185305306753586,47.931253823903965],[13.17863886102787,47.92224778102207],[13.145176731846101,47.92219733981863]],[[13.921591456426624,47.929870138768585],[13.914848370170118,47.925405394816615],[13.92154103118458,47.925371700354304],[13.921591456426624,47.929870138768585]],[[13.560108229024465,47.922138204833246],[13.566780768875725,47.91762649007634],[13.566800631590251,47.92212504671263],[13.560108229024465,47.922138204833246]],[[13.560088942669623,47.91763964708427],[13.55337840637015,47.9131538517827],[13.560069659632427,47.91314108325768],[13.560088942669623,47.91763964708427]],[[14.075087766664758,47.89749948501964],[14.062022234391543,47.9200762418714],[14.008486889023247,47.92040001099273],[14.015061902149846,47.91136407507525],[14.028443475292706,47.91128469581941],[14.028324270600953,47.90228786434356],[14.075087766664758,47.89749948501964]],[[14.463511860320363,47.916857732864045],[14.463317723702994,47.90786150563083],[14.516734730328752,47.90282902680789],[14.516938047045398,47.911825175716764],[14.463511860320363,47.916857732864045]],[[13.60023984667046,47.91755489399948],[13.593525874210174,47.913071430083455],[13.600217106084408,47.91305633734089],[13.60023984667046,47.91755489399948]],[[14.436557991470021,47.908119412216244],[14.42977385326146,47.90368477071676],[14.43646325150949,47.903621267598155],[14.436557991470021,47.908119412216244]],[[14.161688139387218,47.87441881802518],[14.208415753899029,47.86957344024434],[14.215705093096863,47.905512406293646],[14.17556561667414,47.90581094044695],[14.17542109469748,47.8968142621248],[14.162043471962523,47.896910658984154],[14.161688139387218,47.87441881802518]],[[16.325962009375058,47.825142872038064],[16.311844472804214,47.8120019699544],[16.32493447962584,47.80716134279811],[16.324164295397114,47.79367513323995],[16.33750636536625,47.79332847051814],[16.362630217799992,47.765658467417964],[16.375964895993846,47.765307351962996],[16.370860764051994,47.79245505995693],[16.33776419323817,47.79782385026618],[16.332379550945763,47.820474272401114],[16.385773872045064,47.81907456109834],[16.399648541060774,47.8277111864156],[16.366272148558814,47.82859291221994],[16.3614169768302,47.86023498130076],[16.354737508230937,47.860409885384954],[16.34702217399468,47.84260324622517],[16.326733120167802,47.838628955365486],[16.325962009375058,47.825142872038064]],[[16.020478309351443,47.86416636969731],[16.006886448602785,47.859980345091955],[16.005271979725954,47.82850417172603],[15.99169065713947,47.82431634611618],[15.997909051775755,47.81517035020521],[16.02460795900939,47.81455096981185],[16.03197760279324,47.8278830887975],[16.066305177153946,47.845085747001235],[16.05341548607639,47.85439286199633],[16.052948194169527,47.8454010235955],[16.026233747199566,47.846026939783016],[16.020478309351443,47.86416636969731]],[[16.079897918046914,47.84926479351239],[16.080369878303966,47.85825651257626],[16.066774762717284,47.854077532004865],[16.06653994975644,47.849581642565035],[16.079897918046914,47.84926479351239]],[[13.45957304198245,47.859308554369186],[13.50640760613146,47.87274497228806],[13.506436909133708,47.88174221643343],[13.486401025922467,47.890767271942394],[13.446270576024165,47.89081248686369],[13.446251624196332,47.881815253801285],[13.459604898855304,47.87280447908326],[13.45957304198245,47.859308554369186]],[[16.153363823047314,47.84749449448671],[16.147168739442037,47.85664880962836],[16.127129512974488,47.85713517854136],[16.132839125213263,47.838986253374614],[16.153363823047314,47.84749449448671]],[[16.56094785558938,47.841323803756474],[16.55344169545393,47.82802575605347],[16.5670686395653,47.83214737623832],[16.5865350944689,47.82259513021755],[16.600163229332313,47.82671284808545],[16.607962350776052,47.844502551065275],[16.5943289675581,47.840385774140245],[16.593768853255238,47.83139630734397],[16.573743764793516,47.831960188192376],[16.56094785558938,47.841323803756474]],[[13.051679209684526,47.88601603695569],[13.045016509519455,47.881500780971415],[13.051703693513103,47.88151744287706],[13.051679209684526,47.88601603695569]],[[13.15868386882209,47.886229994695604],[13.14532466716864,47.881710059966416],[13.158699143604933,47.88173138244301],[13.15868386882209,47.886229994695604]],[[13.098514094004903,47.881623236346854],[13.085182875647039,47.8725977264752],[13.105241057356976,47.872639575173004],[13.098514094004903,47.881623236346854]],[[16.219642279105255,47.8368491900436],[16.220146641301064,47.84584456017496],[16.20679041543763,47.846177638022795],[16.20628841087157,47.83718221840345],[16.19293437304696,47.83751370157532],[16.192443244955342,47.82852244350349],[16.219642279105255,47.8368491900436]],[[16.625729289974654,47.8079754095598],[16.67329119624924,47.82011693133299],[16.640208380440917,47.82557244153327],[16.639640544388794,47.81658316255186],[16.625729289974654,47.8079754095598]],[[16.143538881059087,47.789208440250064],[16.13614628905267,47.77588332364225],[16.162580777092877,47.77073618249063],[16.161610357367792,47.752753069850506],[16.154943977498288,47.75291642377652],[16.161125397189934,47.743761480060456],[16.18136503272224,47.747764943439854],[16.188765156489332,47.76108725347142],[16.208766970039346,47.760590165142325],[16.214939890351637,47.75143235359514],[16.22852010594492,47.75559396426417],[16.209013595495495,47.7650858427852],[16.210000520666405,47.78306849655019],[16.216917974078502,47.787397593492656],[16.1842983713397,47.80171357557186],[16.185032650691248,47.81520060341136],[16.171440430854346,47.811033931555194],[16.163794738950532,47.79321494548457],[16.143538881059087,47.789208440250064]],[[16.41808446583597,47.80020647283621],[16.39780645287295,47.79624463111053],[16.417819730223936,47.79571127782999],[16.41808446583597,47.80020647283621]],[[13.492873601969338,47.818779946224424],[13.486220196989809,47.82778620995321],[13.492914024013988,47.832276012731704],[13.419416584535734,47.82785374414854],[13.426073763586919,47.81435263004789],[13.492873601969338,47.818779946224424]],[[13.386014726132704,47.8278730080878],[13.379330640808934,47.823377003484474],[13.386010440789066,47.82337431117651],[13.386014726132704,47.8278730080878]],[[13.53296568010311,47.823217240746466],[13.51959038673639,47.818740563204585],[13.519543097607922,47.80524445748647],[13.532914938331203,47.809721156922585],[13.53296568010311,47.823217240746466]],[[13.345926598876275,47.79639236323139],[13.352600133188828,47.787394128438],[13.37262576542511,47.787389535037285],[13.379315802952904,47.805382160289355],[13.365958233296766,47.800887658663015],[13.332572337679867,47.81888631822044],[13.299176199759666,47.818880444324435],[13.305860636772634,47.80988497021351],[13.325894875432299,47.80988849393861],[13.325896640655243,47.8008910494268],[13.345926598876275,47.79639236323139]],[[13.27916302277187,47.796378687932325],[13.279148325340225,47.80987485922542],[13.259120721990925,47.805364499072525],[13.265828445393511,47.78287509726698],[13.27916302277187,47.796378687932325]],[[16.242859745894464,47.77324469009055],[16.249278332219006,47.76858065164556],[16.249528466327448,47.77307625453556],[16.242859745894464,47.77324469009055]],[[16.242610183276913,47.768749072943336],[16.23569304312391,47.76442147139366],[16.24236066348339,47.764253450108306],[16.242610183276913,47.768749072943336]],[[16.281354125138975,47.74525501798439],[16.27292483350965,47.71395612596686],[16.252441072035694,47.705473019294644],[16.271917661433925,47.69597362447773],[16.271162735335363,47.68248669313692],[16.291387197209815,47.686470913980784],[16.292400861885266,47.70445328454111],[16.299060675363748,47.70428198016492],[16.299823090450843,47.717768658929096],[16.313401373503623,47.72192032672444],[16.32211240883073,47.75771165143155],[16.309545006622663,47.77154297316567],[16.296208301831832,47.7718864029481],[16.289286321144136,47.76756202249087],[16.29493806661258,47.74940883535224],[16.281354125138975,47.74525501798439]],[[16.40956465269671,47.768918064328965],[16.402370484150453,47.76010522081513],[16.382109179446715,47.75614057673875],[16.42210501261323,47.755075839403915],[16.422899843000955,47.76856151883213],[16.40956465269671,47.768918064328965]],[[16.134464197901067,47.744412471326775],[16.108754147156343,47.7630408883739],[16.107564489665307,47.74056137939457],[16.134464197901067,47.744412471326775]],[[16.43437289089019,47.73673697794475],[16.452224169979992,47.70023564442193],[16.479397869514894,47.7085014480878],[16.479937063387982,47.71749174345002],[16.49352949724788,47.721622160810405],[16.46795834175448,47.740330689447326],[16.46876474910283,47.75381610010405],[16.43437289089019,47.73673697794475]],[[16.51542222568648,47.75253746667027],[16.514876584549942,47.743547414946235],[16.52793069826013,47.73868368023878],[16.528478528109247,47.74767368085232],[16.51542222568648,47.75253746667027]],[[16.15797720680923,47.68531561969909],[16.15107807536677,47.68098288038201],[16.15773532874491,47.680819747507584],[16.15797720680923,47.68531561969909]],[[16.17129272848401,47.68498817071316],[16.19077628782822,47.67550249774921],[16.191265698459244,47.684494108222694],[16.17129272848401,47.68498817071316]],[[16.104476149751022,47.682114025241596],[16.097581858354086,47.677778076198294],[16.104238870036472,47.67761803841303],[16.104476149751022,47.682114025241596]],[[15.857687031533617,47.67878641128901],[15.817951955387331,47.68415180709746],[15.810868987020001,47.6753021603402],[15.850598088151877,47.66993920073826],[15.857687031533617,47.67878641128901]],[[15.810868987020001,47.6753021603402],[15.803999897067072,47.67094864394101],[15.810656890985205,47.67080559341472],[15.810868987020001,47.6753021603402]],[[13.172664632722393,47.69280442713616],[13.205958134580115,47.70184460919532],[13.165972283670087,47.70179243378533],[13.159323150789644,47.697283557934384],[13.159383794349926,47.679288192902646],[13.172664632722393,47.69280442713616]],[[16.19596208024889,47.64836219903407],[16.202860627964583,47.65269227812127],[16.196207082221125,47.65285802299067],[16.19596208024889,47.64836219903407]],[[16.20212404140636,47.63920483355851],[16.215427593812603,47.638872273378986],[16.213456118747622,47.602905767090064],[16.23980494057747,47.597743780091186],[16.220350140375192,47.60723483838409],[16.222326499673084,47.64320119351751],[16.229235345973898,47.64753300301059],[16.209514131657826,47.652526148294896],[16.20212404140636,47.63920483355851]],[[15.994759294776085,47.62168137483381],[16.054377045745312,47.615784561312516],[16.054842552145146,47.62477685534696],[16.075028224065,47.62879910098335],[16.061726358070555,47.6291154153465],[16.042700359659833,47.647571618728534],[16.016086572261017,47.648195222259346],[15.995214646788451,47.63067389647507],[15.994759294776085,47.62168137483381]],[[16.16886442677752,47.64002949890427],[16.1553188253392,47.63586074883058],[16.16862182522439,47.63553360449014],[16.16886442677752,47.64002949890427]],[[16.261747110915266,47.63320375285552],[16.261246125796628,47.62421230102774],[16.254596341056263,47.62438142105643],[16.25409666377394,47.615389921394794],[16.267644871183492,47.619547077472596],[16.268397989553545,47.63303421940797],[16.261747110915266,47.63320375285552]],[[15.915395456921994,47.63249327076443],[15.921825826642381,47.62784737341141],[15.922047266351502,47.6323437731624],[15.915395456921994,47.63249327076443]],[[15.855311730625946,47.62932490310507],[15.848229861308988,47.62047745087645],[15.821627586703949,47.62105604800058],[15.807691357145446,47.607853150603745],[15.781095033381819,47.608422366594596],[15.773819839147574,47.59507360053071],[15.747435985780491,47.60013173313891],[15.720230754481523,47.58719658450959],[15.693643956893359,47.58774555907719],[15.686192784226161,47.56989432327487],[15.66645837697844,47.5747976441325],[15.652969698432637,47.5705697348171],[15.645534762725427,47.552715803371925],[15.612322012924315,47.5533794539996],[15.61173821334917,47.53988834667705],[15.591236871053741,47.52679058021805],[15.537744818479137,47.51882832294224],[15.538121183944515,47.52782268009352],[15.531481577331167,47.527949963417115],[15.524467840430875,47.51908246231886],[15.470628974874783,47.50209446553581],[15.476534016755084,47.48398149871289],[15.503255690489235,47.48798004326884],[15.509519066444723,47.47885988103176],[15.52923210767658,47.473983460392716],[15.528109099811978,47.44700000902119],[15.534738517826685,47.44687291935291],[15.527361066318559,47.4290109714709],[15.514106654526117,47.42926391416883],[15.50822065467202,47.44737897591743],[15.494961532961662,47.447629702063786],[15.495330088306813,47.45662430659794],[15.475437778331314,47.456997581225316],[15.469171102917615,47.466115913051404],[15.442642939124154,47.46660678769778],[15.435473114804669,47.453236374278426],[15.402673336706723,47.46283414589414],[15.395689947937493,47.45395868431091],[15.375797958269162,47.454314658485586],[15.375101792337142,47.43632468167098],[15.35487180349458,47.42768201424516],[15.34772952532178,47.4143060372317],[15.321395661351398,47.41926639832685],[15.32190382874229,47.43275916285843],[15.302019350655373,47.43310232692161],[15.307470124841533,47.40150502421927],[15.320549293153862,47.39677839269498],[15.306797947482128,47.38351449827435],[15.254148332233015,47.39341037460025],[15.227171139443042,47.38035822881795],[15.200683973917537,47.38079308731248],[15.187755896714659,47.39000382891789],[15.167418306443302,47.37683019883542],[15.16710618233236,47.36783451482108],[15.127689335052484,47.377459435614725],[15.126926135707082,47.35496993787197],[15.106918882202221,47.35078131691953],[15.12646852799984,47.34147620521715],[15.119243921928609,47.32358794986515],[15.046770478614937,47.33369641967117],[15.046479151603485,47.324700367848486],[15.032959890776587,47.31590155216782],[15.006645755375311,47.32078953311132],[15.006361329903859,47.311793366405105],[15.019301854521068,47.30260305513893],[15.045751267824388,47.30221019304999],[15.045169406526247,47.28421800849435],[15.011976230366194,47.28020986993017],[15.012404083352136,47.29370414344379],[14.992570068769771,47.29399357372256],[14.98623954013916,47.30308552050642],[14.966263110527448,47.29887226584452],[14.945878878187647,47.281161001330865],[14.985537575144313,47.28059491387891],[14.985116682626698,47.26710052171959],[14.96501539116351,47.25838889416712],[14.912158853330176,47.25913111962197],[14.91836230894343,47.24554501741376],[14.898280203182374,47.23682162083407],[14.904617911435341,47.22773449319942],[14.9178243725562,47.2275521045521],[14.918093295038757,47.23654856507772],[14.9315731675394,47.24536103758085],[14.957856721486296,47.2404903113819],[14.95744320464993,47.22699576475548],[14.944100349506472,47.22268453827031],[14.9438270783195,47.21368812830614],[14.923752858960281,47.20496918993432],[14.864478360698744,47.210279296795406],[14.851018588949284,47.201458874459654],[14.850632594334746,47.187963907940826],[14.830710396052813,47.183726903098936],[14.817011500658992,47.165905741115814],[14.79087556493673,47.17524244488554],[14.783786950424108,47.1573328595528],[14.80991530499723,47.14799777073641],[14.809540160306096,47.13450261458303],[14.749853242113398,47.12175957956],[14.742785621822483,47.10384738386573],[14.702908966517862,47.09083365731383],[14.702677256088458,47.081836632491004],[14.722198465032376,47.072600560016426],[14.72196356556722,47.06360356729303],[14.75475878374819,47.058699143329164],[14.741236632629734,47.04536721954364],[14.721494005308083,47.04560957059135],[14.70140425115444,47.03235292577864],[14.721024763007868,47.02761556034467],[14.72125934443329,47.036612567051556],[14.754037966475213,47.031708343646045],[14.76085839541333,47.040622979619904],[14.780598986093418,47.040373792164964],[14.793512401857386,47.0312089103478],[14.786564895899136,47.01779779604882],[14.80592357953722,47.00404889734348],[14.832225926625405,47.003705451827784],[14.851567667442328,46.989948771335634],[14.844610913257089,46.97654119707328],[14.857497798164449,46.967369033093334],[14.916903405745806,46.975557442519104],[14.916502336004958,46.96206256132823],[14.90296424407636,46.94874987290526],[14.922670048605035,46.948476008321336],[14.923206803237326,46.966469156050195],[14.936348334903798,46.966284616090874],[14.943326870751939,46.97968656191706],[14.969616232702663,46.97931130103046],[14.970169187589994,46.997304215743284],[14.99646706908468,46.99692273867697],[14.996748135871632,47.005919128086376],[15.01661687214936,47.01012714442401],[15.01060780643941,47.02821695343878],[15.043643437963405,47.032225581421464],[15.043932681392475,47.04122184362621],[15.011033283004117,47.04171147208309],[15.005160153064377,47.064299142464186],[15.058259140455444,47.077008203137545],[15.058551105254073,47.08600441192428],[15.025767310770028,47.0909964107374],[15.01316391190958,47.10918393189348],[14.966630355976008,47.09635962154915],[14.947279672731394,47.110135827160335],[14.927244064098778,47.10141743749057],[14.926974274723738,47.09242091150406],[14.907215040145248,47.092695517454864],[14.900761234113466,47.09728458468043],[14.901292062114575,47.115277750330876],[14.90801463237516,47.11968521975895],[14.927783917345238,47.11941047454493],[14.941235625193581,47.12822188307198],[14.954279898227648,47.12353703163455],[14.954005411108694,47.11454058112425],[14.96746023911764,47.1233488932193],[15.013448405222455,47.11818023996041],[15.020180656437754,47.12258108018821],[15.020752264501802,47.140573641411294],[15.040673369558048,47.144777429501744],[15.053421475818816,47.13108499940052],[15.046250159824268,47.11319179574749],[15.066016273490492,47.11289304444038],[15.07201603801441,47.094800372050294],[15.085188807231761,47.094598602977165],[15.085930565188601,47.1170889217591],[15.092668688956383,47.12148547368824],[15.079785082669963,47.13068424052064],[15.080228989303553,47.144178428484544],[15.054150265273154,47.15357547450712],[15.054441954209873,47.162571653757006],[15.080969335962264,47.16666871103837],[15.088010837041297,47.180061623341565],[15.107801659460968,47.1797556193649],[15.10750081687853,47.17075958996068],[15.114096587348184,47.170656842275356],[15.106448671605747,47.13927343538527],[15.113040527212084,47.13917074846624],[15.11902722218061,47.121075627724366],[15.138490088888338,47.11176825620281],[15.138031636815077,47.09827427338382],[15.157791660260632,47.09795958387946],[15.151820798972109,47.11605676531761],[15.158564250816031,47.12044941563848],[15.184921746941228,47.120024312363775],[15.184608164939892,47.111028455478284],[15.204372657923756,47.11070567769215],[15.204689590173722,47.11970148002225],[15.218027641552034,47.123982232142225],[15.244062718592057,47.114547672280644],[15.251138471892698,47.127930522485684],[15.270908849955042,47.127596191592254],[15.26464595576276,47.13670364040325],[15.271237171430135,47.13659179641693],[15.278817346579011,47.163466291216416],[15.292006346753139,47.163240581258755],[15.285908410499912,47.176846936343715],[15.299267403252921,47.181118152665256],[15.306700755525705,47.20349296493216],[15.287233780340138,47.21282901469171],[15.273867758305798,47.20855639830465],[15.266611513861776,47.19067724783265],[15.213508184123429,47.182563425695164],[15.213986595053916,47.19605702266387],[15.234105073777458,47.204724809292124],[15.23442762025381,47.213720468206986],[15.21478448843001,47.218546313286154],[15.215423291270701,47.23653770991142],[15.307538150995205,47.22598157659927],[15.314644852836349,47.2393603638575],[15.294999526409168,47.24420001158319],[15.295665921420602,47.262190905909875],[15.269567371536011,47.27163714613437],[15.270060894338062,47.2851303931568],[15.296666364122975,47.28917717820336],[15.297000071971192,47.29817258296785],[15.317171021348056,47.30682562520986],[15.337007891077505,47.306479828174346],[15.34293685383325,47.288373269469965],[15.356328631459645,47.29263775387405],[15.349889508955943,47.29725214413519],[15.350575260055358,47.3152426120069],[15.357360631940617,47.31962339629522],[15.350746770777983,47.3197402224781],[15.35108987981271,47.32873543543154],[15.331414655182401,47.33358130785497],[15.325476665765795,47.35168717091754],[15.292553319121424,47.35675591702157],[15.300008560229665,47.379130747878065],[15.31341989729308,47.38340021661854],[15.352807178715022,47.37371133325413],[15.352463484904971,47.364716176684],[15.378419193694224,47.35075354031991],[15.37772349929774,47.33276331714855],[15.38433893083285,47.33264492971735],[15.37737582972495,47.32376818901052],[15.39042949652239,47.31903352328943],[15.38311866736116,47.301162004770916],[15.369722569393373,47.29690066577473],[15.382073883375458,47.27417654078284],[15.355469435360433,47.27014964980967],[15.335136198116494,47.25700567581838],[15.33479626628436,47.248010344853846],[15.341401196349675,47.24789444118233],[15.340378729120733,47.22090845486642],[15.333607414350777,47.2165266182662],[15.360011259942228,47.21606098540299],[15.366094669470822,47.202450713321],[15.3796401947828,47.21121013476723],[15.354267787331276,47.23866620611411],[15.354610969450592,47.247661486949966],[15.387634890084833,47.2470724112988],[15.408682380245198,47.27819722964967],[15.435116340742645,47.277714215098456],[15.435473530937735,47.28670921242338],[15.422254364101102,47.28695152565131],[15.416175690741436,47.300564677847774],[15.403128892059186,47.305302294973714],[15.403656834662119,47.318794894492015],[15.417238414959275,47.32754974699701],[15.436903507650479,47.32268910056882],[15.429754659661574,47.30931806116088],[15.44923196117813,47.29995778449874],[15.489081703870152,47.30371428937508],[15.502857998335612,47.31695637402699],[15.542348683022658,47.31169954106511],[15.569178306216902,47.32018011393574],[15.563133682004555,47.33380101026131],[15.569748808636996,47.33367189181138],[15.57012930547864,47.34266639645312],[15.623252949598026,47.34611664886865],[15.62247394709093,47.3281279936753],[15.615665539524493,47.323762981713806],[15.582596346916164,47.32441803437838],[15.588443156799327,47.306298856776216],[15.614695508606781,47.30127703107454],[15.613920077783327,47.28328822337781],[15.581067177505942,47.288440038900895],[15.573505870803414,47.26608342834751],[15.625968514457963,47.25604057229672],[15.62674764419149,47.27402934997692],[15.64657002152694,47.27362980027765],[15.652783292561638,47.26450155837752],[15.672800628356462,47.26859460220742],[15.673595876564706,47.28658303358736],[15.654557894860975,47.304975802033965],[15.655347479534141,47.32296428715841],[15.662159061761553,47.32732693484015],[15.64270946557315,47.33672345263577],[15.649915915517818,47.35008107228259],[15.623837549757218,47.35960811002596],[15.62442244869534,47.37309954443789],[15.65791734622818,47.38142655006485],[15.65287622882463,47.41753738036543],[15.666524543833077,47.42626244929979],[15.679777442662832,47.425991864507694],[15.685802503770407,47.412364983593726],[15.705676413409288,47.41195518378886],[15.712909091442414,47.425308691540124],[15.746039875904998,47.42461593174393],[15.751841639582473,47.406488671676264],[15.724735170490586,47.39355414796463],[15.777087556413527,47.378945068424656],[15.776255658327486,47.36095757225096],[15.743165216746904,47.36165908752471],[15.742755110604648,47.3526652025575],[15.749372143041265,47.352525689094605],[15.74193531719499,47.3346773972714],[15.702447420145361,47.34000318161397],[15.722090764286266,47.33509349925974],[15.72168445189474,47.32609950902913],[15.728298212555629,47.32596121456845],[15.720872241906171,47.30811149524307],[15.740092821434093,47.29420467110458],[15.739070430971985,47.27171973073991],[15.76529126127434,47.26666328303351],[15.764052287354039,47.23968154287465],[15.750641233432813,47.235464902830074],[15.749820574714871,47.21747692648999],[15.796229689419716,47.22098635104081],[15.77705045532861,47.23490272489917],[15.7915070757984,47.261600810954185],[15.817928905830566,47.261029173302944],[15.823688102780606,47.24289791441298],[15.836681671030819,47.238112305263265],[15.83113960597925,47.26074106092161],[15.837744902003656,47.260596431352866],[15.845417102682141,47.282935423558314],[15.799159886148779,47.28394290467485],[15.792760574297416,47.28858219127296],[15.8002080764288,47.306427270379125],[15.793596950851041,47.30656972676589],[15.7940153526118,47.3155634784351],[15.760953572278487,47.316270140891454],[15.754958858724967,47.32990114697516],[15.78162347882036,47.333834857484995],[15.775632106585906,47.34746691825809],[15.7890735991901,47.35168056674303],[15.789491587783557,47.36067428519213],[15.78287364080668,47.36081612021489],[15.783290645407495,47.36980985054038],[15.80997753369347,47.373736928601986],[15.822792650082173,47.36445615963258],[15.822157168411474,47.350965767819254],[15.82877377446385,47.3508216593117],[15.814484924390195,47.328625387123296],[15.834964619214738,47.34168360721981],[15.861426033545442,47.34110191101583],[15.860995953047386,47.33210843697887],[15.88062158224669,47.327171515515886],[15.880188348004834,47.31817809872929],[15.873575970979974,47.3183251832819],[15.879322321708248,47.30019123182246],[15.905762469973432,47.29959926735763],[15.905106598111905,47.28610923897967],[15.925371844923363,47.29465464207174],[15.91964189888348,47.31279091857825],[15.939919729082412,47.32133371537639],[15.940806737190565,47.33932007249873],[15.954259301764221,47.34351429674592],[15.961769120652797,47.3613486880092],[15.988690942758994,47.369730591492875],[15.962216607549278,47.370341741771036],[15.949424597260592,47.379638111417],[15.93884676982939,47.43389849278065],[15.87920489515763,47.43523897246438],[15.866382505073307,47.44452596439927],[15.866814421734734,47.45351927604283],[15.880507424066522,47.46221875812136],[15.900179677173226,47.4572785734552],[15.90834628912117,47.48860587634566],[15.934880691024285,47.4880071994254],[15.926698399128046,47.45668178541813],[15.979734026165971,47.45546979517504],[15.98704208819625,47.46880581437157],[16.006934785350936,47.46834372040522],[16.006478835516322,47.45935097277231],[16.02613818064241,47.454389164307194],[16.033227581549028,47.463225904071884],[16.01333704721146,47.463692562837096],[16.013794205227207,47.47268527679909],[16.007162818627442,47.47284008859918],[16.021113278729917,47.48601908437252],[16.00166931581821,47.49547636563389],[16.00258035363616,47.51346177436583],[16.015853348727006,47.5131522990022],[16.023178571226627,47.526485881643154],[16.04309274883594,47.52601751767094],[16.050426664365165,47.539349328727454],[16.030737863616825,47.54431522903211],[16.017227870364184,47.5401301334527],[16.0099022565099,47.52679620376957],[15.956795443893286,47.528022127520174],[15.951050912921831,47.54615934788639],[16.00486067346561,47.55842501001681],[16.005545529703692,47.57191389793162],[15.992257642109877,47.57222217604889],[15.973002213366266,47.58617075314279],[15.97367925441418,47.59965975619479],[15.954184709730102,47.60910878467752],[15.913850153848815,47.60101828606873],[15.899896082156936,47.58782652680862],[15.866664513967095,47.58856376784887],[15.860882260870728,47.60669625011688],[15.91517458597914,47.627996858363964],[15.855311730625946,47.62932490310507]],[[15.006645755375311,47.32078953311132],[15.000172727913693,47.32538414648542],[15.000031041763362,47.32088605882708],[15.006645755375311,47.32078953311132]],[[14.946015850992266,47.28565917528867],[14.939541857902856,47.29025037134915],[14.939405423984692,47.2857521918799],[14.946015850992266,47.28565917528867]],[[14.786564895899136,47.01779779604882],[14.773288458448318,47.01346654251741],[14.786442109114976,47.01329935951868],[14.786564895899136,47.01779779604882]],[[15.34293685383325,47.288373269469965],[15.336156687432839,47.283991613438694],[15.342766109136916,47.283875631355414],[15.34293685383325,47.288373269469965]],[[15.625968514457963,47.25604057229672],[15.6323785013913,47.25141062724862],[15.632573762020579,47.25590781636374],[15.625968514457963,47.25604057229672]],[[15.672800628356462,47.26859460220742],[15.679208036116725,47.26396203351731],[15.679407324859582,47.26845913605387],[15.672800628356462,47.26859460220742]],[[15.65791734622818,47.38142655006485],[15.664339757486383,47.37679487893744],[15.664538205220293,47.38129194678403],[15.65791734622818,47.38142655006485]],[[15.664339757486383,47.37679487893744],[15.6707610416424,47.37216284437801],[15.670960019069387,47.37665990390058],[15.664339757486383,47.37679487893744]],[[15.702044414334036,47.33100912727921],[15.682600559141742,47.34041242736587],[15.668773130112708,47.32719208528185],[15.702044414334036,47.33100912727921]],[[15.898498301249223,47.286257766193685],[15.898062361831633,47.27726437574775],[15.904669536072927,47.27711587364126],[15.905106598111905,47.28610923897967],[15.898498301249223,47.286257766193685]],[[15.979057287007011,47.44198047902759],[15.992312422035198,47.44167372316976],[15.992765801952396,47.45066655234635],[15.979734026165971,47.45546979517504],[15.979057287007011,47.44198047902759]],[[15.992312422035198,47.44167372316976],[16.01836448602784,47.43206287044647],[16.0190511567325,47.44555197356983],[15.992312422035198,47.44167372316976]],[[16.360210980680336,47.60814277655293],[16.360728748952358,47.61713382013662],[16.354080185352153,47.61730869597023],[16.35356355294219,47.6083176227991],[16.360210980680336,47.60814277655293]],[[16.360210980680336,47.60814277655293],[16.36659897865723,47.60347203163156],[16.366858364139436,47.60796754572755],[16.360210980680336,47.60814277655293]],[[16.185647581547478,47.58108939992762],[16.179976248918777,47.599237815922685],[16.160519018357633,47.60872181880692],[16.165229758673792,47.572590587058606],[16.211733289973488,47.57143482916226],[16.185647581547478,47.58108939992762]],[[16.371167723761783,47.56733226965115],[16.378590540035823,47.58064295401343],[16.372206381522403,47.58531438722619],[16.332595082286584,47.59085747431448],[16.331569861138778,47.57287502058617],[16.35149878978902,47.572353142676725],[16.35762479440515,47.56318727849969],[16.371167723761783,47.56733226965115]],[[16.119200340199974,47.58271961706365],[16.118486191107735,47.56923144956892],[16.12512939790268,47.56907019888418],[16.125845249156274,47.582558325449824],[16.119200340199974,47.58271961706365]],[[16.489371914436887,47.541631505658394],[16.495200319431497,47.52796296333984],[16.521202840741637,47.51823803341966],[16.520658640141015,47.50924756092914],[16.554379770926644,47.51731145870635],[16.535293797413058,47.53135413811186],[16.53666147248656,47.55383002263189],[16.49018076638519,47.555117349761545],[16.484078812181355,47.564290288387994],[16.463886789957755,47.560339848150555],[16.463351949548677,47.551349175732064],[16.489371914436887,47.541631505658394]],[[16.224781446723664,47.56660823307973],[16.211487339873127,47.56693896281737],[16.203863558338107,47.54912164446137],[16.224040462303254,47.55312062728808],[16.217883491815858,47.56227647447058],[16.224781446723664,47.56660823307973]],[[16.177301534539783,47.549782566719365],[16.183455198085312,47.54062601964252],[16.20361838500755,47.544625742165515],[16.203863558338107,47.54912164446137],[16.177301534539783,47.549782566719365]],[[16.284563089957782,47.5650878260312],[16.257494196164124,47.55677581505582],[16.26263394560319,47.52963173504135],[16.276160748170877,47.53378795547662],[16.276914822406184,47.547275270944255],[16.283554788901675,47.54710485726728],[16.284563089957782,47.5650878260312]],[[16.26263394560319,47.52963173504135],[16.215913206670724,47.52630946463991],[16.215175043718794,47.51282176611794],[16.261883783016156,47.51614428253508],[16.26263394560319,47.52963173504135]],[[16.316244416716295,47.53725566105108],[16.329009872998753,47.527918574079116],[16.32849840003554,47.5189272330336],[16.34177080021936,47.51858005133541],[16.348921803657458,47.52739713742443],[16.381847187244,47.52202484624408],[16.369092537411777,47.531367820456545],[16.370389196396403,47.5538456341626],[16.3640075621527,47.558516635834984],[16.330033343321176,47.545901205091],[16.329521520730786,47.536909898172134],[16.316244416716295,47.53725566105108]],[[16.157620828037313,47.55477021958415],[16.16450394333367,47.55910268148281],[16.15786211684568,47.559266210717226],[16.157620828037313,47.55477021958415]],[[16.164262087588128,47.55460670418221],[16.170660924565908,47.549946836741725],[16.17090330580845,47.554442804520285],[16.164262087588128,47.55460670418221]],[[16.42192880990585,47.5254556359004],[16.441573491040725,47.52042265752917],[16.454312619699017,47.511071611409406],[16.45377991436737,47.50208081363289],[16.48031434969911,47.50135592192039],[16.480851579098402,47.51034659707701],[16.45484550698537,47.5200623924542],[16.45537857631962,47.52905315654569],[16.43546708877278,47.5295930696114],[16.435996943484785,47.538583907866155],[16.42324789784358,47.54793287203344],[16.396950881318467,47.553140043504555],[16.42192880990585,47.5254556359004]],[[16.149536059652437,47.52795723097909],[16.136738859992498,47.53727428736798],[16.136260134272867,47.52828217549216],[16.149536059652437,47.52795723097909]],[[16.149295625548056,47.52346119625618],[16.155932960403327,47.52329816167983],[16.15496937041761,47.505314036764325],[16.174389392972575,47.4958307913609],[16.173904615974198,47.486838771729616],[16.160156855222297,47.47817444842046],[16.133630063737233,47.47882526796449],[16.133152399491856,47.46983305162923],[16.119415778345985,47.4611638182217],[16.093367773859246,47.47079760603409],[16.09383865545227,47.479789985530005],[16.073708642523815,47.47577093563361],[16.073007587014015,47.46228222822622],[16.09242649263615,47.45281280163784],[16.098112207274106,47.434668246358925],[16.111364794215117,47.434347712477496],[16.112075294051692,47.447836243697836],[16.132197559889214,47.45184857345828],[16.132674898236967,47.46084082005339],[16.14641361643364,47.46950846419395],[16.192826581147234,47.468360323354155],[16.200190352083343,47.481682671720606],[16.21345413331113,47.48135032724542],[16.213945612168967,47.4903421868858],[16.181023167257525,47.49566630415329],[16.181752340435064,47.50915426190867],[16.162811820735897,47.52763075017654],[16.149295625548056,47.52346119625618]],[[16.121317716896716,47.49713287080244],[16.115158332625665,47.50628615460813],[16.06254054694593,47.51655326239153],[16.062074682286532,47.507560811653185],[16.07534583540955,47.50724445105518],[16.074877866349393,47.49825203776013],[16.121317716896716,47.49713287080244]],[[16.339717605549524,47.48261475688169],[16.340230641355646,47.49160610483351],[16.333597856958214,47.491779799488974],[16.33308595165291,47.48278842216055],[16.339717605549524,47.48261475688169]],[[16.339717605549524,47.48261475688169],[16.34609219834276,47.477945042707],[16.346349215675865,47.48244070792442],[16.339717605549524,47.48261475688169]],[[16.31727689903127,47.438177189070686],[16.27014203925911,47.42588811609388],[16.32950750130459,47.41984834943713],[16.33129565831374,47.45131847813941],[16.35832200717491,47.459613241442774],[16.332318421242196,47.469301326516984],[16.318294623491596,47.45616019985648],[16.31727689903127,47.438177189070686]],[[15.270198179945815,47.469647764900124],[15.276499684114832,47.460540349926355],[15.29639468132134,47.460201617716116],[15.283463859481538,47.4694230569468],[15.270198179945815,47.469647764900124]],[[16.370543309926695,47.44128008156408],[16.369766802858937,47.427793148958365],[16.39016152861128,47.43625583539588],[16.39042210092641,47.44075143121309],[16.370543309926695,47.44128008156408]],[[16.07636269522808,47.39917605931451],[16.075895510952165,47.390183497130266],[16.089137060347962,47.38986553272835],[16.08275044132081,47.39452097580942],[16.083687383334237,47.412506019545475],[16.10379400966589,47.416523358507305],[16.104266184755236,47.42551577187256],[16.077297541638853,47.41716114317503],[16.069740733695674,47.39933449365263],[16.07636269522808,47.39917605931451]],[[16.130289833904126,47.415879441308824],[16.13715257609569,47.42021364411714],[16.16389102718624,47.424058088151526],[16.1307665214559,47.42487174576918],[16.130289833904126,47.415879441308824]],[[16.33561961487735,47.41068342102681],[16.34249855565076,47.415005328773915],[16.335875411864116,47.415179157104625],[16.33561961487735,47.41068342102681]],[[16.341729604783236,47.40151815408991],[16.35497237990855,47.401169436329056],[16.355229780075902,47.40566513524318],[16.342242195008698,47.410509607393024],[16.341729604783236,47.40151815408991]],[[15.991179648577388,47.41919158790247],[15.984329047620076,47.41484864216945],[15.990953209749986,47.41469515038565],[15.991179648577388,47.41919158790247]],[[16.049643253591043,47.39531116481265],[16.042790942776847,47.39097170377633],[16.04941193542147,47.39081482867321],[16.049643253591043,47.39531116481265]],[[16.18868668018231,47.39192800700947],[16.18820042123882,47.382935903471505],[16.201439460348524,47.382604942679876],[16.201927972337757,47.391596990250164],[16.18868668018231,47.39192800700947]],[[16.214687437750804,47.382274480418225],[16.21419685022693,47.373282432571166],[16.22081512999109,47.37311564336135],[16.221306843591265,47.382107663002806],[16.214687437750804,47.382274480418225]],[[15.710680873300042,47.37584200795576],[15.717706842659661,47.384698299172065],[15.684600751530715,47.38538286832225],[15.684200440437703,47.37638880442601],[15.71709797388401,47.37120737231139],[15.710680873300042,47.37584200795576]],[[16.180368731393628,47.36062042359768],[16.174477375560233,47.37427315979451],[16.16785883752664,47.37443727189088],[16.167135073698965,47.36094894741123],[16.180368731393628,47.36062042359768]],[[16.080410877891225,47.34955813716961],[16.11915619702115,47.330613181135725],[16.118682335560013,47.32162071433665],[16.131668448331464,47.316801586002896],[16.131192581732254,47.30780915648647],[16.12458223388664,47.30797076572893],[16.123396082449048,47.28548957483472],[16.13000362327767,47.285328033878486],[16.121500336420926,47.249519531586444],[16.128103390970928,47.2493580998189],[16.135896550683754,47.271677445710196],[16.17673859122242,47.29317880647665],[16.17722207476666,47.3021710597944],[16.190440953399815,47.30184136707482],[16.190926847662414,47.31083355345658],[16.177947608558163,47.31565941870981],[16.17867351277168,47.329147751689746],[16.19214230692046,47.33331396893321],[16.192628780285894,47.3423061143533],[16.166170630221288,47.342964470730585],[16.165688654704926,47.33397221401243],[16.151982018982096,47.32530671664332],[16.13214447689306,47.32579400403021],[16.113252366874978,47.344262812185214],[16.093642213463376,47.349239649004474],[16.094582062747456,47.36722471494311],[16.08796416389489,47.36738420435338],[16.080410877891225,47.34955813716961]],[[15.040589709658704,47.347289350557304],[15.047790904835065,47.3651825155658],[15.034695227263045,47.36987796488555],[15.035129615886747,47.383372004974255],[15.008639448113987,47.38376239870932],[15.021597220195092,47.374571911594884],[15.027353744526792,47.34748594776614],[15.040589709658704,47.347289350557304]],[[16.033640395282973,47.34166799541591],[16.05325338691308,47.336701446992166],[16.053947729955556,47.35019051977251],[16.04071591912094,47.350504414155715],[16.040255234488182,47.341511648903335],[16.033640395282973,47.34166799541591]],[[16.252166529457273,47.34080428054291],[16.251669947363403,47.33181234603352],[16.258282912461727,47.331643387888114],[16.258780618783437,47.34063529382906],[16.252166529457273,47.34080428054291]],[[16.044102474707895,47.287398243428534],[16.07169800572693,47.30924986961601],[16.065087297962407,47.3094080362936],[16.06555192890252,47.31840073614181],[16.039104208823225,47.31902968389838],[16.044102474707895,47.287398243428534]],[[16.23745572799605,47.31416509571241],[16.223988185539884,47.31000417995684],[16.237208792432302,47.309669083723094],[16.23745572799605,47.31416509571241]],[[16.374980406906182,47.28807535692397],[16.37575619229274,47.30156250299323],[16.362280993438546,47.297417889570106],[16.362023520536862,47.29292214453039],[16.374980406906182,47.28807535692397]],[[16.374205017165046,47.274588185780026],[16.387675332721454,47.278731403022945],[16.38793491757277,47.28322709695237],[16.374980406906182,47.28807535692397],[16.374205017165046,47.274588185780026]],[[15.945643643136046,47.303196440266156],[15.945199543753873,47.29420324807367],[15.951808701306025,47.29405201849295],[15.952253923938168,47.3030451851159],[15.945643643136046,47.303196440266156]],[[16.256293780121275,47.29567564598109],[16.25579691984119,47.28668368207217],[16.26901149239844,47.28634490441216],[16.269510597257877,47.29533681104636],[16.256293780121275,47.29567564598109]],[[16.08258167961198,47.26396912750839],[16.07667585031073,47.27761697141449],[16.05047955679448,47.282744896305],[16.049556204118215,47.264759292708426],[16.075510737059155,47.25513521459812],[16.075976663530902,47.26412792494474],[16.08258167961198,47.26396912750839]],[[16.180201000916966,47.23456445571175],[16.193160148376734,47.22973829464571],[16.200490797440207,47.243061033587175],[16.220306012720123,47.24256324699278],[16.23961801361514,47.233068583385446],[16.24011162138396,47.24206066652473],[16.214193353279406,47.25172219630561],[16.208322808857933,47.26537690833327],[16.16892502845761,47.2708623011969],[16.168443241449015,47.26186998268209],[16.18801395942442,47.25688027147712],[16.187044316354687,47.23889576096704],[16.180201000916966,47.23456445571175]],[[16.40592617513045,47.25122582227854],[16.35970823325304,47.25246031599834],[16.365538272192506,47.23879782687577],[16.40514343855438,47.23773881191789],[16.40592617513045,47.25122582227854]],[[16.412528561643125,47.251047938062655],[16.41279012269465,47.255543588040595],[16.406187175998554,47.25572148729003],[16.40592617513045,47.25122582227854],[16.412528561643125,47.251047938062655]],[[15.883114599694897,47.2415863712743],[15.883547704408908,47.25057985120816],[15.890151586970902,47.25043218870787],[15.890585960440193,47.25942563414193],[15.877375915456247,47.2597206268441],[15.87651180148074,47.241733626718904],[15.883114599694897,47.2415863712743]],[[15.95663395486042,47.25792773778395],[15.949807072255908,47.25358263961398],[15.956411142130172,47.25343114287299],[15.95663395486042,47.25792773778395]],[[16.29342746407296,47.24969548896229],[16.286574023800938,47.24537054725015],[16.293176073484762,47.24519956824355],[16.29342746407296,47.24969548896229]],[[16.08801653150184,47.241328287857904],[16.081881167433306,47.25048009851949],[16.07527783320746,47.25063885569746],[16.074812144221966,47.24164613057913],[16.08801653150184,47.241328287857904]],[[15.433688794035492,47.24173413125387],[15.440829504051464,47.25510502151088],[15.447614631673323,47.25948047185945],[15.43440232469822,47.259724191644686],[15.43404549872507,47.25072916595631],[15.414053493556704,47.24659426973055],[15.413700214768403,47.23759916930449],[15.433688794035492,47.24173413125387]],[[15.553308627834552,47.257475656523795],[15.546515021944318,47.253106492450534],[15.55312009931974,47.252978334885384],[15.553308627834552,47.257475656523795]],[[15.929774104062297,47.249538188497404],[15.922950510031201,47.24519148047398],[15.929553609192912,47.24504153774655],[15.929774104062297,47.249538188497404]],[[16.265771443648443,47.22789725441848],[16.25966834755576,47.23705865063132],[16.253067205967184,47.237227691086765],[16.252571442321795,47.22823566006552],[16.265771443648443,47.22789725441848]],[[15.525768652227523,47.231001813675206],[15.545575663739912,47.23061979616245],[15.56481411263158,47.21674239338248],[15.578205586063008,47.220980873045576],[15.572554812485555,47.24359698376754],[15.558969107674727,47.23486052922175],[15.539160605546238,47.235244871941674],[15.539722538095305,47.2487369221643],[15.533117957907594,47.248864304397905],[15.532744426060225,47.239869584940564],[15.505592561936927,47.22238556964279],[15.492389783064706,47.22263600221055],[15.49202335540727,47.21364112908045],[15.505039605521977,47.20889332036324],[15.505408211822107,47.217888155279184],[15.525768652227523,47.231001813675206]],[[15.498439912487965,47.20901869588887],[15.491657052207756,47.20464624778025],[15.49825621636013,47.204521264795254],[15.498439912487965,47.20901869588887]],[[16.133041899308246,47.21772255980837],[16.140594096207362,47.23554540561456],[16.113716509420023,47.22719915545014],[16.119843671482315,47.21804561424781],[16.133041899308246,47.21772255980837]],[[15.948918441781924,47.235596184786026],[15.942095073050684,47.23125061595962],[15.948696378516248,47.23109956522587],[15.948918441781924,47.235596184786026]],[[16.07434661345983,47.23265339588854],[16.04794184674593,47.233284390238516],[16.047480954335818,47.22429153955317],[16.06704916108445,47.21932255780192],[16.07434661345983,47.23265339588854]],[[16.311464441804926,47.217709024807725],[16.292170938124592,47.227215860712505],[16.29166862648789,47.218223992539095],[16.311464441804926,47.217709024807725]],[[16.311464441804926,47.217709024807725],[16.317809631329453,47.21304072582479],[16.318062961183617,47.21753660533251],[16.311464441804926,47.217709024807725]],[[15.829867201053139,47.2337600292973],[15.829231484876491,47.22026948254606],[15.83583173640041,47.22012496295284],[15.836469133221822,47.233615473056275],[15.829867201053139,47.2337600292973]],[[16.363994140983326,47.21182320286181],[16.37110740861116,47.22063926534892],[16.351311081477334,47.22116458522471],[16.350798783742924,47.212172975210784],[16.363994140983326,47.21182320286181]],[[15.466345920487026,47.23212723105413],[15.45956275089338,47.22775288303928],[15.46616487113398,47.22762975779294],[15.466345920487026,47.23212723105413]],[[15.928231426420787,47.218061584538894],[15.920972781772141,47.20472140658562],[15.940988122161192,47.20876742060206],[15.9414307897128,47.21776070537965],[15.928231426420787,47.218061584538894]],[[15.67662036217191,47.205499491900746],[15.716010566651102,47.20018257201551],[15.71021914505011,47.218308449335424],[15.677018093962044,47.214493753081705],[15.67662036217191,47.205499491900746]],[[15.881816168233389,47.2146058764592],[15.888198732055976,47.20996156936588],[15.888415568529568,47.21445831376515],[15.881816168233389,47.2146058764592]],[[15.881599891615721,47.21010911958962],[15.874785334330355,47.2057595164997],[15.881383651723352,47.20561236058381],[15.881599891615721,47.21010911958962]],[[15.424953878236577,47.18788486851041],[15.41211194494232,47.197121113250574],[15.404810624200929,47.17925077161289],[15.378252112134485,47.17522915066406],[15.37790538593393,47.166233886308035],[15.41729612039019,47.161020190037114],[15.424421816157135,47.17439219761344],[15.44420838266418,47.174027777181216],[15.450265341454676,47.16041297662752],[15.470046509459467,47.16004406887427],[15.46399467577139,47.17365992108994],[15.470590045609121,47.17353653892536],[15.471677948608418,47.200521429901606],[15.478458630707566,47.20489506790633],[15.46562190759066,47.21413732539361],[15.44564125300579,47.210007948709546],[15.451522274547472,47.191895599837565],[15.424953878236577,47.18788486851041]],[[16.244241447720235,47.196932008427105],[16.2373988524008,47.192604093674134],[16.24399448255413,47.19243595925],[16.244241447720235,47.196932008427105]],[[16.28331710270504,47.186923173329724],[16.275973383857725,47.17360563091658],[16.30893866813325,47.172749983636606],[16.309443479958013,47.181741809205576],[16.29675800689282,47.19107714572329],[16.28331710270504,47.186923173329724]],[[16.30893866813325,47.172749983636606],[16.31527869669727,47.16808180846398],[16.3155315969137,47.17257770979205],[16.30893866813325,47.172749983636606]],[[16.314773024964552,47.15908999974353],[16.327701515104202,47.1542485171693],[16.328463308380982,47.167736145622946],[16.31527869669727,47.16808180846398],[16.314773024964552,47.15908999974353]],[[16.327701515104202,47.1542485171693],[16.320098016157452,47.13643790521255],[16.372288715354223,47.126052302715614],[16.371259019004118,47.108069139897935],[16.36441753149976,47.10374882918731],[16.384169918023137,47.10322123354494],[16.38313663880446,47.085238156239036],[16.376554781074077,47.08541434284777],[16.368944752295075,47.06760692761669],[16.388683647548604,47.06707854634819],[16.387908003465803,47.05359124924281],[16.40132332772371,47.05773291862801],[16.397337956941772,47.10286759845695],[16.384686820308083,47.11221276234043],[16.399155684886896,47.134337709545335],[16.3728038254082,47.13504387345931],[16.360397278651558,47.148882099538],[16.33429208140442,47.15407515757184],[16.327701515104202,47.1542485171693]],[[16.338080407549683,47.104446956838125],[16.317821524438543,47.09597472225718],[16.357064973594547,47.09043644888479],[16.35757715815574,47.09942810626201],[16.36416081708854,47.099253017717984],[16.338080407549683,47.104446956838125]],[[16.395422437951222,47.18396783119804],[16.375381998020277,47.180001611722744],[16.395162703938436,47.1794721133517],[16.395422437951222,47.18396783119804]],[[15.728800148919497,47.19091216698971],[15.741789529396495,47.18613734610412],[15.742198182602753,47.1951313912362],[15.73560079544866,47.19527049254645],[15.728800148919497,47.19091216698971]],[[15.873922979960424,47.187772409929295],[15.880735152304666,47.19212207102422],[15.87413851365386,47.19226918963682],[15.873922979960424,47.187772409929295]],[[15.880303002814104,47.18312853447449],[15.886681907181254,47.178484300263534],[15.899871645036866,47.17818822940871],[15.893711107615367,47.18732994626109],[15.880303002814104,47.18312853447449]],[[16.223717016135797,47.1839470278095],[16.223226731993083,47.174954829606506],[16.229820210029317,47.17478751500109],[16.23031161181438,47.18377968492623],[16.223717016135797,47.1839470278095]],[[14.758736410127504,47.20714778293588],[14.738814364630265,47.20289472525766],[14.758615548442526,47.20264936373572],[14.758736410127504,47.20714778293588]],[[15.953073489588714,47.18598194361365],[15.946256170127942,47.18163660523268],[15.952851281543806,47.18148531320475],[15.953073489588714,47.18598194361365]],[[16.083812301639306,47.16039384056739],[16.077685582647142,47.16954548766079],[16.051542819060824,47.17467370078465],[16.050620987635487,47.156687934222425],[16.07016394337342,47.15171838926744],[16.069236194810035,47.13373274551794],[16.075824988709975,47.13357433675298],[16.07722019742579,47.160552711107144],[16.083812301639306,47.16039384056739]],[[16.23542910884806,47.156635511452414],[16.234937090550073,47.147643346034044],[16.24811713682954,47.14730697989541],[16.248858576526914,47.16079513986898],[16.229574571670657,47.17029142696483],[16.2288379066029,47.156803150891626],[16.23542910884806,47.156635511452414]],[[16.24811713682954,47.14730697989541],[16.25445947635125,47.1426421820156],[16.25470709716214,47.14713822487751],[16.24811713682954,47.14730697989541]],[[14.613077267379447,47.190873115839004],[14.619785403157852,47.195297553394475],[14.613185740902471,47.195371685688066],[14.613077267379447,47.190873115839004]],[[14.61967636928362,47.19079898981091],[14.626165877063285,47.18622592274588],[14.626275452675703,47.19072448174661],[14.61967636928362,47.19079898981091]],[[14.626165877063285,47.18622592274588],[14.632654264441125,47.181652484617054],[14.632764381601524,47.186151038976384],[14.626165877063285,47.18622592274588]],[[15.965594852044271,47.1721883688076],[15.96514846445922,47.16319514566133],[15.971741226756867,47.16304276023121],[15.972188732006385,47.17203595762256],[15.965594852044271,47.1721883688076]],[[16.19635743723175,47.1666269662762],[16.18952269237042,47.16229619418066],[16.196114669624023,47.16213082554707],[16.19635743723175,47.1666269662762]],[[16.40652490015712,47.147647333862764],[16.42629322001156,47.14711242988703],[16.433408163122532,47.155924647909806],[16.38753291760359,47.161666042104244],[16.40652490015712,47.147647333862764]],[[15.91240501107422,47.16440049457955],[15.90559380309327,47.1600527174966],[15.912186343946727,47.15990377833152],[15.91240501107422,47.16440049457955]],[[16.202472682158223,47.157469894882404],[16.195629257941487,47.15313853826512],[16.20222944370506,47.152973742629165],[16.202472682158223,47.157469894882404]],[[14.69863266452068,47.18088270221728],[14.698401286628878,47.1718857186537],[14.724551844973407,47.16257022862919],[14.718425805825131,47.18064431935988],[14.69863266452068,47.18088270221728]],[[15.951296880603527,47.15000884631207],[15.957888042681018,47.149857262328915],[15.958333086007032,47.15885052233854],[15.951740806794113,47.15900213194036],[15.951296880603527,47.15000884631207]],[[15.951296880603527,47.15000884631207],[15.944484332695259,47.145663390587075],[15.951074973979054,47.14551220079599],[15.951296880603527,47.15000884631207]],[[16.009708475283144,47.130644732942436],[16.004025115313695,47.14878549504941],[15.997434219375204,47.148939748858886],[15.983578331020075,47.135757363536776],[15.970399621656444,47.13606312385578],[15.96269603780667,47.11373229003958],[15.988817346248577,47.10862444608837],[15.98290469214554,47.1222675993373],[15.989717381872495,47.12661076288484],[16.022657715114256,47.1258379134616],[16.009708475283144,47.130644732942436]],[[15.988367557218213,47.099631278266536],[15.994952354604848,47.09947754878777],[16.007668854442933,47.090175851011594],[16.0081218346946,47.09916894671358],[15.995403258577948,47.10847069063246],[15.988817346248577,47.10862444608837],[15.988367557218213,47.099631278266536]],[[15.851784506703186,47.13874632772733],[15.844981566960447,47.134394920572475],[15.851571086224551,47.13424948880649],[15.851784506703186,47.13874632772733]],[[15.890890705296053,47.12887212408136],[15.91043834157838,47.12392998442697],[15.911093564555493,47.13742017004548],[15.891324208620544,47.13786565477764],[15.890890705296053,47.12887212408136]],[[16.094889040727285,47.11960773298719],[16.10194514073594,47.128440541055696],[16.082180788451936,47.12891915819139],[16.081714997421255,47.119926376016544],[16.094889040727285,47.11960773298719]],[[15.798436125343798,47.12640838767195],[15.785050980768391,47.12219575495479],[15.79822727773346,47.12191144646211],[15.798436125343798,47.12640838767195]],[[15.666458060049802,47.124685899849986],[15.653083854043274,47.120457756524516],[15.666260409272676,47.120188722654134],[15.666458060049802,47.124685899849986]],[[15.88386972237508,47.12002626910702],[15.870479409944524,47.11582368165908],[15.883653657161153,47.11552948559795],[15.88386972237508,47.12002626910702]],[[16.08148216112142,47.115429982436346],[16.07466339863021,47.11109231019066],[16.08124936428522,47.11093358723089],[16.08148216112142,47.115429982436346]],[[16.232479500357858,47.1026824107692],[16.212969748765012,47.1076798200418],[16.218821650974714,47.09402470524881],[16.238571835158066,47.09352238142725],[16.232479500357858,47.1026824107692]],[[16.430257283076767,47.10197684464965],[16.428946306438743,47.079498519526354],[16.435527255081702,47.07931930174512],[16.43684101535196,47.10179755116094],[16.430257283076767,47.10197684464965]],[[14.393680120625888,47.11212702634223],[14.419854542147021,47.10288150811473],[14.426165641307644,47.08932227874851],[14.459099067549113,47.08900193922351],[14.433031342032516,47.102755246978],[14.439900520063047,47.116187791230644],[14.426812914209862,47.12081360473557],[14.42699799047691,47.129811115529236],[14.374351561920475,47.13480299912016],[14.38085534143001,47.130243903669665],[14.374087341565613,47.121306609892834],[14.393859545897,47.12112459472239],[14.393680120625888,47.11212702634223]],[[16.06668812782537,47.084272087560535],[16.04127419611331,47.10288725337223],[16.040586308941624,47.08939780926866],[16.01379848153847,47.081027929260976],[16.013117858463826,47.06753830589554],[16.02627930991056,47.0672276014166],[16.033545612151414,47.08056118307396],[16.08620291643112,47.07929976759983],[16.086669111480553,47.08829255092507],[16.06668812782537,47.084272087560535]],[[16.085270999983415,47.06131418428857],[16.098196486566636,47.056498757341075],[16.09913269772621,47.07448423819284],[16.092784902815378,47.07914037674027],[16.08620291643112,47.07929976759983],[16.085270999983415,47.06131418428857]],[[16.086669111480553,47.08829255092507],[16.093485925611912,47.0926295091505],[16.086902268246746,47.09278894040893],[16.086669111480553,47.08829255092507]],[[16.093953472135528,47.10162225668427],[16.08713546452065,47.097285328403665],[16.093719679067753,47.09712588367634],[16.093953472135528,47.10162225668427]],[[15.176771145226251,47.0751517342677],[15.176459209128435,47.06615583475494],[15.18962446140604,47.06594197439479],[15.236184996735037,47.07867506146209],[15.23650713002274,47.08767078946588],[15.216910845628137,47.09249703859062],[15.20326424082729,47.07922032870964],[15.176771145226251,47.0751517342677]],[[15.829264271386828,47.080722010156],[15.82247061418656,47.076369244374554],[15.8290529918733,47.07622511502502],[15.829264271386828,47.080722010156]],[[15.972292407531942,47.04148153087572],[15.966160196539489,47.05062723001218],[15.9595813731849,47.050779293928294],[15.959137023662905,47.041785987968524],[15.972292407531942,47.04148153087572]],[[16.12309627056736,47.028878200089025],[16.116285218636296,47.02454300554363],[16.12286033137616,47.02438187381833],[16.12309627056736,47.028878200089025]],[[14.423952237938787,46.981351679154834],[14.489392266419378,46.96720659895082],[14.482529828419676,46.95377697936063],[14.456439668856984,46.963036963376084],[14.456060782188803,46.9450419334471],[14.48243289338834,46.94927824390817],[14.488807274753869,46.940214220939644],[14.482239072474258,46.9402807723625],[14.482045317063973,46.931283300144834],[14.462343942427044,46.93148063949578],[14.449397817327291,46.9406078255091],[14.449209612085614,46.93161029805237],[14.435982249162715,46.927239661058046],[14.455587533930977,46.922548141894],[14.455303776822978,46.90905186606547],[14.468432528178704,46.90892150216208],[14.468049974806915,46.89092651223721],[14.481077521408464,46.886295936631036],[14.5144822041348,46.91295196535896],[14.488320234655692,46.91772056771128],[14.488612409334557,46.93121675996255],[14.514880612875057,46.93094679727804],[14.514681374849188,46.921949381441294],[14.521247274288298,46.921880951848095],[14.521848520337459,46.94887316306148],[14.502140781854568,46.949077414936454],[14.502535285961136,46.96707228727505],[14.522350024723655,46.97136666644132],[14.522651130946743,46.98486276433471],[14.535899943649424,46.989223288269606],[14.52952771594714,46.998289949631825],[14.536204591149062,47.002719345640195],[14.51000038599453,47.00749294982226],[14.503720400904271,47.02105686524582],[14.49036857256092,47.01219386610533],[14.470637235705475,47.012392648050195],[14.424873396501079,47.02633947936335],[14.424596885241936,47.01284314522804],[14.418019629189356,47.01290597882059],[14.423952237938787,46.981351679154834]],[[16.180589752798202,46.99593733196991],[16.199828752741688,46.98644942610378],[16.200313341378422,46.99544180549224],[16.180589752798202,46.99593733196991]],[[16.09469133467672,46.989053037227244],[16.09422465273469,46.980060257897854],[16.100794332302723,46.979900402631024],[16.101262123968066,46.988893154958355],[16.09469133467672,46.989053037227244]],[[14.686530211340184,46.96503213980776],[14.712581176370099,46.95571930561161],[14.712814012836063,46.96471634326501],[14.739216169266683,46.96889295143217],[14.726073354691865,46.9690546673628],[14.72020435310058,46.996126015093736],[14.707054748978713,46.99628552926887],[14.700018219561606,46.97837059631876],[14.673727594855073,46.978683428879066],[14.686758681699684,46.974029229403094],[14.686530211340184,46.96503213980776]],[[15.002900426566585,46.99232823047656],[14.996186097384689,46.98792634685544],[15.00275939672537,46.987830042413506],[15.002900426566585,46.99232823047656]],[[14.404232106037812,46.98153892680828],[14.397568891643614,46.97710177781087],[14.404141743688976,46.9770401282688],[14.404232106037812,46.98153892680828]],[[15.442576816404365,46.96701823945402],[15.442220570717963,46.95802309483244],[15.46174680141593,46.95315804494137],[15.462106316195456,46.962153128454645],[15.442576816404365,46.96701823945402]],[[15.731618099407717,46.96128425906046],[15.730808097534634,46.9432959047066],[15.757072538322877,46.942738325544084],[15.744347536943577,46.95201200637683],[15.744754824820024,46.9610061355421],[15.731618099407717,46.96128425906046]],[[15.218708676685022,46.95745112168994],[15.211980919441741,46.95306201246757],[15.218549495062781,46.95295321666427],[15.218708676685022,46.95745112168994]],[[14.27244427693449,46.96470412366958],[14.259223245025565,46.960312885934364],[14.272365087847298,46.96020522577068],[14.27244427693449,46.96470412366958]],[[14.27189023433697,46.933211833840936],[14.27173205680466,46.924214035459144],[14.284704619511272,46.9151071471787],[14.324179844849395,46.91926961708635],[14.31769698837183,46.923825503914685],[14.318028937501449,46.941820969019055],[14.337819333639182,46.94614754619012],[14.337988752718813,46.9551452484224],[14.29215860744921,46.96453976630306],[14.285506877123284,46.96009604387721],[14.291996909113386,46.95554199800336],[14.285025359875062,46.93310270725793],[14.27189023433697,46.933211833840936]],[[14.738860219680372,46.95539747702988],[14.745549115754015,46.959814553984636],[14.738978849482343,46.95989596883475],[14.738860219680372,46.95539747702988]],[[14.744834307008054,46.93282364043681],[14.757847943955943,46.928161280247956],[14.750922867337088,46.91474796825528],[14.763931553568291,46.91008490992592],[14.764414264190284,46.92807877311923],[14.777912419587006,46.94140797239346],[14.745429930612069,46.95531606905624],[14.744834307008054,46.93282364043681]],[[14.33082970122914,46.9237110733802],[14.33714222965596,46.91015673208245],[14.357008674942431,46.91897881326086],[14.389748101190682,46.91417969450103],[14.383537021503495,46.93223577829513],[14.39667166230299,46.93211372395448],[14.39685098685822,46.941111336452884],[14.377497839655492,46.959289162989485],[14.344644246088958,46.959585894203684],[14.364182554835647,46.950411334649885],[14.363921827931975,46.93691484000846],[14.344217957545382,46.937091662804605],[14.343962357274668,46.92359512218718],[14.33082970122914,46.9237110733802]],[[16.05861213828158,46.926896292184225],[16.045256638521327,46.92271424992073],[16.058382097194812,46.922399826832645],[16.05861213828158,46.926896292184225]],[[14.869991098195344,46.944700360050845],[14.863293781403012,46.94029062245534],[14.869861428364077,46.940202011017],[14.869991098195344,46.944700360050845]],[[15.428021745481564,46.93128063165433],[15.414715135546219,46.92702447657053],[15.427844956861982,46.92678303584382],[15.428021745481564,46.93128063165433]],[[14.40323896002783,46.93205212645931],[14.409897007227903,46.93648894462845],[14.403329169738853,46.936550927573],[14.40323896002783,46.93205212645931]],[[14.409806242511054,46.931990148749264],[14.416282205370136,46.927429000105164],[14.416373509658882,46.93192779082573],[14.409806242511054,46.931990148749264]],[[15.322467352001707,46.9196764914091],[15.309172093725792,46.91540795809937],[15.32229951827214,46.915178735351255],[15.322467352001707,46.9196764914091]],[[13.148775868716111,46.91891793043346],[13.089658447611647,46.92330411047436],[13.089762566810522,46.900807990965994],[13.076656387355019,46.89627947680751],[13.07670022064864,46.88728103520532],[13.017719607819267,46.87363281919638],[12.985064465501441,46.8510398923052],[12.958832937251188,46.85095554065031],[12.952339856042101,46.84193512856228],[12.912999401453833,46.84179495554606],[12.899959580371185,46.832746853344474],[12.886810468867537,46.837194747857524],[12.893254506174655,46.85071808244685],[12.873542051692882,46.855138604143214],[12.873620133094661,46.846140278048566],[12.8670628960539,46.84611330708085],[12.873815221283046,46.82364447155257],[12.867260749810727,46.823617511987194],[12.867418912636593,46.80562088669916],[12.86090673509729,46.80109440459214],[12.900180280944678,46.80575184518574],[12.926493125785681,46.7923522636048],[12.933145714398886,46.77887827533976],[13.005185105788994,46.779112014171524],[13.011652118242026,46.79262857049696],[13.0313043116486,46.792683230733076],[13.051052689326225,46.77473766661415],[13.077225066507872,46.77929987076594],[13.10346075888035,46.77035838424044],[13.109970657913774,46.77937009230896],[13.129618052101158,46.77940767486517],[13.136217745772633,46.765921796249444],[13.142765230437123,46.765933183280005],[13.149249719034982,46.78394106425621],[13.20819708284775,46.784023103736565],[13.214767264973425,46.77503186959314],[13.286806265476834,46.77058701362791],[13.29989936291439,46.77509120060238],[13.306437973365826,46.79309004156167],[13.33264162326584,46.78859465570618],[13.326085393600348,46.82008891923741],[13.3326392509821,46.82458855214185],[13.32608369422232,46.82908739877937],[13.33263895420655,46.82908779225654],[13.332638360495224,46.838086274226065],[13.345751093037682,46.83808592246477],[13.345752712366606,46.847084406522335],[13.32607944320913,46.85158360746668],[13.326077741775787,46.860582094301655],[13.293278458715003,46.865073672346924],[13.286710424957434,46.87406948708259],[13.260467262165902,46.87405499597541],[13.240809053596491,46.86054241593168],[13.181790038189446,46.855978113455926],[13.175190725067859,46.86946668862399],[13.18173790165371,46.87397505464976],[13.227654172155841,46.878527575569976],[13.247315681100444,46.8920424413052],[13.214438998310527,46.91900741647114],[13.201317750418674,46.91449332092769],[13.175013858005528,46.92795676126408],[13.155311605578516,46.92792705895805],[13.148775868716111,46.91891793043346]],[[14.553562081431677,46.899039737582974],[14.553767803044682,46.90803708333719],[14.54074126317643,46.9126760128535],[14.54043598082363,46.89917995865251],[14.553562081431677,46.899039737582974]],[[14.854928552556505,46.87740174624624],[14.849007350416489,46.89998135511184],[14.829319121298242,46.90024242848484],[14.829066889113578,46.89124563949981],[14.854928552556505,46.87740174624624]],[[14.783256930609861,46.89633985759652],[14.776572878837818,46.89192500382696],[14.783134703001318,46.89184141281054],[14.783256930609861,46.89633985759652]],[[15.603361236973287,46.88289905270405],[15.596611287666352,46.878532800894604],[15.603169808514924,46.87840174290287],[15.603361236973287,46.88289905270405]],[[14.310225003818973,46.87439456876464],[14.30997831183434,46.86089795981597],[14.329654127286377,46.860727086388714],[14.342601340901151,46.85161358294006],[14.349672054363795,46.878548158069705],[14.362966959158518,46.887427688486],[14.382652397039912,46.887247610755495],[14.3824756513484,46.87824997838626],[14.389036326374486,46.878189202943894],[14.38868079931088,46.86019396161627],[14.382034048079989,46.8557559018327],[14.421472874475638,46.859884491491265],[14.40206761944873,46.873567712190464],[14.408990049726011,46.891500984277855],[14.35649129599148,46.891985791256516],[14.349757650225383,46.88304699933649],[14.323512296336427,46.88327872553925],[14.310225003818973,46.87439456876464]],[[15.556884472027809,46.8703164042562],[15.543582808714305,46.86607537481585],[15.556697010807163,46.86581901766485],[15.556884472027809,46.8703164042562]],[[15.936731333734134,46.85322771358874],[15.929957898253814,46.84888135984143],[15.936511890605557,46.84873101047822],[15.936731333734134,46.85322771358874]],[[14.520146571364132,46.87239522975569],[14.519846734261332,46.85889912721135],[14.526404860180417,46.8588303987959],[14.526706357868942,46.872326483927374],[14.520146571364132,46.87239522975569]],[[14.21167132520388,46.86620000142336],[14.198479740053882,46.86180168942435],[14.21159741222867,46.86170106426288],[14.21167132520388,46.86620000142336]],[[14.559195233597832,46.858481061626534],[14.56585705918107,46.862908714449226],[14.559298482977608,46.86297972688718],[14.559195233597832,46.858481061626534]],[[14.56575325639222,46.858410055184706],[14.572206923087498,46.8538400161567],[14.57231126167243,46.858338669077106],[14.56575325639222,46.858410055184706]],[[14.26406759460161,46.86128337426153],[14.257431092036374,46.85683800849576],[14.263989266054548,46.856784472708945],[14.26406759460161,46.86128337426153]],[[14.283743697452774,46.861120474981746],[14.270547426857437,46.856730557227024],[14.283663708443797,46.856621587182595],[14.283743697452774,46.861120474981746]],[[15.30011913400749,46.84805521778879],[15.312896384073001,46.838831513640706],[15.313230012719156,46.84782704408964],[15.30011913400749,46.84805521778879]],[[15.568868728108983,46.84307431978263],[15.5621266454633,46.8387060176377],[15.568680351814647,46.8385769557037],[15.568868728108983,46.84307431978263]],[[14.250718500869452,46.84789334459581],[14.231122717383597,46.85254943120533],[14.217932905279659,46.84815338565189],[14.217784085147203,46.839155523447154],[14.250718500869452,46.84789334459581]],[[14.454075822414838,46.850568016264944],[14.434218818226709,46.841762956723606],[14.4603483550618,46.837006846002154],[14.454075822414838,46.850568016264944]],[[14.414550350401454,46.84195199223244],[14.414368372735657,46.83295441841113],[14.434126162629674,46.83726418554037],[14.434218818226709,46.841762956723606],[14.414550350401454,46.84195199223244]],[[14.505743128856778,46.8140483464545],[14.485794243320647,46.80075363515133],[14.485600394770792,46.79175619167324],[14.524899658355677,46.791350031073804],[14.517851692878416,46.76892521954297],[14.531046525140821,46.77328629294237],[14.531550257473516,46.79577969172021],[14.538201960746905,46.80020896215619],[14.525200394223626,46.804846094437245],[14.525501282224582,46.81834216362788],[14.518948133023486,46.81841083983513],[14.519547048913708,46.845403027551754],[14.499484840245126,46.827612020465594],[14.49919048198334,46.81411587879212],[14.505743128856778,46.8140483464545]],[[15.17462937989644,46.82315940321606],[15.174319277832906,46.81416348528934],[15.18742234939755,46.81394987559199],[15.188047076370067,46.83194164094167],[15.168385802365908,46.8322615946798],[15.16807670046961,46.82326565715721],[15.17462937989644,46.82315940321606]],[[14.11937596294258,46.83537958673907],[14.1192438060409,46.8263816054324],[14.125798363708821,46.82633607041054],[14.125931626514568,46.83533404402867],[14.11937596294258,46.83537958673907]],[[14.178234412794845,46.82595812857379],[14.2040128495959,46.79876643528827],[14.217115015389245,46.79866517041135],[14.217412254378289,46.81666087680367],[14.224040422052305,46.821108582025026],[14.211006557155706,46.825709581635046],[14.211154196179963,46.83470744946724],[14.184932081680788,46.83490707968734],[14.184788865999836,46.825909178151576],[14.178234412794845,46.82595812857379]],[[15.829749778381649,46.81061897094707],[15.829329311384138,46.80162517029361],[15.835877777574085,46.801480644588224],[15.836299347394682,46.81047442083889],[15.829749778381649,46.81061897094707]],[[14.237072038186117,46.81650608258327],[14.25673170668111,46.81634787366327],[14.256964717178114,46.82984458073623],[14.230669695164792,46.82555589970861],[14.237072038186117,46.81650608258327]],[[14.466713070346184,46.82794407582031],[14.453509982197248,46.823575488263906],[14.466617697949307,46.82344533334473],[14.466713070346184,46.82794407582031]],[[15.691406312072965,46.7955783676033],[15.692002116900854,46.80906981338066],[15.685452341302796,46.80920601264372],[15.665409990038366,46.80061794685712],[15.66501729791775,46.791623559356466],[15.691406312072965,46.7955783676033]],[[15.45601104903168,46.80923661399213],[15.449282489748411,46.804861602189604],[15.455832305272342,46.804739071665324],[15.45601104903168,46.80923661399213]],[[15.613210610595427,46.806181900874655],[15.606469560183065,46.80181624451375],[15.613018627107332,46.801684616426435],[15.613210610595427,46.806181900874655]],[[13.725920425943483,46.82392004070314],[13.725854665168043,46.81492171901573],[13.752033158308162,46.81032925758322],[13.752103329633528,46.81932756222416],[13.725920425943483,46.82392004070314]],[[14.125531972890782,46.808340130194935],[14.106004756118999,46.81747354277389],[14.099258158707146,46.804020933984795],[14.145120719177738,46.803702323349775],[14.145257184560828,46.81270026745098],[14.125531972890782,46.808340130194935]],[[14.315297049855014,46.793358468800506],[14.334863743350361,46.78868783251194],[14.341582987390604,46.79762748775539],[14.315709995131776,46.815852759012785],[14.302522292099384,46.81146657141847],[14.315462186199651,46.8023561828393],[14.315297049855014,46.793358468800506]],[[14.427110295308854,46.81483369642998],[14.420465999167046,46.81039789769823],[14.427018285887572,46.81033492309126],[14.427110295308854,46.81483369642998]],[[14.033680475747648,46.799944814755854],[14.053213649918307,46.79082388968081],[14.079602611075867,46.804151791371254],[14.07972802665735,46.813149811359615],[14.040291232993624,46.8044032639586],[14.033680475747648,46.799944814755854]],[[14.924939883769373,46.804439004158965],[14.924538067247966,46.79094418118261],[14.93777139314281,46.795257747864305],[14.931490703837094,46.80434682466167],[14.924939883769373,46.804439004158965]],[[15.422731047407504,46.79635274721556],[15.422379285130368,46.78735756321287],[15.428927014018015,46.78723658995736],[15.429279879211258,46.796231753532645],[15.422731047407504,46.79635274721556]],[[15.637856158571855,46.76967364949187],[15.619182688924335,46.79255806401423],[15.605895457942896,46.78832436052433],[15.605130439563167,46.77033518917582],[15.611483923253271,46.76570635860079],[15.637856158571855,46.76967364949187]],[[15.271773530742966,46.79003534420357],[15.284706019640092,46.785312654825546],[15.285034561919575,46.79430825187795],[15.278485651044711,46.79442089647852],[15.271773530742966,46.79003534420357]],[[15.781839464771334,46.76665037740906],[15.730088908965827,46.78126218791385],[15.729685462590073,46.77226803520042],[15.755458061363068,46.76271667062311],[15.755050482608162,46.75372261677562],[15.774062688507007,46.739809832072254],[15.774473362659618,46.74880381057425],[15.808016472081924,46.766080996621824],[15.808849805488446,46.78406873128981],[15.789003759447187,46.779999508813106],[15.781839464771334,46.76665037740906]],[[13.849848273018475,46.76043506596411],[13.902173597342232,46.75568586875789],[13.908864407539232,46.7691501568375],[13.92195977453371,46.7690830693977],[13.934903720030073,46.75551724509499],[13.967686841991984,46.759838203779985],[13.954593801141163,46.75991058641483],[13.941653793936371,46.77347866740858],[13.915460919587519,46.77361588668735],[13.915558593144818,46.782614057409326],[13.902459898594934,46.78268040343486],[13.88950111815583,46.79624252825772],[13.837177151148577,46.80548498098542],[13.817520542141182,46.805570315848954],[13.823990463168263,46.79654399842375],[13.837092652598837,46.796486738809456],[13.836965958157114,46.78298938139733],[13.823867081742048,46.783046626519955],[13.810648169898114,46.769604976481396],[13.77794630856471,46.77423676384077],[13.790851433340013,46.7516891859575],[13.823620505866762,46.75605190649045],[13.823743762657287,46.76954926229691],[13.843387099654716,46.769462847676735],[13.849848273018475,46.76043506596411]],[[13.823620505866762,46.75605190649045],[13.83012501388683,46.75152437371528],[13.830166637074873,46.75602348792252],[13.823620505866762,46.75605190649045]],[[13.529198643952126,46.80192775584593],[13.548818476724179,46.792894079309285],[13.54885434073965,46.80189251693119],[13.529198643952126,46.80192775584593]],[[13.784645911039288,46.79220753543133],[13.784721558325664,46.801205813204355],[13.77161815771987,46.80125700823188],[13.75847911501281,46.796807538111175],[13.75840789831789,46.78780924489491],[13.77802080099152,46.783235039342934],[13.77809531852022,46.79223331826489],[13.784645911039288,46.79220753543133]],[[14.17118680800165,46.794514005704684],[14.18421648598715,46.78991759672586],[14.184359508632467,46.79891548793827],[14.177808370744108,46.79896441357324],[14.17118680800165,46.794514005704684]],[[14.230141748251443,46.794063472211846],[14.216817976737147,46.78066947561887],[14.229840343860324,46.77606781528788],[14.230141748251443,46.794063472211846]],[[14.151466199720975,46.79015839130908],[14.144779756916982,46.78120747586085],[14.164496512513544,46.78556425442808],[14.16456634962942,46.790063211166505],[14.151466199720975,46.79015839130908]],[[13.712018560252023,46.71148555792386],[13.737978439536079,46.68440068030158],[13.783627161971191,46.67073118767223],[13.809929394987313,46.68862090909999],[13.751123078782928,46.69335162857038],[13.751192943602854,46.70234988021337],[13.77084829100371,46.70677519145797],[13.77092149445373,46.71577343864302],[13.75143765566025,46.73384380193419],[13.725296592290922,46.738436114191245],[13.725394959685751,46.751933553972066],[13.738486301556591,46.751887712294725],[13.738588027895734,46.765385149900226],[13.719010578338425,46.77445166929958],[13.712557323383896,46.7879711264259],[13.686356875191237,46.788055286672375],[13.692666510017439,46.75204152578503],[13.666372357296648,46.73412443393286],[13.685855604770204,46.711569597606115],[13.712018560252023,46.71148555792386]],[[13.66640017562583,46.738623594113264],[13.653338749796985,46.74316025289397],[13.653312029155682,46.7386610884218],[13.66640017562583,46.738623594113264]],[[14.681750118339256,46.77609327127315],[14.68152333846579,46.76709620134083],[14.68806996568042,46.76701811349053],[14.68829784856428,46.77601517023702],[14.681750118339256,46.77609327127315]],[[15.323154875440308,46.76214024954944],[15.336413086823066,46.766407128635585],[15.32332230037024,46.76663798673242],[15.323154875440308,46.76214024954944]],[[15.336244559970432,46.76190941094027],[15.342620310382813,46.75729571624201],[15.342789359711452,46.761793423401464],[15.336244559970432,46.76190941094027]],[[15.86648631297575,46.755784091148165],[15.859730955134285,46.751433554713564],[15.866273184418729,46.75128727011489],[15.86648631297575,46.755784091148165]],[[15.951098621996259,46.74485446231259],[15.957860585136443,46.749199534631735],[15.951318866557685,46.749351119281016],[15.951098621996259,46.74485446231259]],[[15.9576397904949,46.74470289045647],[15.963959614375835,46.74005430939841],[15.964180921830772,46.744550940081155],[15.9576397904949,46.74470289045647]],[[15.963295915461115,46.72656442162779],[15.976595962783016,46.73075609107199],[15.976818295310526,46.735252694599545],[15.963959614375835,46.74005430939841],[15.963295915461115,46.72656442162779]],[[14.668205528664641,46.758254147348346],[14.661883342608807,46.767328190906],[14.655336639561629,46.767404762760286],[14.65511434673419,46.758407644139815],[14.668205528664641,46.758254147348346]],[[15.663055820744193,46.74665165475388],[15.66979453199655,46.75101392836652],[15.663251819842042,46.75114884229616],[15.663055820744193,46.74665165475388]],[[15.66959798252138,46.74651675221151],[15.688827967939377,46.73711549152209],[15.695766297839791,46.74597335585367],[15.66959798252138,46.74651675221151]],[[13.614211462136112,46.77025871225436],[13.627258303720533,46.7612273930405],[13.627307380907435,46.77022574532619],[13.614211462136112,46.77025871225436]],[[14.557031014293042,46.76400920643804],[14.563474018550156,46.75943967978413],[14.563577437025824,46.763938325781055],[14.557031014293042,46.76400920643804]],[[14.556928147178057,46.75951055445775],[14.550279959964204,46.755082393154915],[14.556825297388292,46.75501190339474],[14.556928147178057,46.75951055445775]],[[13.16895519565883,46.76597494037109],[13.162422340267742,46.76146585207892],[13.168969283696839,46.76147572186054],[13.16895519565883,46.76597494037109]],[[13.980834170744519,46.764263357237034],[13.974233349021002,46.75980144391201],[13.980779846995206,46.75976430501136],[13.980834170744519,46.764263357237034]],[[14.209900849707783,46.75822565958609],[14.203281664041805,46.75377713843166],[14.209827235192856,46.75372673819781],[14.209900849707783,46.75822565958609]],[[15.512027351428149,46.7361575899642],[15.505303409943235,46.731785924889635],[15.511844136684955,46.73166015258521],[15.512027351428149,46.7361575899642]],[[13.91521687960053,46.75112047618636],[13.915119321124658,46.742122319079755],[13.921663691835795,46.74208860288232],[13.921762352831683,46.75108675429859],[13.91521687960053,46.75112047618636]],[[14.503773508353554,46.72407435497841],[14.510512872914722,46.73300392862843],[14.491176534493961,46.746702333488855],[14.464808673385019,46.737969360623936],[14.471065264253271,46.724407659831755],[14.503773508353554,46.72407435497841]],[[14.680956722922074,46.7446035418842],[14.680730210259341,46.735606484823656],[14.70024358163651,46.730872716230266],[14.694044446382437,46.74444705325557],[14.680956722922074,46.7446035418842]],[[15.477697580007222,46.69630534153387],[15.476976999527675,46.678315423731405],[15.509647962796803,46.67769098063605],[15.515632065671067,46.66407272175496],[15.541761573031245,46.6635649759453],[15.542132598167775,46.67255971280597],[15.529250172596957,46.677311776624315],[15.524004387131843,46.708920405792135],[15.504025618546764,46.70030381517401],[15.48459560180198,46.70517611205271],[15.491858827759451,46.723041398222314],[15.459338684320143,46.728158210568296],[15.438832120223383,46.70603753178854],[15.438478242918741,46.697042441712185],[15.477697580007222,46.69630534153387]],[[14.419004782170903,46.738417543264994],[14.412370662500843,46.73398128450299],[14.41891358679862,46.73391877900688],[14.419004782170903,46.738417543264994]],[[15.746883114439767,46.71788618430621],[15.746477320301535,46.7088921226191],[15.75301464593161,46.70875239259963],[15.75342153921786,46.71774643069903],[15.746883114439767,46.71788618430621]],[[13.947583564909534,46.71945464857242],[13.849372541369899,46.710944940109165],[13.855738157452627,46.69291866815652],[13.862276541291283,46.692888390296964],[13.862365115349538,46.701886563787184],[13.88198352333737,46.70179344311107],[13.895156531743467,46.71072762187553],[13.934349283561318,46.70602752033194],[13.947326255697085,46.69695937889881],[13.94742915340767,46.7059574828608],[13.960561551386352,46.710384978706955],[13.999860019436495,46.71466024633709],[14.00002770046162,46.72815734473689],[13.97391090599943,46.73280713336119],[13.947583564909534,46.71945464857242]],[[15.543246422543685,46.69954395206638],[15.562856404023327,46.69915891310493],[15.575929567570105,46.698900328881464],[15.582844220891271,46.70776509398183],[15.569956930522103,46.7125218143648],[15.543246422543685,46.69954395206638]],[[14.568877359100542,46.70988345281296],[14.582061775054715,46.714238558274886],[14.582271584244163,46.72323579439273],[14.569188743870487,46.723379341567394],[14.568877359100542,46.70988345281296]],[[15.202826229951743,46.692183219131714],[15.196759336968546,46.70578480990564],[15.176989581591798,46.701608349119],[15.176679787091693,46.6926124928091],[15.202826229951743,46.692183219131714]],[[14.653893073481068,46.708923562516645],[14.647243149972418,46.7045011192052],[14.65378216072852,46.704425016345084],[14.653893073481068,46.708923562516645]],[[15.431941582048076,46.69716396758679],[15.418692925775764,46.69290831026426],[15.431765237491332,46.69266641394551],[15.431941582048076,46.69716396758679]],[[14.51635981757119,46.701445004222336],[14.516161185299273,46.69244766184557],[14.522698899553736,46.69237914777375],[14.522898631910861,46.701376478583946],[14.51635981757119,46.701445004222336]],[[14.7908520644731,46.693742608467296],[14.78419271098107,46.68932823921598],[14.790729660762016,46.68924420832583],[14.7908520644731,46.693742608467296]],[[14.72512549987714,46.681070552560136],[14.724891826586722,46.67207362270846],[14.731426759019868,46.671993024926024],[14.73166153136169,46.68098994117145],[14.72512549987714,46.681070552560136]],[[14.790484915099592,46.68024741197976],[14.789995670668418,46.66225383579743],[14.796529303012887,46.66216946921825],[14.796774982673751,46.671166240243075],[14.809844382455086,46.67099634371984],[14.790484915099592,46.68024741197976]],[[14.456378312475543,46.64806012259147],[14.515367324066021,46.65645834768774],[14.515565689263525,46.66545566748933],[14.496059900173206,46.67015751513938],[14.489718936897917,46.67922186124801],[14.463574250485532,46.679486009749695],[14.463194970857138,46.66149117790108],[14.43687367156335,46.65275173433902],[14.456378312475543,46.64806012259147]],[[14.542007520376814,46.67867540105219],[14.548237601721178,46.6651094875893],[14.554771933161229,46.66503911672485],[14.555079497486446,46.67853500207244],[14.542007520376814,46.67867540105219]],[[14.018793162670576,46.6605550880401],[14.031920314839477,46.6649742712397],[14.03209593133214,46.67847127484226],[13.999301693535957,46.669670004022386],[14.018793162670576,46.6605550880401]],[[13.659447577299707,46.67115523802826],[13.685620208447824,46.67557645333008],[13.65947478041497,46.67565438111776],[13.659447577299707,46.67115523802826]],[[13.68559080616264,46.67107731680972],[13.692096654215959,46.66655775719467],[13.692126601256671,46.67105689045475],[13.68559080616264,46.67107731680972]],[[14.103932277457087,46.67350612220719],[14.097332394769152,46.66905142591586],[14.103867692178191,46.66900716032818],[14.103932277457087,46.67350612220719]],[[13.796504930395619,46.64818311315539],[13.82921107351461,46.65254417349392],[13.83587061605284,46.666012684128226],[13.790124679522334,46.666205981482555],[13.796504930395619,46.64818311315539]],[[14.051524838874665,46.66485170108868],[14.044930389365405,46.66039394488792],[14.051464671217595,46.660352713297655],[14.051524838874665,46.66485170108868]],[[14.488846142053788,46.63873372464198],[14.495184427484078,46.62966668809815],[14.508244620867314,46.6295317209109],[14.501908500810115,46.6385994819772],[14.488846142053788,46.63873372464198]],[[14.652120706128771,46.636946987247235],[14.651902215960337,46.62794727932908],[14.658431900393051,46.627870911945365],[14.6586514566164,46.63687060259494],[14.652120706128771,46.636946987247235]],[[14.847784252509333,46.62549182836933],[14.828318714460034,46.63025356440056],[14.82794613407028,46.61675597087597],[14.841002215451972,46.61658247583959],[14.841255146971168,46.62557915748076],[14.847784252509333,46.62549182836933]],[[13.796427517976856,46.639184928295535],[13.789856108407857,46.63470902972398],[13.796387448305634,46.63468257141791],[13.796427517976856,46.639184928295535]],[[13.920531473455927,46.63861023115589],[13.913950365603707,46.634141657265296],[13.92048156622864,46.634108014039235],[13.920531473455927,46.63861023115589]],[[13.783249598321188,46.62573688299275],[13.776682319832364,46.62126346773401],[13.783212025899752,46.62123777225132],[13.783249598321188,46.62573688299275]],[[13.62642436979932,46.60825266615331],[13.652457340119405,46.59468500035374],[13.6523511039301,46.57668847427343],[13.632778100564558,46.57674169742332],[13.639251538870624,46.56772607759255],[13.704514646764421,46.572030811743716],[13.72405327983516,46.56746602300524],[13.73051024062234,46.55844517477818],[13.737032315183551,46.5584221529595],[13.74372543836608,46.5808942506165],[13.776312424966994,46.57627244403489],[13.809012886945048,46.5851384639559],[13.802644296975805,46.60316201983876],[13.783099346493614,46.60774045114255],[13.78317445978908,46.61673866334437],[13.763479244899182,46.60331727453325],[13.67217800120123,46.61712403684711],[13.646060971489584,46.61719883533303],[13.639480725498712,46.6082182970446],[13.62642436979932,46.60825266615331]],[[14.66451500568912,46.60980006256739],[14.651349545622468,46.60545458920267],[14.664403412451202,46.60530154101774],[14.66451500568912,46.60980006256739]],[[14.67036989329766,46.582731902949156],[14.683191940526006,46.57357967407739],[14.70951449110886,46.58226162136094],[14.71638622467337,46.59567730257247],[14.670930317800474,46.605224450144426],[14.683757653638901,46.596072136493056],[14.67036989329766,46.582731902949156]],[[13.534895881392831,46.57245766700776],[13.554504070119076,46.58141973988176],[13.587149768282952,46.585850949909585],[13.528404317434363,46.58146728708982],[13.534895881392831,46.57245766700776]],[[14.121953489529174,46.56539335067134],[14.122085444739415,46.57439121362317],[14.102514089011379,46.57452602752644],[14.102385419337832,46.56552814182713],[14.121953489529174,46.56539335067134]],[[14.121953489529174,46.56539335067134],[14.128409649131305,46.560848740583126],[14.128476157574054,46.56534766500004],[14.121953489529174,46.56539335067134]],[[14.128409649131305,46.560848740583126],[14.134864713936672,46.556303762797974],[14.134931758570348,46.560802681156744],[14.128409649131305,46.560848740583126]],[[14.180727992167443,46.56946747919788],[14.148112256568426,46.56970725694787],[14.148044094365536,46.56520834214162],[14.180727992167443,46.56946747919788]],[[14.363284058990711,46.56345147978032],[14.363111644557016,46.55445395307933],[14.369632743834241,46.55439430545624],[14.369806252829564,46.56339182209024],[14.363284058990711,46.56345147978032]],[[14.642956276640701,46.52905565442857],[14.636220478718597,46.52013410771919],[14.61667062306492,46.5203582192987],[14.616885467106965,46.52935527493603],[14.6038499538577,46.52950282125876],[14.590709124379437,46.525150304525496],[14.590393495603267,46.51165465734706],[14.60310596242432,46.49801308106133],[14.62927003673015,46.50221515630036],[14.63556654877247,46.49314311156768],[14.648593141442438,46.492991894143216],[14.681384845004903,46.501604150577556],[14.681723306118426,46.51509951670842],[14.714302641319474,46.5147052820407],[14.708247101894845,46.53277863179425],[14.689033442461234,46.546510647508995],[14.675993961030763,46.54666654738656],[14.669026792001057,46.52874999685666],[14.642956276640701,46.52905565442857]],[[14.466403977519377,46.50396897999497],[14.453186916166976,46.495101783225344],[14.433737494428161,46.49979278078751],[14.440807582492818,46.52672111256585],[14.401701435212583,46.52709806150747],[14.395006042408921,46.518162126132275],[14.37545599994831,46.518344343775475],[14.36268086152032,46.53196017502148],[14.35582030240677,46.51402441926182],[14.349304095346762,46.51408326710472],[14.36207837187055,46.50046898392766],[14.361734409388552,46.48247407220343],[14.413832846292559,46.481986978270506],[14.433553472826945,46.49079543388597],[14.498490719397362,46.48114398802837],[14.52483763634781,46.494367562654816],[14.563919003296173,46.493947847022305],[14.564124896114956,46.502944971775314],[14.55119753802331,46.50758498721138],[14.558122588356191,46.52550876353908],[14.545290707911619,46.53464670007435],[14.499563341058847,46.53062885586849],[14.493336521083485,46.54419196567845],[14.46687803775377,46.526462266641666],[14.466403977519377,46.50396897999497]],[[14.72803462704912,46.54153546253705],[14.721399324941135,46.537117427387805],[14.727917846985559,46.537037037729924],[14.72803462704912,46.54153546253705]],[[14.212313630985108,46.50623423475668],[14.27730916472693,46.49671050253523],[14.264670013833694,46.51931277182182],[14.23860215782175,46.519524790832584],[14.212313630985108,46.50623423475668]]],[[[14.86596477864544,47.71874659842055],[14.812136340817867,47.70145080060815],[14.811883205251233,47.69245477772213],[14.778697144617723,47.69737519186366],[14.785857015381977,47.71528360453459],[14.81930818779415,47.71935711433039],[14.846487543931131,47.73700232377923],[14.859822505834767,47.73682667374772],[14.86596477864544,47.71874659842055]]],[[[14.899692663373747,47.731792588817555],[14.873421244441056,47.74564527010135],[14.887024559779256,47.75446224152535],[14.887290896933525,47.76345795987295],[14.913973917484595,47.763095669654106],[14.913296801681062,47.74060648804771],[14.899692663373747,47.731792588817555]]],[[[14.6270023863238,47.76216837484919],[14.647128005657823,47.766440545414],[14.653347105826168,47.74837201209429],[14.62655917135532,47.74417581014148],[14.6270023863238,47.76216837484919]]],[[[14.607316621275908,47.77588526320094],[14.580732089041105,47.78067470402676],[14.581052892585925,47.7941691395884],[14.587835614899385,47.798595001572984],[14.607862756842913,47.79837586570036],[14.607644246338022,47.789379640825786],[14.614318776342554,47.78930583516958],[14.607316621275908,47.77588526320094]]],[[[14.988485288564982,47.798049235074224],[14.974853576863335,47.78924434661422],[14.941621542848832,47.79421161488617],[14.920916768890265,47.77199975218846],[14.894496925987369,47.78135930920286],[14.922415288760131,47.82147527704952],[14.962343889244453,47.81641962754494],[14.962763325447288,47.8299127108897],[14.97626256691303,47.83422127053117],[14.996016021997177,47.8249393943723],[14.988485288564982,47.798049235074224]]],[[[14.93590903012803,47.825788566155296],[14.862442336387781,47.82678391973881],[14.856286159590104,47.84486330140517],[14.869912392531626,47.85368206339552],[14.943278490959768,47.84818426555511],[14.942725795204236,47.83019347255641],[14.93590903012803,47.825788566155296]]],[[[15.0243286029374,47.87402898305349],[15.077505708844381,47.86423977230166],[15.08358478551923,47.84614517852277],[15.050179524126209,47.8466461437441],[15.02301963290174,47.83354715989435],[15.002981037933274,47.83383838415706],[14.996872621123014,47.851925199303395],[15.003554498745785,47.85182886515142],[15.003841377083079,47.86082407070184],[14.990762440627474,47.87001515175777],[14.997875581414826,47.883411993778765],[14.991189623654002,47.88350799396335],[14.991759544140372,47.90149836560129],[15.005423446505644,47.91030102948646],[15.032034719338762,47.90541389092956],[15.0243286029374,47.87402898305349]]],[[[14.843962760865788,47.88102430857094],[14.870574176359145,47.8761743172326],[14.870310154142041,47.86717878970746],[14.856678458682785,47.858356651787666],[14.82326338747741,47.8587919466299],[14.816836673987744,47.867876893372625],[14.796909431175308,47.87263014586356],[14.797286590416325,47.88612365267217],[14.810913674117272,47.89494932440394],[14.830976814061184,47.89469146695617],[14.843962760865788,47.88102430857094]]],[[[15.075310785527046,47.99926346434166],[15.108660841839304,47.994257958359405],[15.108202372225707,47.9807660209214],[15.094502689668365,47.971975704889935],[15.047622284601788,47.972678693113],[15.074111601156751,47.963284540436256],[15.073512628678493,47.94529492046312],[15.046737511017303,47.94569409934485],[15.039456631436769,47.92780303382247],[15.019381865101208,47.9280970880477],[15.01283464324734,47.932691847139125],[15.013412559989911,47.95068184590217],[14.99361449856481,47.95996638490822],[15.00131482960285,47.99135251720021],[14.994615042275965,47.99144871278283],[14.994901133740186,48.000443603683614],[15.008591494739484,48.009245623254415],[15.062356085413924,48.01295606897733],[15.075310785527046,47.99926346434166]]],[[[14.887147642542034,47.98393993406534],[14.8537830833379,47.988881622343136],[14.854175798446393,48.00237445955159],[14.861008765975008,48.00678398418219],[14.89438409349837,48.00184024026224],[14.887147642542034,47.98393993406534]]],[[[14.88834508417709,48.24937536237143],[14.868277905640737,48.25414031339185],[14.86867639723694,48.267631796141686],[14.87554553553859,48.27204003448939],[14.895618970063508,48.26727386409577],[14.88834508417709,48.24937536237143]]],[[[14.989484981457037,48.252480925570275],[14.909090116283286,48.26709255917323],[14.909499323574536,48.28058382916808],[14.95048265928511,48.29801847153679],[14.970701030188733,48.297736406715096],[14.977298074799233,48.29314463651313],[14.969850724328158,48.270754419192436],[14.990058362464827,48.27046898944702],[14.989484981457037,48.252480925570275]]],[[[14.876747720123134,48.31251388185128],[14.836298257559557,48.31304187180937],[14.808948096056376,48.299894634542554],[14.795721329214587,48.309058667665475],[14.796101353666007,48.322550086283485],[14.816972692466825,48.344780241332955],[14.86445818823114,48.35316471959958],[14.871071705139295,48.34857908005545],[14.863794885521164,48.330679651713226],[14.87728262709498,48.33050203417316],[14.876747720123134,48.31251388185128]]],[[[15.004832072995878,48.31074925463176],[14.964667939389045,48.3203156117637],[14.96523345411144,48.3383032893593],[15.0058462049817,48.3422273808734],[15.005556327270467,48.33323367451867],[15.012300287951295,48.33313685709015],[15.011718494848926,48.315149371514984],[15.004832072995878,48.31074925463176]]],[[[14.851622521268975,48.375825770209175],[14.865254911949865,48.380146506274656],[14.851885889379444,48.38481967478026],[14.852149349013471,48.39381354287772],[14.811636094055228,48.394332961553886],[14.81214920611519,48.41232076375747],[14.832673188538406,48.42105652700443],[14.833063676547608,48.434547159465374],[14.846578615825319,48.43437310550446],[14.86049120675152,48.44768794592034],[14.880634226625517,48.44292473047927],[14.873073520240949,48.41603295505859],[14.886313927367432,48.40686056850706],[14.926836214050441,48.406315221457625],[14.940204014180562,48.40163351016029],[14.939925211646925,48.39263987795208],[14.966790645972408,48.387768667127546],[14.959616257596574,48.37437237520003],[14.92559270072775,48.36584352968918],[14.925316628325527,48.35684972052649],[14.95216487178452,48.351981799025204],[14.951884259698252,48.34298799913946],[14.924626866564969,48.33436504133545],[14.923524491884699,48.298389097528435],[14.916647785059372,48.29398373921397],[14.889826246076668,48.29884360413172],[14.898056366801107,48.34822060107929],[14.88456408264983,48.348400621397026],[14.878219608322452,48.361980961434085],[14.851096059428102,48.35783785254348],[14.844610609457957,48.36691933151251],[14.85135924463441,48.3668318293888],[14.851622521268975,48.375825770209175]],[[14.918569421656358,48.35694150309524],[14.918294616201944,48.34794764252626],[14.925040651775683,48.34785587552956],[14.925316628325527,48.35684972052649],[14.918569421656358,48.35694150309524]],[[14.878219608322452,48.361980961434085],[14.885102075647179,48.36638846045235],[14.87835355576617,48.366477915342166],[14.878219608322452,48.361980961434085]]],[[[15.02725609584124,48.37790997805956],[14.973399512380107,48.38317729590502],[14.967074091544248,48.396762254195096],[14.980864580119247,48.405566205455315],[15.007878170119863,48.4051823177789],[15.027843994989857,48.39589689518697],[15.02725609584124,48.37790997805956]]],[[[14.776379206518156,48.583704379275616],[14.735593928619885,48.57970076764013],[14.729303299093582,48.59776812292961],[14.763571966137057,48.61084980385335],[14.776881898334441,48.60169070468409],[14.776379206518156,48.583704379275616]]],[[[14.614279350010536,48.60807549797584],[14.587156842327701,48.60836823151669],[14.587375234391295,48.617361681003985],[14.607942713552083,48.626136052432976],[14.614279350010536,48.60807549797584]]],[[[15.46176273019315,46.624592673649005],[15.48099204587305,46.61522475481918],[15.461412135113038,46.615595566799854],[15.46176273019315,46.624592673649005]]],[[[15.181973906889624,46.65652243904518],[15.14293191260976,46.66165480195573],[15.14323585206849,46.670650729563285],[15.156456997674677,46.67493866991258],[15.1822843827664,46.665518256792886],[15.181973906889624,46.65652243904518]]],[[[15.103293810829038,46.84679762103283],[15.077217693633228,46.85170193517381],[15.077658627549743,46.86519621422335],[15.084364219334818,46.869593278816716],[15.110448432263832,46.864687316639696],[15.103293810829038,46.84679762103283]]],[[[15.14079302835659,46.98571975446074],[15.14125121114813,46.99921378203183],[15.173967519751518,46.994188503865956],[15.166928985582693,46.980800796165134],[15.14079302835659,46.98571975446074]]],[[[15.179739818435552,47.160612525416944],[15.199206534087526,47.151294798834016],[15.205165190129344,47.133195172973195],[15.178488684912121,47.12462909570836],[15.1725218849206,47.142727334332],[15.165929703976714,47.14283346427484],[15.166395643760248,47.15632729754272],[15.153207848217413,47.156538466202676],[15.140785851454039,47.1792379755044],[15.173925450768955,47.1832087091377],[15.186805474516042,47.17399932888597],[15.179739818435552,47.160612525416944]]],[[[15.181619706698351,47.21458746874096],[15.161816296986718,47.21490628941206],[15.155678950948976,47.22850559974095],[15.175800211288859,47.23718364819797],[15.18869304295382,47.227974097199635],[15.181619706698351,47.21458746874096]]],[[[15.786360139330483,47.293221116864245],[15.75992188263547,47.29378544291764],[15.767359028706027,47.31163265140536],[15.786985789688686,47.30671180056014],[15.786360139330483,47.293221116864245]]],[[[15.530805179475077,47.35243011759564],[15.557275143064324,47.35191883095042],[15.556707629775834,47.338427021390686],[15.536672853589428,47.3343136554672],[15.530805179475077,47.35243011759564]]],[[[15.477498869344554,47.344439513614006],[15.457467994402469,47.340312270022814],[15.451572480669945,47.3584246427582],[15.471791742449605,47.36705030609057],[15.484664561380562,47.357807505351815],[15.477498869344554,47.344439513614006]]],[[[15.552545871031977,47.397019841195224],[15.60552959122259,47.39598107044304],[15.611764366269368,47.386855198915384],[15.591514670046534,47.37825431663247],[15.59113027306167,47.369259924906174],[15.564651942395587,47.36977904684998],[15.551979081972169,47.383528089107664],[15.518871666313467,47.38416470164436],[15.526239972397509,47.40202731461043],[15.53948748281039,47.40177296679515],[15.54554599647029,47.38815344272495],[15.552167979462736,47.3880253429381],[15.552545871031977,47.397019841195224]]],[[[15.453195878464403,47.398901413359674],[15.499191222223924,47.389039409985195],[15.491833882623345,47.37117502463586],[15.445852734462955,47.38103409800018],[15.399326729178222,47.377382176608265],[15.399678493376184,47.386377175350525],[15.386608996734967,47.391112855361875],[15.387133572536607,47.40460538139878],[15.407183352577436,47.408744909848856],[15.420077659889762,47.39950943672711],[15.426879638784579,47.403886043482856],[15.427771465939697,47.42637321860957],[15.44765255841599,47.42600821941815],[15.454098842691915,47.4213883986514],[15.453195878464403,47.398901413359674]]],[[[15.701674517143262,47.47055269964428],[15.71432922590844,47.45678727828731],[15.713923300153308,47.447793413913324],[15.734014987674046,47.45187563201245],[15.73982388543304,47.43374905635758],[15.693432396886076,47.43471371463976],[15.68097765122295,47.45297386760914],[15.66751898392106,47.44874757506995],[15.667121106110665,47.43975353515991],[15.673749266767079,47.439618400227516],[15.666524543833077,47.42626244929979],[15.620528103116461,47.43619163470272],[15.621308038115231,47.45418003087821],[15.654458160448819,47.45351377712388],[15.661882121396166,47.471367443722755],[15.701674517143262,47.47055269964428]]],[[[15.749333615350812,47.49656578898258],[15.748715353935882,47.48307526237592],[15.728202092888543,47.47000186082009],[15.708306463023257,47.47041556563574],[15.681978763972909,47.47545877253739],[15.675945495659391,47.48908531599665],[15.629504122520201,47.49002407802127],[15.623846507132042,47.51264191697443],[15.650593863047456,47.5166060922839],[15.676345253223813,47.49807925261563],[15.676745147338352,47.50707317389211],[15.697260072196825,47.520155699029274],[15.717174589476802,47.519743914033626],[15.716767692403804,47.51075015492579],[15.730041597764401,47.510473757584876],[15.749333615350812,47.49656578898258]]],[[[15.098637366079839,47.49941635863127],[15.104669951818405,47.481322748401524],[15.171172109464216,47.48477742075168],[15.203549204222297,47.46175281137888],[15.203230410707489,47.45275733933822],[15.176549571782749,47.44868886827656],[15.170232217346326,47.45779079590533],[15.103915072543945,47.458833444386826],[15.097884802963256,47.47692708280581],[15.084616483108164,47.47713030708071],[15.058815109654633,47.500021679294655],[15.066339132667895,47.52690901833514],[15.059698624887297,47.527008995407485],[15.060140722290653,47.54050260178987],[15.093351517953005,47.5399987448298],[15.092450533207078,47.513011753076825],[15.099089212505609,47.51290988001296],[15.09200038706794,47.49951820584298],[15.098637366079839,47.49941635863127]]],[[[15.789562805997669,47.5047142025097],[15.775873788788918,47.49600391905068],[15.755968711746885,47.4964258974575],[15.757623489665052,47.53240036902507],[15.777959609769596,47.54097161124491],[15.797460510346367,47.53155238286783],[15.789562805997669,47.5047142025097]]],[[[15.240285198640652,47.560155657576345],[15.293606478525625,47.5637589818958],[15.307401635044018,47.57702405973825],[15.367043700582997,47.5714839854544],[15.366348978518491,47.55349432279177],[15.352717545009929,47.544733724929166],[15.326148690935883,47.54519762792054],[15.325808434536947,47.53620263766753],[15.312357151832327,47.53193472311433],[15.27284398960215,47.54160941026945],[15.252262736594314,47.52395361235393],[15.251771537523123,47.510460746657685],[15.185389666226326,47.511550562777],[15.16469329384473,47.48938123404496],[15.144786460437155,47.489697094544525],[15.152663398885412,47.52557433910293],[15.166100078887807,47.52986097196686],[15.146487450701256,47.53917258171145],[15.153750929878727,47.557058515448],[15.173683202279175,47.55674110013435],[15.17969655207846,47.53864373521022],[15.212744538833576,47.53360761578902],[15.213386468097912,47.55159824020524],[15.226673053035823,47.551380110931255],[15.226996453309411,47.56037536208713],[15.213707597372217,47.5605935282769],[15.214350185486614,47.57858405504077],[15.240936875295276,47.578146036113],[15.247419949184234,47.57353799057083],[15.240285198640652,47.560155657576345]]],[[[15.481113789940228,47.5964129894404],[15.514168944142918,47.591290150529275],[15.513051160752948,47.56430711817573],[15.492933764323613,47.56018623994382],[15.48019626885069,47.573926896674266],[15.440322404082517,47.574664705143874],[15.440862596589723,47.58815656107523],[15.454338680195491,47.59240935737881],[15.454701298082055,47.601403856323934],[15.47483147392323,47.60553139910663],[15.481113789940228,47.5964129894404]]],[[[15.281981457825983,47.60896006971466],[15.249056500028383,47.61851358812276],[15.256201412155097,47.631895217829914],[15.282814731516567,47.63144751161599],[15.282481336453847,47.62245254830749],[15.289133456705102,47.62233967814928],[15.281981457825983,47.60896006971466]]],[[[15.290639760261167,47.662816782294556],[15.317268458127844,47.662361104586985],[15.316419941148538,47.63987406344055],[15.289802638347581,47.64032954835612],[15.290639760261167,47.662816782294556]]],[[[15.66379579115455,47.66487004742873],[15.670452385801664,47.664735110078674],[15.669852412358987,47.651244608646145],[15.649293111146001,47.63815751570784],[15.616026374103802,47.63882223413867],[15.603107801124594,47.64807935257198],[15.55671477602384,47.653485582425404],[15.550628533864229,47.667105041094146],[15.530656852399487,47.66748789402666],[15.531221225343868,47.680979050780145],[15.584684822622808,47.684447098401044],[15.603884913433433,47.6660671482524],[15.623659471830752,47.661174673528464],[15.631692657372893,47.69252023505694],[15.658532318823804,47.69648242461703],[15.664993243260291,47.69185098691984],[15.664593955758564,47.68285736022009],[15.657935047126685,47.682991957907454],[15.66379579115455,47.66487004742873]]],[[[15.324607177892913,47.68023573063969],[15.351244415594469,47.67977219009588],[15.35055367535597,47.66178283827644],[15.317438248748813,47.66685849868512],[15.324607177892913,47.68023573063969]]],[[[15.164147282516671,47.66489705908132],[15.171434183162575,47.682781409330524],[15.191414103768134,47.68246092809575],[15.19077810545708,47.6644706661159],[15.164147282516671,47.66489705908132]]],[[[15.444651720453162,47.68259842136011],[15.517716173100697,47.67673535519241],[15.516968428664871,47.658747031328616],[15.443928931592524,47.66460965449823],[15.397858438164253,47.67894615575026],[15.405049520685324,47.69231833199027],[15.438352747620357,47.6917146652673],[15.444651720453162,47.68259842136011]]],[[[15.492375810874334,47.70871710960504],[15.465359901527275,47.70021906521379],[15.465725154599921,47.70921331711062],[15.45906241199526,47.709336404995454],[15.466273269117956,47.722704656829855],[15.492745756957742,47.71771125719078],[15.492375810874334,47.70871710960504]]],[[[15.493300914046909,47.73120243999605],[15.473304402414376,47.73157533181216],[15.467370344624527,47.74968719626723],[15.487558480762937,47.75381237577365],[15.5005235118545,47.744568475301016],[15.493300914046909,47.73120243999605]]],[[[15.721339945158922,47.75821030686551],[15.68092679255442,47.750038365866445],[15.67506244594281,47.76816077988287],[15.715693019342499,47.78083136227978],[15.72215929227776,47.776196812614096],[15.721339945158922,47.75821030686551]]],[[[15.488667173498476,47.780794502057],[15.52202566910326,47.78016664500595],[15.521274969521373,47.7621787951245],[15.487927918148362,47.76280643958387],[15.488667173498476,47.780794502057]]],[[[15.435291935139505,47.78177899529366],[15.46865169446703,47.78116658294671],[15.467919306048758,47.763178394486474],[15.434570992253503,47.763790599468265],[15.435291935139505,47.78177899529366]]],[[[15.398984465584762,47.87694388454456],[15.385086917512634,47.86369069304879],[15.384553875592408,47.850195679926045],[15.371017060288752,47.84593495708965],[15.350975845551476,47.846286602964234],[15.34481780762879,47.85989820978887],[15.331277519474044,47.85562909489257],[15.323057704966217,47.8152696591372],[15.309534933343208,47.81100168628497],[15.309026283857532,47.797509928569454],[15.328877897544329,47.79266832835634],[15.34136381842156,47.76995068171469],[15.381563341152711,47.773744426383466],[15.39437527037336,47.76001533362672],[15.367348835037843,47.751494401496984],[15.360159253257443,47.738120059610104],[15.346825907103307,47.73835362844588],[15.340675281890425,47.751961657821504],[15.320840180543708,47.75680534100417],[15.326825666098507,47.738701087877466],[15.346653363785219,47.733856353229434],[15.339299625736077,47.71598335717114],[15.319478007552581,47.720826847478335],[15.319818375556112,47.72982150206184],[15.30648696273688,47.73005040197252],[15.285987687823473,47.71689872426508],[15.2661608054909,47.721733034597285],[15.265829693162617,47.71273820617259],[15.239011748022202,47.708684507523735],[15.232023337268044,47.69979952184109],[15.205374914761856,47.700235458089864],[15.206016354539221,47.718225490360496],[15.212841785976954,47.72261453427448],[15.239338234531427,47.717679421196614],[15.24649418086839,47.73106135458891],[15.266326404250457,47.72623044117311],[15.266657686996899,47.73522523891291],[15.293995430855606,47.752764497503044],[15.294331631477966,47.761759156124185],[15.274488540917911,47.76659484814858],[15.28182726437693,47.7844717515906],[15.241790457414547,47.785140612136665],[15.242117897784771,47.794135346392665],[15.255795749667902,47.80290857477496],[15.268979852686902,47.79818823010259],[15.276654693511516,47.82505989780429],[15.297025396952359,47.8337156354805],[15.291863675855142,47.87430769420005],[15.278161044166945,47.865538863077425],[15.258111611880876,47.86587437178659],[15.251593192741096,47.87048271315147],[15.252252604103639,47.888471767599185],[15.306079475881122,47.89656639345486],[15.30540143922938,47.87857769263069],[15.318770799098841,47.87834893383925],[15.36573726709524,47.882033187893164],[15.393185147383774,47.899548318704056],[15.413067814688992,47.894692359745115],[15.412352987172259,47.87670429376212],[15.398984465584762,47.87694388454456]]],[[[15.723594504340737,47.807672982544815],[15.744238966663232,47.82074623924354],[15.770943592426914,47.820185571088224],[15.783664601863533,47.806413537687206],[15.749463188085508,47.78913093089042],[15.689412110453473,47.79037257455665],[15.676469122260785,47.79963759607664],[15.691030425644142,47.82634564507143],[15.711061515735016,47.82593496079209],[15.72400488194454,47.81666612257962],[15.723594504340737,47.807672982544815]]],[[[15.569877274429265,47.80625258258253],[15.516664990459832,47.81177158697354],[15.51741481646449,47.82975923222331],[15.564351246859877,47.833362708358905],[15.569877274429265,47.80625258258253]]],[[[15.483286288581937,47.81239788457788],[15.463075894813095,47.808272016884715],[15.450088470682388,47.81751154876964],[15.45045191726141,47.82650558195618],[15.477530615156143,47.83500684490612],[15.490517534970252,47.82576426784249],[15.483286288581937,47.81239788457788]]],[[[15.349763679177766,47.81480648539646],[15.343604830992676,47.82841440168415],[15.357308650569449,47.837175503806634],[15.383849434353303,47.83220729859747],[15.3764691776725,47.81433712929415],[15.349763679177766,47.81480648539646]]],[[[15.116683151771294,47.83663959291103],[15.097249619088934,47.854937067540334],[15.097858730181384,47.87293060019112],[15.104695299413562,47.87732589725102],[15.13112604108285,47.86791841723919],[15.138274858710172,47.88130660020027],[15.158487777912706,47.885489288378956],[15.191757252563528,47.88045965972687],[15.191437948456967,47.8714649539522],[15.17075095338622,47.85379221508136],[15.137496594943077,47.85881583338595],[15.144023568390645,47.85421393937754],[15.143401778749825,47.83622419710414],[15.116683151771294,47.83663959291103]],[[15.137496594943077,47.85881583338595],[15.130971628447673,47.863420968818396],[15.130814080612389,47.85891991970847],[15.137496594943077,47.85881583338595]]],[[[15.753830558071668,47.88356135338451],[15.733777624671378,47.8839794412885],[15.70581636574562,47.857552181857415],[15.685975137495475,47.8624585377308],[15.686783925271106,47.88044487318867],[15.700558828390946,47.88916505756447],[15.700965869185927,47.89815811701256],[15.714338328540379,47.89788357681823],[15.728328370381766,47.911096890870084],[15.761349568046153,47.90140691336429],[15.753830558071668,47.88356135338451]]],[[[15.634892986035576,47.91749410309061],[15.6415818795035,47.91736085055953],[15.64058971523068,47.894877765808694],[15.613257445911154,47.881918167712925],[15.619352429164476,47.86829608272764],[15.598720368399938,47.85520058911921],[15.591258056736722,47.83734045107514],[15.538016401645393,47.84286926490887],[15.538779163184385,47.8608604948349],[15.57925588963003,47.86908209161641],[15.580221177650664,47.89156586561482],[15.593786876852555,47.89580201338681],[15.594953420849665,47.92278216582132],[15.581960790387987,47.932036263934656],[15.589233877852037,47.9453960590035],[15.622696460919983,47.94473913951254],[15.622105626390212,47.931249322418644],[15.635288940085012,47.926487314908286],[15.634892986035576,47.91749410309061]]],[[[15.24622406564138,47.90657148429155],[15.226321420323913,47.91139870339319],[15.226972642886633,47.92938768419297],[15.260429193828756,47.92883558460828],[15.259932098903215,47.915343998765174],[15.24622406564138,47.90657148429155]]],[[[15.51467477524364,47.92432326319798],[15.473797292131785,47.90708538676513],[15.454462729319301,47.92544250024361],[15.454827667902409,47.93443628402335],[15.468578015865376,47.94318394943333],[15.508920292042074,47.946933161614716],[15.51542550683962,47.94231042558834],[15.51467477524364,47.92432326319798]]],[[[15.668337110678271,47.91682396976993],[15.669140664846966,47.93481014045438],[15.676033239041828,47.93917142176716],[15.702391615773777,47.92963362496126],[15.69509178879298,47.91628089605713],[15.668337110678271,47.91682396976993]]],[[[15.140293162708975,47.93977251998934],[15.133135824927521,47.9263846932851],[15.113062142483564,47.92669501351231],[15.105761199532575,47.908808026861735],[15.065775710420146,47.913913155154056],[15.066371657732384,47.93190298815593],[15.087201773632335,47.9540877952568],[15.141070637321752,47.96225912681741],[15.167537824071548,47.952843558563885],[15.160371709027089,47.93945747251286],[15.140293162708975,47.93977251998934]]],[[[15.395312229791859,47.953512202352755],[15.428782369231712,47.95291139372634],[15.42136966976544,47.93504463424971],[15.387734171611898,47.93114631206788],[15.380690690720071,47.92227085279347],[15.354103701350132,47.927238201864434],[15.36236513697591,47.9675943013283],[15.389148838289351,47.967122057247934],[15.395312229791859,47.953512202352755]]],[[[15.356191487422754,47.98120233893878],[15.34262294180462,47.9769384252703],[15.32819800897111,47.95018770999059],[15.308116389101201,47.950531894674874],[15.313787853099106,47.923434975745565],[15.300237778082801,47.919166015899286],[15.299730495426228,47.90567456377813],[15.272810775261288,47.9016289192423],[15.273144273697344,47.9106233159639],[15.266455379972793,47.91073524697256],[15.27364473668354,47.92411486396997],[15.266954116151792,47.924226823428384],[15.267453110016035,47.937718342732914],[15.274312422929825,47.942103505599654],[15.267619498602016,47.942215503004206],[15.268118836357274,47.955706944937646],[15.274813489572855,47.95559491906357],[15.275314815260229,47.96908627361334],[15.295741613130055,47.97774193119697],[15.296079551699949,47.98673605034534],[15.32321634792952,47.99527316698518],[15.316687510036163,47.999884999369456],[15.317371017936098,48.01787295841718],[15.350883365553173,48.0172947088692],[15.36393819529804,48.00806686577703],[15.356191487422754,47.98120233893878]]],[[[15.751302870050102,47.97362902534837],[15.764275794376912,47.964356038897186],[15.756746718053334,47.9465110083092],[15.703207099884091,47.94761948708188],[15.704023146009877,47.96560524339417],[15.710718026679562,47.96546799246768],[15.71864491549818,47.99230864654717],[15.752344256184326,47.996110590416315],[15.75883399815191,47.9914742573178],[15.757998654502032,47.973489038966456],[15.751302870050102,47.97362902534837]]],[[[15.74585336034052,48.00074655267305],[15.71926141518636,48.005797700056114],[15.726786221171135,48.023644829081995],[15.753386540342724,48.01859198228764],[15.74585336034052,48.00074655267305]]],[[[15.34608848231333,48.06687701313023],[15.339379681082129,48.06699315914826],[15.345914921109724,48.06238015078262],[15.344874182775674,48.0353988259529],[15.351578904542931,48.035282360804274],[15.344354217544975,48.02190806788664],[15.304135666792138,48.022598534861665],[15.303796106121325,48.0136045442255],[15.310498116125222,48.01349045554254],[15.30328698467896,48.00011350650007],[15.269951951612555,48.005175055668595],[15.277490224877875,48.027548110856905],[15.270786335831835,48.027660288711495],[15.2712873119325,48.04115134486795],[15.30515505207557,48.04958033864797],[15.299804580345585,48.08566953151303],[15.313568800159583,48.0944351749682],[15.333533314572199,48.08959321760722],[15.34608848231333,48.06687701313023]]],[[[15.266080936038952,48.08173603191888],[15.239237202980714,48.08217976269548],[15.2385798351977,48.0641917426599],[15.245288495018979,48.06408142993698],[15.23792292122183,48.046203607271686],[15.257875978362913,48.04137459340154],[15.257378471437285,48.02788348049442],[15.236938400119337,48.0192211918092],[15.190177451295462,48.02447901600764],[15.190657528183781,48.0379704277749],[15.204390772540076,48.0467491621127],[15.191458208848756,48.060455972967034],[15.19193894907314,48.073947214202875],[15.232526198489682,48.0822897244422],[15.225978419955005,48.08689630318934],[15.226631719013948,48.104884250974784],[15.260367381420446,48.10882918803662],[15.273293812579,48.095114925235876],[15.266080936038952,48.08173603191888]]],[[[15.912810971728588,47.308443633625856],[15.886366477342769,47.309037228487284],[15.893848474412325,47.32687614853118],[15.913469087766819,47.321933583442586],[15.912810971728588,47.308443633625856]]],[[[16.410369230116252,47.327651755075635],[16.377826889893086,47.337528097591544],[16.385219083089062,47.35083884356481],[16.41803069368473,47.34545600453931],[16.410369230116252,47.327651755075635]]],[[[15.826187377103615,47.43640443248811],[15.931777133336453,47.425055879837345],[15.937515102227977,47.406919260630275],[15.917644971120042,47.4073693100846],[15.909924110286495,47.385035520636954],[15.875737992013146,47.363292275358866],[15.849265612797087,47.36387728139976],[15.843929506102311,47.39100305565207],[15.810610175877146,47.38722734694334],[15.811454202024334,47.40521452651429],[15.818289302000249,47.40956781285778],[15.851408776420485,47.40884456125962],[15.84521289713534,47.417983419562155],[15.825337827169829,47.418417443926494],[15.826187377103615,47.43640443248811]]],[[[15.812087599383059,47.41870487656302],[15.77212827230705,47.415061120753265],[15.759912224276306,47.43782674066437],[15.786631803567706,47.441759230830485],[15.812510044307,47.427698426357715],[15.812087599383059,47.41870487656302]]],[[[15.861693939603256,47.48514214518748],[15.847998086519503,47.47644044732311],[15.85291116596745,47.44032145995247],[15.819771936602221,47.4410451398174],[15.828100985152613,47.476874949133],[15.821468545267525,47.47701901545312],[15.821893059478255,47.48601244740956],[15.84885631159724,47.494427100233764],[15.861693939603256,47.48514214518748]]],[[[15.80051883682943,47.45496508471921],[15.773999592675148,47.45553266586653],[15.768200051924838,47.47366091054303],[15.795148400978928,47.482088208853945],[15.807781449490008,47.46831250115015],[15.80051883682943,47.45496508471921]]],[[[15.887355620698617,47.466567880802515],[15.861047042245255,47.47165221241582],[15.861478270343323,47.48064550470644],[15.875177443675208,47.489345585407364],[15.894860328105363,47.48440633717163],[15.887355620698617,47.466567880802515]]],[[[15.876479246731504,47.51632517495327],[15.830017535067581,47.517345161886524],[15.83065703995957,47.53083516178837],[15.883769588012028,47.52966762983881],[15.876479246731504,47.51632517495327]]],[[[16.660538000014828,47.51428193613677],[16.62736486847062,47.5152392166739],[16.621572206308212,47.52891448551458],[16.64953358256357,47.55062529971659],[16.676089710860314,47.54985511653614],[16.68129867784403,47.52718748845727],[16.6611061447598,47.52327172242562],[16.660538000014828,47.51428193613677]]],[[[16.46763579799175,47.623274039862046],[16.454604787969053,47.62813107016704],[16.455673220276914,47.6461121981977],[16.488932092232716,47.64520458956766],[16.488122173963482,47.63171898130338],[16.46763579799175,47.623274039862046]]],[[[16.960325328845443,47.7168739134146],[16.933380442212005,47.71321581151163],[16.93183868212146,47.690745698140276],[16.884942688923804,47.68769880571949],[16.885551163566255,47.696687123616464],[16.878894416432804,47.69689235388044],[16.886768738526037,47.714663693124855],[16.913711115185237,47.71833270150616],[16.915245915179028,47.74080290916714],[16.929186792738314,47.74937583518096],[16.96156901443537,47.73484959722817],[16.960325328845443,47.7168739134146]]],[[[16.823466092880103,47.766136351702954],[16.856190046901478,47.75613406952204],[16.861644077045522,47.737953513007795],[16.84105624388889,47.72957543419638],[16.833195175022322,47.711801034770865],[16.813516622490457,47.716900806799025],[16.80864392931129,47.74406779309353],[16.775623251263575,47.74956222277157],[16.776804332320125,47.76753970536363],[16.791026287027023,47.78062362377836],[16.82406492902708,47.775124820204994],[16.823466092880103,47.766136351702954]]],[[[16.681462947422926,47.73882744897391],[16.64205229093369,47.748971659225084],[16.64985406275256,47.76675889273914],[16.689564413154677,47.76110664656609],[16.681462947422926,47.73882744897391]]],[[[16.883760611332523,47.768798363630445],[16.903451809533667,47.76368665227595],[16.902533403870358,47.75020452710103],[16.87587917526997,47.751027052855996],[16.883760611332523,47.768798363630445]]],[[[17.050391314333897,47.7635450094112],[17.010403005040025,47.76482778577733],[17.00945706413697,47.75134652931536],[16.989153815143315,47.74748873481826],[16.97582818390803,47.74791078785548],[16.963436142740754,47.76181294914993],[16.97801579443609,47.77936763778828],[17.00436785364415,47.7740277432172],[17.0122963479095,47.79179013643551],[17.051986082874077,47.78601310733417],[17.058333829149493,47.78130428203291],[17.050391314333897,47.7635450094112]]],[[[15.851918877171538,47.83645175408742],[15.818315310306625,47.83267867619115],[15.819175695872868,47.85066813670052],[15.84589490791201,47.85009014315435],[15.851918877171538,47.83645175408742]]],[[[16.855264355706193,47.841725993416276],[16.81461355934838,47.83395267199671],[16.808237520306946,47.83864798826975],[16.8094318238622,47.85662471036595],[16.83066571517778,47.87399635088371],[16.844024634655156,47.87359110044975],[16.856777660534945,47.8641962483054],[16.855264355706193,47.841725993416276]]],[[[16.82420774304922,47.97776312691708],[16.850978611860914,47.9769525944863],[16.850070009447965,47.96347086982378],[16.876223069262885,47.95366663795928],[16.875308353509123,47.940185014015626],[16.895065008713807,47.93507498700762],[16.900524192689208,47.916893488274134],[16.92726266435457,47.91606528986494],[16.940011082132543,47.906661367621005],[16.939390796195497,47.89767383679173],[16.965806455626627,47.892342939343564],[16.965181904146426,47.88335550969495],[16.998897231150018,47.88679422108066],[16.998267056814566,47.87780695661168],[17.00494636432937,47.87759483213985],[16.9970073578874,47.859832347812365],[16.94902392378322,47.84333069168215],[16.955387886995247,47.83862761136093],[16.947781969977818,47.82535537607601],[16.927454563323316,47.82148678652338],[16.913187425423093,47.80841985778654],[16.912265728486698,47.79493796582409],[16.945920638090794,47.798392213424506],[16.946540869023263,47.8073799592433],[16.966864206701192,47.81124520110766],[16.9674881867374,47.82023280314106],[16.987818061927605,47.824094340273575],[16.993233451031585,47.8059078985938],[16.97989298149412,47.80633041616619],[16.97926703767547,47.79734284797197],[16.965616889180136,47.793269922284495],[16.964681962838043,47.779788398633215],[16.95072718334662,47.771219833499565],[16.917396847020967,47.772260955916344],[16.911958601630975,47.79044398955371],[16.87861526565804,47.79147389429567],[16.887113875827414,47.81823286881679],[16.874377499757934,47.82763119160066],[16.881050896491605,47.82742622899701],[16.881660327182065,47.83641425013629],[16.895009251712867,47.836003097470154],[16.909586612770134,47.853566087450595],[16.936292563928124,47.85273578093941],[16.93691178442525,47.86172344492652],[16.911431167037456,47.88052942243453],[16.885015942046927,47.88584790531523],[16.87955460559437,47.90402883948121],[16.847044721780783,47.91853132799009],[16.84764936284167,47.92751929210678],[16.82789093166188,47.9326212287327],[16.822104499313326,47.946305189305825],[16.78865987437449,47.947309050331036],[16.75403623361827,47.930326443605274],[16.70722592927179,47.931701593037225],[16.7197263970605,47.91782770773485],[16.718561557163184,47.899850386882115],[16.711587777850283,47.89555158375203],[16.684856501068367,47.89632989390596],[16.659268410241683,47.91507995852479],[16.660126911282994,47.92856334207616],[16.688029607235414,47.94576824600554],[16.707806652642223,47.940690237803445],[16.70867811265821,47.95417315288044],[16.72991814251392,47.971562797973654],[16.776763601116787,47.97017847175948],[16.78404988833806,47.97896731311395],[16.804129047381284,47.97836696192918],[16.816914861100894,47.96897681166092],[16.82420774304922,47.97776312691708]]],[[[17.01289076757069,47.8953566796197],[17.03293507733159,47.89471661317403],[17.038660583664686,47.8810219432405],[17.01162561759473,47.877382321401925],[17.01289076757069,47.8953566796197]]],[[[17.053618675903927,47.90305999048042],[17.080347581441504,47.902196376750695],[17.079059068980495,47.88422279960351],[17.052339333700765,47.88508612097434],[17.053618675903927,47.90305999048042]]],[[[17.006209222045822,47.89556926232391],[16.979796054659108,47.900909391434276],[16.980737048649726,47.914390337391886],[17.007472948700002,47.913543583913665],[17.006209222045822,47.89556926232391]]],[[[16.02278927365508,47.909125724238784],[15.989354937419265,47.9098984081705],[15.99026893746211,47.9278822320128],[15.99718735732708,47.9322243434708],[16.023714773290802,47.92710928626303],[16.02278927365508,47.909125724238784]]],[[[17.02274468145099,47.94007894656723],[16.99505002984122,47.92744851031358],[16.989622665538782,47.945634401737664],[17.01000301240843,47.94949189416154],[17.02274468145099,47.94007894656723]]],[[[17.10233843504606,47.928504437286186],[17.115709104329778,47.92806777182275],[17.10804944766643,47.914806470444354],[17.095329325077635,47.924228884433255],[17.068268050075087,47.92060257029666],[17.04248682830711,47.93494373999468],[17.04312530405901,47.94393060875977],[17.05714140916353,47.95248756066556],[17.05810331258477,47.96596765822535],[17.085187407488583,47.96959629851589],[17.08389556531947,47.951623142352105],[17.10396059928984,47.95097076752214],[17.10331156608588,47.941984256758694],[17.09662442567492,47.94220206491463],[17.10233843504606,47.928504437286186]]],[[[16.935496462110443,47.938325999943295],[16.92273949850419,47.947729333424185],[16.930356880140195,47.96100274287486],[16.957117472555883,47.960167652421404],[16.955869953748273,47.94219303831289],[16.948871013039877,47.937908631437935],[16.935496462110443,47.938325999943295]]],[[[16.674363474210217,47.94166104809189],[16.64789330373053,47.94692519190257],[16.6554406220812,47.960216622498635],[16.67551402315162,47.95963858308321],[16.674938649634637,47.950649829550294],[16.68162853433745,47.950456408480015],[16.674363474210217,47.94166104809189]]],[[[17.037712978687267,47.96211866115692],[17.004262474769618,47.96318485969982],[16.989937390765657,47.95012796973477],[16.970497446875566,47.95974778583263],[16.98482030715269,47.9728070434508],[16.97938465645729,47.99099219626398],[16.993402947321623,47.99955674183361],[17.02018230085698,47.9987070764852],[17.03293415478998,47.9892931534066],[17.031978324202804,47.97581294684233],[17.038670040085048,47.97559887901192],[17.037712978687267,47.96211866115692]]],[[[16.899361142261142,47.9979880503726],[16.8987467745019,47.98900055656655],[16.885358725962114,47.989412120158555],[16.87774864584028,47.97613586907998],[16.857671198867983,47.97674899371503],[16.831804431255073,47.991042888699035],[16.8394049885018,48.00432209482972],[16.832708791656014,48.00452463729152],[16.833915333089376,48.02250019859215],[16.854010680322972,48.02189120314428],[16.86010104082173,48.012699801763326],[16.900283090977485,48.011469235722025],[16.906671969383595,48.00676908228746],[16.906056238345116,47.99778165292949],[16.899361142261142,47.9979880503726]]],[[[17.094144998169792,48.000831766596114],[17.06672240682979,47.992711968226324],[17.061313248973,48.010900841483604],[17.081401376781404,48.010252394550015],[17.089068278275942,48.02351506078757],[17.12892588866461,48.017711978804954],[17.120597026408188,47.995465665976404],[17.094144998169792,48.000831766596114]]],[[[17.069297174740395,48.028658070748605],[17.04952217040162,48.03379769678052],[17.03516634830794,48.02074670914365],[17.015073606602556,48.02138713285936],[17.011229087752824,48.06204022251599],[17.04474293051221,48.06097203580718],[17.05048360332666,48.04727750109235],[17.0772865422165,48.0464146440805],[17.069297174740395,48.028658070748605]]],[[[16.8482211942505,48.03557607832902],[16.821119451818284,48.031892062800935],[16.808618624856756,48.045776393309964],[16.84454834662123,48.08071710108257],[16.87137182833246,48.07990188566896],[16.878689436921402,48.08868444058413],[16.966187742860864,48.09048006521704],[16.978971832014903,48.081072382065756],[16.97739952362813,48.05860528358375],[16.963681067639303,48.0545324543433],[16.96912882575671,48.03634841997428],[17.00199439613366,48.026305570712594],[17.00742584279314,48.00811956568445],[16.98670797285999,47.99976819027777],[16.96662272446811,48.000400212593085],[16.953856187449926,48.00980679285835],[16.95323228902185,48.00081962490955],[16.919755261686404,48.00186137980513],[16.906979914493913,48.011262785835996],[16.907595963965253,48.02025017053233],[16.94201816009808,48.03269269286205],[16.91583782172765,48.04251154046748],[16.923776987265455,48.060278578958325],[16.877160158730902,48.066216060908204],[16.87654881678641,48.05722865434909],[16.855832431659046,48.0488540101409],[16.8482211942505,48.03557607832902]],[[16.94170706764126,48.028199114829064],[16.94809426046581,48.023496702631746],[16.948405875516503,48.027990270556906],[16.94170706764126,48.028199114829064]],[[16.923776987265455,48.060278578958325],[16.93079030651409,48.0645643332249],[16.92408672438371,48.06477215606413],[16.923776987265455,48.060278578958325]]],[[[16.87654881678641,48.05722865434909],[16.90305179953363,48.0519123861332],[16.902128419243827,48.03843140435758],[16.875326765437503,48.03925374871025],[16.87654881678641,48.05722865434909]]],[[[15.956451430698895,48.05468288538173],[15.942590016855656,48.04599371002564],[15.888952235919445,48.04718815310232],[15.882467141639026,48.05183168847212],[15.883346722988469,48.06981551782723],[15.937457211893012,48.077615341559124],[15.956451430698895,48.05468288538173]]],[[[16.83325044267574,48.11257873713908],[16.818927179219592,48.099501356066085],[16.817724028277606,48.0815261113296],[16.804311557354307,48.08192828942684],[16.81071773833459,48.07723354636356],[16.809517934516602,48.05925807665876],[16.762593233322384,48.06065560550912],[16.754708987522147,48.04287756805715],[16.701386196381257,48.048942024970316],[16.682433993875296,48.06750136594083],[16.69000760458651,48.080790012806624],[16.756775418540652,48.074335721155464],[16.777783239526933,48.087221916244175],[16.765257565879693,48.101101301986745],[16.751839649048193,48.101497408485066],[16.7527252104243,48.114979265873814],[16.76673954040077,48.12357085635657],[16.827143647146556,48.12176840792571],[16.82654029130365,48.112780915643],[16.83325044267574,48.11257873713908]]],[[[16.038315986500105,48.079808927704114],[16.00431136164281,48.07159464900838],[15.99135452399144,48.08089417324296],[15.957809432337108,48.08165770402274],[15.958942175514627,48.104136512928555],[15.98647697178776,48.11701324450396],[16.03323801831768,48.11143440186095],[16.03971707476997,48.1067825352293],[16.038315986500105,48.079808927704114]]],[[[17.09457994016278,48.099898084774985],[17.09393066998286,48.090911965401546],[17.073488754583344,48.08706943810816],[17.079871258128936,48.082359861180954],[17.072198036421014,48.06909685090638],[17.039319004117925,48.07915946347548],[17.020476458309545,48.0977736980471],[16.99940440498811,48.08493157457613],[16.979286456510152,48.085565778105455],[16.966501320660722,48.09497348098115],[16.9744657860116,48.112736719058425],[17.014404477897727,48.106973245081754],[17.01504021394216,48.115959753292756],[17.035169474742315,48.11531935347073],[17.04923044363242,48.12387677471291],[17.06265176598316,48.123446276691155],[17.075426503374644,48.114028078228394],[17.074780364084056,48.105041897244824],[17.09457994016278,48.099898084774985]]],[[[16.969011893093533,48.1309205166189],[16.96104650649927,48.113157020385074],[16.947002944219978,48.10458888791844],[16.893946879541367,48.11523524579232],[16.89333206303558,48.106248082896116],[16.87228797900767,48.093382918279545],[16.852165247201814,48.093995067107954],[16.852772810322314,48.10298248619608],[16.839657785586596,48.10788244662951],[16.847580906651622,48.125654287756944],[16.8814454662398,48.129127022394215],[16.875345244153134,48.13831917258884],[16.8619185756026,48.13872800592565],[16.86313832897416,48.15670241732728],[16.87015965515857,48.1609916903137],[16.897024150107725,48.16017057001971],[16.89640827055578,48.15118357128869],[16.916552608286977,48.15056375808017],[16.94465916599122,48.167705376141996],[16.958092659981077,48.167286977730974],[16.96386788940667,48.153597264214426],[16.976982721550044,48.148683350602425],[16.975723819007897,48.13071010066489],[16.969011893093533,48.1309205166189]]],[[[17.008330350414376,48.116172443898535],[16.9821205223969,48.126005981310705],[16.98338152185779,48.143979192892246],[17.02398087809045,48.147199068644575],[17.03676845110182,48.13778520947022],[17.03548915955902,48.11981254110538],[17.008330350414376,48.116172443898535]]],[[[16.967636566496225,48.20751653167797],[16.980133788085126,48.193615887619714],[16.97246960048328,48.1803468279129],[16.945595875209136,48.18118539148753],[16.932781111837777,48.19058904717278],[16.93371515109813,48.204069040188976],[16.92058224285975,48.20897796177799],[16.886970399180164,48.210010178622966],[16.86619140490496,48.20163785812329],[16.839911587109626,48.21143895448097],[16.8191396118619,48.203058228952656],[16.793149521011877,48.2173423482124],[16.801373582901945,48.239610233974545],[16.782088892220415,48.25369096351403],[16.783283687611284,48.27166540166464],[16.797345413552385,48.280252779348956],[16.824272824395717,48.27944853290565],[16.822761487284943,48.256981062833226],[16.829490300388102,48.25677911359136],[16.841429021235932,48.23390661123587],[16.854880467313727,48.233500161220356],[16.848458996071727,48.23819706852594],[16.849676424779624,48.256170931153804],[16.863744934510784,48.264750339294615],[16.8906632565101,48.2639307302008],[16.89251256473256,48.29089052203045],[16.912711220213144,48.29027141437128],[16.912091078071267,48.28128495849006],[16.93166233940361,48.27167606548677],[16.93103913701404,48.262689642240474],[16.943872021137054,48.25328644453259],[16.943246925474995,48.244300019912934],[16.915409351867403,48.231651884176834],[16.941997383226052,48.22632706385773],[16.94747075209638,48.20814519114093],[16.967636566496225,48.20751653167797]],[[16.915719386936313,48.236145198113206],[16.909303095441455,48.240845458039196],[16.90899358769989,48.23635213542097],[16.915719386936313,48.236145198113206]]],[[[16.859140166738758,48.395463372976735],[16.85239343679693,48.39566702408649],[16.851477118437835,48.38218745775144],[16.8379870063802,48.382593486260696],[16.83737872943217,48.373606991120205],[16.84412264345004,48.373404206278074],[16.836466709810402,48.360127175898945],[16.8165421096379,48.36522636914709],[16.803959560708805,48.37910840347154],[16.77083166721614,48.38909362859127],[16.779073424676263,48.41136147781303],[16.792871937314658,48.41545556084188],[16.812213984016644,48.40137400986575],[16.825709194343936,48.400970965059535],[16.81312041068328,48.41485376701601],[16.821081442052254,48.43262519062416],[16.86128419499901,48.42691522842954],[16.86036500654031,48.41343592136605],[16.853615937357663,48.41363964156638],[16.859140166738758,48.395463372976735]]],[[[16.921943171733833,48.61866576100323],[16.92871882537065,48.61845811011957],[16.92683883550057,48.59150296637713],[16.879432869199647,48.592947559905895],[16.88899420403452,48.633175875198106],[16.87636571507553,48.64706392721201],[16.877293263358787,48.66054156332822],[16.92476153712162,48.65909787417688],[16.923508383972415,48.641128159874334],[16.916729726510642,48.641335506968915],[16.921943171733833,48.61866576100323]]],[[[16.846144693425504,48.70199407152214],[16.90043865455651,48.700357005732066],[16.899192991327265,48.68238742690557],[16.885004414389105,48.673813978738245],[16.86465490152086,48.67442815413824],[16.845224557948995,48.68851648808585],[16.797726948529327,48.689927959986974],[16.7767687052202,48.681541536347595],[16.76379849794068,48.69092438420017],[16.76529682663508,48.713387986900806],[16.83997021420519,48.71118197042275],[16.846144693425504,48.70199407152214]]],[[[16.71068988540622,48.7104697001957],[16.716591893194625,48.696795759855696],[16.70213568055222,48.683707405864205],[16.654638693608657,48.68506096995441],[16.655508826843906,48.698540031764274],[16.66995733982484,48.711634022010514],[16.697112575266363,48.71085937761973],[16.69887644865767,48.73781638397302],[16.732837105845412,48.736838748582876],[16.74582454789687,48.72745955675687],[16.74463225703308,48.709488637497145],[16.71068988540622,48.7104697001957]]],[[[16.315825299015998,48.70315768447273],[16.275347125909775,48.70867888145929],[16.27611820960532,48.72216042153386],[16.29021815326202,48.73080701129039],[16.32392020599061,48.72545381284196],[16.322875410358552,48.707478856969004],[16.315825299015998,48.70315768447273]]],[[[16.046123492401147,48.745693912997],[16.04683497735644,48.759176624093506],[16.080580852483127,48.75389336479866],[16.073065836422188,48.74056937215579],[16.046123492401147,48.745693912997]]],[[[15.874311913120566,48.848515885958506],[15.873866955367397,48.83952720892847],[15.894292200069014,48.839084957753876],[15.90020155719549,48.82095945321935],[15.85255906104751,48.82198826630449],[15.853441359908537,48.83996591590723],[15.840043582064542,48.84475082478933],[15.841141555586733,48.867222673544426],[15.860913848976551,48.853303145853644],[15.881567865462848,48.85735744062188],[15.881121559221215,48.84836883770859],[15.874311913120566,48.848515885958506]]]]},"properties":{}}]}