{"type":"FeatureCollection","features":[{"type":"Feature","geometry":{"type":"Point","coordinates":[15.55331766,47.35042435]},"properties":{"gemeinde":"St. Kathrein am Offenegg","bezirk":"Weiz","power_kw":3600,"commissioned":"2022"}},{"type":"Feature","geometry":{"type":"Point","coordinates":[16.979194,48.062481]},"properties":{"gemeinde":"Prellenkirchen","bezirk":"Bruck an der Leitha","power_kw":6800,"commissioned":"2025"}},{"type":"Feature","geometry":{"type":"Point","coordinates":[16.983864,48.064794]},"properties":{"gemeinde":"Prellenkirchen","bezirk":"Bruck an der Leitha","power_kw":6800,"commissioned":"2025"}},{"type":"Feature","geometry":{"type":"Point","coordinates":[16.989656,48.066514]},"properties":{"gemeinde":"Prellenkirchen","bezirk":"Bruck an der Leitha","power_kw":6800,"commissioned":"2025"}},{"type":"Feature","geometry":{"type":"Point","coordinates":[16.988678,48.069822]},"properties":{"gemeinde":"Prellenkirchen","bezirk":"Bruck an der Leitha","power_kw":6800,"commissioned":"2025"}},{"type":"Feature","geometry":{"type":"Point","coordinates":[16.979931,48.069822]},"properties":{"gemeinde":"Prellenkirchen","bezirk":"Bruck an der Leitha","power_kw":6800,"commissioned":"2025"}},{"type":"Feature","geometry":{"type":"Point","coordinates":[16.980881,48.077356]},"properties":{"gemeinde":"Prellenkirchen","bezirk":"Bruck an der Leitha","power_kw":6800,"commissioned":"2025"}},{"type":"Feature","geometry":{"type":"Point","coordinates":[16.977511,48.074864]},"properties":{"gemeinde":"Prellenkirchen","bezirk":"Bruck an der Leitha","power_kw":6800,"commissioned":"2025"}},{"type":"Feature","geometry":{"type":"Point","coordinates":[16.734986,48.444536]},"properties":{"gemeinde":"Spannberg, Hohenruppersdorf","bezirk":"Gänserndorf","power_kw":5600,"commissioned":"2025"}},{"type":"Feature","geometry":{"type":"Point","coordinates":[16.728794,48.441978]},"properties":{"gemeinde":"Spannberg, Hohenruppersdorf","bezirk":"Gänserndorf","power_kw":5600,"commissioned":"2025"}},{"type":"Feature","geometry":{"type":"Point","coordinates":[16.711508,48.449378]},"properties":{"gemeinde":"Spannberg, Hohenruppersdorf","bezirk":"Gänserndorf","power_kw":5600,"commissioned":"2025"}},{"type":"Feature","geometry":{"type":"Point","coordinates":[16.709442,48.454861]},"properties":{"gemeinde":"Spannberg, Hohenruppersdorf","bezirk":"Gänserndorf","power_kw":5600,"commissioned":"2025"}},{"type":"Feature","geometry":{"type":"Point","coordinates":[16.715306,48.561108]},"properties":{"gemeinde":"Zistersdorf, Hauskirchen, Neusiedl an der Zaya","bezirk":"Gänserndorf","power_kw":6200,"commissioned":"2025"}},{"type":"Feature","geometry":{"type":"Point","coordinates":[16.700125,48.554394]},"properties":{"gemeinde":"Zistersdorf, Hauskirchen, Neusiedl an der Zaya","bezirk":"Gänserndorf","power_kw":6200,"commissioned":"2025"}},{"type":"Feature","geometry":{"type":"Point","coordinates":[16.688183,48.557194]},"properties":{"gemeinde":"Zistersdorf, Hauskirchen, Neusiedl an der Zaya","bezirk":"Gänserndorf","power_kw":6200,"commissioned":"2025"}},{"type":"Feature","geometry":{"type":"Point","coordinates":[16.754629,48.66053]},"properties":{"power_kw":6200}},{"type":"Feature","geometry":{"type":"Point","coordinates":[16.749419,48.659128]},"properties":{"power_kw":6200}},{"type":"Feature","geometry":{"type":"Point","coordinates":[16.67325,48.630222]},"properties":{"bezirk":"Mistelbach","power_kw":6800,"commissioned":"2024"}},{"type":"Feature","geometry":{"type":"Point","coordinates":[16.663333,48.611611]},"properties":{"bezirk":"Mistelbach","power_kw":6800,"commissioned":"2024"}},{"type":"Feature","geometry":{"type":"Point","coordinates":[16.872389,47.967578]},"properties":{"gemeinde":"Neusiedl am See, Weiden am See, Gols, Zurndorf, Mönchhof","bezirk":"Neusiedl am See","power_kw":4200,"commissioned":"2025"}},{"type":"Feature","geometry":{"type":"Point","coordinates":[16.885897,47.958042]},"properties":{"gemeinde":"Neusiedl am See, Weiden am See, Gols, Zurndorf, Mönchhof","bezirk":"Neusiedl am See","power_kw":4200,"commissioned":"2025"}},{"type":"Feature","geometry":{"type":"Point","coordinates":[16.882031,47.961292]},"properties":{"gemeinde":"Neusiedl am See, Weiden am See, Gols, Zurndorf, Mönchhof","bezirk":"Neusiedl am See","power_kw":4200,"commissioned":"2025"}},{"type":"Feature","geometry":{"type":"Point","coordinates":[16.881192,47.965503]},"properties":{"gemeinde":"Neusiedl am See, Weiden am See, Gols, Zurndorf, Mönchhof","bezirk":"Neusiedl am See","power_kw":4200,"commissioned":"2025"}},{"type":"Feature","geometry":{"type":"Point","coordinates":[16.889975,47.952164]},"properties":{"gemeinde":"Neusiedl am See, Weiden am See, Gols, Zurndorf, Mönchhof","bezirk":"Neusiedl am See","power_kw":4200,"commissioned":"2025"}},{"type":"Feature","geometry":{"type":"Point","coordinates":[16.890797,47.954692]},"properties":{"gemeinde":"Neusiedl am See, Weiden am See, Gols, Zurndorf, Mönchhof","bezirk":"Neusiedl am See","power_kw":4200,"commissioned":"2025"}},{"type":"Feature","geometry":{"type":"Point","coordinates":[16.892186,47.945567]},"properties":{"gemeinde":"Neusiedl am See, Weiden am See, Gols, Zurndorf, Mönchhof","bezirk":"Neusiedl am See","power_kw":4200,"commissioned":"2025"}},{"type":"Feature","geometry":{"type":"Point","coordinates":[16.900061,47.939853]},"properties":{"gemeinde":"Neusiedl am See, Weiden am See, Gols, Zurndorf, Mönchhof","bezirk":"Neusiedl am See","power_kw":4200,"commissioned":"2025"}},{"type":"Feature","geometry":{"type":"Point","coordinates":[16.898144,47.944386]},"properties":{"gemeinde":"Neusiedl am See, Weiden am See, Gols, Zurndorf, Mönchhof","bezirk":"Neusiedl am See","power_kw":4200,"commissioned":"2025"}},{"type":"Feature","geometry":{"type":"Point","coordinates":[16.58103,48.52908]},"properties":{"bezirk":"Mistelbach","power_kw":6000,"commissioned":"2024"}},{"type":"Feature","geometry":{"type":"Point","coordinates":[16.57897,48.52192]},"properties":{"bezirk":"Mistelbach","power_kw":4200,"commissioned":"2024"}},{"type":"Feature","geometry":{"type":"Point","coordinates":[16.56936,48.52644]},"properties":{"bezirk":"Mistelbach","power_kw":6000,"commissioned":"2024"}},{"type":"Feature","geometry":{"type":"Point","coordinates":[16.56256,48.51769]},"properties":{"bezirk":"Mistelbach","power_kw":6000,"commissioned":"2024"}},{"type":"Feature","geometry":{"type":"Point","coordinates":[16.415838,47.762576]},"properties":{"bezirk":"Mattersburg","power_kw":4200,"commissioned":"2024"}},{"type":"Feature","geometry":{"type":"Point","coordinates":[16.418944,47.764697]},"properties":{"bezirk":"Mattersburg","power_kw":4200,"commissioned":"2024"}},{"type":"Feature","geometry":{"type":"Point","coordinates":[16.76031,48.41167]},"properties":{"power_kw":6000,"commissioned":"2023"}},{"type":"Feature","geometry":{"type":"Point","coordinates":[16.75839,48.40717]},"properties":{"power_kw":6000,"commissioned":"2023"}},{"type":"Feature","geometry":{"type":"Point","coordinates":[16.74467,48.40679]},"properties":{"power_kw":6000,"commissioned":"2023"}},{"type":"Feature","geometry":{"type":"Point","coordinates":[16.573472,48.521639]},"properties":{"bezirk":"Mistelbach","power_kw":6000,"commissioned":"2024"}},{"type":"Feature","geometry":{"type":"Point","coordinates":[16.563694,48.522389]},"properties":{"bezirk":"Mistelbach","power_kw":6000,"commissioned":"2024"}},{"type":"Feature","geometry":{"type":"Point","coordinates":[16.555944,48.517917]},"properties":{"bezirk":"Mistelbach","power_kw":6000,"commissioned":"2024"}},{"type":"Feature","geometry":{"type":"Point","coordinates":[16.670861,48.623028]},"properties":{"bezirk":"Mistelbach","power_kw":4800,"commissioned":"2024"}},{"type":"Feature","geometry":{"type":"Point","coordinates":[16.656722,48.609833]},"properties":{"bezirk":"Mistelbach","power_kw":6800,"commissioned":"2024"}},{"type":"Feature","geometry":{"type":"Point","coordinates":[16.652278,48.607722]},"properties":{"bezirk":"Mistelbach","power_kw":6800,"commissioned":"2024"}},{"type":"Feature","geometry":{"type":"Point","coordinates":[15.66873,48.2032]},"properties":{"gemeinde":"St. Pölten","bezirk":"St. Pölten Stadt","power_kw":4200,"commissioned":"2024"}},{"type":"Feature","geometry":{"type":"Point","coordinates":[15.008205,47.478139]},"properties":{"bezirk":"Leoben","power_kw":3450,"commissioned":"2024"}},{"type":"Feature","geometry":{"type":"Point","coordinates":[15.005834,47.477009]},"properties":{"bezirk":"Leoben","power_kw":3450,"commissioned":"2024"}},{"type":"Feature","geometry":{"type":"Point","coordinates":[15.004201,47.476366]},"properties":{"bezirk":"Leoben","power_kw":3450,"commissioned":"2024"}},{"type":"Feature","geometry":{"type":"Point","coordinates":[47.475414,15.001532]},"properties":{"bezirk":"Leoben","power_kw":3450,"commissioned":"2024"}},{"type":"Feature","geometry":{"type":"Point","coordinates":[16.82319,48.09331]},"properties":{"bezirk":"Bruck an der Leitha","power_kw":5100,"commissioned":"2024"}},{"type":"Feature","geometry":{"type":"Point","coordinates":[16.76556,48.09106]},"properties":{"bezirk":"Bruck an der Leitha","power_kw":5100,"commissioned":"2024"}},{"type":"Feature","geometry":{"type":"Point","coordinates":[16.412429,47.760658]},"properties":{"bezirk":"Mattersburg","power_kw":4200,"commissioned":"2024"}},{"type":"Feature","geometry":{"type":"Point","coordinates":[16.407376,47.75905]},"properties":{"bezirk":"Mattersburg","power_kw":4200,"commissioned":"2024"}},{"type":"Feature","geometry":{"type":"Point","coordinates":[17.005997,48.054514]},"properties":{"power_kw":4200,"commissioned":"2023"}},{"type":"Feature","geometry":{"type":"Point","coordinates":[17.002708,48.050951]},"properties":{"power_kw":4200,"commissioned":"2023"}},{"type":"Feature","geometry":{"type":"Point","coordinates":[16.964333,47.928833]},"properties":{"power_kw":5600,"commissioned":"2024"}},{"type":"Feature","geometry":{"type":"Point","coordinates":[16.953056,47.935278]},"properties":{"power_kw":5600,"commissioned":"2024"}},{"type":"Feature","geometry":{"type":"Point","coordinates":[16.821858,48.482792]},"properties":{"power_kw":5600,"commissioned":"2023"}},{"type":"Feature","geometry":{"type":"Point","coordinates":[16.815383,48.484889]},"properties":{"power_kw":5600,"commissioned":"2023"}},{"type":"Feature","geometry":{"type":"Point","coordinates":[0.0,0.0]},"properties":{"power_kw":6200,"commissioned":"2023"}},{"type":"Feature","geometry":{"type":"Point","coordinates":[15.756907,47.572629]},"properties":{"power_kw":4200,"commissioned":"2024"}},{"type":"Feature","geometry":{"type":"Point","coordinates":[15.759717,47.568895]},"properties":{"power_kw":4200,"commissioned":"2024"}},{"type":"Feature","geometry":{"type":"Point","coordinates":[15.765036,47.564972]},"properties":{"power_kw":4200,"commissioned":"2024"}},{"type":"Feature","geometry":{"type":"Point","coordinates":[15.75322,47.576509]},"properties":{"power_kw":4200,"commissioned":"2024"}},{"type":"Feature","geometry":{"type":"Point","coordinates":[16.687433,48.182265]},"properties":{"gemeinde":"Orth an der Donau","bezirk":"Gänserndorf","power_kw":6000,"commissioned":"2023"}},{"type":"Feature","geometry":{"type":"Point","coordinates":[16.823414,48.486978]},"properties":{"gemeinde":"Dürnkrut","bezirk":"Gänserndorf","power_kw":5700,"commissioned":"2023"}},{"type":"Feature","geometry":{"type":"Point","coordinates":[16.824436,48.491528]},"properties":{"gemeinde":"Dürnkrut","bezirk":"Gänserndorf","power_kw":5700,"commissioned":"2023"}},{"type":"Feature","geometry":{"type":"Point","coordinates":[16.889411,48.061113]},"properties":{"power_kw":3800,"commissioned":"2023"}},{"type":"Feature","geometry":{"type":"Point","coordinates":[16.70375,48.03789]},"properties":{"gemeinde":"Trautmannsdorf an der Leitha","bezirk":"Bruck an der Leitha","power_kw":3450,"commissioned":"2023"}},{"type":"Feature","geometry":{"type":"Point","coordinates":[16.69778,48.04058]},"properties":{"gemeinde":"Trautmannsdorf an der Leitha","bezirk":"Bruck an der Leitha","power_kw":3450,"commissioned":"2023"}},{"type":"Feature","geometry":{"type":"Point","coordinates":[16.69831,48.04889]},"properties":{"gemeinde":"Trautmannsdorf an der Leitha","bezirk":"Bruck an der Leitha","power_kw":3600,"commissioned":"2023"}},{"type":"Feature","geometry":{"type":"Point","coordinates":[16.69203,48.05164]},"properties":{"gemeinde":"Trautmannsdorf an der Leitha","bezirk":"Bruck an der Leitha","power_kw":3600,"commissioned":"2023"}},{"type":"Feature","geometry":{"type":"Point","coordinates":[16.68089,48.05589]},"properties":{"gemeinde":"Trautmannsdorf an der Leitha","bezirk":"Bruck an der Leitha","power_kw":3600,"commissioned":"2023"}},{"type":"Feature","geometry":{"type":"Point","coordinates":[16.675,48.05758]},"properties":{"gemeinde":"Trautmannsdorf an der Leitha","bezirk":"Bruck an der Leitha","power_kw":3600,"commissioned":"2023"}},{"type":"Feature","geometry":{"type":"Point","coordinates":[16.925554,48.035081]},"properties":{"bezirk":"Neusiedl am See","power_kw":3600,"commissioned":"2022"}},{"type":"Feature","geometry":{"type":"Point","coordinates":[16.92276944,48.03231667]},"properties":{"bezirk":"Neusiedl am See","power_kw":4200,"commissioned":"2022"}},{"type":"Feature","geometry":{"type":"Point","coordinates":[0.0,0.0]},"properties":{"gemeinde":"Gols","bezirk":"Neusiedl am See","power_kw":4200,"commissioned":"2022"}},{"type":"Feature","geometry":{"type":"Point","coordinates":[16.68008,48.25275]},"properties":{"gemeinde":"Obersiebenbrunn","bezirk":"Gänserndorf","power_kw":4200,"commissioned":"2022"}},{"type":"Feature","geometry":{"type":"Point","coordinates":[16.68008,48.25275]},"properties":{"gemeinde":"Obersiebenbrunn","bezirk":"Gänserndorf","power_kw":4200,"commissioned":"2022"}},{"type":"Feature","geometry":{"type":"Point","coordinates":[15.49738,47.493808]},"properties":{"bezirk":"Bruck-Mürzzuschlag","power_kw":3300,"commissioned":"2022"}},{"type":"Feature","geometry":{"type":"Point","coordinates":[15.50184,47.494542]},"properties":{"bezirk":"Bruck-Mürzzuschlag","power_kw":3300,"commissioned":"2022"}},{"type":"Feature","geometry":{"type":"Point","coordinates":[15.508166,47.493122]},"properties":{"bezirk":"Bruck-Mürzzuschlag","power_kw":3300,"commissioned":"2022"}},{"type":"Feature","geometry":{"type":"Point","coordinates":[15.512305,47.494069]},"properties":{"bezirk":"Bruck-Mürzzuschlag","power_kw":3300,"commissioned":"2022"}},{"type":"Feature","geometry":{"type":"Point","coordinates":[15.517039,47.494355]},"properties":{"bezirk":"Bruck-Mürzzuschlag","power_kw":3300,"commissioned":"2022"}},{"type":"Feature","geometry":{"type":"Point","coordinates":[15.521883,47.494318]},"properties":{"bezirk":"Bruck-Mürzzuschlag","power_kw":3300,"commissioned":"2022"}},{"type":"Feature","geometry":{"type":"Point","coordinates":[15.526785,47.494046]},"properties":{"bezirk":"Bruck-Mürzzuschlag","power_kw":3300,"commissioned":"2022"}},{"type":"Feature","geometry":{"type":"Point","coordinates":[15.53686,47.493838]},"properties":{"bezirk":"Bruck-Mürzzuschlag","power_kw":3300,"commissioned":"2022"}},{"type":"Feature","geometry":{"type":"Point","coordinates":[15.540147,47.494994]},"properties":{"bezirk":"Bruck-Mürzzuschlag","power_kw":3300,"commissioned":"2022"}},{"type":"Feature","geometry":{"type":"Point","coordinates":[0.0,0.0]},"properties":{"gemeinde":"Gols","bezirk":"Neusiedl am See","power_kw":4200,"commissioned":"2021"}},{"type":"Feature","geometry":{"type":"Point","coordinates":[16.670829,48.529492]},"properties":{"gemeinde":"Mistelbach an der Zaya","bezirk":"Mistelbach","power_kw":3300,"commissioned":"2019"}},{"type":"Feature","geometry":{"type":"Point","coordinates":[16.634892,48.535398]},"properties":{"gemeinde":"Mistelbach an der Zaya","bezirk":"Mistelbach","power_kw":3300,"commissioned":"2019"}},{"type":"Feature","geometry":{"type":"Point","coordinates":[16.77447,48.08644]},"properties":{"gemeinde":"Scharndorf","bezirk":"Bruck an der Leitha","power_kw":3450,"commissioned":"2019"}},{"type":"Feature","geometry":{"type":"Point","coordinates":[16.823711,48.08643]},"properties":{"gemeinde":"Scharndorf","bezirk":"Bruck an der Leitha","power_kw":3450,"commissioned":"2021"}},{"type":"Feature","geometry":{"type":"Point","coordinates":[16.827001,48.079091]},"properties":{"gemeinde":"Scharndorf","bezirk":"Bruck an der Leitha","power_kw":3450,"commissioned":"2021"}},{"type":"Feature","geometry":{"type":"Point","coordinates":[17.02596,47.83494]},"properties":{"gemeinde":"Neusiedl am See","bezirk":"Neusiedl am See","power_kw":2350,"commissioned":"2020"}},{"type":"Feature","geometry":{"type":"Point","coordinates":[17.0203,47.83337]},"properties":{"gemeinde":"Neusiedl am See","bezirk":"Neusiedl am See","power_kw":2350,"commissioned":"2020"}},{"type":"Feature","geometry":{"type":"Point","coordinates":[16.83172,48.011214]},"properties":{"gemeinde":"Bruckneudorf","bezirk":"Neusiedl am See","power_kw":3300,"commissioned":"2019"}},{"type":"Feature","geometry":{"type":"Point","coordinates":[16.832203,48.014042]},"properties":{"gemeinde":"Bruckneudorf","bezirk":"Neusiedl am See","power_kw":3300,"commissioned":"2019"}},{"type":"Feature","geometry":{"type":"Point","coordinates":[16.6609,48.2557]},"properties":{"gemeinde":"Markgrafneusiedl","bezirk":"Gänserndorf","power_kw":2050,"commissioned":"2019"}},{"type":"Feature","geometry":{"type":"Point","coordinates":[15.17305,48.522094]},"properties":{"gemeinde":"Grafenschlag","bezirk":"Zwettl","power_kw":3450,"commissioned":"2099"}},{"type":"Feature","geometry":{"type":"Point","coordinates":[15.174454,48.518722]},"properties":{"gemeinde":"Grafenschlag","bezirk":"Zwettl","power_kw":3450,"commissioned":"2022"}},{"type":"Feature","geometry":{"type":"Point","coordinates":[15.182259,48.518982]},"properties":{"gemeinde":"Grafenschlag","bezirk":"Zwettl","power_kw":3450,"commissioned":"2022"}},{"type":"Feature","geometry":{"type":"Point","coordinates":[15.1811,48.515833]},"properties":{"gemeinde":"Grafenschlag","bezirk":"Zwettl","power_kw":3450,"commissioned":"2022"}},{"type":"Feature","geometry":{"type":"Point","coordinates":[16.74732,48.10168]},"properties":{"gemeinde":"Scharndorf","bezirk":"Bruck an der Leitha","power_kw":3300,"commissioned":"2099"}},{"type":"Feature","geometry":{"type":"Point","coordinates":[0.0,0.0]},"properties":{"gemeinde":"Gols","bezirk":"Neusiedl am See","power_kw":4200,"commissioned":"2021"}},{"type":"Feature","geometry":{"type":"Point","coordinates":[0.0,0.0]},"properties":{"gemeinde":"Gols","bezirk":"Neusiedl am See","power_kw":4200,"commissioned":"2021"}},{"type":"Feature","geometry":{"type":"Point","coordinates":[17.066274,47.903814]},"properties":{"gemeinde":"Nickelsdorf","bezirk":"Neusiedl am See","power_kw":3050,"commissioned":"2021"}},{"type":"Feature","geometry":{"type":"Point","coordinates":[17.061596,47.903627]},"properties":{"gemeinde":"Nickelsdorf","bezirk":"Neusiedl am See","power_kw":2350,"commissioned":"2021"}},{"type":"Feature","geometry":{"type":"Point","coordinates":[17.019,47.922389]},"properties":{"gemeinde":"Nickelsdorf","bezirk":"Neusiedl am See","power_kw":4000,"commissioned":"2021"}},{"type":"Feature","geometry":{"type":"Point","coordinates":[16.99264,47.94194]},"properties":{"gemeinde":"Zurndorf","bezirk":"Neusiedl am See","power_kw":4000,"commissioned":"2021"}},{"type":"Feature","geometry":{"type":"Point","coordinates":[16.98628,47.94311]},"properties":{"gemeinde":"Zurndorf","bezirk":"Neusiedl am See","power_kw":4000,"commissioned":"2021"}},{"type":"Feature","geometry":{"type":"Point","coordinates":[16.990472,47.893547]},"properties":{"gemeinde":"Mönchhof","bezirk":"Neusiedl am See","power_kw":3450,"commissioned":"2020"}},{"type":"Feature","geometry":{"type":"Point","coordinates":[16.98694,47.91075]},"properties":{"gemeinde":"Mönchhof","bezirk":"Neusiedl am See","power_kw":3450,"commissioned":"2019"}},{"type":"Feature","geometry":{"type":"Point","coordinates":[16.97386,47.89481]},"properties":{"gemeinde":"Mönchhof","bezirk":"Neusiedl am See","power_kw":3450,"commissioned":"2019"}},{"type":"Feature","geometry":{"type":"Point","coordinates":[16.864986,48.036358]},"properties":{"gemeinde":"Pama","bezirk":"Neusiedl","power_kw":3450,"commissioned":"2018"}},{"type":"Feature","geometry":{"type":"Point","coordinates":[16.857978,48.038964]},"properties":{"gemeinde":"Pama","bezirk":"Neusiedl","power_kw":3450,"commissioned":"2018"}},{"type":"Feature","geometry":{"type":"Point","coordinates":[16.86108,48.03422]},"properties":{"gemeinde":"Pama","bezirk":"Neusiedl","power_kw":3450,"commissioned":"2018"}},{"type":"Feature","geometry":{"type":"Point","coordinates":[16.85847,48.03128]},"properties":{"gemeinde":"Pama","bezirk":"Neusiedl","power_kw":3450,"commissioned":"2018"}},{"type":"Feature","geometry":{"type":"Point","coordinates":[16.85289,48.03175]},"properties":{"gemeinde":"Pama","bezirk":"Neusiedl","power_kw":3450,"commissioned":"2018"}},{"type":"Feature","geometry":{"type":"Point","coordinates":[16.84872,48.03658]},"properties":{"gemeinde":"Pama","bezirk":"Neusiedl","power_kw":3450,"commissioned":"2018"}},{"type":"Feature","geometry":{"type":"Point","coordinates":[16.63453,48.53206]},"properties":{"gemeinde":"Gaweinstal","bezirk":"Mistelbach","power_kw":5700,"commissioned":"2023"}},{"type":"Feature","geometry":{"type":"Point","coordinates":[16.63825,48.528]},"properties":{"gemeinde":"Gaweinstal","bezirk":"Mistelbach","power_kw":5700,"commissioned":"2023"}},{"type":"Feature","geometry":{"type":"Point","coordinates":[16.64608,48.5195]},"properties":{"gemeinde":"Gaweinstal","bezirk":"Mistelbach","power_kw":5700,"commissioned":"2023"}},{"type":"Feature","geometry":{"type":"Point","coordinates":[17.018155,48.094184]},"properties":{"gemeinde":"Berg","bezirk":"Bruck an der Leitha","power_kw":2200,"commissioned":"2022"}},{"type":"Feature","geometry":{"type":"Point","coordinates":[17.016631,48.091045]},"properties":{"gemeinde":"Berg","bezirk":"Bruck an der Leitha","power_kw":2200,"commissioned":"2022"}},{"type":"Feature","geometry":{"type":"Point","coordinates":[17.024512,48.095887]},"properties":{"gemeinde":"Berg","bezirk":"Bruck an der Leitha","power_kw":2200,"commissioned":"2022"}},{"type":"Feature","geometry":{"type":"Point","coordinates":[17.023866,48.09278]},"properties":{"gemeinde":"Berg","bezirk":"Bruck an der Leitha","power_kw":2200,"commissioned":"2022"}},{"type":"Feature","geometry":{"type":"Point","coordinates":[17.023016,48.089563]},"properties":{"gemeinde":"Berg","bezirk":"Bruck an der Leitha","power_kw":2200,"commissioned":"2022"}},{"type":"Feature","geometry":{"type":"Point","coordinates":[17.030333,48.091881]},"properties":{"gemeinde":"Berg","bezirk":"Bruck an der Leitha","power_kw":2200,"commissioned":"2022"}},{"type":"Feature","geometry":{"type":"Point","coordinates":[17.029239,48.088048]},"properties":{"gemeinde":"Berg","bezirk":"Bruck an der Leitha","power_kw":2200,"commissioned":"2022"}},{"type":"Feature","geometry":{"type":"Point","coordinates":[17.036049,48.09053]},"properties":{"gemeinde":"Berg","bezirk":"Bruck an der Leitha","power_kw":2200,"commissioned":"2022"}},{"type":"Feature","geometry":{"type":"Point","coordinates":[17.010325,48.092739]},"properties":{"gemeinde":"Berg","bezirk":"Bruck an der Leitha","power_kw":2200,"commissioned":"2022"}},{"type":"Feature","geometry":{"type":"Point","coordinates":[17.06625,47.903917]},"properties":{"gemeinde":"Nickelsdorf","bezirk":"Neusiedl am See","power_kw":2350,"commissioned":"2018"}},{"type":"Feature","geometry":{"type":"Point","coordinates":[17.05625,47.90525]},"properties":{"gemeinde":"Nickelsdorf","bezirk":"Neusiedl am See","power_kw":2350,"commissioned":"2018"}},{"type":"Feature","geometry":{"type":"Point","coordinates":[16.692619,48.002383]},"properties":{"gemeinde":"Sommerein","bezirk":"Bruck an der Leitha","power_kw":3450,"commissioned":"2018"}},{"type":"Feature","geometry":{"type":"Point","coordinates":[16.687578,47.998392]},"properties":{"gemeinde":"Sommerein","bezirk":"Bruck an der Leitha","power_kw":3450,"commissioned":"2018"}},{"type":"Feature","geometry":{"type":"Point","coordinates":[16.688328,48.001453]},"properties":{"gemeinde":"Sommerein","bezirk":"Bruck an der Leitha","power_kw":3450,"commissioned":"2018"}},{"type":"Feature","geometry":{"type":"Point","coordinates":[16.682061,48.000811]},"properties":{"gemeinde":"Sommerein","bezirk":"Bruck an der Leitha","power_kw":3450,"commissioned":"2018"}},{"type":"Feature","geometry":{"type":"Point","coordinates":[16.680856,48.006764]},"properties":{"gemeinde":"Sommerein","bezirk":"Bruck an der Leitha","power_kw":3450,"commissioned":"2018"}},{"type":"Feature","geometry":{"type":"Point","coordinates":[16.678156,48.005775]},"properties":{"gemeinde":"Sommerein","bezirk":"Bruck an der Leitha","power_kw":3450,"commissioned":"2018"}},{"type":"Feature","geometry":{"type":"Point","coordinates":[16.67914,48.26061]},"properties":{"gemeinde":"Obersiebenbrunn","bezirk":"Gänserndorf","power_kw":3600,"commissioned":"2022"}},{"type":"Feature","geometry":{"type":"Point","coordinates":[15.52351,48.7954]},"properties":{"gemeinde":"Japons","bezirk":"Horn","power_kw":4200,"commissioned":"2023"}},{"type":"Feature","geometry":{"type":"Point","coordinates":[15.52281,48.79096]},"properties":{"gemeinde":"Japons","bezirk":"Horn","power_kw":4200,"commissioned":"2023"}},{"type":"Feature","geometry":{"type":"Point","coordinates":[15.5187,48.78312]},"properties":{"gemeinde":"Japons","bezirk":"Horn","power_kw":4200,"commissioned":"2023"}},{"type":"Feature","geometry":{"type":"Point","coordinates":[16.650274,48.286587]},"properties":{"gemeinde":"Markgrafneusiedl, Obersiebenbrunn, Untersiebenbrunn","bezirk":"Gänserndorf","power_kw":3050,"commissioned":"2019"}},{"type":"Feature","geometry":{"type":"Point","coordinates":[16.657583,48.278972]},"properties":{"gemeinde":"Markgrafneusiedl, Obersiebenbrunn, Untersiebenbrunn","bezirk":"Gänserndorf","power_kw":4200,"commissioned":"2022"}},{"type":"Feature","geometry":{"type":"Point","coordinates":[16.65778,48.28223]},"properties":{"gemeinde":"Markgrafneusiedl, Obersiebenbrunn, Untersiebenbrunn","bezirk":"Gänserndorf","power_kw":2200,"commissioned":"2019"}},{"type":"Feature","geometry":{"type":"Point","coordinates":[16.82864,48.08217]},"properties":{"gemeinde":"Scharndorf","bezirk":"Bruck an der Leitha","power_kw":3400,"commissioned":"2019"}},{"type":"Feature","geometry":{"type":"Point","coordinates":[16.82997,48.08531]},"properties":{"gemeinde":"Scharndorf","bezirk":"Bruck an der Leitha","power_kw":3400,"commissioned":"2019"}},{"type":"Feature","geometry":{"type":"Point","coordinates":[16.83478,48.08242]},"properties":{"gemeinde":"Scharndorf","bezirk":"Bruck an der Leitha","power_kw":3400,"commissioned":"2019"}},{"type":"Feature","geometry":{"type":"Point","coordinates":[16.82142,48.084]},"properties":{"gemeinde":"Scharndorf","bezirk":"Bruck an der Leitha","power_kw":3170,"commissioned":"2019"}},{"type":"Feature","geometry":{"type":"Point","coordinates":[16.67014,48.43125]},"properties":{"gemeinde":"Matzen-Raggendorf","bezirk":"Gänserndorf","power_kw":4200,"commissioned":"2022"}},{"type":"Feature","geometry":{"type":"Point","coordinates":[16.66583,48.42939]},"properties":{"gemeinde":"Matzen-Raggendorf","bezirk":"Gänserndorf","power_kw":4200,"commissioned":"2022"}},{"type":"Feature","geometry":{"type":"Point","coordinates":[16.66169,48.42664]},"properties":{"gemeinde":"Matzen-Raggendorf","bezirk":"Gänserndorf","power_kw":4200,"commissioned":"2022"}},{"type":"Feature","geometry":{"type":"Point","coordinates":[16.705928,48.441989]},"properties":{"gemeinde":"Spannberg","bezirk":"Gänserndorf","power_kw":4200,"commissioned":"2022"}},{"type":"Feature","geometry":{"type":"Point","coordinates":[16.699193,48.458836]},"properties":{"gemeinde":"Spannberg","bezirk":"Gänserndorf","power_kw":4200,"commissioned":"2022"}},{"type":"Feature","geometry":{"type":"Point","coordinates":[16.706862,48.448498]},"properties":{"gemeinde":"Spannberg","bezirk":"Gänserndorf","power_kw":4200,"commissioned":"2022"}},{"type":"Feature","geometry":{"type":"Point","coordinates":[16.717123,48.44649]},"properties":{"gemeinde":"Spannberg","bezirk":"Gänserndorf","power_kw":4200,"commissioned":"2022"}},{"type":"Feature","geometry":{"type":"Point","coordinates":[16.696525,48.43938333]},"properties":{"gemeinde":"Hohenruppersdorf","bezirk":"Gänserndorf","power_kw":6000}},{"type":"Feature","geometry":{"type":"Point","coordinates":[16.694275,48.44628889]},"properties":{"gemeinde":"Hohenruppersdorf","bezirk":"Gänserndorf","power_kw":6000}},{"type":"Feature","geometry":{"type":"Point","coordinates":[16.68629445,48.44950556]},"properties":{"gemeinde":"Hohenruppersdorf","bezirk":"Gänserndorf","power_kw":6000}},{"type":"Feature","geometry":{"type":"Point","coordinates":[16.67959722,48.45248333]},"properties":{"gemeinde":"Hohenruppersdorf","bezirk":"Gänserndorf","power_kw":6000}},{"type":"Feature","geometry":{"type":"Point","coordinates":[16.68991667,48.46471944]},"properties":{"gemeinde":"Hohenruppersdorf","bezirk":"Gänserndorf","power_kw":6000}},{"type":"Feature","geometry":{"type":"Point","coordinates":[16.69164444,48.46039722]},"properties":{"gemeinde":"Hohenruppersdorf","bezirk":"Gänserndorf","power_kw":6000}},{"type":"Feature","geometry":{"type":"Point","coordinates":[16.68156389,48.45546389]},"properties":{"gemeinde":"Hohenruppersdorf","bezirk":"Gänserndorf","power_kw":6000}},{"type":"Feature","geometry":{"type":"Point","coordinates":[16.68961667,48.45266111]},"properties":{"gemeinde":"Hohenruppersdorf","bezirk":"Gänserndorf","power_kw":6000}},{"type":"Feature","geometry":{"type":"Point","coordinates":[16.889953,47.977789]},"properties":{"gemeinde":"Parndorf","bezirk":"Neusiedl am See","power_kw":4000,"commissioned":"2021"}},{"type":"Feature","geometry":{"type":"Point","coordinates":[16.895686,47.980378]},"properties":{"gemeinde":"Parndorf","bezirk":"Neusiedl am See","power_kw":4000,"commissioned":"2021"}},{"type":"Feature","geometry":{"type":"Point","coordinates":[16.898331,47.984719]},"properties":{"gemeinde":"Parndorf","bezirk":"Neusiedl am See","power_kw":3050,"commissioned":"2021"}},{"type":"Feature","geometry":{"type":"Point","coordinates":[0.0,0.0]},"properties":{"gemeinde":"Höflein","bezirk":"Bruck an der Leitha","power_kw":2500,"commissioned":"2022"}},{"type":"Feature","geometry":{"type":"Point","coordinates":[15.72411,48.20714]},"properties":{"gemeinde":"Böheimkirchen","bezirk":"St. Pölten-Land","power_kw":4200,"commissioned":"2022"}},{"type":"Feature","geometry":{"type":"Point","coordinates":[15.73,48.20944]},"properties":{"gemeinde":"Böheimkirchen","bezirk":"St. Pölten-Land","power_kw":4200,"commissioned":"2022"}},{"type":"Feature","geometry":{"type":"Point","coordinates":[15.72197,48.21136]},"properties":{"gemeinde":"St. Pölten","bezirk":"St. Pölten","power_kw":4200,"commissioned":"2022"}},{"type":"Feature","geometry":{"type":"Point","coordinates":[16.659799,48.537459]},"properties":{"gemeinde":"Mistelbach an der Zaya","bezirk":"Mistelbach","power_kw":4200,"commissioned":"2020"}},{"type":"Feature","geometry":{"type":"Point","coordinates":[16.662499,48.530909]},"properties":{"gemeinde":"Mistelbach an der Zaya","bezirk":"Mistelbach","power_kw":4200,"commissioned":"2020"}},{"type":"Feature","geometry":{"type":"Point","coordinates":[16.686424,47.552317]},"properties":{"gemeinde":"Nikitsch","bezirk":"Oberpullendorf","power_kw":2350}},{"type":"Feature","geometry":{"type":"Point","coordinates":[16.672693,47.559109]},"properties":{"gemeinde":"Nikitsch","bezirk":"Oberpullendorf","power_kw":2350}},{"type":"Feature","geometry":{"type":"Point","coordinates":[16.933389,48.030619]},"properties":{"gemeinde":"Potzneusiedl","bezirk":"Neusiedl am See","power_kw":3800,"commissioned":"2023"}},{"type":"Feature","geometry":{"type":"Point","coordinates":[16.92855,48.030733]},"properties":{"gemeinde":"Potzneusiedl","bezirk":"Neusiedl am See","power_kw":3800,"commissioned":"2023"}},{"type":"Feature","geometry":{"type":"Point","coordinates":[16.87393,47.97459]},"properties":{"gemeinde":"Parndorf","bezirk":"Neusiedl am See","power_kw":3300,"commissioned":"2023"}},{"type":"Feature","geometry":{"type":"Point","coordinates":[16.878918,47.966877]},"properties":{"gemeinde":"Parndorf","bezirk":"Neusiedl am See","power_kw":3300,"commissioned":"2023"}},{"type":"Feature","geometry":{"type":"Point","coordinates":[16.884742,47.976585]},"properties":{"gemeinde":"Parndorf","bezirk":"Neusiedl am See","power_kw":3300,"commissioned":"2023"}},{"type":"Feature","geometry":{"type":"Point","coordinates":[16.889223,47.971489]},"properties":{"gemeinde":"Parndorf","bezirk":"Neusiedl am See","power_kw":3300,"commissioned":"2023"}},{"type":"Feature","geometry":{"type":"Point","coordinates":[16.892211,47.974956]},"properties":{"gemeinde":"Parndorf","bezirk":"Neusiedl am See","power_kw":3300,"commissioned":"2023"}},{"type":"Feature","geometry":{"type":"Point","coordinates":[16.883575,47.972749]},"properties":{"gemeinde":"Parndorf","bezirk":"Neusiedl am See","power_kw":3300,"commissioned":"2023"}},{"type":"Feature","geometry":{"type":"Point","coordinates":[16.895193,47.971364]},"properties":{"gemeinde":"Parndorf","bezirk":"Neusiedl am See","power_kw":3300,"commissioned":"2023"}},{"type":"Feature","geometry":{"type":"Point","coordinates":[16.906992,47.985206]},"properties":{"gemeinde":"Parndorf","bezirk":"Neusiedl am See","power_kw":4200}},{"type":"Feature","geometry":{"type":"Point","coordinates":[16.903489,47.980897]},"properties":{"gemeinde":"Parndorf","bezirk":"Neusiedl am See","power_kw":4200}},{"type":"Feature","geometry":{"type":"Point","coordinates":[16.900761,47.976622]},"properties":{"gemeinde":"Parndorf","bezirk":"Neusiedl am See","power_kw":4200}},{"type":"Feature","geometry":{"type":"Point","coordinates":[16.915256,47.981578]},"properties":{"gemeinde":"Parndorf","bezirk":"Neusiedl am See","power_kw":4200}},{"type":"Feature","geometry":{"type":"Point","coordinates":[16.908372,47.976944]},"properties":{"gemeinde":"Parndorf","bezirk":"Neusiedl am See","power_kw":4200}},{"type":"Feature","geometry":{"type":"Point","coordinates":[16.905544,47.972992]},"properties":{"gemeinde":"Parndorf","bezirk":"Neusiedl am See","power_kw":4200}},{"type":"Feature","geometry":{"type":"Point","coordinates":[16.924667,47.977508]},"properties":{"gemeinde":"Parndorf","bezirk":"Neusiedl am See","power_kw":4200}},{"type":"Feature","geometry":{"type":"Point","coordinates":[16.917625,47.974306]},"properties":{"gemeinde":"Parndorf","bezirk":"Neusiedl am See","power_kw":4200}},{"type":"Feature","geometry":{"type":"Point","coordinates":[16.912372,47.971581]},"properties":{"gemeinde":"Parndorf","bezirk":"Neusiedl am See","power_kw":4200}},{"type":"Feature","geometry":{"type":"Point","coordinates":[16.906711,47.968328]},"properties":{"gemeinde":"Parndorf","bezirk":"Neusiedl am See","power_kw":4200}},{"type":"Feature","geometry":{"type":"Point","coordinates":[16.965033,47.904164]},"properties":{"gemeinde":"Mönchhof, Gols","bezirk":"Neusiedl am See","power_kw":5500,"commissioned":"2021"}},{"type":"Feature","geometry":{"type":"Point","coordinates":[16.973422,47.912842]},"properties":{"gemeinde":"Mönchhof, Gols","bezirk":"Neusiedl am See","power_kw":5500,"commissioned":"2021"}},{"type":"Feature","geometry":{"type":"Point","coordinates":[16.966233,47.917033]},"properties":{"gemeinde":"Mönchhof, Gols","bezirk":"Neusiedl am See","power_kw":5500,"commissioned":"2021"}},{"type":"Feature","geometry":{"type":"Point","coordinates":[16.950794,47.908419]},"properties":{"gemeinde":"Mönchhof, Gols","bezirk":"Neusiedl am See","power_kw":5500,"commissioned":"2021"}},{"type":"Feature","geometry":{"type":"Point","coordinates":[16.946125,47.912353]},"properties":{"gemeinde":"Mönchhof, Gols","bezirk":"Neusiedl am See","power_kw":5500,"commissioned":"2021"}},{"type":"Feature","geometry":{"type":"Point","coordinates":[16.941,47.914314]},"properties":{"gemeinde":"Mönchhof, Gols","bezirk":"Neusiedl am See","power_kw":5500,"commissioned":"2021"}},{"type":"Feature","geometry":{"type":"Point","coordinates":[16.9353,47.918408]},"properties":{"gemeinde":"Mönchhof, Gols","bezirk":"Neusiedl am See","power_kw":5500,"commissioned":"2021"}},{"type":"Feature","geometry":{"type":"Point","coordinates":[16.951831,47.913283]},"properties":{"gemeinde":"Mönchhof, Gols","bezirk":"Neusiedl am See","power_kw":5500,"commissioned":"2021"}},{"type":"Feature","geometry":{"type":"Point","coordinates":[16.944875,47.914769]},"properties":{"gemeinde":"Mönchhof, Gols","bezirk":"Neusiedl am See","power_kw":5500,"commissioned":"2021"}},{"type":"Feature","geometry":{"type":"Point","coordinates":[16.939814,47.922153]},"properties":{"gemeinde":"Mönchhof, Gols","bezirk":"Neusiedl am See","power_kw":5500,"commissioned":"2021"}},{"type":"Feature","geometry":{"type":"Point","coordinates":[16.947428,47.921142]},"properties":{"gemeinde":"Mönchhof, Gols","bezirk":"Neusiedl am See","power_kw":5500,"commissioned":"2021"}},{"type":"Feature","geometry":{"type":"Point","coordinates":[16.959594,47.915494]},"properties":{"gemeinde":"Mönchhof, Gols","bezirk":"Neusiedl am See","power_kw":5500,"commissioned":"2021"}},{"type":"Feature","geometry":{"type":"Point","coordinates":[16.952564,47.919147]},"properties":{"gemeinde":"Mönchhof, Gols","bezirk":"Neusiedl am See","power_kw":5500,"commissioned":"2021"}},{"type":"Feature","geometry":{"type":"Point","coordinates":[16.945361,47.925075]},"properties":{"gemeinde":"Mönchhof, Gols","bezirk":"Neusiedl am See","power_kw":5500,"commissioned":"2021"}},{"type":"Feature","geometry":{"type":"Point","coordinates":[16.959339,47.921711]},"properties":{"gemeinde":"Mönchhof, Gols","bezirk":"Neusiedl am See","power_kw":5500,"commissioned":"2021"}},{"type":"Feature","geometry":{"type":"Point","coordinates":[16.953056,47.923811]},"properties":{"gemeinde":"Mönchhof, Gols","bezirk":"Neusiedl am See","power_kw":5500,"commissioned":"2021"}},{"type":"Feature","geometry":{"type":"Point","coordinates":[16.948728,47.928097]},"properties":{"gemeinde":"Mönchhof, Gols","bezirk":"Neusiedl am See","power_kw":5500,"commissioned":"2021"}},{"type":"Feature","geometry":{"type":"Point","coordinates":[16.964414,47.923117]},"properties":{"gemeinde":"Mönchhof, Gols","bezirk":"Neusiedl am See","power_kw":5500,"commissioned":"2021"}},{"type":"Feature","geometry":{"type":"Point","coordinates":[16.956614,47.926758]},"properties":{"gemeinde":"Mönchhof, Gols","bezirk":"Neusiedl am See","power_kw":5500,"commissioned":"2021"}},{"type":"Feature","geometry":{"type":"Point","coordinates":[16.947378,47.932564]},"properties":{"gemeinde":"Mönchhof, Gols","bezirk":"Neusiedl am See","power_kw":5500,"commissioned":"2021"}},{"type":"Feature","geometry":{"type":"Point","coordinates":[16.956992,47.931339]},"properties":{"gemeinde":"Mönchhof, Gols","bezirk":"Neusiedl am See","power_kw":5500,"commissioned":"2021"}},{"type":"Feature","geometry":{"type":"Point","coordinates":[16.969842,47.933711]},"properties":{"gemeinde":"Mönchhof, Gols","bezirk":"Neusiedl am See","power_kw":5500,"commissioned":"2021"}},{"type":"Feature","geometry":{"type":"Point","coordinates":[16.962711,47.933656]},"properties":{"gemeinde":"Mönchhof, Gols","bezirk":"Neusiedl am See","power_kw":5500,"commissioned":"2021"}},{"type":"Feature","geometry":{"type":"Point","coordinates":[16.972156,47.936017]},"properties":{"gemeinde":"Mönchhof, Gols","bezirk":"Neusiedl am See","power_kw":5500,"commissioned":"2021"}},{"type":"Feature","geometry":{"type":"Point","coordinates":[16.965167,47.936667]},"properties":{"gemeinde":"Mönchhof, Gols","bezirk":"Neusiedl am See","power_kw":5500,"commissioned":"2021"}},{"type":"Feature","geometry":{"type":"Point","coordinates":[16.958247,47.938206]},"properties":{"gemeinde":"Mönchhof, Gols","bezirk":"Neusiedl am See","power_kw":5500,"commissioned":"2021"}},{"type":"Feature","geometry":{"type":"Point","coordinates":[17.000253,48.026236]},"properties":{"gemeinde":"Gattendorf","bezirk":"Neusiedl am See","power_kw":5300,"commissioned":"2021"}},{"type":"Feature","geometry":{"type":"Point","coordinates":[16.994342,48.028658]},"properties":{"gemeinde":"Gattendorf","bezirk":"Neusiedl am See","power_kw":5300,"commissioned":"2021"}},{"type":"Feature","geometry":{"type":"Point","coordinates":[17.001494,48.030289]},"properties":{"gemeinde":"Gattendorf","bezirk":"Neusiedl am See","power_kw":5300,"commissioned":"2021"}},{"type":"Feature","geometry":{"type":"Point","coordinates":[16.996558,48.031275]},"properties":{"gemeinde":"Gattendorf","bezirk":"Neusiedl am See","power_kw":5300,"commissioned":"2021"}},{"type":"Feature","geometry":{"type":"Point","coordinates":[17.005086,48.041142]},"properties":{"gemeinde":"Pama","bezirk":"Neusiedl am See","power_kw":1525}},{"type":"Feature","geometry":{"type":"Point","coordinates":[15.011181,46.659094]},"properties":{"gemeinde":"Lavamünd","power_kw":3300,"commissioned":"2022"}},{"type":"Feature","geometry":{"type":"Point","coordinates":[15.00847,46.66232]},"properties":{"gemeinde":"Lavamünd","power_kw":3300,"commissioned":"2022"}},{"type":"Feature","geometry":{"type":"Point","coordinates":[15.019649,46.722721]},"properties":{"gemeinde":"St. Georgen im Lavanttal","bezirk":"Wolfsberg","power_kw":3300}},{"type":"Feature","geometry":{"type":"Point","coordinates":[15.010934,46.727172]},"properties":{"gemeinde":"St. Georgen im Lavanttal","bezirk":"Wolfsberg","power_kw":3300}},{"type":"Feature","geometry":{"type":"Point","coordinates":[15.016347,46.730037]},"properties":{"gemeinde":"St. Georgen im Lavanttal","bezirk":"Wolfsberg","power_kw":3300}},{"type":"Feature","geometry":{"type":"Point","coordinates":[15.010505,46.732629]},"properties":{"gemeinde":"St. Georgen im Lavanttal","bezirk":"Wolfsberg","power_kw":3300}},{"type":"Feature","geometry":{"type":"Point","coordinates":[15.00711,46.736324]},"properties":{"gemeinde":"St. Georgen im Lavanttal","bezirk":"Wolfsberg","power_kw":3300}},{"type":"Feature","geometry":{"type":"Point","coordinates":[15.000876,46.73453]},"properties":{"gemeinde":"St. Georgen im Lavanttal","bezirk":"Wolfsberg","power_kw":3300}},{"type":"Feature","geometry":{"type":"Point","coordinates":[16.9005,48.03806]},"properties":{"gemeinde":"Neudorf","bezirk":"Neusiedl am See","power_kw":2300,"commissioned":"2018"}},{"type":"Feature","geometry":{"type":"Point","coordinates":[14.40003,47.27386]},"properties":{"gemeinde":"Pölstal","bezirk":"Murtal","power_kw":3300,"commissioned":"2018"}},{"type":"Feature","geometry":{"type":"Point","coordinates":[14.39711,47.27475]},"properties":{"gemeinde":"Pölstal","bezirk":"Murtal","power_kw":3300,"commissioned":"2018"}},{"type":"Feature","geometry":{"type":"Point","coordinates":[14.39417,47.27394]},"properties":{"gemeinde":"Pölstal","bezirk":"Murtal","power_kw":3300,"commissioned":"2018"}},{"type":"Feature","geometry":{"type":"Point","coordinates":[14.39128,47.273]},"properties":{"gemeinde":"Pölstal","bezirk":"Murtal","power_kw":3300,"commissioned":"2018"}},{"type":"Feature","geometry":{"type":"Point","coordinates":[14.38833,47.27242]},"properties":{"gemeinde":"Pölstal","bezirk":"Murtal","power_kw":3300,"commissioned":"2018"}},{"type":"Feature","geometry":{"type":"Point","coordinates":[14.38539,47.27158]},"properties":{"gemeinde":"Pölstal","bezirk":"Murtal","power_kw":3300,"commissioned":"2018"}},{"type":"Feature","geometry":{"type":"Point","coordinates":[14.3825,47.27028]},"properties":{"gemeinde":"Pölstal","bezirk":"Murtal","power_kw":3300,"commissioned":"2018"}},{"type":"Feature","geometry":{"type":"Point","coordinates":[14.3795,47.26883]},"properties":{"gemeinde":"Pölstal","bezirk":"Murtal","power_kw":3300,"commissioned":"2018"}},{"type":"Feature","geometry":{"type":"Point","coordinates":[14.37597,47.26733]},"properties":{"gemeinde":"Pölstal","bezirk":"Murtal","power_kw":3300,"commissioned":"2018"}},{"type":"Feature","geometry":{"type":"Point","coordinates":[16.966436,47.898214]},"properties":{"gemeinde":"Mönchhof","bezirk":"Neusiedl am See","power_kw":5500,"commissioned":"2012"}},{"type":"Feature","geometry":{"type":"Point","coordinates":[16.961828,47.900839]},"properties":{"gemeinde":"Mönchhof","bezirk":"Neusiedl am See","power_kw":5500,"commissioned":"2021"}},{"type":"Feature","geometry":{"type":"Point","coordinates":[16.955722,47.905311]},"properties":{"gemeinde":"Mönchhof","bezirk":"Neusiedl am See","power_kw":5500,"commissioned":"2021"}},{"type":"Feature","geometry":{"type":"Point","coordinates":[16.960544,47.911042]},"properties":{"gemeinde":"Mönchhof","bezirk":"Neusiedl am See","power_kw":5500,"commissioned":"2021"}},{"type":"Feature","geometry":{"type":"Point","coordinates":[16.786772,48.490926]},"properties":{"power_kw":5600,"commissioned":"2023"}},{"type":"Feature","geometry":{"type":"Point","coordinates":[17.05267,47.80658]},"properties":{"gemeinde":"Andau","bezirk":"Neusiedl am See","power_kw":2350,"commissioned":"2021"}},{"type":"Feature","geometry":{"type":"Point","coordinates":[17.04317,47.81036]},"properties":{"gemeinde":"Andau","bezirk":"Neusiedl am See","power_kw":2350,"commissioned":"2021"}},{"type":"Feature","geometry":{"type":"Point","coordinates":[16.65627,48.26012]},"properties":{"gemeinde":"Markgrafneusiedl, Obersiebenbrunn, Untersiebenbrunn","bezirk":"Gänserndorf","power_kw":3600,"commissioned":"2019"}},{"type":"Feature","geometry":{"type":"Point","coordinates":[16.66481,48.28131]},"properties":{"gemeinde":"Markgrafneusiedl, Obersiebenbrunn, Untersiebenbrunn","bezirk":"Gänserndorf","power_kw":3600,"commissioned":"2019"}},{"type":"Feature","geometry":{"type":"Point","coordinates":[16.67286,48.25246]},"properties":{"gemeinde":"Glinzendorf","bezirk":"Gänserndorf","power_kw":2000,"commissioned":"2019"}},{"type":"Feature","geometry":{"type":"Point","coordinates":[16.921611,48.039572]},"properties":{"gemeinde":"Potzneusiedl","bezirk":"Neusiedl am See","power_kw":4200}},{"type":"Feature","geometry":{"type":"Point","coordinates":[16.91775,48.035836]},"properties":{"gemeinde":"Potzneusiedl","bezirk":"Neusiedl am See","power_kw":4200}},{"type":"Feature","geometry":{"type":"Point","coordinates":[48.040331,16.915842]},"properties":{"gemeinde":"Potzneusiedl","bezirk":"Neusiedl am See","power_kw":4200}},{"type":"Feature","geometry":{"type":"Point","coordinates":[16.918011,48.0438]},"properties":{"gemeinde":"Potzneusiedl","bezirk":"Neusiedl am See","power_kw":4200,"commissioned":"2022"}},{"type":"Feature","geometry":{"type":"Point","coordinates":[16.909922,48.040972]},"properties":{"gemeinde":"Potzneusiedl","bezirk":"Neusiedl am See","power_kw":4200,"commissioned":"2022"}},{"type":"Feature","geometry":{"type":"Point","coordinates":[16.913014,48.045392]},"properties":{"gemeinde":"Potzneusiedl","bezirk":"Neusiedl am See","power_kw":4200,"commissioned":"2022"}},{"type":"Feature","geometry":{"type":"Point","coordinates":[16.73546,48.159961]},"properties":{"gemeinde":"Eckartsau","bezirk":"Gänserndorf","power_kw":150,"commissioned":"1994"}},{"type":"Feature","geometry":{"type":"Point","coordinates":[16.901598,48.235437]},"properties":{"gemeinde":"Engelhartstetten","bezirk":"Gänserndorf","power_kw":250,"commissioned":"1996"}},{"type":"Feature","geometry":{"type":"Point","coordinates":[15.583468,48.112945]},"properties":{"gemeinde":"Wilhelmsburg","bezirk":"St. Pölten-Land","power_kw":200,"commissioned":"1996"}},{"type":"Feature","geometry":{"type":"Point","coordinates":[15.768824,48.189805]},"properties":{"gemeinde":"Böheimkirchen","bezirk":"St. Pölten-Land","power_kw":110,"commissioned":"1996"}},{"type":"Feature","geometry":{"type":"Point","coordinates":[15.585639,48.081896]},"properties":{"gemeinde":"Wilhelmsburg","bezirk":"St. Pölten-Land","power_kw":250,"commissioned":"1996"}},{"type":"Feature","geometry":{"type":"Point","coordinates":[16.009535,48.752055]},"properties":{"gemeinde":"Retz","bezirk":"Hollabrunn","power_kw":250,"commissioned":"1996"}},{"type":"Feature","geometry":{"type":"Point","coordinates":[16.643921,48.247666]},"properties":{"gemeinde":"Glinzendorf","bezirk":"Gänserndorf","power_kw":250,"commissioned":"1996"}},{"type":"Feature","geometry":{"type":"Point","coordinates":[12.946497,46.60752]},"properties":{"gemeinde":"Kötschach-Mauthen","bezirk":"Hermagor","power_kw":500,"commissioned":"1997"}},{"type":"Feature","geometry":{"type":"Point","coordinates":[16.3462,48.49951]},"properties":{"gemeinde":"Ernstbrunn","bezirk":"Korneuburg","power_kw":600,"commissioned":"1998"}},{"type":"Feature","geometry":{"type":"Point","coordinates":[16.3478,48.49799]},"properties":{"gemeinde":"Ernstbrunn","bezirk":"Korneuburg","power_kw":600,"commissioned":"1998"}},{"type":"Feature","geometry":{"type":"Point","coordinates":[14.660216,47.967254]},"properties":{"gemeinde":"Ertl","bezirk":"Amstetten","power_kw":500,"commissioned":"2000"}},{"type":"Feature","geometry":{"type":"Point","coordinates":[16.72641,48.03382]},"properties":{"gemeinde":"Bruck an der Leitha","bezirk":"Bruck an der Leitha","power_kw":1800,"commissioned":"2000"}},{"type":"Feature","geometry":{"type":"Point","coordinates":[16.73252,48.03283]},"properties":{"gemeinde":"Bruck an der Leitha","bezirk":"Bruck an der Leitha","power_kw":1800,"commissioned":"2000"}},{"type":"Feature","geometry":{"type":"Point","coordinates":[16.72599,48.03012]},"properties":{"gemeinde":"Bruck an der Leitha","bezirk":"Bruck an der Leitha","power_kw":1800,"commissioned":"2000"}},{"type":"Feature","geometry":{"type":"Point","coordinates":[16.7257,48.03734]},"properties":{"gemeinde":"Bruck an der Leitha","bezirk":"Bruck an der Leitha","power_kw":1800,"commissioned":"2000"}},{"type":"Feature","geometry":{"type":"Point","coordinates":[16.71976,48.03686]},"properties":{"gemeinde":"Bruck an der Leitha","bezirk":"Bruck an der Leitha","power_kw":1800,"commissioned":"2000"}},{"type":"Feature","geometry":{"type":"Point","coordinates":[14.94917,47.52393]},"properties":{"gemeinde":"Vordernberg","bezirk":"Leoben","power_kw":600,"commissioned":"2001"}},{"type":"Feature","geometry":{"type":"Point","coordinates":[16.992567,47.967255]},"properties":{"gemeinde":"Zurndorf","bezirk":"Neusiedl am See","power_kw":1500,"commissioned":"2001"}},{"type":"Feature","geometry":{"type":"Point","coordinates":[16.758507,48.594995]},"properties":{"gemeinde":"Neusiedl an der Zaya","bezirk":"Gänserndorf","power_kw":1800,"commissioned":"2002"}},{"type":"Feature","geometry":{"type":"Point","coordinates":[16.752536,48.59267]},"properties":{"gemeinde":"Neusiedl an der Zaya","bezirk":"Gänserndorf","power_kw":1800,"commissioned":"2002"}},{"type":"Feature","geometry":{"type":"Point","coordinates":[16.755729,48.593549]},"properties":{"gemeinde":"Neusiedl an der Zaya","bezirk":"Gänserndorf","power_kw":1800,"commissioned":"2002"}},{"type":"Feature","geometry":{"type":"Point","coordinates":[16.761231,48.596532]},"properties":{"gemeinde":"Neusiedl an der Zaya","bezirk":"Gänserndorf","power_kw":1800,"commissioned":"2002"}},{"type":"Feature","geometry":{"type":"Point","coordinates":[16.762339,48.599253]},"properties":{"gemeinde":"Neusiedl an der Zaya","bezirk":"Gänserndorf","power_kw":1800,"commissioned":"2002"}},{"type":"Feature","geometry":{"type":"Point","coordinates":[16.979842,47.972628]},"properties":{"gemeinde":"Zurndorf","bezirk":"Neusiedl am See","power_kw":2300,"commissioned":"2013"}},{"type":"Feature","geometry":{"type":"Point","coordinates":[16.977922,47.970409]},"properties":{"gemeinde":"Zurndorf","bezirk":"Neusiedl am See","power_kw":2300,"commissioned":"2013"}},{"type":"Feature","geometry":{"type":"Point","coordinates":[0.0,0.0]},"properties":{"gemeinde":"Zurndorf","bezirk":"Neusiedl am See","power_kw":3050,"commissioned":"2015"}},{"type":"Feature","geometry":{"type":"Point","coordinates":[0.0,0.0]},"properties":{"gemeinde":"Zurndorf","bezirk":"Neusiedl am See","power_kw":3050,"commissioned":"2015"}},{"type":"Feature","geometry":{"type":"Point","coordinates":[16.60359,48.5325]},"properties":{"gemeinde":"Mistelbach","bezirk":"Mistelbach","power_kw":3170,"commissioned":"2016"}},{"type":"Feature","geometry":{"type":"Point","coordinates":[16.60663,48.53471]},"properties":{"gemeinde":"Mistelbach","bezirk":"Mistelbach","power_kw":3170,"commissioned":"2016"}},{"type":"Feature","geometry":{"type":"Point","coordinates":[16.60243,48.53844]},"properties":{"gemeinde":"Mistelbach","bezirk":"Mistelbach","power_kw":3170,"commissioned":"2016"}},{"type":"Feature","geometry":{"type":"Point","coordinates":[16.58308,48.5352]},"properties":{"gemeinde":"Mistelbach","bezirk":"Mistelbach","power_kw":3170,"commissioned":"2016"}},{"type":"Feature","geometry":{"type":"Point","coordinates":[16.5769,48.53551]},"properties":{"gemeinde":"Mistelbach","bezirk":"Mistelbach","power_kw":3170,"commissioned":"2016"}},{"type":"Feature","geometry":{"type":"Point","coordinates":[16.58277,48.53108]},"properties":{"gemeinde":"Mistelbach","bezirk":"Mistelbach","power_kw":3170,"commissioned":"2016"}},{"type":"Feature","geometry":{"type":"Point","coordinates":[16.66597,48.25164]},"properties":{"gemeinde":"Glinzendorf","bezirk":"Gänserndorf","power_kw":2000,"commissioned":"2016"}},{"type":"Feature","geometry":{"type":"Point","coordinates":[16.56592,47.95844]},"properties":{"gemeinde":"Hof am Leithagebirge","bezirk":"Bruck an der Leitha","power_kw":3000,"commissioned":"2016"}},{"type":"Feature","geometry":{"type":"Point","coordinates":[16.55761,47.96058]},"properties":{"gemeinde":"Hof am Leithagebirge","bezirk":"Bruck an der Leitha","power_kw":3000,"commissioned":"2016"}},{"type":"Feature","geometry":{"type":"Point","coordinates":[16.55078,47.96161]},"properties":{"gemeinde":"Hof am Leithagebirge","bezirk":"Bruck an der Leitha","power_kw":3000,"commissioned":"2016"}},{"type":"Feature","geometry":{"type":"Point","coordinates":[16.55922,47.96414]},"properties":{"gemeinde":"Hof am Leithagebirge","bezirk":"Bruck an der Leitha","power_kw":3000,"commissioned":"2016"}},{"type":"Feature","geometry":{"type":"Point","coordinates":[16.55256,47.96564]},"properties":{"gemeinde":"Hof am Leithagebirge","bezirk":"Bruck an der Leitha","power_kw":3000,"commissioned":"2016"}},{"type":"Feature","geometry":{"type":"Point","coordinates":[16.49547,47.95375]},"properties":{"gemeinde":"Seibersdorf","bezirk":"Baden","power_kw":3000,"commissioned":"2016"}},{"type":"Feature","geometry":{"type":"Point","coordinates":[16.4935,47.95742]},"properties":{"gemeinde":"Seibersdorf","bezirk":"Baden","power_kw":3000,"commissioned":"2016"}},{"type":"Feature","geometry":{"type":"Point","coordinates":[16.48667,47.95803]},"properties":{"gemeinde":"Seibersdorf","bezirk":"Baden","power_kw":3000,"commissioned":"2016"}},{"type":"Feature","geometry":{"type":"Point","coordinates":[16.49628,47.96244]},"properties":{"gemeinde":"Seibersdorf","bezirk":"Baden","power_kw":3000,"commissioned":"2016"}},{"type":"Feature","geometry":{"type":"Point","coordinates":[16.49747,47.96753]},"properties":{"gemeinde":"Seibersdorf","bezirk":"Baden","power_kw":3000,"commissioned":"2016"}},{"type":"Feature","geometry":{"type":"Point","coordinates":[16.487,47.96269]},"properties":{"gemeinde":"Seibersdorf","bezirk":"Baden","power_kw":3000,"commissioned":"2016"}},{"type":"Feature","geometry":{"type":"Point","coordinates":[16.49006,47.96511]},"properties":{"gemeinde":"Seibersdorf","bezirk":"Baden","power_kw":3000,"commissioned":"2016"}},{"type":"Feature","geometry":{"type":"Point","coordinates":[15.76719,47.56067]},"properties":{"gemeinde":"Rettenegg","bezirk":"Weiz","power_kw":3000,"commissioned":"2016"}},{"type":"Feature","geometry":{"type":"Point","coordinates":[15.76467,47.55928]},"properties":{"gemeinde":"Rettenegg","bezirk":"Weiz","power_kw":3000,"commissioned":"2016"}},{"type":"Feature","geometry":{"type":"Point","coordinates":[15.76219,47.55783]},"properties":{"gemeinde":"Rettenegg","bezirk":"Weiz","power_kw":3000,"commissioned":"2016"}},{"type":"Feature","geometry":{"type":"Point","coordinates":[15.75925,47.55689]},"properties":{"gemeinde":"Rettenegg","bezirk":"Weiz","power_kw":3000,"commissioned":"2016"}},{"type":"Feature","geometry":{"type":"Point","coordinates":[15.75647,47.55578]},"properties":{"gemeinde":"Rettenegg","bezirk":"Weiz","power_kw":3000,"commissioned":"2016"}},{"type":"Feature","geometry":{"type":"Point","coordinates":[15.75339,47.55503]},"properties":{"gemeinde":"Rettenegg","bezirk":"Weiz","power_kw":3000,"commissioned":"2016"}},{"type":"Feature","geometry":{"type":"Point","coordinates":[15.74792,47.55306]},"properties":{"gemeinde":"Rettenegg","bezirk":"Weiz","power_kw":3000,"commissioned":"2016"}},{"type":"Feature","geometry":{"type":"Point","coordinates":[15.7455,47.5515]},"properties":{"gemeinde":"Ratten","bezirk":"Weiz","power_kw":3000,"commissioned":"2016"}},{"type":"Feature","geometry":{"type":"Point","coordinates":[15.74311,47.54975]},"properties":{"gemeinde":"Ratten","bezirk":"Weiz","power_kw":3000,"commissioned":"2016"}},{"type":"Feature","geometry":{"type":"Point","coordinates":[15.73364,47.55114]},"properties":{"gemeinde":"Mürzzuschlag","bezirk":"Bruck-Mürzzuschlag","power_kw":3000,"commissioned":"2016"}},{"type":"Feature","geometry":{"type":"Point","coordinates":[15.73136,47.54936]},"properties":{"gemeinde":"Langenwang","bezirk":"Bruck-Mürzzuschlag","power_kw":3000,"commissioned":"2016"}},{"type":"Feature","geometry":{"type":"Point","coordinates":[15.73025,47.55444]},"properties":{"gemeinde":"Mürzzuschlag","bezirk":"Bruck-Mürzzuschlag","power_kw":3000,"commissioned":"2016"}},{"type":"Feature","geometry":{"type":"Point","coordinates":[15.72803,47.55269]},"properties":{"gemeinde":"Langenwang","bezirk":"Bruck-Mürzzuschlag","power_kw":3000,"commissioned":"2016"}},{"type":"Feature","geometry":{"type":"Point","coordinates":[15.72661,47.55022]},"properties":{"gemeinde":"Langenwang","bezirk":"Bruck-Mürzzuschlag","power_kw":3000,"commissioned":"2016"}},{"type":"Feature","geometry":{"type":"Point","coordinates":[16.59207,48.51703]},"properties":{"gemeinde":"Gaweinstal","bezirk":"Mistelbach","power_kw":3300,"commissioned":"2017"}},{"type":"Feature","geometry":{"type":"Point","coordinates":[16.59351,48.51973]},"properties":{"gemeinde":"Gaweinstal","bezirk":"Mistelbach","power_kw":3300,"commissioned":"2017"}},{"type":"Feature","geometry":{"type":"Point","coordinates":[16.58503,48.52268]},"properties":{"gemeinde":"Gaweinstal","bezirk":"Mistelbach","power_kw":3300,"commissioned":"2017"}},{"type":"Feature","geometry":{"type":"Point","coordinates":[15.04775,46.83688]},"properties":{"gemeinde":"Deutschlandsberg/Schwanberg","bezirk":"Deutschlandsberg","power_kw":3000,"commissioned":"2017"}},{"type":"Feature","geometry":{"type":"Point","coordinates":[15.0461,46.83871]},"properties":{"gemeinde":"Deutschlandsberg/Schwanberg","bezirk":"Deutschlandsberg","power_kw":3000,"commissioned":"2017"}},{"type":"Feature","geometry":{"type":"Point","coordinates":[15.04272,46.83919]},"properties":{"gemeinde":"Deutschlandsberg/Schwanberg","bezirk":"Deutschlandsberg","power_kw":3000,"commissioned":"2017"}},{"type":"Feature","geometry":{"type":"Point","coordinates":[15.03933,46.84056]},"properties":{"gemeinde":"Deutschlandsberg/Schwanberg","bezirk":"Deutschlandsberg","power_kw":3000,"commissioned":"2017"}},{"type":"Feature","geometry":{"type":"Point","coordinates":[15.03642,46.8423]},"properties":{"gemeinde":"Deutschlandsberg/Schwanberg","bezirk":"Deutschlandsberg","power_kw":3000,"commissioned":"2017"}},{"type":"Feature","geometry":{"type":"Point","coordinates":[15.03232,46.84308]},"properties":{"gemeinde":"Deutschlandsberg/Schwanberg","bezirk":"Deutschlandsberg","power_kw":3000,"commissioned":"2017"}},{"type":"Feature","geometry":{"type":"Point","coordinates":[15.02878,46.84318]},"properties":{"gemeinde":"Deutschlandsberg/Schwanberg","bezirk":"Deutschlandsberg","power_kw":3000,"commissioned":"2017"}},{"type":"Feature","geometry":{"type":"Point","coordinates":[15.02308,46.84447]},"properties":{"gemeinde":"Deutschlandsberg/Schwanberg","bezirk":"Deutschlandsberg","power_kw":3000,"commissioned":"2017"}},{"type":"Feature","geometry":{"type":"Point","coordinates":[15.02119,46.84627]},"properties":{"gemeinde":"Deutschlandsberg/Schwanberg","bezirk":"Deutschlandsberg","power_kw":3000,"commissioned":"2017"}},{"type":"Feature","geometry":{"type":"Point","coordinates":[15.01885,46.84786]},"properties":{"gemeinde":"Deutschlandsberg/Schwanberg","bezirk":"Deutschlandsberg","power_kw":3000,"commissioned":"2017"}},{"type":"Feature","geometry":{"type":"Point","coordinates":[15.01635,46.84938]},"properties":{"gemeinde":"Deutschlandsberg/Schwanberg","bezirk":"Deutschlandsberg","power_kw":3000,"commissioned":"2017"}},{"type":"Feature","geometry":{"type":"Point","coordinates":[15.01408,46.851]},"properties":{"gemeinde":"Deutschlandsberg/Schwanberg","bezirk":"Deutschlandsberg","power_kw":3000,"commissioned":"2017"}},{"type":"Feature","geometry":{"type":"Point","coordinates":[15.01235,46.85287]},"properties":{"gemeinde":"Deutschlandsberg/Schwanberg","bezirk":"Deutschlandsberg","power_kw":3000,"commissioned":"2017"}},{"type":"Feature","geometry":{"type":"Point","coordinates":[17.0045,48.04461]},"properties":{"gemeinde":"Pama","bezirk":"Neusiedl","power_kw":1525,"commissioned":"2017"}},{"type":"Feature","geometry":{"type":"Point","coordinates":[17.00681,48.04769]},"properties":{"gemeinde":"Pama","bezirk":"Neusiedl","power_kw":1525,"commissioned":"2017"}},{"type":"Feature","geometry":{"type":"Point","coordinates":[16.99961,48.04775]},"properties":{"gemeinde":"Pama","bezirk":"Neusiedl","power_kw":1525,"commissioned":"2017"}},{"type":"Feature","geometry":{"type":"Point","coordinates":[15.85489,47.50036]},"properties":{"gemeinde":"Rettenegg","bezirk":"Weiz","power_kw":3450,"commissioned":"2017"}},{"type":"Feature","geometry":{"type":"Point","coordinates":[15.86194,47.50392]},"properties":{"gemeinde":"Rettenegg","bezirk":"Weiz","power_kw":3300,"commissioned":"2017"}},{"type":"Feature","geometry":{"type":"Point","coordinates":[15.85711,47.50294]},"properties":{"gemeinde":"Rettenegg","bezirk":"Weiz","power_kw":3300,"commissioned":"2017"}},{"type":"Feature","geometry":{"type":"Point","coordinates":[15.85281,47.50522]},"properties":{"gemeinde":"Rettenegg","bezirk":"Weiz","power_kw":3300,"commissioned":"2017"}},{"type":"Feature","geometry":{"type":"Point","coordinates":[15.84811,47.50733]},"properties":{"gemeinde":"Rettenegg","bezirk":"Weiz","power_kw":3300,"commissioned":"2017"}},{"type":"Feature","geometry":{"type":"Point","coordinates":[15.84614,47.51067]},"properties":{"gemeinde":"Rettenegg","bezirk":"Weiz","power_kw":3300,"commissioned":"2017"}},{"type":"Feature","geometry":{"type":"Point","coordinates":[16.78523,48.514441]},"properties":{"gemeinde":"Zistersdorf","bezirk":"Gänserndorf","power_kw":3300,"commissioned":"2017"}},{"type":"Feature","geometry":{"type":"Point","coordinates":[16.77183,48.488476]},"properties":{"gemeinde":"Zistersdorf","bezirk":"Gänserndorf","power_kw":3300,"commissioned":"2017"}},{"type":"Feature","geometry":{"type":"Point","coordinates":[16.784337,48.496643]},"properties":{"gemeinde":"Zistersdorf","bezirk":"Gänserndorf","power_kw":3300,"commissioned":"2017"}},{"type":"Feature","geometry":{"type":"Point","coordinates":[16.77459,48.495757]},"properties":{"gemeinde":"Zistersdorf","bezirk":"Gänserndorf","power_kw":3300,"commissioned":"2017"}},{"type":"Feature","geometry":{"type":"Point","coordinates":[16.779804,48.509597]},"properties":{"gemeinde":"Zistersdorf","bezirk":"Gänserndorf","power_kw":3300,"commissioned":"2017"}},{"type":"Feature","geometry":{"type":"Point","coordinates":[16.772084,48.508572]},"properties":{"gemeinde":"Zistersdorf","bezirk":"Gänserndorf","power_kw":3300,"commissioned":"2017"}},{"type":"Feature","geometry":{"type":"Point","coordinates":[16.763794,48.508278]},"properties":{"gemeinde":"Zistersdorf","bezirk":"Gänserndorf","power_kw":3300,"commissioned":"2017"}},{"type":"Feature","geometry":{"type":"Point","coordinates":[16.75743,48.509043]},"properties":{"gemeinde":"Zistersdorf","bezirk":"Gänserndorf","power_kw":3300,"commissioned":"2017"}},{"type":"Feature","geometry":{"type":"Point","coordinates":[16.36558,47.94442]},"properties":{"gemeinde":"Oberwaltersdorf","bezirk":"Baden","power_kw":3300,"commissioned":"2017"}},{"type":"Feature","geometry":{"type":"Point","coordinates":[16.36569,47.94828]},"properties":{"gemeinde":"Oberwaltersdorf","bezirk":"Baden","power_kw":3300,"commissioned":"2017"}},{"type":"Feature","geometry":{"type":"Point","coordinates":[16.35858,47.95156]},"properties":{"gemeinde":"Oberwaltersdorf","bezirk":"Baden","power_kw":3300,"commissioned":"2017"}},{"type":"Feature","geometry":{"type":"Point","coordinates":[16.36153,47.95442]},"properties":{"gemeinde":"Oberwaltersdorf","bezirk":"Baden","power_kw":3300,"commissioned":"2017"}},{"type":"Feature","geometry":{"type":"Point","coordinates":[16.36161,47.95883]},"properties":{"gemeinde":"Oberwaltersdorf","bezirk":"Baden","power_kw":3300,"commissioned":"2017"}},{"type":"Feature","geometry":{"type":"Point","coordinates":[16.35644,47.96075]},"properties":{"gemeinde":"Oberwaltersdorf","bezirk":"Baden","power_kw":3300,"commissioned":"2017"}},{"type":"Feature","geometry":{"type":"Point","coordinates":[16.860644,48.041828]},"properties":{"gemeinde":"Pama","bezirk":"Neusiedl","power_kw":3450,"commissioned":"2018"}},{"type":"Feature","geometry":{"type":"Point","coordinates":[16.860967,48.046233]},"properties":{"gemeinde":"Pama","bezirk":"Neusiedl","power_kw":3450,"commissioned":"2018"}},{"type":"Feature","geometry":{"type":"Point","coordinates":[16.864075,48.048783]},"properties":{"gemeinde":"Pama","bezirk":"Neusiedl","power_kw":3450,"commissioned":"2018"}},{"type":"Feature","geometry":{"type":"Point","coordinates":[16.867653,48.051367]},"properties":{"gemeinde":"Pama","bezirk":"Neusiedl","power_kw":3450,"commissioned":"2018"}},{"type":"Feature","geometry":{"type":"Point","coordinates":[16.85381,48.037]},"properties":{"gemeinde":"Pama","bezirk":"Neusiedl","power_kw":3450,"commissioned":"2018"}},{"type":"Feature","geometry":{"type":"Point","coordinates":[16.7985278,48.5231111]},"properties":{"gemeinde":"Zistersdorf","bezirk":"Gänserndorf","power_kw":3450,"commissioned":"2018"}},{"type":"Feature","geometry":{"type":"Point","coordinates":[16.7962611,48.5194056]},"properties":{"gemeinde":"Zistersdorf","bezirk":"Gänserndorf","power_kw":3450,"commissioned":"2018"}},{"type":"Feature","geometry":{"type":"Point","coordinates":[16.7920833,48.517075]},"properties":{"gemeinde":"Zistersdorf","bezirk":"Gänserndorf","power_kw":3450,"commissioned":"2018"}},{"type":"Feature","geometry":{"type":"Point","coordinates":[16.98058,47.945]},"properties":{"gemeinde":"Zurndorf","bezirk":"Neusiedl am See","power_kw":3200,"commissioned":"2018"}},{"type":"Feature","geometry":{"type":"Point","coordinates":[16.95544,47.94456]},"properties":{"gemeinde":"Zurndorf","bezirk":"Neusiedl am See","power_kw":3200,"commissioned":"2018"}},{"type":"Feature","geometry":{"type":"Point","coordinates":[16.82504,48.01095]},"properties":{"gemeinde":"Bruckneudorf","bezirk":"Neusiedl","power_kw":3450,"commissioned":"2018"}},{"type":"Feature","geometry":{"type":"Point","coordinates":[16.827723,48.013966]},"properties":{"gemeinde":"Bruckneudorf","bezirk":"Neusiedl","power_kw":3450,"commissioned":"2018"}},{"type":"Feature","geometry":{"type":"Point","coordinates":[16.83039,48.00875]},"properties":{"gemeinde":"Bruckneudorf","bezirk":"Neusiedl","power_kw":3300,"commissioned":"2018"}},{"type":"Feature","geometry":{"type":"Point","coordinates":[16.688964,48.006992]},"properties":{"gemeinde":"Sommerein","bezirk":"Bruck an der Leitha","power_kw":3450,"commissioned":"2018"}},{"type":"Feature","geometry":{"type":"Point","coordinates":[16.6973,48.003753]},"properties":{"gemeinde":"Sommerein","bezirk":"Bruck an der Leitha","power_kw":3450,"commissioned":"2018"}},{"type":"Feature","geometry":{"type":"Point","coordinates":[16.696981,48.007811]},"properties":{"gemeinde":"Sommerein","bezirk":"Bruck an der Leitha","power_kw":3450,"commissioned":"2018"}},{"type":"Feature","geometry":{"type":"Point","coordinates":[16.684769,47.994011]},"properties":{"gemeinde":"Sommerein","bezirk":"Bruck an der Leitha","power_kw":3450,"commissioned":"2018"}},{"type":"Feature","geometry":{"type":"Point","coordinates":[17.021194,47.922389]},"properties":{"gemeinde":"Nickelsdorf","bezirk":"Neusiedl am See","power_kw":2350,"commissioned":"2018"}},{"type":"Feature","geometry":{"type":"Point","coordinates":[15.74364,47.56689]},"properties":{"gemeinde":"Mürzzuschlag","bezirk":"Bruck-Mürzzuschlag","power_kw":2300,"commissioned":"2020"}},{"type":"Feature","geometry":{"type":"Point","coordinates":[15.73911,47.56819]},"properties":{"gemeinde":"Mürzzuschlag","bezirk":"Bruck-Mürzzuschlag","power_kw":2300,"commissioned":"2020"}},{"type":"Feature","geometry":{"type":"Point","coordinates":[15.73708,47.56569]},"properties":{"gemeinde":"Mürzzuschlag","bezirk":"Bruck-Mürzzuschlag","power_kw":2300,"commissioned":"2020"}},{"type":"Feature","geometry":{"type":"Point","coordinates":[16.86794,48.19925]},"properties":{"gemeinde":"Engelhartstetten","bezirk":"Gänserndorf","power_kw":3450,"commissioned":"2020"}},{"type":"Feature","geometry":{"type":"Point","coordinates":[16.8845,48.20081]},"properties":{"gemeinde":"Engelhartstetten","bezirk":"Gänserndorf","power_kw":3450,"commissioned":"2020"}},{"type":"Feature","geometry":{"type":"Point","coordinates":[16.88089,48.20519]},"properties":{"gemeinde":"Engelhartstetten","bezirk":"Gänserndorf","power_kw":3450,"commissioned":"2020"}},{"type":"Feature","geometry":{"type":"Point","coordinates":[16.87653,48.20261]},"properties":{"gemeinde":"Engelhartstetten","bezirk":"Gänserndorf","power_kw":3450,"commissioned":"2020"}},{"type":"Feature","geometry":{"type":"Point","coordinates":[16.86839,48.20319]},"properties":{"gemeinde":"Engelhartstetten","bezirk":"Gänserndorf","power_kw":3450,"commissioned":"2020"}},{"type":"Feature","geometry":{"type":"Point","coordinates":[16.87322,48.19969]},"properties":{"gemeinde":"Engelhartstetten","bezirk":"Gänserndorf","power_kw":3450,"commissioned":"2020"}},{"type":"Feature","geometry":{"type":"Point","coordinates":[16.88081,48.19878]},"properties":{"gemeinde":"Engelhartstetten","bezirk":"Gänserndorf","power_kw":3450,"commissioned":"2020"}},{"type":"Feature","geometry":{"type":"Point","coordinates":[16.88306,48.19514]},"properties":{"gemeinde":"Engelhartstetten","bezirk":"Gänserndorf","power_kw":3450,"commissioned":"2020"}},{"type":"Feature","geometry":{"type":"Point","coordinates":[16.87625,48.19575]},"properties":{"gemeinde":"Engelhartstetten","bezirk":"Gänserndorf","power_kw":3450,"commissioned":"2020"}},{"type":"Feature","geometry":{"type":"Point","coordinates":[16.87178,48.19444]},"properties":{"gemeinde":"Engelhartstetten","bezirk":"Gänserndorf","power_kw":3450,"commissioned":"2020"}},{"type":"Feature","geometry":{"type":"Point","coordinates":[16.8665,48.19203]},"properties":{"gemeinde":"Engelhartstetten","bezirk":"Gänserndorf","power_kw":3450,"commissioned":"2020"}},{"type":"Feature","geometry":{"type":"Point","coordinates":[16.86311,48.18958]},"properties":{"gemeinde":"Engelhartstetten","bezirk":"Gänserndorf","power_kw":3450,"commissioned":"2020"}},{"type":"Feature","geometry":{"type":"Point","coordinates":[16.85969,48.18714]},"properties":{"gemeinde":"Engelhartstetten","bezirk":"Gänserndorf","power_kw":3450,"commissioned":"2020"}},{"type":"Feature","geometry":{"type":"Point","coordinates":[16.695386,48.339073]},"properties":{"gemeinde":"Gänserndorf","bezirk":"Gänserndorf","power_kw":2067,"commissioned":"2019"}},{"type":"Feature","geometry":{"type":"Point","coordinates":[16.696754,48.341084]},"properties":{"gemeinde":"Gänserndorf","bezirk":"Gänserndorf","power_kw":2067,"commissioned":"2019"}},{"type":"Feature","geometry":{"type":"Point","coordinates":[16.699304,48.347161]},"properties":{"gemeinde":"Gänserndorf","bezirk":"Gänserndorf","power_kw":2067,"commissioned":"2019"}},{"type":"Feature","geometry":{"type":"Point","coordinates":[16.57381,48.64811]},"properties":{"gemeinde":"Poysdorf","bezirk":"Mistelbach","power_kw":4200,"commissioned":"2021"}},{"type":"Feature","geometry":{"type":"Point","coordinates":[16.58014,48.64908]},"properties":{"gemeinde":"Poysdorf","bezirk":"Mistelbach","power_kw":4200,"commissioned":"2021"}},{"type":"Feature","geometry":{"type":"Point","coordinates":[16.58867,48.64869]},"properties":{"gemeinde":"Poysdorf","bezirk":"Mistelbach","power_kw":4200,"commissioned":"2021"}},{"type":"Feature","geometry":{"type":"Point","coordinates":[16.59961,48.64772]},"properties":{"gemeinde":"Poysdorf","bezirk":"Mistelbach","power_kw":4200,"commissioned":"2021"}},{"type":"Feature","geometry":{"type":"Point","coordinates":[16.43197,48.50353]},"properties":{"gemeinde":"Großrußbach","bezirk":"Korneuburg","power_kw":2000,"commissioned":"2019"}},{"type":"Feature","geometry":{"type":"Point","coordinates":[16.42772,48.49989]},"properties":{"gemeinde":"Großrußbach","bezirk":"Korneuburg","power_kw":2000,"commissioned":"2019"}},{"type":"Feature","geometry":{"type":"Point","coordinates":[13.241465,48.060034]},"properties":{"gemeinde":"Munderfing","bezirk":"Braunau","power_kw":3000,"commissioned":"2022"}},{"type":"Feature","geometry":{"type":"Point","coordinates":[16.528035,47.932377]},"properties":{"gemeinde":"Au am Leithaberge","bezirk":"Bruck an der Leitha","power_kw":3640,"commissioned":"2019"}},{"type":"Feature","geometry":{"type":"Point","coordinates":[16.530029,47.935086]},"properties":{"gemeinde":"Au am Leithaberge","bezirk":"Bruck an der Leitha","power_kw":3640,"commissioned":"2019"}},{"type":"Feature","geometry":{"type":"Point","coordinates":[16.539613,47.935487]},"properties":{"gemeinde":"Au am Leithaberge","bezirk":"Bruck an der Leitha","power_kw":3640,"commissioned":"2019"}},{"type":"Feature","geometry":{"type":"Point","coordinates":[16.532563,47.93862]},"properties":{"gemeinde":"Au am Leithaberge","bezirk":"Bruck an der Leitha","power_kw":3640,"commissioned":"2019"}},{"type":"Feature","geometry":{"type":"Point","coordinates":[16.523181,47.937133]},"properties":{"gemeinde":"Au am Leithaberge","bezirk":"Bruck an der Leitha","power_kw":3640,"commissioned":"2019"}},{"type":"Feature","geometry":{"type":"Point","coordinates":[16.891633,48.033325]},"properties":{"gemeinde":"Neudorf bei Parndorf, Parndorf, Bruckneudorf","bezirk":"Neusiedl am See","power_kw":4000,"commissioned":"2020"}},{"type":"Feature","geometry":{"type":"Point","coordinates":[16.887425,48.031069]},"properties":{"gemeinde":"Neudorf bei Parndorf, Parndorf, Bruckneudorf","bezirk":"Neusiedl am See","power_kw":4000,"commissioned":"2020"}},{"type":"Feature","geometry":{"type":"Point","coordinates":[16.886128,48.027569]},"properties":{"gemeinde":"Neudorf bei Parndorf, Parndorf, Bruckneudorf","bezirk":"Neusiedl am See","power_kw":5000,"commissioned":"2020"}},{"type":"Feature","geometry":{"type":"Point","coordinates":[16.906164,48.036644]},"properties":{"gemeinde":"Neudorf bei Parndorf, Parndorf, Bruckneudorf","bezirk":"Neusiedl am See","power_kw":5000,"commissioned":"2020"}},{"type":"Feature","geometry":{"type":"Point","coordinates":[16.902178,48.033931]},"properties":{"gemeinde":"Neudorf bei Parndorf, Parndorf, Bruckneudorf","bezirk":"Neusiedl am See","power_kw":5000,"commissioned":"2020"}},{"type":"Feature","geometry":{"type":"Point","coordinates":[16.895783,48.030319]},"properties":{"gemeinde":"Neudorf bei Parndorf, Parndorf, Bruckneudorf","bezirk":"Neusiedl am See","power_kw":5000,"commissioned":"2020"}},{"type":"Feature","geometry":{"type":"Point","coordinates":[16.891589,48.028083]},"properties":{"gemeinde":"Neudorf bei Parndorf, Parndorf, Bruckneudorf","bezirk":"Neusiedl am See","power_kw":5000,"commissioned":"2020"}},{"type":"Feature","geometry":{"type":"Point","coordinates":[16.890158,48.0246]},"properties":{"gemeinde":"Neudorf bei Parndorf, Parndorf, Bruckneudorf","bezirk":"Neusiedl am See","power_kw":5000,"commissioned":"2020"}},{"type":"Feature","geometry":{"type":"Point","coordinates":[16.9105,48.033439]},"properties":{"gemeinde":"Neudorf bei Parndorf, Parndorf, Bruckneudorf","bezirk":"Neusiedl am See","power_kw":4200,"commissioned":"2022"}},{"type":"Feature","geometry":{"type":"Point","coordinates":[16.906475,48.030725]},"properties":{"gemeinde":"Neudorf bei Parndorf, Parndorf, Bruckneudorf","bezirk":"Neusiedl am See","power_kw":5000,"commissioned":"2022"}},{"type":"Feature","geometry":{"type":"Point","coordinates":[16.901639,48.028592]},"properties":{"gemeinde":"Neudorf bei Parndorf, Parndorf, Bruckneudorf","bezirk":"Neusiedl am See","power_kw":5000,"commissioned":"2022"}},{"type":"Feature","geometry":{"type":"Point","coordinates":[16.897011,48.025978]},"properties":{"gemeinde":"Neudorf bei Parndorf, Parndorf, Bruckneudorf","bezirk":"Neusiedl am See","power_kw":5000,"commissioned":"2022"}},{"type":"Feature","geometry":{"type":"Point","coordinates":[16.902164,48.033733]},"properties":{"gemeinde":"Neudorf bei Parndorf, Parndorf, Bruckneudorf","bezirk":"Neusiedl am See","power_kw":4200,"commissioned":"2022"}},{"type":"Feature","geometry":{"type":"Point","coordinates":[16.912833,48.029706]},"properties":{"gemeinde":"Neudorf bei Parndorf, Parndorf, Bruckneudorf","bezirk":"Neusiedl am See","power_kw":4200,"commissioned":"2022"}},{"type":"Feature","geometry":{"type":"Point","coordinates":[16.905797,48.025333]},"properties":{"gemeinde":"Neudorf bei Parndorf, Parndorf, Bruckneudorf","bezirk":"Neusiedl am See","power_kw":4200,"commissioned":"2022"}},{"type":"Feature","geometry":{"type":"Point","coordinates":[16.900444,48.022536]},"properties":{"gemeinde":"Neudorf bei Parndorf, Parndorf, Bruckneudorf","bezirk":"Neusiedl am See","power_kw":4200,"commissioned":"2022"}},{"type":"Feature","geometry":{"type":"Point","coordinates":[16.918797,48.028261]},"properties":{"gemeinde":"Neudorf bei Parndorf, Parndorf, Bruckneudorf","bezirk":"Neusiedl am See","power_kw":4200,"commissioned":"2022"}},{"type":"Feature","geometry":{"type":"Point","coordinates":[16.915553,48.026128]},"properties":{"gemeinde":"Neudorf bei Parndorf, Parndorf, Bruckneudorf","bezirk":"Neusiedl am See","power_kw":4200,"commissioned":"2022"}},{"type":"Feature","geometry":{"type":"Point","coordinates":[16.911408,48.023425]},"properties":{"gemeinde":"Neudorf bei Parndorf, Parndorf, Bruckneudorf","bezirk":"Neusiedl am See","power_kw":4200,"commissioned":"2022"}},{"type":"Feature","geometry":{"type":"Point","coordinates":[16.906986,48.021181]},"properties":{"gemeinde":"Neudorf bei Parndorf, Parndorf, Bruckneudorf","bezirk":"Neusiedl am See","power_kw":4200,"commissioned":"2022"}},{"type":"Feature","geometry":{"type":"Point","coordinates":[16.902903,48.018117]},"properties":{"gemeinde":"Neudorf bei Parndorf, Parndorf, Bruckneudorf","bezirk":"Neusiedl am See","power_kw":4200,"commissioned":"2022"}},{"type":"Feature","geometry":{"type":"Point","coordinates":[16.898531,48.015411]},"properties":{"gemeinde":"Neudorf bei Parndorf, Parndorf, Bruckneudorf","bezirk":"Neusiedl am See","power_kw":4200,"commissioned":"2022"}},{"type":"Feature","geometry":{"type":"Point","coordinates":[16.78958,48.49892]},"properties":{"gemeinde":"Velm-Götzendorf","bezirk":"Gänserndorf","power_kw":2950,"commissioned":"2019"}},{"type":"Feature","geometry":{"type":"Point","coordinates":[16.7965,48.49831]},"properties":{"gemeinde":"Velm-Götzendorf","bezirk":"Gänserndorf","power_kw":2950,"commissioned":"2019"}},{"type":"Feature","geometry":{"type":"Point","coordinates":[16.79825,48.50251]},"properties":{"gemeinde":"Velm-Götzendorf","bezirk":"Gänserndorf","power_kw":2950,"commissioned":"2019"}},{"type":"Feature","geometry":{"type":"Point","coordinates":[16.79211,48.50583]},"properties":{"gemeinde":"Velm-Götzendorf","bezirk":"Gänserndorf","power_kw":2950,"commissioned":"2019"}},{"type":"Feature","geometry":{"type":"Point","coordinates":[16.64433,48.43497]},"properties":{"gemeinde":"Groß Schweinbarth","bezirk":"Gänserndorf","power_kw":4200,"commissioned":"2020"}},{"type":"Feature","geometry":{"type":"Point","coordinates":[16.64881,48.42969]},"properties":{"gemeinde":"Groß Schweinbarth","bezirk":"Gänserndorf","power_kw":4200,"commissioned":"2020"}},{"type":"Feature","geometry":{"type":"Point","coordinates":[16.65572,48.42669]},"properties":{"gemeinde":"Groß Schweinbarth","bezirk":"Gänserndorf","power_kw":4200,"commissioned":"2020"}},{"type":"Feature","geometry":{"type":"Point","coordinates":[15.06928,46.90927]},"properties":{"gemeinde":"Deutschlandsberg","bezirk":"Deutschlandsberg","power_kw":3600,"commissioned":"2018"}},{"type":"Feature","geometry":{"type":"Point","coordinates":[16.74158,48.59244]},"properties":{"gemeinde":"Hauskirchen","bezirk":"Gänserndorf","power_kw":4000,"commissioned":"2021"}},{"type":"Feature","geometry":{"type":"Point","coordinates":[16.73178,48.58358]},"properties":{"gemeinde":"Hauskirchen","bezirk":"Gänserndorf","power_kw":4000,"commissioned":"2021"}},{"type":"Feature","geometry":{"type":"Point","coordinates":[16.73731,48.58447]},"properties":{"gemeinde":"Hauskirchen","bezirk":"Gänserndorf","power_kw":4000,"commissioned":"2021"}},{"type":"Feature","geometry":{"type":"Point","coordinates":[16.73958,48.58867]},"properties":{"gemeinde":"Hauskirchen","bezirk":"Gänserndorf","power_kw":4000,"commissioned":"2021"}},{"type":"Feature","geometry":{"type":"Point","coordinates":[16.74825,48.59081]},"properties":{"gemeinde":"Hauskirchen","bezirk":"Gänserndorf","power_kw":4000,"commissioned":"2021"}},{"type":"Feature","geometry":{"type":"Point","coordinates":[16.73142,48.57944]},"properties":{"gemeinde":"Hauskirchen","bezirk":"Gänserndorf","power_kw":4000,"commissioned":"2021"}},{"type":"Feature","geometry":{"type":"Point","coordinates":[16.73828,48.57592]},"properties":{"gemeinde":"Hauskirchen","bezirk":"Gänserndorf","power_kw":4000,"commissioned":"2021"}},{"type":"Feature","geometry":{"type":"Point","coordinates":[16.73978,48.57928]},"properties":{"gemeinde":"Hauskirchen","bezirk":"Gänserndorf","power_kw":4000,"commissioned":"2021"}},{"type":"Feature","geometry":{"type":"Point","coordinates":[16.74339,48.58208]},"properties":{"gemeinde":"Hauskirchen","bezirk":"Gänserndorf","power_kw":4000,"commissioned":"2021"}},{"type":"Feature","geometry":{"type":"Point","coordinates":[16.74467,48.58522]},"properties":{"gemeinde":"Hauskirchen","bezirk":"Gänserndorf","power_kw":4000,"commissioned":"2021"}},{"type":"Feature","geometry":{"type":"Point","coordinates":[15.738877,48.249468]},"properties":{"gemeinde":"Böheimkirchen","bezirk":"St. Pölten-Land","power_kw":110,"commissioned":"1996"}},{"type":"Feature","geometry":{"type":"Point","coordinates":[16.652,48.177596]},"properties":{"gemeinde":"Groß-Enzersdorf","bezirk":"Gänserndorf","power_kw":500,"commissioned":"1996"}},{"type":"Feature","geometry":{"type":"Point","coordinates":[16.455536,48.195739]},"properties":{"gemeinde":"Wien","bezirk":"Wien","power_kw":230,"commissioned":"1997"}},{"type":"Feature","geometry":{"type":"Point","coordinates":[16.463849,48.185217]},"properties":{"gemeinde":"Wien","bezirk":"Wien","power_kw":600,"commissioned":"1998"}},{"type":"Feature","geometry":{"type":"Point","coordinates":[16.904461,48.087762]},"properties":{"gemeinde":"Rohrau","bezirk":"Bruck an der Leitha","power_kw":2000,"commissioned":"2004"}},{"type":"Feature","geometry":{"type":"Point","coordinates":[16.898229,48.088701]},"properties":{"gemeinde":"Rohrau","bezirk":"Bruck an der Leitha","power_kw":2000,"commissioned":"2004"}},{"type":"Feature","geometry":{"type":"Point","coordinates":[16.899674,48.093137]},"properties":{"gemeinde":"Rohrau","bezirk":"Bruck an der Leitha","power_kw":2000,"commissioned":"2004"}},{"type":"Feature","geometry":{"type":"Point","coordinates":[16.878248,48.095668]},"properties":{"gemeinde":"Rohrau","bezirk":"Bruck an der Leitha","power_kw":2000,"commissioned":"2004"}},{"type":"Feature","geometry":{"type":"Point","coordinates":[16.886863,48.095285]},"properties":{"gemeinde":"Rohrau","bezirk":"Bruck an der Leitha","power_kw":2000,"commissioned":"2004"}},{"type":"Feature","geometry":{"type":"Point","coordinates":[16.904016,48.085129]},"properties":{"gemeinde":"Rohrau","bezirk":"Bruck an der Leitha","power_kw":2000,"commissioned":"2004"}},{"type":"Feature","geometry":{"type":"Point","coordinates":[16.890975,48.094375]},"properties":{"gemeinde":"Rohrau","bezirk":"Bruck an der Leitha","power_kw":2000,"commissioned":"2004"}},{"type":"Feature","geometry":{"type":"Point","coordinates":[16.885944,48.092196]},"properties":{"gemeinde":"Rohrau","bezirk":"Bruck an der Leitha","power_kw":2000,"commissioned":"2004"}},{"type":"Feature","geometry":{"type":"Point","coordinates":[16.893364,48.089381]},"properties":{"gemeinde":"Rohrau","bezirk":"Bruck an der Leitha","power_kw":2000,"commissioned":"2004"}},{"type":"Feature","geometry":{"type":"Point","coordinates":[16.836119,48.09415]},"properties":{"gemeinde":"Petronell-Carnuntum","bezirk":"Bruck an der Leitha","power_kw":2000,"commissioned":"2004"}},{"type":"Feature","geometry":{"type":"Point","coordinates":[16.838635,48.087853]},"properties":{"gemeinde":"Petronell-Carnuntum","bezirk":"Bruck an der Leitha","power_kw":2000,"commissioned":"2004"}},{"type":"Feature","geometry":{"type":"Point","coordinates":[16.840849,48.090532]},"properties":{"gemeinde":"Petronell-Carnuntum","bezirk":"Bruck an der Leitha","power_kw":2000,"commissioned":"2004"}},{"type":"Feature","geometry":{"type":"Point","coordinates":[16.845803,48.093253]},"properties":{"gemeinde":"Petronell-Carnuntum","bezirk":"Bruck an der Leitha","power_kw":2000,"commissioned":"2004"}},{"type":"Feature","geometry":{"type":"Point","coordinates":[16.833331,48.089072]},"properties":{"gemeinde":"Petronell-Carnuntum","bezirk":"Bruck an der Leitha","power_kw":2000,"commissioned":"2004"}},{"type":"Feature","geometry":{"type":"Point","coordinates":[16.841155,48.097078]},"properties":{"gemeinde":"Petronell-Carnuntum","bezirk":"Bruck an der Leitha","power_kw":2000,"commissioned":"2004"}},{"type":"Feature","geometry":{"type":"Point","coordinates":[16.835249,48.097203]},"properties":{"gemeinde":"Petronell-Carnuntum","bezirk":"Bruck an der Leitha","power_kw":2000,"commissioned":"2004"}},{"type":"Feature","geometry":{"type":"Point","coordinates":[16.840721,48.106226]},"properties":{"gemeinde":"Petronell-Carnuntum","bezirk":"Bruck an der Leitha","power_kw":2000,"commissioned":"2004"}},{"type":"Feature","geometry":{"type":"Point","coordinates":[16.833597,48.108227]},"properties":{"gemeinde":"Petronell-Carnuntum","bezirk":"Bruck an der Leitha","power_kw":2000,"commissioned":"2004"}},{"type":"Feature","geometry":{"type":"Point","coordinates":[16.838343,48.110266]},"properties":{"gemeinde":"Petronell-Carnuntum","bezirk":"Bruck an der Leitha","power_kw":2000,"commissioned":"2004"}},{"type":"Feature","geometry":{"type":"Point","coordinates":[16.851345,48.098445]},"properties":{"gemeinde":"Petronell-Carnuntum","bezirk":"Bruck an der Leitha","power_kw":2000,"commissioned":"2004"}},{"type":"Feature","geometry":{"type":"Point","coordinates":[15.52272,48.79997]},"properties":{"gemeinde":"Japons","bezirk":"Horn","power_kw":2000,"commissioned":"2005"}},{"type":"Feature","geometry":{"type":"Point","coordinates":[16.73956078,48.36376849]},"properties":{"gemeinde":"Gänserndorf","bezirk":"Gänserndorf","power_kw":1800,"commissioned":"2006"}},{"type":"Feature","geometry":{"type":"Point","coordinates":[16.72320413,48.3566123]},"properties":{"gemeinde":"Gänserndorf","bezirk":"Gänserndorf","power_kw":1800,"commissioned":"2006"}},{"type":"Feature","geometry":{"type":"Point","coordinates":[16.7355382,48.36019432]},"properties":{"gemeinde":"Gänserndorf","bezirk":"Gänserndorf","power_kw":1800,"commissioned":"2006"}},{"type":"Feature","geometry":{"type":"Point","coordinates":[16.74425207,48.36988516]},"properties":{"gemeinde":"Gänserndorf","bezirk":"Gänserndorf","power_kw":1800,"commissioned":"2006"}},{"type":"Feature","geometry":{"type":"Point","coordinates":[16.74257252,48.36744502]},"properties":{"gemeinde":"Gänserndorf","bezirk":"Gänserndorf","power_kw":1800,"commissioned":"2006"}},{"type":"Feature","geometry":{"type":"Point","coordinates":[15.661667,48.273889]},"properties":{"gemeinde":"Obritzberg-Rust","bezirk":"St. Pölten-Land","power_kw":1800,"commissioned":"2006"}},{"type":"Feature","geometry":{"type":"Point","coordinates":[15.6625,48.271667]},"properties":{"gemeinde":"Obritzberg-Rust","bezirk":"St. Pölten-Land","power_kw":1800,"commissioned":"2006"}},{"type":"Feature","geometry":{"type":"Point","coordinates":[15.661667,48.276389]},"properties":{"gemeinde":"Obritzberg-Rust","bezirk":"St. Pölten-Land","power_kw":1800,"commissioned":"2006"}},{"type":"Feature","geometry":{"type":"Point","coordinates":[15.661944,48.278889]},"properties":{"gemeinde":"Obritzberg-Rust","bezirk":"St. Pölten-Land","power_kw":1800,"commissioned":"2006"}},{"type":"Feature","geometry":{"type":"Point","coordinates":[15.662222,48.281667]},"properties":{"gemeinde":"Obritzberg-Rust","bezirk":"St. Pölten-Land","power_kw":1800,"commissioned":"2006"}},{"type":"Feature","geometry":{"type":"Point","coordinates":[15.662222,48.283333]},"properties":{"gemeinde":"Obritzberg-Rust","bezirk":"St. Pölten-Land","power_kw":1800,"commissioned":"2006"}},{"type":"Feature","geometry":{"type":"Point","coordinates":[15.6575,48.305833]},"properties":{"gemeinde":"Obritzberg-Rust","bezirk":"St. Pölten-Land","power_kw":2000,"commissioned":"2006"}},{"type":"Feature","geometry":{"type":"Point","coordinates":[15.6575,48.305278]},"properties":{"gemeinde":"Obritzberg-Rust","bezirk":"St. Pölten-Land","power_kw":2000,"commissioned":"2006"}},{"type":"Feature","geometry":{"type":"Point","coordinates":[15.741667,47.564444]},"properties":{"gemeinde":"Mürzzuschlag","bezirk":"Bruck-Mürzzuschlag","power_kw":2300,"commissioned":"2006"}},{"type":"Feature","geometry":{"type":"Point","coordinates":[15.743083,47.562889]},"properties":{"gemeinde":"Mürzzuschlag","bezirk":"Bruck-Mürzzuschlag","power_kw":2300,"commissioned":"2006"}},{"type":"Feature","geometry":{"type":"Point","coordinates":[15.744583,47.561389]},"properties":{"gemeinde":"Mürzzuschlag","bezirk":"Bruck-Mürzzuschlag","power_kw":2300,"commissioned":"2006"}},{"type":"Feature","geometry":{"type":"Point","coordinates":[15.745639,47.55975]},"properties":{"gemeinde":"Mürzzuschlag","bezirk":"Bruck-Mürzzuschlag","power_kw":2300,"commissioned":"2006"}},{"type":"Feature","geometry":{"type":"Point","coordinates":[15.740972,47.565889]},"properties":{"gemeinde":"Mürzzuschlag","bezirk":"Bruck-Mürzzuschlag","power_kw":2300,"commissioned":"2006"}},{"type":"Feature","geometry":{"type":"Point","coordinates":[15.6625,48.264722]},"properties":{"gemeinde":"Obritzberg-Rust","bezirk":"St. Pölten-Land","power_kw":1800,"commissioned":"2006"}},{"type":"Feature","geometry":{"type":"Point","coordinates":[15.663056,48.256667]},"properties":{"gemeinde":"Obritzberg-Rust","bezirk":"St. Pölten-Land","power_kw":1800,"commissioned":"2006"}},{"type":"Feature","geometry":{"type":"Point","coordinates":[15.661389,48.253333]},"properties":{"gemeinde":"Obritzberg-Rust","bezirk":"St. Pölten-Land","power_kw":1800,"commissioned":"2006"}},{"type":"Feature","geometry":{"type":"Point","coordinates":[15.656389,48.249444]},"properties":{"gemeinde":"Obritzberg-Rust","bezirk":"St. Pölten-Land","power_kw":1800,"commissioned":"2006"}},{"type":"Feature","geometry":{"type":"Point","coordinates":[15.664444,48.261111]},"properties":{"gemeinde":"Obritzberg-Rust","bezirk":"St. Pölten-Land","power_kw":1800,"commissioned":"2006"}},{"type":"Feature","geometry":{"type":"Point","coordinates":[16.65118158,48.53237279]},"properties":{"gemeinde":"Mistelbach","bezirk":"Mistelbach","power_kw":2000,"commissioned":"2006"}},{"type":"Feature","geometry":{"type":"Point","coordinates":[16.61348906,48.54039236]},"properties":{"gemeinde":"Mistelbach","bezirk":"Mistelbach","power_kw":2000,"commissioned":"2006"}},{"type":"Feature","geometry":{"type":"Point","coordinates":[16.62189995,48.54540771]},"properties":{"gemeinde":"Mistelbach","bezirk":"Mistelbach","power_kw":2000,"commissioned":"2006"}},{"type":"Feature","geometry":{"type":"Point","coordinates":[16.62297278,48.54112451]},"properties":{"gemeinde":"Mistelbach","bezirk":"Mistelbach","power_kw":2000,"commissioned":"2006"}},{"type":"Feature","geometry":{"type":"Point","coordinates":[16.62243159,48.53881473]},"properties":{"gemeinde":"Mistelbach","bezirk":"Mistelbach","power_kw":2000,"commissioned":"2006"}},{"type":"Feature","geometry":{"type":"Point","coordinates":[16.6226345,48.54837347]},"properties":{"gemeinde":"Mistelbach","bezirk":"Mistelbach","power_kw":2000,"commissioned":"2006"}},{"type":"Feature","geometry":{"type":"Point","coordinates":[16.62189046,48.53650495]},"properties":{"gemeinde":"Mistelbach","bezirk":"Mistelbach","power_kw":2000,"commissioned":"2006"}},{"type":"Feature","geometry":{"type":"Point","coordinates":[16.61690945,48.5368949]},"properties":{"gemeinde":"Mistelbach","bezirk":"Mistelbach","power_kw":2000,"commissioned":"2006"}},{"type":"Feature","geometry":{"type":"Point","coordinates":[16.61822818,48.54027293]},"properties":{"gemeinde":"Mistelbach","bezirk":"Mistelbach","power_kw":2000,"commissioned":"2006"}},{"type":"Feature","geometry":{"type":"Point","coordinates":[16.6164036,48.54337987]},"properties":{"gemeinde":"Mistelbach","bezirk":"Mistelbach","power_kw":2000,"commissioned":"2006"}},{"type":"Feature","geometry":{"type":"Point","coordinates":[16.61181299,48.53598996]},"properties":{"gemeinde":"Mistelbach","bezirk":"Mistelbach","power_kw":2000,"commissioned":"2006"}},{"type":"Feature","geometry":{"type":"Point","coordinates":[16.63140349,48.54238016]},"properties":{"gemeinde":"Mistelbach","bezirk":"Mistelbach","power_kw":2000,"commissioned":"2006"}},{"type":"Feature","geometry":{"type":"Point","coordinates":[16.63600356,48.54162187]},"properties":{"gemeinde":"Mistelbach","bezirk":"Mistelbach","power_kw":2000,"commissioned":"2006"}},{"type":"Feature","geometry":{"type":"Point","coordinates":[16.64586602,48.53996808]},"properties":{"gemeinde":"Mistelbach","bezirk":"Mistelbach","power_kw":2000,"commissioned":"2006"}},{"type":"Feature","geometry":{"type":"Point","coordinates":[16.65604382,48.53473347]},"properties":{"gemeinde":"Mistelbach","bezirk":"Mistelbach","power_kw":2000,"commissioned":"2006"}},{"type":"Feature","geometry":{"type":"Point","coordinates":[16.6467957,48.53255558]},"properties":{"gemeinde":"Mistelbach","bezirk":"Mistelbach","power_kw":2000,"commissioned":"2006"}},{"type":"Feature","geometry":{"type":"Point","coordinates":[16.6427405,48.53369054]},"properties":{"gemeinde":"Mistelbach","bezirk":"Mistelbach","power_kw":2000,"commissioned":"2006"}},{"type":"Feature","geometry":{"type":"Point","coordinates":[16.62447814,48.5510397]},"properties":{"gemeinde":"Mistelbach","bezirk":"Mistelbach","power_kw":2000,"commissioned":"2006"}},{"type":"Feature","geometry":{"type":"Point","coordinates":[16.65317316,48.53689966]},"properties":{"gemeinde":"Mistelbach","bezirk":"Mistelbach","power_kw":2000,"commissioned":"2006"}},{"type":"Feature","geometry":{"type":"Point","coordinates":[16.6266836,48.54825541]},"properties":{"gemeinde":"Mistelbach","bezirk":"Mistelbach","power_kw":2000,"commissioned":"2006"}},{"type":"Feature","geometry":{"type":"Point","coordinates":[16.66777,48.2766667]},"properties":{"gemeinde":"Markgrafneusiedl","bezirk":"Gänserndorf","power_kw":2000,"commissioned":"2011"}},{"type":"Feature","geometry":{"type":"Point","coordinates":[16.656944,48.26527]},"properties":{"gemeinde":"Markgrafneusiedl","bezirk":"Gänserndorf","power_kw":2000,"commissioned":"2011"}},{"type":"Feature","geometry":{"type":"Point","coordinates":[16.658055,48.2683333]},"properties":{"gemeinde":"Markgrafneusiedl","bezirk":"Gänserndorf","power_kw":2000,"commissioned":"2011"}},{"type":"Feature","geometry":{"type":"Point","coordinates":[16.659444,48.2711111]},"properties":{"gemeinde":"Markgrafneusiedl","bezirk":"Gänserndorf","power_kw":2000,"commissioned":"2011"}},{"type":"Feature","geometry":{"type":"Point","coordinates":[16.6611,48.275]},"properties":{"gemeinde":"Markgrafneusiedl","bezirk":"Gänserndorf","power_kw":2000,"commissioned":"2011"}},{"type":"Feature","geometry":{"type":"Point","coordinates":[16.6711111,48.2705556]},"properties":{"gemeinde":"Markgrafneusiedl","bezirk":"Gänserndorf","power_kw":2000,"commissioned":"2011"}},{"type":"Feature","geometry":{"type":"Point","coordinates":[16.669444,48.2677778]},"properties":{"gemeinde":"Markgrafneusiedl","bezirk":"Gänserndorf","power_kw":2000,"commissioned":"2011"}},{"type":"Feature","geometry":{"type":"Point","coordinates":[16.665277,48.2608333]},"properties":{"gemeinde":"Markgrafneusiedl","bezirk":"Gänserndorf","power_kw":2000,"commissioned":"2011"}},{"type":"Feature","geometry":{"type":"Point","coordinates":[16.6694444,48.2647222]},"properties":{"gemeinde":"Markgrafneusiedl","bezirk":"Gänserndorf","power_kw":2000,"commissioned":"2011"}},{"type":"Feature","geometry":{"type":"Point","coordinates":[16.3514706,47.9486755]},"properties":{"gemeinde":"Tattendorf","bezirk":"Baden","power_kw":2000,"commissioned":"2011"}},{"type":"Feature","geometry":{"type":"Point","coordinates":[16.3565136,47.9447191]},"properties":{"gemeinde":"Tattendorf","bezirk":"Baden","power_kw":2000,"commissioned":"2011"}},{"type":"Feature","geometry":{"type":"Point","coordinates":[16.3475359,47.9467513]},"properties":{"gemeinde":"Tattendorf","bezirk":"Baden","power_kw":2000,"commissioned":"2011"}},{"type":"Feature","geometry":{"type":"Point","coordinates":[16.3545889,47.9499498]},"properties":{"gemeinde":"Tattendorf","bezirk":"Baden","power_kw":2000,"commissioned":"2011"}},{"type":"Feature","geometry":{"type":"Point","coordinates":[16.3528994,47.9433275]},"properties":{"gemeinde":"Tattendorf","bezirk":"Baden","power_kw":2000,"commissioned":"2011"}},{"type":"Feature","geometry":{"type":"Point","coordinates":[16.3563625,47.9398157]},"properties":{"gemeinde":"Tattendorf","bezirk":"Baden","power_kw":2000,"commissioned":"2011"}},{"type":"Feature","geometry":{"type":"Point","coordinates":[16.3600637,47.9409674]},"properties":{"gemeinde":"Tattendorf","bezirk":"Baden","power_kw":2000,"commissioned":"2011"}},{"type":"Feature","geometry":{"type":"Point","coordinates":[16.3590102,47.9466626]},"properties":{"gemeinde":"Tattendorf","bezirk":"Baden","power_kw":2000,"commissioned":"2011"}},{"type":"Feature","geometry":{"type":"Point","coordinates":[16.662214,48.256317]},"properties":{"gemeinde":"Markgrafneusiedl","bezirk":"Gänserndorf","power_kw":2050,"commissioned":"2012"}},{"type":"Feature","geometry":{"type":"Point","coordinates":[16.67532,48.2546]},"properties":{"gemeinde":"Glinzendorf","bezirk":"Gänserndorf","power_kw":2050,"commissioned":"2012"}},{"type":"Feature","geometry":{"type":"Point","coordinates":[16.65847,48.25478]},"properties":{"gemeinde":"Glinzendorf","bezirk":"Gänserndorf","power_kw":2050,"commissioned":"2012"}},{"type":"Feature","geometry":{"type":"Point","coordinates":[16.6589,48.26137]},"properties":{"gemeinde":"Glinzendorf","bezirk":"Gänserndorf","power_kw":2050,"commissioned":"2012"}},{"type":"Feature","geometry":{"type":"Point","coordinates":[16.66273,48.2581]},"properties":{"gemeinde":"Glinzendorf","bezirk":"Gänserndorf","power_kw":2050,"commissioned":"2012"}},{"type":"Feature","geometry":{"type":"Point","coordinates":[16.66503,48.2729]},"properties":{"gemeinde":"Glinzendorf","bezirk":"Gänserndorf","power_kw":2050,"commissioned":"2012"}},{"type":"Feature","geometry":{"type":"Point","coordinates":[16.6787,48.2653]},"properties":{"gemeinde":"Glinzendorf","bezirk":"Gänserndorf","power_kw":2050,"commissioned":"2012"}},{"type":"Feature","geometry":{"type":"Point","coordinates":[16.65145,48.25032]},"properties":{"gemeinde":"Glinzendorf","bezirk":"Gänserndorf","power_kw":2050,"commissioned":"2012"}},{"type":"Feature","geometry":{"type":"Point","coordinates":[16.68032,48.2486]},"properties":{"gemeinde":"Glinzendorf","bezirk":"Gänserndorf","power_kw":2050,"commissioned":"2012"}},{"type":"Feature","geometry":{"type":"Point","coordinates":[16.6608,48.25952]},"properties":{"gemeinde":"Glinzendorf","bezirk":"Gänserndorf","power_kw":2050,"commissioned":"2012"}},{"type":"Feature","geometry":{"type":"Point","coordinates":[17.070648,47.904621]},"properties":{"gemeinde":"Nickelsdorf","bezirk":"Neusiedl am See","power_kw":3050,"commissioned":"2012"}},{"type":"Feature","geometry":{"type":"Point","coordinates":[17.061568,47.903783]},"properties":{"gemeinde":"Nickelsdorf","bezirk":"Neusiedl am See","power_kw":3050,"commissioned":"2012"}},{"type":"Feature","geometry":{"type":"Point","coordinates":[17.054815,47.901702]},"properties":{"gemeinde":"Nickelsdorf","bezirk":"Neusiedl am See","power_kw":3050,"commissioned":"2012"}},{"type":"Feature","geometry":{"type":"Point","coordinates":[17.060671,47.908258]},"properties":{"gemeinde":"Nickelsdorf","bezirk":"Neusiedl am See","power_kw":3050,"commissioned":"2012"}},{"type":"Feature","geometry":{"type":"Point","coordinates":[17.049527,47.905686]},"properties":{"gemeinde":"Nickelsdorf","bezirk":"Neusiedl am See","power_kw":3050,"commissioned":"2012"}},{"type":"Feature","geometry":{"type":"Point","coordinates":[17.053609,47.90973]},"properties":{"gemeinde":"Nickelsdorf","bezirk":"Neusiedl am See","power_kw":3050,"commissioned":"2012"}},{"type":"Feature","geometry":{"type":"Point","coordinates":[17.043244,47.909229]},"properties":{"gemeinde":"Nickelsdorf","bezirk":"Neusiedl am See","power_kw":3050,"commissioned":"2012"}},{"type":"Feature","geometry":{"type":"Point","coordinates":[17.046413,47.913231]},"properties":{"gemeinde":"Nickelsdorf","bezirk":"Neusiedl am See","power_kw":3050,"commissioned":"2012"}},{"type":"Feature","geometry":{"type":"Point","coordinates":[17.039592,47.914993]},"properties":{"gemeinde":"Nickelsdorf","bezirk":"Neusiedl am See","power_kw":3050,"commissioned":"2012"}},{"type":"Feature","geometry":{"type":"Point","coordinates":[17.042636,47.917502]},"properties":{"gemeinde":"Nickelsdorf","bezirk":"Neusiedl am See","power_kw":3050,"commissioned":"2012"}},{"type":"Feature","geometry":{"type":"Point","coordinates":[17.025496,47.9224]},"properties":{"gemeinde":"Nickelsdorf","bezirk":"Neusiedl am See","power_kw":3050,"commissioned":"2012"}},{"type":"Feature","geometry":{"type":"Point","coordinates":[17.01585,47.922416]},"properties":{"gemeinde":"Nickelsdorf","bezirk":"Neusiedl am See","power_kw":3050,"commissioned":"2012"}},{"type":"Feature","geometry":{"type":"Point","coordinates":[17.033835,47.91313]},"properties":{"gemeinde":"Nickelsdorf","bezirk":"Neusiedl am See","power_kw":3050,"commissioned":"2012"}},{"type":"Feature","geometry":{"type":"Point","coordinates":[17.02775,47.915879]},"properties":{"gemeinde":"Nickelsdorf","bezirk":"Neusiedl am See","power_kw":3050,"commissioned":"2012"}},{"type":"Feature","geometry":{"type":"Point","coordinates":[17.014744,47.897181]},"properties":{"gemeinde":"Mönchhof","bezirk":"Neusiedl am See","power_kw":3050,"commissioned":"2012"}},{"type":"Feature","geometry":{"type":"Point","coordinates":[17.007313,47.898534]},"properties":{"gemeinde":"Mönchhof","bezirk":"Neusiedl am See","power_kw":3050,"commissioned":"2012"}},{"type":"Feature","geometry":{"type":"Point","coordinates":[17.01788,47.902254]},"properties":{"gemeinde":"Mönchhof","bezirk":"Neusiedl am See","power_kw":3050,"commissioned":"2012"}},{"type":"Feature","geometry":{"type":"Point","coordinates":[17.026135,47.902049]},"properties":{"gemeinde":"Mönchhof","bezirk":"Neusiedl am See","power_kw":3050,"commissioned":"2012"}},{"type":"Feature","geometry":{"type":"Point","coordinates":[17.029997,47.909823]},"properties":{"gemeinde":"Mönchhof","bezirk":"Neusiedl am See","power_kw":3050,"commissioned":"2012"}},{"type":"Feature","geometry":{"type":"Point","coordinates":[17.023439,47.906752]},"properties":{"gemeinde":"Mönchhof","bezirk":"Neusiedl am See","power_kw":3050,"commissioned":"2012"}},{"type":"Feature","geometry":{"type":"Point","coordinates":[17.023488,47.911171]},"properties":{"gemeinde":"Mönchhof","bezirk":"Neusiedl am See","power_kw":3050,"commissioned":"2012"}},{"type":"Feature","geometry":{"type":"Point","coordinates":[17.013844,47.906522]},"properties":{"gemeinde":"Mönchhof","bezirk":"Neusiedl am See","power_kw":3050,"commissioned":"2012"}},{"type":"Feature","geometry":{"type":"Point","coordinates":[17.015424,47.911653]},"properties":{"gemeinde":"Mönchhof","bezirk":"Neusiedl am See","power_kw":3050,"commissioned":"2012"}},{"type":"Feature","geometry":{"type":"Point","coordinates":[17.009254,47.910812]},"properties":{"gemeinde":"Mönchhof","bezirk":"Neusiedl am See","power_kw":3050,"commissioned":"2012"}},{"type":"Feature","geometry":{"type":"Point","coordinates":[17.017527,47.915583]},"properties":{"gemeinde":"Mönchhof","bezirk":"Neusiedl am See","power_kw":3050,"commissioned":"2012"}},{"type":"Feature","geometry":{"type":"Point","coordinates":[17.021704,47.918602]},"properties":{"gemeinde":"Mönchhof","bezirk":"Neusiedl am See","power_kw":3050,"commissioned":"2012"}},{"type":"Feature","geometry":{"type":"Point","coordinates":[17.002266,47.911744]},"properties":{"gemeinde":"Mönchhof","bezirk":"Neusiedl am See","power_kw":3050,"commissioned":"2012"}},{"type":"Feature","geometry":{"type":"Point","coordinates":[17.00717,47.915489]},"properties":{"gemeinde":"Mönchhof","bezirk":"Neusiedl am See","power_kw":3050,"commissioned":"2012"}},{"type":"Feature","geometry":{"type":"Point","coordinates":[17.0114,47.91942]},"properties":{"gemeinde":"Mönchhof","bezirk":"Neusiedl am See","power_kw":3050,"commissioned":"2012"}},{"type":"Feature","geometry":{"type":"Point","coordinates":[17.01361,47.89356]},"properties":{"gemeinde":"Mönchhof","bezirk":"Neusiedl am See","power_kw":3050,"commissioned":"2012"}},{"type":"Feature","geometry":{"type":"Point","coordinates":[17.01475,47.89717]},"properties":{"gemeinde":"Mönchhof","bezirk":"Neusiedl am See","power_kw":3050,"commissioned":"2012"}},{"type":"Feature","geometry":{"type":"Point","coordinates":[17.03825,47.89994]},"properties":{"gemeinde":"Halbturn","bezirk":"Neusiedl am See","power_kw":3050,"commissioned":"2012"}},{"type":"Feature","geometry":{"type":"Point","coordinates":[17.04181,47.88786]},"properties":{"gemeinde":"Halbturn","bezirk":"Neusiedl am See","power_kw":3050,"commissioned":"2012"}},{"type":"Feature","geometry":{"type":"Point","coordinates":[17.02061,47.89556]},"properties":{"gemeinde":"Halbturn","bezirk":"Neusiedl am See","power_kw":3050,"commissioned":"2012"}},{"type":"Feature","geometry":{"type":"Point","coordinates":[17.02653,47.89756]},"properties":{"gemeinde":"Halbturn","bezirk":"Neusiedl am See","power_kw":3050,"commissioned":"2012"}},{"type":"Feature","geometry":{"type":"Point","coordinates":[17.03267,47.90222]},"properties":{"gemeinde":"Halbturn","bezirk":"Neusiedl am See","power_kw":3050,"commissioned":"2012"}},{"type":"Feature","geometry":{"type":"Point","coordinates":[17.03197,47.89808]},"properties":{"gemeinde":"Halbturn","bezirk":"Neusiedl am See","power_kw":3050,"commissioned":"2012"}},{"type":"Feature","geometry":{"type":"Point","coordinates":[17.03097,47.89386]},"properties":{"gemeinde":"Halbturn","bezirk":"Neusiedl am See","power_kw":3050,"commissioned":"2012"}},{"type":"Feature","geometry":{"type":"Point","coordinates":[17.03897,47.90103]},"properties":{"gemeinde":"Halbturn","bezirk":"Neusiedl am See","power_kw":3050,"commissioned":"2012"}},{"type":"Feature","geometry":{"type":"Point","coordinates":[17.03539,47.89014]},"properties":{"gemeinde":"Halbturn","bezirk":"Neusiedl am See","power_kw":3050,"commissioned":"2012"}},{"type":"Feature","geometry":{"type":"Point","coordinates":[17.0365,47.88569]},"properties":{"gemeinde":"Halbturn","bezirk":"Neusiedl am See","power_kw":3050,"commissioned":"2012"}},{"type":"Feature","geometry":{"type":"Point","coordinates":[17.05092,47.89225]},"properties":{"gemeinde":"Halbturn","bezirk":"Neusiedl am See","power_kw":3050,"commissioned":"2012"}},{"type":"Feature","geometry":{"type":"Point","coordinates":[17.04458,47.89597]},"properties":{"gemeinde":"Halbturn","bezirk":"Neusiedl am See","power_kw":3050,"commissioned":"2012"}},{"type":"Feature","geometry":{"type":"Point","coordinates":[17.04675,47.89014]},"properties":{"gemeinde":"Halbturn","bezirk":"Neusiedl am See","power_kw":3050,"commissioned":"2012"}},{"type":"Feature","geometry":{"type":"Point","coordinates":[17.04033,47.89275]},"properties":{"gemeinde":"Halbturn","bezirk":"Neusiedl am See","power_kw":3050,"commissioned":"2012"}},{"type":"Feature","geometry":{"type":"Point","coordinates":[17.04575,47.89981]},"properties":{"gemeinde":"Halbturn","bezirk":"Neusiedl am See","power_kw":3050,"commissioned":"2012"}},{"type":"Feature","geometry":{"type":"Point","coordinates":[16.601982,48.249896]},"properties":{"gemeinde":"Großhofen","bezirk":"Gänserndorf","power_kw":2350,"commissioned":"2012"}},{"type":"Feature","geometry":{"type":"Point","coordinates":[16.616597,48.244585]},"properties":{"gemeinde":"Großhofen","bezirk":"Gänserndorf","power_kw":2350,"commissioned":"2012"}},{"type":"Feature","geometry":{"type":"Point","coordinates":[16.609874,48.244898]},"properties":{"gemeinde":"Großhofen","bezirk":"Gänserndorf","power_kw":2350,"commissioned":"2012"}},{"type":"Feature","geometry":{"type":"Point","coordinates":[16.612879,48.246719]},"properties":{"gemeinde":"Großhofen","bezirk":"Gänserndorf","power_kw":2350,"commissioned":"2012"}},{"type":"Feature","geometry":{"type":"Point","coordinates":[16.608177,48.248718]},"properties":{"gemeinde":"Großhofen","bezirk":"Gänserndorf","power_kw":2350,"commissioned":"2012"}},{"type":"Feature","geometry":{"type":"Point","coordinates":[16.602375,48.253108]},"properties":{"gemeinde":"Großhofen","bezirk":"Gänserndorf","power_kw":2350,"commissioned":"2012"}},{"type":"Feature","geometry":{"type":"Point","coordinates":[17.032722,47.819876]},"properties":{"gemeinde":"Andau","bezirk":"Neusiedl am See","power_kw":3050,"commissioned":"2013"}},{"type":"Feature","geometry":{"type":"Point","coordinates":[17.032494,47.826993]},"properties":{"gemeinde":"Halbturn","bezirk":"Neusiedl am See","power_kw":3050,"commissioned":"2013"}},{"type":"Feature","geometry":{"type":"Point","coordinates":[17.026718,47.825401]},"properties":{"gemeinde":"Halbturn","bezirk":"Neusiedl am See","power_kw":3050,"commissioned":"2013"}},{"type":"Feature","geometry":{"type":"Point","coordinates":[17.021189,47.823876]},"properties":{"gemeinde":"Halbturn","bezirk":"Neusiedl am See","power_kw":3050,"commissioned":"2013"}},{"type":"Feature","geometry":{"type":"Point","coordinates":[17.029916,47.83108]},"properties":{"gemeinde":"Halbturn","bezirk":"Neusiedl am See","power_kw":3050,"commissioned":"2013"}},{"type":"Feature","geometry":{"type":"Point","coordinates":[17.024265,47.829519]},"properties":{"gemeinde":"Halbturn","bezirk":"Neusiedl am See","power_kw":3050,"commissioned":"2013"}},{"type":"Feature","geometry":{"type":"Point","coordinates":[17.018607,47.827956]},"properties":{"gemeinde":"Halbturn","bezirk":"Neusiedl am See","power_kw":3050,"commissioned":"2013"}},{"type":"Feature","geometry":{"type":"Point","coordinates":[17.012411,47.826244]},"properties":{"gemeinde":"Halbturn","bezirk":"Neusiedl am See","power_kw":3050,"commissioned":"2013"}},{"type":"Feature","geometry":{"type":"Point","coordinates":[17.025967,47.834933]},"properties":{"gemeinde":"Halbturn","bezirk":"Neusiedl am See","power_kw":3050,"commissioned":"2013"}},{"type":"Feature","geometry":{"type":"Point","coordinates":[17.020312,47.83337]},"properties":{"gemeinde":"Halbturn","bezirk":"Neusiedl am See","power_kw":3050,"commissioned":"2013"}},{"type":"Feature","geometry":{"type":"Point","coordinates":[16.53306,48.32472]},"properties":{"gemeinde":"Deutsch Wagram","bezirk":"Gänserndorf","power_kw":3000,"commissioned":"2013"}},{"type":"Feature","geometry":{"type":"Point","coordinates":[16.53361,48.32111]},"properties":{"gemeinde":"Deutsch Wagram","bezirk":"Gänserndorf","power_kw":3000,"commissioned":"2013"}},{"type":"Feature","geometry":{"type":"Point","coordinates":[16.53667,48.31556]},"properties":{"gemeinde":"Deutsch Wagram","bezirk":"Gänserndorf","power_kw":3000,"commissioned":"2013"}},{"type":"Feature","geometry":{"type":"Point","coordinates":[14.40308333,47.27325]},"properties":{"gemeinde":"Pölstal","bezirk":"Murtal","power_kw":2350,"commissioned":"2013"}},{"type":"Feature","geometry":{"type":"Point","coordinates":[17.04677716,47.81835387]},"properties":{"gemeinde":"Andau","bezirk":"Neusiedl am See","power_kw":3050,"commissioned":"2013"}},{"type":"Feature","geometry":{"type":"Point","coordinates":[17.05432892,47.81879242]},"properties":{"gemeinde":"Andau","bezirk":"Neusiedl am See","power_kw":3050,"commissioned":"2013"}},{"type":"Feature","geometry":{"type":"Point","coordinates":[17.0571997,47.82451313]},"properties":{"gemeinde":"Andau","bezirk":"Neusiedl am See","power_kw":3050,"commissioned":"2013"}},{"type":"Feature","geometry":{"type":"Point","coordinates":[17.05363106,47.82337523]},"properties":{"gemeinde":"Andau","bezirk":"Neusiedl am See","power_kw":3050,"commissioned":"2013"}},{"type":"Feature","geometry":{"type":"Point","coordinates":[17.05085916,47.82189043]},"properties":{"gemeinde":"Andau","bezirk":"Neusiedl am See","power_kw":3050,"commissioned":"2013"}},{"type":"Feature","geometry":{"type":"Point","coordinates":[17.04433108,47.82309139]},"properties":{"gemeinde":"Andau","bezirk":"Neusiedl am See","power_kw":3050,"commissioned":"2013"}},{"type":"Feature","geometry":{"type":"Point","coordinates":[17.05050378,47.82711871]},"properties":{"gemeinde":"Andau","bezirk":"Neusiedl am See","power_kw":3050,"commissioned":"2013"}},{"type":"Feature","geometry":{"type":"Point","coordinates":[17.04171217,47.82595898]},"properties":{"gemeinde":"Andau","bezirk":"Neusiedl am See","power_kw":3050,"commissioned":"2013"}},{"type":"Feature","geometry":{"type":"Point","coordinates":[17.03700178,47.81246854]},"properties":{"gemeinde":"Andau","bezirk":"Neusiedl am See","power_kw":3050,"commissioned":"2013"}},{"type":"Feature","geometry":{"type":"Point","coordinates":[17.04127182,47.81518575]},"properties":{"gemeinde":"Andau","bezirk":"Neusiedl am See","power_kw":3050,"commissioned":"2013"}},{"type":"Feature","geometry":{"type":"Point","coordinates":[17.04282527,47.83020671]},"properties":{"gemeinde":"Andau","bezirk":"Neusiedl am See","power_kw":3050,"commissioned":"2013"}},{"type":"Feature","geometry":{"type":"Point","coordinates":[16.995,48.06889]},"properties":{"gemeinde":"Prellenkirchen","bezirk":"Bruck an der Leitha","power_kw":3170,"commissioned":"2013"}},{"type":"Feature","geometry":{"type":"Point","coordinates":[16.99278,48.06139]},"properties":{"gemeinde":"Prellenkirchen","bezirk":"Bruck an der Leitha","power_kw":3170,"commissioned":"2013"}},{"type":"Feature","geometry":{"type":"Point","coordinates":[16.98056,48.05806]},"properties":{"gemeinde":"Prellenkirchen","bezirk":"Bruck an der Leitha","power_kw":3170,"commissioned":"2013"}},{"type":"Feature","geometry":{"type":"Point","coordinates":[16.98778,48.05917]},"properties":{"gemeinde":"Prellenkirchen","bezirk":"Bruck an der Leitha","power_kw":3170,"commissioned":"2013"}},{"type":"Feature","geometry":{"type":"Point","coordinates":[16.87981,48.09203]},"properties":{"gemeinde":"Rohrau","bezirk":"Bruck an der Leitha","power_kw":3050,"commissioned":"2014"}},{"type":"Feature","geometry":{"type":"Point","coordinates":[16.87969,48.08872]},"properties":{"gemeinde":"Rohrau","bezirk":"Bruck an der Leitha","power_kw":3050,"commissioned":"2014"}},{"type":"Feature","geometry":{"type":"Point","coordinates":[16.878,48.08603]},"properties":{"gemeinde":"Rohrau","bezirk":"Bruck an der Leitha","power_kw":3050,"commissioned":"2014"}},{"type":"Feature","geometry":{"type":"Point","coordinates":[16.88631,48.08897]},"properties":{"gemeinde":"Rohrau","bezirk":"Bruck an der Leitha","power_kw":3050,"commissioned":"2014"}},{"type":"Feature","geometry":{"type":"Point","coordinates":[16.89631,48.09203]},"properties":{"gemeinde":"Rohrau","bezirk":"Bruck an der Leitha","power_kw":3050,"commissioned":"2014"}},{"type":"Feature","geometry":{"type":"Point","coordinates":[16.84592,48.08708]},"properties":{"gemeinde":"Petronell-Carnuntum","bezirk":"Bruck an der Leitha","power_kw":3050,"commissioned":"2014"}},{"type":"Feature","geometry":{"type":"Point","coordinates":[16.82938,48.09497]},"properties":{"gemeinde":"Petronell-Carnuntum","bezirk":"Bruck an der Leitha","power_kw":3050,"commissioned":"2014"}},{"type":"Feature","geometry":{"type":"Point","coordinates":[16.84605,48.09711]},"properties":{"gemeinde":"Petronell-Carnuntum","bezirk":"Bruck an der Leitha","power_kw":3050,"commissioned":"2014"}},{"type":"Feature","geometry":{"type":"Point","coordinates":[16.83503,48.09161]},"properties":{"gemeinde":"Petronell-Carnuntum","bezirk":"Bruck an der Leitha","power_kw":3050,"commissioned":"2014"}},{"type":"Feature","geometry":{"type":"Point","coordinates":[16.85139,48.09264]},"properties":{"gemeinde":"Petronell-Carnuntum","bezirk":"Bruck an der Leitha","power_kw":3050,"commissioned":"2014"}},{"type":"Feature","geometry":{"type":"Point","coordinates":[16.84981,48.08952]},"properties":{"gemeinde":"Petronell-Carnuntum","bezirk":"Bruck an der Leitha","power_kw":3050,"commissioned":"2014"}},{"type":"Feature","geometry":{"type":"Point","coordinates":[16.83548,48.08557]},"properties":{"gemeinde":"Petronell-Carnuntum","bezirk":"Bruck an der Leitha","power_kw":3050,"commissioned":"2014"}},{"type":"Feature","geometry":{"type":"Point","coordinates":[17.03865855,47.81943846]},"properties":{"gemeinde":"Andau","bezirk":"Neusiedl am See","power_kw":3050,"commissioned":"2014"}},{"type":"Feature","geometry":{"type":"Point","coordinates":[17.03278771,47.81786428]},"properties":{"gemeinde":"Andau","bezirk":"Neusiedl am See","power_kw":3050,"commissioned":"2014"}},{"type":"Feature","geometry":{"type":"Point","coordinates":[17.02749263,47.81637628]},"properties":{"gemeinde":"Andau","bezirk":"Neusiedl am See","power_kw":3050,"commissioned":"2014"}},{"type":"Feature","geometry":{"type":"Point","coordinates":[17.03609365,47.823349]},"properties":{"gemeinde":"Andau","bezirk":"Neusiedl am See","power_kw":3050,"commissioned":"2014"}},{"type":"Feature","geometry":{"type":"Point","coordinates":[17.03030258,47.82177421]},"properties":{"gemeinde":"Andau","bezirk":"Neusiedl am See","power_kw":3050,"commissioned":"2014"}},{"type":"Feature","geometry":{"type":"Point","coordinates":[17.04359128,47.79235117]},"properties":{"gemeinde":"Andau","bezirk":"Neusiedl am See","power_kw":3050,"commissioned":"2014"}},{"type":"Feature","geometry":{"type":"Point","coordinates":[17.05013846,47.79572857]},"properties":{"gemeinde":"Andau","bezirk":"Neusiedl am See","power_kw":3050,"commissioned":"2014"}},{"type":"Feature","geometry":{"type":"Point","coordinates":[17.03890737,47.79640082]},"properties":{"gemeinde":"Andau","bezirk":"Neusiedl am See","power_kw":3050,"commissioned":"2014"}},{"type":"Feature","geometry":{"type":"Point","coordinates":[17.04406261,47.79852781]},"properties":{"gemeinde":"Andau","bezirk":"Neusiedl am See","power_kw":3050,"commissioned":"2014"}},{"type":"Feature","geometry":{"type":"Point","coordinates":[17.05358899,47.79908908]},"properties":{"gemeinde":"Andau","bezirk":"Neusiedl am See","power_kw":3050,"commissioned":"2014"}},{"type":"Feature","geometry":{"type":"Point","coordinates":[17.05591796,47.80337405]},"properties":{"gemeinde":"Andau","bezirk":"Neusiedl am See","power_kw":3050,"commissioned":"2014"}},{"type":"Feature","geometry":{"type":"Point","coordinates":[17.06208144,47.80398272]},"properties":{"gemeinde":"Andau","bezirk":"Neusiedl am See","power_kw":3050,"commissioned":"2014"}},{"type":"Feature","geometry":{"type":"Point","coordinates":[17.06594782,47.8073852]},"properties":{"gemeinde":"Andau","bezirk":"Neusiedl am See","power_kw":3050,"commissioned":"2014"}},{"type":"Feature","geometry":{"type":"Point","coordinates":[17.07244271,47.80966426]},"properties":{"gemeinde":"Andau","bezirk":"Neusiedl am See","power_kw":3050,"commissioned":"2014"}},{"type":"Feature","geometry":{"type":"Point","coordinates":[17.06651555,47.81167217]},"properties":{"gemeinde":"Andau","bezirk":"Neusiedl am See","power_kw":3050,"commissioned":"2014"}},{"type":"Feature","geometry":{"type":"Point","coordinates":[17.05974892,47.80809921]},"properties":{"gemeinde":"Andau","bezirk":"Neusiedl am See","power_kw":3050,"commissioned":"2014"}},{"type":"Feature","geometry":{"type":"Point","coordinates":[17.04814654,47.80330577]},"properties":{"gemeinde":"Andau","bezirk":"Neusiedl am See","power_kw":3050,"commissioned":"2014"}},{"type":"Feature","geometry":{"type":"Point","coordinates":[17.04087132,47.80241537]},"properties":{"gemeinde":"Andau","bezirk":"Neusiedl am See","power_kw":3050,"commissioned":"2014"}},{"type":"Feature","geometry":{"type":"Point","coordinates":[17.03556327,47.80085585]},"properties":{"gemeinde":"Andau","bezirk":"Neusiedl am See","power_kw":3050,"commissioned":"2014"}},{"type":"Feature","geometry":{"type":"Point","coordinates":[17.03503548,47.80528461]},"properties":{"gemeinde":"Andau","bezirk":"Neusiedl am See","power_kw":3050,"commissioned":"2014"}},{"type":"Feature","geometry":{"type":"Point","coordinates":[17.0401058,47.80798797]},"properties":{"gemeinde":"Andau","bezirk":"Neusiedl am See","power_kw":3050,"commissioned":"2014"}},{"type":"Feature","geometry":{"type":"Point","coordinates":[17.04804729,47.8077499]},"properties":{"gemeinde":"Andau","bezirk":"Neusiedl am See","power_kw":3050,"commissioned":"2014"}},{"type":"Feature","geometry":{"type":"Point","coordinates":[17.05235459,47.81025059]},"properties":{"gemeinde":"Andau","bezirk":"Neusiedl am See","power_kw":3050,"commissioned":"2014"}},{"type":"Feature","geometry":{"type":"Point","coordinates":[17.05916865,47.81340992]},"properties":{"gemeinde":"Andau","bezirk":"Neusiedl am See","power_kw":3050,"commissioned":"2014"}},{"type":"Feature","geometry":{"type":"Point","coordinates":[17.06040814,47.81706302]},"properties":{"gemeinde":"Andau","bezirk":"Neusiedl am See","power_kw":3050,"commissioned":"2014"}},{"type":"Feature","geometry":{"type":"Point","coordinates":[17.05316731,47.81494986]},"properties":{"gemeinde":"Andau","bezirk":"Neusiedl am See","power_kw":3050,"commissioned":"2014"}},{"type":"Feature","geometry":{"type":"Point","coordinates":[17.04747134,47.81443675]},"properties":{"gemeinde":"Andau","bezirk":"Neusiedl am See","power_kw":3050,"commissioned":"2014"}},{"type":"Feature","geometry":{"type":"Point","coordinates":[16.869136,48.037617]},"properties":{"gemeinde":"Parndorf","bezirk":"Neusiedl am See","power_kw":3050,"commissioned":"2014"}},{"type":"Feature","geometry":{"type":"Point","coordinates":[16.874447,48.040175]},"properties":{"gemeinde":"Parndorf","bezirk":"Neusiedl am See","power_kw":3050,"commissioned":"2014"}},{"type":"Feature","geometry":{"type":"Point","coordinates":[16.870536,48.046194]},"properties":{"gemeinde":"Parndorf","bezirk":"Neusiedl am See","power_kw":3050,"commissioned":"2014"}},{"type":"Feature","geometry":{"type":"Point","coordinates":[15.061716,46.909131]},"properties":{"gemeinde":"Deutschlandsberg","bezirk":"Deutschlandsberg","power_kw":2000,"commissioned":"2014"}},{"type":"Feature","geometry":{"type":"Point","coordinates":[15.055622,46.909279]},"properties":{"gemeinde":"Deutschlandsberg","bezirk":"Deutschlandsberg","power_kw":2000,"commissioned":"2014"}},{"type":"Feature","geometry":{"type":"Point","coordinates":[15.049532,46.909256]},"properties":{"gemeinde":"Deutschlandsberg","bezirk":"Deutschlandsberg","power_kw":2000,"commissioned":"2014"}},{"type":"Feature","geometry":{"type":"Point","coordinates":[17.008256,47.901701]},"properties":{"gemeinde":"Mönchhof","bezirk":"Neusiedl am See","power_kw":3050,"commissioned":"2014"}},{"type":"Feature","geometry":{"type":"Point","coordinates":[17.009235,47.905059]},"properties":{"gemeinde":"Mönchhof","bezirk":"Neusiedl am See","power_kw":3050,"commissioned":"2014"}},{"type":"Feature","geometry":{"type":"Point","coordinates":[16.78076111,48.48921667]},"properties":{"gemeinde":"Zistersdorf","bezirk":"Gänserndorf","power_kw":3075,"commissioned":"2014"}},{"type":"Feature","geometry":{"type":"Point","coordinates":[16.77396667,48.49216944]},"properties":{"gemeinde":"Zistersdorf","bezirk":"Gänserndorf","power_kw":3075,"commissioned":"2014"}},{"type":"Feature","geometry":{"type":"Point","coordinates":[16.78096389,48.49453889]},"properties":{"gemeinde":"Zistersdorf","bezirk":"Gänserndorf","power_kw":3075,"commissioned":"2014"}},{"type":"Feature","geometry":{"type":"Point","coordinates":[16.78258333,48.500325]},"properties":{"gemeinde":"Zistersdorf","bezirk":"Gänserndorf","power_kw":3075,"commissioned":"2014"}},{"type":"Feature","geometry":{"type":"Point","coordinates":[16.78429167,48.504325]},"properties":{"gemeinde":"Zistersdorf","bezirk":"Gänserndorf","power_kw":3075,"commissioned":"2014"}},{"type":"Feature","geometry":{"type":"Point","coordinates":[16.78609722,48.51033333]},"properties":{"gemeinde":"Zistersdorf","bezirk":"Gänserndorf","power_kw":3075,"commissioned":"2014"}},{"type":"Feature","geometry":{"type":"Point","coordinates":[16.77297,48.09083]},"properties":{"gemeinde":"Scharndorf","bezirk":"Bruck an der Leitha","power_kw":3050,"commissioned":"2014"}},{"type":"Feature","geometry":{"type":"Point","coordinates":[16.77328,48.09419]},"properties":{"gemeinde":"Scharndorf","bezirk":"Bruck an der Leitha","power_kw":3050,"commissioned":"2014"}},{"type":"Feature","geometry":{"type":"Point","coordinates":[16.75833,48.09836]},"properties":{"gemeinde":"Scharndorf","bezirk":"Bruck an der Leitha","power_kw":3050,"commissioned":"2014"}},{"type":"Feature","geometry":{"type":"Point","coordinates":[16.699414,48.024719]},"properties":{"gemeinde":"Trautmannsdorf an der Leitha","bezirk":"Bruck an der Leitha","power_kw":3050,"commissioned":"2015"}},{"type":"Feature","geometry":{"type":"Point","coordinates":[16.694881,48.028533]},"properties":{"gemeinde":"Trautmannsdorf an der Leitha","bezirk":"Bruck an der Leitha","power_kw":3050,"commissioned":"2015"}},{"type":"Feature","geometry":{"type":"Point","coordinates":[16.7039094,48.045547]},"properties":{"gemeinde":"Göttlesbrunn-Arbestahl","bezirk":"Bruck an der Leitha","power_kw":3050,"commissioned":"2015"}},{"type":"Feature","geometry":{"type":"Point","coordinates":[15.724425,48.252492]},"properties":{"gemeinde":"St. Pölten","bezirk":"St. Pölten Stadt","power_kw":3200,"commissioned":"2015"}},{"type":"Feature","geometry":{"type":"Point","coordinates":[15.730625,48.263608]},"properties":{"gemeinde":"St. Pölten","bezirk":"St. Pölten Stadt","power_kw":3200,"commissioned":"2015"}},{"type":"Feature","geometry":{"type":"Point","coordinates":[15.722011,48.259711]},"properties":{"gemeinde":"St. Pölten","bezirk":"St. Pölten Stadt","power_kw":3200,"commissioned":"2015"}},{"type":"Feature","geometry":{"type":"Point","coordinates":[15.729444,48.258108]},"properties":{"gemeinde":"St. Pölten","bezirk":"St. Pölten Stadt","power_kw":3200,"commissioned":"2015"}},{"type":"Feature","geometry":{"type":"Point","coordinates":[15.74855556,47.55534722]},"properties":{"gemeinde":"Mürzzuschlag","bezirk":"Bruck-Mürzzuschlag","power_kw":2300,"commissioned":"2015"}},{"type":"Feature","geometry":{"type":"Point","coordinates":[15.74814722,47.55751389]},"properties":{"gemeinde":"Mürzzuschlag","bezirk":"Bruck-Mürzzuschlag","power_kw":2300,"commissioned":"2015"}},{"type":"Feature","geometry":{"type":"Point","coordinates":[16.699408,48.024717]},"properties":{"gemeinde":"Trautmannsdorf an der Leitha","bezirk":"Bruck an der Leitha","power_kw":3050,"commissioned":"2015"}},{"type":"Feature","geometry":{"type":"Point","coordinates":[16.694878,48.028531]},"properties":{"gemeinde":"Trautmannsdorf an der Leitha","bezirk":"Bruck an der Leitha","power_kw":3050,"commissioned":"2015"}},{"type":"Feature","geometry":{"type":"Point","coordinates":[16.703086,48.045542]},"properties":{"gemeinde":"Trautmannsdorf an der Leitha","bezirk":"Bruck an der Leitha","power_kw":3050,"commissioned":"2015"}},{"type":"Feature","geometry":{"type":"Point","coordinates":[16.81945,48.076978]},"properties":{"gemeinde":"Höflein","bezirk":"Bruck an der Leitha","power_kw":3050,"commissioned":"2015"}},{"type":"Feature","geometry":{"type":"Point","coordinates":[16.816119,48.07535]},"properties":{"gemeinde":"Höflein","bezirk":"Bruck an der Leitha","power_kw":3050,"commissioned":"2015"}},{"type":"Feature","geometry":{"type":"Point","coordinates":[16.35209,48.5104]},"properties":{"gemeinde":"Ernstbrunn","bezirk":"Korneuburg","power_kw":3170,"commissioned":"2016"}},{"type":"Feature","geometry":{"type":"Point","coordinates":[16.32044,48.52067]},"properties":{"gemeinde":"Ernstbrunn","bezirk":"Korneuburg","power_kw":3170,"commissioned":"2016"}},{"type":"Feature","geometry":{"type":"Point","coordinates":[16.32227,48.52428]},"properties":{"gemeinde":"Ernstbrunn","bezirk":"Korneuburg","power_kw":3170,"commissioned":"2016"}},{"type":"Feature","geometry":{"type":"Point","coordinates":[16.67235,48.62598]},"properties":{"gemeinde":"Wilfersdorf","bezirk":"Mistelbach","power_kw":3170,"commissioned":"2016"}},{"type":"Feature","geometry":{"type":"Point","coordinates":[16.70173,48.61818]},"properties":{"gemeinde":"Hauskirchen","bezirk":"Gänserndorf","power_kw":3170,"commissioned":"2016"}},{"type":"Feature","geometry":{"type":"Point","coordinates":[16.68801,48.62385]},"properties":{"gemeinde":"Hauskirchen","bezirk":"Gänserndorf","power_kw":3170,"commissioned":"2016"}},{"type":"Feature","geometry":{"type":"Point","coordinates":[16.6932,48.62537]},"properties":{"gemeinde":"Großkrut","bezirk":"Mistelbach","power_kw":3170,"commissioned":"2016"}},{"type":"Feature","geometry":{"type":"Point","coordinates":[16.68187,48.63063]},"properties":{"gemeinde":"Hauskirchen","bezirk":"Gänserndorf","power_kw":3170,"commissioned":"2016"}},{"type":"Feature","geometry":{"type":"Point","coordinates":[16.62139,47.57639]},"properties":{"gemeinde":"Deutschkreutz","bezirk":"Oberpullendorf","power_kw":2350,"commissioned":"2016"}},{"type":"Feature","geometry":{"type":"Point","coordinates":[16.67884,48.18947]},"properties":{"gemeinde":"Andlersdorf","bezirk":"Gänserndorf","power_kw":3050,"commissioned":"2017"}},{"type":"Feature","geometry":{"type":"Point","coordinates":[16.67931,48.19671]},"properties":{"gemeinde":"Andlersdorf","bezirk":"Gänserndorf","power_kw":3050,"commissioned":"2017"}},{"type":"Feature","geometry":{"type":"Point","coordinates":[16.68397,48.19845]},"properties":{"gemeinde":"Andlersdorf","bezirk":"Gänserndorf","power_kw":3050,"commissioned":"2017"}},{"type":"Feature","geometry":{"type":"Point","coordinates":[16.99748,48.04466]},"properties":{"gemeinde":"Pama","bezirk":"Neusiedl","power_kw":3050,"commissioned":"2017"}},{"type":"Feature","geometry":{"type":"Point","coordinates":[16.69979,48.62267]},"properties":{"gemeinde":"Hauskirchen","bezirk":"Gänserndorf","power_kw":3170,"commissioned":"2016"}},{"type":"Feature","geometry":{"type":"Point","coordinates":[15.757397,48.085344]},"properties":{"gemeinde":"Michelbach","bezirk":"St. Pölten-Land","power_kw":225,"commissioned":"1995"}},{"type":"Feature","geometry":{"type":"Point","coordinates":[15.465372,48.519888]},"properties":{"gemeinde":"Gföhl","bezirk":"Krems","power_kw":200,"commissioned":"1996"}},{"type":"Feature","geometry":{"type":"Point","coordinates":[13.518142,48.145384]},"properties":{"gemeinde":"Eberschwang","bezirk":"Ried im Innkreis","power_kw":500,"commissioned":"1996"}},{"type":"Feature","geometry":{"type":"Point","coordinates":[13.51991,48.143942]},"properties":{"gemeinde":"Eberschwang","bezirk":"Ried im Innkreis","power_kw":500,"commissioned":"1996"}},{"type":"Feature","geometry":{"type":"Point","coordinates":[15.234792,48.410096]},"properties":{"gemeinde":"Kirchschlag","bezirk":"Zwettl","power_kw":500,"commissioned":"1996"}},{"type":"Feature","geometry":{"type":"Point","coordinates":[14.49374,47.95205]},"properties":{"gemeinde":"Laussa","bezirk":"Steyr-Land","power_kw":600,"commissioned":"1996"}},{"type":"Feature","geometry":{"type":"Point","coordinates":[14.490152,47.95228]},"properties":{"gemeinde":"Laussa","bezirk":"Steyr-Land","power_kw":600,"commissioned":"1996"}},{"type":"Feature","geometry":{"type":"Point","coordinates":[14.49142,47.9509]},"properties":{"gemeinde":"Laussa","bezirk":"Steyr-Land","power_kw":600,"commissioned":"1996"}},{"type":"Feature","geometry":{"type":"Point","coordinates":[15.449505,48.519227]},"properties":{"gemeinde":"Gföhl","bezirk":"Krems","power_kw":500,"commissioned":"1996"}},{"type":"Feature","geometry":{"type":"Point","coordinates":[13.665349,48.329129]},"properties":{"gemeinde":"Altschwendt","bezirk":"Schärding","power_kw":660,"commissioned":"1999"}},{"type":"Feature","geometry":{"type":"Point","coordinates":[13.663832,48.321813]},"properties":{"gemeinde":"Altschwendt","bezirk":"Schärding","power_kw":660,"commissioned":"1999"}},{"type":"Feature","geometry":{"type":"Point","coordinates":[13.658186,48.330876]},"properties":{"gemeinde":"Altschwendt","bezirk":"Schärding","power_kw":660,"commissioned":"1999"}},{"type":"Feature","geometry":{"type":"Point","coordinates":[16.19243,48.39924]},"properties":{"gemeinde":"Stockerau","bezirk":"Korneuburg","power_kw":600,"commissioned":"2000"}},{"type":"Feature","geometry":{"type":"Point","coordinates":[16.18884,48.39749]},"properties":{"gemeinde":"Stockerau","bezirk":"Korneuburg","power_kw":600,"commissioned":"2000"}},{"type":"Feature","geometry":{"type":"Point","coordinates":[16.1921,48.40208]},"properties":{"gemeinde":"Stockerau","bezirk":"Korneuburg","power_kw":600,"commissioned":"2000"}},{"type":"Feature","geometry":{"type":"Point","coordinates":[16.18926,48.39956]},"properties":{"gemeinde":"Stockerau","bezirk":"Korneuburg","power_kw":600,"commissioned":"2000"}},{"type":"Feature","geometry":{"type":"Point","coordinates":[16.609659,48.279076]},"properties":{"gemeinde":"Markgrafneusiedl","bezirk":"Gänserndorf","power_kw":750,"commissioned":"2000"}},{"type":"Feature","geometry":{"type":"Point","coordinates":[13.661656,48.329437]},"properties":{"gemeinde":"Altschwendt","bezirk":"Schärding","power_kw":660,"commissioned":"2001"}},{"type":"Feature","geometry":{"type":"Point","coordinates":[13.668043,48.322278]},"properties":{"gemeinde":"Altschwendt","bezirk":"Schärding","power_kw":660,"commissioned":"2001"}},{"type":"Feature","geometry":{"type":"Point","coordinates":[16.507187,48.372865]},"properties":{"gemeinde":"Wolkersdorf im Weinviertel","bezirk":"Mistelbach","power_kw":500,"commissioned":"1996"}},{"type":"Feature","geometry":{"type":"Point","coordinates":[16.4449,48.337292]},"properties":{"gemeinde":"Hagenbrunn","bezirk":"Korneuburg","power_kw":600,"commissioned":"1996"}},{"type":"Feature","geometry":{"type":"Point","coordinates":[16.32458,48.109617]},"properties":{"gemeinde":"Vösendorf","bezirk":"Mödling","power_kw":600,"commissioned":"1996"}},{"type":"Feature","geometry":{"type":"Point","coordinates":[16.325172,48.111416]},"properties":{"gemeinde":"Vösendorf","bezirk":"Mödling","power_kw":600,"commissioned":"1996"}},{"type":"Feature","geometry":{"type":"Point","coordinates":[16.486061,48.344791]},"properties":{"gemeinde":"Gerasdorf bei Wien","bezirk":"Korneuburg","power_kw":600,"commissioned":"1997"}},{"type":"Feature","geometry":{"type":"Point","coordinates":[15.712901,48.237387]},"properties":{"gemeinde":"St. Pölten","bezirk":"St. Pölten Stadt","power_kw":500,"commissioned":"1998"}},{"type":"Feature","geometry":{"type":"Point","coordinates":[15.715151,48.237246]},"properties":{"gemeinde":"St. Pölten","bezirk":"St. Pölten Stadt","power_kw":500,"commissioned":"1998"}},{"type":"Feature","geometry":{"type":"Point","coordinates":[15.717336,48.23688]},"properties":{"gemeinde":"St. Pölten","bezirk":"St. Pölten Stadt","power_kw":500,"commissioned":"1998"}},{"type":"Feature","geometry":{"type":"Point","coordinates":[15.719644,48.236398]},"properties":{"gemeinde":"St. Pölten","bezirk":"St. Pölten Stadt","power_kw":500,"commissioned":"1998"}},{"type":"Feature","geometry":{"type":"Point","coordinates":[15.727994,48.23611]},"properties":{"gemeinde":"St. Pölten","bezirk":"St. Pölten Stadt","power_kw":600,"commissioned":"2000"}},{"type":"Feature","geometry":{"type":"Point","coordinates":[15.725516,48.236151]},"properties":{"gemeinde":"St. Pölten","bezirk":"St. Pölten Stadt","power_kw":600,"commissioned":"2000"}},{"type":"Feature","geometry":{"type":"Point","coordinates":[16.448944,48.342459]},"properties":{"gemeinde":"Hagenbrunn","bezirk":"Korneuburg","power_kw":660,"commissioned":"2000"}},{"type":"Feature","geometry":{"type":"Point","coordinates":[15.591227,48.049942]},"properties":{"gemeinde":"Eschenau","bezirk":"Lilienfeld","power_kw":500,"commissioned":"2000"}},{"type":"Feature","geometry":{"type":"Point","coordinates":[15.58973,48.049581]},"properties":{"gemeinde":"Eschenau","bezirk":"Lilienfeld","power_kw":500,"commissioned":"2000"}},{"type":"Feature","geometry":{"type":"Point","coordinates":[16.485757,48.3423]},"properties":{"gemeinde":"Gerasdorf bei Wien","bezirk":"Korneuburg","power_kw":750,"commissioned":"2000"}},{"type":"Feature","geometry":{"type":"Point","coordinates":[16.44743,48.340734]},"properties":{"gemeinde":"Hagenbrunn","bezirk":"Korneuburg","power_kw":660,"commissioned":"2000"}},{"type":"Feature","geometry":{"type":"Point","coordinates":[16.445942,48.33873]},"properties":{"gemeinde":"Hagenbrunn","bezirk":"Korneuburg","power_kw":660,"commissioned":"2000"}},{"type":"Feature","geometry":{"type":"Point","coordinates":[16.479784,48.343261]},"properties":{"gemeinde":"Gerasdorf bei Wien","bezirk":"Korneuburg","power_kw":660,"commissioned":"2000"}},{"type":"Feature","geometry":{"type":"Point","coordinates":[16.714801,48.398997]},"properties":{"gemeinde":"Matzen-Raggendorf","bezirk":"Gänserndorf","power_kw":750,"commissioned":"2000"}},{"type":"Feature","geometry":{"type":"Point","coordinates":[16.503953,48.374452]},"properties":{"gemeinde":"Wolkersdorf im Weinviertel","bezirk":"Mistelbach","power_kw":600,"commissioned":"2001"}},{"type":"Feature","geometry":{"type":"Point","coordinates":[16.52129,48.264252]},"properties":{"gemeinde":"Wien","bezirk":"Wien","power_kw":850,"commissioned":"2002"}},{"type":"Feature","geometry":{"type":"Point","coordinates":[16.520637,48.262409]},"properties":{"gemeinde":"Wien","bezirk":"Wien","power_kw":850,"commissioned":"2002"}},{"type":"Feature","geometry":{"type":"Point","coordinates":[16.519849,48.260612]},"properties":{"gemeinde":"Wien","bezirk":"Wien","power_kw":850,"commissioned":"2002"}},{"type":"Feature","geometry":{"type":"Point","coordinates":[16.769485,48.059831]},"properties":{"gemeinde":"Höflein","bezirk":"Bruck an der Leitha","power_kw":600,"commissioned":"2002"}},{"type":"Feature","geometry":{"type":"Point","coordinates":[16.767634,48.056628]},"properties":{"gemeinde":"Höflein","bezirk":"Bruck an der Leitha","power_kw":600,"commissioned":"2002"}},{"type":"Feature","geometry":{"type":"Point","coordinates":[16.929161,48.066979]},"properties":{"gemeinde":"Prellenkirchen","bezirk":"Bruck an der Leitha","power_kw":1800,"commissioned":"2002"}},{"type":"Feature","geometry":{"type":"Point","coordinates":[16.927689,48.063767]},"properties":{"gemeinde":"Prellenkirchen","bezirk":"Bruck an der Leitha","power_kw":1800,"commissioned":"2002"}},{"type":"Feature","geometry":{"type":"Point","coordinates":[16.933364,48.061462]},"properties":{"gemeinde":"Prellenkirchen","bezirk":"Bruck an der Leitha","power_kw":1800,"commissioned":"2002"}},{"type":"Feature","geometry":{"type":"Point","coordinates":[16.927985,48.060338]},"properties":{"gemeinde":"Prellenkirchen","bezirk":"Bruck an der Leitha","power_kw":1800,"commissioned":"2002"}},{"type":"Feature","geometry":{"type":"Point","coordinates":[16.924914,48.059239]},"properties":{"gemeinde":"Prellenkirchen","bezirk":"Bruck an der Leitha","power_kw":1800,"commissioned":"2002"}},{"type":"Feature","geometry":{"type":"Point","coordinates":[16.922812,48.057307]},"properties":{"gemeinde":"Prellenkirchen","bezirk":"Bruck an der Leitha","power_kw":1800,"commissioned":"2002"}},{"type":"Feature","geometry":{"type":"Point","coordinates":[16.7664,48.06173]},"properties":{"gemeinde":"Höflein","bezirk":"Bruck an der Leitha","power_kw":1800,"commissioned":"2003"}},{"type":"Feature","geometry":{"type":"Point","coordinates":[16.875549,47.963073]},"properties":{"gemeinde":"Neusiedl am See","bezirk":"Neusiedl am See","power_kw":1800,"commissioned":"2003"}},{"type":"Feature","geometry":{"type":"Point","coordinates":[16.874085,47.966256]},"properties":{"gemeinde":"Neusiedl am See","bezirk":"Neusiedl am See","power_kw":1800,"commissioned":"2003"}},{"type":"Feature","geometry":{"type":"Point","coordinates":[16.903751,47.961487]},"properties":{"gemeinde":"Weiden am See","bezirk":"Neusiedl am See","power_kw":1800,"commissioned":"2003"}},{"type":"Feature","geometry":{"type":"Point","coordinates":[16.885912,47.950577]},"properties":{"gemeinde":"Neusiedl am See","bezirk":"Neusiedl am See","power_kw":1800,"commissioned":"2003"}},{"type":"Feature","geometry":{"type":"Point","coordinates":[16.879502,47.963821]},"properties":{"gemeinde":"Neusiedl am See","bezirk":"Neusiedl am See","power_kw":1800,"commissioned":"2003"}},{"type":"Feature","geometry":{"type":"Point","coordinates":[16.896113,47.962986]},"properties":{"gemeinde":"Neusiedl am See","bezirk":"Neusiedl am See","power_kw":1800,"commissioned":"2003"}},{"type":"Feature","geometry":{"type":"Point","coordinates":[16.890793,47.958706]},"properties":{"gemeinde":"Neusiedl am See","bezirk":"Neusiedl am See","power_kw":1800,"commissioned":"2003"}},{"type":"Feature","geometry":{"type":"Point","coordinates":[16.894206,47.960049]},"properties":{"gemeinde":"Neusiedl am See","bezirk":"Neusiedl am See","power_kw":1800,"commissioned":"2003"}},{"type":"Feature","geometry":{"type":"Point","coordinates":[16.900169,47.960239]},"properties":{"gemeinde":"Neusiedl am See","bezirk":"Neusiedl am See","power_kw":1800,"commissioned":"2003"}},{"type":"Feature","geometry":{"type":"Point","coordinates":[16.890762,47.953002]},"properties":{"gemeinde":"Neusiedl am See","bezirk":"Neusiedl am See","power_kw":1800,"commissioned":"2003"}},{"type":"Feature","geometry":{"type":"Point","coordinates":[16.909858,47.957868]},"properties":{"gemeinde":"Weiden am See","bezirk":"Neusiedl am See","power_kw":1800,"commissioned":"2003"}},{"type":"Feature","geometry":{"type":"Point","coordinates":[16.903812,47.956774]},"properties":{"gemeinde":"Weiden am See","bezirk":"Neusiedl am See","power_kw":1800,"commissioned":"2003"}},{"type":"Feature","geometry":{"type":"Point","coordinates":[16.909136,47.9527]},"properties":{"gemeinde":"Weiden am See","bezirk":"Neusiedl am See","power_kw":1800,"commissioned":"2003"}},{"type":"Feature","geometry":{"type":"Point","coordinates":[16.890825,47.96307]},"properties":{"gemeinde":"Neusiedl am See","bezirk":"Neusiedl am See","power_kw":1800,"commissioned":"2003"}},{"type":"Feature","geometry":{"type":"Point","coordinates":[16.896288,47.956659]},"properties":{"gemeinde":"Neusiedl am See","bezirk":"Neusiedl am See","power_kw":1800,"commissioned":"2003"}},{"type":"Feature","geometry":{"type":"Point","coordinates":[15.19655,48.75696]},"properties":{"gemeinde":"Vitis","bezirk":"Waidhofen an der Thaya","power_kw":110,"commissioned":"1996"}},{"type":"Feature","geometry":{"type":"Point","coordinates":[15.17117,48.50531]},"properties":{"gemeinde":"Grafenschlag","bezirk":"Zwettl","power_kw":600,"commissioned":"1997"}},{"type":"Feature","geometry":{"type":"Point","coordinates":[15.170491,48.507073]},"properties":{"gemeinde":"Grafenschlag","bezirk":"Zwettl","power_kw":600,"commissioned":"1997"}},{"type":"Feature","geometry":{"type":"Point","coordinates":[16.578176,48.288292]},"properties":{"gemeinde":"Parbasdorf","bezirk":"Gänserndorf","power_kw":600,"commissioned":"1998"}},{"type":"Feature","geometry":{"type":"Point","coordinates":[16.581321,48.292117]},"properties":{"gemeinde":"Parbasdorf","bezirk":"Gänserndorf","power_kw":600,"commissioned":"1998"}},{"type":"Feature","geometry":{"type":"Point","coordinates":[16.579681,48.290286]},"properties":{"gemeinde":"Parbasdorf","bezirk":"Gänserndorf","power_kw":600,"commissioned":"1998"}},{"type":"Feature","geometry":{"type":"Point","coordinates":[16.880206,47.977539]},"properties":{"gemeinde":"Parndorf","bezirk":"Neusiedl am See","power_kw":1500,"commissioned":"2003"}},{"type":"Feature","geometry":{"type":"Point","coordinates":[16.595446,48.513378]},"properties":{"gemeinde":"Gaweinstal","bezirk":"Mistelbach","power_kw":600,"commissioned":"2001"}},{"type":"Feature","geometry":{"type":"Point","coordinates":[16.601,48.510679]},"properties":{"gemeinde":"Gaweinstal","bezirk":"Mistelbach","power_kw":600,"commissioned":"2001"}},{"type":"Feature","geometry":{"type":"Point","coordinates":[16.602996,48.512804]},"properties":{"gemeinde":"Gaweinstal","bezirk":"Mistelbach","power_kw":600,"commissioned":"2001"}},{"type":"Feature","geometry":{"type":"Point","coordinates":[16.599221,48.514617]},"properties":{"gemeinde":"Gaweinstal","bezirk":"Mistelbach","power_kw":1800,"commissioned":"2003"}},{"type":"Feature","geometry":{"type":"Point","coordinates":[16.07952,48.529208]},"properties":{"gemeinde":"Hollabrunn","bezirk":"Hollabrunn","power_kw":1800,"commissioned":"2003"}},{"type":"Feature","geometry":{"type":"Point","coordinates":[13.6086,48.17909]},"properties":{"gemeinde":"Geiersberg","bezirk":"Ried im Innkreis","power_kw":1800,"commissioned":"2003"}},{"type":"Feature","geometry":{"type":"Point","coordinates":[14.233706,48.581615]},"properties":{"gemeinde":"Vorderweißenbach","bezirk":"Urfahr-Umgebung","power_kw":2000,"commissioned":"2003"}},{"type":"Feature","geometry":{"type":"Point","coordinates":[15.432127,48.178828]},"properties":{"gemeinde":"Markersdorf-Haindorf","bezirk":"St. Pölten-Land","power_kw":1800,"commissioned":"2004"}},{"type":"Feature","geometry":{"type":"Point","coordinates":[15.443862,48.178299]},"properties":{"gemeinde":"Markersdorf-Haindorf","bezirk":"St. Pölten-Land","power_kw":1800,"commissioned":"2004"}},{"type":"Feature","geometry":{"type":"Point","coordinates":[15.458589,48.174995]},"properties":{"gemeinde":"Markersdorf-Haindorf","bezirk":"St. Pölten-Land","power_kw":1800,"commissioned":"2004"}},{"type":"Feature","geometry":{"type":"Point","coordinates":[15.453611,48.175182]},"properties":{"gemeinde":"Hürm","bezirk":"St. Pölten-Land","power_kw":1800,"commissioned":"2004"}},{"type":"Feature","geometry":{"type":"Point","coordinates":[16.893181,48.235182]},"properties":{"gemeinde":"Marchegg","bezirk":"Gänserndorf","power_kw":600,"commissioned":"2003"}},{"type":"Feature","geometry":{"type":"Point","coordinates":[16.649607,48.283578]},"properties":{"gemeinde":"Markgrafneusiedl","bezirk":"Gänserndorf","power_kw":1800,"commissioned":"2004"}},{"type":"Feature","geometry":{"type":"Point","coordinates":[16.649188,48.281772]},"properties":{"gemeinde":"Markgrafneusiedl","bezirk":"Gänserndorf","power_kw":1800,"commissioned":"2004"}},{"type":"Feature","geometry":{"type":"Point","coordinates":[17.051199,48.068245]},"properties":{"gemeinde":"Kittsee","bezirk":"Neusiedl am See","power_kw":1800,"commissioned":"2004"}},{"type":"Feature","geometry":{"type":"Point","coordinates":[17.056432,48.074004]},"properties":{"gemeinde":"Kittsee","bezirk":"Neusiedl am See","power_kw":1800,"commissioned":"2004"}},{"type":"Feature","geometry":{"type":"Point","coordinates":[17.051414,48.075987]},"properties":{"gemeinde":"Kittsee","bezirk":"Neusiedl am See","power_kw":1800,"commissioned":"2004"}},{"type":"Feature","geometry":{"type":"Point","coordinates":[17.047423,48.077585]},"properties":{"gemeinde":"Kittsee","bezirk":"Neusiedl am See","power_kw":1800,"commissioned":"2004"}},{"type":"Feature","geometry":{"type":"Point","coordinates":[17.048961,48.073295]},"properties":{"gemeinde":"Kittsee","bezirk":"Neusiedl am See","power_kw":1800,"commissioned":"2004"}},{"type":"Feature","geometry":{"type":"Point","coordinates":[17.046468,48.070585]},"properties":{"gemeinde":"Kittsee","bezirk":"Neusiedl am See","power_kw":1800,"commissioned":"2004"}},{"type":"Feature","geometry":{"type":"Point","coordinates":[17.060577,48.071028]},"properties":{"gemeinde":"Kittsee","bezirk":"Neusiedl am See","power_kw":1800,"commissioned":"2004"}},{"type":"Feature","geometry":{"type":"Point","coordinates":[17.056209,48.065677]},"properties":{"gemeinde":"Kittsee","bezirk":"Neusiedl am See","power_kw":1800,"commissioned":"2004"}},{"type":"Feature","geometry":{"type":"Point","coordinates":[17.042125,48.07188]},"properties":{"gemeinde":"Kittsee","bezirk":"Neusiedl am See","power_kw":1800,"commissioned":"2004"}},{"type":"Feature","geometry":{"type":"Point","coordinates":[17.044754,48.074778]},"properties":{"gemeinde":"Kittsee","bezirk":"Neusiedl am See","power_kw":1800,"commissioned":"2004"}},{"type":"Feature","geometry":{"type":"Point","coordinates":[17.053721,48.07108]},"properties":{"gemeinde":"Kittsee","bezirk":"Neusiedl am See","power_kw":1800,"commissioned":"2004"}},{"type":"Feature","geometry":{"type":"Point","coordinates":[17.058526,48.068298]},"properties":{"gemeinde":"Kittsee","bezirk":"Neusiedl am See","power_kw":1800,"commissioned":"2004"}},{"type":"Feature","geometry":{"type":"Point","coordinates":[15.39688,48.11497]},"properties":{"gemeinde":"Kilb","bezirk":"Melk","power_kw":600,"commissioned":"2004"}},{"type":"Feature","geometry":{"type":"Point","coordinates":[16.88681,47.98394]},"properties":{"gemeinde":"Parndorf","bezirk":"Neusiedl am See","power_kw":1500,"commissioned":"2004"}},{"type":"Feature","geometry":{"type":"Point","coordinates":[16.87297,47.97528]},"properties":{"gemeinde":"Parndorf","bezirk":"Neusiedl am See","power_kw":1500,"commissioned":"2004"}},{"type":"Feature","geometry":{"type":"Point","coordinates":[15.825556,48.283889]},"properties":{"gemeinde":"Weißenkirchen an der Perschling","bezirk":"St. Pölten-Land","power_kw":2000,"commissioned":"2004"}},{"type":"Feature","geometry":{"type":"Point","coordinates":[15.82,48.284722]},"properties":{"gemeinde":"Weißenkirchen an der Perschling","bezirk":"St. Pölten-Land","power_kw":2000,"commissioned":"2004"}},{"type":"Feature","geometry":{"type":"Point","coordinates":[16.895751,48.237561]},"properties":{"gemeinde":"Marchegg","bezirk":"Gänserndorf","power_kw":600,"commissioned":"2003"}},{"type":"Feature","geometry":{"type":"Point","coordinates":[15.658885,48.185372]},"properties":{"gemeinde":"St. Pölten","bezirk":"St. Pölten Stadt","power_kw":600,"commissioned":"2005"}},{"type":"Feature","geometry":{"type":"Point","coordinates":[15.657983,48.18847]},"properties":{"gemeinde":"St. Pölten","bezirk":"St. Pölten Stadt","power_kw":600,"commissioned":"2005"}},{"type":"Feature","geometry":{"type":"Point","coordinates":[15.657868,48.1911]},"properties":{"gemeinde":"St. Pölten","bezirk":"St. Pölten Stadt","power_kw":600,"commissioned":"2005"}},{"type":"Feature","geometry":{"type":"Point","coordinates":[15.657746,48.193005]},"properties":{"gemeinde":"St. Pölten","bezirk":"St. Pölten Stadt","power_kw":600,"commissioned":"2005"}},{"type":"Feature","geometry":{"type":"Point","coordinates":[16.899722,48.054167]},"properties":{"gemeinde":"Parndorf","bezirk":"Neusiedl am See","power_kw":2000,"commissioned":"2005"}},{"type":"Feature","geometry":{"type":"Point","coordinates":[16.901944,48.056944]},"properties":{"gemeinde":"Parndorf","bezirk":"Neusiedl am See","power_kw":2000,"commissioned":"2005"}},{"type":"Feature","geometry":{"type":"Point","coordinates":[16.98391,47.97412]},"properties":{"gemeinde":"Zurndorf","bezirk":"Neusiedl am See","power_kw":2000,"commissioned":"2005"}},{"type":"Feature","geometry":{"type":"Point","coordinates":[16.98656,47.96608]},"properties":{"gemeinde":"Zurndorf","bezirk":"Neusiedl am See","power_kw":2000,"commissioned":"2005"}},{"type":"Feature","geometry":{"type":"Point","coordinates":[16.9779,47.97041]},"properties":{"gemeinde":"Zurndorf","bezirk":"Neusiedl am See","power_kw":2000,"commissioned":"2005"}},{"type":"Feature","geometry":{"type":"Point","coordinates":[15.713145,47.528601]},"properties":{"gemeinde":"Ratten","bezirk":"Weiz","power_kw":1300,"commissioned":"2005"}},{"type":"Feature","geometry":{"type":"Point","coordinates":[15.714817,47.529833]},"properties":{"gemeinde":"Ratten","bezirk":"Weiz","power_kw":1300,"commissioned":"2005"}},{"type":"Feature","geometry":{"type":"Point","coordinates":[15.716382,47.531128]},"properties":{"gemeinde":"Ratten","bezirk":"Weiz","power_kw":1300,"commissioned":"2005"}},{"type":"Feature","geometry":{"type":"Point","coordinates":[15.717131,47.532958]},"properties":{"gemeinde":"Ratten","bezirk":"Weiz","power_kw":1300,"commissioned":"2005"}},{"type":"Feature","geometry":{"type":"Point","coordinates":[15.717856,47.53459]},"properties":{"gemeinde":"Ratten","bezirk":"Weiz","power_kw":1300,"commissioned":"2005"}},{"type":"Feature","geometry":{"type":"Point","coordinates":[15.719648,47.53576]},"properties":{"gemeinde":"Ratten","bezirk":"Weiz","power_kw":1300,"commissioned":"2005"}},{"type":"Feature","geometry":{"type":"Point","coordinates":[15.721602,47.536786]},"properties":{"gemeinde":"Ratten","bezirk":"Weiz","power_kw":1300,"commissioned":"2005"}},{"type":"Feature","geometry":{"type":"Point","coordinates":[15.723648,47.537832]},"properties":{"gemeinde":"Ratten","bezirk":"Weiz","power_kw":1300,"commissioned":"2005"}},{"type":"Feature","geometry":{"type":"Point","coordinates":[15.725775,47.538877]},"properties":{"gemeinde":"Ratten","bezirk":"Weiz","power_kw":1300,"commissioned":"2005"}},{"type":"Feature","geometry":{"type":"Point","coordinates":[15.728024,47.539609]},"properties":{"gemeinde":"Ratten","bezirk":"Weiz","power_kw":1300,"commissioned":"2005"}},{"type":"Feature","geometry":{"type":"Point","coordinates":[16.12124,48.59817]},"properties":{"gemeinde":"Hollabrunn","bezirk":"Hollabrunn","power_kw":2000,"commissioned":"2005"}},{"type":"Feature","geometry":{"type":"Point","coordinates":[16.432466,48.12642]},"properties":{"gemeinde":"Wien","bezirk":"Wien","power_kw":1000,"commissioned":"2005"}},{"type":"Feature","geometry":{"type":"Point","coordinates":[16.42927141,48.12439264]},"properties":{"gemeinde":"Wien","bezirk":"Wien","power_kw":1000,"commissioned":"2005"}},{"type":"Feature","geometry":{"type":"Point","coordinates":[16.41151398,48.12464848]},"properties":{"gemeinde":"Wien","bezirk":"Wien","power_kw":1000,"commissioned":"2005"}},{"type":"Feature","geometry":{"type":"Point","coordinates":[16.412585,48.122216]},"properties":{"gemeinde":"Wien","bezirk":"Wien","power_kw":1000,"commissioned":"2005"}},{"type":"Feature","geometry":{"type":"Point","coordinates":[16.70675,48.542845]},"properties":{"gemeinde":"Zistersdorf","bezirk":"Gänserndorf","power_kw":2000,"commissioned":"2005"}},{"type":"Feature","geometry":{"type":"Point","coordinates":[16.706832,48.551282]},"properties":{"gemeinde":"Zistersdorf","bezirk":"Gänserndorf","power_kw":2000,"commissioned":"2005"}},{"type":"Feature","geometry":{"type":"Point","coordinates":[16.710148,48.555348]},"properties":{"gemeinde":"Zistersdorf","bezirk":"Gänserndorf","power_kw":2000,"commissioned":"2005"}},{"type":"Feature","geometry":{"type":"Point","coordinates":[16.714366,48.550793]},"properties":{"gemeinde":"Zistersdorf","bezirk":"Gänserndorf","power_kw":2000,"commissioned":"2005"}},{"type":"Feature","geometry":{"type":"Point","coordinates":[16.711399,48.548245]},"properties":{"gemeinde":"Zistersdorf","bezirk":"Gänserndorf","power_kw":2000,"commissioned":"2005"}},{"type":"Feature","geometry":{"type":"Point","coordinates":[16.709327,48.545165]},"properties":{"gemeinde":"Zistersdorf","bezirk":"Gänserndorf","power_kw":2000,"commissioned":"2005"}},{"type":"Feature","geometry":{"type":"Point","coordinates":[15.725278,48.246667]},"properties":{"gemeinde":"St. Pölten","bezirk":"St. Pölten Stadt","power_kw":2000,"commissioned":"2005"}},{"type":"Feature","geometry":{"type":"Point","coordinates":[16.699649,48.451391]},"properties":{"gemeinde":"Spannberg","bezirk":"Gänserndorf","power_kw":2000,"commissioned":"2005"}},{"type":"Feature","geometry":{"type":"Point","coordinates":[16.706044,48.451541]},"properties":{"gemeinde":"Spannberg","bezirk":"Gänserndorf","power_kw":2000,"commissioned":"2005"}},{"type":"Feature","geometry":{"type":"Point","coordinates":[16.710371,48.449554]},"properties":{"gemeinde":"Spannberg","bezirk":"Gänserndorf","power_kw":2000,"commissioned":"2005"}},{"type":"Feature","geometry":{"type":"Point","coordinates":[14.222736,48.578803]},"properties":{"gemeinde":"Vorderweißenbach","bezirk":"Urfahr-Umgebung","power_kw":2000,"commissioned":"2005"}},{"type":"Feature","geometry":{"type":"Point","coordinates":[14.230144,48.578581]},"properties":{"gemeinde":"Vorderweißenbach","bezirk":"Urfahr-Umgebung","power_kw":2000,"commissioned":"2005"}},{"type":"Feature","geometry":{"type":"Point","coordinates":[14.227117,48.582056]},"properties":{"gemeinde":"Vorderweißenbach","bezirk":"Urfahr-Umgebung","power_kw":2000,"commissioned":"2005"}},{"type":"Feature","geometry":{"type":"Point","coordinates":[14.216733,48.579406]},"properties":{"gemeinde":"Vorderweißenbach","bezirk":"Urfahr-Umgebung","power_kw":2000,"commissioned":"2005"}},{"type":"Feature","geometry":{"type":"Point","coordinates":[14.237611,48.579481]},"properties":{"gemeinde":"Vorderweißenbach","bezirk":"Urfahr-Umgebung","power_kw":2000,"commissioned":"2005"}},{"type":"Feature","geometry":{"type":"Point","coordinates":[14.210244,48.581042]},"properties":{"gemeinde":"Vorderweißenbach","bezirk":"Urfahr-Umgebung","power_kw":2000,"commissioned":"2005"}},{"type":"Feature","geometry":{"type":"Point","coordinates":[14.919006,47.097344]},"properties":{"gemeinde":"Köflach","bezirk":"Voitsberg","power_kw":800,"commissioned":"2006"}},{"type":"Feature","geometry":{"type":"Point","coordinates":[14.918538,47.09858]},"properties":{"gemeinde":"Köflach","bezirk":"Voitsberg","power_kw":800,"commissioned":"2006"}},{"type":"Feature","geometry":{"type":"Point","coordinates":[16.50783,48.34649]},"properties":{"gemeinde":"Wolkersdorf im Weinviertel","bezirk":"Mistelbach","power_kw":1800,"commissioned":"2003"}},{"type":"Feature","geometry":{"type":"Point","coordinates":[16.5129,48.35923]},"properties":{"gemeinde":"Wolkersdorf im Weinviertel","bezirk":"Mistelbach","power_kw":1800,"commissioned":"2003"}},{"type":"Feature","geometry":{"type":"Point","coordinates":[16.5107,48.35285]},"properties":{"gemeinde":"Wolkersdorf im Weinviertel","bezirk":"Mistelbach","power_kw":1800,"commissioned":"2003"}},{"type":"Feature","geometry":{"type":"Point","coordinates":[16.896601,48.051314]},"properties":{"gemeinde":"Parndorf","bezirk":"Neusiedl am See","power_kw":2000,"commissioned":"2003"}},{"type":"Feature","geometry":{"type":"Point","coordinates":[16.903631,48.059949]},"properties":{"gemeinde":"Parndorf","bezirk":"Neusiedl am See","power_kw":2000,"commissioned":"2003"}},{"type":"Feature","geometry":{"type":"Point","coordinates":[16.89308,48.039495]},"properties":{"gemeinde":"Parndorf","bezirk":"Neusiedl am See","power_kw":2000,"commissioned":"2003"}},{"type":"Feature","geometry":{"type":"Point","coordinates":[16.885888,48.035348]},"properties":{"gemeinde":"Parndorf","bezirk":"Neusiedl am See","power_kw":2000,"commissioned":"2003"}},{"type":"Feature","geometry":{"type":"Point","coordinates":[16.896637,48.040998]},"properties":{"gemeinde":"Parndorf","bezirk":"Neusiedl am See","power_kw":2000,"commissioned":"2003"}},{"type":"Feature","geometry":{"type":"Point","coordinates":[16.889744,48.037317]},"properties":{"gemeinde":"Parndorf","bezirk":"Neusiedl am See","power_kw":2000,"commissioned":"2004"}},{"type":"Feature","geometry":{"type":"Point","coordinates":[16.900246,48.042356]},"properties":{"gemeinde":"Parndorf","bezirk":"Neusiedl am See","power_kw":2000,"commissioned":"2004"}},{"type":"Feature","geometry":{"type":"Point","coordinates":[16.904279,48.043236]},"properties":{"gemeinde":"Parndorf","bezirk":"Neusiedl am See","power_kw":2000,"commissioned":"2004"}},{"type":"Feature","geometry":{"type":"Point","coordinates":[16.908272,48.044151]},"properties":{"gemeinde":"Parndorf","bezirk":"Neusiedl am See","power_kw":2000,"commissioned":"2004"}},{"type":"Feature","geometry":{"type":"Point","coordinates":[16.516217,48.349946]},"properties":{"gemeinde":"Wolkersdorf im Weinviertel","bezirk":"Mistelbach","power_kw":1800,"commissioned":"2004"}},{"type":"Feature","geometry":{"type":"Point","coordinates":[16.504593,48.343596]},"properties":{"gemeinde":"Wolkersdorf im Weinviertel","bezirk":"Mistelbach","power_kw":1800,"commissioned":"2004"}},{"type":"Feature","geometry":{"type":"Point","coordinates":[16.76299547,48.05596256]},"properties":{"gemeinde":"Höflein","bezirk":"Bruck an der Leitha","power_kw":2000,"commissioned":"2004"}},{"type":"Feature","geometry":{"type":"Point","coordinates":[16.76465777,48.0588815]},"properties":{"gemeinde":"Höflein","bezirk":"Bruck an der Leitha","power_kw":2000,"commissioned":"2004"}},{"type":"Feature","geometry":{"type":"Point","coordinates":[16.524509,48.330402]},"properties":{"gemeinde":"Pillichsdorf","bezirk":"Mistelbach","power_kw":2000,"commissioned":"2005"}},{"type":"Feature","geometry":{"type":"Point","coordinates":[16.521045,48.341401]},"properties":{"gemeinde":"Pillichsdorf","bezirk":"Mistelbach","power_kw":2000,"commissioned":"2005"}},{"type":"Feature","geometry":{"type":"Point","coordinates":[16.523334,48.333387]},"properties":{"gemeinde":"Pillichsdorf","bezirk":"Mistelbach","power_kw":2000,"commissioned":"2005"}},{"type":"Feature","geometry":{"type":"Point","coordinates":[16.522119,48.337333]},"properties":{"gemeinde":"Pillichsdorf","bezirk":"Mistelbach","power_kw":2000,"commissioned":"2005"}},{"type":"Feature","geometry":{"type":"Point","coordinates":[16.45665,48.50826]},"properties":{"gemeinde":"Kreuzstetten","bezirk":"Mistelbach","power_kw":2000,"commissioned":"2005"}},{"type":"Feature","geometry":{"type":"Point","coordinates":[16.45775,48.50249]},"properties":{"gemeinde":"Kreuzstetten","bezirk":"Mistelbach","power_kw":2000,"commissioned":"2005"}},{"type":"Feature","geometry":{"type":"Point","coordinates":[16.45159,48.50417]},"properties":{"gemeinde":"Kreuzstetten","bezirk":"Mistelbach","power_kw":2000,"commissioned":"2005"}},{"type":"Feature","geometry":{"type":"Point","coordinates":[16.44529,48.50272]},"properties":{"gemeinde":"Kreuzstetten","bezirk":"Mistelbach","power_kw":2000,"commissioned":"2005"}},{"type":"Feature","geometry":{"type":"Point","coordinates":[16.44313,48.50939]},"properties":{"gemeinde":"Kreuzstetten","bezirk":"Mistelbach","power_kw":2000,"commissioned":"2005"}},{"type":"Feature","geometry":{"type":"Point","coordinates":[16.44257,48.50588]},"properties":{"gemeinde":"Kreuzstetten","bezirk":"Mistelbach","power_kw":2000,"commissioned":"2005"}},{"type":"Feature","geometry":{"type":"Point","coordinates":[16.4332,48.49899]},"properties":{"gemeinde":"Kreuzstetten","bezirk":"Mistelbach","power_kw":2000,"commissioned":"2005"}},{"type":"Feature","geometry":{"type":"Point","coordinates":[16.43996,48.5001]},"properties":{"gemeinde":"Kreuzstetten","bezirk":"Mistelbach","power_kw":2000,"commissioned":"2005"}},{"type":"Feature","geometry":{"type":"Point","coordinates":[16.437701,48.503649]},"properties":{"gemeinde":"Kreuzstetten","bezirk":"Mistelbach","power_kw":2000,"commissioned":"2005"}},{"type":"Feature","geometry":{"type":"Point","coordinates":[16.42814,48.49469]},"properties":{"gemeinde":"Kreuzstetten","bezirk":"Mistelbach","power_kw":2000,"commissioned":"2005"}},{"type":"Feature","geometry":{"type":"Point","coordinates":[16.930923,48.028165]},"properties":{"gemeinde":"Potzneusiedl","bezirk":"Neusiedl am See","power_kw":750,"commissioned":"2005"}},{"type":"Feature","geometry":{"type":"Point","coordinates":[16.622294,48.634558]},"properties":{"gemeinde":"Wilfersdorf","bezirk":"Mistelbach","power_kw":2000,"commissioned":"2005"}},{"type":"Feature","geometry":{"type":"Point","coordinates":[16.616653,48.630186]},"properties":{"gemeinde":"Wilfersdorf","bezirk":"Mistelbach","power_kw":2000,"commissioned":"2005"}},{"type":"Feature","geometry":{"type":"Point","coordinates":[16.613564,48.628089]},"properties":{"gemeinde":"Wilfersdorf","bezirk":"Mistelbach","power_kw":2000,"commissioned":"2005"}},{"type":"Feature","geometry":{"type":"Point","coordinates":[16.610942,48.6201]},"properties":{"gemeinde":"Wilfersdorf","bezirk":"Mistelbach","power_kw":2000,"commissioned":"2005"}},{"type":"Feature","geometry":{"type":"Point","coordinates":[16.617739,48.620453]},"properties":{"gemeinde":"Wilfersdorf","bezirk":"Mistelbach","power_kw":2000,"commissioned":"2005"}},{"type":"Feature","geometry":{"type":"Point","coordinates":[16.632758,48.612158]},"properties":{"gemeinde":"Wilfersdorf","bezirk":"Mistelbach","power_kw":2000,"commissioned":"2005"}},{"type":"Feature","geometry":{"type":"Point","coordinates":[16.632722,48.60555]},"properties":{"gemeinde":"Wilfersdorf","bezirk":"Mistelbach","power_kw":2000,"commissioned":"2005"}},{"type":"Feature","geometry":{"type":"Point","coordinates":[16.641578,48.610383]},"properties":{"gemeinde":"Wilfersdorf","bezirk":"Mistelbach","power_kw":2000,"commissioned":"2005"}},{"type":"Feature","geometry":{"type":"Point","coordinates":[16.680003,48.627514]},"properties":{"gemeinde":"Hauskirchen","bezirk":"Gänserndorf","power_kw":2000,"commissioned":"2005"}},{"type":"Feature","geometry":{"type":"Point","coordinates":[16.683122,48.623483]},"properties":{"gemeinde":"Hauskirchen","bezirk":"Gänserndorf","power_kw":2000,"commissioned":"2005"}},{"type":"Feature","geometry":{"type":"Point","coordinates":[16.688825,48.620347]},"properties":{"gemeinde":"Hauskirchen","bezirk":"Gänserndorf","power_kw":2000,"commissioned":"2005"}},{"type":"Feature","geometry":{"type":"Point","coordinates":[16.696353,48.618372]},"properties":{"gemeinde":"Hauskirchen","bezirk":"Gänserndorf","power_kw":2000,"commissioned":"2005"}},{"type":"Feature","geometry":{"type":"Point","coordinates":[16.58604,48.5189]},"properties":{"gemeinde":"Gaweinstal","bezirk":"Mistelbach","power_kw":2000,"commissioned":"2005"}},{"type":"Feature","geometry":{"type":"Point","coordinates":[16.601102,48.517912]},"properties":{"gemeinde":"Gaweinstal","bezirk":"Mistelbach","power_kw":2000,"commissioned":"2005"}},{"type":"Feature","geometry":{"type":"Point","coordinates":[16.50488,48.35067]},"properties":{"gemeinde":"Großebersdorf","bezirk":"Mistelbach","power_kw":2000,"commissioned":"2006"}},{"type":"Feature","geometry":{"type":"Point","coordinates":[16.4982,48.34902]},"properties":{"gemeinde":"Großebersdorf","bezirk":"Mistelbach","power_kw":2000,"commissioned":"2006"}},{"type":"Feature","geometry":{"type":"Point","coordinates":[16.50333,48.34679]},"properties":{"gemeinde":"Großebersdorf","bezirk":"Mistelbach","power_kw":2000,"commissioned":"2006"}},{"type":"Feature","geometry":{"type":"Point","coordinates":[16.51303,48.34371]},"properties":{"gemeinde":"Wolkersdorf im Weinviertel","bezirk":"Mistelbach","power_kw":2000,"commissioned":"2006"}},{"type":"Feature","geometry":{"type":"Point","coordinates":[16.51367,48.34723]},"properties":{"gemeinde":"Wolkersdorf im Weinviertel","bezirk":"Mistelbach","power_kw":2000,"commissioned":"2006"}},{"type":"Feature","geometry":{"type":"Point","coordinates":[16.52719,48.34907]},"properties":{"gemeinde":"Pillichsdorf","bezirk":"Mistelbach","power_kw":2000,"commissioned":"2006"}},{"type":"Feature","geometry":{"type":"Point","coordinates":[16.53784,48.34667]},"properties":{"gemeinde":"Pillichsdorf","bezirk":"Mistelbach","power_kw":2000,"commissioned":"2006"}},{"type":"Feature","geometry":{"type":"Point","coordinates":[16.49282,48.3493]},"properties":{"gemeinde":"Großebersdorf","bezirk":"Mistelbach","power_kw":2000,"commissioned":"2006"}},{"type":"Feature","geometry":{"type":"Point","coordinates":[16.68525254,48.2861017]},"properties":{"gemeinde":"Obersiebenbrunn","bezirk":"Gänserndorf","power_kw":2000,"commissioned":"2006"}},{"type":"Feature","geometry":{"type":"Point","coordinates":[16.67426792,48.28214077]},"properties":{"gemeinde":"Obersiebenbrunn","bezirk":"Gänserndorf","power_kw":2000,"commissioned":"2006"}},{"type":"Feature","geometry":{"type":"Point","coordinates":[16.70188795,48.28351034]},"properties":{"gemeinde":"Obersiebenbrunn","bezirk":"Gänserndorf","power_kw":2000,"commissioned":"2006"}},{"type":"Feature","geometry":{"type":"Point","coordinates":[16.7050675,48.28555475]},"properties":{"gemeinde":"Obersiebenbrunn","bezirk":"Gänserndorf","power_kw":2000,"commissioned":"2006"}},{"type":"Feature","geometry":{"type":"Point","coordinates":[16.70824717,48.28759908]},"properties":{"gemeinde":"Obersiebenbrunn","bezirk":"Gänserndorf","power_kw":2000,"commissioned":"2006"}},{"type":"Feature","geometry":{"type":"Point","coordinates":[16.71331785,48.29273022]},"properties":{"gemeinde":"Obersiebenbrunn","bezirk":"Gänserndorf","power_kw":2000,"commissioned":"2006"}},{"type":"Feature","geometry":{"type":"Point","coordinates":[16.67091627,48.28094055]},"properties":{"gemeinde":"Obersiebenbrunn","bezirk":"Gänserndorf","power_kw":2000,"commissioned":"2006"}},{"type":"Feature","geometry":{"type":"Point","coordinates":[16.68186558,48.28485803]},"properties":{"gemeinde":"Obersiebenbrunn","bezirk":"Gänserndorf","power_kw":2000,"commissioned":"2006"}},{"type":"Feature","geometry":{"type":"Point","coordinates":[16.69870865,48.28146584]},"properties":{"gemeinde":"Obersiebenbrunn","bezirk":"Gänserndorf","power_kw":2000,"commissioned":"2006"}},{"type":"Feature","geometry":{"type":"Point","coordinates":[16.6896851,48.28768219]},"properties":{"gemeinde":"Obersiebenbrunn","bezirk":"Gänserndorf","power_kw":2000,"commissioned":"2006"}},{"type":"Feature","geometry":{"type":"Point","coordinates":[16.694129,48.28993866]},"properties":{"gemeinde":"Obersiebenbrunn","bezirk":"Gänserndorf","power_kw":2000,"commissioned":"2006"}},{"type":"Feature","geometry":{"type":"Point","coordinates":[16.70041401,48.29421611]},"properties":{"gemeinde":"Obersiebenbrunn","bezirk":"Gänserndorf","power_kw":2000,"commissioned":"2006"}},{"type":"Feature","geometry":{"type":"Point","coordinates":[16.67839055,48.28361676]},"properties":{"gemeinde":"Obersiebenbrunn","bezirk":"Gänserndorf","power_kw":2000,"commissioned":"2006"}},{"type":"Feature","geometry":{"type":"Point","coordinates":[16.586389,48.516111]},"properties":{"gemeinde":"Gaweinstal","bezirk":"Mistelbach","power_kw":2000,"commissioned":"2007"}},{"type":"Feature","geometry":{"type":"Point","coordinates":[14.598567,48.551673]},"properties":{"gemeinde":"Windhaag bei Freistadt","bezirk":"Freistadt","power_kw":660,"commissioned":"1999"}},{"type":"Feature","geometry":{"type":"Point","coordinates":[14.601572,48.552125]},"properties":{"gemeinde":"Windhaag bei Freistadt","bezirk":"Freistadt","power_kw":660,"commissioned":"1999"}},{"type":"Feature","geometry":{"type":"Point","coordinates":[16.652204,48.35201]},"properties":{"gemeinde":"Auersthal","bezirk":"Gänserndorf","power_kw":2000,"commissioned":"2006"}},{"type":"Feature","geometry":{"type":"Point","coordinates":[16.654519,48.356712]},"properties":{"gemeinde":"Auersthal","bezirk":"Gänserndorf","power_kw":2000,"commissioned":"2006"}},{"type":"Feature","geometry":{"type":"Point","coordinates":[16.666535,48.356449]},"properties":{"gemeinde":"Auersthal","bezirk":"Gänserndorf","power_kw":2000,"commissioned":"2006"}},{"type":"Feature","geometry":{"type":"Point","coordinates":[16.66514,48.352499]},"properties":{"gemeinde":"Auersthal","bezirk":"Gänserndorf","power_kw":2000,"commissioned":"2006"}},{"type":"Feature","geometry":{"type":"Point","coordinates":[16.654822,48.346028]},"properties":{"gemeinde":"Auersthal","bezirk":"Gänserndorf","power_kw":2000,"commissioned":"2006"}},{"type":"Feature","geometry":{"type":"Point","coordinates":[16.645182,48.342748]},"properties":{"gemeinde":"Auersthal","bezirk":"Gänserndorf","power_kw":2000,"commissioned":"2006"}},{"type":"Feature","geometry":{"type":"Point","coordinates":[16.632088,48.340642]},"properties":{"gemeinde":"Bockfließ","bezirk":"Mistelbach","power_kw":2000,"commissioned":"2006"}},{"type":"Feature","geometry":{"type":"Point","coordinates":[16.633193,48.344078]},"properties":{"gemeinde":"Bockfließ","bezirk":"Mistelbach","power_kw":2000,"commissioned":"2006"}},{"type":"Feature","geometry":{"type":"Point","coordinates":[16.634183,48.348661]},"properties":{"gemeinde":"Bockfließ","bezirk":"Mistelbach","power_kw":2000,"commissioned":"2006"}},{"type":"Feature","geometry":{"type":"Point","coordinates":[16.644528,48.347494]},"properties":{"gemeinde":"Auersthal","bezirk":"Gänserndorf","power_kw":2000,"commissioned":"2006"}},{"type":"Feature","geometry":{"type":"Point","coordinates":[15.668889,48.202778]},"properties":{"gemeinde":"St. Pölten","bezirk":"St. Pölten Stadt","power_kw":2000,"commissioned":"2007"}},{"type":"Feature","geometry":{"type":"Point","coordinates":[16.626047,48.606725]},"properties":{"gemeinde":"Wilfersdorf","bezirk":"Mistelbach","power_kw":2000,"commissioned":"2007"}},{"type":"Feature","geometry":{"type":"Point","coordinates":[16.622267,48.613783]},"properties":{"gemeinde":"Wilfersdorf","bezirk":"Mistelbach","power_kw":2000,"commissioned":"2007"}},{"type":"Feature","geometry":{"type":"Point","coordinates":[16.624231,48.6101]},"properties":{"gemeinde":"Wilfersdorf","bezirk":"Mistelbach","power_kw":2000,"commissioned":"2007"}},{"type":"Feature","geometry":{"type":"Point","coordinates":[16.624003,48.618922]},"properties":{"gemeinde":"Wilfersdorf","bezirk":"Mistelbach","power_kw":2000,"commissioned":"2007"}},{"type":"Feature","geometry":{"type":"Point","coordinates":[16.20358,47.60865]},"properties":{"gemeinde":"Lichtenegg","bezirk":"Wiener Neustadt","power_kw":1800,"commissioned":"2003"}},{"type":"Feature","geometry":{"type":"Point","coordinates":[16.466944,48.501111]},"properties":{"gemeinde":"Kreuzstetten","bezirk":"Mistelbach","power_kw":2000,"commissioned":"2007"}},{"type":"Feature","geometry":{"type":"Point","coordinates":[16.46341,48.50494]},"properties":{"gemeinde":"Kreuzstetten","bezirk":"Mistelbach","power_kw":2000,"commissioned":"2007"}},{"type":"Feature","geometry":{"type":"Point","coordinates":[15.81491,48.28412]},"properties":{"gemeinde":"Weißenkirchen an der Perschling","bezirk":"St. Pölten-Land","power_kw":2000,"commissioned":"2004"}},{"type":"Feature","geometry":{"type":"Point","coordinates":[15.623049,48.222287]},"properties":{"gemeinde":"St. Pölten","bezirk":"St. Pölten Stadt","power_kw":110,"commissioned":"1994"}},{"type":"Feature","geometry":{"type":"Point","coordinates":[14.864444,47.056389]},"properties":{"gemeinde":"Hirschegg-Pack","bezirk":"Voitsberg","power_kw":1350,"commissioned":"2007"}},{"type":"Feature","geometry":{"type":"Point","coordinates":[13.356117,48.0958]},"properties":{"gemeinde":"Lohnsburg","bezirk":"Ried im Innkreis","power_kw":2000,"commissioned":"2002"}},{"type":"Feature","geometry":{"type":"Point","coordinates":[16.44982,48.50795]},"properties":{"gemeinde":"Kreuzstetten","bezirk":"Mistelbach","power_kw":2000,"commissioned":"2008"}},{"type":"Feature","geometry":{"type":"Point","coordinates":[16.722394,48.569239]},"properties":{"gemeinde":"Hauskirchen","bezirk":"Gänserndorf","power_kw":2000,"commissioned":"2008"}},{"type":"Feature","geometry":{"type":"Point","coordinates":[16.727989,48.570156]},"properties":{"gemeinde":"Hauskirchen","bezirk":"Gänserndorf","power_kw":2000,"commissioned":"2008"}},{"type":"Feature","geometry":{"type":"Point","coordinates":[16.738925,48.570392]},"properties":{"gemeinde":"Hauskirchen","bezirk":"Gänserndorf","power_kw":2000,"commissioned":"2008"}},{"type":"Feature","geometry":{"type":"Point","coordinates":[16.732906,48.575742]},"properties":{"gemeinde":"Hauskirchen","bezirk":"Gänserndorf","power_kw":2000,"commissioned":"2008"}},{"type":"Feature","geometry":{"type":"Point","coordinates":[16.748881,48.595875]},"properties":{"gemeinde":"Hauskirchen","bezirk":"Gänserndorf","power_kw":2000,"commissioned":"2008"}},{"type":"Feature","geometry":{"type":"Point","coordinates":[16.753814,48.597369]},"properties":{"gemeinde":"Hauskirchen","bezirk":"Gänserndorf","power_kw":2000,"commissioned":"2008"}},{"type":"Feature","geometry":{"type":"Point","coordinates":[16.70277778,48.54916667]},"properties":{"gemeinde":"Zistersdorf","bezirk":"Gänserndorf","power_kw":2000,"commissioned":"2010"}},{"type":"Feature","geometry":{"type":"Point","coordinates":[16.77691,48.04837]},"properties":{"gemeinde":"Höflein","bezirk":"Bruck an der Leitha","power_kw":2000,"commissioned":"2011"}},{"type":"Feature","geometry":{"type":"Point","coordinates":[16.76987,48.0503]},"properties":{"gemeinde":"Höflein","bezirk":"Bruck an der Leitha","power_kw":2000,"commissioned":"2011"}},{"type":"Feature","geometry":{"type":"Point","coordinates":[16.775,48.05697]},"properties":{"gemeinde":"Höflein","bezirk":"Bruck an der Leitha","power_kw":2000,"commissioned":"2011"}},{"type":"Feature","geometry":{"type":"Point","coordinates":[16.77985,48.05119]},"properties":{"gemeinde":"Höflein","bezirk":"Bruck an der Leitha","power_kw":2000,"commissioned":"2011"}},{"type":"Feature","geometry":{"type":"Point","coordinates":[16.78191,48.05493]},"properties":{"gemeinde":"Höflein","bezirk":"Bruck an der Leitha","power_kw":2000,"commissioned":"2011"}},{"type":"Feature","geometry":{"type":"Point","coordinates":[16.77341,48.05355]},"properties":{"gemeinde":"Höflein","bezirk":"Bruck an der Leitha","power_kw":2000,"commissioned":"2011"}},{"type":"Feature","geometry":{"type":"Point","coordinates":[16.765633,48.091183]},"properties":{"gemeinde":"Scharndorf","bezirk":"Bruck an der Leitha","power_kw":2000,"commissioned":"2010"}},{"type":"Feature","geometry":{"type":"Point","coordinates":[17.0104281,48.08613674]},"properties":{"gemeinde":"Kittsee","bezirk":"Neusiedl am See","power_kw":1800,"commissioned":"2012"}},{"type":"Feature","geometry":{"type":"Point","coordinates":[17.00602193,48.08276297]},"properties":{"gemeinde":"Kittsee","bezirk":"Neusiedl am See","power_kw":1800,"commissioned":"2012"}},{"type":"Feature","geometry":{"type":"Point","coordinates":[15.464329,48.169544]},"properties":{"gemeinde":"Markersdorf-Haindorf","bezirk":"St. Pölten-Land","power_kw":1800,"commissioned":"2000"}},{"type":"Feature","geometry":{"type":"Point","coordinates":[16.97508,47.90514]},"properties":{"gemeinde":"Mönchhof","bezirk":"Neusiedl am See","power_kw":3050,"commissioned":"2012"}},{"type":"Feature","geometry":{"type":"Point","coordinates":[16.97128,47.91819]},"properties":{"gemeinde":"Mönchhof","bezirk":"Neusiedl am See","power_kw":3050,"commissioned":"2012"}},{"type":"Feature","geometry":{"type":"Point","coordinates":[16.95764,47.90783]},"properties":{"gemeinde":"Mönchhof","bezirk":"Neusiedl am See","power_kw":3050,"commissioned":"2012"}},{"type":"Feature","geometry":{"type":"Point","coordinates":[16.97028,47.92242]},"properties":{"gemeinde":"Mönchhof","bezirk":"Neusiedl am See","power_kw":3050,"commissioned":"2012"}},{"type":"Feature","geometry":{"type":"Point","coordinates":[16.97819,47.90972]},"properties":{"gemeinde":"Mönchhof","bezirk":"Neusiedl am See","power_kw":3050,"commissioned":"2012"}},{"type":"Feature","geometry":{"type":"Point","coordinates":[16.97789,47.91586]},"properties":{"gemeinde":"Mönchhof","bezirk":"Neusiedl am See","power_kw":3050,"commissioned":"2012"}},{"type":"Feature","geometry":{"type":"Point","coordinates":[16.96919,47.90553]},"properties":{"gemeinde":"Mönchhof","bezirk":"Neusiedl am See","power_kw":3050,"commissioned":"2012"}},{"type":"Feature","geometry":{"type":"Point","coordinates":[16.97075,47.90953]},"properties":{"gemeinde":"Mönchhof","bezirk":"Neusiedl am See","power_kw":3050,"commissioned":"2012"}},{"type":"Feature","geometry":{"type":"Point","coordinates":[16.97022,47.90011]},"properties":{"gemeinde":"Mönchhof","bezirk":"Neusiedl am See","power_kw":3050,"commissioned":"2012"}},{"type":"Feature","geometry":{"type":"Point","coordinates":[16.96597,47.91339]},"properties":{"gemeinde":"Mönchhof","bezirk":"Neusiedl am See","power_kw":3050,"commissioned":"2012"}},{"type":"Feature","geometry":{"type":"Point","coordinates":[15.45028,48.17875]},"properties":{"gemeinde":"Haunoldstein","bezirk":"St. Pölten-Land","power_kw":2300,"commissioned":"2011"}},{"type":"Feature","geometry":{"type":"Point","coordinates":[16.55218,48.33821]},"properties":{"gemeinde":"Großengersdorf","bezirk":"Mistelbach","power_kw":2300,"commissioned":"2010"}},{"type":"Feature","geometry":{"type":"Point","coordinates":[16.98364,47.91753]},"properties":{"gemeinde":"Mönchhof","bezirk":"Neusiedl am See","power_kw":3050,"commissioned":"2012"}},{"type":"Feature","geometry":{"type":"Point","coordinates":[16.97597,47.92983]},"properties":{"gemeinde":"Mönchhof","bezirk":"Neusiedl am See","power_kw":3050,"commissioned":"2012"}},{"type":"Feature","geometry":{"type":"Point","coordinates":[16.98044,47.92519]},"properties":{"gemeinde":"Mönchhof","bezirk":"Neusiedl am See","power_kw":3050,"commissioned":"2012"}},{"type":"Feature","geometry":{"type":"Point","coordinates":[16.972,47.92772]},"properties":{"gemeinde":"Mönchhof","bezirk":"Neusiedl am See","power_kw":3050,"commissioned":"2012"}},{"type":"Feature","geometry":{"type":"Point","coordinates":[16.88358,48.10081]},"properties":{"gemeinde":"Petronell-Carnuntum","bezirk":"Bruck an der Leitha","power_kw":3050,"commissioned":"2014"}},{"type":"Feature","geometry":{"type":"Point","coordinates":[16.88083,48.09806]},"properties":{"gemeinde":"Petronell-Carnuntum","bezirk":"Bruck an der Leitha","power_kw":3050,"commissioned":"2014"}},{"type":"Feature","geometry":{"type":"Point","coordinates":[16.896,48.09706]},"properties":{"gemeinde":"Bad Deutsch-Altenburg","bezirk":"Bruck an der Leitha","power_kw":3050,"commissioned":"2014"}},{"type":"Feature","geometry":{"type":"Point","coordinates":[16.88967,48.09844]},"properties":{"gemeinde":"Bad Deutsch-Altenburg","bezirk":"Bruck an der Leitha","power_kw":3050,"commissioned":"2014"}},{"type":"Feature","geometry":{"type":"Point","coordinates":[16.89369,48.10092]},"properties":{"gemeinde":"Bad Deutsch-Altenburg","bezirk":"Bruck an der Leitha","power_kw":3050,"commissioned":"2014"}},{"type":"Feature","geometry":{"type":"Point","coordinates":[16.88736,48.10275]},"properties":{"gemeinde":"Bad Deutsch-Altenburg","bezirk":"Bruck an der Leitha","power_kw":3050,"commissioned":"2014"}},{"type":"Feature","geometry":{"type":"Point","coordinates":[16.89033,48.10497]},"properties":{"gemeinde":"Bad Deutsch-Altenburg","bezirk":"Bruck an der Leitha","power_kw":3050,"commissioned":"2014"}},{"type":"Feature","geometry":{"type":"Point","coordinates":[16.61353,47.57478]},"properties":{"gemeinde":"Deutschkreutz","bezirk":"Oberpullendorf","power_kw":2300,"commissioned":"2011"}},{"type":"Feature","geometry":{"type":"Point","coordinates":[16.6815001,47.55567569]},"properties":{"gemeinde":"Nikitsch","bezirk":"Oberpullendorf","power_kw":2300,"commissioned":"2014"}},{"type":"Feature","geometry":{"type":"Point","coordinates":[16.6827992,47.55997861]},"properties":{"gemeinde":"Nikitsch","bezirk":"Oberpullendorf","power_kw":2300,"commissioned":"2014"}},{"type":"Feature","geometry":{"type":"Point","coordinates":[16.67666453,47.55987423]},"properties":{"gemeinde":"Nikitsch","bezirk":"Oberpullendorf","power_kw":2300,"commissioned":"2014"}},{"type":"Feature","geometry":{"type":"Point","coordinates":[16.67262452,47.5590989]},"properties":{"gemeinde":"Nikitsch","bezirk":"Oberpullendorf","power_kw":2300,"commissioned":"2014"}},{"type":"Feature","geometry":{"type":"Point","coordinates":[16.66777437,47.56326065]},"properties":{"gemeinde":"Nikitsch","bezirk":"Oberpullendorf","power_kw":2300,"commissioned":"2014"}},{"type":"Feature","geometry":{"type":"Point","coordinates":[16.66422632,47.5614045]},"properties":{"gemeinde":"Nikitsch","bezirk":"Oberpullendorf","power_kw":2300,"commissioned":"2014"}},{"type":"Feature","geometry":{"type":"Point","coordinates":[16.67469851,47.55467227]},"properties":{"gemeinde":"Nikitsch","bezirk":"Oberpullendorf","power_kw":2000,"commissioned":"2014"}},{"type":"Feature","geometry":{"type":"Point","coordinates":[16.68730995,47.55955178]},"properties":{"gemeinde":"Nikitsch","bezirk":"Oberpullendorf","power_kw":2000,"commissioned":"2014"}},{"type":"Feature","geometry":{"type":"Point","coordinates":[16.66874969,47.55621732]},"properties":{"gemeinde":"Nikitsch","bezirk":"Oberpullendorf","power_kw":2000,"commissioned":"2014"}},{"type":"Feature","geometry":{"type":"Point","coordinates":[16.55113,48.33202]},"properties":{"gemeinde":"Großengersdorf","bezirk":"Mistelbach","power_kw":2300,"commissioned":"2010"}},{"type":"Feature","geometry":{"type":"Point","coordinates":[16.55286,48.33506]},"properties":{"gemeinde":"Großengersdorf","bezirk":"Mistelbach","power_kw":2300,"commissioned":"2010"}},{"type":"Feature","geometry":{"type":"Point","coordinates":[16.55901,48.33804]},"properties":{"gemeinde":"Großengersdorf","bezirk":"Mistelbach","power_kw":2300,"commissioned":"2010"}},{"type":"Feature","geometry":{"type":"Point","coordinates":[16.5574,48.3357]},"properties":{"gemeinde":"Großengersdorf","bezirk":"Mistelbach","power_kw":2300,"commissioned":"2010"}},{"type":"Feature","geometry":{"type":"Point","coordinates":[16.65402,48.52729]},"properties":{"gemeinde":"Gaweinstal","bezirk":"Mistelbach","power_kw":2300,"commissioned":"2011"}},{"type":"Feature","geometry":{"type":"Point","coordinates":[16.66268,48.52688]},"properties":{"gemeinde":"Mistelbach","bezirk":"Mistelbach","power_kw":2300,"commissioned":"2011"}},{"type":"Feature","geometry":{"type":"Point","coordinates":[16.65473,48.53041]},"properties":{"gemeinde":"Mistelbach","bezirk":"Mistelbach","power_kw":2300,"commissioned":"2011"}},{"type":"Feature","geometry":{"type":"Point","coordinates":[16.64311,48.52555]},"properties":{"gemeinde":"Gaweinstal","bezirk":"Mistelbach","power_kw":2300,"commissioned":"2011"}},{"type":"Feature","geometry":{"type":"Point","coordinates":[16.64031,48.53183]},"properties":{"gemeinde":"Gaweinstal","bezirk":"Mistelbach","power_kw":2300,"commissioned":"2011"}},{"type":"Feature","geometry":{"type":"Point","coordinates":[16.64977,48.52367]},"properties":{"gemeinde":"Gaweinstal","bezirk":"Mistelbach","power_kw":2300,"commissioned":"2011"}},{"type":"Feature","geometry":{"type":"Point","coordinates":[16.64755,48.52963]},"properties":{"gemeinde":"Gaweinstal","bezirk":"Mistelbach","power_kw":2300,"commissioned":"2011"}},{"type":"Feature","geometry":{"type":"Point","coordinates":[16.914055,48.050311]},"properties":{"gemeinde":"Potzneusiedl","bezirk":"Neusiedl am See","power_kw":7500,"commissioned":"2011"}},{"type":"Feature","geometry":{"type":"Point","coordinates":[17.0185567,48.07958928]},"properties":{"gemeinde":"Kittsee","bezirk":"Neusiedl am See","power_kw":2300,"commissioned":"2011"}},{"type":"Feature","geometry":{"type":"Point","coordinates":[17.0151698,48.07722587]},"properties":{"gemeinde":"Kittsee","bezirk":"Neusiedl am See","power_kw":2300,"commissioned":"2011"}},{"type":"Feature","geometry":{"type":"Point","coordinates":[17.011351,48.08078333]},"properties":{"gemeinde":"Kittsee","bezirk":"Neusiedl am See","power_kw":2300,"commissioned":"2011"}},{"type":"Feature","geometry":{"type":"Point","coordinates":[17.03371013,48.0785445]},"properties":{"gemeinde":"Kittsee","bezirk":"Neusiedl am See","power_kw":2300,"commissioned":"2011"}},{"type":"Feature","geometry":{"type":"Point","coordinates":[17.01579693,48.08404901]},"properties":{"gemeinde":"Kittsee","bezirk":"Neusiedl am See","power_kw":2300,"commissioned":"2011"}},{"type":"Feature","geometry":{"type":"Point","coordinates":[17.02194391,48.08195259]},"properties":{"gemeinde":"Kittsee","bezirk":"Neusiedl am See","power_kw":2300,"commissioned":"2011"}},{"type":"Feature","geometry":{"type":"Point","coordinates":[15.671,48.206]},"properties":{"gemeinde":"St. Pölten","bezirk":"St. Pölten Stadt","power_kw":2300,"commissioned":"2012"}},{"type":"Feature","geometry":{"type":"Point","coordinates":[16.791929,48.494499]},"properties":{"gemeinde":"Velm-Götzendorf","bezirk":"Gänserndorf","power_kw":2000,"commissioned":"2012"}},{"type":"Feature","geometry":{"type":"Point","coordinates":[16.802766,48.496322]},"properties":{"gemeinde":"Velm-Götzendorf","bezirk":"Gänserndorf","power_kw":2000,"commissioned":"2012"}},{"type":"Feature","geometry":{"type":"Point","coordinates":[16.805027,48.491964]},"properties":{"gemeinde":"Velm-Götzendorf","bezirk":"Gänserndorf","power_kw":2000,"commissioned":"2012"}},{"type":"Feature","geometry":{"type":"Point","coordinates":[16.807796,48.486099]},"properties":{"gemeinde":"Velm-Götzendorf","bezirk":"Gänserndorf","power_kw":2000,"commissioned":"2012"}},{"type":"Feature","geometry":{"type":"Point","coordinates":[16.812728,48.48974]},"properties":{"gemeinde":"Dürnkrut","bezirk":"Gänserndorf","power_kw":2000,"commissioned":"2012"}},{"type":"Feature","geometry":{"type":"Point","coordinates":[15.89555,47.351433]},"properties":{"gemeinde":"Vorau","bezirk":"Hartberg-Fürstenfeld","power_kw":2300,"commissioned":"2013"}},{"type":"Feature","geometry":{"type":"Point","coordinates":[15.892421,47.351259]},"properties":{"gemeinde":"Vorau","bezirk":"Hartberg-Fürstenfeld","power_kw":2300,"commissioned":"2013"}},{"type":"Feature","geometry":{"type":"Point","coordinates":[15.889539,47.350123]},"properties":{"gemeinde":"Vorau","bezirk":"Hartberg-Fürstenfeld","power_kw":2300,"commissioned":"2013"}},{"type":"Feature","geometry":{"type":"Point","coordinates":[15.886722,47.349842]},"properties":{"gemeinde":"Vorau","bezirk":"Hartberg-Fürstenfeld","power_kw":2300,"commissioned":"2013"}},{"type":"Feature","geometry":{"type":"Point","coordinates":[16.89406,48.06086]},"properties":{"gemeinde":"Parndorf","bezirk":"Neusiedl am See","power_kw":3050,"commissioned":"2013"}},{"type":"Feature","geometry":{"type":"Point","coordinates":[16.65572,48.43925]},"properties":{"gemeinde":"Matzen-Raggendorf","bezirk":"Gänserndorf","power_kw":2000,"commissioned":"2013"}},{"type":"Feature","geometry":{"type":"Point","coordinates":[16.66372,48.43661]},"properties":{"gemeinde":"Matzen-Raggendorf","bezirk":"Gänserndorf","power_kw":2000,"commissioned":"2013"}},{"type":"Feature","geometry":{"type":"Point","coordinates":[16.65931,48.43458]},"properties":{"gemeinde":"Matzen-Raggendorf","bezirk":"Gänserndorf","power_kw":2000,"commissioned":"2013"}},{"type":"Feature","geometry":{"type":"Point","coordinates":[16.65369,48.4325]},"properties":{"gemeinde":"Matzen-Raggendorf","bezirk":"Gänserndorf","power_kw":2000,"commissioned":"2013"}},{"type":"Feature","geometry":{"type":"Point","coordinates":[16.65106,48.43594]},"properties":{"gemeinde":"Matzen-Raggendorf","bezirk":"Gänserndorf","power_kw":2000,"commissioned":"2013"}},{"type":"Feature","geometry":{"type":"Point","coordinates":[16.64658,48.43994]},"properties":{"gemeinde":"Matzen-Raggendorf","bezirk":"Gänserndorf","power_kw":2000,"commissioned":"2013"}},{"type":"Feature","geometry":{"type":"Point","coordinates":[16.64169,48.44211]},"properties":{"gemeinde":"Matzen-Raggendorf","bezirk":"Gänserndorf","power_kw":2000,"commissioned":"2013"}},{"type":"Feature","geometry":{"type":"Point","coordinates":[16.88733,48.06553]},"properties":{"gemeinde":"Parndorf","bezirk":"Neusiedl am See","power_kw":3050,"commissioned":"2014"}},{"type":"Feature","geometry":{"type":"Point","coordinates":[16.88439,48.061]},"properties":{"gemeinde":"Parndorf","bezirk":"Neusiedl am See","power_kw":3050,"commissioned":"2014"}},{"type":"Feature","geometry":{"type":"Point","coordinates":[16.87303,48.06042]},"properties":{"gemeinde":"Parndorf","bezirk":"Neusiedl am See","power_kw":3050,"commissioned":"2014"}},{"type":"Feature","geometry":{"type":"Point","coordinates":[16.89503,48.06439]},"properties":{"gemeinde":"Parndorf","bezirk":"Neusiedl am See","power_kw":3050,"commissioned":"2014"}},{"type":"Feature","geometry":{"type":"Point","coordinates":[16.768543,48.086906]},"properties":{"gemeinde":"Scharndorf","bezirk":"Bruck an der Leitha","power_kw":3050,"commissioned":"2014"}},{"type":"Feature","geometry":{"type":"Point","coordinates":[16.754737,48.090326]},"properties":{"gemeinde":"Scharndorf","bezirk":"Bruck an der Leitha","power_kw":3050,"commissioned":"2014"}},{"type":"Feature","geometry":{"type":"Point","coordinates":[16.761315,48.094555]},"properties":{"gemeinde":"Scharndorf","bezirk":"Bruck an der Leitha","power_kw":3050,"commissioned":"2014"}},{"type":"Feature","geometry":{"type":"Point","coordinates":[16.905633,48.232755]},"properties":{"gemeinde":"Engelhartstetten","bezirk":"Gänserndorf","power_kw":500,"commissioned":"1997"}},{"type":"Feature","geometry":{"type":"Point","coordinates":[16.907078,48.047202]},"properties":{"gemeinde":"Parndorf","bezirk":"Neusiedl am See","power_kw":7500,"commissioned":"2012"}},{"type":"Feature","geometry":{"type":"Point","coordinates":[16.82208,48.49942]},"properties":{"gemeinde":"Dürnkrut","bezirk":"Gänserndorf","power_kw":2050,"commissioned":"2012"}},{"type":"Feature","geometry":{"type":"Point","coordinates":[16.81986,48.49592]},"properties":{"gemeinde":"Dürnkrut","bezirk":"Gänserndorf","power_kw":2050,"commissioned":"2012"}},{"type":"Feature","geometry":{"type":"Point","coordinates":[16.81725,48.49258]},"properties":{"gemeinde":"Dürnkrut","bezirk":"Gänserndorf","power_kw":2050,"commissioned":"2012"}},{"type":"Feature","geometry":{"type":"Point","coordinates":[16.8115,48.49869]},"properties":{"gemeinde":"Dürnkrut","bezirk":"Gänserndorf","power_kw":2050,"commissioned":"2012"}},{"type":"Feature","geometry":{"type":"Point","coordinates":[16.80572,48.50058]},"properties":{"gemeinde":"Dürnkrut","bezirk":"Gänserndorf","power_kw":2050,"commissioned":"2012"}},{"type":"Feature","geometry":{"type":"Point","coordinates":[16.80108,48.05344]},"properties":{"gemeinde":"Höflein","bezirk":"Bruck an der Leitha","power_kw":3050,"commissioned":"2015"}},{"type":"Feature","geometry":{"type":"Point","coordinates":[16.79567,48.05117]},"properties":{"gemeinde":"Höflein","bezirk":"Bruck an der Leitha","power_kw":3050,"commissioned":"2015"}},{"type":"Feature","geometry":{"type":"Point","coordinates":[16.79289,48.04908]},"properties":{"gemeinde":"Höflein","bezirk":"Bruck an der Leitha","power_kw":3050,"commissioned":"2015"}},{"type":"Feature","geometry":{"type":"Point","coordinates":[16.88279,48.05688]},"properties":{"gemeinde":"Parndorf","bezirk":"Neusiedl am See","power_kw":3000,"commissioned":"2014"}},{"type":"Feature","geometry":{"type":"Point","coordinates":[16.87831,48.05372]},"properties":{"gemeinde":"Parndorf","bezirk":"Neusiedl am See","power_kw":3000,"commissioned":"2014"}},{"type":"Feature","geometry":{"type":"Point","coordinates":[16.871,48.05494]},"properties":{"gemeinde":"Parndorf","bezirk":"Neusiedl am See","power_kw":3000,"commissioned":"2014"}},{"type":"Feature","geometry":{"type":"Point","coordinates":[16.87322,48.05014]},"properties":{"gemeinde":"Parndorf","bezirk":"Neusiedl am See","power_kw":3000,"commissioned":"2014"}},{"type":"Feature","geometry":{"type":"Point","coordinates":[16.80983,48.05447]},"properties":{"gemeinde":"Rohrau","bezirk":"Bruck an der Leitha","power_kw":3050,"commissioned":"2015"}},{"type":"Feature","geometry":{"type":"Point","coordinates":[16.80433,48.05514]},"properties":{"gemeinde":"Höflein","bezirk":"Bruck an der Leitha","power_kw":3050,"commissioned":"2015"}},{"type":"Feature","geometry":{"type":"Point","coordinates":[16.9961792,47.8441643]},"properties":{"gemeinde":"Halbturn","bezirk":"Neusiedl am See","power_kw":3050,"commissioned":"2013"}},{"type":"Feature","geometry":{"type":"Point","coordinates":[17.0025511,47.841758]},"properties":{"gemeinde":"Halbturn","bezirk":"Neusiedl am See","power_kw":3050,"commissioned":"2013"}},{"type":"Feature","geometry":{"type":"Point","coordinates":[17.0140505,47.8347815]},"properties":{"gemeinde":"Halbturn","bezirk":"Neusiedl am See","power_kw":3050,"commissioned":"2013"}},{"type":"Feature","geometry":{"type":"Point","coordinates":[17.0087072,47.8374351]},"properties":{"gemeinde":"Halbturn","bezirk":"Neusiedl am See","power_kw":3050,"commissioned":"2013"}},{"type":"Feature","geometry":{"type":"Point","coordinates":[17.0169976,47.8391138]},"properties":{"gemeinde":"Halbturn","bezirk":"Neusiedl am See","power_kw":3050,"commissioned":"2013"}},{"type":"Feature","geometry":{"type":"Point","coordinates":[16.9957391,47.8402042]},"properties":{"gemeinde":"Halbturn","bezirk":"Neusiedl am See","power_kw":3050,"commissioned":"2013"}},{"type":"Feature","geometry":{"type":"Point","coordinates":[17.0082459,47.8331047]},"properties":{"gemeinde":"Halbturn","bezirk":"Neusiedl am See","power_kw":3050,"commissioned":"2013"}},{"type":"Feature","geometry":{"type":"Point","coordinates":[17.0026224,47.8370949]},"properties":{"gemeinde":"Halbturn","bezirk":"Neusiedl am See","power_kw":3050,"commissioned":"2013"}},{"type":"Feature","geometry":{"type":"Point","coordinates":[15.585057,47.482004]},"properties":{"gemeinde":"Krieglach","bezirk":"Bruck-Mürzzuschlag","power_kw":2050,"commissioned":"2013"}},{"type":"Feature","geometry":{"type":"Point","coordinates":[15.560488,47.486274]},"properties":{"gemeinde":"Krieglach","bezirk":"Bruck-Mürzzuschlag","power_kw":2050,"commissioned":"2013"}},{"type":"Feature","geometry":{"type":"Point","coordinates":[15.574061,47.485484]},"properties":{"gemeinde":"Krieglach","bezirk":"Bruck-Mürzzuschlag","power_kw":2050,"commissioned":"2013"}},{"type":"Feature","geometry":{"type":"Point","coordinates":[15.556662,47.487481]},"properties":{"gemeinde":"Stanz im Mürztal","bezirk":"Bruck-Mürzzuschlag","power_kw":2050,"commissioned":"2013"}},{"type":"Feature","geometry":{"type":"Point","coordinates":[15.580144,47.484121]},"properties":{"gemeinde":"Stanz im Mürztal","bezirk":"Bruck-Mürzzuschlag","power_kw":2050,"commissioned":"2013"}},{"type":"Feature","geometry":{"type":"Point","coordinates":[15.575414,47.485493]},"properties":{"gemeinde":"Krieglach","bezirk":"Bruck-Mürzzuschlag","power_kw":2050,"commissioned":"2013"}},{"type":"Feature","geometry":{"type":"Point","coordinates":[15.581488,47.486675]},"properties":{"gemeinde":"Krieglach","bezirk":"Bruck-Mürzzuschlag","power_kw":2050,"commissioned":"2013"}},{"type":"Feature","geometry":{"type":"Point","coordinates":[15.577074,47.488148]},"properties":{"gemeinde":"Stanz im Mürztal","bezirk":"Bruck-Mürzzuschlag","power_kw":2050,"commissioned":"2013"}},{"type":"Feature","geometry":{"type":"Point","coordinates":[15.552511,47.488199]},"properties":{"gemeinde":"Krieglach","bezirk":"Bruck-Mürzzuschlag","power_kw":2050,"commissioned":"2013"}},{"type":"Feature","geometry":{"type":"Point","coordinates":[14.918102,47.08998]},"properties":{"gemeinde":"Lobmingtal","bezirk":"Murtal","power_kw":2350,"commissioned":"2014"}},{"type":"Feature","geometry":{"type":"Point","coordinates":[14.91764,47.0924]},"properties":{"gemeinde":"Lobmingtal","bezirk":"Murtal","power_kw":2350,"commissioned":"2014"}},{"type":"Feature","geometry":{"type":"Point","coordinates":[14.917524,47.094977]},"properties":{"gemeinde":"Lobmingtal","bezirk":"Murtal","power_kw":2350,"commissioned":"2014"}},{"type":"Feature","geometry":{"type":"Point","coordinates":[16.99056,47.92525]},"properties":{"gemeinde":"Mönchhof","bezirk":"Neusiedl am See","power_kw":3050,"commissioned":"2012"}},{"type":"Feature","geometry":{"type":"Point","coordinates":[16.97786,47.92156]},"properties":{"gemeinde":"Mönchhof","bezirk":"Neusiedl am See","power_kw":3050,"commissioned":"2012"}},{"type":"Feature","geometry":{"type":"Point","coordinates":[16.99975,47.91789]},"properties":{"gemeinde":"Mönchhof","bezirk":"Neusiedl am See","power_kw":3050,"commissioned":"2012"}},{"type":"Feature","geometry":{"type":"Point","coordinates":[16.58889,48.64117]},"properties":{"gemeinde":"Poysdorf","bezirk":"Mistelbach","power_kw":3200,"commissioned":"2013"}},{"type":"Feature","geometry":{"type":"Point","coordinates":[16.59217,48.64292]},"properties":{"gemeinde":"Poysdorf","bezirk":"Mistelbach","power_kw":3200,"commissioned":"2013"}},{"type":"Feature","geometry":{"type":"Point","coordinates":[16.60389,48.62897]},"properties":{"gemeinde":"Wilfersdorf","bezirk":"Mistelbach","power_kw":3200,"commissioned":"2013"}},{"type":"Feature","geometry":{"type":"Point","coordinates":[16.61486,48.63389]},"properties":{"gemeinde":"Poysdorf","bezirk":"Mistelbach","power_kw":3200,"commissioned":"2013"}},{"type":"Feature","geometry":{"type":"Point","coordinates":[16.68381,48.61872]},"properties":{"gemeinde":"Wilfersdorf","bezirk":"Mistelbach","power_kw":3200,"commissioned":"2013"}},{"type":"Feature","geometry":{"type":"Point","coordinates":[16.63808,48.60589]},"properties":{"gemeinde":"Wilfersdorf","bezirk":"Mistelbach","power_kw":3200,"commissioned":"2013"}},{"type":"Feature","geometry":{"type":"Point","coordinates":[16.59806,48.64269]},"properties":{"gemeinde":"Poysdorf","bezirk":"Mistelbach","power_kw":3200,"commissioned":"2013"}},{"type":"Feature","geometry":{"type":"Point","coordinates":[16.61261,48.62333]},"properties":{"gemeinde":"Poysdorf","bezirk":"Mistelbach","power_kw":3200,"commissioned":"2013"}},{"type":"Feature","geometry":{"type":"Point","coordinates":[16.82906,48.07197]},"properties":{"gemeinde":"Höflein","bezirk":"Bruck an der Leitha","power_kw":3050,"commissioned":"2015"}},{"type":"Feature","geometry":{"type":"Point","coordinates":[16.82314,48.06775]},"properties":{"gemeinde":"Höflein","bezirk":"Bruck an der Leitha","power_kw":3050,"commissioned":"2015"}},{"type":"Feature","geometry":{"type":"Point","coordinates":[16.82114,48.06525]},"properties":{"gemeinde":"Höflein","bezirk":"Bruck an der Leitha","power_kw":3050,"commissioned":"2015"}},{"type":"Feature","geometry":{"type":"Point","coordinates":[16.81614,48.06886]},"properties":{"gemeinde":"Höflein","bezirk":"Bruck an der Leitha","power_kw":3050,"commissioned":"2015"}},{"type":"Feature","geometry":{"type":"Point","coordinates":[16.82097,48.07181]},"properties":{"gemeinde":"Höflein","bezirk":"Bruck an der Leitha","power_kw":3050,"commissioned":"2015"}},{"type":"Feature","geometry":{"type":"Point","coordinates":[16.82489,48.07603]},"properties":{"gemeinde":"Höflein","bezirk":"Bruck an der Leitha","power_kw":3050,"commissioned":"2015"}},{"type":"Feature","geometry":{"type":"Point","coordinates":[16.82114,48.08039]},"properties":{"gemeinde":"Höflein","bezirk":"Bruck an der Leitha","power_kw":3050,"commissioned":"2015"}},{"type":"Feature","geometry":{"type":"Point","coordinates":[16.814,48.07961]},"properties":{"gemeinde":"Höflein","bezirk":"Bruck an der Leitha","power_kw":3050,"commissioned":"2015"}},{"type":"Feature","geometry":{"type":"Point","coordinates":[16.81075,48.07794]},"properties":{"gemeinde":"Höflein","bezirk":"Bruck an der Leitha","power_kw":3050,"commissioned":"2015"}},{"type":"Feature","geometry":{"type":"Point","coordinates":[16.81478,48.07253]},"properties":{"gemeinde":"Höflein","bezirk":"Bruck an der Leitha","power_kw":3050,"commissioned":"2015"}},{"type":"Feature","geometry":{"type":"Point","coordinates":[16.81006,48.04603]},"properties":{"gemeinde":"Bruck an der Leitha","bezirk":"Bruck an der Leitha","power_kw":3050,"commissioned":"2015"}},{"type":"Feature","geometry":{"type":"Point","coordinates":[16.80511,48.04983]},"properties":{"gemeinde":"Rohrau","bezirk":"Bruck an der Leitha","power_kw":3050,"commissioned":"2015"}},{"type":"Feature","geometry":{"type":"Point","coordinates":[16.80261,48.04761]},"properties":{"gemeinde":"Rohrau","bezirk":"Bruck an der Leitha","power_kw":3050,"commissioned":"2015"}},{"type":"Feature","geometry":{"type":"Point","coordinates":[16.80008,48.04536]},"properties":{"gemeinde":"Rohrau","bezirk":"Bruck an der Leitha","power_kw":3050,"commissioned":"2015"}},{"type":"Feature","geometry":{"type":"Point","coordinates":[16.80567,48.04386]},"properties":{"gemeinde":"Bruck an der Leitha","bezirk":"Bruck an der Leitha","power_kw":3050,"commissioned":"2015"}},{"type":"Feature","geometry":{"type":"Point","coordinates":[16.81325,48.04061]},"properties":{"gemeinde":"Bruck an der Leitha","bezirk":"Bruck an der Leitha","power_kw":3050,"commissioned":"2015"}},{"type":"Feature","geometry":{"type":"Point","coordinates":[16.80906,48.05094]},"properties":{"gemeinde":"Bruck an der Leitha","bezirk":"Bruck an der Leitha","power_kw":3050,"commissioned":"2015"}},{"type":"Feature","geometry":{"type":"Point","coordinates":[13.25605,48.059311]},"properties":{"gemeinde":"Munderfing","bezirk":"Braunau","power_kw":3075,"commissioned":"2014"}},{"type":"Feature","geometry":{"type":"Point","coordinates":[13.24875,48.057667]},"properties":{"gemeinde":"Munderfing","bezirk":"Braunau","power_kw":3075,"commissioned":"2014"}},{"type":"Feature","geometry":{"type":"Point","coordinates":[13.241183,48.054928]},"properties":{"gemeinde":"Munderfing","bezirk":"Braunau","power_kw":3075,"commissioned":"2014"}},{"type":"Feature","geometry":{"type":"Point","coordinates":[13.237858,48.051261]},"properties":{"gemeinde":"Munderfing","bezirk":"Braunau","power_kw":3075,"commissioned":"2014"}},{"type":"Feature","geometry":{"type":"Point","coordinates":[13.233492,48.047372]},"properties":{"gemeinde":"Munderfing","bezirk":"Braunau","power_kw":3075,"commissioned":"2014"}},{"type":"Feature","geometry":{"type":"Point","coordinates":[16.9945,48.03647]},"properties":{"gemeinde":"Gattendorf","bezirk":"Neusiedl am See","power_kw":3050,"commissioned":"2014"}},{"type":"Feature","geometry":{"type":"Point","coordinates":[17.00069,48.034]},"properties":{"gemeinde":"Gattendorf","bezirk":"Neusiedl am See","power_kw":3050,"commissioned":"2014"}},{"type":"Feature","geometry":{"type":"Point","coordinates":[16.99731,48.04122]},"properties":{"gemeinde":"Gattendorf","bezirk":"Neusiedl am See","power_kw":3050,"commissioned":"2014"}},{"type":"Feature","geometry":{"type":"Point","coordinates":[17.00394,48.03767]},"properties":{"gemeinde":"Gattendorf","bezirk":"Neusiedl am See","power_kw":3050,"commissioned":"2014"}},{"type":"Feature","geometry":{"type":"Point","coordinates":[16.99864,47.92703]},"properties":{"gemeinde":"Mönchhof","bezirk":"Neusiedl am See","power_kw":3050,"commissioned":"2012"}},{"type":"Feature","geometry":{"type":"Point","coordinates":[16.99694,47.92256]},"properties":{"gemeinde":"Mönchhof","bezirk":"Neusiedl am See","power_kw":3050,"commissioned":"2012"}},{"type":"Feature","geometry":{"type":"Point","coordinates":[16.98803,47.93114]},"properties":{"gemeinde":"Mönchhof","bezirk":"Neusiedl am See","power_kw":3050,"commissioned":"2012"}},{"type":"Feature","geometry":{"type":"Point","coordinates":[16.98506,47.92753]},"properties":{"gemeinde":"Mönchhof","bezirk":"Neusiedl am See","power_kw":3050,"commissioned":"2012"}},{"type":"Feature","geometry":{"type":"Point","coordinates":[16.99319,47.917]},"properties":{"gemeinde":"Mönchhof","bezirk":"Neusiedl am See","power_kw":3050,"commissioned":"2012"}},{"type":"Feature","geometry":{"type":"Point","coordinates":[17.00406,47.91789]},"properties":{"gemeinde":"Mönchhof","bezirk":"Neusiedl am See","power_kw":3050,"commissioned":"2012"}},{"type":"Feature","geometry":{"type":"Point","coordinates":[16.99222,48.05444]},"properties":{"gemeinde":"Prellenkirchen","bezirk":"Bruck an der Leitha","power_kw":3200,"commissioned":"2014"}},{"type":"Feature","geometry":{"type":"Point","coordinates":[16.9361,48.064167]},"properties":{"gemeinde":"Prellenkirchen","bezirk":"Bruck an der Leitha","power_kw":3050,"commissioned":"2014"}},{"type":"Feature","geometry":{"type":"Point","coordinates":[16.99639,48.05667]},"properties":{"gemeinde":"Prellenkirchen","bezirk":"Bruck an der Leitha","power_kw":3200,"commissioned":"2014"}},{"type":"Feature","geometry":{"type":"Point","coordinates":[16.99972,48.06278]},"properties":{"gemeinde":"Prellenkirchen","bezirk":"Bruck an der Leitha","power_kw":3200,"commissioned":"2014"}},{"type":"Feature","geometry":{"type":"Point","coordinates":[17.005,48.06472]},"properties":{"gemeinde":"Prellenkirchen","bezirk":"Bruck an der Leitha","power_kw":3200,"commissioned":"2014"}},{"type":"Feature","geometry":{"type":"Point","coordinates":[16.9386944,48.066033]},"properties":{"gemeinde":"Prellenkirchen","bezirk":"Bruck an der Leitha","power_kw":2300,"commissioned":"2014"}},{"type":"Feature","geometry":{"type":"Point","coordinates":[16.52136,47.74547]},"properties":{"gemeinde":"Zagersdorf","bezirk":"Eisenstadt-Umgebung","power_kw":2350,"commissioned":"2016"}},{"type":"Feature","geometry":{"type":"Point","coordinates":[16.52206,47.75144]},"properties":{"gemeinde":"Zagersdorf","bezirk":"Eisenstadt-Umgebung","power_kw":2350,"commissioned":"2016"}},{"type":"Feature","geometry":{"type":"Point","coordinates":[16.52083,47.74864]},"properties":{"gemeinde":"Zagersdorf","bezirk":"Eisenstadt-Umgebung","power_kw":2350,"commissioned":"2016"}},{"type":"Feature","geometry":{"type":"Point","coordinates":[16.995337,47.934238]},"properties":{"gemeinde":"Zurndorf","bezirk":"Neusiedl am See","power_kw":3050,"commissioned":"2014"}},{"type":"Feature","geometry":{"type":"Point","coordinates":[16.968549,47.942106]},"properties":{"gemeinde":"Zurndorf","bezirk":"Neusiedl am See","power_kw":3050,"commissioned":"2014"}},{"type":"Feature","geometry":{"type":"Point","coordinates":[16.84306,48.08081]},"properties":{"gemeinde":"Rohrau","bezirk":"Bruck an der Leitha","power_kw":3050,"commissioned":"2014"}},{"type":"Feature","geometry":{"type":"Point","coordinates":[16.83308,48.073]},"properties":{"gemeinde":"Rohrau","bezirk":"Bruck an der Leitha","power_kw":3050,"commissioned":"2014"}},{"type":"Feature","geometry":{"type":"Point","coordinates":[16.83858,48.07744]},"properties":{"gemeinde":"Rohrau","bezirk":"Bruck an der Leitha","power_kw":3050,"commissioned":"2014"}},{"type":"Feature","geometry":{"type":"Point","coordinates":[16.84881,48.08286]},"properties":{"gemeinde":"Rohrau","bezirk":"Bruck an der Leitha","power_kw":3050,"commissioned":"2014"}},{"type":"Feature","geometry":{"type":"Point","coordinates":[16.85147,48.08494]},"properties":{"gemeinde":"Rohrau","bezirk":"Bruck an der Leitha","power_kw":3050,"commissioned":"2014"}},{"type":"Feature","geometry":{"type":"Point","coordinates":[16.85497,48.08664]},"properties":{"gemeinde":"Rohrau","bezirk":"Bruck an der Leitha","power_kw":3050,"commissioned":"2014"}},{"type":"Feature","geometry":{"type":"Point","coordinates":[16.85681,48.08231]},"properties":{"gemeinde":"Rohrau","bezirk":"Bruck an der Leitha","power_kw":3050,"commissioned":"2014"}},{"type":"Feature","geometry":{"type":"Point","coordinates":[16.83569,48.07517]},"properties":{"gemeinde":"Rohrau","bezirk":"Bruck an der Leitha","power_kw":3050,"commissioned":"2014"}},{"type":"Feature","geometry":{"type":"Point","coordinates":[17.08408724,47.91616917]},"properties":{"gemeinde":"Nickelsdorf","bezirk":"Neusiedl am See","power_kw":3050,"commissioned":"2015"}},{"type":"Feature","geometry":{"type":"Point","coordinates":[17.07968231,47.91132269]},"properties":{"gemeinde":"Nickelsdorf","bezirk":"Neusiedl am See","power_kw":3050,"commissioned":"2015"}},{"type":"Feature","geometry":{"type":"Point","coordinates":[17.07753881,47.91952188]},"properties":{"gemeinde":"Nickelsdorf","bezirk":"Neusiedl am See","power_kw":3050,"commissioned":"2015"}},{"type":"Feature","geometry":{"type":"Point","coordinates":[17.07424651,47.91667382]},"properties":{"gemeinde":"Nickelsdorf","bezirk":"Neusiedl am See","power_kw":3050,"commissioned":"2015"}},{"type":"Feature","geometry":{"type":"Point","coordinates":[17.07075185,47.91368306]},"properties":{"gemeinde":"Nickelsdorf","bezirk":"Neusiedl am See","power_kw":3050,"commissioned":"2015"}},{"type":"Feature","geometry":{"type":"Point","coordinates":[17.06725708,47.91065621]},"properties":{"gemeinde":"Nickelsdorf","bezirk":"Neusiedl am See","power_kw":3050,"commissioned":"2015"}},{"type":"Feature","geometry":{"type":"Point","coordinates":[17.06324131,47.91716706]},"properties":{"gemeinde":"Nickelsdorf","bezirk":"Neusiedl am See","power_kw":3050,"commissioned":"2015"}},{"type":"Feature","geometry":{"type":"Point","coordinates":[17.05936875,47.91389951]},"properties":{"gemeinde":"Nickelsdorf","bezirk":"Neusiedl am See","power_kw":3050,"commissioned":"2015"}},{"type":"Feature","geometry":{"type":"Point","coordinates":[17.05112004,47.91727944]},"properties":{"gemeinde":"Nickelsdorf","bezirk":"Neusiedl am See","power_kw":3050,"commissioned":"2015"}},{"type":"Feature","geometry":{"type":"Point","coordinates":[16.36564,47.92883]},"properties":{"gemeinde":"Pottendorf","bezirk":"Baden","power_kw":2300,"commissioned":"2015"}},{"type":"Feature","geometry":{"type":"Point","coordinates":[16.37028,47.93217]},"properties":{"gemeinde":"Pottendorf","bezirk":"Baden","power_kw":2300,"commissioned":"2015"}},{"type":"Feature","geometry":{"type":"Point","coordinates":[16.37364,47.93431]},"properties":{"gemeinde":"Pottendorf","bezirk":"Baden","power_kw":2300,"commissioned":"2015"}},{"type":"Feature","geometry":{"type":"Point","coordinates":[16.37575,47.93661]},"properties":{"gemeinde":"Pottendorf","bezirk":"Baden","power_kw":3050,"commissioned":"2015"}},{"type":"Feature","geometry":{"type":"Point","coordinates":[16.36316,47.92656]},"properties":{"gemeinde":"Pottendorf","bezirk":"Baden","power_kw":3050,"commissioned":"2015"}},{"type":"Feature","geometry":{"type":"Point","coordinates":[16.36494,47.93197]},"properties":{"gemeinde":"Pottendorf","bezirk":"Baden","power_kw":3050,"commissioned":"2015"}},{"type":"Feature","geometry":{"type":"Point","coordinates":[16.36531,47.93675]},"properties":{"gemeinde":"Pottendorf","bezirk":"Baden","power_kw":3050,"commissioned":"2015"}},{"type":"Feature","geometry":{"type":"Point","coordinates":[16.36733,47.93936]},"properties":{"gemeinde":"Pottendorf","bezirk":"Baden","power_kw":3050,"commissioned":"2015"}},{"type":"Feature","geometry":{"type":"Point","coordinates":[16.37125,47.94092]},"properties":{"gemeinde":"Pottendorf","bezirk":"Baden","power_kw":3050,"commissioned":"2015"}},{"type":"Feature","geometry":{"type":"Point","coordinates":[16.35525,47.9285]},"properties":{"gemeinde":"Pottendorf","bezirk":"Baden","power_kw":3050,"commissioned":"2015"}},{"type":"Feature","geometry":{"type":"Point","coordinates":[16.35897,47.93081]},"properties":{"gemeinde":"Pottendorf","bezirk":"Baden","power_kw":3050,"commissioned":"2015"}},{"type":"Feature","geometry":{"type":"Point","coordinates":[16.35803,47.93633]},"properties":{"gemeinde":"Pottendorf","bezirk":"Baden","power_kw":3050,"commissioned":"2015"}},{"type":"Feature","geometry":{"type":"Point","coordinates":[16.3475,47.93069]},"properties":{"gemeinde":"Pottendorf","bezirk":"Baden","power_kw":3050,"commissioned":"2015"}},{"type":"Feature","geometry":{"type":"Point","coordinates":[16.3505,47.93308]},"properties":{"gemeinde":"Pottendorf","bezirk":"Baden","power_kw":3050,"commissioned":"2015"}},{"type":"Feature","geometry":{"type":"Point","coordinates":[16.35344,47.93528]},"properties":{"gemeinde":"Pottendorf","bezirk":"Baden","power_kw":3050,"commissioned":"2015"}},{"type":"Feature","geometry":{"type":"Point","coordinates":[17.00553,47.8461]},"properties":{"gemeinde":"Halbturn","bezirk":"Neusiedl am See","power_kw":3050,"commissioned":"2013"}},{"type":"Feature","geometry":{"type":"Point","coordinates":[17.035,47.83649]},"properties":{"gemeinde":"Halbturn","bezirk":"Neusiedl am See","power_kw":3050,"commissioned":"2013"}},{"type":"Feature","geometry":{"type":"Point","coordinates":[17.00952,47.84872]},"properties":{"gemeinde":"Halbturn","bezirk":"Neusiedl am See","power_kw":3050,"commissioned":"2013"}},{"type":"Feature","geometry":{"type":"Point","coordinates":[17.02682,47.83894]},"properties":{"gemeinde":"Halbturn","bezirk":"Neusiedl am See","power_kw":3050,"commissioned":"2013"}},{"type":"Feature","geometry":{"type":"Point","coordinates":[17.03637,47.83222]},"properties":{"gemeinde":"Halbturn","bezirk":"Neusiedl am See","power_kw":3050,"commissioned":"2013"}},{"type":"Feature","geometry":{"type":"Point","coordinates":[16.55944,48.32611]},"properties":{"gemeinde":"Deutsch Wagram","bezirk":"Gänserndorf","power_kw":3000,"commissioned":"2013"}},{"type":"Feature","geometry":{"type":"Point","coordinates":[16.54833,48.32972]},"properties":{"gemeinde":"Deutsch Wagram","bezirk":"Gänserndorf","power_kw":3000,"commissioned":"2013"}},{"type":"Feature","geometry":{"type":"Point","coordinates":[16.54417,48.32644]},"properties":{"gemeinde":"Pillichsdorf","bezirk":"Mistelbach","power_kw":3050,"commissioned":"2015"}},{"type":"Feature","geometry":{"type":"Point","coordinates":[16.53319,48.32867]},"properties":{"gemeinde":"Pillichsdorf","bezirk":"Mistelbach","power_kw":3050,"commissioned":"2015"}},{"type":"Feature","geometry":{"type":"Point","coordinates":[16.5365,48.33044]},"properties":{"gemeinde":"Pillichsdorf","bezirk":"Mistelbach","power_kw":3050,"commissioned":"2015"}},{"type":"Feature","geometry":{"type":"Point","coordinates":[16.52106,48.34436]},"properties":{"gemeinde":"Pillichsdorf","bezirk":"Mistelbach","power_kw":2300,"commissioned":"2015"}},{"type":"Feature","geometry":{"type":"Point","coordinates":[17.02007,47.84229]},"properties":{"gemeinde":"Halbturn","bezirk":"Neusiedl am See","power_kw":3050,"commissioned":"2013"}},{"type":"Feature","geometry":{"type":"Point","coordinates":[17.04618,47.83684]},"properties":{"gemeinde":"Halbturn","bezirk":"Neusiedl am See","power_kw":3050,"commissioned":"2013"}},{"type":"Feature","geometry":{"type":"Point","coordinates":[17.04645,47.83222]},"properties":{"gemeinde":"Halbturn","bezirk":"Neusiedl am See","power_kw":3050,"commissioned":"2013"}},{"type":"Feature","geometry":{"type":"Point","coordinates":[17.00932,47.84717]},"properties":{"gemeinde":"Halbturn","bezirk":"Neusiedl am See","power_kw":3050,"commissioned":"2013"}},{"type":"Feature","geometry":{"type":"Point","coordinates":[17.01448,47.84507]},"properties":{"gemeinde":"Halbturn","bezirk":"Neusiedl am See","power_kw":3050,"commissioned":"2013"}},{"type":"Feature","geometry":{"type":"Point","coordinates":[16.99837,47.84834]},"properties":{"gemeinde":"Halbturn","bezirk":"Neusiedl am See","power_kw":3050,"commissioned":"2013"}},{"type":"Feature","geometry":{"type":"Point","coordinates":[17.03703,47.82854]},"properties":{"gemeinde":"Halbturn","bezirk":"Neusiedl am See","power_kw":3050,"commissioned":"2013"}},{"type":"Feature","geometry":{"type":"Point","coordinates":[16.41749,47.77158]},"properties":{"gemeinde":"Sigleß","bezirk":"Mattersburg","power_kw":2300,"commissioned":"2015"}},{"type":"Feature","geometry":{"type":"Point","coordinates":[16.407371,47.759066]},"properties":{"gemeinde":"Sigleß","bezirk":"Mattersburg","power_kw":2350,"commissioned":"2016"}},{"type":"Feature","geometry":{"type":"Point","coordinates":[16.98497,47.971]},"properties":{"gemeinde":"Zurndorf","bezirk":"Neusiedl am See","power_kw":2300,"commissioned":"2012"}},{"type":"Feature","geometry":{"type":"Point","coordinates":[17.01893,47.84697]},"properties":{"gemeinde":"Halbturn","bezirk":"Neusiedl am See","power_kw":3050,"commissioned":"2013"}},{"type":"Feature","geometry":{"type":"Point","coordinates":[17.01029,47.85507]},"properties":{"gemeinde":"Halbturn","bezirk":"Neusiedl am See","power_kw":3050,"commissioned":"2013"}},{"type":"Feature","geometry":{"type":"Point","coordinates":[17.01767,47.85352]},"properties":{"gemeinde":"Halbturn","bezirk":"Neusiedl am See","power_kw":3050,"commissioned":"2013"}},{"type":"Feature","geometry":{"type":"Point","coordinates":[17.03722,47.84412]},"properties":{"gemeinde":"Halbturn","bezirk":"Neusiedl am See","power_kw":3050,"commissioned":"2013"}},{"type":"Feature","geometry":{"type":"Point","coordinates":[17.02663,47.84347]},"properties":{"gemeinde":"Halbturn","bezirk":"Neusiedl am See","power_kw":3050,"commissioned":"2013"}},{"type":"Feature","geometry":{"type":"Point","coordinates":[17.03938,47.83878]},"properties":{"gemeinde":"Halbturn","bezirk":"Neusiedl am See","power_kw":3050,"commissioned":"2013"}},{"type":"Feature","geometry":{"type":"Point","coordinates":[17.00608,47.85259]},"properties":{"gemeinde":"Halbturn","bezirk":"Neusiedl am See","power_kw":3050,"commissioned":"2013"}},{"type":"Feature","geometry":{"type":"Point","coordinates":[17.03251,47.84042]},"properties":{"gemeinde":"Halbturn","bezirk":"Neusiedl am See","power_kw":3050,"commissioned":"2013"}},{"type":"Feature","geometry":{"type":"Point","coordinates":[17.0244,47.85029]},"properties":{"gemeinde":"Halbturn","bezirk":"Neusiedl am See","power_kw":3050,"commissioned":"2013"}},{"type":"Feature","geometry":{"type":"Point","coordinates":[17.03042,47.84739]},"properties":{"gemeinde":"Halbturn","bezirk":"Neusiedl am See","power_kw":3050,"commissioned":"2013"}},{"type":"Feature","geometry":{"type":"Point","coordinates":[17.01483,47.85028]},"properties":{"gemeinde":"Halbturn","bezirk":"Neusiedl am See","power_kw":3050,"commissioned":"2013"}},{"type":"Feature","geometry":{"type":"Point","coordinates":[16.74558,48.1058]},"properties":{"gemeinde":"Scharndorf","bezirk":"Bruck an der Leitha","power_kw":3075,"commissioned":"2013"}},{"type":"Feature","geometry":{"type":"Point","coordinates":[16.7409,48.10624]},"properties":{"gemeinde":"Scharndorf","bezirk":"Bruck an der Leitha","power_kw":3075,"commissioned":"2013"}},{"type":"Feature","geometry":{"type":"Point","coordinates":[16.88528,47.98139]},"properties":{"gemeinde":"Parndorf","bezirk":"Neusiedl am See","power_kw":2050,"commissioned":"2014"}},{"type":"Feature","geometry":{"type":"Point","coordinates":[16.96645792,47.94664161]},"properties":{"gemeinde":"Zurndorf","bezirk":"Neusiedl am See","power_kw":3050,"commissioned":"2013"}},{"type":"Feature","geometry":{"type":"Point","coordinates":[16.752169,48.655128]},"properties":{"gemeinde":"Altlichtenwarth","bezirk":"Mistelbach","power_kw":2300,"commissioned":"2013"}},{"type":"Feature","geometry":{"type":"Point","coordinates":[16.756353,48.652422]},"properties":{"gemeinde":"Großkrut","bezirk":"Mistelbach","power_kw":2300,"commissioned":"2013"}},{"type":"Feature","geometry":{"type":"Point","coordinates":[16.751283,48.64825]},"properties":{"gemeinde":"Großkrut","bezirk":"Mistelbach","power_kw":2300,"commissioned":"2013"}},{"type":"Feature","geometry":{"type":"Point","coordinates":[16.76245,48.649389]},"properties":{"gemeinde":"Großkrut","bezirk":"Mistelbach","power_kw":2300,"commissioned":"2013"}},{"type":"Feature","geometry":{"type":"Point","coordinates":[16.769756,48.650053]},"properties":{"gemeinde":"Altlichtenwarth","bezirk":"Mistelbach","power_kw":2300,"commissioned":"2013"}},{"type":"Feature","geometry":{"type":"Point","coordinates":[16.767144,48.646033]},"properties":{"gemeinde":"Großkrut","bezirk":"Mistelbach","power_kw":2300,"commissioned":"2013"}},{"type":"Feature","geometry":{"type":"Point","coordinates":[16.756656,48.644553]},"properties":{"gemeinde":"Großkrut","bezirk":"Mistelbach","power_kw":2300,"commissioned":"2013"}},{"type":"Feature","geometry":{"type":"Point","coordinates":[16.761014,48.641622]},"properties":{"gemeinde":"Großkrut","bezirk":"Mistelbach","power_kw":2300,"commissioned":"2013"}},{"type":"Feature","geometry":{"type":"Point","coordinates":[16.768317,48.641919]},"properties":{"gemeinde":"Großkrut","bezirk":"Mistelbach","power_kw":2300,"commissioned":"2013"}},{"type":"Feature","geometry":{"type":"Point","coordinates":[16.770414,48.638072]},"properties":{"gemeinde":"Großkrut","bezirk":"Mistelbach","power_kw":2300,"commissioned":"2013"}},{"type":"Feature","geometry":{"type":"Point","coordinates":[16.764394,48.665592]},"properties":{"gemeinde":"Großkrut","bezirk":"Mistelbach","power_kw":2300,"commissioned":"2013"}},{"type":"Feature","geometry":{"type":"Point","coordinates":[16.769942,48.633731]},"properties":{"gemeinde":"Großkrut","bezirk":"Mistelbach","power_kw":2300,"commissioned":"2013"}},{"type":"Feature","geometry":{"type":"Point","coordinates":[16.775558,48.6353]},"properties":{"gemeinde":"Großkrut","bezirk":"Mistelbach","power_kw":2300,"commissioned":"2013"}},{"type":"Feature","geometry":{"type":"Point","coordinates":[16.780797,48.632242]},"properties":{"gemeinde":"Hauskirchen","bezirk":"Gänserndorf","power_kw":2300,"commissioned":"2013"}},{"type":"Feature","geometry":{"type":"Point","coordinates":[16.775128,48.629447]},"properties":{"gemeinde":"Hauskirchen","bezirk":"Gänserndorf","power_kw":2300,"commissioned":"2013"}},{"type":"Feature","geometry":{"type":"Point","coordinates":[16.769319,48.627547]},"properties":{"gemeinde":"Hauskirchen","bezirk":"Gänserndorf","power_kw":2300,"commissioned":"2013"}},{"type":"Feature","geometry":{"type":"Point","coordinates":[16.7827,48.628233]},"properties":{"gemeinde":"Neusiedl an der Zaya","bezirk":"Gänserndorf","power_kw":2300,"commissioned":"2013"}},{"type":"Feature","geometry":{"type":"Point","coordinates":[16.797267,48.629272]},"properties":{"gemeinde":"Altlichtenwarth","bezirk":"Mistelbach","power_kw":2300,"commissioned":"2013"}},{"type":"Feature","geometry":{"type":"Point","coordinates":[16.790561,48.628722]},"properties":{"gemeinde":"Altlichtenwarth","bezirk":"Mistelbach","power_kw":2300,"commissioned":"2013"}},{"type":"Feature","geometry":{"type":"Point","coordinates":[16.791208,48.625519]},"properties":{"gemeinde":"Neusiedl an der Zaya","bezirk":"Gänserndorf","power_kw":2300,"commissioned":"2013"}},{"type":"Feature","geometry":{"type":"Point","coordinates":[16.97883555,47.94182348]},"properties":{"gemeinde":"Zurndorf","bezirk":"Neusiedl am See","power_kw":3050,"commissioned":"2014"}},{"type":"Feature","geometry":{"type":"Point","coordinates":[16.96317984,47.94350248]},"properties":{"gemeinde":"Zurndorf","bezirk":"Neusiedl am See","power_kw":3050,"commissioned":"2014"}},{"type":"Feature","geometry":{"type":"Point","coordinates":[16.656917,48.034283]},"properties":{"gemeinde":"Trautmannsdorf an der Leitha","bezirk":"Bruck an der Leitha","power_kw":3050,"commissioned":"2015"}},{"type":"Feature","geometry":{"type":"Point","coordinates":[16.651039,48.035803]},"properties":{"gemeinde":"Trautmannsdorf an der Leitha","bezirk":"Bruck an der Leitha","power_kw":3050,"commissioned":"2015"}},{"type":"Feature","geometry":{"type":"Point","coordinates":[16.636678,48.037953]},"properties":{"gemeinde":"Trautmannsdorf an der Leitha","bezirk":"Bruck an der Leitha","power_kw":3050,"commissioned":"2015"}},{"type":"Feature","geometry":{"type":"Point","coordinates":[16.636892,48.041261]},"properties":{"gemeinde":"Trautmannsdorf an der Leitha","bezirk":"Bruck an der Leitha","power_kw":3050,"commissioned":"2015"}},{"type":"Feature","geometry":{"type":"Point","coordinates":[16.66796,48.61431]},"properties":{"gemeinde":"Wilfersdorf","bezirk":"Mistelbach","power_kw":3170,"commissioned":"2016"}},{"type":"Feature","geometry":{"type":"Point","coordinates":[16.67238,48.61606]},"properties":{"gemeinde":"Wilfersdorf","bezirk":"Mistelbach","power_kw":3170,"commissioned":"2016"}},{"type":"Feature","geometry":{"type":"Point","coordinates":[16.67293,48.61925]},"properties":{"gemeinde":"Wilfersdorf","bezirk":"Mistelbach","power_kw":3170,"commissioned":"2016"}},{"type":"Feature","geometry":{"type":"Point","coordinates":[16.68651,48.62744]},"properties":{"gemeinde":"Hauskirchen","bezirk":"Gänserndorf","power_kw":3170,"commissioned":"2016"}},{"type":"Feature","geometry":{"type":"Point","coordinates":[16.69523,48.62999]},"properties":{"gemeinde":"Großkrut","bezirk":"Mistelbach","power_kw":3170,"commissioned":"2016"}},{"type":"Feature","geometry":{"type":"Point","coordinates":[16.68785,48.63181]},"properties":{"gemeinde":"Großkrut","bezirk":"Mistelbach","power_kw":3170,"commissioned":"2016"}},{"type":"Feature","geometry":{"type":"Point","coordinates":[15.70636,47.52578]},"properties":{"gemeinde":"Ratten","bezirk":"Weiz","power_kw":2300,"commissioned":"2014"}},{"type":"Feature","geometry":{"type":"Point","coordinates":[15.70864,47.52669]},"properties":{"gemeinde":"Ratten","bezirk":"Weiz","power_kw":2300,"commissioned":"2014"}},{"type":"Feature","geometry":{"type":"Point","coordinates":[15.70414,47.52472]},"properties":{"gemeinde":"Ratten","bezirk":"Weiz","power_kw":2300,"commissioned":"2014"}},{"type":"Feature","geometry":{"type":"Point","coordinates":[15.71083,47.52769]},"properties":{"gemeinde":"Ratten","bezirk":"Weiz","power_kw":2300,"commissioned":"2014"}},{"type":"Feature","geometry":{"type":"Point","coordinates":[15.71233,47.53289]},"properties":{"gemeinde":"Langenwang","bezirk":"Bruck-Mürzzuschlag","power_kw":2300,"commissioned":"2014"}},{"type":"Feature","geometry":{"type":"Point","coordinates":[15.70989,47.532]},"properties":{"gemeinde":"Langenwang","bezirk":"Bruck-Mürzzuschlag","power_kw":2300,"commissioned":"2014"}},{"type":"Feature","geometry":{"type":"Point","coordinates":[15.70417,47.53175]},"properties":{"gemeinde":"Langenwang","bezirk":"Bruck-Mürzzuschlag","power_kw":2300,"commissioned":"2014"}},{"type":"Feature","geometry":{"type":"Point","coordinates":[15.69969,47.53319]},"properties":{"gemeinde":"Langenwang","bezirk":"Bruck-Mürzzuschlag","power_kw":2300,"commissioned":"2014"}},{"type":"Feature","geometry":{"type":"Point","coordinates":[15.69519,47.53447]},"properties":{"gemeinde":"Langenwang","bezirk":"Bruck-Mürzzuschlag","power_kw":2300,"commissioned":"2014"}},{"type":"Feature","geometry":{"type":"Point","coordinates":[15.70211,47.53047]},"properties":{"gemeinde":"Langenwang","bezirk":"Bruck-Mürzzuschlag","power_kw":2300,"commissioned":"2014"}},{"type":"Feature","geometry":{"type":"Point","coordinates":[15.70711,47.53178]},"properties":{"gemeinde":"Langenwang","bezirk":"Bruck-Mürzzuschlag","power_kw":2300,"commissioned":"2014"}},{"type":"Feature","geometry":{"type":"Point","coordinates":[16.50264,48.51314]},"properties":{"gemeinde":"Ladendorf","bezirk":"Mistelbach","power_kw":3050,"commissioned":"2016"}},{"type":"Feature","geometry":{"type":"Point","coordinates":[16.483,48.51169]},"properties":{"gemeinde":"Ladendorf","bezirk":"Mistelbach","power_kw":3050,"commissioned":"2016"}},{"type":"Feature","geometry":{"type":"Point","coordinates":[16.47586,48.51056]},"properties":{"gemeinde":"Ladendorf","bezirk":"Mistelbach","power_kw":3050,"commissioned":"2016"}},{"type":"Feature","geometry":{"type":"Point","coordinates":[16.49983,48.51633]},"properties":{"gemeinde":"Ladendorf","bezirk":"Mistelbach","power_kw":3050,"commissioned":"2016"}},{"type":"Feature","geometry":{"type":"Point","coordinates":[16.48361,48.51647]},"properties":{"gemeinde":"Ladendorf","bezirk":"Mistelbach","power_kw":3050,"commissioned":"2016"}},{"type":"Feature","geometry":{"type":"Point","coordinates":[16.47147,48.51578]},"properties":{"gemeinde":"Ladendorf","bezirk":"Mistelbach","power_kw":3050,"commissioned":"2016"}},{"type":"Feature","geometry":{"type":"Point","coordinates":[14.225724,48.58518]},"properties":{"gemeinde":"Vorderweißenbach","bezirk":"Urfahr-Umgebung","power_kw":3300,"commissioned":"2016"}},{"type":"Feature","geometry":{"type":"Point","coordinates":[14.2146,48.583871]},"properties":{"gemeinde":"Vorderweißenbach","bezirk":"Urfahr-Umgebung","power_kw":3300,"commissioned":"2016"}},{"type":"Feature","geometry":{"type":"Point","coordinates":[16.98208,47.96828]},"properties":{"gemeinde":"Zurndorf","bezirk":"Neusiedl am See","power_kw":2300,"commissioned":"2012"}},{"type":"Feature","geometry":{"type":"Point","coordinates":[16.984972,48.052997]},"properties":{"gemeinde":"Bruck an der Leitha","bezirk":"Bruck an der Leitha","power_kw":3050,"commissioned":"2014"}},{"type":"Feature","geometry":{"type":"Point","coordinates":[16.979294,48.049678]},"properties":{"gemeinde":"Bruck an der Leitha","bezirk":"Bruck an der Leitha","power_kw":3050,"commissioned":"2014"}},{"type":"Feature","geometry":{"type":"Point","coordinates":[16.973683,48.049217]},"properties":{"gemeinde":"Bruck an der Leitha","bezirk":"Bruck an der Leitha","power_kw":3050,"commissioned":"2014"}},{"type":"Feature","geometry":{"type":"Point","coordinates":[16.984853,48.048936]},"properties":{"gemeinde":"Bruck an der Leitha","bezirk":"Bruck an der Leitha","power_kw":3050,"commissioned":"2014"}},{"type":"Feature","geometry":{"type":"Point","coordinates":[16.709264,48.041339]},"properties":{"gemeinde":"Trautmannsdorf an der Leitha","bezirk":"Bruck an der Leitha","power_kw":3050,"commissioned":"2014"}},{"type":"Feature","geometry":{"type":"Point","coordinates":[16.983183,48.045322]},"properties":{"gemeinde":"Bruck an der Leitha","bezirk":"Bruck an der Leitha","power_kw":3050,"commissioned":"2014"}},{"type":"Feature","geometry":{"type":"Point","coordinates":[16.533542,47.73894]},"properties":{"gemeinde":"Baumgarten","bezirk":"Mattersburg","power_kw":3050,"commissioned":"2014"}},{"type":"Feature","geometry":{"type":"Point","coordinates":[16.527378,47.738869]},"properties":{"gemeinde":"Baumgarten","bezirk":"Mattersburg","power_kw":3050,"commissioned":"2014"}},{"type":"Feature","geometry":{"type":"Point","coordinates":[16.529018,47.742042]},"properties":{"gemeinde":"Baumgarten","bezirk":"Mattersburg","power_kw":3050,"commissioned":"2014"}},{"type":"Feature","geometry":{"type":"Point","coordinates":[16.523756,47.74231]},"properties":{"gemeinde":"Baumgarten","bezirk":"Mattersburg","power_kw":3050,"commissioned":"2014"}},{"type":"Feature","geometry":{"type":"Point","coordinates":[16.525826,47.745108]},"properties":{"gemeinde":"Baumgarten","bezirk":"Mattersburg","power_kw":3050,"commissioned":"2014"}},{"type":"Feature","geometry":{"type":"Point","coordinates":[17.00396061,47.85696044]},"properties":{"gemeinde":"Halbturn","bezirk":"Neusiedl am See","power_kw":3050,"commissioned":"2014"}},{"type":"Feature","geometry":{"type":"Point","coordinates":[15.125922,48.638323]},"properties":{"gemeinde":"Zwettl","bezirk":"Zwettl","power_kw":600,"commissioned":"1997"}},{"type":"Feature","geometry":{"type":"Point","coordinates":[15.123394,48.637388]},"properties":{"gemeinde":"Zwettl","bezirk":"Zwettl","power_kw":600,"commissioned":"1997"}},{"type":"Feature","geometry":{"type":"Point","coordinates":[15.121087,48.640196]},"properties":{"gemeinde":"Zwettl","bezirk":"Zwettl","power_kw":600,"commissioned":"1997"}},{"type":"Feature","geometry":{"type":"Point","coordinates":[16.989231,48.045181]},"properties":{"gemeinde":"Bruck an der Leitha","bezirk":"Bruck an der Leitha","power_kw":3050,"commissioned":"2014"}},{"type":"Feature","geometry":{"type":"Point","coordinates":[16.775472,48.500667]},"properties":{"gemeinde":"Zistersdorf","bezirk":"Gänserndorf","power_kw":3050,"commissioned":"2014"}},{"type":"Feature","geometry":{"type":"Point","coordinates":[16.777639,48.505694]},"properties":{"gemeinde":"Zistersdorf","bezirk":"Gänserndorf","power_kw":3050,"commissioned":"2014"}},{"type":"Feature","geometry":{"type":"Point","coordinates":[16.77025,48.505417]},"properties":{"gemeinde":"Zistersdorf","bezirk":"Gänserndorf","power_kw":3050,"commissioned":"2014"}},{"type":"Feature","geometry":{"type":"Point","coordinates":[16.77274391,48.41007256]},"properties":{"gemeinde":"Prottes-Ollersdorf","bezirk":"Gänserndorf","power_kw":3050,"commissioned":"2015"}},{"type":"Feature","geometry":{"type":"Point","coordinates":[16.76586976,48.41041311]},"properties":{"gemeinde":"Prottes-Ollersdorf","bezirk":"Gänserndorf","power_kw":3050,"commissioned":"2015"}},{"type":"Feature","geometry":{"type":"Point","coordinates":[16.76432688,48.40754607]},"properties":{"gemeinde":"Prottes-Ollersdorf","bezirk":"Gänserndorf","power_kw":3050,"commissioned":"2015"}},{"type":"Feature","geometry":{"type":"Point","coordinates":[16.76392282,48.40436461]},"properties":{"gemeinde":"Prottes-Ollersdorf","bezirk":"Gänserndorf","power_kw":3050,"commissioned":"2015"}},{"type":"Feature","geometry":{"type":"Point","coordinates":[16.7624099,48.4010155]},"properties":{"gemeinde":"Prottes-Ollersdorf","bezirk":"Gänserndorf","power_kw":3050,"commissioned":"2015"}},{"type":"Feature","geometry":{"type":"Point","coordinates":[16.75669559,48.41105322]},"properties":{"gemeinde":"Prottes-Ollersdorf","bezirk":"Gänserndorf","power_kw":3050,"commissioned":"2015"}},{"type":"Feature","geometry":{"type":"Point","coordinates":[16.75522538,48.4053478]},"properties":{"gemeinde":"Prottes-Ollersdorf","bezirk":"Gänserndorf","power_kw":3050,"commissioned":"2015"}},{"type":"Feature","geometry":{"type":"Point","coordinates":[16.74823907,48.4082916]},"properties":{"gemeinde":"Prottes-Ollersdorf","bezirk":"Gänserndorf","power_kw":3050,"commissioned":"2015"}},{"type":"Feature","geometry":{"type":"Point","coordinates":[16.74064767,48.40611536]},"properties":{"gemeinde":"Prottes-Ollersdorf","bezirk":"Gänserndorf","power_kw":3050,"commissioned":"2015"}},{"type":"Feature","geometry":{"type":"Point","coordinates":[16.76087991,48.39783091]},"properties":{"gemeinde":"Prottes-Ollersdorf","bezirk":"Gänserndorf","power_kw":3050,"commissioned":"2015"}},{"type":"Feature","geometry":{"type":"Point","coordinates":[16.76785784,48.39041695]},"properties":{"gemeinde":"Prottes-Ollersdorf","bezirk":"Gänserndorf","power_kw":3050,"commissioned":"2015"}},{"type":"Feature","geometry":{"type":"Point","coordinates":[16.77010673,48.38589798]},"properties":{"gemeinde":"Prottes-Ollersdorf","bezirk":"Gänserndorf","power_kw":3050,"commissioned":"2015"}},{"type":"Feature","geometry":{"type":"Point","coordinates":[14.350454,48.511104]},"properties":{"gemeinde":"Schenkenfelden","bezirk":"Urfahr-Umgebung","power_kw":600,"commissioned":"1998"}},{"type":"Feature","geometry":{"type":"Point","coordinates":[14.349947,48.508717]},"properties":{"gemeinde":"Schenkenfelden","bezirk":"Urfahr-Umgebung","power_kw":600,"commissioned":"1998"}},{"type":"Feature","geometry":{"type":"Point","coordinates":[16.91799212,47.97863188]},"properties":{"gemeinde":"Neusiedl am See","bezirk":"Neusiedl am See","power_kw":2300,"commissioned":"2014"}},{"type":"Feature","geometry":{"type":"Point","coordinates":[16.9134807,47.98011189]},"properties":{"gemeinde":"Neusiedl am See","bezirk":"Neusiedl am See","power_kw":2300,"commissioned":"2014"}},{"type":"Feature","geometry":{"type":"Point","coordinates":[16.71629,48.44191]},"properties":{"gemeinde":"Spannberg","bezirk":"Gänserndorf","power_kw":3300,"commissioned":"2015"}},{"type":"Feature","geometry":{"type":"Point","coordinates":[16.712833,48.440501]},"properties":{"gemeinde":"Spannberg","bezirk":"Gänserndorf","power_kw":3300,"commissioned":"2015"}},{"type":"Feature","geometry":{"type":"Point","coordinates":[16.709802,48.438272]},"properties":{"gemeinde":"Spannberg","bezirk":"Gänserndorf","power_kw":3300,"commissioned":"2015"}},{"type":"Feature","geometry":{"type":"Point","coordinates":[16.704328,48.438154]},"properties":{"gemeinde":"Spannberg","bezirk":"Gänserndorf","power_kw":3300,"commissioned":"2015"}},{"type":"Feature","geometry":{"type":"Point","coordinates":[16.64637,48.355105]},"properties":{"gemeinde":"Auersthal","bezirk":"Gänserndorf","power_kw":2000,"commissioned":"2015"}},{"type":"Feature","geometry":{"type":"Point","coordinates":[16.641945,48.353057]},"properties":{"gemeinde":"Auersthal","bezirk":"Gänserndorf","power_kw":2000,"commissioned":"2015"}},{"type":"Feature","geometry":{"type":"Point","coordinates":[16.59503,48.264133]},"properties":{"gemeinde":"Parbasdorf","bezirk":"Gänserndorf","power_kw":3300,"commissioned":"2016"}},{"type":"Feature","geometry":{"type":"Point","coordinates":[16.588011,48.265843]},"properties":{"gemeinde":"Parbasdorf","bezirk":"Gänserndorf","power_kw":3300,"commissioned":"2016"}},{"type":"Feature","geometry":{"type":"Point","coordinates":[16.597034,48.259387]},"properties":{"gemeinde":"Parbasdorf","bezirk":"Gänserndorf","power_kw":3300,"commissioned":"2016"}},{"type":"Feature","geometry":{"type":"Point","coordinates":[16.603119,48.265845]},"properties":{"gemeinde":"Parbasdorf","bezirk":"Gänserndorf","power_kw":3300,"commissioned":"2016"}},{"type":"Feature","geometry":{"type":"Point","coordinates":[16.69536,48.17278]},"properties":{"gemeinde":"Orth an der Donau","bezirk":"Gänserndorf","power_kw":3050,"commissioned":"2017"}},{"type":"Feature","geometry":{"type":"Point","coordinates":[16.69053,48.17239]},"properties":{"gemeinde":"Orth an der Donau","bezirk":"Gänserndorf","power_kw":3050,"commissioned":"2017"}},{"type":"Feature","geometry":{"type":"Point","coordinates":[16.69722,48.1755]},"properties":{"gemeinde":"Orth an der Donau","bezirk":"Gänserndorf","power_kw":3050,"commissioned":"2017"}},{"type":"Feature","geometry":{"type":"Point","coordinates":[16.69192,48.17547]},"properties":{"gemeinde":"Orth an der Donau","bezirk":"Gänserndorf","power_kw":3050,"commissioned":"2017"}},{"type":"Feature","geometry":{"type":"Point","coordinates":[16.69894,48.17803]},"properties":{"gemeinde":"Orth an der Donau","bezirk":"Gänserndorf","power_kw":3050,"commissioned":"2017"}},{"type":"Feature","geometry":{"type":"Point","coordinates":[16.69239,48.17928]},"properties":{"gemeinde":"Orth an der Donau","bezirk":"Gänserndorf","power_kw":3050,"commissioned":"2017"}},{"type":"Feature","geometry":{"type":"Point","coordinates":[16.67981,48.19233]},"properties":{"gemeinde":"Andlersdorf","bezirk":"Gänserndorf","power_kw":3050,"commissioned":"2017"}},{"type":"Feature","geometry":{"type":"Point","coordinates":[16.67819,48.19983]},"properties":{"gemeinde":"Andlersdorf","bezirk":"Gänserndorf","power_kw":3050,"commissioned":"2017"}},{"type":"Feature","geometry":{"type":"Point","coordinates":[16.68563,48.20085]},"properties":{"gemeinde":"Andlersdorf","bezirk":"Gänserndorf","power_kw":3050,"commissioned":"2017"}},{"type":"Feature","geometry":{"type":"Point","coordinates":[16.68014,48.20246]},"properties":{"gemeinde":"Andlersdorf","bezirk":"Gänserndorf","power_kw":3050,"commissioned":"2017"}},{"type":"Feature","geometry":{"type":"Point","coordinates":[16.575314,48.531964]},"properties":{"gemeinde":"Mistelbach","bezirk":"Mistelbach","power_kw":3170,"commissioned":"2017"}},{"type":"Feature","geometry":{"type":"Point","coordinates":[16.57181,48.529686]},"properties":{"gemeinde":"Mistelbach","bezirk":"Mistelbach","power_kw":3170,"commissioned":"2017"}},{"type":"Feature","geometry":{"type":"Point","coordinates":[16.592867,48.524921]},"properties":{"gemeinde":"Mistelbach","bezirk":"Mistelbach","power_kw":3170,"commissioned":"2017"}},{"type":"Feature","geometry":{"type":"Point","coordinates":[16.586401,48.525897]},"properties":{"gemeinde":"Mistelbach","bezirk":"Mistelbach","power_kw":3170,"commissioned":"2017"}},{"type":"Feature","geometry":{"type":"Point","coordinates":[16.578254,48.52667]},"properties":{"gemeinde":"Mistelbach","bezirk":"Mistelbach","power_kw":3170,"commissioned":"2017"}},{"type":"Feature","geometry":{"type":"Point","coordinates":[16.67850278,48.24615]},"properties":{"gemeinde":"Leopoldsdorf im Marchfelde","bezirk":"Gänserndorf","power_kw":3050,"commissioned":"2015"}},{"type":"Feature","geometry":{"type":"Point","coordinates":[16.67808056,48.24948611]},"properties":{"gemeinde":"Leopoldsdorf im Marchfelde","bezirk":"Gänserndorf","power_kw":3050,"commissioned":"2015"}},{"type":"Feature","geometry":{"type":"Point","coordinates":[16.67761667,48.24230278]},"properties":{"gemeinde":"Leopoldsdorf im Marchfelde","bezirk":"Gänserndorf","power_kw":3050,"commissioned":"2015"}},{"type":"Feature","geometry":{"type":"Point","coordinates":[16.67596111,48.23835833]},"properties":{"gemeinde":"Leopoldsdorf im Marchfelde","bezirk":"Gänserndorf","power_kw":3050,"commissioned":"2015"}},{"type":"Feature","geometry":{"type":"Point","coordinates":[16.67226667,48.24581667]},"properties":{"gemeinde":"Leopoldsdorf im Marchfelde","bezirk":"Gänserndorf","power_kw":3050,"commissioned":"2015"}},{"type":"Feature","geometry":{"type":"Point","coordinates":[16.67117778,48.24194444]},"properties":{"gemeinde":"Leopoldsdorf im Marchfelde","bezirk":"Gänserndorf","power_kw":3050,"commissioned":"2015"}},{"type":"Feature","geometry":{"type":"Point","coordinates":[16.66905833,48.23696667]},"properties":{"gemeinde":"Leopoldsdorf im Marchfelde","bezirk":"Gänserndorf","power_kw":3050,"commissioned":"2015"}},{"type":"Feature","geometry":{"type":"Point","coordinates":[16.72638056,48.23869444]},"properties":{"gemeinde":"Untersiebenbrunn","bezirk":"Gänserndorf","power_kw":3050,"commissioned":"2015"}},{"type":"Feature","geometry":{"type":"Point","coordinates":[16.725175,48.24481389]},"properties":{"gemeinde":"Untersiebenbrunn","bezirk":"Gänserndorf","power_kw":3050,"commissioned":"2015"}},{"type":"Feature","geometry":{"type":"Point","coordinates":[16.72427778,48.23491389]},"properties":{"gemeinde":"Untersiebenbrunn","bezirk":"Gänserndorf","power_kw":3050,"commissioned":"2015"}},{"type":"Feature","geometry":{"type":"Point","coordinates":[16.72361667,48.24200278]},"properties":{"gemeinde":"Untersiebenbrunn","bezirk":"Gänserndorf","power_kw":3050,"commissioned":"2015"}},{"type":"Feature","geometry":{"type":"Point","coordinates":[16.722625,48.23193611]},"properties":{"gemeinde":"Untersiebenbrunn","bezirk":"Gänserndorf","power_kw":3050,"commissioned":"2015"}},{"type":"Feature","geometry":{"type":"Point","coordinates":[16.72103333,48.23834444]},"properties":{"gemeinde":"Untersiebenbrunn","bezirk":"Gänserndorf","power_kw":3050,"commissioned":"2015"}},{"type":"Feature","geometry":{"type":"Point","coordinates":[16.72100278,48.22894444]},"properties":{"gemeinde":"Untersiebenbrunn","bezirk":"Gänserndorf","power_kw":3050,"commissioned":"2015"}},{"type":"Feature","geometry":{"type":"Point","coordinates":[16.56556,48.33494]},"properties":{"gemeinde":"Großengersdorf","bezirk":"Mistelbach","power_kw":3170,"commissioned":"2017"}},{"type":"Feature","geometry":{"type":"Point","coordinates":[16.56258,48.33258]},"properties":{"gemeinde":"Großengersdorf","bezirk":"Mistelbach","power_kw":3170,"commissioned":"2017"}},{"type":"Feature","geometry":{"type":"Point","coordinates":[16.56592,48.3395]},"properties":{"gemeinde":"Großengersdorf","bezirk":"Mistelbach","power_kw":3170,"commissioned":"2017"}},{"type":"Feature","geometry":{"type":"Point","coordinates":[16.55814,48.33208]},"properties":{"gemeinde":"Großengersdorf","bezirk":"Mistelbach","power_kw":3170,"commissioned":"2017"}},{"type":"Feature","geometry":{"type":"Point","coordinates":[16.73256,48.02964]},"properties":{"gemeinde":"Bruck an der Leitha","bezirk":"Bruck an der Leitha","power_kw":3050,"commissioned":"2015"}},{"type":"Feature","geometry":{"type":"Point","coordinates":[16.73744,48.03019]},"properties":{"gemeinde":"Bruck an der Leitha","bezirk":"Bruck an der Leitha","power_kw":3050,"commissioned":"2015"}},{"type":"Feature","geometry":{"type":"Point","coordinates":[16.76561,48.04908]},"properties":{"gemeinde":"Göttlesbrunn-Arbestahl","bezirk":"Bruck an der Leitha","power_kw":3050,"commissioned":"2015"}},{"type":"Feature","geometry":{"type":"Point","coordinates":[16.70147,48.02686]},"properties":{"gemeinde":"Göttlesbrunn-Arbestahl","bezirk":"Bruck an der Leitha","power_kw":3050,"commissioned":"2015"}},{"type":"Feature","geometry":{"type":"Point","coordinates":[16.71583,48.0405]},"properties":{"gemeinde":"Göttlesbrunn-Arbestahl","bezirk":"Bruck an der Leitha","power_kw":3050,"commissioned":"2015"}},{"type":"Feature","geometry":{"type":"Point","coordinates":[16.71342,48.03819]},"properties":{"gemeinde":"Bruck an der Leitha","bezirk":"Bruck an der Leitha","power_kw":3050,"commissioned":"2015"}},{"type":"Feature","geometry":{"type":"Point","coordinates":[16.71856,48.03397]},"properties":{"gemeinde":"Bruck an der Leitha","bezirk":"Bruck an der Leitha","power_kw":3050,"commissioned":"2015"}},{"type":"Feature","geometry":{"type":"Point","coordinates":[16.69603,48.44908]},"properties":{"gemeinde":"Hohenruppersdorf","bezirk":"Gänserndorf","power_kw":3300,"commissioned":"2016"}},{"type":"Feature","geometry":{"type":"Point","coordinates":[16.69739,48.44219]},"properties":{"gemeinde":"Hohenruppersdorf","bezirk":"Gänserndorf","power_kw":3300,"commissioned":"2016"}},{"type":"Feature","geometry":{"type":"Point","coordinates":[16.69192,48.44069]},"properties":{"gemeinde":"Hohenruppersdorf","bezirk":"Gänserndorf","power_kw":3300,"commissioned":"2016"}},{"type":"Feature","geometry":{"type":"Point","coordinates":[16.68994,48.44581]},"properties":{"gemeinde":"Hohenruppersdorf","bezirk":"Gänserndorf","power_kw":3300,"commissioned":"2016"}},{"type":"Feature","geometry":{"type":"Point","coordinates":[16.68517,48.44433]},"properties":{"gemeinde":"Hohenruppersdorf","bezirk":"Gänserndorf","power_kw":3300,"commissioned":"2016"}},{"type":"Feature","geometry":{"type":"Point","coordinates":[16.67936,48.44814]},"properties":{"gemeinde":"Hohenruppersdorf","bezirk":"Gänserndorf","power_kw":3300,"commissioned":"2016"}},{"type":"Feature","geometry":{"type":"Point","coordinates":[16.69864,48.45517]},"properties":{"gemeinde":"Hohenruppersdorf","bezirk":"Gänserndorf","power_kw":3300,"commissioned":"2016"}},{"type":"Feature","geometry":{"type":"Point","coordinates":[16.69097,48.45633]},"properties":{"gemeinde":"Hohenruppersdorf","bezirk":"Gänserndorf","power_kw":3300,"commissioned":"2016"}},{"type":"Feature","geometry":{"type":"Point","coordinates":[16.68353,48.45883]},"properties":{"gemeinde":"Hohenruppersdorf","bezirk":"Gänserndorf","power_kw":3300,"commissioned":"2016"}},{"type":"Feature","geometry":{"type":"Point","coordinates":[16.68514,48.46314]},"properties":{"gemeinde":"Hohenruppersdorf","bezirk":"Gänserndorf","power_kw":3300,"commissioned":"2016"}},{"type":"Feature","geometry":{"type":"Point","coordinates":[16.229593,48.417763]},"properties":{"gemeinde":"Leitzersdorf","bezirk":"Korneuburg","power_kw":1000,"commissioned":"1999"}},{"type":"Feature","geometry":{"type":"Point","coordinates":[16.22636,48.413066]},"properties":{"gemeinde":"Leitzersdorf","bezirk":"Korneuburg","power_kw":1000,"commissioned":"1999"}},{"type":"Feature","geometry":{"type":"Point","coordinates":[16.228502,48.416197]},"properties":{"gemeinde":"Leitzersdorf","bezirk":"Korneuburg","power_kw":1000,"commissioned":"1999"}},{"type":"Feature","geometry":{"type":"Point","coordinates":[16.227438,48.414632]},"properties":{"gemeinde":"Leitzersdorf","bezirk":"Korneuburg","power_kw":1000,"commissioned":"1999"}},{"type":"Feature","geometry":{"type":"Point","coordinates":[16.98347,47.90467]},"properties":{"gemeinde":"Mönchhof","bezirk":"Neusiedl am See","power_kw":3450,"commissioned":"2019"}},{"type":"Feature","geometry":{"type":"Point","coordinates":[17.00178,47.89517]},"properties":{"gemeinde":"Mönchhof","bezirk":"Neusiedl am See","power_kw":3450,"commissioned":"2019"}},{"type":"Feature","geometry":{"type":"Point","coordinates":[16.99375,47.89567]},"properties":{"gemeinde":"Mönchhof","bezirk":"Neusiedl am See","power_kw":3450,"commissioned":"2019"}},{"type":"Feature","geometry":{"type":"Point","coordinates":[16.98272,47.89442]},"properties":{"gemeinde":"Mönchhof","bezirk":"Neusiedl am See","power_kw":3450,"commissioned":"2019"}},{"type":"Feature","geometry":{"type":"Point","coordinates":[17.00197,47.89886]},"properties":{"gemeinde":"Mönchhof","bezirk":"Neusiedl am See","power_kw":3450,"commissioned":"2019"}},{"type":"Feature","geometry":{"type":"Point","coordinates":[16.99731,47.89761]},"properties":{"gemeinde":"Mönchhof","bezirk":"Neusiedl am See","power_kw":3450,"commissioned":"2019"}},{"type":"Feature","geometry":{"type":"Point","coordinates":[16.99058,47.91333]},"properties":{"gemeinde":"Mönchhof","bezirk":"Neusiedl am See","power_kw":3450,"commissioned":"2019"}},{"type":"Feature","geometry":{"type":"Point","coordinates":[16.988,47.89942]},"properties":{"gemeinde":"Mönchhof","bezirk":"Neusiedl am See","power_kw":3450,"commissioned":"2019"}},{"type":"Feature","geometry":{"type":"Point","coordinates":[16.98467,47.89739]},"properties":{"gemeinde":"Mönchhof","bezirk":"Neusiedl am See","power_kw":3450,"commissioned":"2019"}},{"type":"Feature","geometry":{"type":"Point","coordinates":[16.97842,47.89736]},"properties":{"gemeinde":"Mönchhof","bezirk":"Neusiedl am See","power_kw":3450,"commissioned":"2019"}},{"type":"Feature","geometry":{"type":"Point","coordinates":[16.99639,47.913]},"properties":{"gemeinde":"Mönchhof","bezirk":"Neusiedl am See","power_kw":3450,"commissioned":"2019"}},{"type":"Feature","geometry":{"type":"Point","coordinates":[16.99058,47.91333]},"properties":{"gemeinde":"Mönchhof","bezirk":"Neusiedl am See","power_kw":3450,"commissioned":"2019"}},{"type":"Feature","geometry":{"type":"Point","coordinates":[16.771711,48.276377]},"properties":{"gemeinde":"Untersiebenbrunn","bezirk":"Gänserndorf","power_kw":3200,"commissioned":"2022"}},{"type":"Feature","geometry":{"type":"Point","coordinates":[16.770792,48.272597]},"properties":{"gemeinde":"Untersiebenbrunn","bezirk":"Gänserndorf","power_kw":3200,"commissioned":"2022"}},{"type":"Feature","geometry":{"type":"Point","coordinates":[16.771773,48.269281]},"properties":{"gemeinde":"Untersiebenbrunn","bezirk":"Gänserndorf","power_kw":3200,"commissioned":"2022"}},{"type":"Feature","geometry":{"type":"Point","coordinates":[16.67408,48.27653]},"properties":{"gemeinde":"Obersiebenbrunn","bezirk":"Gänserndorf","power_kw":3600,"commissioned":"2019"}},{"type":"Feature","geometry":{"type":"Point","coordinates":[16.68353,48.27806]},"properties":{"gemeinde":"Obersiebenbrunn","bezirk":"Gänserndorf","power_kw":3600,"commissioned":"2019"}},{"type":"Feature","geometry":{"type":"Point","coordinates":[16.68936,48.27756]},"properties":{"gemeinde":"Obersiebenbrunn","bezirk":"Gänserndorf","power_kw":3450,"commissioned":"2019"}},{"type":"Feature","geometry":{"type":"Point","coordinates":[16.68794,48.28181]},"properties":{"gemeinde":"Obersiebenbrunn","bezirk":"Gänserndorf","power_kw":3450,"commissioned":"2019"}},{"type":"Feature","geometry":{"type":"Point","coordinates":[16.69533,48.27942]},"properties":{"gemeinde":"Obersiebenbrunn","bezirk":"Gänserndorf","power_kw":3450,"commissioned":"2019"}},{"type":"Feature","geometry":{"type":"Point","coordinates":[16.692,48.28356]},"properties":{"gemeinde":"Obersiebenbrunn","bezirk":"Gänserndorf","power_kw":3450,"commissioned":"2019"}},{"type":"Feature","geometry":{"type":"Point","coordinates":[16.3425,48.63333]},"properties":{"gemeinde":"Stronsdorf","bezirk":"Mistelbach","power_kw":4100,"commissioned":"2025"}},{"type":"Feature","geometry":{"type":"Point","coordinates":[16.35417,48.63389]},"properties":{"gemeinde":"Gnadendorf","bezirk":"Mistelbach","power_kw":4100,"commissioned":"2025"}},{"type":"Feature","geometry":{"type":"Point","coordinates":[16.38583,48.63028]},"properties":{"gemeinde":"Gnadendorf","bezirk":"Mistelbach","power_kw":4100,"commissioned":"2025"}},{"type":"Feature","geometry":{"type":"Point","coordinates":[16.40333,48.62861]},"properties":{"gemeinde":"Gnadendorf","bezirk":"Mistelbach","power_kw":4100,"commissioned":"2025"}},{"type":"Feature","geometry":{"type":"Point","coordinates":[16.40361,48.63278]},"properties":{"gemeinde":"Gnadendorf","bezirk":"Mistelbach","power_kw":4100,"commissioned":"2025"}},{"type":"Feature","geometry":{"type":"Point","coordinates":[16.39694,48.63167]},"properties":{"gemeinde":"Gnadendorf","bezirk":"Mistelbach","power_kw":4100,"commissioned":"2025"}},{"type":"Feature","geometry":{"type":"Point","coordinates":[16.350833,48.638611]},"properties":{"gemeinde":"Gnadendorf","bezirk":"Mistelbach","power_kw":4200,"commissioned":"2025"}},{"type":"Feature","geometry":{"type":"Point","coordinates":[16.79567,48.58467]},"properties":{"gemeinde":"Palterndorf-Dobermannsdorf","bezirk":"Gänserndorf","power_kw":6000,"commissioned":"2023"}},{"type":"Feature","geometry":{"type":"Point","coordinates":[16.76906,48.58464]},"properties":{"gemeinde":"Neusiedl an der Zaya","bezirk":"Gänserndorf","power_kw":6000,"commissioned":"2023"}},{"type":"Feature","geometry":{"type":"Point","coordinates":[16.77275,48.58747]},"properties":{"gemeinde":"Neusiedl an der Zaya","bezirk":"Gänserndorf","power_kw":6000,"commissioned":"2023"}},{"type":"Feature","geometry":{"type":"Point","coordinates":[16.78231,48.57683]},"properties":{"gemeinde":"Neusiedl an der Zaya","bezirk":"Gänserndorf","power_kw":6000,"commissioned":"2023"}},{"type":"Feature","geometry":{"type":"Point","coordinates":[16.78519,48.58169]},"properties":{"gemeinde":"Neusiedl an der Zaya","bezirk":"Gänserndorf","power_kw":6000,"commissioned":"2023"}},{"type":"Feature","geometry":{"type":"Point","coordinates":[16.77728,48.58269]},"properties":{"gemeinde":"Neusiedl an der Zaya","bezirk":"Gänserndorf","power_kw":6000,"commissioned":"2023"}},{"type":"Feature","geometry":{"type":"Point","coordinates":[16.78421,48.58619]},"properties":{"gemeinde":"Neusiedl an der Zaya","bezirk":"Gänserndorf","power_kw":6000,"commissioned":"2023"}},{"type":"Feature","geometry":{"type":"Point","coordinates":[16.38692,48.00303]},"properties":{"gemeinde":"Trumau","bezirk":"Baden","power_kw":3450}},{"type":"Feature","geometry":{"type":"Point","coordinates":[16.40075,48.00417]},"properties":{"gemeinde":"Trumau","bezirk":"Baden","power_kw":3450}},{"type":"Feature","geometry":{"type":"Point","coordinates":[16.39911,47.99961]},"properties":{"gemeinde":"Trumau","bezirk":"Baden","power_kw":3450}},{"type":"Feature","geometry":{"type":"Point","coordinates":[16.39478,47.99872]},"properties":{"gemeinde":"Trumau","bezirk":"Baden","power_kw":3450}},{"type":"Feature","geometry":{"type":"Point","coordinates":[16.38917,47.99836]},"properties":{"gemeinde":"Trumau","bezirk":"Baden","power_kw":3450}},{"type":"Feature","geometry":{"type":"Point","coordinates":[16.386,47.99597]},"properties":{"gemeinde":"Trumau","bezirk":"Baden","power_kw":3450}},{"type":"Feature","geometry":{"type":"Point","coordinates":[16.38003,48.00192]},"properties":{"gemeinde":"Trumau","bezirk":"Baden","power_kw":3450}},{"type":"Feature","geometry":{"type":"Point","coordinates":[16.37969,47.99744]},"properties":{"gemeinde":"Trumau","bezirk":"Baden","power_kw":3450}},{"type":"Feature","geometry":{"type":"Point","coordinates":[16.828625,48.494369]},"properties":{"gemeinde":"Dürnkrut","bezirk":"Gänserndorf","power_kw":5700,"commissioned":"2023"}},{"type":"Feature","geometry":{"type":"Point","coordinates":[16.75489,48.66044]},"properties":{"gemeinde":"Großkrut","bezirk":"Mistelbach","power_kw":6200,"commissioned":"2023"}},{"type":"Feature","geometry":{"type":"Point","coordinates":[16.74875,48.6595]},"properties":{"gemeinde":"Großkrut","bezirk":"Mistelbach","power_kw":6200,"commissioned":"2023"}},{"type":"Feature","geometry":{"type":"Point","coordinates":[15.151319,48.094525]},"properties":{"gemeinde":"Purgstall an der Erlauf","bezirk":"Scheibbs","power_kw":250,"commissioned":"1996"}}]}