{"type":"FeatureCollection","features":[{"type":"Feature","geometry":{"type":"Point","coordinates":[15.039471,48.985751]},"properties":{"w":0.2786}},{"type":"Feature","geometry":{"type":"Point","coordinates":[15.286407,48.984371]},"properties":{"w":0.6227}},{"type":"Feature","geometry":{"type":"Point","coordinates":[15.12747,48.972945]},"properties":{"w":0.3029}},{"type":"Feature","geometry":{"type":"Point","coordinates":[15.027894,48.970835]},"properties":{"w":0.3056}},{"type":"Feature","geometry":{"type":"Point","coordinates":[15.271563,48.966068]},"properties":{"w":0.371}},{"type":"Feature","geometry":{"type":"Point","coordinates":[15.372132,48.970933]},"properties":{"w":0.6311}},{"type":"Feature","geometry":{"type":"Point","coordinates":[15.000896,48.967573]},"properties":{"w":0.362}},{"type":"Feature","geometry":{"type":"Point","coordinates":[15.003397,48.988944]},"properties":{"w":0.7889}},{"type":"Feature","geometry":{"type":"Point","coordinates":[15.217315,48.953729]},"properties":{"w":0.5819}},{"type":"Feature","geometry":{"type":"Point","coordinates":[15.476998,48.9445]},"properties":{"w":0.353}},{"type":"Feature","geometry":{"type":"Point","coordinates":[15.329397,48.946526]},"properties":{"w":0.318}},{"type":"Feature","geometry":{"type":"Point","coordinates":[15.463246,48.945742]},"properties":{"w":0.4976}},{"type":"Feature","geometry":{"type":"Point","coordinates":[15.412874,48.947548]},"properties":{"w":0.6385}},{"type":"Feature","geometry":{"type":"Point","coordinates":[15.323204,48.93877]},"properties":{"w":0.3607}},{"type":"Feature","geometry":{"type":"Point","coordinates":[15.105565,48.941055]},"properties":{"w":0.3526}},{"type":"Feature","geometry":{"type":"Point","coordinates":[15.092458,48.932237]},"properties":{"w":0.3342}},{"type":"Feature","geometry":{"type":"Point","coordinates":[15.448013,48.92676]},"properties":{"w":0.5246}},{"type":"Feature","geometry":{"type":"Point","coordinates":[15.3897,48.923712]},"properties":{"w":0.5728}},{"type":"Feature","geometry":{"type":"Point","coordinates":[15.503689,48.913746]},"properties":{"w":0.5395}},{"type":"Feature","geometry":{"type":"Point","coordinates":[15.059453,48.917617]},"properties":{"w":0.4865}},{"type":"Feature","geometry":{"type":"Point","coordinates":[15.435591,48.914677]},"properties":{"w":0.5089}},{"type":"Feature","geometry":{"type":"Point","coordinates":[15.554497,48.904196]},"properties":{"w":0.3487}},{"type":"Feature","geometry":{"type":"Point","coordinates":[15.503053,48.903571]},"properties":{"w":0.5146}},{"type":"Feature","geometry":{"type":"Point","coordinates":[14.999575,48.926029]},"properties":{"w":0.7663}},{"type":"Feature","geometry":{"type":"Point","coordinates":[15.11943,48.897255]},"properties":{"w":0.4503}},{"type":"Feature","geometry":{"type":"Point","coordinates":[15.467461,48.891196]},"properties":{"w":0.5627}},{"type":"Feature","geometry":{"type":"Point","coordinates":[15.587517,48.883095]},"properties":{"w":0.4521}},{"type":"Feature","geometry":{"type":"Point","coordinates":[15.647736,48.880137]},"properties":{"w":0.543}},{"type":"Feature","geometry":{"type":"Point","coordinates":[15.335774,48.884932]},"properties":{"w":0.3829}},{"type":"Feature","geometry":{"type":"Point","coordinates":[15.543756,48.874741]},"properties":{"w":0.3646}},{"type":"Feature","geometry":{"type":"Point","coordinates":[15.778805,48.871351]},"properties":{"w":0.3321}},{"type":"Feature","geometry":{"type":"Point","coordinates":[15.533871,48.872127]},"properties":{"w":0.3374}},{"type":"Feature","geometry":{"type":"Point","coordinates":[15.168181,48.878299]},"properties":{"w":0.5616}},{"type":"Feature","geometry":{"type":"Point","coordinates":[15.491264,48.873486]},"properties":{"w":0.5777}},{"type":"Feature","geometry":{"type":"Point","coordinates":[15.340029,48.868405]},"properties":{"w":0.7106}},{"type":"Feature","geometry":{"type":"Point","coordinates":[15.709579,48.854633]},"properties":{"w":0.5993}},{"type":"Feature","geometry":{"type":"Point","coordinates":[15.740409,48.85221]},"properties":{"w":0.4847}},{"type":"Feature","geometry":{"type":"Point","coordinates":[15.688479,48.853456]},"properties":{"w":0.556}},{"type":"Feature","geometry":{"type":"Point","coordinates":[15.530571,48.850295]},"properties":{"w":0.4298}},{"type":"Feature","geometry":{"type":"Point","coordinates":[15.076403,48.857851]},"properties":{"w":0.6171}},{"type":"Feature","geometry":{"type":"Point","coordinates":[14.990057,48.878677]},"properties":{"w":0.6875}},{"type":"Feature","geometry":{"type":"Point","coordinates":[15.054732,48.860688]},"properties":{"w":0.6103}},{"type":"Feature","geometry":{"type":"Point","coordinates":[15.330433,48.851757]},"properties":{"w":0.6115}},{"type":"Feature","geometry":{"type":"Point","coordinates":[15.240594,48.846478]},"properties":{"w":0.4088}},{"type":"Feature","geometry":{"type":"Point","coordinates":[15.681372,48.839247]},"properties":{"w":0.4675}},{"type":"Feature","geometry":{"type":"Point","coordinates":[15.407398,48.847165]},"properties":{"w":0.5606}},{"type":"Feature","geometry":{"type":"Point","coordinates":[15.582131,48.832102]},"properties":{"w":0.3432}},{"type":"Feature","geometry":{"type":"Point","coordinates":[15.02156,48.841018]},"properties":{"w":0.4139}},{"type":"Feature","geometry":{"type":"Point","coordinates":[15.846713,48.822651]},"properties":{"w":0.4678}},{"type":"Feature","geometry":{"type":"Point","coordinates":[15.651463,48.835103]},"properties":{"w":0.633}},{"type":"Feature","geometry":{"type":"Point","coordinates":[15.783271,48.825066]},"properties":{"w":0.7403}},{"type":"Feature","geometry":{"type":"Point","coordinates":[15.695437,48.816252]},"properties":{"w":0.4854}},{"type":"Feature","geometry":{"type":"Point","coordinates":[15.932837,48.807368]},"properties":{"w":0.4569}},{"type":"Feature","geometry":{"type":"Point","coordinates":[15.759115,48.823518]},"properties":{"w":0.6873}},{"type":"Feature","geometry":{"type":"Point","coordinates":[15.870337,48.810022]},"properties":{"w":0.5865}},{"type":"Feature","geometry":{"type":"Point","coordinates":[15.200799,48.810521]},"properties":{"w":0.4099}},{"type":"Feature","geometry":{"type":"Point","coordinates":[15.07972,48.814376]},"properties":{"w":0.5712}},{"type":"Feature","geometry":{"type":"Point","coordinates":[15.370264,48.819065]},"properties":{"w":0.7352}},{"type":"Feature","geometry":{"type":"Point","coordinates":[14.982732,48.810908]},"properties":{"w":0.4051}},{"type":"Feature","geometry":{"type":"Point","coordinates":[16.657037,48.778385]},"properties":{"w":0.5468}},{"type":"Feature","geometry":{"type":"Point","coordinates":[15.710063,48.806081]},"properties":{"w":0.6805}},{"type":"Feature","geometry":{"type":"Point","coordinates":[15.773456,48.79857]},"properties":{"w":0.5903}},{"type":"Feature","geometry":{"type":"Point","coordinates":[15.864811,48.795414]},"properties":{"w":0.5273}},{"type":"Feature","geometry":{"type":"Point","coordinates":[15.646636,48.8016]},"properties":{"w":0.5023}},{"type":"Feature","geometry":{"type":"Point","coordinates":[16.598012,48.775978]},"properties":{"w":0.566}},{"type":"Feature","geometry":{"type":"Point","coordinates":[15.63286,48.797673]},"properties":{"w":0.534}},{"type":"Feature","geometry":{"type":"Point","coordinates":[15.935673,48.792933]},"properties":{"w":0.6983}},{"type":"Feature","geometry":{"type":"Point","coordinates":[15.223472,48.803619]},"properties":{"w":0.6166}},{"type":"Feature","geometry":{"type":"Point","coordinates":[15.616955,48.788997]},"properties":{"w":0.3924}},{"type":"Feature","geometry":{"type":"Point","coordinates":[16.536159,48.788492]},"properties":{"w":0.8842}},{"type":"Feature","geometry":{"type":"Point","coordinates":[15.1465,48.797006]},"properties":{"w":0.4424}},{"type":"Feature","geometry":{"type":"Point","coordinates":[15.522302,48.793653]},"properties":{"w":0.4815}},{"type":"Feature","geometry":{"type":"Point","coordinates":[15.843866,48.784228]},"properties":{"w":0.521}},{"type":"Feature","geometry":{"type":"Point","coordinates":[15.775131,48.78772]},"properties":{"w":0.5689}},{"type":"Feature","geometry":{"type":"Point","coordinates":[15.842328,48.775126]},"properties":{"w":0.3866}},{"type":"Feature","geometry":{"type":"Point","coordinates":[15.012709,48.800192]},"properties":{"w":0.5696}},{"type":"Feature","geometry":{"type":"Point","coordinates":[16.621393,48.770999]},"properties":{"w":0.6663}},{"type":"Feature","geometry":{"type":"Point","coordinates":[15.737724,48.780643]},"properties":{"w":0.584}},{"type":"Feature","geometry":{"type":"Point","coordinates":[15.515409,48.782681]},"properties":{"w":0.4675}},{"type":"Feature","geometry":{"type":"Point","coordinates":[15.460525,48.782093]},"properties":{"w":0.6009}},{"type":"Feature","geometry":{"type":"Point","coordinates":[15.842411,48.768269]},"properties":{"w":0.5031}},{"type":"Feature","geometry":{"type":"Point","coordinates":[15.733341,48.769197]},"properties":{"w":0.426}},{"type":"Feature","geometry":{"type":"Point","coordinates":[15.818272,48.764166]},"properties":{"w":0.3029}},{"type":"Feature","geometry":{"type":"Point","coordinates":[14.839282,48.781163]},"properties":{"w":0.3607}},{"type":"Feature","geometry":{"type":"Point","coordinates":[15.888937,48.764953]},"properties":{"w":0.5731}},{"type":"Feature","geometry":{"type":"Point","coordinates":[15.591354,48.777945]},"properties":{"w":0.6614}},{"type":"Feature","geometry":{"type":"Point","coordinates":[16.456251,48.770117]},"properties":{"w":0.8752}},{"type":"Feature","geometry":{"type":"Point","coordinates":[16.036711,48.760777]},"properties":{"w":0.6164}},{"type":"Feature","geometry":{"type":"Point","coordinates":[15.544543,48.761218]},"properties":{"w":0.4378}},{"type":"Feature","geometry":{"type":"Point","coordinates":[15.593604,48.759078]},"properties":{"w":0.3707}},{"type":"Feature","geometry":{"type":"Point","coordinates":[15.366826,48.773011]},"properties":{"w":0.6896}},{"type":"Feature","geometry":{"type":"Point","coordinates":[15.913745,48.760433]},"properties":{"w":0.5117}},{"type":"Feature","geometry":{"type":"Point","coordinates":[15.870295,48.756591]},"properties":{"w":0.5987}},{"type":"Feature","geometry":{"type":"Point","coordinates":[16.082703,48.747222]},"properties":{"w":0.337}},{"type":"Feature","geometry":{"type":"Point","coordinates":[15.496797,48.756494]},"properties":{"w":0.3024}},{"type":"Feature","geometry":{"type":"Point","coordinates":[15.233001,48.763941]},"properties":{"w":0.4804}},{"type":"Feature","geometry":{"type":"Point","coordinates":[15.785207,48.750736]},"properties":{"w":0.5401}},{"type":"Feature","geometry":{"type":"Point","coordinates":[16.053527,48.741193]},"properties":{"w":0.3304}},{"type":"Feature","geometry":{"type":"Point","coordinates":[15.42734,48.754941]},"properties":{"w":0.4502}},{"type":"Feature","geometry":{"type":"Point","coordinates":[14.915326,48.764529]},"properties":{"w":0.5918}},{"type":"Feature","geometry":{"type":"Point","coordinates":[16.13688,48.739437]},"properties":{"w":0.6289}},{"type":"Feature","geometry":{"type":"Point","coordinates":[14.900431,48.759262]},"properties":{"w":0.4837}},{"type":"Feature","geometry":{"type":"Point","coordinates":[16.183136,48.739428]},"properties":{"w":0.665}},{"type":"Feature","geometry":{"type":"Point","coordinates":[15.584794,48.74846]},"properties":{"w":0.5056}},{"type":"Feature","geometry":{"type":"Point","coordinates":[16.550806,48.735251]},"properties":{"w":0.7489}},{"type":"Feature","geometry":{"type":"Point","coordinates":[16.45288,48.734456]},"properties":{"w":0.8083}},{"type":"Feature","geometry":{"type":"Point","coordinates":[15.920543,48.733663]},"properties":{"w":0.3831}},{"type":"Feature","geometry":{"type":"Point","coordinates":[16.668188,48.725953]},"properties":{"w":0.6561}},{"type":"Feature","geometry":{"type":"Point","coordinates":[15.360777,48.745377]},"properties":{"w":0.4037}},{"type":"Feature","geometry":{"type":"Point","coordinates":[15.930051,48.731091]},"properties":{"w":0.2905}},{"type":"Feature","geometry":{"type":"Point","coordinates":[15.845854,48.738676]},"properties":{"w":0.5763}},{"type":"Feature","geometry":{"type":"Point","coordinates":[16.214486,48.732309]},"properties":{"w":0.6997}},{"type":"Feature","geometry":{"type":"Point","coordinates":[16.088535,48.735206]},"properties":{"w":0.678}},{"type":"Feature","geometry":{"type":"Point","coordinates":[16.298677,48.731485]},"properties":{"w":0.8244}},{"type":"Feature","geometry":{"type":"Point","coordinates":[16.798355,48.708508]},"properties":{"w":0.3198}},{"type":"Feature","geometry":{"type":"Point","coordinates":[16.853235,48.708993]},"properties":{"w":0.5897}},{"type":"Feature","geometry":{"type":"Point","coordinates":[16.753688,48.716336]},"properties":{"w":0.6565}},{"type":"Feature","geometry":{"type":"Point","coordinates":[16.645337,48.729152]},"properties":{"w":0.6109}},{"type":"Feature","geometry":{"type":"Point","coordinates":[16.683973,48.717202]},"properties":{"w":0.6595}},{"type":"Feature","geometry":{"type":"Point","coordinates":[16.554996,48.708957]},"properties":{"w":0.4069}},{"type":"Feature","geometry":{"type":"Point","coordinates":[16.442295,48.714432]},"properties":{"w":0.6044}},{"type":"Feature","geometry":{"type":"Point","coordinates":[16.151584,48.727073]},"properties":{"w":0.5947}},{"type":"Feature","geometry":{"type":"Point","coordinates":[15.828166,48.723552]},"properties":{"w":0.3304}},{"type":"Feature","geometry":{"type":"Point","coordinates":[16.338824,48.714311]},"properties":{"w":0.5973}},{"type":"Feature","geometry":{"type":"Point","coordinates":[15.982221,48.723478]},"properties":{"w":0.636}},{"type":"Feature","geometry":{"type":"Point","coordinates":[16.534021,48.702455]},"properties":{"w":0.3198}},{"type":"Feature","geometry":{"type":"Point","coordinates":[16.656741,48.70089]},"properties":{"w":0.3754}},{"type":"Feature","geometry":{"type":"Point","coordinates":[15.773036,48.723313]},"properties":{"w":0.4403}},{"type":"Feature","geometry":{"type":"Point","coordinates":[15.191636,48.730448]},"properties":{"w":0.3081}},{"type":"Feature","geometry":{"type":"Point","coordinates":[16.268422,48.71144]},"properties":{"w":0.5908}},{"type":"Feature","geometry":{"type":"Point","coordinates":[15.883856,48.720075]},"properties":{"w":0.54}},{"type":"Feature","geometry":{"type":"Point","coordinates":[15.583369,48.731338]},"properties":{"w":0.5695}},{"type":"Feature","geometry":{"type":"Point","coordinates":[15.70122,48.733398]},"properties":{"w":0.6877}},{"type":"Feature","geometry":{"type":"Point","coordinates":[14.984697,48.736989]},"properties":{"w":0.5632}},{"type":"Feature","geometry":{"type":"Point","coordinates":[16.215962,48.715244]},"properties":{"w":0.565}},{"type":"Feature","geometry":{"type":"Point","coordinates":[15.953025,48.718225]},"properties":{"w":0.6608}},{"type":"Feature","geometry":{"type":"Point","coordinates":[15.65415,48.720864]},"properties":{"w":0.4898}},{"type":"Feature","geometry":{"type":"Point","coordinates":[15.061544,48.725552]},"properties":{"w":0.3317}},{"type":"Feature","geometry":{"type":"Point","coordinates":[15.803103,48.715444]},"properties":{"w":0.6196}},{"type":"Feature","geometry":{"type":"Point","coordinates":[14.936431,48.729621]},"properties":{"w":0.5271}},{"type":"Feature","geometry":{"type":"Point","coordinates":[15.306127,48.724406]},"properties":{"w":0.4838}},{"type":"Feature","geometry":{"type":"Point","coordinates":[15.135257,48.724134]},"properties":{"w":0.5836}},{"type":"Feature","geometry":{"type":"Point","coordinates":[16.505615,48.691543]},"properties":{"w":0.4044}},{"type":"Feature","geometry":{"type":"Point","coordinates":[15.3761,48.716933]},"properties":{"w":0.3731}},{"type":"Feature","geometry":{"type":"Point","coordinates":[16.48112,48.691122]},"properties":{"w":0.4035}},{"type":"Feature","geometry":{"type":"Point","coordinates":[15.63753,48.717071]},"properties":{"w":0.5716}},{"type":"Feature","geometry":{"type":"Point","coordinates":[15.445329,48.730039]},"properties":{"w":0.8193}},{"type":"Feature","geometry":{"type":"Point","coordinates":[15.422823,48.710708]},"properties":{"w":0.3627}},{"type":"Feature","geometry":{"type":"Point","coordinates":[16.394346,48.69525]},"properties":{"w":0.6711}},{"type":"Feature","geometry":{"type":"Point","coordinates":[16.6477,48.688359]},"properties":{"w":0.6248}},{"type":"Feature","geometry":{"type":"Point","coordinates":[16.519181,48.694443]},"properties":{"w":0.6438}},{"type":"Feature","geometry":{"type":"Point","coordinates":[15.290265,48.711772]},"properties":{"w":0.378}},{"type":"Feature","geometry":{"type":"Point","coordinates":[16.606868,48.694231]},"properties":{"w":0.8224}},{"type":"Feature","geometry":{"type":"Point","coordinates":[16.815285,48.683232]},"properties":{"w":0.6953}},{"type":"Feature","geometry":{"type":"Point","coordinates":[15.61859,48.707584]},"properties":{"w":0.6064}},{"type":"Feature","geometry":{"type":"Point","coordinates":[14.817313,48.72885]},"properties":{"w":0.6921}},{"type":"Feature","geometry":{"type":"Point","coordinates":[16.177161,48.690888]},"properties":{"w":0.5247}},{"type":"Feature","geometry":{"type":"Point","coordinates":[15.700455,48.700793]},"properties":{"w":0.4957}},{"type":"Feature","geometry":{"type":"Point","coordinates":[16.432488,48.694155]},"properties":{"w":0.7672}},{"type":"Feature","geometry":{"type":"Point","coordinates":[16.12904,48.69082]},"properties":{"w":0.426}},{"type":"Feature","geometry":{"type":"Point","coordinates":[15.769091,48.704298]},"properties":{"w":0.668}},{"type":"Feature","geometry":{"type":"Point","coordinates":[15.536243,48.702096]},"properties":{"w":0.3308}},{"type":"Feature","geometry":{"type":"Point","coordinates":[16.661093,48.674565]},"properties":{"w":0.4451}},{"type":"Feature","geometry":{"type":"Point","coordinates":[16.365974,48.683183]},"properties":{"w":0.539}},{"type":"Feature","geometry":{"type":"Point","coordinates":[15.375823,48.69508]},"properties":{"w":0.2945}},{"type":"Feature","geometry":{"type":"Point","coordinates":[15.781277,48.687632]},"properties":{"w":0.3876}},{"type":"Feature","geometry":{"type":"Point","coordinates":[15.43059,48.698924]},"properties":{"w":0.6268}},{"type":"Feature","geometry":{"type":"Point","coordinates":[14.959407,48.705047]},"properties":{"w":0.554}},{"type":"Feature","geometry":{"type":"Point","coordinates":[15.092076,48.702335]},"properties":{"w":0.4437}},{"type":"Feature","geometry":{"type":"Point","coordinates":[15.586402,48.710124]},"properties":{"w":0.7635}},{"type":"Feature","geometry":{"type":"Point","coordinates":[16.215096,48.686128]},"properties":{"w":0.7791}},{"type":"Feature","geometry":{"type":"Point","coordinates":[15.676495,48.69431]},"properties":{"w":0.6444}},{"type":"Feature","geometry":{"type":"Point","coordinates":[16.726788,48.682187]},"properties":{"w":0.9088}},{"type":"Feature","geometry":{"type":"Point","coordinates":[16.31778,48.689123]},"properties":{"w":0.8386}},{"type":"Feature","geometry":{"type":"Point","coordinates":[16.814922,48.660601]},"properties":{"w":0.5746}},{"type":"Feature","geometry":{"type":"Point","coordinates":[15.991794,48.678247]},"properties":{"w":0.5932}},{"type":"Feature","geometry":{"type":"Point","coordinates":[15.204489,48.690486]},"properties":{"w":0.3963}},{"type":"Feature","geometry":{"type":"Point","coordinates":[15.239649,48.690538]},"properties":{"w":0.5055}},{"type":"Feature","geometry":{"type":"Point","coordinates":[14.990452,48.703073]},"properties":{"w":0.676}},{"type":"Feature","geometry":{"type":"Point","coordinates":[16.043499,48.680534]},"properties":{"w":0.7029}},{"type":"Feature","geometry":{"type":"Point","coordinates":[15.940365,48.678026]},"properties":{"w":0.5107}},{"type":"Feature","geometry":{"type":"Point","coordinates":[16.269233,48.683769]},"properties":{"w":0.7901}},{"type":"Feature","geometry":{"type":"Point","coordinates":[16.018655,48.677894]},"properties":{"w":0.6552}},{"type":"Feature","geometry":{"type":"Point","coordinates":[16.774248,48.664232]},"properties":{"w":0.8036}},{"type":"Feature","geometry":{"type":"Point","coordinates":[16.010916,48.666371]},"properties":{"w":0.5707}},{"type":"Feature","geometry":{"type":"Point","coordinates":[16.146422,48.676245]},"properties":{"w":0.741}},{"type":"Feature","geometry":{"type":"Point","coordinates":[15.197711,48.677213]},"properties":{"w":0.3189}},{"type":"Feature","geometry":{"type":"Point","coordinates":[15.719032,48.668023]},"properties":{"w":0.5744}},{"type":"Feature","geometry":{"type":"Point","coordinates":[14.745363,48.694805]},"properties":{"w":0.6656}},{"type":"Feature","geometry":{"type":"Point","coordinates":[16.093297,48.67216]},"properties":{"w":0.8767}},{"type":"Feature","geometry":{"type":"Point","coordinates":[16.211924,48.649024]},"properties":{"w":0.6199}},{"type":"Feature","geometry":{"type":"Point","coordinates":[14.808651,48.674362]},"properties":{"w":0.4432}},{"type":"Feature","geometry":{"type":"Point","coordinates":[14.796539,48.670744]},"properties":{"w":0.4015}},{"type":"Feature","geometry":{"type":"Point","coordinates":[16.170426,48.652442]},"properties":{"w":0.7464}},{"type":"Feature","geometry":{"type":"Point","coordinates":[15.769908,48.649981]},"properties":{"w":0.3966}},{"type":"Feature","geometry":{"type":"Point","coordinates":[16.259322,48.646921]},"properties":{"w":0.5923}},{"type":"Feature","geometry":{"type":"Point","coordinates":[15.99901,48.654326]},"properties":{"w":0.7506}},{"type":"Feature","geometry":{"type":"Point","coordinates":[15.139264,48.667973]},"properties":{"w":0.5644}},{"type":"Feature","geometry":{"type":"Point","coordinates":[16.364156,48.640496]},"properties":{"w":0.6177}},{"type":"Feature","geometry":{"type":"Point","coordinates":[16.782417,48.630441]},"properties":{"w":0.6591}},{"type":"Feature","geometry":{"type":"Point","coordinates":[16.401099,48.634532]},"properties":{"w":0.6546}},{"type":"Feature","geometry":{"type":"Point","coordinates":[16.340971,48.632607]},"properties":{"w":0.5593}},{"type":"Feature","geometry":{"type":"Point","coordinates":[16.699196,48.619544]},"properties":{"w":0.4752}},{"type":"Feature","geometry":{"type":"Point","coordinates":[15.757594,48.642932]},"properties":{"w":0.5612}},{"type":"Feature","geometry":{"type":"Point","coordinates":[16.024943,48.638885]},"properties":{"w":0.4842}},{"type":"Feature","geometry":{"type":"Point","coordinates":[16.871411,48.615691]},"properties":{"w":0.5885}},{"type":"Feature","geometry":{"type":"Point","coordinates":[16.68899,48.629363]},"properties":{"w":0.6738}},{"type":"Feature","geometry":{"type":"Point","coordinates":[16.550844,48.640775]},"properties":{"w":0.7944}},{"type":"Feature","geometry":{"type":"Point","coordinates":[15.956787,48.631317]},"properties":{"w":0.3243}},{"type":"Feature","geometry":{"type":"Point","coordinates":[16.666393,48.622822]},"properties":{"w":0.6781}},{"type":"Feature","geometry":{"type":"Point","coordinates":[16.856922,48.60468]},"properties":{"w":0.6668}},{"type":"Feature","geometry":{"type":"Point","coordinates":[15.752407,48.631502]},"properties":{"w":0.5436}},{"type":"Feature","geometry":{"type":"Point","coordinates":[15.963378,48.622665]},"properties":{"w":0.4715}},{"type":"Feature","geometry":{"type":"Point","coordinates":[16.173669,48.61562]},"properties":{"w":0.4265}},{"type":"Feature","geometry":{"type":"Point","coordinates":[16.876867,48.594178]},"properties":{"w":0.4773}},{"type":"Feature","geometry":{"type":"Point","coordinates":[16.494314,48.616491]},"properties":{"w":0.6995}},{"type":"Feature","geometry":{"type":"Point","coordinates":[16.624151,48.615838]},"properties":{"w":0.7304}},{"type":"Feature","geometry":{"type":"Point","coordinates":[16.249535,48.610237]},"properties":{"w":0.4853}},{"type":"Feature","geometry":{"type":"Point","coordinates":[16.584052,48.629429]},"properties":{"w":0.8421}},{"type":"Feature","geometry":{"type":"Point","coordinates":[15.734265,48.63092]},"properties":{"w":0.6286}},{"type":"Feature","geometry":{"type":"Point","coordinates":[15.786803,48.616812]},"properties":{"w":0.4562}},{"type":"Feature","geometry":{"type":"Point","coordinates":[16.763816,48.592269]},"properties":{"w":0.3807}},{"type":"Feature","geometry":{"type":"Point","coordinates":[16.120768,48.610254]},"properties":{"w":0.3742}},{"type":"Feature","geometry":{"type":"Point","coordinates":[16.37208,48.604182]},"properties":{"w":0.5798}},{"type":"Feature","geometry":{"type":"Point","coordinates":[16.216153,48.603206]},"properties":{"w":0.3665}},{"type":"Feature","geometry":{"type":"Point","coordinates":[16.116261,48.602863]},"properties":{"w":0.4163}},{"type":"Feature","geometry":{"type":"Point","coordinates":[15.32462,48.616812]},"properties":{"w":0.3235}},{"type":"Feature","geometry":{"type":"Point","coordinates":[15.093777,48.630334]},"properties":{"w":0.4642}},{"type":"Feature","geometry":{"type":"Point","coordinates":[16.132082,48.602645]},"properties":{"w":0.3768}},{"type":"Feature","geometry":{"type":"Point","coordinates":[14.487542,48.630854]},"properties":{"w":0.4105}},{"type":"Feature","geometry":{"type":"Point","coordinates":[15.357859,48.613584]},"properties":{"w":0.3007}},{"type":"Feature","geometry":{"type":"Point","coordinates":[16.859696,48.586199]},"properties":{"w":0.6823}},{"type":"Feature","geometry":{"type":"Point","coordinates":[16.126754,48.598556]},"properties":{"w":0.323}},{"type":"Feature","geometry":{"type":"Point","coordinates":[15.228042,48.618518]},"properties":{"w":0.6079}},{"type":"Feature","geometry":{"type":"Point","coordinates":[16.883725,48.580874]},"properties":{"w":0.4655}},{"type":"Feature","geometry":{"type":"Point","coordinates":[16.176619,48.59515]},"properties":{"w":0.4685}},{"type":"Feature","geometry":{"type":"Point","coordinates":[16.784047,48.581198]},"properties":{"w":0.6382}},{"type":"Feature","geometry":{"type":"Point","coordinates":[16.721543,48.58087]},"properties":{"w":0.3707}},{"type":"Feature","geometry":{"type":"Point","coordinates":[16.74166,48.58712]},"properties":{"w":0.6619}},{"type":"Feature","geometry":{"type":"Point","coordinates":[16.595269,48.580835]},"properties":{"w":0.3235}},{"type":"Feature","geometry":{"type":"Point","coordinates":[16.680564,48.581054]},"properties":{"w":0.5355}},{"type":"Feature","geometry":{"type":"Point","coordinates":[16.528014,48.59056]},"properties":{"w":0.6828}},{"type":"Feature","geometry":{"type":"Point","coordinates":[16.21173,48.594052]},"properties":{"w":0.537}},{"type":"Feature","geometry":{"type":"Point","coordinates":[16.783533,48.570589]},"properties":{"w":0.4908}},{"type":"Feature","geometry":{"type":"Point","coordinates":[16.404446,48.5907]},"properties":{"w":0.6319}},{"type":"Feature","geometry":{"type":"Point","coordinates":[16.72335,48.569467]},"properties":{"w":0.4451}},{"type":"Feature","geometry":{"type":"Point","coordinates":[16.308473,48.597582]},"properties":{"w":0.903}},{"type":"Feature","geometry":{"type":"Point","coordinates":[15.235041,48.601528]},"properties":{"w":0.4368}},{"type":"Feature","geometry":{"type":"Point","coordinates":[16.751692,48.569362]},"properties":{"w":0.637}},{"type":"Feature","geometry":{"type":"Point","coordinates":[15.295365,48.61216]},"properties":{"w":0.7618}},{"type":"Feature","geometry":{"type":"Point","coordinates":[16.894481,48.564309]},"properties":{"w":0.3424}},{"type":"Feature","geometry":{"type":"Point","coordinates":[16.622867,48.566769]},"properties":{"w":0.4181}},{"type":"Feature","geometry":{"type":"Point","coordinates":[15.963921,48.583327]},"properties":{"w":0.4703}},{"type":"Feature","geometry":{"type":"Point","coordinates":[15.303467,48.591205]},"properties":{"w":0.3953}},{"type":"Feature","geometry":{"type":"Point","coordinates":[14.551709,48.601192]},"properties":{"w":0.3107}},{"type":"Feature","geometry":{"type":"Point","coordinates":[16.461962,48.563596]},"properties":{"w":0.3686}},{"type":"Feature","geometry":{"type":"Point","coordinates":[14.470139,48.599197]},"properties":{"w":0.3329}},{"type":"Feature","geometry":{"type":"Point","coordinates":[16.420809,48.56355]},"properties":{"w":0.3447}},{"type":"Feature","geometry":{"type":"Point","coordinates":[14.608225,48.601623]},"properties":{"w":0.5867}},{"type":"Feature","geometry":{"type":"Point","coordinates":[16.812929,48.566273]},"properties":{"w":0.7144}},{"type":"Feature","geometry":{"type":"Point","coordinates":[15.033564,48.591804]},"properties":{"w":0.3655}},{"type":"Feature","geometry":{"type":"Point","coordinates":[16.483066,48.565694]},"properties":{"w":0.5515}},{"type":"Feature","geometry":{"type":"Point","coordinates":[14.441592,48.597852]},"properties":{"w":0.4853}},{"type":"Feature","geometry":{"type":"Point","coordinates":[15.501164,48.578805]},"properties":{"w":0.2997}},{"type":"Feature","geometry":{"type":"Point","coordinates":[15.16244,48.585304]},"properties":{"w":0.3076}},{"type":"Feature","geometry":{"type":"Point","coordinates":[16.021838,48.58679]},"properties":{"w":0.8259}},{"type":"Feature","geometry":{"type":"Point","coordinates":[14.095318,48.595436]},"properties":{"w":0.3239}},{"type":"Feature","geometry":{"type":"Point","coordinates":[15.801402,48.57358]},"properties":{"w":0.5079}},{"type":"Feature","geometry":{"type":"Point","coordinates":[14.510857,48.594882]},"properties":{"w":0.6573}},{"type":"Feature","geometry":{"type":"Point","coordinates":[14.138465,48.593393]},"properties":{"w":0.5296}},{"type":"Feature","geometry":{"type":"Point","coordinates":[16.51098,48.561471]},"properties":{"w":0.5662}},{"type":"Feature","geometry":{"type":"Point","coordinates":[16.623408,48.552294]},"properties":{"w":0.5819}},{"type":"Feature","geometry":{"type":"Point","coordinates":[15.9547,48.564509]},"properties":{"w":0.4081}},{"type":"Feature","geometry":{"type":"Point","coordinates":[14.392525,48.588642]},"properties":{"w":0.4935}},{"type":"Feature","geometry":{"type":"Point","coordinates":[15.183982,48.574646]},"properties":{"w":0.5514}},{"type":"Feature","geometry":{"type":"Point","coordinates":[16.423486,48.548638]},"properties":{"w":0.5169}},{"type":"Feature","geometry":{"type":"Point","coordinates":[15.988791,48.556022]},"properties":{"w":0.4462}},{"type":"Feature","geometry":{"type":"Point","coordinates":[16.328596,48.561011]},"properties":{"w":0.7498}},{"type":"Feature","geometry":{"type":"Point","coordinates":[16.692766,48.551898]},"properties":{"w":0.7449}},{"type":"Feature","geometry":{"type":"Point","coordinates":[14.222725,48.580605]},"properties":{"w":0.599}},{"type":"Feature","geometry":{"type":"Point","coordinates":[16.285037,48.56133]},"properties":{"w":0.8495}},{"type":"Feature","geometry":{"type":"Point","coordinates":[16.153538,48.555959]},"properties":{"w":0.7926}},{"type":"Feature","geometry":{"type":"Point","coordinates":[15.359121,48.56023]},"properties":{"w":0.5147}},{"type":"Feature","geometry":{"type":"Point","coordinates":[14.533629,48.570651]},"properties":{"w":0.4463}},{"type":"Feature","geometry":{"type":"Point","coordinates":[16.610222,48.537196]},"properties":{"w":0.6805}},{"type":"Feature","geometry":{"type":"Point","coordinates":[14.463838,48.571307]},"properties":{"w":0.5154}},{"type":"Feature","geometry":{"type":"Point","coordinates":[15.620101,48.55116]},"properties":{"w":0.3401}},{"type":"Feature","geometry":{"type":"Point","coordinates":[15.592969,48.550041]},"properties":{"w":0.3203}},{"type":"Feature","geometry":{"type":"Point","coordinates":[14.495636,48.570651]},"properties":{"w":0.6219}},{"type":"Feature","geometry":{"type":"Point","coordinates":[15.21527,48.566877]},"properties":{"w":0.6084}},{"type":"Feature","geometry":{"type":"Point","coordinates":[14.614773,48.563798]},"properties":{"w":0.3354}},{"type":"Feature","geometry":{"type":"Point","coordinates":[15.898472,48.541878]},"properties":{"w":0.2798}},{"type":"Feature","geometry":{"type":"Point","coordinates":[15.622207,48.546024]},"properties":{"w":0.4273}},{"type":"Feature","geometry":{"type":"Point","coordinates":[16.67282,48.520794]},"properties":{"w":0.4537}},{"type":"Feature","geometry":{"type":"Point","coordinates":[14.670171,48.581246]},"properties":{"w":0.8098}},{"type":"Feature","geometry":{"type":"Point","coordinates":[16.685655,48.52477]},"properties":{"w":0.4294}},{"type":"Feature","geometry":{"type":"Point","coordinates":[16.20574,48.553866]},"properties":{"w":0.7879}},{"type":"Feature","geometry":{"type":"Point","coordinates":[14.259987,48.57167]},"properties":{"w":0.6063}},{"type":"Feature","geometry":{"type":"Point","coordinates":[16.732775,48.51673]},"properties":{"w":0.339}},{"type":"Feature","geometry":{"type":"Point","coordinates":[14.535457,48.559403]},"properties":{"w":0.304}},{"type":"Feature","geometry":{"type":"Point","coordinates":[15.953885,48.538566]},"properties":{"w":0.4467}},{"type":"Feature","geometry":{"type":"Point","coordinates":[16.654615,48.53423]},"properties":{"w":0.8145}},{"type":"Feature","geometry":{"type":"Point","coordinates":[16.59636,48.524895]},"properties":{"w":0.6063}},{"type":"Feature","geometry":{"type":"Point","coordinates":[16.320843,48.522758]},"properties":{"w":0.3558}},{"type":"Feature","geometry":{"type":"Point","coordinates":[14.269264,48.555608]},"properties":{"w":0.2997}},{"type":"Feature","geometry":{"type":"Point","coordinates":[16.238547,48.547811]},"properties":{"w":0.8121}},{"type":"Feature","geometry":{"type":"Point","coordinates":[16.569334,48.527293]},"properties":{"w":0.7587}},{"type":"Feature","geometry":{"type":"Point","coordinates":[15.64777,48.534671]},"properties":{"w":0.3698}},{"type":"Feature","geometry":{"type":"Point","coordinates":[15.733798,48.545292]},"properties":{"w":0.7519}},{"type":"Feature","geometry":{"type":"Point","coordinates":[15.138698,48.551592]},"properties":{"w":0.5708}},{"type":"Feature","geometry":{"type":"Point","coordinates":[16.524811,48.520906]},"properties":{"w":0.7095}},{"type":"Feature","geometry":{"type":"Point","coordinates":[15.115895,48.546162]},"properties":{"w":0.5062}},{"type":"Feature","geometry":{"type":"Point","coordinates":[16.828627,48.525081]},"properties":{"w":0.8961}},{"type":"Feature","geometry":{"type":"Point","coordinates":[14.282276,48.552329]},"properties":{"w":0.3239}},{"type":"Feature","geometry":{"type":"Point","coordinates":[16.499981,48.514737]},"properties":{"w":0.4185}},{"type":"Feature","geometry":{"type":"Point","coordinates":[16.18588,48.515198]},"properties":{"w":0.3428}},{"type":"Feature","geometry":{"type":"Point","coordinates":[14.768646,48.551632]},"properties":{"w":0.7228}},{"type":"Feature","geometry":{"type":"Point","coordinates":[16.000388,48.531967]},"properties":{"w":0.6734}},{"type":"Feature","geometry":{"type":"Point","coordinates":[15.821266,48.526183]},"properties":{"w":0.5623}},{"type":"Feature","geometry":{"type":"Point","coordinates":[15.334002,48.531991]},"properties":{"w":0.3686}},{"type":"Feature","geometry":{"type":"Point","coordinates":[16.703722,48.501545]},"properties":{"w":0.5744}},{"type":"Feature","geometry":{"type":"Point","coordinates":[16.033547,48.522279]},"properties":{"w":0.6011}},{"type":"Feature","geometry":{"type":"Point","coordinates":[15.885929,48.514855]},"properties":{"w":0.3919}},{"type":"Feature","geometry":{"type":"Point","coordinates":[16.843924,48.495272]},"properties":{"w":0.6103}},{"type":"Feature","geometry":{"type":"Point","coordinates":[16.710808,48.492468]},"properties":{"w":0.4357}},{"type":"Feature","geometry":{"type":"Point","coordinates":[16.864999,48.484611]},"properties":{"w":0.2957}},{"type":"Feature","geometry":{"type":"Point","coordinates":[16.769888,48.501037]},"properties":{"w":0.638}},{"type":"Feature","geometry":{"type":"Point","coordinates":[16.635106,48.497123]},"properties":{"w":0.6033}},{"type":"Feature","geometry":{"type":"Point","coordinates":[14.594582,48.528057]},"properties":{"w":0.4055}},{"type":"Feature","geometry":{"type":"Point","coordinates":[16.12285,48.52679]},"properties":{"w":0.8391}},{"type":"Feature","geometry":{"type":"Point","coordinates":[16.460415,48.506446]},"properties":{"w":0.8065}},{"type":"Feature","geometry":{"type":"Point","coordinates":[15.294158,48.516923]},"properties":{"w":0.46}},{"type":"Feature","geometry":{"type":"Point","coordinates":[16.80396,48.492199]},"properties":{"w":0.8013}},{"type":"Feature","geometry":{"type":"Point","coordinates":[15.137174,48.517412]},"properties":{"w":0.3454}},{"type":"Feature","geometry":{"type":"Point","coordinates":[16.156007,48.497461]},"properties":{"w":0.3447}},{"type":"Feature","geometry":{"type":"Point","coordinates":[15.179138,48.520105]},"properties":{"w":0.5667}},{"type":"Feature","geometry":{"type":"Point","coordinates":[16.739753,48.481949]},"properties":{"w":0.5423}},{"type":"Feature","geometry":{"type":"Point","coordinates":[14.765494,48.519719]},"properties":{"w":0.2997}},{"type":"Feature","geometry":{"type":"Point","coordinates":[16.615056,48.487674]},"properties":{"w":0.5515}},{"type":"Feature","geometry":{"type":"Point","coordinates":[15.882349,48.503025]},"properties":{"w":0.6057}},{"type":"Feature","geometry":{"type":"Point","coordinates":[15.721227,48.512829]},"properties":{"w":0.5609}},{"type":"Feature","geometry":{"type":"Point","coordinates":[14.336899,48.531616]},"properties":{"w":0.66}},{"type":"Feature","geometry":{"type":"Point","coordinates":[16.530684,48.483902]},"properties":{"w":0.354}},{"type":"Feature","geometry":{"type":"Point","coordinates":[16.66062,48.478159]},"properties":{"w":0.3643}},{"type":"Feature","geometry":{"type":"Point","coordinates":[14.749699,48.518014]},"properties":{"w":0.3554}},{"type":"Feature","geometry":{"type":"Point","coordinates":[14.845659,48.515169]},"properties":{"w":0.3961}},{"type":"Feature","geometry":{"type":"Point","coordinates":[14.909114,48.512987]},"properties":{"w":0.327}},{"type":"Feature","geometry":{"type":"Point","coordinates":[15.985676,48.492568]},"properties":{"w":0.3695}},{"type":"Feature","geometry":{"type":"Point","coordinates":[13.824834,48.523414]},"properties":{"w":0.4575}},{"type":"Feature","geometry":{"type":"Point","coordinates":[16.063426,48.49209]},"properties":{"w":0.4725}},{"type":"Feature","geometry":{"type":"Point","coordinates":[15.649817,48.499182]},"properties":{"w":0.3701}},{"type":"Feature","geometry":{"type":"Point","coordinates":[15.641015,48.495534]},"properties":{"w":0.4643}},{"type":"Feature","geometry":{"type":"Point","coordinates":[16.610736,48.471689]},"properties":{"w":0.3308}},{"type":"Feature","geometry":{"type":"Point","coordinates":[14.857665,48.506457]},"properties":{"w":0.305}},{"type":"Feature","geometry":{"type":"Point","coordinates":[15.782132,48.4889]},"properties":{"w":0.3428}},{"type":"Feature","geometry":{"type":"Point","coordinates":[16.275957,48.494147]},"properties":{"w":0.7418}},{"type":"Feature","geometry":{"type":"Point","coordinates":[16.311011,48.486862]},"properties":{"w":0.6589}},{"type":"Feature","geometry":{"type":"Point","coordinates":[16.026488,48.483003]},"properties":{"w":0.2957}},{"type":"Feature","geometry":{"type":"Point","coordinates":[15.931848,48.48998]},"properties":{"w":0.4987}},{"type":"Feature","geometry":{"type":"Point","coordinates":[14.694461,48.538039]},"properties":{"w":0.8016}},{"type":"Feature","geometry":{"type":"Point","coordinates":[15.279304,48.503459]},"properties":{"w":0.5963}},{"type":"Feature","geometry":{"type":"Point","coordinates":[14.982113,48.499147]},"properties":{"w":0.3203}},{"type":"Feature","geometry":{"type":"Point","coordinates":[15.583014,48.495032]},"properties":{"w":0.4814}},{"type":"Feature","geometry":{"type":"Point","coordinates":[14.262911,48.508279]},"properties":{"w":0.529}},{"type":"Feature","geometry":{"type":"Point","coordinates":[16.500848,48.468673]},"properties":{"w":0.4683}},{"type":"Feature","geometry":{"type":"Point","coordinates":[15.514402,48.490308]},"properties":{"w":0.3554}},{"type":"Feature","geometry":{"type":"Point","coordinates":[15.623321,48.48614]},"properties":{"w":0.492}},{"type":"Feature","geometry":{"type":"Point","coordinates":[13.683641,48.504968]},"properties":{"w":0.2868}},{"type":"Feature","geometry":{"type":"Point","coordinates":[13.669033,48.505139]},"properties":{"w":0.3731}},{"type":"Feature","geometry":{"type":"Point","coordinates":[14.925533,48.493217]},"properties":{"w":0.3175}},{"type":"Feature","geometry":{"type":"Point","coordinates":[14.337645,48.506614]},"properties":{"w":0.6022}},{"type":"Feature","geometry":{"type":"Point","coordinates":[14.747651,48.496838]},"properties":{"w":0.4897}},{"type":"Feature","geometry":{"type":"Point","coordinates":[16.792392,48.452955]},"properties":{"w":0.4497}},{"type":"Feature","geometry":{"type":"Point","coordinates":[16.549817,48.46355]},"properties":{"w":0.4453}},{"type":"Feature","geometry":{"type":"Point","coordinates":[15.565672,48.485645]},"properties":{"w":0.6178}},{"type":"Feature","geometry":{"type":"Point","coordinates":[16.770529,48.451714]},"properties":{"w":0.4349}},{"type":"Feature","geometry":{"type":"Point","coordinates":[16.424722,48.458236]},"properties":{"w":0.3329}},{"type":"Feature","geometry":{"type":"Point","coordinates":[15.249522,48.490119]},"properties":{"w":0.4942}},{"type":"Feature","geometry":{"type":"Point","coordinates":[16.243142,48.462697]},"properties":{"w":0.4243}},{"type":"Feature","geometry":{"type":"Point","coordinates":[14.758134,48.490758]},"properties":{"w":0.3704}},{"type":"Feature","geometry":{"type":"Point","coordinates":[16.186318,48.472299]},"properties":{"w":0.5807}},{"type":"Feature","geometry":{"type":"Point","coordinates":[16.470322,48.458765]},"properties":{"w":0.5732}},{"type":"Feature","geometry":{"type":"Point","coordinates":[14.687115,48.490613]},"properties":{"w":0.4732}},{"type":"Feature","geometry":{"type":"Point","coordinates":[15.197177,48.485837]},"properties":{"w":0.5498}},{"type":"Feature","geometry":{"type":"Point","coordinates":[15.535709,48.48315]},"properties":{"w":0.6452}},{"type":"Feature","geometry":{"type":"Point","coordinates":[14.37866,48.489149]},"properties":{"w":0.2856}},{"type":"Feature","geometry":{"type":"Point","coordinates":[14.870865,48.488955]},"properties":{"w":0.6179}},{"type":"Feature","geometry":{"type":"Point","coordinates":[16.233107,48.461427]},"properties":{"w":0.4232}},{"type":"Feature","geometry":{"type":"Point","coordinates":[16.067661,48.464144]},"properties":{"w":0.4042}},{"type":"Feature","geometry":{"type":"Point","coordinates":[16.016911,48.468926]},"properties":{"w":0.6158}},{"type":"Feature","geometry":{"type":"Point","coordinates":[15.840195,48.476609]},"properties":{"w":0.7026}},{"type":"Feature","geometry":{"type":"Point","coordinates":[16.333333,48.462461]},"properties":{"w":0.6239}},{"type":"Feature","geometry":{"type":"Point","coordinates":[16.562647,48.457864]},"properties":{"w":0.6423}},{"type":"Feature","geometry":{"type":"Point","coordinates":[16.445706,48.447515]},"properties":{"w":0.3719}},{"type":"Feature","geometry":{"type":"Point","coordinates":[16.696833,48.453849]},"properties":{"w":0.7913}},{"type":"Feature","geometry":{"type":"Point","coordinates":[15.918076,48.480668]},"properties":{"w":0.686}},{"type":"Feature","geometry":{"type":"Point","coordinates":[16.826972,48.441306]},"properties":{"w":0.7053}},{"type":"Feature","geometry":{"type":"Point","coordinates":[15.870935,48.460721]},"properties":{"w":0.6447}},{"type":"Feature","geometry":{"type":"Point","coordinates":[15.83822,48.459563]},"properties":{"w":0.5066}},{"type":"Feature","geometry":{"type":"Point","coordinates":[15.776845,48.471848]},"properties":{"w":0.7419}},{"type":"Feature","geometry":{"type":"Point","coordinates":[16.128533,48.464363]},"properties":{"w":0.638}},{"type":"Feature","geometry":{"type":"Point","coordinates":[15.293121,48.467533]},"properties":{"w":0.4214}},{"type":"Feature","geometry":{"type":"Point","coordinates":[16.250942,48.449221]},"properties":{"w":0.6269}},{"type":"Feature","geometry":{"type":"Point","coordinates":[15.827929,48.453554]},"properties":{"w":0.3116}},{"type":"Feature","geometry":{"type":"Point","coordinates":[16.550032,48.441437]},"properties":{"w":0.511}},{"type":"Feature","geometry":{"type":"Point","coordinates":[16.347587,48.446088]},"properties":{"w":0.6606}},{"type":"Feature","geometry":{"type":"Point","coordinates":[16.630075,48.436638]},"properties":{"w":0.5074}},{"type":"Feature","geometry":{"type":"Point","coordinates":[14.320602,48.475234]},"properties":{"w":0.2831}},{"type":"Feature","geometry":{"type":"Point","coordinates":[16.014131,48.452822]},"properties":{"w":0.4434}},{"type":"Feature","geometry":{"type":"Point","coordinates":[16.231555,48.444121]},"properties":{"w":0.4855}},{"type":"Feature","geometry":{"type":"Point","coordinates":[15.631426,48.463973]},"properties":{"w":0.6611}},{"type":"Feature","geometry":{"type":"Point","coordinates":[13.653815,48.479575]},"properties":{"w":0.3325}},{"type":"Feature","geometry":{"type":"Point","coordinates":[15.848467,48.452527]},"properties":{"w":0.5489}},{"type":"Feature","geometry":{"type":"Point","coordinates":[15.00762,48.466822]},"properties":{"w":0.4051}},{"type":"Feature","geometry":{"type":"Point","coordinates":[16.198751,48.441261]},"properties":{"w":0.4293}},{"type":"Feature","geometry":{"type":"Point","coordinates":[16.245194,48.437762]},"properties":{"w":0.3102}},{"type":"Feature","geometry":{"type":"Point","coordinates":[15.50502,48.451281]},"properties":{"w":0.3203}},{"type":"Feature","geometry":{"type":"Point","coordinates":[15.451588,48.451488]},"properties":{"w":0.3091}},{"type":"Feature","geometry":{"type":"Point","coordinates":[16.190929,48.435183]},"properties":{"w":0.3899}},{"type":"Feature","geometry":{"type":"Point","coordinates":[15.162807,48.457347]},"properties":{"w":0.529}},{"type":"Feature","geometry":{"type":"Point","coordinates":[16.235646,48.435651]},"properties":{"w":0.3861}},{"type":"Feature","geometry":{"type":"Point","coordinates":[16.062597,48.439521]},"properties":{"w":0.4755}},{"type":"Feature","geometry":{"type":"Point","coordinates":[14.882665,48.460363]},"properties":{"w":0.6022}},{"type":"Feature","geometry":{"type":"Point","coordinates":[15.960252,48.443996]},"properties":{"w":0.5938}},{"type":"Feature","geometry":{"type":"Point","coordinates":[16.536459,48.428177]},"properties":{"w":0.4925}},{"type":"Feature","geometry":{"type":"Point","coordinates":[15.934536,48.446799]},"properties":{"w":0.657}},{"type":"Feature","geometry":{"type":"Point","coordinates":[15.333276,48.447312]},"properties":{"w":0.4012}},{"type":"Feature","geometry":{"type":"Point","coordinates":[15.951805,48.434094]},"properties":{"w":0.4542}},{"type":"Feature","geometry":{"type":"Point","coordinates":[16.666827,48.431779]},"properties":{"w":0.8244}},{"type":"Feature","geometry":{"type":"Point","coordinates":[14.873399,48.450671]},"properties":{"w":0.3932}},{"type":"Feature","geometry":{"type":"Point","coordinates":[15.655482,48.447835]},"properties":{"w":0.735}},{"type":"Feature","geometry":{"type":"Point","coordinates":[16.021756,48.429713]},"properties":{"w":0.5836}},{"type":"Feature","geometry":{"type":"Point","coordinates":[16.33192,48.426688]},"properties":{"w":0.7422}},{"type":"Feature","geometry":{"type":"Point","coordinates":[16.269199,48.41642]},"properties":{"w":0.352}},{"type":"Feature","geometry":{"type":"Point","coordinates":[16.809779,48.414015]},"properties":{"w":0.6577}},{"type":"Feature","geometry":{"type":"Point","coordinates":[16.19078,48.422868]},"properties":{"w":0.3973}},{"type":"Feature","geometry":{"type":"Point","coordinates":[16.068838,48.42284]},"properties":{"w":0.4017}},{"type":"Feature","geometry":{"type":"Point","coordinates":[15.544028,48.433485]},"properties":{"w":0.4971}},{"type":"Feature","geometry":{"type":"Point","coordinates":[16.358956,48.412015]},"properties":{"w":0.3045}},{"type":"Feature","geometry":{"type":"Point","coordinates":[16.734596,48.426146]},"properties":{"w":0.8689}},{"type":"Feature","geometry":{"type":"Point","coordinates":[16.444057,48.421481]},"properties":{"w":0.6255}},{"type":"Feature","geometry":{"type":"Point","coordinates":[15.236819,48.440891]},"properties":{"w":0.5934}},{"type":"Feature","geometry":{"type":"Point","coordinates":[16.101294,48.430648]},"properties":{"w":0.7537}},{"type":"Feature","geometry":{"type":"Point","coordinates":[16.046609,48.425906]},"properties":{"w":0.7105}},{"type":"Feature","geometry":{"type":"Point","coordinates":[15.999131,48.420534]},"properties":{"w":0.5007}},{"type":"Feature","geometry":{"type":"Point","coordinates":[16.209759,48.414884]},"properties":{"w":0.5294}},{"type":"Feature","geometry":{"type":"Point","coordinates":[15.831097,48.418999]},"properties":{"w":0.304}},{"type":"Feature","geometry":{"type":"Point","coordinates":[16.760869,48.406288]},"properties":{"w":0.6213}},{"type":"Feature","geometry":{"type":"Point","coordinates":[15.79579,48.421574]},"properties":{"w":0.5269}},{"type":"Feature","geometry":{"type":"Point","coordinates":[16.130468,48.414769]},"properties":{"w":0.5955}},{"type":"Feature","geometry":{"type":"Point","coordinates":[13.729296,48.441993]},"properties":{"w":0.4307}},{"type":"Feature","geometry":{"type":"Point","coordinates":[16.636336,48.392578]},"properties":{"w":0.3137}},{"type":"Feature","geometry":{"type":"Point","coordinates":[15.466349,48.420019]},"properties":{"w":0.4634}},{"type":"Feature","geometry":{"type":"Point","coordinates":[16.350382,48.400068]},"properties":{"w":0.3826}},{"type":"Feature","geometry":{"type":"Point","coordinates":[16.778512,48.405316]},"properties":{"w":0.6732}},{"type":"Feature","geometry":{"type":"Point","coordinates":[15.92251,48.406489]},"properties":{"w":0.4698}},{"type":"Feature","geometry":{"type":"Point","coordinates":[14.331261,48.428734]},"properties":{"w":0.3257}},{"type":"Feature","geometry":{"type":"Point","coordinates":[15.944576,48.402902]},"properties":{"w":0.3107}},{"type":"Feature","geometry":{"type":"Point","coordinates":[16.334431,48.403675]},"properties":{"w":0.6966}},{"type":"Feature","geometry":{"type":"Point","coordinates":[16.706391,48.382729]},"properties":{"w":0.339}},{"type":"Feature","geometry":{"type":"Point","coordinates":[15.417311,48.414112]},"properties":{"w":0.5769}},{"type":"Feature","geometry":{"type":"Point","coordinates":[16.801064,48.375092]},"properties":{"w":0.3509}},{"type":"Feature","geometry":{"type":"Point","coordinates":[16.01601,48.391292]},"properties":{"w":0.4932}},{"type":"Feature","geometry":{"type":"Point","coordinates":[15.833572,48.392346]},"properties":{"w":0.4235}},{"type":"Feature","geometry":{"type":"Point","coordinates":[15.165416,48.419011]},"properties":{"w":0.6697}},{"type":"Feature","geometry":{"type":"Point","coordinates":[15.106121,48.406836]},"properties":{"w":0.5437}},{"type":"Feature","geometry":{"type":"Point","coordinates":[16.579204,48.405975]},"properties":{"w":0.9496}},{"type":"Feature","geometry":{"type":"Point","coordinates":[16.770509,48.374481]},"properties":{"w":0.6373}},{"type":"Feature","geometry":{"type":"Point","coordinates":[16.078576,48.384366]},"properties":{"w":0.3505}},{"type":"Feature","geometry":{"type":"Point","coordinates":[14.95766,48.406891]},"properties":{"w":0.5126}},{"type":"Feature","geometry":{"type":"Point","coordinates":[16.730987,48.365234]},"properties":{"w":0.4137}},{"type":"Feature","geometry":{"type":"Point","coordinates":[15.968222,48.382861]},"properties":{"w":0.4958}},{"type":"Feature","geometry":{"type":"Point","coordinates":[16.666359,48.363698]},"properties":{"w":0.4216}},{"type":"Feature","geometry":{"type":"Point","coordinates":[14.920411,48.416184]},"properties":{"w":0.8103}},{"type":"Feature","geometry":{"type":"Point","coordinates":[16.045696,48.38346]},"properties":{"w":0.6039}},{"type":"Feature","geometry":{"type":"Point","coordinates":[15.998733,48.381062]},"properties":{"w":0.6327}},{"type":"Feature","geometry":{"type":"Point","coordinates":[15.009846,48.413396]},"properties":{"w":0.812}},{"type":"Feature","geometry":{"type":"Point","coordinates":[16.816733,48.358813]},"properties":{"w":0.6766}},{"type":"Feature","geometry":{"type":"Point","coordinates":[16.658517,48.355486]},"properties":{"w":0.646}},{"type":"Feature","geometry":{"type":"Point","coordinates":[15.372561,48.380976]},"properties":{"w":0.3774}},{"type":"Feature","geometry":{"type":"Point","coordinates":[15.977599,48.370034]},"properties":{"w":0.6317}},{"type":"Feature","geometry":{"type":"Point","coordinates":[16.688056,48.346004]},"properties":{"w":0.4702}},{"type":"Feature","geometry":{"type":"Point","coordinates":[13.942651,48.390415]},"properties":{"w":0.3881}},{"type":"Feature","geometry":{"type":"Point","coordinates":[16.499927,48.347525]},"properties":{"w":0.3701}},{"type":"Feature","geometry":{"type":"Point","coordinates":[16.514714,48.347651]},"properties":{"w":0.3992}},{"type":"Feature","geometry":{"type":"Point","coordinates":[15.076338,48.388945]},"properties":{"w":0.8324}},{"type":"Feature","geometry":{"type":"Point","coordinates":[16.432353,48.337813]},"properties":{"w":0.4151}},{"type":"Feature","geometry":{"type":"Point","coordinates":[16.621012,48.340105]},"properties":{"w":0.7627}},{"type":"Feature","geometry":{"type":"Point","coordinates":[16.52163,48.337941]},"properties":{"w":0.4069}},{"type":"Feature","geometry":{"type":"Point","coordinates":[16.807892,48.323997]},"properties":{"w":0.4793}},{"type":"Feature","geometry":{"type":"Point","coordinates":[15.486529,48.36234]},"properties":{"w":0.702}},{"type":"Feature","geometry":{"type":"Point","coordinates":[16.829533,48.324917]},"properties":{"w":0.6147}},{"type":"Feature","geometry":{"type":"Point","coordinates":[15.125353,48.349754]},"properties":{"w":0.3146}},{"type":"Feature","geometry":{"type":"Point","coordinates":[15.452296,48.342054]},"properties":{"w":0.5071}},{"type":"Feature","geometry":{"type":"Point","coordinates":[13.718895,48.356865]},"properties":{"w":0.3444}},{"type":"Feature","geometry":{"type":"Point","coordinates":[15.58551,48.342532]},"properties":{"w":0.6388}},{"type":"Feature","geometry":{"type":"Point","coordinates":[16.555564,48.33221]},"properties":{"w":0.7894}},{"type":"Feature","geometry":{"type":"Point","coordinates":[16.465336,48.314708]},"properties":{"w":0.4935}},{"type":"Feature","geometry":{"type":"Point","coordinates":[16.732801,48.307601]},"properties":{"w":0.5465}},{"type":"Feature","geometry":{"type":"Point","coordinates":[15.533196,48.338815]},"properties":{"w":0.7346}},{"type":"Feature","geometry":{"type":"Point","coordinates":[15.931446,48.319996]},"properties":{"w":0.3812}},{"type":"Feature","geometry":{"type":"Point","coordinates":[16.774327,48.316375]},"properties":{"w":0.824}},{"type":"Feature","geometry":{"type":"Point","coordinates":[16.529427,48.309057]},"properties":{"w":0.5745}},{"type":"Feature","geometry":{"type":"Point","coordinates":[15.253576,48.324866]},"properties":{"w":0.3024}},{"type":"Feature","geometry":{"type":"Point","coordinates":[16.601648,48.295694]},"properties":{"w":0.4589}},{"type":"Feature","geometry":{"type":"Point","coordinates":[15.325971,48.326481]},"properties":{"w":0.6125}},{"type":"Feature","geometry":{"type":"Point","coordinates":[16.847969,48.28454]},"properties":{"w":0.5311}},{"type":"Feature","geometry":{"type":"Point","coordinates":[15.763666,48.320531]},"properties":{"w":0.7121}},{"type":"Feature","geometry":{"type":"Point","coordinates":[15.971463,48.307132]},"properties":{"w":0.6651}},{"type":"Feature","geometry":{"type":"Point","coordinates":[15.543061,48.320712]},"properties":{"w":0.6483}},{"type":"Feature","geometry":{"type":"Point","coordinates":[16.650597,48.285414]},"properties":{"w":0.3956}},{"type":"Feature","geometry":{"type":"Point","coordinates":[16.035934,48.304386]},"properties":{"w":0.5675}},{"type":"Feature","geometry":{"type":"Point","coordinates":[16.824271,48.276365]},"properties":{"w":0.3963}},{"type":"Feature","geometry":{"type":"Point","coordinates":[16.733932,48.279122]},"properties":{"w":0.5618}},{"type":"Feature","geometry":{"type":"Point","coordinates":[15.011166,48.309208]},"properties":{"w":0.3881}},{"type":"Feature","geometry":{"type":"Point","coordinates":[15.033511,48.353676]},"properties":{"w":0.9432}},{"type":"Feature","geometry":{"type":"Point","coordinates":[14.07214,48.314409]},"properties":{"w":0.3858}},{"type":"Feature","geometry":{"type":"Point","coordinates":[16.561884,48.274989]},"properties":{"w":0.4312}},{"type":"Feature","geometry":{"type":"Point","coordinates":[14.121527,48.313317]},"properties":{"w":0.4371}},{"type":"Feature","geometry":{"type":"Point","coordinates":[14.142261,48.312144]},"properties":{"w":0.3892}},{"type":"Feature","geometry":{"type":"Point","coordinates":[16.552662,48.273759]},"properties":{"w":0.3987}},{"type":"Feature","geometry":{"type":"Point","coordinates":[16.86242,48.264028]},"properties":{"w":0.4666}},{"type":"Feature","geometry":{"type":"Point","coordinates":[16.677958,48.279241]},"properties":{"w":0.7567}},{"type":"Feature","geometry":{"type":"Point","coordinates":[14.086482,48.312018]},"properties":{"w":0.4274}},{"type":"Feature","geometry":{"type":"Point","coordinates":[16.77525,48.267995]},"properties":{"w":0.6289}},{"type":"Feature","geometry":{"type":"Point","coordinates":[16.517343,48.270889]},"properties":{"w":0.4028}},{"type":"Feature","geometry":{"type":"Point","coordinates":[14.072798,48.310958]},"properties":{"w":0.5112}},{"type":"Feature","geometry":{"type":"Point","coordinates":[16.841825,48.258813]},"properties":{"w":0.6074}},{"type":"Feature","geometry":{"type":"Point","coordinates":[16.302781,48.27145]},"properties":{"w":0.3719}},{"type":"Feature","geometry":{"type":"Point","coordinates":[15.752663,48.283795]},"properties":{"w":0.5928}},{"type":"Feature","geometry":{"type":"Point","coordinates":[16.584304,48.264158]},"properties":{"w":0.6517}},{"type":"Feature","geometry":{"type":"Point","coordinates":[16.784558,48.253309]},"properties":{"w":0.3874}},{"type":"Feature","geometry":{"type":"Point","coordinates":[15.44357,48.284713]},"properties":{"w":0.3161}},{"type":"Feature","geometry":{"type":"Point","coordinates":[15.519637,48.293946]},"properties":{"w":0.7429}},{"type":"Feature","geometry":{"type":"Point","coordinates":[15.010914,48.297057]},"properties":{"w":0.5925}},{"type":"Feature","geometry":{"type":"Point","coordinates":[14.215406,48.300495]},"properties":{"w":0.5939}},{"type":"Feature","geometry":{"type":"Point","coordinates":[16.037643,48.264841]},"properties":{"w":0.3889}},{"type":"Feature","geometry":{"type":"Point","coordinates":[15.898473,48.266963]},"properties":{"w":0.3354}},{"type":"Feature","geometry":{"type":"Point","coordinates":[16.596509,48.251719]},"properties":{"w":0.5059}},{"type":"Feature","geometry":{"type":"Point","coordinates":[16.6701,48.253482]},"properties":{"w":0.6753}},{"type":"Feature","geometry":{"type":"Point","coordinates":[16.611261,48.2461]},"properties":{"w":0.4291}},{"type":"Feature","geometry":{"type":"Point","coordinates":[15.506394,48.27452]},"properties":{"w":0.447}},{"type":"Feature","geometry":{"type":"Point","coordinates":[16.848632,48.241621]},"properties":{"w":0.5028}},{"type":"Feature","geometry":{"type":"Point","coordinates":[16.676973,48.240023]},"properties":{"w":0.4518}},{"type":"Feature","geometry":{"type":"Point","coordinates":[16.722437,48.237206]},"properties":{"w":0.5398}},{"type":"Feature","geometry":{"type":"Point","coordinates":[15.727438,48.259038]},"properties":{"w":0.508}},{"type":"Feature","geometry":{"type":"Point","coordinates":[15.524721,48.258548]},"properties":{"w":0.4883}},{"type":"Feature","geometry":{"type":"Point","coordinates":[16.665523,48.232126]},"properties":{"w":0.4233}},{"type":"Feature","geometry":{"type":"Point","coordinates":[15.960053,48.244848]},"properties":{"w":0.3175}},{"type":"Feature","geometry":{"type":"Point","coordinates":[14.386167,48.269651]},"properties":{"w":0.4126}},{"type":"Feature","geometry":{"type":"Point","coordinates":[16.718243,48.222573]},"properties":{"w":0.4191}},{"type":"Feature","geometry":{"type":"Point","coordinates":[16.226516,48.230295]},"properties":{"w":0.2945}},{"type":"Feature","geometry":{"type":"Point","coordinates":[16.567528,48.226101]},"properties":{"w":0.4977}},{"type":"Feature","geometry":{"type":"Point","coordinates":[16.597406,48.221467]},"properties":{"w":0.7341}},{"type":"Feature","geometry":{"type":"Point","coordinates":[15.494961,48.244124]},"properties":{"w":0.6805}},{"type":"Feature","geometry":{"type":"Point","coordinates":[14.438246,48.249412]},"properties":{"w":0.2494}},{"type":"Feature","geometry":{"type":"Point","coordinates":[13.137859,48.253378]},"properties":{"w":0.3248}},{"type":"Feature","geometry":{"type":"Point","coordinates":[16.827373,48.202543]},"properties":{"w":0.4345}},{"type":"Feature","geometry":{"type":"Point","coordinates":[13.122189,48.249815]},"properties":{"w":0.2849}},{"type":"Feature","geometry":{"type":"Point","coordinates":[16.883325,48.200382]},"properties":{"w":0.6461}},{"type":"Feature","geometry":{"type":"Point","coordinates":[16.678244,48.201036]},"properties":{"w":0.6291}},{"type":"Feature","geometry":{"type":"Point","coordinates":[14.462226,48.239016]},"properties":{"w":0.5016}},{"type":"Feature","geometry":{"type":"Point","coordinates":[14.443437,48.237445]},"properties":{"w":0.608}},{"type":"Feature","geometry":{"type":"Point","coordinates":[16.604282,48.201341]},"properties":{"w":0.6083}},{"type":"Feature","geometry":{"type":"Point","coordinates":[15.090185,48.252932]},"properties":{"w":0.8493}},{"type":"Feature","geometry":{"type":"Point","coordinates":[14.66229,48.225311]},"properties":{"w":0.4293}},{"type":"Feature","geometry":{"type":"Point","coordinates":[15.720283,48.209517]},"properties":{"w":0.5158}},{"type":"Feature","geometry":{"type":"Point","coordinates":[14.685113,48.215657]},"properties":{"w":0.3949}},{"type":"Feature","geometry":{"type":"Point","coordinates":[13.214119,48.214572]},"properties":{"w":0.378}},{"type":"Feature","geometry":{"type":"Point","coordinates":[16.689219,48.176878]},"properties":{"w":0.6534}},{"type":"Feature","geometry":{"type":"Point","coordinates":[14.605523,48.208296]},"properties":{"w":0.3698}},{"type":"Feature","geometry":{"type":"Point","coordinates":[16.672798,48.164112]},"properties":{"w":0.4169}},{"type":"Feature","geometry":{"type":"Point","coordinates":[16.646123,48.168893]},"properties":{"w":0.6005}},{"type":"Feature","geometry":{"type":"Point","coordinates":[13.011111,48.210796]},"properties":{"w":0.5353}},{"type":"Feature","geometry":{"type":"Point","coordinates":[13.187379,48.211777]},"properties":{"w":0.4539}},{"type":"Feature","geometry":{"type":"Point","coordinates":[15.295281,48.18796]},"properties":{"w":0.397}},{"type":"Feature","geometry":{"type":"Point","coordinates":[14.611799,48.199819]},"properties":{"w":0.3695}},{"type":"Feature","geometry":{"type":"Point","coordinates":[14.782773,48.191141]},"properties":{"w":0.3855}},{"type":"Feature","geometry":{"type":"Point","coordinates":[15.335153,48.182085]},"properties":{"w":0.4185}},{"type":"Feature","geometry":{"type":"Point","coordinates":[13.055428,48.208798]},"properties":{"w":0.6859}},{"type":"Feature","geometry":{"type":"Point","coordinates":[16.979603,48.134912]},"properties":{"w":0.3295}},{"type":"Feature","geometry":{"type":"Point","coordinates":[15.318318,48.181158]},"properties":{"w":0.5621}},{"type":"Feature","geometry":{"type":"Point","coordinates":[15.027737,48.179285]},"properties":{"w":0.4097}},{"type":"Feature","geometry":{"type":"Point","coordinates":[12.920044,48.195991]},"properties":{"w":0.6536}},{"type":"Feature","geometry":{"type":"Point","coordinates":[14.765168,48.183558]},"properties":{"w":0.6493}},{"type":"Feature","geometry":{"type":"Point","coordinates":[14.730738,48.178271]},"properties":{"w":0.3413}},{"type":"Feature","geometry":{"type":"Point","coordinates":[16.220855,48.150866]},"properties":{"w":0.3751}},{"type":"Feature","geometry":{"type":"Point","coordinates":[14.608704,48.191738]},"properties":{"w":0.7141}},{"type":"Feature","geometry":{"type":"Point","coordinates":[17.0382,48.120233]},"properties":{"w":0.3707}},{"type":"Feature","geometry":{"type":"Point","coordinates":[14.643415,48.171114]},"properties":{"w":0.3321}},{"type":"Feature","geometry":{"type":"Point","coordinates":[14.666754,48.169888]},"properties":{"w":0.4445}},{"type":"Feature","geometry":{"type":"Point","coordinates":[14.983367,48.160568]},"properties":{"w":0.4403}},{"type":"Feature","geometry":{"type":"Point","coordinates":[13.08654,48.169173]},"properties":{"w":0.3992}},{"type":"Feature","geometry":{"type":"Point","coordinates":[12.901644,48.173649]},"properties":{"w":0.7357}},{"type":"Feature","geometry":{"type":"Point","coordinates":[14.566058,48.154413]},"properties":{"w":0.371}},{"type":"Feature","geometry":{"type":"Point","coordinates":[16.958515,48.108954]},"properties":{"w":0.5993}},{"type":"Feature","geometry":{"type":"Point","coordinates":[14.554891,48.152316]},"properties":{"w":0.2843}},{"type":"Feature","geometry":{"type":"Point","coordinates":[15.771685,48.136142]},"properties":{"w":0.4936}},{"type":"Feature","geometry":{"type":"Point","coordinates":[15.503073,48.135922]},"properties":{"w":0.3378}},{"type":"Feature","geometry":{"type":"Point","coordinates":[17.018936,48.09258]},"properties":{"w":0.3929}},{"type":"Feature","geometry":{"type":"Point","coordinates":[12.900459,48.1535]},"properties":{"w":0.5899}},{"type":"Feature","geometry":{"type":"Point","coordinates":[16.954613,48.092215]},"properties":{"w":0.532}},{"type":"Feature","geometry":{"type":"Point","coordinates":[15.721693,48.127256]},"properties":{"w":0.5826}},{"type":"Feature","geometry":{"type":"Point","coordinates":[16.332287,48.10328]},"properties":{"w":0.3257}},{"type":"Feature","geometry":{"type":"Point","coordinates":[16.900694,48.097373]},"properties":{"w":0.8021}},{"type":"Feature","geometry":{"type":"Point","coordinates":[13.178041,48.140266]},"properties":{"w":0.3623}},{"type":"Feature","geometry":{"type":"Point","coordinates":[13.606755,48.12771]},"properties":{"w":0.3774}},{"type":"Feature","geometry":{"type":"Point","coordinates":[15.796022,48.101668]},"properties":{"w":0.4776}},{"type":"Feature","geometry":{"type":"Point","coordinates":[16.728378,48.089566]},"properties":{"w":0.8674}},{"type":"Feature","geometry":{"type":"Point","coordinates":[17.034521,48.068289]},"properties":{"w":0.6598}},{"type":"Feature","geometry":{"type":"Point","coordinates":[16.931495,48.065734]},"properties":{"w":0.3768}},{"type":"Feature","geometry":{"type":"Point","coordinates":[16.923015,48.061199]},"properties":{"w":0.2825}},{"type":"Feature","geometry":{"type":"Point","coordinates":[13.18876,48.115434]},"properties":{"w":0.454}},{"type":"Feature","geometry":{"type":"Point","coordinates":[13.521792,48.113726]},"properties":{"w":0.4559}},{"type":"Feature","geometry":{"type":"Point","coordinates":[12.900328,48.114824]},"properties":{"w":0.4976}},{"type":"Feature","geometry":{"type":"Point","coordinates":[12.777315,48.117561]},"properties":{"w":0.6419}},{"type":"Feature","geometry":{"type":"Point","coordinates":[13.211256,48.110853]},"properties":{"w":0.3466}},{"type":"Feature","geometry":{"type":"Point","coordinates":[12.835833,48.112167]},"properties":{"w":0.4537}},{"type":"Feature","geometry":{"type":"Point","coordinates":[15.718983,48.087217]},"properties":{"w":0.4218}},{"type":"Feature","geometry":{"type":"Point","coordinates":[13.579932,48.111305]},"properties":{"w":0.4798}},{"type":"Feature","geometry":{"type":"Point","coordinates":[12.806746,48.115241]},"properties":{"w":0.6869}},{"type":"Feature","geometry":{"type":"Point","coordinates":[16.487156,48.07089]},"properties":{"w":0.6607}},{"type":"Feature","geometry":{"type":"Point","coordinates":[16.67569,48.059468]},"properties":{"w":0.4404}},{"type":"Feature","geometry":{"type":"Point","coordinates":[16.769991,48.054182]},"properties":{"w":0.603}},{"type":"Feature","geometry":{"type":"Point","coordinates":[16.991409,48.066397]},"properties":{"w":0.7861}},{"type":"Feature","geometry":{"type":"Point","coordinates":[15.793511,48.075182]},"properties":{"w":0.3161}},{"type":"Feature","geometry":{"type":"Point","coordinates":[16.826345,48.080425]},"properties":{"w":0.8288}},{"type":"Feature","geometry":{"type":"Point","coordinates":[17.074242,48.04062]},"properties":{"w":0.5379}},{"type":"Feature","geometry":{"type":"Point","coordinates":[14.148227,48.094396]},"properties":{"w":0.4369}},{"type":"Feature","geometry":{"type":"Point","coordinates":[16.486449,48.059207]},"properties":{"w":0.5425}},{"type":"Feature","geometry":{"type":"Point","coordinates":[15.775919,48.070218]},"properties":{"w":0.4181}},{"type":"Feature","geometry":{"type":"Point","coordinates":[12.918901,48.102888]},"properties":{"w":0.5939}},{"type":"Feature","geometry":{"type":"Point","coordinates":[16.398612,48.064576]},"properties":{"w":0.5101}},{"type":"Feature","geometry":{"type":"Point","coordinates":[13.338035,48.094836]},"properties":{"w":0.5617}},{"type":"Feature","geometry":{"type":"Point","coordinates":[16.477112,48.053729]},"properties":{"w":0.5764}},{"type":"Feature","geometry":{"type":"Point","coordinates":[16.416771,48.058421]},"properties":{"w":0.7114}},{"type":"Feature","geometry":{"type":"Point","coordinates":[17.110132,48.028062]},"properties":{"w":0.4103}},{"type":"Feature","geometry":{"type":"Point","coordinates":[16.908878,48.050135]},"properties":{"w":0.6671}},{"type":"Feature","geometry":{"type":"Point","coordinates":[16.703019,48.047558]},"properties":{"w":0.6947}},{"type":"Feature","geometry":{"type":"Point","coordinates":[16.47266,48.044052]},"properties":{"w":0.3393}},{"type":"Feature","geometry":{"type":"Point","coordinates":[16.864822,48.038871]},"properties":{"w":0.6675}},{"type":"Feature","geometry":{"type":"Point","coordinates":[16.74873,48.034614]},"properties":{"w":0.3102}},{"type":"Feature","geometry":{"type":"Point","coordinates":[16.651695,48.037426]},"properties":{"w":0.3994}},{"type":"Feature","geometry":{"type":"Point","coordinates":[17.004751,48.037314]},"properties":{"w":0.7152}},{"type":"Feature","geometry":{"type":"Point","coordinates":[16.732202,48.035466]},"properties":{"w":0.6146}},{"type":"Feature","geometry":{"type":"Point","coordinates":[16.838484,48.029047]},"properties":{"w":0.4075}},{"type":"Feature","geometry":{"type":"Point","coordinates":[16.543294,48.033527]},"properties":{"w":0.3235}},{"type":"Feature","geometry":{"type":"Point","coordinates":[16.700235,48.028448]},"properties":{"w":0.4291}},{"type":"Feature","geometry":{"type":"Point","coordinates":[16.541254,48.02898]},"properties":{"w":0.3338}},{"type":"Feature","geometry":{"type":"Point","coordinates":[16.353649,48.040633]},"properties":{"w":0.6152}},{"type":"Feature","geometry":{"type":"Point","coordinates":[14.95894,48.061135]},"properties":{"w":0.2825}},{"type":"Feature","geometry":{"type":"Point","coordinates":[12.878741,48.093356]},"properties":{"w":0.8062}},{"type":"Feature","geometry":{"type":"Point","coordinates":[16.332018,48.031687]},"properties":{"w":0.3235}},{"type":"Feature","geometry":{"type":"Point","coordinates":[16.90134,48.027036]},"properties":{"w":0.6914}},{"type":"Feature","geometry":{"type":"Point","coordinates":[16.609362,48.0223]},"properties":{"w":0.2837}},{"type":"Feature","geometry":{"type":"Point","coordinates":[17.064589,48.013744]},"properties":{"w":0.5935}},{"type":"Feature","geometry":{"type":"Point","coordinates":[15.526254,48.046288]},"properties":{"w":0.2831}},{"type":"Feature","geometry":{"type":"Point","coordinates":[14.301744,48.063663]},"properties":{"w":0.3239}},{"type":"Feature","geometry":{"type":"Point","coordinates":[15.534057,48.043921]},"properties":{"w":0.2831}},{"type":"Feature","geometry":{"type":"Point","coordinates":[16.351605,48.027537]},"properties":{"w":0.3829}},{"type":"Feature","geometry":{"type":"Point","coordinates":[16.825918,48.020404]},"properties":{"w":0.614}},{"type":"Feature","geometry":{"type":"Point","coordinates":[15.372261,48.042982]},"properties":{"w":0.3287}},{"type":"Feature","geometry":{"type":"Point","coordinates":[16.346949,48.020191]},"properties":{"w":0.5189}},{"type":"Feature","geometry":{"type":"Point","coordinates":[17.024983,48.005166]},"properties":{"w":0.7112}},{"type":"Feature","geometry":{"type":"Point","coordinates":[16.539436,48.017657]},"properties":{"w":0.7034}},{"type":"Feature","geometry":{"type":"Point","coordinates":[15.553522,48.029473]},"properties":{"w":0.3397}},{"type":"Feature","geometry":{"type":"Point","coordinates":[15.751112,48.02151]},"properties":{"w":0.3175}},{"type":"Feature","geometry":{"type":"Point","coordinates":[16.40711,48.009471]},"properties":{"w":0.6472}},{"type":"Feature","geometry":{"type":"Point","coordinates":[16.684715,48.005053]},"properties":{"w":0.63}},{"type":"Feature","geometry":{"type":"Point","coordinates":[16.319611,48.005946]},"properties":{"w":0.3597}},{"type":"Feature","geometry":{"type":"Point","coordinates":[13.430516,48.074968]},"properties":{"w":0.7563}},{"type":"Feature","geometry":{"type":"Point","coordinates":[16.370417,48.005899]},"properties":{"w":0.448}},{"type":"Feature","geometry":{"type":"Point","coordinates":[15.075155,48.032243]},"properties":{"w":0.5147}},{"type":"Feature","geometry":{"type":"Point","coordinates":[15.518568,48.019207]},"properties":{"w":0.3992}},{"type":"Feature","geometry":{"type":"Point","coordinates":[16.967078,47.990245]},"properties":{"w":0.6682}},{"type":"Feature","geometry":{"type":"Point","coordinates":[15.021984,48.023518]},"properties":{"w":0.2812}},{"type":"Feature","geometry":{"type":"Point","coordinates":[15.674145,48.012474]},"properties":{"w":0.3034}},{"type":"Feature","geometry":{"type":"Point","coordinates":[16.401381,47.99774]},"properties":{"w":0.4702}},{"type":"Feature","geometry":{"type":"Point","coordinates":[16.624984,47.999482]},"properties":{"w":0.7053}},{"type":"Feature","geometry":{"type":"Point","coordinates":[16.388894,47.994416]},"properties":{"w":0.452}},{"type":"Feature","geometry":{"type":"Point","coordinates":[15.35262,48.019113]},"properties":{"w":0.4097}},{"type":"Feature","geometry":{"type":"Point","coordinates":[15.701067,48.008953]},"properties":{"w":0.2868}},{"type":"Feature","geometry":{"type":"Point","coordinates":[13.268582,48.067848]},"properties":{"w":1.0}},{"type":"Feature","geometry":{"type":"Point","coordinates":[15.621801,48.008022]},"properties":{"w":0.3731}},{"type":"Feature","geometry":{"type":"Point","coordinates":[15.759464,48.008298]},"properties":{"w":0.4107}},{"type":"Feature","geometry":{"type":"Point","coordinates":[15.477912,48.008007]},"properties":{"w":0.2963}},{"type":"Feature","geometry":{"type":"Point","coordinates":[16.37803,47.99229]},"properties":{"w":0.4434}},{"type":"Feature","geometry":{"type":"Point","coordinates":[16.582886,47.987983]},"properties":{"w":0.5572}},{"type":"Feature","geometry":{"type":"Point","coordinates":[16.426069,47.996345]},"properties":{"w":0.6257}},{"type":"Feature","geometry":{"type":"Point","coordinates":[15.505864,48.008496]},"properties":{"w":0.5076}},{"type":"Feature","geometry":{"type":"Point","coordinates":[14.159906,48.022334]},"properties":{"w":0.3102}},{"type":"Feature","geometry":{"type":"Point","coordinates":[15.066778,48.011136]},"properties":{"w":0.2837}},{"type":"Feature","geometry":{"type":"Point","coordinates":[15.838392,48.014273]},"properties":{"w":0.6805}},{"type":"Feature","geometry":{"type":"Point","coordinates":[16.920662,47.975726]},"properties":{"w":0.7952}},{"type":"Feature","geometry":{"type":"Point","coordinates":[17.064889,47.978567]},"properties":{"w":0.8219}},{"type":"Feature","geometry":{"type":"Point","coordinates":[17.002054,47.962172]},"properties":{"w":0.3081}},{"type":"Feature","geometry":{"type":"Point","coordinates":[15.690679,47.995114]},"properties":{"w":0.4524}},{"type":"Feature","geometry":{"type":"Point","coordinates":[15.517486,47.995253]},"properties":{"w":0.294}},{"type":"Feature","geometry":{"type":"Point","coordinates":[16.367005,47.980079]},"properties":{"w":0.5004}},{"type":"Feature","geometry":{"type":"Point","coordinates":[15.281951,47.99765]},"properties":{"w":0.294}},{"type":"Feature","geometry":{"type":"Point","coordinates":[16.536187,47.977838]},"properties":{"w":0.5691}},{"type":"Feature","geometry":{"type":"Point","coordinates":[16.918698,47.959949]},"properties":{"w":0.4459}},{"type":"Feature","geometry":{"type":"Point","coordinates":[15.775913,47.988691]},"properties":{"w":0.4205}},{"type":"Feature","geometry":{"type":"Point","coordinates":[15.483185,47.992468]},"properties":{"w":0.2798}},{"type":"Feature","geometry":{"type":"Point","coordinates":[15.507369,47.998808]},"properties":{"w":0.4812}},{"type":"Feature","geometry":{"type":"Point","coordinates":[15.883632,47.990728]},"properties":{"w":0.609}},{"type":"Feature","geometry":{"type":"Point","coordinates":[15.85624,47.990977]},"properties":{"w":0.5748}},{"type":"Feature","geometry":{"type":"Point","coordinates":[15.109384,47.994869]},"properties":{"w":0.2831}},{"type":"Feature","geometry":{"type":"Point","coordinates":[16.477601,47.975059]},"properties":{"w":0.6866}},{"type":"Feature","geometry":{"type":"Point","coordinates":[16.37158,47.96883]},"properties":{"w":0.3523}},{"type":"Feature","geometry":{"type":"Point","coordinates":[13.374954,48.055516]},"properties":{"w":0.9236}},{"type":"Feature","geometry":{"type":"Point","coordinates":[16.491944,47.966429]},"properties":{"w":0.5762}},{"type":"Feature","geometry":{"type":"Point","coordinates":[15.512984,47.986326]},"properties":{"w":0.3291}},{"type":"Feature","geometry":{"type":"Point","coordinates":[16.360108,47.966158]},"properties":{"w":0.3491}},{"type":"Feature","geometry":{"type":"Point","coordinates":[16.571879,47.963767]},"properties":{"w":0.5169}},{"type":"Feature","geometry":{"type":"Point","coordinates":[16.981679,47.946838]},"properties":{"w":0.4903}},{"type":"Feature","geometry":{"type":"Point","coordinates":[15.487537,47.983335]},"properties":{"w":0.4079}},{"type":"Feature","geometry":{"type":"Point","coordinates":[14.950425,47.992081]},"properties":{"w":0.3824}},{"type":"Feature","geometry":{"type":"Point","coordinates":[16.968943,47.943133]},"properties":{"w":0.487}},{"type":"Feature","geometry":{"type":"Point","coordinates":[15.653573,47.976035]},"properties":{"w":0.3091}},{"type":"Feature","geometry":{"type":"Point","coordinates":[15.388505,47.981676]},"properties":{"w":0.3512}},{"type":"Feature","geometry":{"type":"Point","coordinates":[15.783901,47.971317]},"properties":{"w":0.3325}},{"type":"Feature","geometry":{"type":"Point","coordinates":[16.476357,47.958088]},"properties":{"w":0.5505}},{"type":"Feature","geometry":{"type":"Point","coordinates":[15.54405,47.978218]},"properties":{"w":0.4722}},{"type":"Feature","geometry":{"type":"Point","coordinates":[16.552398,47.963513]},"properties":{"w":0.6484}},{"type":"Feature","geometry":{"type":"Point","coordinates":[15.703727,47.970138]},"properties":{"w":0.4046}},{"type":"Feature","geometry":{"type":"Point","coordinates":[15.148506,47.980418]},"properties":{"w":0.3409}},{"type":"Feature","geometry":{"type":"Point","coordinates":[15.473437,47.973249]},"properties":{"w":0.2786}},{"type":"Feature","geometry":{"type":"Point","coordinates":[16.370897,47.958087]},"properties":{"w":0.409}},{"type":"Feature","geometry":{"type":"Point","coordinates":[14.914109,47.989481]},"properties":{"w":0.6478}},{"type":"Feature","geometry":{"type":"Point","coordinates":[15.764974,47.968218]},"properties":{"w":0.4071}},{"type":"Feature","geometry":{"type":"Point","coordinates":[14.458723,47.99372]},"properties":{"w":0.6907}},{"type":"Feature","geometry":{"type":"Point","coordinates":[14.666946,47.98262]},"properties":{"w":0.2887}},{"type":"Feature","geometry":{"type":"Point","coordinates":[15.891665,47.967919]},"properties":{"w":0.5014}},{"type":"Feature","geometry":{"type":"Point","coordinates":[15.458599,47.971773]},"properties":{"w":0.4722}},{"type":"Feature","geometry":{"type":"Point","coordinates":[15.444511,47.96902]},"properties":{"w":0.3421}},{"type":"Feature","geometry":{"type":"Point","coordinates":[15.855078,47.967808]},"properties":{"w":0.4479}},{"type":"Feature","geometry":{"type":"Point","coordinates":[16.054412,47.956278]},"properties":{"w":0.33}},{"type":"Feature","geometry":{"type":"Point","coordinates":[15.128967,47.977062]},"properties":{"w":0.4476}},{"type":"Feature","geometry":{"type":"Point","coordinates":[14.464364,47.979422]},"properties":{"w":0.2856}},{"type":"Feature","geometry":{"type":"Point","coordinates":[15.680221,47.962467]},"properties":{"w":0.3881}},{"type":"Feature","geometry":{"type":"Point","coordinates":[17.038587,47.928004]},"properties":{"w":0.5956}},{"type":"Feature","geometry":{"type":"Point","coordinates":[16.547337,47.942917]},"properties":{"w":0.4687}},{"type":"Feature","geometry":{"type":"Point","coordinates":[15.826023,47.95901]},"properties":{"w":0.335}},{"type":"Feature","geometry":{"type":"Point","coordinates":[16.374768,47.949366]},"properties":{"w":0.4545}},{"type":"Feature","geometry":{"type":"Point","coordinates":[16.324445,47.944419]},"properties":{"w":0.2868}},{"type":"Feature","geometry":{"type":"Point","coordinates":[15.891515,47.954534]},"properties":{"w":0.3358}},{"type":"Feature","geometry":{"type":"Point","coordinates":[15.67933,47.957969]},"properties":{"w":0.3358}},{"type":"Feature","geometry":{"type":"Point","coordinates":[17.056292,47.920522]},"properties":{"w":0.2875}},{"type":"Feature","geometry":{"type":"Point","coordinates":[16.437113,47.940194]},"properties":{"w":0.3633}},{"type":"Feature","geometry":{"type":"Point","coordinates":[15.654144,47.958969]},"properties":{"w":0.3537}},{"type":"Feature","geometry":{"type":"Point","coordinates":[14.474237,47.977594]},"properties":{"w":0.3748}},{"type":"Feature","geometry":{"type":"Point","coordinates":[15.459782,47.959641]},"properties":{"w":0.3291}},{"type":"Feature","geometry":{"type":"Point","coordinates":[16.898128,47.949255]},"properties":{"w":0.803}},{"type":"Feature","geometry":{"type":"Point","coordinates":[14.989835,47.967042]},"properties":{"w":0.3505}},{"type":"Feature","geometry":{"type":"Point","coordinates":[13.210204,47.978445]},"properties":{"w":0.4195}},{"type":"Feature","geometry":{"type":"Point","coordinates":[15.664196,47.955975]},"properties":{"w":0.3248}},{"type":"Feature","geometry":{"type":"Point","coordinates":[15.440353,47.958955]},"properties":{"w":0.3451}},{"type":"Feature","geometry":{"type":"Point","coordinates":[15.838773,47.95377]},"properties":{"w":0.3221}},{"type":"Feature","geometry":{"type":"Point","coordinates":[14.460075,47.973603]},"properties":{"w":0.4066}},{"type":"Feature","geometry":{"type":"Point","coordinates":[15.86925,47.950564]},"properties":{"w":0.2929}},{"type":"Feature","geometry":{"type":"Point","coordinates":[15.504948,47.955566]},"properties":{"w":0.3295}},{"type":"Feature","geometry":{"type":"Point","coordinates":[16.529131,47.938837]},"properties":{"w":0.6384}},{"type":"Feature","geometry":{"type":"Point","coordinates":[15.092996,47.964915]},"properties":{"w":0.5029}},{"type":"Feature","geometry":{"type":"Point","coordinates":[15.78313,47.950442]},"properties":{"w":0.3924}},{"type":"Feature","geometry":{"type":"Point","coordinates":[16.516761,47.933993]},"properties":{"w":0.5111}},{"type":"Feature","geometry":{"type":"Point","coordinates":[15.81965,47.948808]},"properties":{"w":0.3146}},{"type":"Feature","geometry":{"type":"Point","coordinates":[15.855447,47.947232]},"properties":{"w":0.3829}},{"type":"Feature","geometry":{"type":"Point","coordinates":[17.093411,47.916561]},"properties":{"w":0.4812}},{"type":"Feature","geometry":{"type":"Point","coordinates":[15.133511,47.963317]},"properties":{"w":0.4804}},{"type":"Feature","geometry":{"type":"Point","coordinates":[15.800256,47.949938]},"properties":{"w":0.4796}},{"type":"Feature","geometry":{"type":"Point","coordinates":[15.639189,47.951908]},"properties":{"w":0.5088}},{"type":"Feature","geometry":{"type":"Point","coordinates":[15.67231,47.948239]},"properties":{"w":0.3066}},{"type":"Feature","geometry":{"type":"Point","coordinates":[14.952697,47.960637]},"properties":{"w":0.3858}},{"type":"Feature","geometry":{"type":"Point","coordinates":[15.617546,47.955998]},"properties":{"w":0.5649}},{"type":"Feature","geometry":{"type":"Point","coordinates":[15.692676,47.947667]},"properties":{"w":0.3413}},{"type":"Feature","geometry":{"type":"Point","coordinates":[15.832161,47.944274]},"properties":{"w":0.3308}},{"type":"Feature","geometry":{"type":"Point","coordinates":[14.502136,47.970452]},"properties":{"w":0.5073}},{"type":"Feature","geometry":{"type":"Point","coordinates":[15.489925,47.951753]},"properties":{"w":0.385}},{"type":"Feature","geometry":{"type":"Point","coordinates":[15.898291,47.942758]},"properties":{"w":0.3354}},{"type":"Feature","geometry":{"type":"Point","coordinates":[15.927251,47.941824]},"properties":{"w":0.3636}},{"type":"Feature","geometry":{"type":"Point","coordinates":[15.654048,47.947425]},"properties":{"w":0.3547}},{"type":"Feature","geometry":{"type":"Point","coordinates":[15.437059,47.952637]},"properties":{"w":0.3824}},{"type":"Feature","geometry":{"type":"Point","coordinates":[15.886455,47.94725]},"properties":{"w":0.4291}},{"type":"Feature","geometry":{"type":"Point","coordinates":[16.044465,47.941079]},"properties":{"w":0.4803}},{"type":"Feature","geometry":{"type":"Point","coordinates":[15.662728,47.946562]},"properties":{"w":0.3728}},{"type":"Feature","geometry":{"type":"Point","coordinates":[15.772474,47.945985]},"properties":{"w":0.3184}},{"type":"Feature","geometry":{"type":"Point","coordinates":[14.988551,47.958345]},"properties":{"w":0.469}},{"type":"Feature","geometry":{"type":"Point","coordinates":[15.783192,47.942879]},"properties":{"w":0.3447}},{"type":"Feature","geometry":{"type":"Point","coordinates":[14.960575,47.957648]},"properties":{"w":0.4314}},{"type":"Feature","geometry":{"type":"Point","coordinates":[15.845878,47.939808]},"properties":{"w":0.3358}},{"type":"Feature","geometry":{"type":"Point","coordinates":[15.564022,47.943416]},"properties":{"w":0.368}},{"type":"Feature","geometry":{"type":"Point","coordinates":[16.36486,47.939331]},"properties":{"w":0.7183}},{"type":"Feature","geometry":{"type":"Point","coordinates":[15.549608,47.943523]},"properties":{"w":0.3417}},{"type":"Feature","geometry":{"type":"Point","coordinates":[16.636757,47.949695]},"properties":{"w":0.8732}},{"type":"Feature","geometry":{"type":"Point","coordinates":[13.493217,47.964363]},"properties":{"w":0.4132}},{"type":"Feature","geometry":{"type":"Point","coordinates":[15.853954,47.936722]},"properties":{"w":0.337}},{"type":"Feature","geometry":{"type":"Point","coordinates":[15.768037,47.933415]},"properties":{"w":0.2875}},{"type":"Feature","geometry":{"type":"Point","coordinates":[15.55842,47.938108]},"properties":{"w":0.3217}},{"type":"Feature","geometry":{"type":"Point","coordinates":[16.459535,47.91893]},"properties":{"w":0.363}},{"type":"Feature","geometry":{"type":"Point","coordinates":[15.543286,47.938907]},"properties":{"w":0.2786}},{"type":"Feature","geometry":{"type":"Point","coordinates":[15.968644,47.928279]},"properties":{"w":0.2945}},{"type":"Feature","geometry":{"type":"Point","coordinates":[16.95329,47.921716]},"properties":{"w":0.8678}},{"type":"Feature","geometry":{"type":"Point","coordinates":[15.734634,47.932198]},"properties":{"w":0.2887}},{"type":"Feature","geometry":{"type":"Point","coordinates":[15.666649,47.938168]},"properties":{"w":0.4419}},{"type":"Feature","geometry":{"type":"Point","coordinates":[15.799903,47.933487]},"properties":{"w":0.4543}},{"type":"Feature","geometry":{"type":"Point","coordinates":[15.642188,47.933906]},"properties":{"w":0.3982}},{"type":"Feature","geometry":{"type":"Point","coordinates":[15.75638,47.935045]},"properties":{"w":0.3358}},{"type":"Feature","geometry":{"type":"Point","coordinates":[15.21614,47.941319]},"properties":{"w":0.2887}},{"type":"Feature","geometry":{"type":"Point","coordinates":[15.162404,47.941979]},"properties":{"w":0.2849}},{"type":"Feature","geometry":{"type":"Point","coordinates":[15.713133,47.932575]},"properties":{"w":0.2911}},{"type":"Feature","geometry":{"type":"Point","coordinates":[15.552929,47.935004]},"properties":{"w":0.3516}},{"type":"Feature","geometry":{"type":"Point","coordinates":[14.20001,47.948772]},"properties":{"w":0.3061}},{"type":"Feature","geometry":{"type":"Point","coordinates":[15.208949,47.937993]},"properties":{"w":0.3018}},{"type":"Feature","geometry":{"type":"Point","coordinates":[15.538711,47.935699]},"properties":{"w":0.3745}},{"type":"Feature","geometry":{"type":"Point","coordinates":[15.165815,47.939221]},"properties":{"w":0.3405}},{"type":"Feature","geometry":{"type":"Point","coordinates":[14.525988,47.946433]},"properties":{"w":0.3126}},{"type":"Feature","geometry":{"type":"Point","coordinates":[15.711062,47.928832]},"properties":{"w":0.2786}},{"type":"Feature","geometry":{"type":"Point","coordinates":[15.005199,47.939704]},"properties":{"w":0.2798}},{"type":"Feature","geometry":{"type":"Point","coordinates":[14.546572,47.952625]},"properties":{"w":0.5928}},{"type":"Feature","geometry":{"type":"Point","coordinates":[14.514413,47.94333]},"properties":{"w":0.3345}},{"type":"Feature","geometry":{"type":"Point","coordinates":[13.132701,47.94967]},"properties":{"w":0.318}},{"type":"Feature","geometry":{"type":"Point","coordinates":[15.83741,47.927359]},"properties":{"w":0.6881}},{"type":"Feature","geometry":{"type":"Point","coordinates":[15.251798,47.935838]},"properties":{"w":0.4666}},{"type":"Feature","geometry":{"type":"Point","coordinates":[15.958081,47.916817]},"properties":{"w":0.3076}},{"type":"Feature","geometry":{"type":"Point","coordinates":[14.203672,47.942769]},"properties":{"w":0.3207}},{"type":"Feature","geometry":{"type":"Point","coordinates":[13.333786,47.947437]},"properties":{"w":0.4062}},{"type":"Feature","geometry":{"type":"Point","coordinates":[15.662587,47.924542]},"properties":{"w":0.3785}},{"type":"Feature","geometry":{"type":"Point","coordinates":[15.651813,47.92323]},"properties":{"w":0.3567}},{"type":"Feature","geometry":{"type":"Point","coordinates":[15.774413,47.918178]},"properties":{"w":0.2916}},{"type":"Feature","geometry":{"type":"Point","coordinates":[15.574584,47.937529]},"properties":{"w":0.584}},{"type":"Feature","geometry":{"type":"Point","coordinates":[13.335138,47.941876]},"properties":{"w":0.3175}},{"type":"Feature","geometry":{"type":"Point","coordinates":[14.919362,47.931935]},"properties":{"w":0.3325}},{"type":"Feature","geometry":{"type":"Point","coordinates":[14.723767,47.934205]},"properties":{"w":0.2969}},{"type":"Feature","geometry":{"type":"Point","coordinates":[15.731311,47.917565]},"properties":{"w":0.3358}},{"type":"Feature","geometry":{"type":"Point","coordinates":[15.873183,47.919016]},"properties":{"w":0.5786}},{"type":"Feature","geometry":{"type":"Point","coordinates":[15.220331,47.928712]},"properties":{"w":0.5587}},{"type":"Feature","geometry":{"type":"Point","coordinates":[14.734304,47.9324]},"properties":{"w":0.4017}},{"type":"Feature","geometry":{"type":"Point","coordinates":[15.823839,47.914008]},"properties":{"w":0.3526}},{"type":"Feature","geometry":{"type":"Point","coordinates":[15.832496,47.914135]},"properties":{"w":0.3564}},{"type":"Feature","geometry":{"type":"Point","coordinates":[15.514034,47.915162]},"properties":{"w":0.2786}},{"type":"Feature","geometry":{"type":"Point","coordinates":[15.881765,47.910134]},"properties":{"w":0.3417}},{"type":"Feature","geometry":{"type":"Point","coordinates":[15.728284,47.911309]},"properties":{"w":0.3291}},{"type":"Feature","geometry":{"type":"Point","coordinates":[14.560435,47.931022]},"properties":{"w":0.3896}},{"type":"Feature","geometry":{"type":"Point","coordinates":[14.718322,47.926326]},"properties":{"w":0.3261}},{"type":"Feature","geometry":{"type":"Point","coordinates":[15.418313,47.926437]},"properties":{"w":0.6378}},{"type":"Feature","geometry":{"type":"Point","coordinates":[15.717359,47.907691]},"properties":{"w":0.2875}},{"type":"Feature","geometry":{"type":"Point","coordinates":[15.6985,47.910021]},"properties":{"w":0.3879}},{"type":"Feature","geometry":{"type":"Point","coordinates":[14.87476,47.925401]},"properties":{"w":0.4493}},{"type":"Feature","geometry":{"type":"Point","coordinates":[15.805535,47.910724]},"properties":{"w":0.5844}},{"type":"Feature","geometry":{"type":"Point","coordinates":[15.333783,47.922016]},"properties":{"w":0.4229}},{"type":"Feature","geometry":{"type":"Point","coordinates":[15.840298,47.91005]},"properties":{"w":0.3594}},{"type":"Feature","geometry":{"type":"Point","coordinates":[15.849884,47.90967]},"properties":{"w":0.476}},{"type":"Feature","geometry":{"type":"Point","coordinates":[13.378605,47.939298]},"properties":{"w":0.5392}},{"type":"Feature","geometry":{"type":"Point","coordinates":[15.648921,47.908641]},"properties":{"w":0.3564}},{"type":"Feature","geometry":{"type":"Point","coordinates":[15.812623,47.904612]},"properties":{"w":0.2887}},{"type":"Feature","geometry":{"type":"Point","coordinates":[13.436368,47.93413]},"properties":{"w":0.4499}},{"type":"Feature","geometry":{"type":"Point","coordinates":[15.50813,47.909859]},"properties":{"w":0.3432}},{"type":"Feature","geometry":{"type":"Point","coordinates":[15.869827,47.907301]},"properties":{"w":0.4256}},{"type":"Feature","geometry":{"type":"Point","coordinates":[13.920369,47.926902]},"properties":{"w":0.3358}},{"type":"Feature","geometry":{"type":"Point","coordinates":[13.653191,47.932009]},"properties":{"w":0.5268}},{"type":"Feature","geometry":{"type":"Point","coordinates":[15.526443,47.907536]},"properties":{"w":0.3071}},{"type":"Feature","geometry":{"type":"Point","coordinates":[14.303953,47.922953]},"properties":{"w":0.3184}},{"type":"Feature","geometry":{"type":"Point","coordinates":[17.044112,47.899662]},"properties":{"w":0.8977}},{"type":"Feature","geometry":{"type":"Point","coordinates":[14.969871,47.915067]},"properties":{"w":0.2997}},{"type":"Feature","geometry":{"type":"Point","coordinates":[14.876766,47.914982]},"properties":{"w":0.2831}},{"type":"Feature","geometry":{"type":"Point","coordinates":[14.290982,47.920503]},"properties":{"w":0.3417}},{"type":"Feature","geometry":{"type":"Point","coordinates":[15.646649,47.903272]},"properties":{"w":0.3985}},{"type":"Feature","geometry":{"type":"Point","coordinates":[14.909615,47.914211]},"properties":{"w":0.335}},{"type":"Feature","geometry":{"type":"Point","coordinates":[13.70431,47.927767]},"properties":{"w":0.4868}},{"type":"Feature","geometry":{"type":"Point","coordinates":[14.789121,47.918678]},"properties":{"w":0.376}},{"type":"Feature","geometry":{"type":"Point","coordinates":[15.540488,47.90224]},"properties":{"w":0.3221}},{"type":"Feature","geometry":{"type":"Point","coordinates":[12.995397,47.920642]},"properties":{"w":0.3161}},{"type":"Feature","geometry":{"type":"Point","coordinates":[15.890627,47.89734]},"properties":{"w":0.4205}},{"type":"Feature","geometry":{"type":"Point","coordinates":[15.889092,47.894125]},"properties":{"w":0.2843}},{"type":"Feature","geometry":{"type":"Point","coordinates":[14.816383,47.912318]},"properties":{"w":0.3248}},{"type":"Feature","geometry":{"type":"Point","coordinates":[15.76393,47.899533]},"properties":{"w":0.4597}},{"type":"Feature","geometry":{"type":"Point","coordinates":[14.021785,47.917271]},"properties":{"w":0.3287}},{"type":"Feature","geometry":{"type":"Point","coordinates":[14.987935,47.907264]},"properties":{"w":0.3116}},{"type":"Feature","geometry":{"type":"Point","coordinates":[15.806895,47.898216]},"properties":{"w":0.4858}},{"type":"Feature","geometry":{"type":"Point","coordinates":[15.536031,47.896475]},"properties":{"w":0.2812}},{"type":"Feature","geometry":{"type":"Point","coordinates":[14.731599,47.911773]},"properties":{"w":0.3365}},{"type":"Feature","geometry":{"type":"Point","coordinates":[14.659588,47.911197]},"properties":{"w":0.2786}},{"type":"Feature","geometry":{"type":"Point","coordinates":[15.809314,47.891037]},"properties":{"w":0.2786}},{"type":"Feature","geometry":{"type":"Point","coordinates":[14.894153,47.907416]},"properties":{"w":0.3393}},{"type":"Feature","geometry":{"type":"Point","coordinates":[15.394262,47.902226]},"properties":{"w":0.4112}},{"type":"Feature","geometry":{"type":"Point","coordinates":[15.696761,47.89871]},"properties":{"w":0.5149}},{"type":"Feature","geometry":{"type":"Point","coordinates":[16.16092,47.893064]},"properties":{"w":0.7395}},{"type":"Feature","geometry":{"type":"Point","coordinates":[15.548035,47.895506]},"properties":{"w":0.3405}},{"type":"Feature","geometry":{"type":"Point","coordinates":[15.288288,47.899481]},"properties":{"w":0.3137}},{"type":"Feature","geometry":{"type":"Point","coordinates":[14.292298,47.912862]},"properties":{"w":0.353}},{"type":"Feature","geometry":{"type":"Point","coordinates":[15.782918,47.896523]},"properties":{"w":0.5891}},{"type":"Feature","geometry":{"type":"Point","coordinates":[13.673608,47.915083]},"properties":{"w":0.2887}},{"type":"Feature","geometry":{"type":"Point","coordinates":[15.565719,47.902672]},"properties":{"w":0.4312}},{"type":"Feature","geometry":{"type":"Point","coordinates":[15.656895,47.891425]},"properties":{"w":0.3853}},{"type":"Feature","geometry":{"type":"Point","coordinates":[12.997898,47.914592]},"properties":{"w":0.3748}},{"type":"Feature","geometry":{"type":"Point","coordinates":[15.539185,47.89165]},"properties":{"w":0.367}},{"type":"Feature","geometry":{"type":"Point","coordinates":[15.441866,47.898886]},"properties":{"w":0.3932}},{"type":"Feature","geometry":{"type":"Point","coordinates":[15.823724,47.886765]},"properties":{"w":0.4171}},{"type":"Feature","geometry":{"type":"Point","coordinates":[15.645881,47.889]},"properties":{"w":0.3768}},{"type":"Feature","geometry":{"type":"Point","coordinates":[14.048289,47.912457]},"properties":{"w":0.4229}},{"type":"Feature","geometry":{"type":"Point","coordinates":[14.853509,47.899731]},"properties":{"w":0.3287}},{"type":"Feature","geometry":{"type":"Point","coordinates":[15.637016,47.887771]},"properties":{"w":0.3189}},{"type":"Feature","geometry":{"type":"Point","coordinates":[14.804966,47.908347]},"properties":{"w":0.593}},{"type":"Feature","geometry":{"type":"Point","coordinates":[14.652787,47.903215]},"properties":{"w":0.3842}},{"type":"Feature","geometry":{"type":"Point","coordinates":[15.554127,47.887529]},"properties":{"w":0.3198}},{"type":"Feature","geometry":{"type":"Point","coordinates":[12.981636,47.907955]},"properties":{"w":0.4403}},{"type":"Feature","geometry":{"type":"Point","coordinates":[15.38088,47.900874]},"properties":{"w":0.6279}},{"type":"Feature","geometry":{"type":"Point","coordinates":[16.950905,47.852898]},"properties":{"w":0.4256}},{"type":"Feature","geometry":{"type":"Point","coordinates":[15.42007,47.89365]},"properties":{"w":0.4396}},{"type":"Feature","geometry":{"type":"Point","coordinates":[15.782406,47.883992]},"properties":{"w":0.4381}},{"type":"Feature","geometry":{"type":"Point","coordinates":[14.859137,47.896384]},"properties":{"w":0.3146}},{"type":"Feature","geometry":{"type":"Point","coordinates":[15.547448,47.883665]},"properties":{"w":0.2887}},{"type":"Feature","geometry":{"type":"Point","coordinates":[15.803071,47.881775]},"properties":{"w":0.5179}},{"type":"Feature","geometry":{"type":"Point","coordinates":[14.370164,47.898681]},"properties":{"w":0.4293}},{"type":"Feature","geometry":{"type":"Point","coordinates":[15.740219,47.877767]},"properties":{"w":0.2887}},{"type":"Feature","geometry":{"type":"Point","coordinates":[14.651748,47.894825]},"properties":{"w":0.4028}},{"type":"Feature","geometry":{"type":"Point","coordinates":[15.336562,47.898375]},"properties":{"w":0.7046}},{"type":"Feature","geometry":{"type":"Point","coordinates":[16.894422,47.862242]},"properties":{"w":0.8192}},{"type":"Feature","geometry":{"type":"Point","coordinates":[15.505625,47.881915]},"properties":{"w":0.3739}},{"type":"Feature","geometry":{"type":"Point","coordinates":[16.494212,47.885422]},"properties":{"w":0.9037}},{"type":"Feature","geometry":{"type":"Point","coordinates":[16.430532,47.85849]},"properties":{"w":0.371}},{"type":"Feature","geometry":{"type":"Point","coordinates":[15.657367,47.881233]},"properties":{"w":0.5063}},{"type":"Feature","geometry":{"type":"Point","coordinates":[14.630032,47.893037]},"properties":{"w":0.4296}},{"type":"Feature","geometry":{"type":"Point","coordinates":[16.279516,47.860967]},"properties":{"w":0.3002}},{"type":"Feature","geometry":{"type":"Point","coordinates":[14.757151,47.88929]},"properties":{"w":0.3034}},{"type":"Feature","geometry":{"type":"Point","coordinates":[14.650528,47.88982]},"properties":{"w":0.2812}},{"type":"Feature","geometry":{"type":"Point","coordinates":[15.55034,47.877725]},"properties":{"w":0.2969}},{"type":"Feature","geometry":{"type":"Point","coordinates":[14.910132,47.888429]},"properties":{"w":0.3802}},{"type":"Feature","geometry":{"type":"Point","coordinates":[15.475905,47.877669]},"properties":{"w":0.298}},{"type":"Feature","geometry":{"type":"Point","coordinates":[15.812251,47.870414]},"properties":{"w":0.2997}},{"type":"Feature","geometry":{"type":"Point","coordinates":[13.869364,47.896386]},"properties":{"w":0.3578}},{"type":"Feature","geometry":{"type":"Point","coordinates":[15.649337,47.873067]},"properties":{"w":0.2806}},{"type":"Feature","geometry":{"type":"Point","coordinates":[15.536686,47.880487]},"properties":{"w":0.4474}},{"type":"Feature","geometry":{"type":"Point","coordinates":[15.527154,47.876858]},"properties":{"w":0.298}},{"type":"Feature","geometry":{"type":"Point","coordinates":[13.998073,47.894765]},"properties":{"w":0.3782}},{"type":"Feature","geometry":{"type":"Point","coordinates":[16.417449,47.854806]},"properties":{"w":0.3484}},{"type":"Feature","geometry":{"type":"Point","coordinates":[15.518449,47.878414]},"properties":{"w":0.4263}},{"type":"Feature","geometry":{"type":"Point","coordinates":[15.819554,47.866947]},"properties":{"w":0.3871}},{"type":"Feature","geometry":{"type":"Point","coordinates":[16.588328,47.887954]},"properties":{"w":0.9162}},{"type":"Feature","geometry":{"type":"Point","coordinates":[15.734354,47.871998]},"properties":{"w":0.4789}},{"type":"Feature","geometry":{"type":"Point","coordinates":[15.499561,47.87706]},"properties":{"w":0.4914}},{"type":"Feature","geometry":{"type":"Point","coordinates":[16.434546,47.853247]},"properties":{"w":0.3677}},{"type":"Feature","geometry":{"type":"Point","coordinates":[13.667473,47.895554]},"properties":{"w":0.5}},{"type":"Feature","geometry":{"type":"Point","coordinates":[14.750174,47.884968]},"properties":{"w":0.4335}},{"type":"Feature","geometry":{"type":"Point","coordinates":[14.651903,47.884546]},"properties":{"w":0.3257}},{"type":"Feature","geometry":{"type":"Point","coordinates":[15.676568,47.874495]},"properties":{"w":0.541}},{"type":"Feature","geometry":{"type":"Point","coordinates":[15.463877,47.875419]},"properties":{"w":0.3076}},{"type":"Feature","geometry":{"type":"Point","coordinates":[14.181454,47.89032]},"properties":{"w":0.3217}},{"type":"Feature","geometry":{"type":"Point","coordinates":[16.355845,47.8548]},"properties":{"w":0.4432}},{"type":"Feature","geometry":{"type":"Point","coordinates":[15.492473,47.87156]},"properties":{"w":0.3692}},{"type":"Feature","geometry":{"type":"Point","coordinates":[15.429891,47.877438]},"properties":{"w":0.5528}},{"type":"Feature","geometry":{"type":"Point","coordinates":[15.479066,47.870507]},"properties":{"w":0.3765}},{"type":"Feature","geometry":{"type":"Point","coordinates":[13.357686,47.889367]},"properties":{"w":0.2812}},{"type":"Feature","geometry":{"type":"Point","coordinates":[15.731168,47.862081]},"properties":{"w":0.2786}},{"type":"Feature","geometry":{"type":"Point","coordinates":[15.566478,47.875007]},"properties":{"w":0.5965}},{"type":"Feature","geometry":{"type":"Point","coordinates":[13.835059,47.889956]},"properties":{"w":0.5597}},{"type":"Feature","geometry":{"type":"Point","coordinates":[15.798815,47.864522]},"properties":{"w":0.3649}},{"type":"Feature","geometry":{"type":"Point","coordinates":[15.434198,47.867883]},"properties":{"w":0.2856}},{"type":"Feature","geometry":{"type":"Point","coordinates":[14.352391,47.884054]},"properties":{"w":0.3225}},{"type":"Feature","geometry":{"type":"Point","coordinates":[16.886286,47.838029]},"properties":{"w":0.5781}},{"type":"Feature","geometry":{"type":"Point","coordinates":[14.902704,47.877434]},"properties":{"w":0.3221}},{"type":"Feature","geometry":{"type":"Point","coordinates":[15.788625,47.861429]},"properties":{"w":0.4064}},{"type":"Feature","geometry":{"type":"Point","coordinates":[13.476599,47.885516]},"properties":{"w":0.4287}},{"type":"Feature","geometry":{"type":"Point","coordinates":[14.382545,47.886359]},"properties":{"w":0.6156}},{"type":"Feature","geometry":{"type":"Point","coordinates":[14.18108,47.884106]},"properties":{"w":0.3951}},{"type":"Feature","geometry":{"type":"Point","coordinates":[15.6411,47.86866]},"properties":{"w":0.571}},{"type":"Feature","geometry":{"type":"Point","coordinates":[15.818542,47.859207]},"properties":{"w":0.4911}},{"type":"Feature","geometry":{"type":"Point","coordinates":[14.355187,47.875149]},"properties":{"w":0.298}},{"type":"Feature","geometry":{"type":"Point","coordinates":[14.404188,47.878592]},"properties":{"w":0.459}},{"type":"Feature","geometry":{"type":"Point","coordinates":[14.726681,47.872432]},"properties":{"w":0.3477}},{"type":"Feature","geometry":{"type":"Point","coordinates":[13.498296,47.881104]},"properties":{"w":0.3871}},{"type":"Feature","geometry":{"type":"Point","coordinates":[15.748974,47.857485]},"properties":{"w":0.4931}},{"type":"Feature","geometry":{"type":"Point","coordinates":[13.621455,47.878912]},"properties":{"w":0.4488}},{"type":"Feature","geometry":{"type":"Point","coordinates":[15.815736,47.853122]},"properties":{"w":0.3444}},{"type":"Feature","geometry":{"type":"Point","coordinates":[14.084595,47.874527]},"properties":{"w":0.3066}},{"type":"Feature","geometry":{"type":"Point","coordinates":[13.259267,47.89685]},"properties":{"w":0.8085}},{"type":"Feature","geometry":{"type":"Point","coordinates":[13.215885,47.875709]},"properties":{"w":0.3265}},{"type":"Feature","geometry":{"type":"Point","coordinates":[14.75992,47.870362]},"properties":{"w":0.3358}},{"type":"Feature","geometry":{"type":"Point","coordinates":[15.466707,47.858695]},"properties":{"w":0.3692}},{"type":"Feature","geometry":{"type":"Point","coordinates":[14.733183,47.871679]},"properties":{"w":0.3695}},{"type":"Feature","geometry":{"type":"Point","coordinates":[15.655938,47.856429]},"properties":{"w":0.507}},{"type":"Feature","geometry":{"type":"Point","coordinates":[15.677817,47.853276]},"properties":{"w":0.4486}},{"type":"Feature","geometry":{"type":"Point","coordinates":[14.638409,47.874266]},"properties":{"w":0.5937}},{"type":"Feature","geometry":{"type":"Point","coordinates":[15.482897,47.854634]},"properties":{"w":0.2786}},{"type":"Feature","geometry":{"type":"Point","coordinates":[15.339055,47.857711]},"properties":{"w":0.367}},{"type":"Feature","geometry":{"type":"Point","coordinates":[14.911335,47.870924]},"properties":{"w":0.6167}},{"type":"Feature","geometry":{"type":"Point","coordinates":[15.75403,47.850663]},"properties":{"w":0.4185}},{"type":"Feature","geometry":{"type":"Point","coordinates":[14.981283,47.861188]},"properties":{"w":0.3034}},{"type":"Feature","geometry":{"type":"Point","coordinates":[16.886152,47.81778]},"properties":{"w":0.2812}},{"type":"Feature","geometry":{"type":"Point","coordinates":[14.040671,47.87127]},"properties":{"w":0.3871}},{"type":"Feature","geometry":{"type":"Point","coordinates":[14.101229,47.868861]},"properties":{"w":0.298}},{"type":"Feature","geometry":{"type":"Point","coordinates":[14.921275,47.859432]},"properties":{"w":0.3447}},{"type":"Feature","geometry":{"type":"Point","coordinates":[15.640467,47.848407]},"properties":{"w":0.3198}},{"type":"Feature","geometry":{"type":"Point","coordinates":[13.891291,47.883915]},"properties":{"w":0.6924}},{"type":"Feature","geometry":{"type":"Point","coordinates":[13.654803,47.895776]},"properties":{"w":0.7599}},{"type":"Feature","geometry":{"type":"Point","coordinates":[16.2043,47.834652]},"properties":{"w":0.3941}},{"type":"Feature","geometry":{"type":"Point","coordinates":[15.436852,47.851249]},"properties":{"w":0.4488}},{"type":"Feature","geometry":{"type":"Point","coordinates":[14.892584,47.859565]},"properties":{"w":0.4473}},{"type":"Feature","geometry":{"type":"Point","coordinates":[15.678642,47.844369]},"properties":{"w":0.2898}},{"type":"Feature","geometry":{"type":"Point","coordinates":[15.507379,47.852373]},"properties":{"w":0.398}},{"type":"Feature","geometry":{"type":"Point","coordinates":[13.640189,47.867826]},"properties":{"w":0.4885}},{"type":"Feature","geometry":{"type":"Point","coordinates":[15.853165,47.841229]},"properties":{"w":0.3141}},{"type":"Feature","geometry":{"type":"Point","coordinates":[14.376465,47.862784]},"properties":{"w":0.305}},{"type":"Feature","geometry":{"type":"Point","coordinates":[15.533196,47.845731]},"properties":{"w":0.3623}},{"type":"Feature","geometry":{"type":"Point","coordinates":[15.92309,47.844947]},"properties":{"w":0.5508}},{"type":"Feature","geometry":{"type":"Point","coordinates":[14.727321,47.859735]},"properties":{"w":0.348}},{"type":"Feature","geometry":{"type":"Point","coordinates":[15.411078,47.857263]},"properties":{"w":0.6118}},{"type":"Feature","geometry":{"type":"Point","coordinates":[15.482287,47.847177]},"properties":{"w":0.3451}},{"type":"Feature","geometry":{"type":"Point","coordinates":[15.465407,47.847369]},"properties":{"w":0.4375}},{"type":"Feature","geometry":{"type":"Point","coordinates":[13.890821,47.862949]},"properties":{"w":0.3165}},{"type":"Feature","geometry":{"type":"Point","coordinates":[15.765146,47.844796]},"properties":{"w":0.476}},{"type":"Feature","geometry":{"type":"Point","coordinates":[13.285733,47.868244]},"properties":{"w":0.4619}},{"type":"Feature","geometry":{"type":"Point","coordinates":[14.484519,47.862257]},"properties":{"w":0.3826}},{"type":"Feature","geometry":{"type":"Point","coordinates":[13.385425,47.898245]},"properties":{"w":0.8596}},{"type":"Feature","geometry":{"type":"Point","coordinates":[15.755262,47.844075]},"properties":{"w":0.3894}},{"type":"Feature","geometry":{"type":"Point","coordinates":[13.875743,47.861017]},"properties":{"w":0.3066}},{"type":"Feature","geometry":{"type":"Point","coordinates":[15.342285,47.84898]},"properties":{"w":0.4962}},{"type":"Feature","geometry":{"type":"Point","coordinates":[15.76351,47.835718]},"properties":{"w":0.3221}},{"type":"Feature","geometry":{"type":"Point","coordinates":[14.943598,47.849822]},"properties":{"w":0.2806}},{"type":"Feature","geometry":{"type":"Point","coordinates":[15.711562,47.839368]},"properties":{"w":0.4836}},{"type":"Feature","geometry":{"type":"Point","coordinates":[15.375423,47.84307]},"properties":{"w":0.3424}},{"type":"Feature","geometry":{"type":"Point","coordinates":[15.726135,47.850022]},"properties":{"w":0.681}},{"type":"Feature","geometry":{"type":"Point","coordinates":[13.468186,47.873748]},"properties":{"w":0.7212}},{"type":"Feature","geometry":{"type":"Point","coordinates":[14.053084,47.860611]},"properties":{"w":0.4084}},{"type":"Feature","geometry":{"type":"Point","coordinates":[15.665031,47.838354]},"properties":{"w":0.3892}},{"type":"Feature","geometry":{"type":"Point","coordinates":[16.343563,47.833257]},"properties":{"w":0.7453}},{"type":"Feature","geometry":{"type":"Point","coordinates":[15.924272,47.833757]},"properties":{"w":0.3866}},{"type":"Feature","geometry":{"type":"Point","coordinates":[14.857084,47.84855]},"properties":{"w":0.3013}},{"type":"Feature","geometry":{"type":"Point","coordinates":[14.410773,47.852671]},"properties":{"w":0.2887}},{"type":"Feature","geometry":{"type":"Point","coordinates":[15.361891,47.841179]},"properties":{"w":0.3066}},{"type":"Feature","geometry":{"type":"Point","coordinates":[15.642825,47.835898]},"properties":{"w":0.2997}},{"type":"Feature","geometry":{"type":"Point","coordinates":[16.931859,47.812173]},"properties":{"w":0.5411}},{"type":"Feature","geometry":{"type":"Point","coordinates":[15.483069,47.839309]},"properties":{"w":0.376}},{"type":"Feature","geometry":{"type":"Point","coordinates":[15.389399,47.838137]},"properties":{"w":0.298}},{"type":"Feature","geometry":{"type":"Point","coordinates":[15.513173,47.836871]},"properties":{"w":0.3317}},{"type":"Feature","geometry":{"type":"Point","coordinates":[15.859071,47.828862]},"properties":{"w":0.406}},{"type":"Feature","geometry":{"type":"Point","coordinates":[13.607576,47.862601]},"properties":{"w":0.7017}},{"type":"Feature","geometry":{"type":"Point","coordinates":[15.372773,47.836708]},"properties":{"w":0.2881}},{"type":"Feature","geometry":{"type":"Point","coordinates":[13.405656,47.860378]},"properties":{"w":0.5183}},{"type":"Feature","geometry":{"type":"Point","coordinates":[14.991734,47.844054]},"properties":{"w":0.3561}},{"type":"Feature","geometry":{"type":"Point","coordinates":[15.495204,47.834258]},"properties":{"w":0.3325}},{"type":"Feature","geometry":{"type":"Point","coordinates":[13.626598,47.853095]},"properties":{"w":0.3871}},{"type":"Feature","geometry":{"type":"Point","coordinates":[13.839437,47.855014]},"properties":{"w":0.3725}},{"type":"Feature","geometry":{"type":"Point","coordinates":[15.572495,47.833184]},"properties":{"w":0.3707}},{"type":"Feature","geometry":{"type":"Point","coordinates":[15.342346,47.837436]},"properties":{"w":0.4285}},{"type":"Feature","geometry":{"type":"Point","coordinates":[15.786588,47.833608]},"properties":{"w":0.5357}},{"type":"Feature","geometry":{"type":"Point","coordinates":[14.814676,47.842737]},"properties":{"w":0.2887}},{"type":"Feature","geometry":{"type":"Point","coordinates":[15.629587,47.838472]},"properties":{"w":0.5597}},{"type":"Feature","geometry":{"type":"Point","coordinates":[14.840469,47.845633]},"properties":{"w":0.434}},{"type":"Feature","geometry":{"type":"Point","coordinates":[15.711862,47.828638]},"properties":{"w":0.4161}},{"type":"Feature","geometry":{"type":"Point","coordinates":[16.318851,47.816275]},"properties":{"w":0.4826}},{"type":"Feature","geometry":{"type":"Point","coordinates":[15.448882,47.833876]},"properties":{"w":0.4523}},{"type":"Feature","geometry":{"type":"Point","coordinates":[15.635297,47.829374]},"properties":{"w":0.2786}},{"type":"Feature","geometry":{"type":"Point","coordinates":[14.326316,47.846019]},"properties":{"w":0.2798}},{"type":"Feature","geometry":{"type":"Point","coordinates":[15.921273,47.821748]},"properties":{"w":0.3243}},{"type":"Feature","geometry":{"type":"Point","coordinates":[15.745632,47.824637]},"properties":{"w":0.3692}},{"type":"Feature","geometry":{"type":"Point","coordinates":[15.329786,47.831307]},"properties":{"w":0.3056}},{"type":"Feature","geometry":{"type":"Point","coordinates":[15.64912,47.830017]},"properties":{"w":0.5101}},{"type":"Feature","geometry":{"type":"Point","coordinates":[14.78173,47.83983]},"properties":{"w":0.2887}},{"type":"Feature","geometry":{"type":"Point","coordinates":[13.634203,47.847342]},"properties":{"w":0.4667}},{"type":"Feature","geometry":{"type":"Point","coordinates":[14.389339,47.845332]},"properties":{"w":0.3252}},{"type":"Feature","geometry":{"type":"Point","coordinates":[13.99074,47.84545]},"properties":{"w":0.2963}},{"type":"Feature","geometry":{"type":"Point","coordinates":[16.44781,47.813191]},"properties":{"w":0.6843}},{"type":"Feature","geometry":{"type":"Point","coordinates":[13.915804,47.847101]},"properties":{"w":0.4578}},{"type":"Feature","geometry":{"type":"Point","coordinates":[14.29053,47.843969]},"properties":{"w":0.3221}},{"type":"Feature","geometry":{"type":"Point","coordinates":[17.027869,47.824988]},"properties":{"w":0.9147}},{"type":"Feature","geometry":{"type":"Point","coordinates":[15.727645,47.821396]},"properties":{"w":0.3956}},{"type":"Feature","geometry":{"type":"Point","coordinates":[14.028523,47.844292]},"properties":{"w":0.3831}},{"type":"Feature","geometry":{"type":"Point","coordinates":[13.729258,47.843278]},"properties":{"w":0.2862}},{"type":"Feature","geometry":{"type":"Point","coordinates":[13.928023,47.842673]},"properties":{"w":0.3111}},{"type":"Feature","geometry":{"type":"Point","coordinates":[14.820893,47.8372]},"properties":{"w":0.3146}},{"type":"Feature","geometry":{"type":"Point","coordinates":[15.922175,47.816398]},"properties":{"w":0.3345}},{"type":"Feature","geometry":{"type":"Point","coordinates":[14.494316,47.839567]},"properties":{"w":0.2818}},{"type":"Feature","geometry":{"type":"Point","coordinates":[14.299087,47.840703]},"properties":{"w":0.4254}},{"type":"Feature","geometry":{"type":"Point","coordinates":[16.431977,47.802814]},"properties":{"w":0.3947}},{"type":"Feature","geometry":{"type":"Point","coordinates":[13.708156,47.843502]},"properties":{"w":0.2945}},{"type":"Feature","geometry":{"type":"Point","coordinates":[13.608344,47.841529]},"properties":{"w":0.3597}},{"type":"Feature","geometry":{"type":"Point","coordinates":[13.692985,47.842497]},"properties":{"w":0.477}},{"type":"Feature","geometry":{"type":"Point","coordinates":[14.50145,47.838714]},"properties":{"w":0.4103}},{"type":"Feature","geometry":{"type":"Point","coordinates":[13.675774,47.841848]},"properties":{"w":0.3996}},{"type":"Feature","geometry":{"type":"Point","coordinates":[14.334407,47.837157]},"properties":{"w":0.4151}},{"type":"Feature","geometry":{"type":"Point","coordinates":[15.338924,47.82639]},"properties":{"w":0.4193}},{"type":"Feature","geometry":{"type":"Point","coordinates":[15.396781,47.82662]},"properties":{"w":0.5346}},{"type":"Feature","geometry":{"type":"Point","coordinates":[14.382419,47.838359]},"properties":{"w":0.4952}},{"type":"Feature","geometry":{"type":"Point","coordinates":[16.978688,47.817412]},"properties":{"w":0.8811}},{"type":"Feature","geometry":{"type":"Point","coordinates":[14.12556,47.836883]},"properties":{"w":0.339}},{"type":"Feature","geometry":{"type":"Point","coordinates":[15.383515,47.82352]},"properties":{"w":0.4044}},{"type":"Feature","geometry":{"type":"Point","coordinates":[15.636812,47.815212]},"properties":{"w":0.2786}},{"type":"Feature","geometry":{"type":"Point","coordinates":[16.575077,47.792399]},"properties":{"w":0.352}},{"type":"Feature","geometry":{"type":"Point","coordinates":[13.652521,47.838112]},"properties":{"w":0.3812}},{"type":"Feature","geometry":{"type":"Point","coordinates":[14.899596,47.829107]},"properties":{"w":0.3919}},{"type":"Feature","geometry":{"type":"Point","coordinates":[14.529766,47.830602]},"properties":{"w":0.2818}},{"type":"Feature","geometry":{"type":"Point","coordinates":[14.606207,47.8322]},"properties":{"w":0.4643}},{"type":"Feature","geometry":{"type":"Point","coordinates":[14.565771,47.832517]},"properties":{"w":0.2887}},{"type":"Feature","geometry":{"type":"Point","coordinates":[14.577681,47.832841]},"properties":{"w":0.371}},{"type":"Feature","geometry":{"type":"Point","coordinates":[13.907329,47.83664]},"properties":{"w":0.5239}},{"type":"Feature","geometry":{"type":"Point","coordinates":[15.331613,47.818285]},"properties":{"w":0.3495}},{"type":"Feature","geometry":{"type":"Point","coordinates":[14.337219,47.829901]},"properties":{"w":0.2887}},{"type":"Feature","geometry":{"type":"Point","coordinates":[16.328721,47.800048]},"properties":{"w":0.4267}},{"type":"Feature","geometry":{"type":"Point","coordinates":[14.051848,47.833863]},"properties":{"w":0.4232}},{"type":"Feature","geometry":{"type":"Point","coordinates":[15.345058,47.815973]},"properties":{"w":0.3451}},{"type":"Feature","geometry":{"type":"Point","coordinates":[15.492734,47.820539]},"properties":{"w":0.4829}},{"type":"Feature","geometry":{"type":"Point","coordinates":[13.871586,47.834676]},"properties":{"w":0.4449}},{"type":"Feature","geometry":{"type":"Point","coordinates":[15.663974,47.811113]},"properties":{"w":0.4228}},{"type":"Feature","geometry":{"type":"Point","coordinates":[13.667886,47.833993]},"properties":{"w":0.4373}},{"type":"Feature","geometry":{"type":"Point","coordinates":[13.703086,47.834323]},"properties":{"w":0.4888}},{"type":"Feature","geometry":{"type":"Point","coordinates":[14.906594,47.825522]},"properties":{"w":0.4243}},{"type":"Feature","geometry":{"type":"Point","coordinates":[14.965144,47.832933]},"properties":{"w":0.5181}},{"type":"Feature","geometry":{"type":"Point","coordinates":[15.570009,47.813045]},"properties":{"w":0.3061}},{"type":"Feature","geometry":{"type":"Point","coordinates":[14.801264,47.826844]},"properties":{"w":0.3815}},{"type":"Feature","geometry":{"type":"Point","coordinates":[14.955257,47.820179]},"properties":{"w":0.3091}},{"type":"Feature","geometry":{"type":"Point","coordinates":[15.341091,47.812158]},"properties":{"w":0.2887}},{"type":"Feature","geometry":{"type":"Point","coordinates":[14.231124,47.826846]},"properties":{"w":0.2887}},{"type":"Feature","geometry":{"type":"Point","coordinates":[14.181906,47.827142]},"properties":{"w":0.2997}},{"type":"Feature","geometry":{"type":"Point","coordinates":[14.672257,47.824506]},"properties":{"w":0.3066}},{"type":"Feature","geometry":{"type":"Point","coordinates":[14.583956,47.825095]},"properties":{"w":0.3146}},{"type":"Feature","geometry":{"type":"Point","coordinates":[13.874294,47.828411]},"properties":{"w":0.3358}},{"type":"Feature","geometry":{"type":"Point","coordinates":[13.765169,47.826879]},"properties":{"w":0.3487}},{"type":"Feature","geometry":{"type":"Point","coordinates":[15.479076,47.810013]},"properties":{"w":0.3704}},{"type":"Feature","geometry":{"type":"Point","coordinates":[14.103589,47.83256]},"properties":{"w":0.5125}},{"type":"Feature","geometry":{"type":"Point","coordinates":[13.464113,47.828403]},"properties":{"w":0.3274}},{"type":"Feature","geometry":{"type":"Point","coordinates":[14.090745,47.825526]},"properties":{"w":0.3561}},{"type":"Feature","geometry":{"type":"Point","coordinates":[16.154687,47.792009]},"properties":{"w":0.2837}},{"type":"Feature","geometry":{"type":"Point","coordinates":[14.08189,47.821805]},"properties":{"w":0.3066}},{"type":"Feature","geometry":{"type":"Point","coordinates":[13.861893,47.823432]},"properties":{"w":0.3066}},{"type":"Feature","geometry":{"type":"Point","coordinates":[13.620753,47.82585]},"properties":{"w":0.337}},{"type":"Feature","geometry":{"type":"Point","coordinates":[14.284349,47.820001]},"properties":{"w":0.294}},{"type":"Feature","geometry":{"type":"Point","coordinates":[13.488337,47.828554]},"properties":{"w":0.4465}},{"type":"Feature","geometry":{"type":"Point","coordinates":[16.359022,47.786396]},"properties":{"w":0.4139}},{"type":"Feature","geometry":{"type":"Point","coordinates":[13.97643,47.823211]},"properties":{"w":0.298}},{"type":"Feature","geometry":{"type":"Point","coordinates":[15.511826,47.804805]},"properties":{"w":0.3397}},{"type":"Feature","geometry":{"type":"Point","coordinates":[13.476603,47.821119]},"properties":{"w":0.2969}},{"type":"Feature","geometry":{"type":"Point","coordinates":[14.562037,47.818324]},"properties":{"w":0.2887}},{"type":"Feature","geometry":{"type":"Point","coordinates":[15.449324,47.803172]},"properties":{"w":0.3061}},{"type":"Feature","geometry":{"type":"Point","coordinates":[14.898954,47.813081]},"properties":{"w":0.4278}},{"type":"Feature","geometry":{"type":"Point","coordinates":[14.056702,47.820996]},"properties":{"w":0.3066}},{"type":"Feature","geometry":{"type":"Point","coordinates":[14.234108,47.818793]},"properties":{"w":0.413}},{"type":"Feature","geometry":{"type":"Point","coordinates":[14.574638,47.815952]},"properties":{"w":0.3274}},{"type":"Feature","geometry":{"type":"Point","coordinates":[14.673874,47.814335]},"properties":{"w":0.348}},{"type":"Feature","geometry":{"type":"Point","coordinates":[14.368327,47.818428]},"properties":{"w":0.3776}},{"type":"Feature","geometry":{"type":"Point","coordinates":[14.588377,47.813632]},"properties":{"w":0.2786}},{"type":"Feature","geometry":{"type":"Point","coordinates":[14.321946,47.819034]},"properties":{"w":0.4273}},{"type":"Feature","geometry":{"type":"Point","coordinates":[13.440955,47.820801]},"properties":{"w":0.5537}},{"type":"Feature","geometry":{"type":"Point","coordinates":[14.353973,47.815478]},"properties":{"w":0.3358}},{"type":"Feature","geometry":{"type":"Point","coordinates":[13.321815,47.817741]},"properties":{"w":0.3574}},{"type":"Feature","geometry":{"type":"Point","coordinates":[14.294367,47.816297]},"properties":{"w":0.4247}},{"type":"Feature","geometry":{"type":"Point","coordinates":[15.600327,47.798251]},"properties":{"w":0.3963}},{"type":"Feature","geometry":{"type":"Point","coordinates":[14.582587,47.811716]},"properties":{"w":0.2786}},{"type":"Feature","geometry":{"type":"Point","coordinates":[15.587658,47.795337]},"properties":{"w":0.3141}},{"type":"Feature","geometry":{"type":"Point","coordinates":[14.485288,47.814915]},"properties":{"w":0.4973}},{"type":"Feature","geometry":{"type":"Point","coordinates":[13.628639,47.819596]},"properties":{"w":0.4167}},{"type":"Feature","geometry":{"type":"Point","coordinates":[14.898212,47.806452]},"properties":{"w":0.4042}},{"type":"Feature","geometry":{"type":"Point","coordinates":[15.338161,47.801696]},"properties":{"w":0.3405}},{"type":"Feature","geometry":{"type":"Point","coordinates":[13.85633,47.817992]},"properties":{"w":0.4195}},{"type":"Feature","geometry":{"type":"Point","coordinates":[15.370831,47.798372]},"properties":{"w":0.3221}},{"type":"Feature","geometry":{"type":"Point","coordinates":[16.210402,47.781419]},"properties":{"w":0.3432}},{"type":"Feature","geometry":{"type":"Point","coordinates":[13.597832,47.820027]},"properties":{"w":0.6424}},{"type":"Feature","geometry":{"type":"Point","coordinates":[15.422437,47.808347]},"properties":{"w":0.7017}},{"type":"Feature","geometry":{"type":"Point","coordinates":[14.729099,47.806513]},"properties":{"w":0.3165}},{"type":"Feature","geometry":{"type":"Point","coordinates":[15.324525,47.797054]},"properties":{"w":0.3597}},{"type":"Feature","geometry":{"type":"Point","coordinates":[15.382251,47.798766]},"properties":{"w":0.3102}},{"type":"Feature","geometry":{"type":"Point","coordinates":[13.982161,47.811915]},"properties":{"w":0.3061}},{"type":"Feature","geometry":{"type":"Point","coordinates":[14.042337,47.81083]},"properties":{"w":0.3739}},{"type":"Feature","geometry":{"type":"Point","coordinates":[15.697474,47.788107]},"properties":{"w":0.2969}},{"type":"Feature","geometry":{"type":"Point","coordinates":[15.571159,47.790968]},"properties":{"w":0.3146}},{"type":"Feature","geometry":{"type":"Point","coordinates":[14.541705,47.805582]},"properties":{"w":0.2786}},{"type":"Feature","geometry":{"type":"Point","coordinates":[14.880317,47.801206]},"properties":{"w":0.3291}},{"type":"Feature","geometry":{"type":"Point","coordinates":[15.388546,47.7936]},"properties":{"w":0.3217}},{"type":"Feature","geometry":{"type":"Point","coordinates":[14.571041,47.803586]},"properties":{"w":0.2887}},{"type":"Feature","geometry":{"type":"Point","coordinates":[14.410033,47.809498]},"properties":{"w":0.6187}},{"type":"Feature","geometry":{"type":"Point","coordinates":[15.36234,47.789865]},"properties":{"w":0.3111}},{"type":"Feature","geometry":{"type":"Point","coordinates":[16.638756,47.773217]},"properties":{"w":0.7442}},{"type":"Feature","geometry":{"type":"Point","coordinates":[16.369952,47.768269]},"properties":{"w":0.45}},{"type":"Feature","geometry":{"type":"Point","coordinates":[15.376949,47.789615]},"properties":{"w":0.3066}},{"type":"Feature","geometry":{"type":"Point","coordinates":[13.921551,47.803784]},"properties":{"w":0.298}},{"type":"Feature","geometry":{"type":"Point","coordinates":[15.651385,47.782158]},"properties":{"w":0.2786}},{"type":"Feature","geometry":{"type":"Point","coordinates":[15.526419,47.788484]},"properties":{"w":0.3607}},{"type":"Feature","geometry":{"type":"Point","coordinates":[15.708807,47.783589]},"properties":{"w":0.5145}},{"type":"Feature","geometry":{"type":"Point","coordinates":[13.654073,47.808342]},"properties":{"w":0.6071}},{"type":"Feature","geometry":{"type":"Point","coordinates":[15.54391,47.786908]},"properties":{"w":0.4506}},{"type":"Feature","geometry":{"type":"Point","coordinates":[14.000668,47.803948]},"properties":{"w":0.2887}},{"type":"Feature","geometry":{"type":"Point","coordinates":[15.232248,47.791322]},"properties":{"w":0.4952}},{"type":"Feature","geometry":{"type":"Point","coordinates":[15.463714,47.787169]},"properties":{"w":0.454}},{"type":"Feature","geometry":{"type":"Point","coordinates":[15.840468,47.778025]},"properties":{"w":0.3889}},{"type":"Feature","geometry":{"type":"Point","coordinates":[14.570045,47.79738]},"properties":{"w":0.2887}},{"type":"Feature","geometry":{"type":"Point","coordinates":[13.337699,47.80686]},"properties":{"w":0.5218}},{"type":"Feature","geometry":{"type":"Point","coordinates":[16.413843,47.76327]},"properties":{"w":0.3413}},{"type":"Feature","geometry":{"type":"Point","coordinates":[15.473091,47.78162]},"properties":{"w":0.3066}},{"type":"Feature","geometry":{"type":"Point","coordinates":[14.858734,47.794903]},"properties":{"w":0.3839}},{"type":"Feature","geometry":{"type":"Point","coordinates":[14.010149,47.798515]},"properties":{"w":0.3287}},{"type":"Feature","geometry":{"type":"Point","coordinates":[16.918531,47.75183]},"properties":{"w":0.6202}},{"type":"Feature","geometry":{"type":"Point","coordinates":[16.950683,47.758838]},"properties":{"w":0.7482}},{"type":"Feature","geometry":{"type":"Point","coordinates":[16.582416,47.766435]},"properties":{"w":0.7559}},{"type":"Feature","geometry":{"type":"Point","coordinates":[15.213843,47.785172]},"properties":{"w":0.379}},{"type":"Feature","geometry":{"type":"Point","coordinates":[13.935069,47.798691]},"properties":{"w":0.298}},{"type":"Feature","geometry":{"type":"Point","coordinates":[13.352457,47.801577]},"properties":{"w":0.4975}},{"type":"Feature","geometry":{"type":"Point","coordinates":[15.389261,47.778731]},"properties":{"w":0.3091}},{"type":"Feature","geometry":{"type":"Point","coordinates":[14.049221,47.796869]},"properties":{"w":0.5181}},{"type":"Feature","geometry":{"type":"Point","coordinates":[14.577686,47.793933]},"properties":{"w":0.4791}},{"type":"Feature","geometry":{"type":"Point","coordinates":[14.501028,47.796087]},"properties":{"w":0.5532}},{"type":"Feature","geometry":{"type":"Point","coordinates":[15.268886,47.78064]},"properties":{"w":0.4323}},{"type":"Feature","geometry":{"type":"Point","coordinates":[13.863269,47.794392]},"properties":{"w":0.3257}},{"type":"Feature","geometry":{"type":"Point","coordinates":[14.067401,47.792455]},"properties":{"w":0.298}},{"type":"Feature","geometry":{"type":"Point","coordinates":[14.105739,47.79403]},"properties":{"w":0.4145}},{"type":"Feature","geometry":{"type":"Point","coordinates":[15.641287,47.771394]},"properties":{"w":0.3212}},{"type":"Feature","geometry":{"type":"Point","coordinates":[14.510367,47.787796]},"properties":{"w":0.3165}},{"type":"Feature","geometry":{"type":"Point","coordinates":[15.874636,47.765301]},"properties":{"w":0.2812}},{"type":"Feature","geometry":{"type":"Point","coordinates":[16.226672,47.759231]},"properties":{"w":0.3378}},{"type":"Feature","geometry":{"type":"Point","coordinates":[15.415098,47.776738]},"properties":{"w":0.3788}},{"type":"Feature","geometry":{"type":"Point","coordinates":[15.427133,47.783706]},"properties":{"w":0.5741}},{"type":"Feature","geometry":{"type":"Point","coordinates":[13.353866,47.792692]},"properties":{"w":0.3261}},{"type":"Feature","geometry":{"type":"Point","coordinates":[15.408902,47.773938]},"properties":{"w":0.3325}},{"type":"Feature","geometry":{"type":"Point","coordinates":[13.799803,47.791397]},"properties":{"w":0.4088}},{"type":"Feature","geometry":{"type":"Point","coordinates":[14.060534,47.788284]},"properties":{"w":0.2786}},{"type":"Feature","geometry":{"type":"Point","coordinates":[13.693424,47.803206]},"properties":{"w":0.6808}},{"type":"Feature","geometry":{"type":"Point","coordinates":[17.052947,47.750641]},"properties":{"w":0.7735}},{"type":"Feature","geometry":{"type":"Point","coordinates":[14.121442,47.790225]},"properties":{"w":0.2786}},{"type":"Feature","geometry":{"type":"Point","coordinates":[13.87755,47.790069]},"properties":{"w":0.5433}},{"type":"Feature","geometry":{"type":"Point","coordinates":[15.39329,47.774034]},"properties":{"w":0.4073}},{"type":"Feature","geometry":{"type":"Point","coordinates":[15.602995,47.767868]},"properties":{"w":0.2887}},{"type":"Feature","geometry":{"type":"Point","coordinates":[16.221153,47.751899]},"properties":{"w":0.2831}},{"type":"Feature","geometry":{"type":"Point","coordinates":[13.990163,47.786049]},"properties":{"w":0.348}},{"type":"Feature","geometry":{"type":"Point","coordinates":[14.556134,47.782845]},"properties":{"w":0.2786}},{"type":"Feature","geometry":{"type":"Point","coordinates":[15.567257,47.766564]},"properties":{"w":0.3066}},{"type":"Feature","geometry":{"type":"Point","coordinates":[13.798111,47.785491]},"properties":{"w":0.3358}},{"type":"Feature","geometry":{"type":"Point","coordinates":[14.111172,47.787069]},"properties":{"w":0.3968}},{"type":"Feature","geometry":{"type":"Point","coordinates":[14.139274,47.784371]},"properties":{"w":0.3949}},{"type":"Feature","geometry":{"type":"Point","coordinates":[13.846325,47.786862]},"properties":{"w":0.4773}},{"type":"Feature","geometry":{"type":"Point","coordinates":[13.888951,47.783709]},"properties":{"w":0.3951}},{"type":"Feature","geometry":{"type":"Point","coordinates":[14.092863,47.782767]},"properties":{"w":0.3466}},{"type":"Feature","geometry":{"type":"Point","coordinates":[13.60606,47.783923]},"properties":{"w":0.3239}},{"type":"Feature","geometry":{"type":"Point","coordinates":[15.966158,47.753458]},"properties":{"w":0.3627}},{"type":"Feature","geometry":{"type":"Point","coordinates":[14.129254,47.780447]},"properties":{"w":0.3066}},{"type":"Feature","geometry":{"type":"Point","coordinates":[14.535472,47.777002]},"properties":{"w":0.3358}},{"type":"Feature","geometry":{"type":"Point","coordinates":[13.453001,47.787951]},"properties":{"w":0.6172}},{"type":"Feature","geometry":{"type":"Point","coordinates":[14.596006,47.775182]},"properties":{"w":0.2887}},{"type":"Feature","geometry":{"type":"Point","coordinates":[14.111944,47.779942]},"properties":{"w":0.3146}},{"type":"Feature","geometry":{"type":"Point","coordinates":[15.250132,47.764046]},"properties":{"w":0.2825}},{"type":"Feature","geometry":{"type":"Point","coordinates":[13.776153,47.778332]},"properties":{"w":0.3731}},{"type":"Feature","geometry":{"type":"Point","coordinates":[14.568589,47.773421]},"properties":{"w":0.3692}},{"type":"Feature","geometry":{"type":"Point","coordinates":[15.627671,47.759039]},"properties":{"w":0.3291}},{"type":"Feature","geometry":{"type":"Point","coordinates":[16.00776,47.762399]},"properties":{"w":0.6926}},{"type":"Feature","geometry":{"type":"Point","coordinates":[13.547506,47.778169]},"properties":{"w":0.2856}},{"type":"Feature","geometry":{"type":"Point","coordinates":[15.230504,47.767806]},"properties":{"w":0.3374}},{"type":"Feature","geometry":{"type":"Point","coordinates":[15.652711,47.754769]},"properties":{"w":0.2786}},{"type":"Feature","geometry":{"type":"Point","coordinates":[14.085866,47.776591]},"properties":{"w":0.298}},{"type":"Feature","geometry":{"type":"Point","coordinates":[14.015723,47.778519]},"properties":{"w":0.3879}},{"type":"Feature","geometry":{"type":"Point","coordinates":[15.591634,47.755424]},"properties":{"w":0.3591}},{"type":"Feature","geometry":{"type":"Point","coordinates":[14.047338,47.782709]},"properties":{"w":0.567}},{"type":"Feature","geometry":{"type":"Point","coordinates":[15.556403,47.756221]},"properties":{"w":0.2786}},{"type":"Feature","geometry":{"type":"Point","coordinates":[14.125228,47.775623]},"properties":{"w":0.2786}},{"type":"Feature","geometry":{"type":"Point","coordinates":[14.523091,47.77816]},"properties":{"w":0.5416}},{"type":"Feature","geometry":{"type":"Point","coordinates":[16.890519,47.731594]},"properties":{"w":0.7483}},{"type":"Feature","geometry":{"type":"Point","coordinates":[14.582305,47.773697]},"properties":{"w":0.5262}},{"type":"Feature","geometry":{"type":"Point","coordinates":[15.562814,47.772175]},"properties":{"w":0.6992}},{"type":"Feature","geometry":{"type":"Point","coordinates":[14.030276,47.774923]},"properties":{"w":0.348}},{"type":"Feature","geometry":{"type":"Point","coordinates":[13.707077,47.775828]},"properties":{"w":0.2792}},{"type":"Feature","geometry":{"type":"Point","coordinates":[14.563452,47.769098]},"properties":{"w":0.3066}},{"type":"Feature","geometry":{"type":"Point","coordinates":[13.842143,47.77447]},"properties":{"w":0.298}},{"type":"Feature","geometry":{"type":"Point","coordinates":[15.468808,47.757395]},"properties":{"w":0.4347}},{"type":"Feature","geometry":{"type":"Point","coordinates":[15.606107,47.754564]},"properties":{"w":0.385}},{"type":"Feature","geometry":{"type":"Point","coordinates":[15.269406,47.758963]},"properties":{"w":0.3989}},{"type":"Feature","geometry":{"type":"Point","coordinates":[14.233527,47.771376]},"properties":{"w":0.3973}},{"type":"Feature","geometry":{"type":"Point","coordinates":[13.585059,47.773407]},"properties":{"w":0.3221}},{"type":"Feature","geometry":{"type":"Point","coordinates":[15.995604,47.742564]},"properties":{"w":0.2806}},{"type":"Feature","geometry":{"type":"Point","coordinates":[13.906239,47.774326]},"properties":{"w":0.4558}},{"type":"Feature","geometry":{"type":"Point","coordinates":[15.430245,47.752414]},"properties":{"w":0.2898}},{"type":"Feature","geometry":{"type":"Point","coordinates":[14.1495,47.771701]},"properties":{"w":0.298}},{"type":"Feature","geometry":{"type":"Point","coordinates":[14.088382,47.769146]},"properties":{"w":0.412}},{"type":"Feature","geometry":{"type":"Point","coordinates":[15.637628,47.747683]},"properties":{"w":0.3739}},{"type":"Feature","geometry":{"type":"Point","coordinates":[14.934186,47.762914]},"properties":{"w":0.477}},{"type":"Feature","geometry":{"type":"Point","coordinates":[13.845174,47.770471]},"properties":{"w":0.3498}},{"type":"Feature","geometry":{"type":"Point","coordinates":[13.601248,47.770077]},"properties":{"w":0.3502}},{"type":"Feature","geometry":{"type":"Point","coordinates":[13.929748,47.768421]},"properties":{"w":0.3161}},{"type":"Feature","geometry":{"type":"Point","coordinates":[14.137845,47.766767]},"properties":{"w":0.2916}},{"type":"Feature","geometry":{"type":"Point","coordinates":[14.517011,47.767148]},"properties":{"w":0.5626}},{"type":"Feature","geometry":{"type":"Point","coordinates":[13.45753,47.766967]},"properties":{"w":0.2646}},{"type":"Feature","geometry":{"type":"Point","coordinates":[15.622723,47.743774]},"properties":{"w":0.3382}},{"type":"Feature","geometry":{"type":"Point","coordinates":[14.613952,47.759898]},"properties":{"w":0.3137}},{"type":"Feature","geometry":{"type":"Point","coordinates":[13.882969,47.765993]},"properties":{"w":0.3912}},{"type":"Feature","geometry":{"type":"Point","coordinates":[13.874893,47.768592]},"properties":{"w":0.3358}},{"type":"Feature","geometry":{"type":"Point","coordinates":[13.558336,47.766365]},"properties":{"w":0.3252}},{"type":"Feature","geometry":{"type":"Point","coordinates":[15.406911,47.747773]},"properties":{"w":0.5832}},{"type":"Feature","geometry":{"type":"Point","coordinates":[14.111928,47.763094]},"properties":{"w":0.3812}},{"type":"Feature","geometry":{"type":"Point","coordinates":[14.028987,47.768739]},"properties":{"w":0.5184}},{"type":"Feature","geometry":{"type":"Point","coordinates":[13.510181,47.764162]},"properties":{"w":0.3899}},{"type":"Feature","geometry":{"type":"Point","coordinates":[13.892934,47.76044]},"properties":{"w":0.298}},{"type":"Feature","geometry":{"type":"Point","coordinates":[16.546731,47.721776]},"properties":{"w":0.4456}},{"type":"Feature","geometry":{"type":"Point","coordinates":[15.285925,47.751061]},"properties":{"w":0.5164}},{"type":"Feature","geometry":{"type":"Point","coordinates":[13.569355,47.761042]},"properties":{"w":0.3845}},{"type":"Feature","geometry":{"type":"Point","coordinates":[14.062386,47.758192]},"properties":{"w":0.3989}},{"type":"Feature","geometry":{"type":"Point","coordinates":[15.935074,47.737725]},"properties":{"w":0.6127}},{"type":"Feature","geometry":{"type":"Point","coordinates":[13.90121,47.758675]},"properties":{"w":0.3537}},{"type":"Feature","geometry":{"type":"Point","coordinates":[14.039097,47.756117]},"properties":{"w":0.3989}},{"type":"Feature","geometry":{"type":"Point","coordinates":[13.919764,47.758352]},"properties":{"w":0.5817}},{"type":"Feature","geometry":{"type":"Point","coordinates":[15.380552,47.739859]},"properties":{"w":0.3061}},{"type":"Feature","geometry":{"type":"Point","coordinates":[13.628524,47.757567]},"properties":{"w":0.368}},{"type":"Feature","geometry":{"type":"Point","coordinates":[14.048608,47.760391]},"properties":{"w":0.4594}},{"type":"Feature","geometry":{"type":"Point","coordinates":[16.464278,47.729484]},"properties":{"w":0.7386}},{"type":"Feature","geometry":{"type":"Point","coordinates":[14.037483,47.751792]},"properties":{"w":0.2887}},{"type":"Feature","geometry":{"type":"Point","coordinates":[15.399707,47.7386]},"properties":{"w":0.5533}},{"type":"Feature","geometry":{"type":"Point","coordinates":[13.898663,47.75239]},"properties":{"w":0.3358}},{"type":"Feature","geometry":{"type":"Point","coordinates":[14.588854,47.753076]},"properties":{"w":0.5925}},{"type":"Feature","geometry":{"type":"Point","coordinates":[14.855397,47.744797]},"properties":{"w":0.3896}},{"type":"Feature","geometry":{"type":"Point","coordinates":[13.136447,47.753845]},"properties":{"w":0.3551}},{"type":"Feature","geometry":{"type":"Point","coordinates":[13.737751,47.75302]},"properties":{"w":0.4181}},{"type":"Feature","geometry":{"type":"Point","coordinates":[13.507232,47.752778]},"properties":{"w":0.3722}},{"type":"Feature","geometry":{"type":"Point","coordinates":[13.333115,47.751991]},"properties":{"w":0.2837}},{"type":"Feature","geometry":{"type":"Point","coordinates":[13.633674,47.75104]},"properties":{"w":0.3321}},{"type":"Feature","geometry":{"type":"Point","coordinates":[13.986888,47.75878]},"properties":{"w":0.6843}},{"type":"Feature","geometry":{"type":"Point","coordinates":[13.536386,47.75314]},"properties":{"w":0.5038}},{"type":"Feature","geometry":{"type":"Point","coordinates":[15.850163,47.722145]},"properties":{"w":0.3146}},{"type":"Feature","geometry":{"type":"Point","coordinates":[16.966351,47.707939]},"properties":{"w":0.8279}},{"type":"Feature","geometry":{"type":"Point","coordinates":[14.952454,47.743384]},"properties":{"w":0.6313}},{"type":"Feature","geometry":{"type":"Point","coordinates":[13.284256,47.750385]},"properties":{"w":0.4993}},{"type":"Feature","geometry":{"type":"Point","coordinates":[13.126755,47.747364]},"properties":{"w":0.3871}},{"type":"Feature","geometry":{"type":"Point","coordinates":[16.875522,47.696405]},"properties":{"w":0.5144}},{"type":"Feature","geometry":{"type":"Point","coordinates":[13.807442,47.742836]},"properties":{"w":0.3899}},{"type":"Feature","geometry":{"type":"Point","coordinates":[13.15357,47.746432]},"properties":{"w":0.3221}},{"type":"Feature","geometry":{"type":"Point","coordinates":[15.834312,47.726861]},"properties":{"w":0.579}},{"type":"Feature","geometry":{"type":"Point","coordinates":[16.295354,47.737443]},"properties":{"w":0.8135}},{"type":"Feature","geometry":{"type":"Point","coordinates":[15.889088,47.727297]},"properties":{"w":0.8151}},{"type":"Feature","geometry":{"type":"Point","coordinates":[13.346507,47.749585]},"properties":{"w":0.4326}},{"type":"Feature","geometry":{"type":"Point","coordinates":[14.381565,47.735782]},"properties":{"w":0.2997}},{"type":"Feature","geometry":{"type":"Point","coordinates":[15.358644,47.722657]},"properties":{"w":0.298}},{"type":"Feature","geometry":{"type":"Point","coordinates":[13.285062,47.739508]},"properties":{"w":0.298}},{"type":"Feature","geometry":{"type":"Point","coordinates":[13.904154,47.747281]},"properties":{"w":0.6672}},{"type":"Feature","geometry":{"type":"Point","coordinates":[14.53233,47.739055]},"properties":{"w":0.519}},{"type":"Feature","geometry":{"type":"Point","coordinates":[13.210995,47.74126]},"properties":{"w":0.3358}},{"type":"Feature","geometry":{"type":"Point","coordinates":[16.257773,47.703415]},"properties":{"w":0.4376}},{"type":"Feature","geometry":{"type":"Point","coordinates":[15.675321,47.715063]},"properties":{"w":0.3358}},{"type":"Feature","geometry":{"type":"Point","coordinates":[13.337418,47.739161]},"properties":{"w":0.3677}},{"type":"Feature","geometry":{"type":"Point","coordinates":[13.610251,47.737771]},"properties":{"w":0.3374}},{"type":"Feature","geometry":{"type":"Point","coordinates":[13.305718,47.738562]},"properties":{"w":0.4207}},{"type":"Feature","geometry":{"type":"Point","coordinates":[16.282245,47.69994]},"properties":{"w":0.3278}},{"type":"Feature","geometry":{"type":"Point","coordinates":[14.025691,47.743584]},"properties":{"w":0.5924}},{"type":"Feature","geometry":{"type":"Point","coordinates":[13.927625,47.738443]},"properties":{"w":0.4869}},{"type":"Feature","geometry":{"type":"Point","coordinates":[14.074942,47.730008]},"properties":{"w":0.3066}},{"type":"Feature","geometry":{"type":"Point","coordinates":[14.093255,47.731096]},"properties":{"w":0.4163}},{"type":"Feature","geometry":{"type":"Point","coordinates":[13.309378,47.730774]},"properties":{"w":0.2957}},{"type":"Feature","geometry":{"type":"Point","coordinates":[14.936693,47.725971]},"properties":{"w":0.4118}},{"type":"Feature","geometry":{"type":"Point","coordinates":[14.432213,47.724055]},"properties":{"w":0.3771}},{"type":"Feature","geometry":{"type":"Point","coordinates":[14.406222,47.725604]},"properties":{"w":0.385}},{"type":"Feature","geometry":{"type":"Point","coordinates":[13.770925,47.728316]},"properties":{"w":0.2856}},{"type":"Feature","geometry":{"type":"Point","coordinates":[15.383071,47.71155]},"properties":{"w":0.4195}},{"type":"Feature","geometry":{"type":"Point","coordinates":[15.384081,47.725241]},"properties":{"w":0.605}},{"type":"Feature","geometry":{"type":"Point","coordinates":[16.290384,47.690451]},"properties":{"w":0.352}},{"type":"Feature","geometry":{"type":"Point","coordinates":[14.113131,47.723519]},"properties":{"w":0.3401}},{"type":"Feature","geometry":{"type":"Point","coordinates":[14.140303,47.722975]},"properties":{"w":0.2786}},{"type":"Feature","geometry":{"type":"Point","coordinates":[14.099866,47.723914]},"properties":{"w":0.4497}},{"type":"Feature","geometry":{"type":"Point","coordinates":[15.392889,47.708313]},"properties":{"w":0.4026}},{"type":"Feature","geometry":{"type":"Point","coordinates":[13.301073,47.729108]},"properties":{"w":0.5291}},{"type":"Feature","geometry":{"type":"Point","coordinates":[16.387953,47.684031]},"properties":{"w":0.3291}},{"type":"Feature","geometry":{"type":"Point","coordinates":[15.316033,47.710756]},"properties":{"w":0.4228}},{"type":"Feature","geometry":{"type":"Point","coordinates":[15.403365,47.70639]},"properties":{"w":0.3829}},{"type":"Feature","geometry":{"type":"Point","coordinates":[15.359713,47.71016]},"properties":{"w":0.3401}},{"type":"Feature","geometry":{"type":"Point","coordinates":[13.803652,47.721265]},"properties":{"w":0.3221}},{"type":"Feature","geometry":{"type":"Point","coordinates":[14.083653,47.72018]},"properties":{"w":0.4181}},{"type":"Feature","geometry":{"type":"Point","coordinates":[13.753847,47.724449]},"properties":{"w":0.4568}},{"type":"Feature","geometry":{"type":"Point","coordinates":[13.831925,47.722574]},"properties":{"w":0.3894}},{"type":"Feature","geometry":{"type":"Point","coordinates":[13.820446,47.723427]},"properties":{"w":0.4952}},{"type":"Feature","geometry":{"type":"Point","coordinates":[13.688223,47.719747]},"properties":{"w":0.4256}},{"type":"Feature","geometry":{"type":"Point","coordinates":[15.395944,47.70181]},"properties":{"w":0.2974}},{"type":"Feature","geometry":{"type":"Point","coordinates":[13.368084,47.722431]},"properties":{"w":0.5221}},{"type":"Feature","geometry":{"type":"Point","coordinates":[13.789185,47.718593]},"properties":{"w":0.3537}},{"type":"Feature","geometry":{"type":"Point","coordinates":[12.970261,47.718075]},"properties":{"w":0.3495}},{"type":"Feature","geometry":{"type":"Point","coordinates":[12.217958,47.712972]},"properties":{"w":0.2825}},{"type":"Feature","geometry":{"type":"Point","coordinates":[15.299547,47.714954]},"properties":{"w":0.5859}},{"type":"Feature","geometry":{"type":"Point","coordinates":[13.850852,47.72209]},"properties":{"w":0.3665}},{"type":"Feature","geometry":{"type":"Point","coordinates":[12.993666,47.717418]},"properties":{"w":0.298}},{"type":"Feature","geometry":{"type":"Point","coordinates":[13.809346,47.716055]},"properties":{"w":0.2934}},{"type":"Feature","geometry":{"type":"Point","coordinates":[15.733411,47.691821]},"properties":{"w":0.2934}},{"type":"Feature","geometry":{"type":"Point","coordinates":[15.746011,47.691547]},"properties":{"w":0.2929}},{"type":"Feature","geometry":{"type":"Point","coordinates":[15.311449,47.700823]},"properties":{"w":0.3252}},{"type":"Feature","geometry":{"type":"Point","coordinates":[15.382351,47.699223]},"properties":{"w":0.3662}},{"type":"Feature","geometry":{"type":"Point","coordinates":[14.020305,47.713403]},"properties":{"w":0.2786}},{"type":"Feature","geometry":{"type":"Point","coordinates":[15.307062,47.705753]},"properties":{"w":0.4181}},{"type":"Feature","geometry":{"type":"Point","coordinates":[14.107236,47.713046]},"properties":{"w":0.4621}},{"type":"Feature","geometry":{"type":"Point","coordinates":[15.347188,47.696424]},"properties":{"w":0.4662}},{"type":"Feature","geometry":{"type":"Point","coordinates":[13.769935,47.713633]},"properties":{"w":0.4015}},{"type":"Feature","geometry":{"type":"Point","coordinates":[16.104051,47.68085]},"properties":{"w":0.4212}},{"type":"Feature","geometry":{"type":"Point","coordinates":[12.974034,47.711056]},"properties":{"w":0.5673}},{"type":"Feature","geometry":{"type":"Point","coordinates":[15.380118,47.692198]},"properties":{"w":0.3451}},{"type":"Feature","geometry":{"type":"Point","coordinates":[15.366574,47.693011]},"properties":{"w":0.3807}},{"type":"Feature","geometry":{"type":"Point","coordinates":[15.307753,47.690723]},"properties":{"w":0.3338}},{"type":"Feature","geometry":{"type":"Point","coordinates":[13.423823,47.708295]},"properties":{"w":0.3588}},{"type":"Feature","geometry":{"type":"Point","coordinates":[14.004973,47.709006]},"properties":{"w":0.422}},{"type":"Feature","geometry":{"type":"Point","coordinates":[16.357178,47.682726]},"properties":{"w":0.771}},{"type":"Feature","geometry":{"type":"Point","coordinates":[13.269333,47.710052]},"properties":{"w":0.4865}},{"type":"Feature","geometry":{"type":"Point","coordinates":[14.011672,47.703412]},"properties":{"w":0.2911}},{"type":"Feature","geometry":{"type":"Point","coordinates":[13.687289,47.705544]},"properties":{"w":0.4473}},{"type":"Feature","geometry":{"type":"Point","coordinates":[13.258685,47.705621]},"properties":{"w":0.3751}},{"type":"Feature","geometry":{"type":"Point","coordinates":[13.7115,47.716493]},"properties":{"w":0.7158}},{"type":"Feature","geometry":{"type":"Point","coordinates":[15.28465,47.686839]},"properties":{"w":0.2862}},{"type":"Feature","geometry":{"type":"Point","coordinates":[14.03189,47.705031]},"properties":{"w":0.5646}},{"type":"Feature","geometry":{"type":"Point","coordinates":[13.35566,47.714422]},"properties":{"w":0.7913}},{"type":"Feature","geometry":{"type":"Point","coordinates":[13.245939,47.708121]},"properties":{"w":0.4368}},{"type":"Feature","geometry":{"type":"Point","coordinates":[15.288444,47.68377]},"properties":{"w":0.3175}},{"type":"Feature","geometry":{"type":"Point","coordinates":[13.422548,47.698851]},"properties":{"w":0.2837}},{"type":"Feature","geometry":{"type":"Point","coordinates":[12.422759,47.694249]},"properties":{"w":0.3217}},{"type":"Feature","geometry":{"type":"Point","coordinates":[14.187448,47.692336]},"properties":{"w":0.3122}},{"type":"Feature","geometry":{"type":"Point","coordinates":[13.296897,47.699924]},"properties":{"w":0.3498}},{"type":"Feature","geometry":{"type":"Point","coordinates":[14.406186,47.692959]},"properties":{"w":0.532}},{"type":"Feature","geometry":{"type":"Point","coordinates":[12.346678,47.690117]},"properties":{"w":0.3235}},{"type":"Feature","geometry":{"type":"Point","coordinates":[14.045039,47.696932]},"properties":{"w":0.4568}},{"type":"Feature","geometry":{"type":"Point","coordinates":[15.384489,47.673457]},"properties":{"w":0.2963}},{"type":"Feature","geometry":{"type":"Point","coordinates":[14.202891,47.689935]},"properties":{"w":0.5027}},{"type":"Feature","geometry":{"type":"Point","coordinates":[14.245642,47.688208]},"properties":{"w":0.5477}},{"type":"Feature","geometry":{"type":"Point","coordinates":[14.424659,47.684121]},"properties":{"w":0.337}},{"type":"Feature","geometry":{"type":"Point","coordinates":[13.519031,47.694307]},"properties":{"w":0.4807}},{"type":"Feature","geometry":{"type":"Point","coordinates":[14.213542,47.690164]},"properties":{"w":0.3695}},{"type":"Feature","geometry":{"type":"Point","coordinates":[13.460028,47.691288]},"properties":{"w":0.3417}},{"type":"Feature","geometry":{"type":"Point","coordinates":[13.600422,47.687373]},"properties":{"w":0.2887}},{"type":"Feature","geometry":{"type":"Point","coordinates":[14.040259,47.686163]},"properties":{"w":0.4813}},{"type":"Feature","geometry":{"type":"Point","coordinates":[12.353694,47.684558]},"properties":{"w":0.4646}},{"type":"Feature","geometry":{"type":"Point","coordinates":[13.697696,47.687417]},"properties":{"w":0.4157}},{"type":"Feature","geometry":{"type":"Point","coordinates":[13.669153,47.687362]},"properties":{"w":0.4276}},{"type":"Feature","geometry":{"type":"Point","coordinates":[12.286467,47.685017]},"properties":{"w":0.4821}},{"type":"Feature","geometry":{"type":"Point","coordinates":[12.324891,47.679808]},"properties":{"w":0.2923}},{"type":"Feature","geometry":{"type":"Point","coordinates":[14.423653,47.679067]},"properties":{"w":0.3646}},{"type":"Feature","geometry":{"type":"Point","coordinates":[14.282906,47.681379]},"properties":{"w":0.3949}},{"type":"Feature","geometry":{"type":"Point","coordinates":[15.545921,47.662435]},"properties":{"w":0.2881}},{"type":"Feature","geometry":{"type":"Point","coordinates":[15.249665,47.67978]},"properties":{"w":0.6938}},{"type":"Feature","geometry":{"type":"Point","coordinates":[15.366123,47.664913]},"properties":{"w":0.403}},{"type":"Feature","geometry":{"type":"Point","coordinates":[13.273815,47.682523]},"properties":{"w":0.3956}},{"type":"Feature","geometry":{"type":"Point","coordinates":[15.281302,47.673047]},"properties":{"w":0.5632}},{"type":"Feature","geometry":{"type":"Point","coordinates":[14.38495,47.674707]},"properties":{"w":0.3597}},{"type":"Feature","geometry":{"type":"Point","coordinates":[13.437139,47.678344]},"properties":{"w":0.3081}},{"type":"Feature","geometry":{"type":"Point","coordinates":[13.710237,47.678721]},"properties":{"w":0.4968}},{"type":"Feature","geometry":{"type":"Point","coordinates":[12.710359,47.673282]},"properties":{"w":0.3097}},{"type":"Feature","geometry":{"type":"Point","coordinates":[13.678734,47.676206]},"properties":{"w":0.5332}},{"type":"Feature","geometry":{"type":"Point","coordinates":[14.150845,47.671354]},"properties":{"w":0.2974}},{"type":"Feature","geometry":{"type":"Point","coordinates":[14.077608,47.674778]},"properties":{"w":0.4931}},{"type":"Feature","geometry":{"type":"Point","coordinates":[15.328969,47.657255]},"properties":{"w":0.3066}},{"type":"Feature","geometry":{"type":"Point","coordinates":[15.239039,47.65912]},"properties":{"w":0.49}},{"type":"Feature","geometry":{"type":"Point","coordinates":[15.378879,47.658083]},"properties":{"w":0.5096}},{"type":"Feature","geometry":{"type":"Point","coordinates":[12.627136,47.666763]},"properties":{"w":0.3235}},{"type":"Feature","geometry":{"type":"Point","coordinates":[14.205003,47.66904]},"properties":{"w":0.3667}},{"type":"Feature","geometry":{"type":"Point","coordinates":[13.36293,47.668781]},"properties":{"w":0.3643}},{"type":"Feature","geometry":{"type":"Point","coordinates":[13.586169,47.669235]},"properties":{"w":0.2929}},{"type":"Feature","geometry":{"type":"Point","coordinates":[16.313119,47.629617]},"properties":{"w":0.3151}},{"type":"Feature","geometry":{"type":"Point","coordinates":[12.709029,47.666612]},"properties":{"w":0.4187}},{"type":"Feature","geometry":{"type":"Point","coordinates":[14.176602,47.663618]},"properties":{"w":0.3002}},{"type":"Feature","geometry":{"type":"Point","coordinates":[15.380932,47.649101]},"properties":{"w":0.4026}},{"type":"Feature","geometry":{"type":"Point","coordinates":[13.708027,47.668201]},"properties":{"w":0.4539}},{"type":"Feature","geometry":{"type":"Point","coordinates":[15.596189,47.64284]},"properties":{"w":0.3436}},{"type":"Feature","geometry":{"type":"Point","coordinates":[15.782119,47.639784]},"properties":{"w":0.3221}},{"type":"Feature","geometry":{"type":"Point","coordinates":[15.423298,47.651514]},"properties":{"w":0.6182}},{"type":"Feature","geometry":{"type":"Point","coordinates":[15.447154,47.647663]},"properties":{"w":0.3617}},{"type":"Feature","geometry":{"type":"Point","coordinates":[13.351366,47.666656]},"properties":{"w":0.2887}},{"type":"Feature","geometry":{"type":"Point","coordinates":[15.524114,47.644569]},"properties":{"w":0.2985}},{"type":"Feature","geometry":{"type":"Point","coordinates":[13.662239,47.66623]},"properties":{"w":0.4012}},{"type":"Feature","geometry":{"type":"Point","coordinates":[13.725672,47.668904]},"properties":{"w":0.4738}},{"type":"Feature","geometry":{"type":"Point","coordinates":[13.44139,47.666622]},"properties":{"w":0.4737}},{"type":"Feature","geometry":{"type":"Point","coordinates":[13.297653,47.666487]},"properties":{"w":0.3221}},{"type":"Feature","geometry":{"type":"Point","coordinates":[14.136602,47.659011]},"properties":{"w":0.3421}},{"type":"Feature","geometry":{"type":"Point","coordinates":[15.373992,47.644207]},"properties":{"w":0.3869}},{"type":"Feature","geometry":{"type":"Point","coordinates":[15.328185,47.642317]},"properties":{"w":0.4369}},{"type":"Feature","geometry":{"type":"Point","coordinates":[15.537867,47.638725]},"properties":{"w":0.3866}},{"type":"Feature","geometry":{"type":"Point","coordinates":[12.605391,47.658941]},"properties":{"w":0.5463}},{"type":"Feature","geometry":{"type":"Point","coordinates":[15.239698,47.642907]},"properties":{"w":0.4561}},{"type":"Feature","geometry":{"type":"Point","coordinates":[14.121963,47.65268]},"properties":{"w":0.3184}},{"type":"Feature","geometry":{"type":"Point","coordinates":[15.367395,47.637547]},"properties":{"w":0.304}},{"type":"Feature","geometry":{"type":"Point","coordinates":[13.93416,47.655504]},"properties":{"w":0.4015}},{"type":"Feature","geometry":{"type":"Point","coordinates":[15.293668,47.640012]},"properties":{"w":0.2818}},{"type":"Feature","geometry":{"type":"Point","coordinates":[16.539231,47.627349]},"properties":{"w":0.801}},{"type":"Feature","geometry":{"type":"Point","coordinates":[15.514476,47.63704]},"properties":{"w":0.3505}},{"type":"Feature","geometry":{"type":"Point","coordinates":[13.393478,47.660442]},"properties":{"w":0.5594}},{"type":"Feature","geometry":{"type":"Point","coordinates":[15.500088,47.641419]},"properties":{"w":0.413}},{"type":"Feature","geometry":{"type":"Point","coordinates":[15.346778,47.639589]},"properties":{"w":0.371}},{"type":"Feature","geometry":{"type":"Point","coordinates":[12.456873,47.650687]},"properties":{"w":0.4586}},{"type":"Feature","geometry":{"type":"Point","coordinates":[13.350838,47.658016]},"properties":{"w":0.4786}},{"type":"Feature","geometry":{"type":"Point","coordinates":[15.473818,47.636049]},"properties":{"w":0.2831}},{"type":"Feature","geometry":{"type":"Point","coordinates":[14.108017,47.651814]},"properties":{"w":0.3466}},{"type":"Feature","geometry":{"type":"Point","coordinates":[14.058727,47.65549]},"properties":{"w":0.4846}},{"type":"Feature","geometry":{"type":"Point","coordinates":[15.270463,47.64703]},"properties":{"w":0.6095}},{"type":"Feature","geometry":{"type":"Point","coordinates":[15.394287,47.635115]},"properties":{"w":0.3248}},{"type":"Feature","geometry":{"type":"Point","coordinates":[13.898268,47.651933]},"properties":{"w":0.3018}},{"type":"Feature","geometry":{"type":"Point","coordinates":[14.551632,47.645255]},"properties":{"w":0.2898}},{"type":"Feature","geometry":{"type":"Point","coordinates":[13.915893,47.652091]},"properties":{"w":0.4503}},{"type":"Feature","geometry":{"type":"Point","coordinates":[13.688666,47.652118]},"properties":{"w":0.3601}},{"type":"Feature","geometry":{"type":"Point","coordinates":[15.497516,47.6333]},"properties":{"w":0.3116}},{"type":"Feature","geometry":{"type":"Point","coordinates":[15.641088,47.626861]},"properties":{"w":0.2887}},{"type":"Feature","geometry":{"type":"Point","coordinates":[15.319399,47.634008]},"properties":{"w":0.3643}},{"type":"Feature","geometry":{"type":"Point","coordinates":[13.453101,47.65033]},"properties":{"w":0.3081}},{"type":"Feature","geometry":{"type":"Point","coordinates":[15.285168,47.634052]},"properties":{"w":0.401}},{"type":"Feature","geometry":{"type":"Point","coordinates":[13.30846,47.657317]},"properties":{"w":0.4774}},{"type":"Feature","geometry":{"type":"Point","coordinates":[15.850842,47.619013]},"properties":{"w":0.3428}},{"type":"Feature","geometry":{"type":"Point","coordinates":[14.314428,47.644941]},"properties":{"w":0.493}},{"type":"Feature","geometry":{"type":"Point","coordinates":[15.618405,47.629168]},"properties":{"w":0.4952}},{"type":"Feature","geometry":{"type":"Point","coordinates":[15.587125,47.631488]},"properties":{"w":0.457}},{"type":"Feature","geometry":{"type":"Point","coordinates":[13.291249,47.652131]},"properties":{"w":0.3978}},{"type":"Feature","geometry":{"type":"Point","coordinates":[15.716885,47.627007]},"properties":{"w":0.3477}},{"type":"Feature","geometry":{"type":"Point","coordinates":[15.337068,47.628655]},"properties":{"w":0.4153}},{"type":"Feature","geometry":{"type":"Point","coordinates":[15.579806,47.623225]},"properties":{"w":0.298}},{"type":"Feature","geometry":{"type":"Point","coordinates":[15.707205,47.621173]},"properties":{"w":0.3646}},{"type":"Feature","geometry":{"type":"Point","coordinates":[15.728192,47.619687]},"properties":{"w":0.3665}},{"type":"Feature","geometry":{"type":"Point","coordinates":[14.35293,47.64107]},"properties":{"w":0.3561}},{"type":"Feature","geometry":{"type":"Point","coordinates":[15.829398,47.61591]},"properties":{"w":0.2831}},{"type":"Feature","geometry":{"type":"Point","coordinates":[16.432985,47.644202]},"properties":{"w":0.9122}},{"type":"Feature","geometry":{"type":"Point","coordinates":[12.622894,47.644744]},"properties":{"w":0.5588}},{"type":"Feature","geometry":{"type":"Point","coordinates":[15.219043,47.629967]},"properties":{"w":0.5936}},{"type":"Feature","geometry":{"type":"Point","coordinates":[15.176246,47.625053]},"properties":{"w":0.3291}},{"type":"Feature","geometry":{"type":"Point","coordinates":[14.083307,47.639092]},"properties":{"w":0.3409}},{"type":"Feature","geometry":{"type":"Point","coordinates":[16.325074,47.606888]},"properties":{"w":0.5003}},{"type":"Feature","geometry":{"type":"Point","coordinates":[13.439402,47.641758]},"properties":{"w":0.4399}},{"type":"Feature","geometry":{"type":"Point","coordinates":[12.585086,47.638752]},"properties":{"w":0.4614}},{"type":"Feature","geometry":{"type":"Point","coordinates":[13.244102,47.63825]},"properties":{"w":0.2916}},{"type":"Feature","geometry":{"type":"Point","coordinates":[15.373309,47.621012]},"properties":{"w":0.3413}},{"type":"Feature","geometry":{"type":"Point","coordinates":[14.348571,47.633574]},"properties":{"w":0.3184}},{"type":"Feature","geometry":{"type":"Point","coordinates":[15.16419,47.62302]},"properties":{"w":0.4647}},{"type":"Feature","geometry":{"type":"Point","coordinates":[15.337358,47.619182]},"properties":{"w":0.3812}},{"type":"Feature","geometry":{"type":"Point","coordinates":[13.229196,47.635326]},"properties":{"w":0.3131}},{"type":"Feature","geometry":{"type":"Point","coordinates":[15.181038,47.620264]},"properties":{"w":0.3066}},{"type":"Feature","geometry":{"type":"Point","coordinates":[15.402065,47.617333]},"properties":{"w":0.298}},{"type":"Feature","geometry":{"type":"Point","coordinates":[13.109113,47.641779]},"properties":{"w":0.4951}},{"type":"Feature","geometry":{"type":"Point","coordinates":[15.165957,47.617818]},"properties":{"w":0.2887}},{"type":"Feature","geometry":{"type":"Point","coordinates":[15.526277,47.615131]},"properties":{"w":0.4381}},{"type":"Feature","geometry":{"type":"Point","coordinates":[15.306345,47.617763]},"properties":{"w":0.3554}},{"type":"Feature","geometry":{"type":"Point","coordinates":[12.652314,47.631743]},"properties":{"w":0.2887}},{"type":"Feature","geometry":{"type":"Point","coordinates":[15.235063,47.61814]},"properties":{"w":0.5221}},{"type":"Feature","geometry":{"type":"Point","coordinates":[14.423325,47.626262]},"properties":{"w":0.3066}},{"type":"Feature","geometry":{"type":"Point","coordinates":[15.556645,47.610705]},"properties":{"w":0.3061}},{"type":"Feature","geometry":{"type":"Point","coordinates":[12.532659,47.631382]},"properties":{"w":0.5292}},{"type":"Feature","geometry":{"type":"Point","coordinates":[15.321693,47.624872]},"properties":{"w":0.5058}},{"type":"Feature","geometry":{"type":"Point","coordinates":[15.376147,47.611578]},"properties":{"w":0.2887}},{"type":"Feature","geometry":{"type":"Point","coordinates":[15.325348,47.613079]},"properties":{"w":0.3066}},{"type":"Feature","geometry":{"type":"Point","coordinates":[14.406133,47.630012]},"properties":{"w":0.4999}},{"type":"Feature","geometry":{"type":"Point","coordinates":[15.170343,47.613892]},"properties":{"w":0.434}},{"type":"Feature","geometry":{"type":"Point","coordinates":[15.417298,47.614878]},"properties":{"w":0.4968}},{"type":"Feature","geometry":{"type":"Point","coordinates":[15.257353,47.61176]},"properties":{"w":0.2875}},{"type":"Feature","geometry":{"type":"Point","coordinates":[12.671544,47.62602]},"properties":{"w":0.2898}},{"type":"Feature","geometry":{"type":"Point","coordinates":[13.257376,47.627394]},"properties":{"w":0.294}},{"type":"Feature","geometry":{"type":"Point","coordinates":[13.457137,47.62849]},"properties":{"w":0.3345}},{"type":"Feature","geometry":{"type":"Point","coordinates":[15.304577,47.611245]},"properties":{"w":0.3221}},{"type":"Feature","geometry":{"type":"Point","coordinates":[15.58153,47.604541]},"properties":{"w":0.2825}},{"type":"Feature","geometry":{"type":"Point","coordinates":[15.47722,47.616244]},"properties":{"w":0.4568}},{"type":"Feature","geometry":{"type":"Point","coordinates":[13.697639,47.62735]},"properties":{"w":0.4237}},{"type":"Feature","geometry":{"type":"Point","coordinates":[13.952296,47.633537]},"properties":{"w":0.5571}},{"type":"Feature","geometry":{"type":"Point","coordinates":[13.935296,47.624069]},"properties":{"w":0.298}},{"type":"Feature","geometry":{"type":"Point","coordinates":[15.260233,47.608764]},"properties":{"w":0.2905}},{"type":"Feature","geometry":{"type":"Point","coordinates":[13.400388,47.624703]},"properties":{"w":0.3146}},{"type":"Feature","geometry":{"type":"Point","coordinates":[12.509625,47.622072]},"properties":{"w":0.3776}},{"type":"Feature","geometry":{"type":"Point","coordinates":[12.682692,47.623143]},"properties":{"w":0.3742}},{"type":"Feature","geometry":{"type":"Point","coordinates":[14.556724,47.617084]},"properties":{"w":0.3141}},{"type":"Feature","geometry":{"type":"Point","coordinates":[15.19287,47.609927]},"properties":{"w":0.3889}},{"type":"Feature","geometry":{"type":"Point","coordinates":[13.689221,47.622364]},"properties":{"w":0.3762}},{"type":"Feature","geometry":{"type":"Point","coordinates":[12.490887,47.629659]},"properties":{"w":0.5788}},{"type":"Feature","geometry":{"type":"Point","coordinates":[13.946339,47.620902]},"properties":{"w":0.3768}},{"type":"Feature","geometry":{"type":"Point","coordinates":[13.107272,47.622468]},"properties":{"w":0.3812}},{"type":"Feature","geometry":{"type":"Point","coordinates":[12.689949,47.621239]},"properties":{"w":0.3719}},{"type":"Feature","geometry":{"type":"Point","coordinates":[15.399341,47.60364]},"properties":{"w":0.4342}},{"type":"Feature","geometry":{"type":"Point","coordinates":[15.589116,47.599534]},"properties":{"w":0.2812}},{"type":"Feature","geometry":{"type":"Point","coordinates":[12.633721,47.620617]},"properties":{"w":0.3771}},{"type":"Feature","geometry":{"type":"Point","coordinates":[15.619026,47.610148]},"properties":{"w":0.6637}},{"type":"Feature","geometry":{"type":"Point","coordinates":[12.363576,47.623474]},"properties":{"w":0.5518}},{"type":"Feature","geometry":{"type":"Point","coordinates":[15.439764,47.600564]},"properties":{"w":0.2798}},{"type":"Feature","geometry":{"type":"Point","coordinates":[15.571805,47.604421]},"properties":{"w":0.3871}},{"type":"Feature","geometry":{"type":"Point","coordinates":[15.596607,47.59934]},"properties":{"w":0.3564}},{"type":"Feature","geometry":{"type":"Point","coordinates":[15.569192,47.611241]},"properties":{"w":0.4935}},{"type":"Feature","geometry":{"type":"Point","coordinates":[13.520648,47.622207]},"properties":{"w":0.3454}},{"type":"Feature","geometry":{"type":"Point","coordinates":[12.66765,47.619403]},"properties":{"w":0.3802}},{"type":"Feature","geometry":{"type":"Point","coordinates":[15.605702,47.601141]},"properties":{"w":0.3683}},{"type":"Feature","geometry":{"type":"Point","coordinates":[12.799107,47.616881]},"properties":{"w":0.2997}},{"type":"Feature","geometry":{"type":"Point","coordinates":[15.796717,47.594701]},"properties":{"w":0.3869}},{"type":"Feature","geometry":{"type":"Point","coordinates":[15.397432,47.616997]},"properties":{"w":0.5512}},{"type":"Feature","geometry":{"type":"Point","coordinates":[15.781262,47.594756]},"properties":{"w":0.3571}},{"type":"Feature","geometry":{"type":"Point","coordinates":[12.782872,47.616009]},"properties":{"w":0.3564}},{"type":"Feature","geometry":{"type":"Point","coordinates":[12.115867,47.609983]},"properties":{"w":0.3198}},{"type":"Feature","geometry":{"type":"Point","coordinates":[14.421854,47.616899]},"properties":{"w":0.4518}},{"type":"Feature","geometry":{"type":"Point","coordinates":[15.402116,47.598311]},"properties":{"w":0.3221}},{"type":"Feature","geometry":{"type":"Point","coordinates":[13.278322,47.616401]},"properties":{"w":0.3996}},{"type":"Feature","geometry":{"type":"Point","coordinates":[15.852134,47.603565]},"properties":{"w":0.5836}},{"type":"Feature","geometry":{"type":"Point","coordinates":[12.507442,47.614494]},"properties":{"w":0.3734}},{"type":"Feature","geometry":{"type":"Point","coordinates":[13.713441,47.617751]},"properties":{"w":0.4885}},{"type":"Feature","geometry":{"type":"Point","coordinates":[15.044137,47.603925]},"properties":{"w":0.3543}},{"type":"Feature","geometry":{"type":"Point","coordinates":[12.608068,47.616331]},"properties":{"w":0.4319}},{"type":"Feature","geometry":{"type":"Point","coordinates":[15.583982,47.596447]},"properties":{"w":0.3796}},{"type":"Feature","geometry":{"type":"Point","coordinates":[13.43126,47.617636]},"properties":{"w":0.4563}},{"type":"Feature","geometry":{"type":"Point","coordinates":[13.927551,47.623598]},"properties":{"w":0.6441}},{"type":"Feature","geometry":{"type":"Point","coordinates":[15.811599,47.589164]},"properties":{"w":0.2786}},{"type":"Feature","geometry":{"type":"Point","coordinates":[14.476336,47.607137]},"properties":{"w":0.2831}},{"type":"Feature","geometry":{"type":"Point","coordinates":[14.392272,47.60908]},"properties":{"w":0.4195}},{"type":"Feature","geometry":{"type":"Point","coordinates":[15.159234,47.605318]},"properties":{"w":0.5881}},{"type":"Feature","geometry":{"type":"Point","coordinates":[13.281361,47.611611]},"properties":{"w":0.2843}},{"type":"Feature","geometry":{"type":"Point","coordinates":[10.470549,47.581784]},"properties":{"w":0.4173}},{"type":"Feature","geometry":{"type":"Point","coordinates":[13.973771,47.611885]},"properties":{"w":0.5285}},{"type":"Feature","geometry":{"type":"Point","coordinates":[14.909994,47.600011]},"properties":{"w":0.2887}},{"type":"Feature","geometry":{"type":"Point","coordinates":[14.937614,47.607615]},"properties":{"w":0.6344}},{"type":"Feature","geometry":{"type":"Point","coordinates":[15.212214,47.602577]},"properties":{"w":0.5868}},{"type":"Feature","geometry":{"type":"Point","coordinates":[15.92252,47.58761]},"properties":{"w":0.5112}},{"type":"Feature","geometry":{"type":"Point","coordinates":[16.352119,47.580333]},"properties":{"w":0.7011}},{"type":"Feature","geometry":{"type":"Point","coordinates":[13.696687,47.609494]},"properties":{"w":0.2934}},{"type":"Feature","geometry":{"type":"Point","coordinates":[15.131555,47.597635]},"properties":{"w":0.4122}},{"type":"Feature","geometry":{"type":"Point","coordinates":[15.397911,47.593723]},"properties":{"w":0.3126}},{"type":"Feature","geometry":{"type":"Point","coordinates":[13.535166,47.619164]},"properties":{"w":0.678}},{"type":"Feature","geometry":{"type":"Point","coordinates":[12.421072,47.605771]},"properties":{"w":0.3996}},{"type":"Feature","geometry":{"type":"Point","coordinates":[15.394997,47.590525]},"properties":{"w":0.3523}},{"type":"Feature","geometry":{"type":"Point","coordinates":[15.251247,47.59537]},"properties":{"w":0.3771}},{"type":"Feature","geometry":{"type":"Point","coordinates":[15.083554,47.603303]},"properties":{"w":0.6989}},{"type":"Feature","geometry":{"type":"Point","coordinates":[14.109907,47.604367]},"properties":{"w":0.3212}},{"type":"Feature","geometry":{"type":"Point","coordinates":[15.430265,47.595448]},"properties":{"w":0.4364}},{"type":"Feature","geometry":{"type":"Point","coordinates":[13.850858,47.604391]},"properties":{"w":0.3207}},{"type":"Feature","geometry":{"type":"Point","coordinates":[15.526202,47.588906]},"properties":{"w":0.4629}},{"type":"Feature","geometry":{"type":"Point","coordinates":[15.886479,47.582021]},"properties":{"w":0.4274}},{"type":"Feature","geometry":{"type":"Point","coordinates":[15.387565,47.588218]},"properties":{"w":0.3034}},{"type":"Feature","geometry":{"type":"Point","coordinates":[12.347066,47.599759]},"properties":{"w":0.2862}},{"type":"Feature","geometry":{"type":"Point","coordinates":[16.467592,47.567819]},"properties":{"w":0.5312}},{"type":"Feature","geometry":{"type":"Point","coordinates":[15.368485,47.59337]},"properties":{"w":0.3907}},{"type":"Feature","geometry":{"type":"Point","coordinates":[15.782781,47.5762]},"properties":{"w":0.3175}},{"type":"Feature","geometry":{"type":"Point","coordinates":[12.629648,47.604254]},"properties":{"w":0.4917}},{"type":"Feature","geometry":{"type":"Point","coordinates":[14.947749,47.592476]},"properties":{"w":0.4086}},{"type":"Feature","geometry":{"type":"Point","coordinates":[11.877818,47.592314]},"properties":{"w":0.3818}},{"type":"Feature","geometry":{"type":"Point","coordinates":[12.332068,47.597298]},"properties":{"w":0.3126}},{"type":"Feature","geometry":{"type":"Point","coordinates":[13.507621,47.602756]},"properties":{"w":0.2786}},{"type":"Feature","geometry":{"type":"Point","coordinates":[15.377179,47.587364]},"properties":{"w":0.4337}},{"type":"Feature","geometry":{"type":"Point","coordinates":[14.046786,47.598407]},"properties":{"w":0.2945}},{"type":"Feature","geometry":{"type":"Point","coordinates":[13.887923,47.602846]},"properties":{"w":0.5882}},{"type":"Feature","geometry":{"type":"Point","coordinates":[9.812266,47.548214]},"properties":{"w":0.4033}},{"type":"Feature","geometry":{"type":"Point","coordinates":[15.949655,47.56909]},"properties":{"w":0.2786}},{"type":"Feature","geometry":{"type":"Point","coordinates":[11.720509,47.58753]},"properties":{"w":0.3291}},{"type":"Feature","geometry":{"type":"Point","coordinates":[15.231419,47.588374]},"properties":{"w":0.4758}},{"type":"Feature","geometry":{"type":"Point","coordinates":[14.424851,47.594592]},"properties":{"w":0.3102}},{"type":"Feature","geometry":{"type":"Point","coordinates":[15.93266,47.573269]},"properties":{"w":0.3658}},{"type":"Feature","geometry":{"type":"Point","coordinates":[14.319156,47.597117]},"properties":{"w":0.4776}},{"type":"Feature","geometry":{"type":"Point","coordinates":[15.982968,47.568394]},"properties":{"w":0.3731}},{"type":"Feature","geometry":{"type":"Point","coordinates":[14.432892,47.591767]},"properties":{"w":0.3597}},{"type":"Feature","geometry":{"type":"Point","coordinates":[15.765458,47.572611]},"properties":{"w":0.3623}},{"type":"Feature","geometry":{"type":"Point","coordinates":[12.423207,47.594439]},"properties":{"w":0.3342}},{"type":"Feature","geometry":{"type":"Point","coordinates":[13.850802,47.594296]},"properties":{"w":0.3193}},{"type":"Feature","geometry":{"type":"Point","coordinates":[14.25576,47.596046]},"properties":{"w":0.5005}},{"type":"Feature","geometry":{"type":"Point","coordinates":[12.642792,47.594946]},"properties":{"w":0.3401}},{"type":"Feature","geometry":{"type":"Point","coordinates":[15.356345,47.584108]},"properties":{"w":0.5091}},{"type":"Feature","geometry":{"type":"Point","coordinates":[11.784602,47.584853]},"properties":{"w":0.3617}},{"type":"Feature","geometry":{"type":"Point","coordinates":[14.848516,47.58829]},"properties":{"w":0.4395}},{"type":"Feature","geometry":{"type":"Point","coordinates":[15.259164,47.582006]},"properties":{"w":0.3354}},{"type":"Feature","geometry":{"type":"Point","coordinates":[11.772493,47.583803]},"properties":{"w":0.3066}},{"type":"Feature","geometry":{"type":"Point","coordinates":[12.402159,47.592483]},"properties":{"w":0.4139}},{"type":"Feature","geometry":{"type":"Point","coordinates":[11.735794,47.583209]},"properties":{"w":0.3739}},{"type":"Feature","geometry":{"type":"Point","coordinates":[13.423426,47.598466]},"properties":{"w":0.4864}},{"type":"Feature","geometry":{"type":"Point","coordinates":[14.110008,47.590588]},"properties":{"w":0.3207}},{"type":"Feature","geometry":{"type":"Point","coordinates":[12.652968,47.594519]},"properties":{"w":0.467}},{"type":"Feature","geometry":{"type":"Point","coordinates":[15.193655,47.577885]},"properties":{"w":0.3146}},{"type":"Feature","geometry":{"type":"Point","coordinates":[11.982892,47.583137]},"properties":{"w":0.2969}},{"type":"Feature","geometry":{"type":"Point","coordinates":[15.109103,47.580984]},"properties":{"w":0.5357}},{"type":"Feature","geometry":{"type":"Point","coordinates":[15.79409,47.564744]},"properties":{"w":0.3829}},{"type":"Feature","geometry":{"type":"Point","coordinates":[14.300951,47.58698]},"properties":{"w":0.2875}},{"type":"Feature","geometry":{"type":"Point","coordinates":[14.132857,47.589219]},"properties":{"w":0.3076}},{"type":"Feature","geometry":{"type":"Point","coordinates":[15.281669,47.575501]},"properties":{"w":0.3045}},{"type":"Feature","geometry":{"type":"Point","coordinates":[16.614303,47.563484]},"properties":{"w":0.8733}},{"type":"Feature","geometry":{"type":"Point","coordinates":[11.813945,47.5784]},"properties":{"w":0.3155}},{"type":"Feature","geometry":{"type":"Point","coordinates":[11.930131,47.57952]},"properties":{"w":0.3107}},{"type":"Feature","geometry":{"type":"Point","coordinates":[14.053418,47.586234]},"properties":{"w":0.3146}},{"type":"Feature","geometry":{"type":"Point","coordinates":[15.748533,47.568978]},"properties":{"w":0.4403}},{"type":"Feature","geometry":{"type":"Point","coordinates":[14.296055,47.583528]},"properties":{"w":0.3193}},{"type":"Feature","geometry":{"type":"Point","coordinates":[13.867487,47.591025]},"properties":{"w":0.5269}},{"type":"Feature","geometry":{"type":"Point","coordinates":[15.991399,47.560129]},"properties":{"w":0.4559}},{"type":"Feature","geometry":{"type":"Point","coordinates":[14.229259,47.588512]},"properties":{"w":0.3698}},{"type":"Feature","geometry":{"type":"Point","coordinates":[14.042052,47.584407]},"properties":{"w":0.3561}},{"type":"Feature","geometry":{"type":"Point","coordinates":[13.894011,47.591027]},"properties":{"w":0.5733}},{"type":"Feature","geometry":{"type":"Point","coordinates":[15.700451,47.569728]},"properties":{"w":0.4866}},{"type":"Feature","geometry":{"type":"Point","coordinates":[15.187086,47.573892]},"properties":{"w":0.4521}},{"type":"Feature","geometry":{"type":"Point","coordinates":[13.967942,47.58307]},"properties":{"w":0.2893}},{"type":"Feature","geometry":{"type":"Point","coordinates":[11.92706,47.574514]},"properties":{"w":0.3283}},{"type":"Feature","geometry":{"type":"Point","coordinates":[11.791499,47.573581]},"properties":{"w":0.3283}},{"type":"Feature","geometry":{"type":"Point","coordinates":[15.169194,47.569907]},"properties":{"w":0.3902}},{"type":"Feature","geometry":{"type":"Point","coordinates":[11.72752,47.572777]},"properties":{"w":0.3358}},{"type":"Feature","geometry":{"type":"Point","coordinates":[11.804002,47.572409]},"properties":{"w":0.2887}},{"type":"Feature","geometry":{"type":"Point","coordinates":[14.059097,47.581968]},"properties":{"w":0.4451}},{"type":"Feature","geometry":{"type":"Point","coordinates":[11.743188,47.571204]},"properties":{"w":0.3561}},{"type":"Feature","geometry":{"type":"Point","coordinates":[14.141252,47.583503]},"properties":{"w":0.4285}},{"type":"Feature","geometry":{"type":"Point","coordinates":[15.949093,47.555249]},"properties":{"w":0.3165}},{"type":"Feature","geometry":{"type":"Point","coordinates":[15.931636,47.562111]},"properties":{"w":0.6641}},{"type":"Feature","geometry":{"type":"Point","coordinates":[15.275049,47.565477]},"properties":{"w":0.3321}},{"type":"Feature","geometry":{"type":"Point","coordinates":[15.061307,47.571508]},"properties":{"w":0.3739}},{"type":"Feature","geometry":{"type":"Point","coordinates":[15.16379,47.565988]},"properties":{"w":0.3066}},{"type":"Feature","geometry":{"type":"Point","coordinates":[13.952951,47.578613]},"properties":{"w":0.298}},{"type":"Feature","geometry":{"type":"Point","coordinates":[13.496568,47.581273]},"properties":{"w":0.4393}},{"type":"Feature","geometry":{"type":"Point","coordinates":[11.863296,47.57102]},"properties":{"w":0.3066}},{"type":"Feature","geometry":{"type":"Point","coordinates":[13.96083,47.582669]},"properties":{"w":0.3677}},{"type":"Feature","geometry":{"type":"Point","coordinates":[10.473375,47.547035]},"properties":{"w":0.3484}},{"type":"Feature","geometry":{"type":"Point","coordinates":[15.008158,47.569422]},"properties":{"w":0.4735}},{"type":"Feature","geometry":{"type":"Point","coordinates":[10.464385,47.547799]},"properties":{"w":0.4132}},{"type":"Feature","geometry":{"type":"Point","coordinates":[15.517253,47.561192]},"properties":{"w":0.4649}},{"type":"Feature","geometry":{"type":"Point","coordinates":[14.125627,47.579841]},"properties":{"w":0.3754}},{"type":"Feature","geometry":{"type":"Point","coordinates":[12.761291,47.579559]},"properties":{"w":0.3949}},{"type":"Feature","geometry":{"type":"Point","coordinates":[15.793315,47.554488]},"properties":{"w":0.3358}},{"type":"Feature","geometry":{"type":"Point","coordinates":[13.692384,47.581466]},"properties":{"w":0.3961}},{"type":"Feature","geometry":{"type":"Point","coordinates":[14.288625,47.574522]},"properties":{"w":0.3126}},{"type":"Feature","geometry":{"type":"Point","coordinates":[15.187827,47.565949]},"properties":{"w":0.3066}},{"type":"Feature","geometry":{"type":"Point","coordinates":[11.802331,47.567814]},"properties":{"w":0.2905}},{"type":"Feature","geometry":{"type":"Point","coordinates":[14.092888,47.575846]},"properties":{"w":0.4163}},{"type":"Feature","geometry":{"type":"Point","coordinates":[12.733912,47.579385]},"properties":{"w":0.4488}},{"type":"Feature","geometry":{"type":"Point","coordinates":[15.931481,47.548144]},"properties":{"w":0.3382}},{"type":"Feature","geometry":{"type":"Point","coordinates":[14.170217,47.580733]},"properties":{"w":0.5937}},{"type":"Feature","geometry":{"type":"Point","coordinates":[13.630687,47.577288]},"properties":{"w":0.3116}},{"type":"Feature","geometry":{"type":"Point","coordinates":[15.707558,47.551914]},"properties":{"w":0.3512}},{"type":"Feature","geometry":{"type":"Point","coordinates":[14.995267,47.584068]},"properties":{"w":0.8575}},{"type":"Feature","geometry":{"type":"Point","coordinates":[15.490622,47.555511]},"properties":{"w":0.3265}},{"type":"Feature","geometry":{"type":"Point","coordinates":[10.582092,47.542398]},"properties":{"w":0.2786}},{"type":"Feature","geometry":{"type":"Point","coordinates":[10.469376,47.540492]},"properties":{"w":0.3291}},{"type":"Feature","geometry":{"type":"Point","coordinates":[13.574479,47.575097]},"properties":{"w":0.2923}},{"type":"Feature","geometry":{"type":"Point","coordinates":[15.724528,47.551767]},"properties":{"w":0.4496}},{"type":"Feature","geometry":{"type":"Point","coordinates":[11.701694,47.56276]},"properties":{"w":0.2887}},{"type":"Feature","geometry":{"type":"Point","coordinates":[14.499679,47.568321]},"properties":{"w":0.294}},{"type":"Feature","geometry":{"type":"Point","coordinates":[11.824407,47.562797]},"properties":{"w":0.3829}},{"type":"Feature","geometry":{"type":"Point","coordinates":[12.056874,47.565818]},"properties":{"w":0.3502}},{"type":"Feature","geometry":{"type":"Point","coordinates":[15.903964,47.549208]},"properties":{"w":0.3248}},{"type":"Feature","geometry":{"type":"Point","coordinates":[14.98597,47.564493]},"properties":{"w":0.4864}},{"type":"Feature","geometry":{"type":"Point","coordinates":[15.117985,47.562871]},"properties":{"w":0.4086}},{"type":"Feature","geometry":{"type":"Point","coordinates":[11.913458,47.565823]},"properties":{"w":0.4062}},{"type":"Feature","geometry":{"type":"Point","coordinates":[11.728772,47.562666]},"properties":{"w":0.4844}},{"type":"Feature","geometry":{"type":"Point","coordinates":[11.875602,47.562302]},"properties":{"w":0.2887}},{"type":"Feature","geometry":{"type":"Point","coordinates":[11.898171,47.564329]},"properties":{"w":0.3959}},{"type":"Feature","geometry":{"type":"Point","coordinates":[10.495882,47.535609]},"properties":{"w":0.3495}},{"type":"Feature","geometry":{"type":"Point","coordinates":[15.490079,47.550691]},"properties":{"w":0.3239}},{"type":"Feature","geometry":{"type":"Point","coordinates":[15.372293,47.553405]},"properties":{"w":0.2952}},{"type":"Feature","geometry":{"type":"Point","coordinates":[11.939563,47.561279]},"properties":{"w":0.2786}},{"type":"Feature","geometry":{"type":"Point","coordinates":[16.506996,47.542926]},"properties":{"w":0.7847}},{"type":"Feature","geometry":{"type":"Point","coordinates":[11.712063,47.559025]},"properties":{"w":0.434}},{"type":"Feature","geometry":{"type":"Point","coordinates":[15.049304,47.562534]},"properties":{"w":0.5079}},{"type":"Feature","geometry":{"type":"Point","coordinates":[16.350603,47.539107]},"properties":{"w":0.7149}},{"type":"Feature","geometry":{"type":"Point","coordinates":[15.708957,47.543934]},"properties":{"w":0.3834}},{"type":"Feature","geometry":{"type":"Point","coordinates":[10.448047,47.531651]},"properties":{"w":0.3907}},{"type":"Feature","geometry":{"type":"Point","coordinates":[11.861431,47.558576]},"properties":{"w":0.3751}},{"type":"Feature","geometry":{"type":"Point","coordinates":[15.846238,47.539344]},"properties":{"w":0.3045}},{"type":"Feature","geometry":{"type":"Point","coordinates":[11.950362,47.558825]},"properties":{"w":0.3939}},{"type":"Feature","geometry":{"type":"Point","coordinates":[10.505182,47.531927]},"properties":{"w":0.298}},{"type":"Feature","geometry":{"type":"Point","coordinates":[11.800193,47.555824]},"properties":{"w":0.298}},{"type":"Feature","geometry":{"type":"Point","coordinates":[10.711973,47.539028]},"properties":{"w":0.5049}},{"type":"Feature","geometry":{"type":"Point","coordinates":[11.839172,47.554721]},"properties":{"w":0.3591}},{"type":"Feature","geometry":{"type":"Point","coordinates":[15.816828,47.53832]},"properties":{"w":0.2862}},{"type":"Feature","geometry":{"type":"Point","coordinates":[16.336796,47.525716]},"properties":{"w":0.2945}},{"type":"Feature","geometry":{"type":"Point","coordinates":[15.768227,47.557783]},"properties":{"w":0.6575}},{"type":"Feature","geometry":{"type":"Point","coordinates":[15.032134,47.552478]},"properties":{"w":0.4229}},{"type":"Feature","geometry":{"type":"Point","coordinates":[13.614412,47.562014]},"properties":{"w":0.3939}},{"type":"Feature","geometry":{"type":"Point","coordinates":[10.606069,47.532466]},"properties":{"w":0.3393}},{"type":"Feature","geometry":{"type":"Point","coordinates":[15.8436,47.555021]},"properties":{"w":0.6376}},{"type":"Feature","geometry":{"type":"Point","coordinates":[10.597611,47.527317]},"properties":{"w":0.2887}},{"type":"Feature","geometry":{"type":"Point","coordinates":[15.068058,47.551795]},"properties":{"w":0.4443}},{"type":"Feature","geometry":{"type":"Point","coordinates":[13.891465,47.558211]},"properties":{"w":0.3024}},{"type":"Feature","geometry":{"type":"Point","coordinates":[16.528389,47.522562]},"properties":{"w":0.61}},{"type":"Feature","geometry":{"type":"Point","coordinates":[15.823347,47.537378]},"properties":{"w":0.4097}},{"type":"Feature","geometry":{"type":"Point","coordinates":[15.754663,47.539083]},"properties":{"w":0.4601}},{"type":"Feature","geometry":{"type":"Point","coordinates":[15.195739,47.544081]},"properties":{"w":0.3097}},{"type":"Feature","geometry":{"type":"Point","coordinates":[10.522847,47.524259]},"properties":{"w":0.3291}},{"type":"Feature","geometry":{"type":"Point","coordinates":[11.73551,47.547226]},"properties":{"w":0.3594}},{"type":"Feature","geometry":{"type":"Point","coordinates":[15.922835,47.535512]},"properties":{"w":0.5424}},{"type":"Feature","geometry":{"type":"Point","coordinates":[14.121642,47.557339]},"properties":{"w":0.4073}},{"type":"Feature","geometry":{"type":"Point","coordinates":[11.984277,47.54845]},"properties":{"w":0.3081}},{"type":"Feature","geometry":{"type":"Point","coordinates":[13.294619,47.560443]},"properties":{"w":0.3876}},{"type":"Feature","geometry":{"type":"Point","coordinates":[15.040338,47.544662]},"properties":{"w":0.3837}},{"type":"Feature","geometry":{"type":"Point","coordinates":[15.35273,47.54129]},"properties":{"w":0.4233}},{"type":"Feature","geometry":{"type":"Point","coordinates":[10.485754,47.526601]},"properties":{"w":0.6319}},{"type":"Feature","geometry":{"type":"Point","coordinates":[16.673964,47.561202]},"properties":{"w":0.8706}},{"type":"Feature","geometry":{"type":"Point","coordinates":[15.271642,47.538616]},"properties":{"w":0.3091}},{"type":"Feature","geometry":{"type":"Point","coordinates":[15.821577,47.527296]},"properties":{"w":0.3432}},{"type":"Feature","geometry":{"type":"Point","coordinates":[10.579826,47.521251]},"properties":{"w":0.3002}},{"type":"Feature","geometry":{"type":"Point","coordinates":[13.836041,47.556082]},"properties":{"w":0.5298}},{"type":"Feature","geometry":{"type":"Point","coordinates":[16.024963,47.530235]},"properties":{"w":0.5713}},{"type":"Feature","geometry":{"type":"Point","coordinates":[14.99438,47.544618]},"properties":{"w":0.492}},{"type":"Feature","geometry":{"type":"Point","coordinates":[14.818353,47.543071]},"properties":{"w":0.3066}},{"type":"Feature","geometry":{"type":"Point","coordinates":[11.800687,47.542707]},"properties":{"w":0.298}},{"type":"Feature","geometry":{"type":"Point","coordinates":[11.945686,47.545199]},"properties":{"w":0.4477}},{"type":"Feature","geometry":{"type":"Point","coordinates":[16.611,47.519241]},"properties":{"w":0.6964}},{"type":"Feature","geometry":{"type":"Point","coordinates":[15.945005,47.523501]},"properties":{"w":0.3221}},{"type":"Feature","geometry":{"type":"Point","coordinates":[12.381985,47.547152]},"properties":{"w":0.318}},{"type":"Feature","geometry":{"type":"Point","coordinates":[14.434031,47.547876]},"properties":{"w":0.3591}},{"type":"Feature","geometry":{"type":"Point","coordinates":[16.46973,47.508226]},"properties":{"w":0.3274}},{"type":"Feature","geometry":{"type":"Point","coordinates":[15.969591,47.521427]},"properties":{"w":0.4079}},{"type":"Feature","geometry":{"type":"Point","coordinates":[14.093044,47.550487]},"properties":{"w":0.3257}},{"type":"Feature","geometry":{"type":"Point","coordinates":[12.643764,47.548722]},"properties":{"w":0.3161}},{"type":"Feature","geometry":{"type":"Point","coordinates":[15.425463,47.538677]},"properties":{"w":0.4058}},{"type":"Feature","geometry":{"type":"Point","coordinates":[14.371855,47.553366]},"properties":{"w":0.4736}},{"type":"Feature","geometry":{"type":"Point","coordinates":[13.446489,47.559365]},"properties":{"w":0.6657}},{"type":"Feature","geometry":{"type":"Point","coordinates":[12.007463,47.541925]},"properties":{"w":0.3283}},{"type":"Feature","geometry":{"type":"Point","coordinates":[13.563616,47.552016]},"properties":{"w":0.4243}},{"type":"Feature","geometry":{"type":"Point","coordinates":[15.4035,47.54849]},"properties":{"w":0.7208}},{"type":"Feature","geometry":{"type":"Point","coordinates":[11.806395,47.539153]},"properties":{"w":0.3537}},{"type":"Feature","geometry":{"type":"Point","coordinates":[14.345637,47.544543]},"properties":{"w":0.3432}},{"type":"Feature","geometry":{"type":"Point","coordinates":[10.530774,47.5141]},"properties":{"w":0.4473}},{"type":"Feature","geometry":{"type":"Point","coordinates":[13.381314,47.548115]},"properties":{"w":0.4396}},{"type":"Feature","geometry":{"type":"Point","coordinates":[15.437289,47.531216]},"properties":{"w":0.4607}},{"type":"Feature","geometry":{"type":"Point","coordinates":[15.693354,47.534121]},"properties":{"w":0.7053}},{"type":"Feature","geometry":{"type":"Point","coordinates":[16.446578,47.514919]},"properties":{"w":0.6903}},{"type":"Feature","geometry":{"type":"Point","coordinates":[14.074865,47.545509]},"properties":{"w":0.3193}},{"type":"Feature","geometry":{"type":"Point","coordinates":[14.486347,47.538813]},"properties":{"w":0.3333}},{"type":"Feature","geometry":{"type":"Point","coordinates":[10.660858,47.515571]},"properties":{"w":0.3287}},{"type":"Feature","geometry":{"type":"Point","coordinates":[11.84062,47.534295]},"properties":{"w":0.2786}},{"type":"Feature","geometry":{"type":"Point","coordinates":[15.012804,47.531231]},"properties":{"w":0.2969}},{"type":"Feature","geometry":{"type":"Point","coordinates":[15.598554,47.523212]},"properties":{"w":0.4024}},{"type":"Feature","geometry":{"type":"Point","coordinates":[14.988406,47.531824]},"properties":{"w":0.2887}},{"type":"Feature","geometry":{"type":"Point","coordinates":[13.386241,47.542771]},"properties":{"w":0.3146}},{"type":"Feature","geometry":{"type":"Point","coordinates":[13.893406,47.549271]},"properties":{"w":0.6688}},{"type":"Feature","geometry":{"type":"Point","coordinates":[9.608735,47.48611]},"properties":{"w":0.519}},{"type":"Feature","geometry":{"type":"Point","coordinates":[14.933823,47.531409]},"properties":{"w":0.2843}},{"type":"Feature","geometry":{"type":"Point","coordinates":[13.89554,47.540823]},"properties":{"w":0.4359}},{"type":"Feature","geometry":{"type":"Point","coordinates":[12.763716,47.544101]},"properties":{"w":0.564}},{"type":"Feature","geometry":{"type":"Point","coordinates":[14.44101,47.537039]},"properties":{"w":0.3283}},{"type":"Feature","geometry":{"type":"Point","coordinates":[15.375046,47.527728]},"properties":{"w":0.3439}},{"type":"Feature","geometry":{"type":"Point","coordinates":[14.411527,47.544018]},"properties":{"w":0.4831}},{"type":"Feature","geometry":{"type":"Point","coordinates":[9.636238,47.482148]},"properties":{"w":0.4137}},{"type":"Feature","geometry":{"type":"Point","coordinates":[14.92098,47.52817]},"properties":{"w":0.3578}},{"type":"Feature","geometry":{"type":"Point","coordinates":[15.116896,47.53407]},"properties":{"w":0.6507}},{"type":"Feature","geometry":{"type":"Point","coordinates":[13.979242,47.53485]},"properties":{"w":0.3378}},{"type":"Feature","geometry":{"type":"Point","coordinates":[13.601662,47.53707]},"properties":{"w":0.3655}},{"type":"Feature","geometry":{"type":"Point","coordinates":[16.071788,47.507302]},"properties":{"w":0.4855}},{"type":"Feature","geometry":{"type":"Point","coordinates":[13.905652,47.535149]},"properties":{"w":0.3574}},{"type":"Feature","geometry":{"type":"Point","coordinates":[10.576294,47.504112]},"properties":{"w":0.4312}},{"type":"Feature","geometry":{"type":"Point","coordinates":[15.662392,47.517759]},"properties":{"w":0.5969}},{"type":"Feature","geometry":{"type":"Point","coordinates":[10.48491,47.498037]},"properties":{"w":0.3184}},{"type":"Feature","geometry":{"type":"Point","coordinates":[11.932428,47.526061]},"properties":{"w":0.4846}},{"type":"Feature","geometry":{"type":"Point","coordinates":[14.67963,47.529361]},"properties":{"w":0.5269}},{"type":"Feature","geometry":{"type":"Point","coordinates":[10.824218,47.5065]},"properties":{"w":0.3899}},{"type":"Feature","geometry":{"type":"Point","coordinates":[15.119035,47.521535]},"properties":{"w":0.335}},{"type":"Feature","geometry":{"type":"Point","coordinates":[15.342078,47.518652]},"properties":{"w":0.4869}},{"type":"Feature","geometry":{"type":"Point","coordinates":[10.436984,47.496684]},"properties":{"w":0.2911}},{"type":"Feature","geometry":{"type":"Point","coordinates":[14.929351,47.522946]},"properties":{"w":0.3523}},{"type":"Feature","geometry":{"type":"Point","coordinates":[15.302914,47.517044]},"properties":{"w":0.2887}},{"type":"Feature","geometry":{"type":"Point","coordinates":[15.527929,47.513739]},"properties":{"w":0.3558}},{"type":"Feature","geometry":{"type":"Point","coordinates":[14.750957,47.525689]},"properties":{"w":0.3221}},{"type":"Feature","geometry":{"type":"Point","coordinates":[15.28378,47.516978]},"properties":{"w":0.2786}},{"type":"Feature","geometry":{"type":"Point","coordinates":[12.704243,47.532734]},"properties":{"w":0.3516}},{"type":"Feature","geometry":{"type":"Point","coordinates":[14.804341,47.521972]},"properties":{"w":0.3871}},{"type":"Feature","geometry":{"type":"Point","coordinates":[14.176651,47.529808]},"properties":{"w":0.2893}},{"type":"Feature","geometry":{"type":"Point","coordinates":[15.31587,47.516316]},"properties":{"w":0.3982}},{"type":"Feature","geometry":{"type":"Point","coordinates":[14.919122,47.519657]},"properties":{"w":0.3643}},{"type":"Feature","geometry":{"type":"Point","coordinates":[13.375643,47.531163]},"properties":{"w":0.4062}},{"type":"Feature","geometry":{"type":"Point","coordinates":[14.796767,47.520435]},"properties":{"w":0.3066}},{"type":"Feature","geometry":{"type":"Point","coordinates":[15.844606,47.506347]},"properties":{"w":0.5211}},{"type":"Feature","geometry":{"type":"Point","coordinates":[10.855737,47.503636]},"properties":{"w":0.4689}},{"type":"Feature","geometry":{"type":"Point","coordinates":[15.038669,47.517181]},"properties":{"w":0.2887}},{"type":"Feature","geometry":{"type":"Point","coordinates":[14.478973,47.521112]},"properties":{"w":0.2812}},{"type":"Feature","geometry":{"type":"Point","coordinates":[15.330105,47.513036]},"properties":{"w":0.3184}},{"type":"Feature","geometry":{"type":"Point","coordinates":[13.858623,47.52665]},"properties":{"w":0.3235}},{"type":"Feature","geometry":{"type":"Point","coordinates":[11.76753,47.515989]},"properties":{"w":0.3146}},{"type":"Feature","geometry":{"type":"Point","coordinates":[14.490216,47.522381]},"properties":{"w":0.3175}},{"type":"Feature","geometry":{"type":"Point","coordinates":[13.878312,47.536132]},"properties":{"w":0.6973}},{"type":"Feature","geometry":{"type":"Point","coordinates":[16.576593,47.489982]},"properties":{"w":0.6902}},{"type":"Feature","geometry":{"type":"Point","coordinates":[10.460218,47.490338]},"properties":{"w":0.2786}},{"type":"Feature","geometry":{"type":"Point","coordinates":[13.977514,47.5237]},"properties":{"w":0.3146}},{"type":"Feature","geometry":{"type":"Point","coordinates":[14.5162,47.518836]},"properties":{"w":0.3876}},{"type":"Feature","geometry":{"type":"Point","coordinates":[15.540435,47.510661]},"properties":{"w":0.4424}},{"type":"Feature","geometry":{"type":"Point","coordinates":[11.934615,47.519844]},"properties":{"w":0.3996}},{"type":"Feature","geometry":{"type":"Point","coordinates":[14.197301,47.523421]},"properties":{"w":0.4167}},{"type":"Feature","geometry":{"type":"Point","coordinates":[16.646468,47.493916]},"properties":{"w":0.7767}},{"type":"Feature","geometry":{"type":"Point","coordinates":[10.809268,47.496225]},"properties":{"w":0.2786}},{"type":"Feature","geometry":{"type":"Point","coordinates":[14.906124,47.515152]},"properties":{"w":0.3329}},{"type":"Feature","geometry":{"type":"Point","coordinates":[14.808427,47.515112]},"properties":{"w":0.3291}},{"type":"Feature","geometry":{"type":"Point","coordinates":[14.659232,47.518663]},"properties":{"w":0.3614}},{"type":"Feature","geometry":{"type":"Point","coordinates":[12.535135,47.519982]},"properties":{"w":0.3502}},{"type":"Feature","geometry":{"type":"Point","coordinates":[13.962343,47.521172]},"properties":{"w":0.4153}},{"type":"Feature","geometry":{"type":"Point","coordinates":[14.48916,47.515123]},"properties":{"w":0.3024}},{"type":"Feature","geometry":{"type":"Point","coordinates":[15.278486,47.507438]},"properties":{"w":0.4568}},{"type":"Feature","geometry":{"type":"Point","coordinates":[10.500726,47.487471]},"properties":{"w":0.3509}},{"type":"Feature","geometry":{"type":"Point","coordinates":[13.985124,47.519629]},"properties":{"w":0.3221}},{"type":"Feature","geometry":{"type":"Point","coordinates":[15.041328,47.509933]},"properties":{"w":0.3321}},{"type":"Feature","geometry":{"type":"Point","coordinates":[15.006514,47.510868]},"properties":{"w":0.3639}},{"type":"Feature","geometry":{"type":"Point","coordinates":[11.763423,47.512039]},"properties":{"w":0.348}},{"type":"Feature","geometry":{"type":"Point","coordinates":[14.503847,47.513407]},"properties":{"w":0.3122}},{"type":"Feature","geometry":{"type":"Point","coordinates":[10.476127,47.484793]},"properties":{"w":0.4258}},{"type":"Feature","geometry":{"type":"Point","coordinates":[16.609553,47.472671]},"properties":{"w":0.4163}},{"type":"Feature","geometry":{"type":"Point","coordinates":[11.839505,47.508926]},"properties":{"w":0.354}},{"type":"Feature","geometry":{"type":"Point","coordinates":[11.827483,47.506854]},"properties":{"w":0.2818}},{"type":"Feature","geometry":{"type":"Point","coordinates":[14.796532,47.508314]},"properties":{"w":0.2934}},{"type":"Feature","geometry":{"type":"Point","coordinates":[12.647946,47.517838]},"properties":{"w":0.3146}},{"type":"Feature","geometry":{"type":"Point","coordinates":[15.028703,47.510048]},"properties":{"w":0.3776}},{"type":"Feature","geometry":{"type":"Point","coordinates":[15.483835,47.496124]},"properties":{"w":0.2887}},{"type":"Feature","geometry":{"type":"Point","coordinates":[15.506382,47.496043]},"properties":{"w":0.5692}},{"type":"Feature","geometry":{"type":"Point","coordinates":[15.557896,47.495714]},"properties":{"w":0.3963}},{"type":"Feature","geometry":{"type":"Point","coordinates":[10.649883,47.485576]},"properties":{"w":0.3534}},{"type":"Feature","geometry":{"type":"Point","coordinates":[13.96449,47.514206]},"properties":{"w":0.3829}},{"type":"Feature","geometry":{"type":"Point","coordinates":[12.148914,47.508792]},"properties":{"w":0.2881}},{"type":"Feature","geometry":{"type":"Point","coordinates":[14.776169,47.506748]},"properties":{"w":0.2786}},{"type":"Feature","geometry":{"type":"Point","coordinates":[13.390848,47.513959]},"properties":{"w":0.3024}},{"type":"Feature","geometry":{"type":"Point","coordinates":[10.569942,47.480164]},"properties":{"w":0.2786}},{"type":"Feature","geometry":{"type":"Point","coordinates":[11.775011,47.502307]},"properties":{"w":0.3283}},{"type":"Feature","geometry":{"type":"Point","coordinates":[10.490426,47.478704]},"properties":{"w":0.4226}},{"type":"Feature","geometry":{"type":"Point","coordinates":[14.718624,47.507088]},"properties":{"w":0.2887}},{"type":"Feature","geometry":{"type":"Point","coordinates":[12.660189,47.5145]},"properties":{"w":0.4081}},{"type":"Feature","geometry":{"type":"Point","coordinates":[10.47934,47.478211]},"properties":{"w":0.2786}},{"type":"Feature","geometry":{"type":"Point","coordinates":[11.811899,47.501558]},"properties":{"w":0.2893}},{"type":"Feature","geometry":{"type":"Point","coordinates":[10.516436,47.478367]},"properties":{"w":0.3757}},{"type":"Feature","geometry":{"type":"Point","coordinates":[12.775622,47.509133]},"properties":{"w":0.2881}},{"type":"Feature","geometry":{"type":"Point","coordinates":[15.286201,47.498821]},"properties":{"w":0.3146}},{"type":"Feature","geometry":{"type":"Point","coordinates":[14.238018,47.508824]},"properties":{"w":0.3594}},{"type":"Feature","geometry":{"type":"Point","coordinates":[14.585063,47.506021]},"properties":{"w":0.3509}},{"type":"Feature","geometry":{"type":"Point","coordinates":[14.879694,47.502069]},"properties":{"w":0.4356}},{"type":"Feature","geometry":{"type":"Point","coordinates":[13.410284,47.513262]},"properties":{"w":0.5056}},{"type":"Feature","geometry":{"type":"Point","coordinates":[14.67136,47.503977]},"properties":{"w":0.3689}},{"type":"Feature","geometry":{"type":"Point","coordinates":[16.515531,47.46562]},"properties":{"w":0.3771}},{"type":"Feature","geometry":{"type":"Point","coordinates":[15.113416,47.501566]},"properties":{"w":0.4612}},{"type":"Feature","geometry":{"type":"Point","coordinates":[14.676748,47.499649]},"properties":{"w":0.3239}},{"type":"Feature","geometry":{"type":"Point","coordinates":[15.251288,47.498074]},"properties":{"w":0.5088}},{"type":"Feature","geometry":{"type":"Point","coordinates":[11.761927,47.496195]},"properties":{"w":0.3007}},{"type":"Feature","geometry":{"type":"Point","coordinates":[14.605716,47.498683]},"properties":{"w":0.2786}},{"type":"Feature","geometry":{"type":"Point","coordinates":[14.819922,47.500668]},"properties":{"w":0.3643}},{"type":"Feature","geometry":{"type":"Point","coordinates":[14.180119,47.503947]},"properties":{"w":0.3161}},{"type":"Feature","geometry":{"type":"Point","coordinates":[10.554853,47.473287]},"properties":{"w":0.3662}},{"type":"Feature","geometry":{"type":"Point","coordinates":[16.417612,47.482058]},"properties":{"w":0.886}},{"type":"Feature","geometry":{"type":"Point","coordinates":[13.894908,47.516167]},"properties":{"w":0.6562}},{"type":"Feature","geometry":{"type":"Point","coordinates":[11.770197,47.493113]},"properties":{"w":0.4008}},{"type":"Feature","geometry":{"type":"Point","coordinates":[14.800306,47.495443]},"properties":{"w":0.3421}},{"type":"Feature","geometry":{"type":"Point","coordinates":[16.533444,47.456911]},"properties":{"w":0.413}},{"type":"Feature","geometry":{"type":"Point","coordinates":[15.04771,47.495276]},"properties":{"w":0.3989}},{"type":"Feature","geometry":{"type":"Point","coordinates":[14.721094,47.49086]},"properties":{"w":0.2887}},{"type":"Feature","geometry":{"type":"Point","coordinates":[13.899433,47.503631]},"properties":{"w":0.5672}},{"type":"Feature","geometry":{"type":"Point","coordinates":[11.790673,47.490397]},"properties":{"w":0.433}},{"type":"Feature","geometry":{"type":"Point","coordinates":[12.598312,47.497397]},"properties":{"w":0.3444}},{"type":"Feature","geometry":{"type":"Point","coordinates":[11.77506,47.486953]},"properties":{"w":0.3295}},{"type":"Feature","geometry":{"type":"Point","coordinates":[11.752913,47.490178]},"properties":{"w":0.4612}},{"type":"Feature","geometry":{"type":"Point","coordinates":[10.921214,47.473268]},"properties":{"w":0.4675}},{"type":"Feature","geometry":{"type":"Point","coordinates":[11.844105,47.494924]},"properties":{"w":0.5142}},{"type":"Feature","geometry":{"type":"Point","coordinates":[15.201045,47.484372]},"properties":{"w":0.3278}},{"type":"Feature","geometry":{"type":"Point","coordinates":[14.696946,47.489929]},"properties":{"w":0.3861}},{"type":"Feature","geometry":{"type":"Point","coordinates":[14.86966,47.484632]},"properties":{"w":0.2849}},{"type":"Feature","geometry":{"type":"Point","coordinates":[14.877284,47.48601]},"properties":{"w":0.3739}},{"type":"Feature","geometry":{"type":"Point","coordinates":[14.774999,47.487232]},"properties":{"w":0.4756}},{"type":"Feature","geometry":{"type":"Point","coordinates":[13.929596,47.493608]},"properties":{"w":0.5016}},{"type":"Feature","geometry":{"type":"Point","coordinates":[14.865258,47.481746]},"properties":{"w":0.2812}},{"type":"Feature","geometry":{"type":"Point","coordinates":[14.706554,47.488916]},"properties":{"w":0.348}},{"type":"Feature","geometry":{"type":"Point","coordinates":[12.810251,47.49047]},"properties":{"w":0.3543}},{"type":"Feature","geometry":{"type":"Point","coordinates":[12.731474,47.489517]},"properties":{"w":0.3912}},{"type":"Feature","geometry":{"type":"Point","coordinates":[10.73288,47.460413]},"properties":{"w":0.3498}},{"type":"Feature","geometry":{"type":"Point","coordinates":[13.487419,47.489772]},"properties":{"w":0.3655}},{"type":"Feature","geometry":{"type":"Point","coordinates":[10.581579,47.456403]},"properties":{"w":0.352}},{"type":"Feature","geometry":{"type":"Point","coordinates":[14.954317,47.480961]},"properties":{"w":0.3799}},{"type":"Feature","geometry":{"type":"Point","coordinates":[13.921004,47.499661]},"properties":{"w":0.6185}},{"type":"Feature","geometry":{"type":"Point","coordinates":[10.553094,47.453422]},"properties":{"w":0.298}},{"type":"Feature","geometry":{"type":"Point","coordinates":[11.904228,47.478126]},"properties":{"w":0.294}},{"type":"Feature","geometry":{"type":"Point","coordinates":[10.604713,47.453539]},"properties":{"w":0.3146}},{"type":"Feature","geometry":{"type":"Point","coordinates":[16.558922,47.448485]},"properties":{"w":0.6808}},{"type":"Feature","geometry":{"type":"Point","coordinates":[13.830198,47.486588]},"properties":{"w":0.4408}},{"type":"Feature","geometry":{"type":"Point","coordinates":[12.710048,47.484389]},"properties":{"w":0.2786}},{"type":"Feature","geometry":{"type":"Point","coordinates":[15.607623,47.482778]},"properties":{"w":0.8547}},{"type":"Feature","geometry":{"type":"Point","coordinates":[13.865792,47.487492]},"properties":{"w":0.6245}},{"type":"Feature","geometry":{"type":"Point","coordinates":[12.755476,47.481479]},"properties":{"w":0.2786}},{"type":"Feature","geometry":{"type":"Point","coordinates":[15.218818,47.46705]},"properties":{"w":0.2843}},{"type":"Feature","geometry":{"type":"Point","coordinates":[11.82953,47.473727]},"properties":{"w":0.2798}},{"type":"Feature","geometry":{"type":"Point","coordinates":[14.911738,47.475929]},"properties":{"w":0.3358}},{"type":"Feature","geometry":{"type":"Point","coordinates":[15.008135,47.474525]},"properties":{"w":0.4203}},{"type":"Feature","geometry":{"type":"Point","coordinates":[12.723029,47.484145]},"properties":{"w":0.4634}},{"type":"Feature","geometry":{"type":"Point","coordinates":[10.687347,47.453205]},"properties":{"w":0.5127}},{"type":"Feature","geometry":{"type":"Point","coordinates":[10.715496,47.451547]},"properties":{"w":0.3495}},{"type":"Feature","geometry":{"type":"Point","coordinates":[14.680801,47.474533]},"properties":{"w":0.2916}},{"type":"Feature","geometry":{"type":"Point","coordinates":[13.552967,47.48292]},"properties":{"w":0.4342}},{"type":"Feature","geometry":{"type":"Point","coordinates":[15.29588,47.463987]},"properties":{"w":0.3365}},{"type":"Feature","geometry":{"type":"Point","coordinates":[10.5845,47.445985]},"properties":{"w":0.3358}},{"type":"Feature","geometry":{"type":"Point","coordinates":[13.356986,47.480003]},"properties":{"w":0.3498}},{"type":"Feature","geometry":{"type":"Point","coordinates":[14.877583,47.470933]},"properties":{"w":0.3312}},{"type":"Feature","geometry":{"type":"Point","coordinates":[13.776951,47.494612]},"properties":{"w":0.6268}},{"type":"Feature","geometry":{"type":"Point","coordinates":[13.551501,47.477092]},"properties":{"w":0.3512}},{"type":"Feature","geometry":{"type":"Point","coordinates":[13.826163,47.477209]},"properties":{"w":0.4479}},{"type":"Feature","geometry":{"type":"Point","coordinates":[11.738005,47.475588]},"properties":{"w":0.5169}},{"type":"Feature","geometry":{"type":"Point","coordinates":[13.071483,47.476313]},"properties":{"w":0.4235}},{"type":"Feature","geometry":{"type":"Point","coordinates":[15.624756,47.453951]},"properties":{"w":0.2952}},{"type":"Feature","geometry":{"type":"Point","coordinates":[12.724349,47.475669]},"properties":{"w":0.4497}},{"type":"Feature","geometry":{"type":"Point","coordinates":[13.485588,47.475657]},"properties":{"w":0.3409}},{"type":"Feature","geometry":{"type":"Point","coordinates":[14.705353,47.46932]},"properties":{"w":0.3421}},{"type":"Feature","geometry":{"type":"Point","coordinates":[15.209246,47.463522]},"properties":{"w":0.4229}},{"type":"Feature","geometry":{"type":"Point","coordinates":[13.327359,47.476923]},"properties":{"w":0.3601}},{"type":"Feature","geometry":{"type":"Point","coordinates":[14.162777,47.475169]},"properties":{"w":0.3871}},{"type":"Feature","geometry":{"type":"Point","coordinates":[14.468347,47.470442]},"properties":{"w":0.4845}},{"type":"Feature","geometry":{"type":"Point","coordinates":[13.043792,47.474394]},"properties":{"w":0.323}},{"type":"Feature","geometry":{"type":"Point","coordinates":[10.555196,47.440013]},"properties":{"w":0.3537}},{"type":"Feature","geometry":{"type":"Point","coordinates":[10.891974,47.447093]},"properties":{"w":0.3317}},{"type":"Feature","geometry":{"type":"Point","coordinates":[11.785005,47.461621]},"properties":{"w":0.4494}},{"type":"Feature","geometry":{"type":"Point","coordinates":[16.58988,47.43288]},"properties":{"w":0.6241}},{"type":"Feature","geometry":{"type":"Point","coordinates":[13.343097,47.471322]},"properties":{"w":0.3066}},{"type":"Feature","geometry":{"type":"Point","coordinates":[15.159067,47.457142]},"properties":{"w":0.2818}},{"type":"Feature","geometry":{"type":"Point","coordinates":[15.221981,47.454985]},"properties":{"w":0.2893}},{"type":"Feature","geometry":{"type":"Point","coordinates":[14.075615,47.469382]},"properties":{"w":0.4711}},{"type":"Feature","geometry":{"type":"Point","coordinates":[11.811162,47.459485]},"properties":{"w":0.2786}},{"type":"Feature","geometry":{"type":"Point","coordinates":[13.772843,47.46725]},"properties":{"w":0.3097}},{"type":"Feature","geometry":{"type":"Point","coordinates":[12.80059,47.46818]},"properties":{"w":0.2969}},{"type":"Feature","geometry":{"type":"Point","coordinates":[13.500524,47.470968]},"properties":{"w":0.323}},{"type":"Feature","geometry":{"type":"Point","coordinates":[13.043499,47.467222]},"properties":{"w":0.2786}},{"type":"Feature","geometry":{"type":"Point","coordinates":[13.328367,47.468385]},"properties":{"w":0.3291}},{"type":"Feature","geometry":{"type":"Point","coordinates":[14.964825,47.459082]},"properties":{"w":0.3091}},{"type":"Feature","geometry":{"type":"Point","coordinates":[15.015037,47.457681]},"properties":{"w":0.4585}},{"type":"Feature","geometry":{"type":"Point","coordinates":[13.469368,47.467914]},"properties":{"w":0.3581}},{"type":"Feature","geometry":{"type":"Point","coordinates":[10.543122,47.431551]},"properties":{"w":0.2887}},{"type":"Feature","geometry":{"type":"Point","coordinates":[13.454351,47.466432]},"properties":{"w":0.4026}},{"type":"Feature","geometry":{"type":"Point","coordinates":[14.088661,47.463053]},"properties":{"w":0.335}},{"type":"Feature","geometry":{"type":"Point","coordinates":[14.726551,47.458896]},"properties":{"w":0.3198}},{"type":"Feature","geometry":{"type":"Point","coordinates":[14.734018,47.46724]},"properties":{"w":0.4435}},{"type":"Feature","geometry":{"type":"Point","coordinates":[13.741879,47.480544]},"properties":{"w":0.7887}},{"type":"Feature","geometry":{"type":"Point","coordinates":[13.569368,47.46522]},"properties":{"w":0.3235}},{"type":"Feature","geometry":{"type":"Point","coordinates":[15.674556,47.441897]},"properties":{"w":0.4171}},{"type":"Feature","geometry":{"type":"Point","coordinates":[13.786145,47.463897]},"properties":{"w":0.354}},{"type":"Feature","geometry":{"type":"Point","coordinates":[15.601996,47.440933]},"properties":{"w":0.3141}},{"type":"Feature","geometry":{"type":"Point","coordinates":[11.823338,47.454561]},"properties":{"w":0.3207}},{"type":"Feature","geometry":{"type":"Point","coordinates":[12.445736,47.460352]},"properties":{"w":0.4885}},{"type":"Feature","geometry":{"type":"Point","coordinates":[10.90098,47.437364]},"properties":{"w":0.3662}},{"type":"Feature","geometry":{"type":"Point","coordinates":[11.759336,47.452446]},"properties":{"w":0.348}},{"type":"Feature","geometry":{"type":"Point","coordinates":[13.652676,47.461566]},"properties":{"w":0.362}},{"type":"Feature","geometry":{"type":"Point","coordinates":[12.853133,47.460199]},"properties":{"w":0.3066}},{"type":"Feature","geometry":{"type":"Point","coordinates":[13.139073,47.462149]},"properties":{"w":0.4114}},{"type":"Feature","geometry":{"type":"Point","coordinates":[15.134101,47.446818]},"properties":{"w":0.348}},{"type":"Feature","geometry":{"type":"Point","coordinates":[13.754085,47.459771]},"properties":{"w":0.443}},{"type":"Feature","geometry":{"type":"Point","coordinates":[14.814999,47.45282]},"properties":{"w":0.2825}},{"type":"Feature","geometry":{"type":"Point","coordinates":[13.413698,47.460693]},"properties":{"w":0.4105}},{"type":"Feature","geometry":{"type":"Point","coordinates":[14.798332,47.453566]},"properties":{"w":0.3146}},{"type":"Feature","geometry":{"type":"Point","coordinates":[16.462861,47.443312]},"properties":{"w":0.8268}},{"type":"Feature","geometry":{"type":"Point","coordinates":[10.507265,47.429222]},"properties":{"w":0.4157}},{"type":"Feature","geometry":{"type":"Point","coordinates":[11.808151,47.457023]},"properties":{"w":0.5111}},{"type":"Feature","geometry":{"type":"Point","coordinates":[10.699145,47.431117]},"properties":{"w":0.4401}},{"type":"Feature","geometry":{"type":"Point","coordinates":[12.619857,47.456278]},"properties":{"w":0.304}},{"type":"Feature","geometry":{"type":"Point","coordinates":[11.782084,47.450141]},"properties":{"w":0.4549}},{"type":"Feature","geometry":{"type":"Point","coordinates":[13.68715,47.461074]},"properties":{"w":0.5365}},{"type":"Feature","geometry":{"type":"Point","coordinates":[15.058774,47.449571]},"properties":{"w":0.4197}},{"type":"Feature","geometry":{"type":"Point","coordinates":[14.444227,47.467044]},"properties":{"w":0.6286}},{"type":"Feature","geometry":{"type":"Point","coordinates":[13.774078,47.459111]},"properties":{"w":0.4822}},{"type":"Feature","geometry":{"type":"Point","coordinates":[15.172628,47.441721]},"properties":{"w":0.2862}},{"type":"Feature","geometry":{"type":"Point","coordinates":[10.688796,47.427863]},"properties":{"w":0.3785}},{"type":"Feature","geometry":{"type":"Point","coordinates":[14.092295,47.454496]},"properties":{"w":0.3537}},{"type":"Feature","geometry":{"type":"Point","coordinates":[13.64905,47.455947]},"properties":{"w":0.4105}},{"type":"Feature","geometry":{"type":"Point","coordinates":[13.742109,47.455848]},"properties":{"w":0.4562}},{"type":"Feature","geometry":{"type":"Point","coordinates":[13.710759,47.454514]},"properties":{"w":0.3066}},{"type":"Feature","geometry":{"type":"Point","coordinates":[14.859105,47.444632]},"properties":{"w":0.298}},{"type":"Feature","geometry":{"type":"Point","coordinates":[15.391224,47.440676]},"properties":{"w":0.4759}},{"type":"Feature","geometry":{"type":"Point","coordinates":[10.953169,47.442474]},"properties":{"w":0.7138}},{"type":"Feature","geometry":{"type":"Point","coordinates":[15.100812,47.440682]},"properties":{"w":0.3221}},{"type":"Feature","geometry":{"type":"Point","coordinates":[13.665986,47.454423]},"properties":{"w":0.3358}},{"type":"Feature","geometry":{"type":"Point","coordinates":[14.215837,47.455632]},"properties":{"w":0.3338}},{"type":"Feature","geometry":{"type":"Point","coordinates":[16.571503,47.407627]},"properties":{"w":0.2745}},{"type":"Feature","geometry":{"type":"Point","coordinates":[14.707226,47.449781]},"properties":{"w":0.5844}},{"type":"Feature","geometry":{"type":"Point","coordinates":[14.030932,47.451911]},"properties":{"w":0.3002}},{"type":"Feature","geometry":{"type":"Point","coordinates":[16.547024,47.409414]},"properties":{"w":0.4659}},{"type":"Feature","geometry":{"type":"Point","coordinates":[13.69005,47.454604]},"properties":{"w":0.4181}},{"type":"Feature","geometry":{"type":"Point","coordinates":[10.017722,47.4048]},"properties":{"w":0.4062}},{"type":"Feature","geometry":{"type":"Point","coordinates":[14.189651,47.448321]},"properties":{"w":0.3591}},{"type":"Feature","geometry":{"type":"Point","coordinates":[15.667849,47.426707]},"properties":{"w":0.368}},{"type":"Feature","geometry":{"type":"Point","coordinates":[15.154505,47.434545]},"properties":{"w":0.352}},{"type":"Feature","geometry":{"type":"Point","coordinates":[10.052916,47.401343]},"properties":{"w":0.2957}},{"type":"Feature","geometry":{"type":"Point","coordinates":[14.179599,47.447003]},"properties":{"w":0.2786}},{"type":"Feature","geometry":{"type":"Point","coordinates":[13.840888,47.446121]},"properties":{"w":0.2812}},{"type":"Feature","geometry":{"type":"Point","coordinates":[14.715134,47.439919]},"properties":{"w":0.3692}},{"type":"Feature","geometry":{"type":"Point","coordinates":[14.941358,47.435923]},"properties":{"w":0.2849}},{"type":"Feature","geometry":{"type":"Point","coordinates":[13.501891,47.448425]},"properties":{"w":0.4599}},{"type":"Feature","geometry":{"type":"Point","coordinates":[14.447625,47.445761]},"properties":{"w":0.4543}},{"type":"Feature","geometry":{"type":"Point","coordinates":[15.498344,47.425348]},"properties":{"w":0.2957}},{"type":"Feature","geometry":{"type":"Point","coordinates":[12.645208,47.444698]},"properties":{"w":0.3839}},{"type":"Feature","geometry":{"type":"Point","coordinates":[14.111339,47.442729]},"properties":{"w":0.3146}},{"type":"Feature","geometry":{"type":"Point","coordinates":[15.425329,47.425862]},"properties":{"w":0.2849}},{"type":"Feature","geometry":{"type":"Point","coordinates":[10.471282,47.410138]},"properties":{"w":0.3689}},{"type":"Feature","geometry":{"type":"Point","coordinates":[10.00623,47.395419]},"properties":{"w":0.3421}},{"type":"Feature","geometry":{"type":"Point","coordinates":[10.513586,47.410156]},"properties":{"w":0.3097}},{"type":"Feature","geometry":{"type":"Point","coordinates":[11.962325,47.435377]},"properties":{"w":0.3469}},{"type":"Feature","geometry":{"type":"Point","coordinates":[13.173583,47.442673]},"properties":{"w":0.2887}},{"type":"Feature","geometry":{"type":"Point","coordinates":[13.551329,47.442895]},"properties":{"w":0.2875}},{"type":"Feature","geometry":{"type":"Point","coordinates":[15.587756,47.420977]},"properties":{"w":0.2945}},{"type":"Feature","geometry":{"type":"Point","coordinates":[12.66008,47.441552]},"properties":{"w":0.3701}},{"type":"Feature","geometry":{"type":"Point","coordinates":[13.289271,47.445539]},"properties":{"w":0.3695}},{"type":"Feature","geometry":{"type":"Point","coordinates":[14.778613,47.433884]},"properties":{"w":0.3692}},{"type":"Feature","geometry":{"type":"Point","coordinates":[13.812056,47.441214]},"properties":{"w":0.3146}},{"type":"Feature","geometry":{"type":"Point","coordinates":[15.596302,47.419727]},"properties":{"w":0.3409}},{"type":"Feature","geometry":{"type":"Point","coordinates":[10.501296,47.408688]},"properties":{"w":0.4727}},{"type":"Feature","geometry":{"type":"Point","coordinates":[13.159107,47.441373]},"properties":{"w":0.4262}},{"type":"Feature","geometry":{"type":"Point","coordinates":[14.057011,47.437849]},"properties":{"w":0.3574}},{"type":"Feature","geometry":{"type":"Point","coordinates":[14.354439,47.443883]},"properties":{"w":0.4918}},{"type":"Feature","geometry":{"type":"Point","coordinates":[14.320868,47.436945]},"properties":{"w":0.2875}},{"type":"Feature","geometry":{"type":"Point","coordinates":[12.885189,47.439212]},"properties":{"w":0.3484}},{"type":"Feature","geometry":{"type":"Point","coordinates":[13.55257,47.439349]},"properties":{"w":0.3502}},{"type":"Feature","geometry":{"type":"Point","coordinates":[10.938822,47.417555]},"properties":{"w":0.4892}},{"type":"Feature","geometry":{"type":"Point","coordinates":[14.184482,47.437249]},"properties":{"w":0.2786}},{"type":"Feature","geometry":{"type":"Point","coordinates":[14.07921,47.442397]},"properties":{"w":0.3692}},{"type":"Feature","geometry":{"type":"Point","coordinates":[14.626361,47.431883]},"properties":{"w":0.4209}},{"type":"Feature","geometry":{"type":"Point","coordinates":[10.018222,47.387729]},"properties":{"w":0.3509}},{"type":"Feature","geometry":{"type":"Point","coordinates":[13.59614,47.436845]},"properties":{"w":0.3207}},{"type":"Feature","geometry":{"type":"Point","coordinates":[13.333501,47.435336]},"properties":{"w":0.2974}},{"type":"Feature","geometry":{"type":"Point","coordinates":[15.093127,47.423494]},"properties":{"w":0.4698}},{"type":"Feature","geometry":{"type":"Point","coordinates":[16.07608,47.40214]},"properties":{"w":0.3871}},{"type":"Feature","geometry":{"type":"Point","coordinates":[15.585038,47.422435]},"properties":{"w":0.4972}},{"type":"Feature","geometry":{"type":"Point","coordinates":[12.465881,47.432062]},"properties":{"w":0.3358}},{"type":"Feature","geometry":{"type":"Point","coordinates":[10.604321,47.400891]},"properties":{"w":0.4026}},{"type":"Feature","geometry":{"type":"Point","coordinates":[15.606758,47.411063]},"properties":{"w":0.3221}},{"type":"Feature","geometry":{"type":"Point","coordinates":[13.401368,47.442231]},"properties":{"w":0.4511}},{"type":"Feature","geometry":{"type":"Point","coordinates":[15.653245,47.414764]},"properties":{"w":0.4963}},{"type":"Feature","geometry":{"type":"Point","coordinates":[15.619806,47.405609]},"properties":{"w":0.2806}},{"type":"Feature","geometry":{"type":"Point","coordinates":[10.690926,47.402001]},"properties":{"w":0.5228}},{"type":"Feature","geometry":{"type":"Point","coordinates":[13.189818,47.429923]},"properties":{"w":0.4794}},{"type":"Feature","geometry":{"type":"Point","coordinates":[14.099782,47.431642]},"properties":{"w":0.4026}},{"type":"Feature","geometry":{"type":"Point","coordinates":[15.547423,47.426696]},"properties":{"w":0.6374}},{"type":"Feature","geometry":{"type":"Point","coordinates":[15.39364,47.411985]},"properties":{"w":0.4568}},{"type":"Feature","geometry":{"type":"Point","coordinates":[11.132146,47.404527]},"properties":{"w":0.3829}},{"type":"Feature","geometry":{"type":"Point","coordinates":[12.477904,47.421966]},"properties":{"w":0.3217}},{"type":"Feature","geometry":{"type":"Point","coordinates":[12.529616,47.422004]},"properties":{"w":0.348}},{"type":"Feature","geometry":{"type":"Point","coordinates":[15.477522,47.413179]},"properties":{"w":0.4674}},{"type":"Feature","geometry":{"type":"Point","coordinates":[14.080945,47.424686]},"properties":{"w":0.3291}},{"type":"Feature","geometry":{"type":"Point","coordinates":[12.597446,47.422824]},"properties":{"w":0.3358}},{"type":"Feature","geometry":{"type":"Point","coordinates":[10.488758,47.386854]},"properties":{"w":0.3146}},{"type":"Feature","geometry":{"type":"Point","coordinates":[12.502126,47.419383]},"properties":{"w":0.2887}},{"type":"Feature","geometry":{"type":"Point","coordinates":[15.045248,47.411084]},"properties":{"w":0.4209}},{"type":"Feature","geometry":{"type":"Point","coordinates":[11.993147,47.412902]},"properties":{"w":0.2974}},{"type":"Feature","geometry":{"type":"Point","coordinates":[13.605659,47.418999]},"properties":{"w":0.3207}},{"type":"Feature","geometry":{"type":"Point","coordinates":[15.355409,47.4024]},"properties":{"w":0.3252}},{"type":"Feature","geometry":{"type":"Point","coordinates":[9.828138,47.374404]},"properties":{"w":0.6278}},{"type":"Feature","geometry":{"type":"Point","coordinates":[10.517201,47.386713]},"properties":{"w":0.4545}},{"type":"Feature","geometry":{"type":"Point","coordinates":[13.580774,47.417893]},"properties":{"w":0.3558}},{"type":"Feature","geometry":{"type":"Point","coordinates":[10.837413,47.391939]},"properties":{"w":0.3815}},{"type":"Feature","geometry":{"type":"Point","coordinates":[13.533534,47.416138]},"properties":{"w":0.4697}},{"type":"Feature","geometry":{"type":"Point","coordinates":[16.216245,47.380525]},"properties":{"w":0.2837}},{"type":"Feature","geometry":{"type":"Point","coordinates":[13.501511,47.416649]},"properties":{"w":0.4663}},{"type":"Feature","geometry":{"type":"Point","coordinates":[14.585374,47.412926]},"properties":{"w":0.4103}},{"type":"Feature","geometry":{"type":"Point","coordinates":[14.086275,47.414211]},"properties":{"w":0.4344}},{"type":"Feature","geometry":{"type":"Point","coordinates":[15.335566,47.397342]},"properties":{"w":0.3221}},{"type":"Feature","geometry":{"type":"Point","coordinates":[12.601936,47.412715]},"properties":{"w":0.327}},{"type":"Feature","geometry":{"type":"Point","coordinates":[11.013609,47.390672]},"properties":{"w":0.2887}},{"type":"Feature","geometry":{"type":"Point","coordinates":[11.141494,47.393412]},"properties":{"w":0.4502}},{"type":"Feature","geometry":{"type":"Point","coordinates":[12.95254,47.41649]},"properties":{"w":0.4109}},{"type":"Feature","geometry":{"type":"Point","coordinates":[14.688486,47.408829]},"properties":{"w":0.3146}},{"type":"Feature","geometry":{"type":"Point","coordinates":[12.64361,47.411264]},"properties":{"w":0.3466}},{"type":"Feature","geometry":{"type":"Point","coordinates":[12.505243,47.410905]},"properties":{"w":0.3141}},{"type":"Feature","geometry":{"type":"Point","coordinates":[12.517127,47.409812]},"properties":{"w":0.3378}},{"type":"Feature","geometry":{"type":"Point","coordinates":[11.127366,47.391281]},"properties":{"w":0.3591}},{"type":"Feature","geometry":{"type":"Point","coordinates":[14.43493,47.414081]},"properties":{"w":0.4895}},{"type":"Feature","geometry":{"type":"Point","coordinates":[11.984888,47.404409]},"properties":{"w":0.3203}},{"type":"Feature","geometry":{"type":"Point","coordinates":[14.21236,47.409084]},"properties":{"w":0.3243}},{"type":"Feature","geometry":{"type":"Point","coordinates":[15.33825,47.393345]},"properties":{"w":0.2875}},{"type":"Feature","geometry":{"type":"Point","coordinates":[10.794693,47.382654]},"properties":{"w":0.2786}},{"type":"Feature","geometry":{"type":"Point","coordinates":[14.103921,47.409013]},"properties":{"w":0.2898}},{"type":"Feature","geometry":{"type":"Point","coordinates":[14.697058,47.4051]},"properties":{"w":0.3141}},{"type":"Feature","geometry":{"type":"Point","coordinates":[10.676924,47.381911]},"properties":{"w":0.4312}},{"type":"Feature","geometry":{"type":"Point","coordinates":[10.455648,47.374221]},"properties":{"w":0.3066}},{"type":"Feature","geometry":{"type":"Point","coordinates":[10.867475,47.382795]},"properties":{"w":0.398}},{"type":"Feature","geometry":{"type":"Point","coordinates":[13.140145,47.410163]},"properties":{"w":0.3839}},{"type":"Feature","geometry":{"type":"Point","coordinates":[14.750452,47.401676]},"properties":{"w":0.3066}},{"type":"Feature","geometry":{"type":"Point","coordinates":[12.761861,47.408699]},"properties":{"w":0.2818}},{"type":"Feature","geometry":{"type":"Point","coordinates":[12.523314,47.405328]},"properties":{"w":0.3291}},{"type":"Feature","geometry":{"type":"Point","coordinates":[13.43532,47.407109]},"properties":{"w":0.3597}},{"type":"Feature","geometry":{"type":"Point","coordinates":[10.992791,47.381874]},"properties":{"w":0.3927}},{"type":"Feature","geometry":{"type":"Point","coordinates":[13.472572,47.404643]},"properties":{"w":0.2806}},{"type":"Feature","geometry":{"type":"Point","coordinates":[14.975943,47.394003]},"properties":{"w":0.2843}},{"type":"Feature","geometry":{"type":"Point","coordinates":[12.781399,47.412277]},"properties":{"w":0.4325}},{"type":"Feature","geometry":{"type":"Point","coordinates":[10.029472,47.359504]},"properties":{"w":0.4218}},{"type":"Feature","geometry":{"type":"Point","coordinates":[13.150278,47.403874]},"properties":{"w":0.3949}},{"type":"Feature","geometry":{"type":"Point","coordinates":[13.462114,47.40754]},"properties":{"w":0.547}},{"type":"Feature","geometry":{"type":"Point","coordinates":[13.430045,47.401644]},"properties":{"w":0.362}},{"type":"Feature","geometry":{"type":"Point","coordinates":[10.800699,47.373148]},"properties":{"w":0.3345}},{"type":"Feature","geometry":{"type":"Point","coordinates":[10.425983,47.365106]},"properties":{"w":0.3393}},{"type":"Feature","geometry":{"type":"Point","coordinates":[14.098655,47.398426]},"properties":{"w":0.3358}},{"type":"Feature","geometry":{"type":"Point","coordinates":[10.927349,47.374362]},"properties":{"w":0.3146}},{"type":"Feature","geometry":{"type":"Point","coordinates":[10.960853,47.377136]},"properties":{"w":0.478}},{"type":"Feature","geometry":{"type":"Point","coordinates":[15.536348,47.37916]},"properties":{"w":0.2812}},{"type":"Feature","geometry":{"type":"Point","coordinates":[13.285834,47.398587]},"properties":{"w":0.298}},{"type":"Feature","geometry":{"type":"Point","coordinates":[14.661473,47.402139]},"properties":{"w":0.5348}},{"type":"Feature","geometry":{"type":"Point","coordinates":[14.080452,47.395634]},"properties":{"w":0.3358}},{"type":"Feature","geometry":{"type":"Point","coordinates":[11.203722,47.37833]},"properties":{"w":0.3291}},{"type":"Feature","geometry":{"type":"Point","coordinates":[13.07381,47.397355]},"properties":{"w":0.3571}},{"type":"Feature","geometry":{"type":"Point","coordinates":[10.99308,47.374321]},"properties":{"w":0.4473}},{"type":"Feature","geometry":{"type":"Point","coordinates":[10.937141,47.371198]},"properties":{"w":0.2704}},{"type":"Feature","geometry":{"type":"Point","coordinates":[14.763464,47.39082]},"properties":{"w":0.298}},{"type":"Feature","geometry":{"type":"Point","coordinates":[15.279995,47.382529]},"properties":{"w":0.3401}},{"type":"Feature","geometry":{"type":"Point","coordinates":[11.018376,47.373216]},"properties":{"w":0.5082}},{"type":"Feature","geometry":{"type":"Point","coordinates":[12.720857,47.39373]},"properties":{"w":0.4224}},{"type":"Feature","geometry":{"type":"Point","coordinates":[15.438965,47.374186]},"properties":{"w":0.2786}},{"type":"Feature","geometry":{"type":"Point","coordinates":[15.258173,47.380316]},"properties":{"w":0.3217}},{"type":"Feature","geometry":{"type":"Point","coordinates":[10.010157,47.3512]},"properties":{"w":0.4761}},{"type":"Feature","geometry":{"type":"Point","coordinates":[13.564172,47.392798]},"properties":{"w":0.3207}},{"type":"Feature","geometry":{"type":"Point","coordinates":[10.405682,47.353222]},"properties":{"w":0.3537}},{"type":"Feature","geometry":{"type":"Point","coordinates":[15.609622,47.36869]},"properties":{"w":0.3029}},{"type":"Feature","geometry":{"type":"Point","coordinates":[13.363428,47.393986]},"properties":{"w":0.4659}},{"type":"Feature","geometry":{"type":"Point","coordinates":[16.172096,47.358284]},"properties":{"w":0.4351}},{"type":"Feature","geometry":{"type":"Point","coordinates":[12.528178,47.390322]},"properties":{"w":0.3295}},{"type":"Feature","geometry":{"type":"Point","coordinates":[14.775901,47.381794]},"properties":{"w":0.3146}},{"type":"Feature","geometry":{"type":"Point","coordinates":[13.574102,47.390157]},"properties":{"w":0.3716}},{"type":"Feature","geometry":{"type":"Point","coordinates":[15.269818,47.373012]},"properties":{"w":0.2911}},{"type":"Feature","geometry":{"type":"Point","coordinates":[12.752023,47.393248]},"properties":{"w":0.3829}},{"type":"Feature","geometry":{"type":"Point","coordinates":[11.182927,47.37128]},"properties":{"w":0.3887}},{"type":"Feature","geometry":{"type":"Point","coordinates":[10.380214,47.350272]},"properties":{"w":0.2893}},{"type":"Feature","geometry":{"type":"Point","coordinates":[13.274358,47.391578]},"properties":{"w":0.3221}},{"type":"Feature","geometry":{"type":"Point","coordinates":[12.473683,47.388779]},"properties":{"w":0.3537}},{"type":"Feature","geometry":{"type":"Point","coordinates":[12.502939,47.387616]},"properties":{"w":0.3739}},{"type":"Feature","geometry":{"type":"Point","coordinates":[9.985982,47.339196]},"properties":{"w":0.3086}},{"type":"Feature","geometry":{"type":"Point","coordinates":[14.56815,47.385018]},"properties":{"w":0.4721}},{"type":"Feature","geometry":{"type":"Point","coordinates":[13.074687,47.38947]},"properties":{"w":0.4774}},{"type":"Feature","geometry":{"type":"Point","coordinates":[10.962131,47.364284]},"properties":{"w":0.3944}},{"type":"Feature","geometry":{"type":"Point","coordinates":[14.717035,47.378464]},"properties":{"w":0.3002}},{"type":"Feature","geometry":{"type":"Point","coordinates":[15.772901,47.361248]},"properties":{"w":0.2868}},{"type":"Feature","geometry":{"type":"Point","coordinates":[15.886854,47.360146]},"properties":{"w":0.4055}},{"type":"Feature","geometry":{"type":"Point","coordinates":[11.079269,47.367705]},"properties":{"w":0.5715}},{"type":"Feature","geometry":{"type":"Point","coordinates":[14.865185,47.377867]},"properties":{"w":0.3102}},{"type":"Feature","geometry":{"type":"Point","coordinates":[13.342089,47.387961]},"properties":{"w":0.3146}},{"type":"Feature","geometry":{"type":"Point","coordinates":[13.524022,47.385522]},"properties":{"w":0.3658}},{"type":"Feature","geometry":{"type":"Point","coordinates":[12.513162,47.384886]},"properties":{"w":0.2786}},{"type":"Feature","geometry":{"type":"Point","coordinates":[12.724931,47.385986]},"properties":{"w":0.3591}},{"type":"Feature","geometry":{"type":"Point","coordinates":[15.136796,47.372629]},"properties":{"w":0.3436}},{"type":"Feature","geometry":{"type":"Point","coordinates":[16.163035,47.350994]},"properties":{"w":0.2957}},{"type":"Feature","geometry":{"type":"Point","coordinates":[10.976482,47.361704]},"properties":{"w":0.3537}},{"type":"Feature","geometry":{"type":"Point","coordinates":[14.503846,47.378251]},"properties":{"w":0.3473}},{"type":"Feature","geometry":{"type":"Point","coordinates":[10.040233,47.335448]},"properties":{"w":0.2974}},{"type":"Feature","geometry":{"type":"Point","coordinates":[15.440049,47.364043]},"properties":{"w":0.3358}},{"type":"Feature","geometry":{"type":"Point","coordinates":[14.83492,47.373168]},"properties":{"w":0.2786}},{"type":"Feature","geometry":{"type":"Point","coordinates":[10.846523,47.355498]},"properties":{"w":0.3869}},{"type":"Feature","geometry":{"type":"Point","coordinates":[14.754019,47.37463]},"properties":{"w":0.3111}},{"type":"Feature","geometry":{"type":"Point","coordinates":[14.942468,47.368732]},"properties":{"w":0.3462}},{"type":"Feature","geometry":{"type":"Point","coordinates":[12.023047,47.374924]},"properties":{"w":0.2945}},{"type":"Feature","geometry":{"type":"Point","coordinates":[11.097157,47.361701]},"properties":{"w":0.4587}},{"type":"Feature","geometry":{"type":"Point","coordinates":[15.489835,47.358319]},"properties":{"w":0.337}},{"type":"Feature","geometry":{"type":"Point","coordinates":[9.869565,47.326456]},"properties":{"w":0.3198}},{"type":"Feature","geometry":{"type":"Point","coordinates":[10.781518,47.351307]},"properties":{"w":0.3131}},{"type":"Feature","geometry":{"type":"Point","coordinates":[10.101919,47.332007]},"properties":{"w":0.2887}},{"type":"Feature","geometry":{"type":"Point","coordinates":[12.492674,47.37675]},"properties":{"w":0.3261}},{"type":"Feature","geometry":{"type":"Point","coordinates":[15.890336,47.35035]},"properties":{"w":0.4465}},{"type":"Feature","geometry":{"type":"Point","coordinates":[13.179173,47.376841]},"properties":{"w":0.3386}},{"type":"Feature","geometry":{"type":"Point","coordinates":[14.954396,47.365444]},"properties":{"w":0.3239}},{"type":"Feature","geometry":{"type":"Point","coordinates":[10.500683,47.342828]},"properties":{"w":0.4062}},{"type":"Feature","geometry":{"type":"Point","coordinates":[14.297159,47.372068]},"properties":{"w":0.4849}},{"type":"Feature","geometry":{"type":"Point","coordinates":[13.333629,47.379028]},"properties":{"w":0.2786}},{"type":"Feature","geometry":{"type":"Point","coordinates":[13.826346,47.378461]},"properties":{"w":0.2985}},{"type":"Feature","geometry":{"type":"Point","coordinates":[12.478425,47.374174]},"properties":{"w":0.3912}},{"type":"Feature","geometry":{"type":"Point","coordinates":[12.002414,47.371031]},"properties":{"w":0.4248}},{"type":"Feature","geometry":{"type":"Point","coordinates":[13.886855,47.379727]},"properties":{"w":0.3683}},{"type":"Feature","geometry":{"type":"Point","coordinates":[14.924221,47.367584]},"properties":{"w":0.4783}},{"type":"Feature","geometry":{"type":"Point","coordinates":[9.918164,47.324854]},"properties":{"w":0.3737}},{"type":"Feature","geometry":{"type":"Point","coordinates":[10.479043,47.338623]},"properties":{"w":0.2887}},{"type":"Feature","geometry":{"type":"Point","coordinates":[15.531784,47.356568]},"properties":{"w":0.5889}},{"type":"Feature","geometry":{"type":"Point","coordinates":[10.055695,47.326882]},"properties":{"w":0.3643}},{"type":"Feature","geometry":{"type":"Point","coordinates":[15.150813,47.361824]},"properties":{"w":0.511}},{"type":"Feature","geometry":{"type":"Point","coordinates":[10.704871,47.34396]},"properties":{"w":0.3207}},{"type":"Feature","geometry":{"type":"Point","coordinates":[13.079504,47.37252]},"properties":{"w":0.2806}},{"type":"Feature","geometry":{"type":"Point","coordinates":[10.412828,47.342173]},"properties":{"w":0.4639}},{"type":"Feature","geometry":{"type":"Point","coordinates":[9.877767,47.320356]},"properties":{"w":0.3386}},{"type":"Feature","geometry":{"type":"Point","coordinates":[14.841953,47.364674]},"properties":{"w":0.3505}},{"type":"Feature","geometry":{"type":"Point","coordinates":[9.902878,47.324245]},"properties":{"w":0.5286}},{"type":"Feature","geometry":{"type":"Point","coordinates":[16.047939,47.343909]},"properties":{"w":0.4596}},{"type":"Feature","geometry":{"type":"Point","coordinates":[14.913249,47.362083]},"properties":{"w":0.2798}},{"type":"Feature","geometry":{"type":"Point","coordinates":[16.100355,47.34376]},"properties":{"w":0.5346}},{"type":"Feature","geometry":{"type":"Point","coordinates":[10.84696,47.342523]},"properties":{"w":0.3405}},{"type":"Feature","geometry":{"type":"Point","coordinates":[12.970519,47.370185]},"properties":{"w":0.4356}},{"type":"Feature","geometry":{"type":"Point","coordinates":[11.157813,47.353297]},"properties":{"w":0.4671}},{"type":"Feature","geometry":{"type":"Point","coordinates":[14.9236,47.357988]},"properties":{"w":0.3417}},{"type":"Feature","geometry":{"type":"Point","coordinates":[13.578181,47.369716]},"properties":{"w":0.433}},{"type":"Feature","geometry":{"type":"Point","coordinates":[15.525032,47.348016]},"properties":{"w":0.3081}},{"type":"Feature","geometry":{"type":"Point","coordinates":[13.053241,47.367994]},"properties":{"w":0.3291}},{"type":"Feature","geometry":{"type":"Point","coordinates":[15.405849,47.35502]},"properties":{"w":0.5263}},{"type":"Feature","geometry":{"type":"Point","coordinates":[13.308779,47.37156]},"properties":{"w":0.4247}},{"type":"Feature","geometry":{"type":"Point","coordinates":[10.069143,47.322907]},"properties":{"w":0.3796}},{"type":"Feature","geometry":{"type":"Point","coordinates":[13.045076,47.373336]},"properties":{"w":0.4155}},{"type":"Feature","geometry":{"type":"Point","coordinates":[14.221106,47.365514]},"properties":{"w":0.3591}},{"type":"Feature","geometry":{"type":"Point","coordinates":[10.737765,47.337286]},"properties":{"w":0.4143}},{"type":"Feature","geometry":{"type":"Point","coordinates":[10.474272,47.331427]},"properties":{"w":0.3578}},{"type":"Feature","geometry":{"type":"Point","coordinates":[10.693872,47.338145]},"properties":{"w":0.2887}},{"type":"Feature","geometry":{"type":"Point","coordinates":[11.796421,47.357848]},"properties":{"w":0.3061}},{"type":"Feature","geometry":{"type":"Point","coordinates":[10.459472,47.328973]},"properties":{"w":0.2786}},{"type":"Feature","geometry":{"type":"Point","coordinates":[13.529769,47.365397]},"properties":{"w":0.3291}},{"type":"Feature","geometry":{"type":"Point","coordinates":[13.070351,47.366153]},"properties":{"w":0.3221}},{"type":"Feature","geometry":{"type":"Point","coordinates":[14.791163,47.355248]},"properties":{"w":0.3274}},{"type":"Feature","geometry":{"type":"Point","coordinates":[15.201742,47.348361]},"properties":{"w":0.3024}},{"type":"Feature","geometry":{"type":"Point","coordinates":[14.920179,47.351146]},"properties":{"w":0.2818}},{"type":"Feature","geometry":{"type":"Point","coordinates":[16.17526,47.335865]},"properties":{"w":0.6114}},{"type":"Feature","geometry":{"type":"Point","coordinates":[14.818241,47.355083]},"properties":{"w":0.4062}},{"type":"Feature","geometry":{"type":"Point","coordinates":[13.513375,47.362785]},"properties":{"w":0.3221}},{"type":"Feature","geometry":{"type":"Point","coordinates":[10.357331,47.323217]},"properties":{"w":0.4187}},{"type":"Feature","geometry":{"type":"Point","coordinates":[12.253806,47.357913]},"properties":{"w":0.354}},{"type":"Feature","geometry":{"type":"Point","coordinates":[11.150522,47.34452]},"properties":{"w":0.5234}},{"type":"Feature","geometry":{"type":"Point","coordinates":[10.841731,47.335322]},"properties":{"w":0.3951}},{"type":"Feature","geometry":{"type":"Point","coordinates":[15.415528,47.343541]},"properties":{"w":0.3066}},{"type":"Feature","geometry":{"type":"Point","coordinates":[15.427335,47.340606]},"properties":{"w":0.2893}},{"type":"Feature","geometry":{"type":"Point","coordinates":[12.014629,47.353155]},"properties":{"w":0.449}},{"type":"Feature","geometry":{"type":"Point","coordinates":[12.619811,47.359089]},"properties":{"w":0.298}},{"type":"Feature","geometry":{"type":"Point","coordinates":[13.524109,47.358761]},"properties":{"w":0.3378}},{"type":"Feature","geometry":{"type":"Point","coordinates":[15.208471,47.34338]},"properties":{"w":0.4069}},{"type":"Feature","geometry":{"type":"Point","coordinates":[15.266628,47.340897]},"properties":{"w":0.2862}},{"type":"Feature","geometry":{"type":"Point","coordinates":[13.24796,47.36215]},"properties":{"w":0.3325}},{"type":"Feature","geometry":{"type":"Point","coordinates":[12.479721,47.358714]},"properties":{"w":0.5348}},{"type":"Feature","geometry":{"type":"Point","coordinates":[10.448535,47.321404]},"properties":{"w":0.3358}},{"type":"Feature","geometry":{"type":"Point","coordinates":[10.745345,47.328198]},"properties":{"w":0.4527}},{"type":"Feature","geometry":{"type":"Point","coordinates":[11.033509,47.332319]},"properties":{"w":0.2887}},{"type":"Feature","geometry":{"type":"Point","coordinates":[11.925266,47.350895]},"properties":{"w":0.305}},{"type":"Feature","geometry":{"type":"Point","coordinates":[12.848586,47.358225]},"properties":{"w":0.3184}},{"type":"Feature","geometry":{"type":"Point","coordinates":[10.422297,47.318666]},"properties":{"w":0.2786}},{"type":"Feature","geometry":{"type":"Point","coordinates":[13.279206,47.356981]},"properties":{"w":0.2898}},{"type":"Feature","geometry":{"type":"Point","coordinates":[15.2455,47.342079]},"properties":{"w":0.4062}},{"type":"Feature","geometry":{"type":"Point","coordinates":[14.820493,47.345607]},"properties":{"w":0.2812}},{"type":"Feature","geometry":{"type":"Point","coordinates":[11.966898,47.35022]},"properties":{"w":0.3287}},{"type":"Feature","geometry":{"type":"Point","coordinates":[10.432627,47.320628]},"properties":{"w":0.3951}},{"type":"Feature","geometry":{"type":"Point","coordinates":[9.915394,47.304869]},"properties":{"w":0.4514}},{"type":"Feature","geometry":{"type":"Point","coordinates":[15.296911,47.339031]},"properties":{"w":0.348}},{"type":"Feature","geometry":{"type":"Point","coordinates":[9.865429,47.300756]},"properties":{"w":0.2786}},{"type":"Feature","geometry":{"type":"Point","coordinates":[12.178692,47.349062]},"properties":{"w":0.3235}},{"type":"Feature","geometry":{"type":"Point","coordinates":[12.342998,47.351728]},"properties":{"w":0.2952}},{"type":"Feature","geometry":{"type":"Point","coordinates":[15.311851,47.336265]},"properties":{"w":0.3826}},{"type":"Feature","geometry":{"type":"Point","coordinates":[13.145713,47.354358]},"properties":{"w":0.3071}},{"type":"Feature","geometry":{"type":"Point","coordinates":[14.207715,47.358707]},"properties":{"w":0.4533}},{"type":"Feature","geometry":{"type":"Point","coordinates":[11.807539,47.346798]},"properties":{"w":0.3698}},{"type":"Feature","geometry":{"type":"Point","coordinates":[12.071074,47.348773]},"properties":{"w":0.3013}},{"type":"Feature","geometry":{"type":"Point","coordinates":[14.806174,47.345932]},"properties":{"w":0.4384}},{"type":"Feature","geometry":{"type":"Point","coordinates":[13.524789,47.353242]},"properties":{"w":0.3751}},{"type":"Feature","geometry":{"type":"Point","coordinates":[14.348677,47.349593]},"properties":{"w":0.3066}},{"type":"Feature","geometry":{"type":"Point","coordinates":[10.083809,47.307512]},"properties":{"w":0.3066}},{"type":"Feature","geometry":{"type":"Point","coordinates":[12.504213,47.346946]},"properties":{"w":0.2843}},{"type":"Feature","geometry":{"type":"Point","coordinates":[13.537274,47.350425]},"properties":{"w":0.3639}},{"type":"Feature","geometry":{"type":"Point","coordinates":[14.846304,47.339956]},"properties":{"w":0.2806}},{"type":"Feature","geometry":{"type":"Point","coordinates":[10.383069,47.312051]},"properties":{"w":0.4195}},{"type":"Feature","geometry":{"type":"Point","coordinates":[13.079581,47.350462]},"properties":{"w":0.3951}},{"type":"Feature","geometry":{"type":"Point","coordinates":[9.854769,47.296337]},"properties":{"w":0.443}},{"type":"Feature","geometry":{"type":"Point","coordinates":[12.359669,47.34819]},"properties":{"w":0.3374}},{"type":"Feature","geometry":{"type":"Point","coordinates":[14.516014,47.342869]},"properties":{"w":0.335}},{"type":"Feature","geometry":{"type":"Point","coordinates":[9.561267,47.291734]},"properties":{"w":0.3636}},{"type":"Feature","geometry":{"type":"Point","coordinates":[13.464145,47.351629]},"properties":{"w":0.455}},{"type":"Feature","geometry":{"type":"Point","coordinates":[9.965705,47.298723]},"properties":{"w":0.2985}},{"type":"Feature","geometry":{"type":"Point","coordinates":[12.00123,47.345327]},"properties":{"w":0.404}},{"type":"Feature","geometry":{"type":"Point","coordinates":[12.95127,47.348014]},"properties":{"w":0.298}},{"type":"Feature","geometry":{"type":"Point","coordinates":[15.390752,47.32937]},"properties":{"w":0.2843}},{"type":"Feature","geometry":{"type":"Point","coordinates":[11.923467,47.337131]},"properties":{"w":0.335}},{"type":"Feature","geometry":{"type":"Point","coordinates":[11.155601,47.328759]},"properties":{"w":0.4711}},{"type":"Feature","geometry":{"type":"Point","coordinates":[9.856859,47.291206]},"properties":{"w":0.305}},{"type":"Feature","geometry":{"type":"Point","coordinates":[12.54919,47.342028]},"properties":{"w":0.2843}},{"type":"Feature","geometry":{"type":"Point","coordinates":[9.552623,47.287989]},"properties":{"w":0.2985}},{"type":"Feature","geometry":{"type":"Point","coordinates":[16.045102,47.317345]},"properties":{"w":0.4901}},{"type":"Feature","geometry":{"type":"Point","coordinates":[10.369682,47.306177]},"properties":{"w":0.298}},{"type":"Feature","geometry":{"type":"Point","coordinates":[13.356456,47.343925]},"properties":{"w":0.2837}},{"type":"Feature","geometry":{"type":"Point","coordinates":[12.447887,47.340207]},"properties":{"w":0.2974}},{"type":"Feature","geometry":{"type":"Point","coordinates":[10.195048,47.302303]},"properties":{"w":0.2969}},{"type":"Feature","geometry":{"type":"Point","coordinates":[14.66857,47.338167]},"properties":{"w":0.403}},{"type":"Feature","geometry":{"type":"Point","coordinates":[12.111224,47.336578]},"properties":{"w":0.3265}},{"type":"Feature","geometry":{"type":"Point","coordinates":[13.62425,47.348269]},"properties":{"w":0.3561}},{"type":"Feature","geometry":{"type":"Point","coordinates":[12.026622,47.337645]},"properties":{"w":0.3826}},{"type":"Feature","geometry":{"type":"Point","coordinates":[15.207546,47.332836]},"properties":{"w":0.5269}},{"type":"Feature","geometry":{"type":"Point","coordinates":[15.456369,47.325027]},"properties":{"w":0.368}},{"type":"Feature","geometry":{"type":"Point","coordinates":[13.531644,47.343358]},"properties":{"w":0.3122}},{"type":"Feature","geometry":{"type":"Point","coordinates":[12.934498,47.341891]},"properties":{"w":0.3141}},{"type":"Feature","geometry":{"type":"Point","coordinates":[12.065426,47.336066]},"properties":{"w":0.3601}},{"type":"Feature","geometry":{"type":"Point","coordinates":[13.474737,47.34095]},"properties":{"w":0.2887}},{"type":"Feature","geometry":{"type":"Point","coordinates":[10.30937,47.301396]},"properties":{"w":0.3207}},{"type":"Feature","geometry":{"type":"Point","coordinates":[12.920763,47.339141]},"properties":{"w":0.2831}},{"type":"Feature","geometry":{"type":"Point","coordinates":[15.156937,47.325834]},"properties":{"w":0.2786}},{"type":"Feature","geometry":{"type":"Point","coordinates":[15.26698,47.323571]},"properties":{"w":0.3765}},{"type":"Feature","geometry":{"type":"Point","coordinates":[10.778722,47.310188]},"properties":{"w":0.2786}},{"type":"Feature","geometry":{"type":"Point","coordinates":[12.008339,47.332413]},"properties":{"w":0.3265}},{"type":"Feature","geometry":{"type":"Point","coordinates":[12.61601,47.3393]},"properties":{"w":0.362}},{"type":"Feature","geometry":{"type":"Point","coordinates":[10.753268,47.30975]},"properties":{"w":0.3091}},{"type":"Feature","geometry":{"type":"Point","coordinates":[10.661095,47.308798]},"properties":{"w":0.298}},{"type":"Feature","geometry":{"type":"Point","coordinates":[15.602192,47.317268]},"properties":{"w":0.3831}},{"type":"Feature","geometry":{"type":"Point","coordinates":[14.367886,47.335691]},"properties":{"w":0.3354}},{"type":"Feature","geometry":{"type":"Point","coordinates":[12.979869,47.339719]},"properties":{"w":0.3146}},{"type":"Feature","geometry":{"type":"Point","coordinates":[11.996728,47.330595]},"properties":{"w":0.2862}},{"type":"Feature","geometry":{"type":"Point","coordinates":[15.296335,47.328318]},"properties":{"w":0.5699}},{"type":"Feature","geometry":{"type":"Point","coordinates":[12.123669,47.333641]},"properties":{"w":0.3848}},{"type":"Feature","geometry":{"type":"Point","coordinates":[12.031314,47.331322]},"properties":{"w":0.3765}},{"type":"Feature","geometry":{"type":"Point","coordinates":[14.454473,47.335547]},"properties":{"w":0.3436}},{"type":"Feature","geometry":{"type":"Point","coordinates":[13.465959,47.33979]},"properties":{"w":0.3107}},{"type":"Feature","geometry":{"type":"Point","coordinates":[10.643451,47.304262]},"properties":{"w":0.3439}},{"type":"Feature","geometry":{"type":"Point","coordinates":[12.3105,47.334997]},"properties":{"w":0.3354}},{"type":"Feature","geometry":{"type":"Point","coordinates":[14.855623,47.329655]},"properties":{"w":0.3317}},{"type":"Feature","geometry":{"type":"Point","coordinates":[12.620116,47.334116]},"properties":{"w":0.3066}},{"type":"Feature","geometry":{"type":"Point","coordinates":[15.092865,47.32428]},"properties":{"w":0.2957}},{"type":"Feature","geometry":{"type":"Point","coordinates":[15.261944,47.319612]},"properties":{"w":0.2786}},{"type":"Feature","geometry":{"type":"Point","coordinates":[15.248759,47.319987]},"properties":{"w":0.3591}},{"type":"Feature","geometry":{"type":"Point","coordinates":[10.396601,47.29656]},"properties":{"w":0.3914}},{"type":"Feature","geometry":{"type":"Point","coordinates":[11.923699,47.328214]},"properties":{"w":0.459}},{"type":"Feature","geometry":{"type":"Point","coordinates":[15.224723,47.320268]},"properties":{"w":0.3558}},{"type":"Feature","geometry":{"type":"Point","coordinates":[15.731664,47.310902]},"properties":{"w":0.3796}},{"type":"Feature","geometry":{"type":"Point","coordinates":[12.447215,47.33281]},"properties":{"w":0.5121}},{"type":"Feature","geometry":{"type":"Point","coordinates":[14.84078,47.326247]},"properties":{"w":0.3061}},{"type":"Feature","geometry":{"type":"Point","coordinates":[10.112957,47.291409]},"properties":{"w":0.3386}},{"type":"Feature","geometry":{"type":"Point","coordinates":[13.056309,47.336877]},"properties":{"w":0.3944}},{"type":"Feature","geometry":{"type":"Point","coordinates":[9.744757,47.277712]},"properties":{"w":0.4226}},{"type":"Feature","geometry":{"type":"Point","coordinates":[13.477835,47.333469]},"properties":{"w":0.3155}},{"type":"Feature","geometry":{"type":"Point","coordinates":[12.688439,47.33014]},"properties":{"w":0.2779}},{"type":"Feature","geometry":{"type":"Point","coordinates":[10.668056,47.301141]},"properties":{"w":0.2786}},{"type":"Feature","geometry":{"type":"Point","coordinates":[12.603823,47.328945]},"properties":{"w":0.3421}},{"type":"Feature","geometry":{"type":"Point","coordinates":[14.18729,47.337032]},"properties":{"w":0.536}},{"type":"Feature","geometry":{"type":"Point","coordinates":[15.154481,47.319414]},"properties":{"w":0.413}},{"type":"Feature","geometry":{"type":"Point","coordinates":[15.287902,47.314251]},"properties":{"w":0.3248}},{"type":"Feature","geometry":{"type":"Point","coordinates":[11.954516,47.322386]},"properties":{"w":0.3283}},{"type":"Feature","geometry":{"type":"Point","coordinates":[12.038941,47.324265]},"properties":{"w":0.3692}},{"type":"Feature","geometry":{"type":"Point","coordinates":[15.323751,47.317696]},"properties":{"w":0.3975}},{"type":"Feature","geometry":{"type":"Point","coordinates":[15.195378,47.318693]},"properties":{"w":0.367}},{"type":"Feature","geometry":{"type":"Point","coordinates":[14.382763,47.327093]},"properties":{"w":0.348}},{"type":"Feature","geometry":{"type":"Point","coordinates":[15.149384,47.316504]},"properties":{"w":0.2887}},{"type":"Feature","geometry":{"type":"Point","coordinates":[15.343371,47.31218]},"properties":{"w":0.3221}},{"type":"Feature","geometry":{"type":"Point","coordinates":[12.472125,47.330234]},"properties":{"w":0.4603}},{"type":"Feature","geometry":{"type":"Point","coordinates":[16.262491,47.292688]},"properties":{"w":0.352}},{"type":"Feature","geometry":{"type":"Point","coordinates":[14.878495,47.324434]},"properties":{"w":0.5618}},{"type":"Feature","geometry":{"type":"Point","coordinates":[12.316778,47.324939]},"properties":{"w":0.3291}},{"type":"Feature","geometry":{"type":"Point","coordinates":[15.179954,47.318901]},"properties":{"w":0.4687}},{"type":"Feature","geometry":{"type":"Point","coordinates":[15.750361,47.305693]},"properties":{"w":0.5075}},{"type":"Feature","geometry":{"type":"Point","coordinates":[15.439361,47.311207]},"properties":{"w":0.3333}},{"type":"Feature","geometry":{"type":"Point","coordinates":[15.141117,47.315435]},"properties":{"w":0.298}},{"type":"Feature","geometry":{"type":"Point","coordinates":[15.251854,47.314681]},"properties":{"w":0.4195}},{"type":"Feature","geometry":{"type":"Point","coordinates":[10.105997,47.281875]},"properties":{"w":0.3342}},{"type":"Feature","geometry":{"type":"Point","coordinates":[11.02103,47.304389]},"properties":{"w":0.4183}},{"type":"Feature","geometry":{"type":"Point","coordinates":[12.255282,47.32578]},"properties":{"w":0.2887}},{"type":"Feature","geometry":{"type":"Point","coordinates":[12.193183,47.323798]},"properties":{"w":0.3024}},{"type":"Feature","geometry":{"type":"Point","coordinates":[12.561059,47.326174]},"properties":{"w":0.3716}},{"type":"Feature","geometry":{"type":"Point","coordinates":[12.024069,47.321767]},"properties":{"w":0.3066}},{"type":"Feature","geometry":{"type":"Point","coordinates":[11.17004,47.30671]},"properties":{"w":0.3462}},{"type":"Feature","geometry":{"type":"Point","coordinates":[12.342612,47.322897]},"properties":{"w":0.3639}},{"type":"Feature","geometry":{"type":"Point","coordinates":[12.703412,47.32594]},"properties":{"w":0.3421}},{"type":"Feature","geometry":{"type":"Point","coordinates":[12.586637,47.324751]},"properties":{"w":0.2881}},{"type":"Feature","geometry":{"type":"Point","coordinates":[10.804958,47.303316]},"properties":{"w":0.5654}},{"type":"Feature","geometry":{"type":"Point","coordinates":[13.540684,47.334796]},"properties":{"w":0.4553}},{"type":"Feature","geometry":{"type":"Point","coordinates":[12.126058,47.319635]},"properties":{"w":0.2773}},{"type":"Feature","geometry":{"type":"Point","coordinates":[14.307237,47.32171]},"properties":{"w":0.2898}},{"type":"Feature","geometry":{"type":"Point","coordinates":[12.291872,47.323788]},"properties":{"w":0.3243}},{"type":"Feature","geometry":{"type":"Point","coordinates":[14.457739,47.323127]},"properties":{"w":0.339}},{"type":"Feature","geometry":{"type":"Point","coordinates":[15.012997,47.314403]},"properties":{"w":0.3061}},{"type":"Feature","geometry":{"type":"Point","coordinates":[12.153383,47.320268]},"properties":{"w":0.3617}},{"type":"Feature","geometry":{"type":"Point","coordinates":[12.463221,47.321605]},"properties":{"w":0.3066}},{"type":"Feature","geometry":{"type":"Point","coordinates":[9.773634,47.269751]},"properties":{"w":0.298}},{"type":"Feature","geometry":{"type":"Point","coordinates":[11.03546,47.301482]},"properties":{"w":0.3594}},{"type":"Feature","geometry":{"type":"Point","coordinates":[11.773165,47.313452]},"properties":{"w":0.2786}},{"type":"Feature","geometry":{"type":"Point","coordinates":[12.935594,47.325119]},"properties":{"w":0.3354}},{"type":"Feature","geometry":{"type":"Point","coordinates":[15.207191,47.309571]},"properties":{"w":0.298}},{"type":"Feature","geometry":{"type":"Point","coordinates":[10.556177,47.292293]},"properties":{"w":0.2862}},{"type":"Feature","geometry":{"type":"Point","coordinates":[13.552243,47.332848]},"properties":{"w":0.5652}},{"type":"Feature","geometry":{"type":"Point","coordinates":[14.203016,47.321171]},"properties":{"w":0.2963}},{"type":"Feature","geometry":{"type":"Point","coordinates":[12.336007,47.319643]},"properties":{"w":0.2887}},{"type":"Feature","geometry":{"type":"Point","coordinates":[12.105541,47.318385]},"properties":{"w":0.3212}},{"type":"Feature","geometry":{"type":"Point","coordinates":[15.220047,47.311398]},"properties":{"w":0.4817}},{"type":"Feature","geometry":{"type":"Point","coordinates":[14.700111,47.320998]},"properties":{"w":0.3802}},{"type":"Feature","geometry":{"type":"Point","coordinates":[14.691815,47.320843]},"properties":{"w":0.3374}},{"type":"Feature","geometry":{"type":"Point","coordinates":[15.165575,47.310812]},"properties":{"w":0.4634}},{"type":"Feature","geometry":{"type":"Point","coordinates":[15.207365,47.306926]},"properties":{"w":0.3061}},{"type":"Feature","geometry":{"type":"Point","coordinates":[15.272096,47.30639]},"properties":{"w":0.2887}},{"type":"Feature","geometry":{"type":"Point","coordinates":[10.149177,47.277165]},"properties":{"w":0.3362}},{"type":"Feature","geometry":{"type":"Point","coordinates":[10.524295,47.287325]},"properties":{"w":0.3024}},{"type":"Feature","geometry":{"type":"Point","coordinates":[10.117755,47.277249]},"properties":{"w":0.3914}},{"type":"Feature","geometry":{"type":"Point","coordinates":[13.554569,47.322087]},"properties":{"w":0.4256}},{"type":"Feature","geometry":{"type":"Point","coordinates":[13.369228,47.324228]},"properties":{"w":0.3537}},{"type":"Feature","geometry":{"type":"Point","coordinates":[16.379356,47.28196]},"properties":{"w":0.3611}},{"type":"Feature","geometry":{"type":"Point","coordinates":[12.471423,47.319772]},"properties":{"w":0.3354}},{"type":"Feature","geometry":{"type":"Point","coordinates":[13.57681,47.328706]},"properties":{"w":0.4323}},{"type":"Feature","geometry":{"type":"Point","coordinates":[12.120258,47.313921]},"properties":{"w":0.2661}},{"type":"Feature","geometry":{"type":"Point","coordinates":[16.048083,47.29502]},"properties":{"w":0.5}},{"type":"Feature","geometry":{"type":"Point","coordinates":[16.417662,47.281868]},"properties":{"w":0.5791}},{"type":"Feature","geometry":{"type":"Point","coordinates":[16.152047,47.306135]},"properties":{"w":0.8344}},{"type":"Feature","geometry":{"type":"Point","coordinates":[15.110133,47.308233]},"properties":{"w":0.3291}},{"type":"Feature","geometry":{"type":"Point","coordinates":[14.676762,47.31659]},"properties":{"w":0.4092}},{"type":"Feature","geometry":{"type":"Point","coordinates":[10.116826,47.273511]},"properties":{"w":0.298}},{"type":"Feature","geometry":{"type":"Point","coordinates":[10.167419,47.277889]},"properties":{"w":0.4494}},{"type":"Feature","geometry":{"type":"Point","coordinates":[10.264188,47.279491]},"properties":{"w":0.2812}},{"type":"Feature","geometry":{"type":"Point","coordinates":[15.099818,47.305743]},"properties":{"w":0.2887}},{"type":"Feature","geometry":{"type":"Point","coordinates":[15.304703,47.306754]},"properties":{"w":0.476}},{"type":"Feature","geometry":{"type":"Point","coordinates":[11.179759,47.302092]},"properties":{"w":0.4209}},{"type":"Feature","geometry":{"type":"Point","coordinates":[11.544141,47.305234]},"properties":{"w":0.3137}},{"type":"Feature","geometry":{"type":"Point","coordinates":[14.402226,47.315753]},"properties":{"w":0.3871}},{"type":"Feature","geometry":{"type":"Point","coordinates":[10.801773,47.292733]},"properties":{"w":0.5027}},{"type":"Feature","geometry":{"type":"Point","coordinates":[13.535157,47.318496]},"properties":{"w":0.3739}},{"type":"Feature","geometry":{"type":"Point","coordinates":[10.293025,47.277746]},"properties":{"w":0.3591}},{"type":"Feature","geometry":{"type":"Point","coordinates":[14.849961,47.312343]},"properties":{"w":0.3999}},{"type":"Feature","geometry":{"type":"Point","coordinates":[10.879918,47.290533]},"properties":{"w":0.3221}},{"type":"Feature","geometry":{"type":"Point","coordinates":[15.225947,47.301222]},"properties":{"w":0.2786}},{"type":"Feature","geometry":{"type":"Point","coordinates":[12.955825,47.314694]},"properties":{"w":0.3987}},{"type":"Feature","geometry":{"type":"Point","coordinates":[15.660523,47.293581]},"properties":{"w":0.2898}},{"type":"Feature","geometry":{"type":"Point","coordinates":[12.624055,47.321655]},"properties":{"w":0.4944}},{"type":"Feature","geometry":{"type":"Point","coordinates":[15.03396,47.30335]},"properties":{"w":0.3633}},{"type":"Feature","geometry":{"type":"Point","coordinates":[14.758628,47.309513]},"properties":{"w":0.3203}},{"type":"Feature","geometry":{"type":"Point","coordinates":[14.420556,47.308649]},"properties":{"w":0.3066}},{"type":"Feature","geometry":{"type":"Point","coordinates":[10.212479,47.272395]},"properties":{"w":0.327}},{"type":"Feature","geometry":{"type":"Point","coordinates":[12.871626,47.316508]},"properties":{"w":0.4718}},{"type":"Feature","geometry":{"type":"Point","coordinates":[14.468977,47.310262]},"properties":{"w":0.2923}},{"type":"Feature","geometry":{"type":"Point","coordinates":[14.56783,47.306095]},"properties":{"w":0.3024}},{"type":"Feature","geometry":{"type":"Point","coordinates":[13.37663,47.313429]},"properties":{"w":0.2786}},{"type":"Feature","geometry":{"type":"Point","coordinates":[12.17737,47.308268]},"properties":{"w":0.4012}},{"type":"Feature","geometry":{"type":"Point","coordinates":[11.831359,47.304185]},"properties":{"w":0.3421}},{"type":"Feature","geometry":{"type":"Point","coordinates":[12.169196,47.306827]},"properties":{"w":0.3439}},{"type":"Feature","geometry":{"type":"Point","coordinates":[10.218521,47.269161]},"properties":{"w":0.2786}},{"type":"Feature","geometry":{"type":"Point","coordinates":[16.412303,47.272748]},"properties":{"w":0.3578}},{"type":"Feature","geometry":{"type":"Point","coordinates":[14.307728,47.310741]},"properties":{"w":0.2923}},{"type":"Feature","geometry":{"type":"Point","coordinates":[15.045104,47.302372]},"properties":{"w":0.4171}},{"type":"Feature","geometry":{"type":"Point","coordinates":[12.506664,47.313048]},"properties":{"w":0.4058}},{"type":"Feature","geometry":{"type":"Point","coordinates":[14.821699,47.305027]},"properties":{"w":0.4482}},{"type":"Feature","geometry":{"type":"Point","coordinates":[12.24251,47.311824]},"properties":{"w":0.4857}},{"type":"Feature","geometry":{"type":"Point","coordinates":[14.316029,47.30936]},"properties":{"w":0.3034}},{"type":"Feature","geometry":{"type":"Point","coordinates":[15.152672,47.299727]},"properties":{"w":0.4024}},{"type":"Feature","geometry":{"type":"Point","coordinates":[10.649201,47.280745]},"properties":{"w":0.3785}},{"type":"Feature","geometry":{"type":"Point","coordinates":[12.272437,47.307583]},"properties":{"w":0.2875}},{"type":"Feature","geometry":{"type":"Point","coordinates":[16.051378,47.280045]},"properties":{"w":0.3751}},{"type":"Feature","geometry":{"type":"Point","coordinates":[12.219001,47.308148]},"properties":{"w":0.3695}},{"type":"Feature","geometry":{"type":"Point","coordinates":[15.617767,47.286504]},"properties":{"w":0.2786}},{"type":"Feature","geometry":{"type":"Point","coordinates":[14.579144,47.32295]},"properties":{"w":0.5886}},{"type":"Feature","geometry":{"type":"Point","coordinates":[15.283992,47.295733]},"properties":{"w":0.3066}},{"type":"Feature","geometry":{"type":"Point","coordinates":[15.173506,47.300917]},"properties":{"w":0.4284}},{"type":"Feature","geometry":{"type":"Point","coordinates":[15.233018,47.29369]},"properties":{"w":0.2792}},{"type":"Feature","geometry":{"type":"Point","coordinates":[13.581484,47.312728]},"properties":{"w":0.3802}},{"type":"Feature","geometry":{"type":"Point","coordinates":[10.035843,47.260139]},"properties":{"w":0.305}},{"type":"Feature","geometry":{"type":"Point","coordinates":[13.434698,47.305925]},"properties":{"w":0.3161}},{"type":"Feature","geometry":{"type":"Point","coordinates":[16.470599,47.28121]},"properties":{"w":0.7611}},{"type":"Feature","geometry":{"type":"Point","coordinates":[15.626847,47.282973]},"properties":{"w":0.2905}},{"type":"Feature","geometry":{"type":"Point","coordinates":[12.203771,47.299014]},"properties":{"w":0.3591}},{"type":"Feature","geometry":{"type":"Point","coordinates":[10.156698,47.260538]},"properties":{"w":0.2689}},{"type":"Feature","geometry":{"type":"Point","coordinates":[15.645341,47.28674]},"properties":{"w":0.3742}},{"type":"Feature","geometry":{"type":"Point","coordinates":[11.993505,47.302087]},"properties":{"w":0.5148}},{"type":"Feature","geometry":{"type":"Point","coordinates":[12.174438,47.299843]},"properties":{"w":0.413}},{"type":"Feature","geometry":{"type":"Point","coordinates":[13.566726,47.302673]},"properties":{"w":0.3193}},{"type":"Feature","geometry":{"type":"Point","coordinates":[12.379555,47.298851]},"properties":{"w":0.3034}},{"type":"Feature","geometry":{"type":"Point","coordinates":[12.1087,47.296981]},"properties":{"w":0.3116}},{"type":"Feature","geometry":{"type":"Point","coordinates":[12.252438,47.304906]},"properties":{"w":0.4675}},{"type":"Feature","geometry":{"type":"Point","coordinates":[13.55299,47.312534]},"properties":{"w":0.5393}},{"type":"Feature","geometry":{"type":"Point","coordinates":[15.18557,47.295496]},"properties":{"w":0.49}},{"type":"Feature","geometry":{"type":"Point","coordinates":[10.910103,47.280719]},"properties":{"w":0.5117}},{"type":"Feature","geometry":{"type":"Point","coordinates":[13.338769,47.302301]},"properties":{"w":0.3002}},{"type":"Feature","geometry":{"type":"Point","coordinates":[11.818492,47.29599]},"properties":{"w":0.3739}},{"type":"Feature","geometry":{"type":"Point","coordinates":[13.245672,47.30128]},"properties":{"w":0.3081}},{"type":"Feature","geometry":{"type":"Point","coordinates":[10.867927,47.280985]},"properties":{"w":0.4284}},{"type":"Feature","geometry":{"type":"Point","coordinates":[10.594749,47.273552]},"properties":{"w":0.3551}},{"type":"Feature","geometry":{"type":"Point","coordinates":[12.245319,47.29719]},"properties":{"w":0.3591}},{"type":"Feature","geometry":{"type":"Point","coordinates":[12.199341,47.293728]},"properties":{"w":0.2792}},{"type":"Feature","geometry":{"type":"Point","coordinates":[10.121914,47.260232]},"properties":{"w":0.4424}},{"type":"Feature","geometry":{"type":"Point","coordinates":[10.138764,47.254482]},"properties":{"w":0.2825}},{"type":"Feature","geometry":{"type":"Point","coordinates":[15.139971,47.286953]},"properties":{"w":0.3146}},{"type":"Feature","geometry":{"type":"Point","coordinates":[14.447558,47.293806]},"properties":{"w":0.3071}},{"type":"Feature","geometry":{"type":"Point","coordinates":[12.1528,47.293499]},"properties":{"w":0.3951}},{"type":"Feature","geometry":{"type":"Point","coordinates":[10.146404,47.254997]},"properties":{"w":0.3137}},{"type":"Feature","geometry":{"type":"Point","coordinates":[14.687788,47.297344]},"properties":{"w":0.4579}},{"type":"Feature","geometry":{"type":"Point","coordinates":[12.238022,47.29367]},"properties":{"w":0.298}},{"type":"Feature","geometry":{"type":"Point","coordinates":[12.056695,47.292721]},"properties":{"w":0.3428}},{"type":"Feature","geometry":{"type":"Point","coordinates":[14.332072,47.29638]},"properties":{"w":0.3358}},{"type":"Feature","geometry":{"type":"Point","coordinates":[13.264792,47.298562]},"properties":{"w":0.3643}},{"type":"Feature","geometry":{"type":"Point","coordinates":[11.757699,47.288492]},"properties":{"w":0.3287}},{"type":"Feature","geometry":{"type":"Point","coordinates":[14.770218,47.30103]},"properties":{"w":0.5606}},{"type":"Feature","geometry":{"type":"Point","coordinates":[12.269266,47.291704]},"properties":{"w":0.3413}},{"type":"Feature","geometry":{"type":"Point","coordinates":[13.33728,47.296487]},"properties":{"w":0.3203}},{"type":"Feature","geometry":{"type":"Point","coordinates":[11.783529,47.291449]},"properties":{"w":0.3189}},{"type":"Feature","geometry":{"type":"Point","coordinates":[15.155734,47.281962]},"properties":{"w":0.3221}},{"type":"Feature","geometry":{"type":"Point","coordinates":[14.971968,47.284437]},"properties":{"w":0.3564}},{"type":"Feature","geometry":{"type":"Point","coordinates":[16.127212,47.265173]},"properties":{"w":0.3432}},{"type":"Feature","geometry":{"type":"Point","coordinates":[12.115665,47.288812]},"properties":{"w":0.3871}},{"type":"Feature","geometry":{"type":"Point","coordinates":[12.323763,47.291889]},"properties":{"w":0.3785}},{"type":"Feature","geometry":{"type":"Point","coordinates":[11.694471,47.284368]},"properties":{"w":0.3024}},{"type":"Feature","geometry":{"type":"Point","coordinates":[11.971973,47.289605]},"properties":{"w":0.3161}},{"type":"Feature","geometry":{"type":"Point","coordinates":[14.958438,47.285187]},"properties":{"w":0.3287}},{"type":"Feature","geometry":{"type":"Point","coordinates":[14.659414,47.28673]},"properties":{"w":0.3362}},{"type":"Feature","geometry":{"type":"Point","coordinates":[13.555625,47.29626]},"properties":{"w":0.5036}},{"type":"Feature","geometry":{"type":"Point","coordinates":[14.553019,47.286994]},"properties":{"w":0.3126}},{"type":"Feature","geometry":{"type":"Point","coordinates":[12.20722,47.288705]},"properties":{"w":0.348}},{"type":"Feature","geometry":{"type":"Point","coordinates":[12.306371,47.289276]},"properties":{"w":0.4502}},{"type":"Feature","geometry":{"type":"Point","coordinates":[13.285501,47.291555]},"properties":{"w":0.3165}},{"type":"Feature","geometry":{"type":"Point","coordinates":[15.216633,47.277435]},"properties":{"w":0.2786}},{"type":"Feature","geometry":{"type":"Point","coordinates":[15.002723,47.281562]},"properties":{"w":0.3304}},{"type":"Feature","geometry":{"type":"Point","coordinates":[16.060284,47.268054]},"properties":{"w":0.6025}},{"type":"Feature","geometry":{"type":"Point","coordinates":[10.118276,47.246016]},"properties":{"w":0.323}},{"type":"Feature","geometry":{"type":"Point","coordinates":[13.267382,47.290561]},"properties":{"w":0.3382}},{"type":"Feature","geometry":{"type":"Point","coordinates":[13.278434,47.294149]},"properties":{"w":0.3217}},{"type":"Feature","geometry":{"type":"Point","coordinates":[14.912237,47.282199]},"properties":{"w":0.3665}},{"type":"Feature","geometry":{"type":"Point","coordinates":[14.595199,47.284129]},"properties":{"w":0.2843}},{"type":"Feature","geometry":{"type":"Point","coordinates":[14.568461,47.285483]},"properties":{"w":0.3673}},{"type":"Feature","geometry":{"type":"Point","coordinates":[10.846056,47.264916]},"properties":{"w":0.4103}},{"type":"Feature","geometry":{"type":"Point","coordinates":[12.150022,47.283506]},"properties":{"w":0.2875}},{"type":"Feature","geometry":{"type":"Point","coordinates":[10.654668,47.257801]},"properties":{"w":0.3643}},{"type":"Feature","geometry":{"type":"Point","coordinates":[12.086048,47.282479]},"properties":{"w":0.2786}},{"type":"Feature","geometry":{"type":"Point","coordinates":[12.131008,47.300689]},"properties":{"w":0.6533}},{"type":"Feature","geometry":{"type":"Point","coordinates":[15.109678,47.277804]},"properties":{"w":0.3066}},{"type":"Feature","geometry":{"type":"Point","coordinates":[10.55873,47.254798]},"properties":{"w":0.3722}},{"type":"Feature","geometry":{"type":"Point","coordinates":[12.010653,47.283608]},"properties":{"w":0.2887}},{"type":"Feature","geometry":{"type":"Point","coordinates":[13.48139,47.289685]},"properties":{"w":0.4103}},{"type":"Feature","geometry":{"type":"Point","coordinates":[12.003031,47.292225]},"properties":{"w":0.5625}},{"type":"Feature","geometry":{"type":"Point","coordinates":[15.179548,47.27267]},"properties":{"w":0.298}},{"type":"Feature","geometry":{"type":"Point","coordinates":[10.229266,47.243265]},"properties":{"w":0.2934}},{"type":"Feature","geometry":{"type":"Point","coordinates":[15.056852,47.274535]},"properties":{"w":0.2923}},{"type":"Feature","geometry":{"type":"Point","coordinates":[13.36994,47.285769]},"properties":{"w":0.3146}},{"type":"Feature","geometry":{"type":"Point","coordinates":[10.535984,47.25387]},"properties":{"w":0.2798}},{"type":"Feature","geometry":{"type":"Point","coordinates":[12.053354,47.281145]},"properties":{"w":0.4676}},{"type":"Feature","geometry":{"type":"Point","coordinates":[16.37963,47.246402]},"properties":{"w":0.5696}},{"type":"Feature","geometry":{"type":"Point","coordinates":[13.49552,47.285892]},"properties":{"w":0.3045}},{"type":"Feature","geometry":{"type":"Point","coordinates":[11.944716,47.27631]},"properties":{"w":0.3591}},{"type":"Feature","geometry":{"type":"Point","coordinates":[12.068592,47.279738]},"properties":{"w":0.3861}},{"type":"Feature","geometry":{"type":"Point","coordinates":[13.433925,47.284117]},"properties":{"w":0.2923}},{"type":"Feature","geometry":{"type":"Point","coordinates":[11.952319,47.274333]},"properties":{"w":0.3066}},{"type":"Feature","geometry":{"type":"Point","coordinates":[15.131578,47.275681]},"properties":{"w":0.4092}},{"type":"Feature","geometry":{"type":"Point","coordinates":[13.059732,47.282138]},"properties":{"w":0.3126}},{"type":"Feature","geometry":{"type":"Point","coordinates":[12.189316,47.283611]},"properties":{"w":0.6108}},{"type":"Feature","geometry":{"type":"Point","coordinates":[12.146292,47.27825]},"properties":{"w":0.3066}},{"type":"Feature","geometry":{"type":"Point","coordinates":[14.459791,47.277555]},"properties":{"w":0.4534}},{"type":"Feature","geometry":{"type":"Point","coordinates":[11.957486,47.284278]},"properties":{"w":0.558}},{"type":"Feature","geometry":{"type":"Point","coordinates":[13.359262,47.284318]},"properties":{"w":0.397}},{"type":"Feature","geometry":{"type":"Point","coordinates":[15.224915,47.266127]},"properties":{"w":0.3941}},{"type":"Feature","geometry":{"type":"Point","coordinates":[11.991879,47.272253]},"properties":{"w":0.3066}},{"type":"Feature","geometry":{"type":"Point","coordinates":[12.046738,47.275228]},"properties":{"w":0.3869}},{"type":"Feature","geometry":{"type":"Point","coordinates":[14.565556,47.275566]},"properties":{"w":0.3879}},{"type":"Feature","geometry":{"type":"Point","coordinates":[13.534887,47.285352]},"properties":{"w":0.656}},{"type":"Feature","geometry":{"type":"Point","coordinates":[13.274687,47.280863]},"properties":{"w":0.3354}},{"type":"Feature","geometry":{"type":"Point","coordinates":[15.134776,47.265884]},"properties":{"w":0.2786}},{"type":"Feature","geometry":{"type":"Point","coordinates":[10.49864,47.24405]},"properties":{"w":0.3066}},{"type":"Feature","geometry":{"type":"Point","coordinates":[11.803827,47.272995]},"properties":{"w":0.3321}},{"type":"Feature","geometry":{"type":"Point","coordinates":[10.133324,47.238004]},"properties":{"w":0.4744}},{"type":"Feature","geometry":{"type":"Point","coordinates":[10.591934,47.246335]},"properties":{"w":0.3304}},{"type":"Feature","geometry":{"type":"Point","coordinates":[10.479549,47.243504]},"properties":{"w":0.3066}},{"type":"Feature","geometry":{"type":"Point","coordinates":[15.06417,47.265805]},"properties":{"w":0.2786}},{"type":"Feature","geometry":{"type":"Point","coordinates":[10.119089,47.232563]},"properties":{"w":0.3024}},{"type":"Feature","geometry":{"type":"Point","coordinates":[12.237619,47.276214]},"properties":{"w":0.348}},{"type":"Feature","geometry":{"type":"Point","coordinates":[10.511282,47.24299]},"properties":{"w":0.298}},{"type":"Feature","geometry":{"type":"Point","coordinates":[10.579981,47.24368]},"properties":{"w":0.2725}},{"type":"Feature","geometry":{"type":"Point","coordinates":[10.586303,47.242184]},"properties":{"w":0.3102}},{"type":"Feature","geometry":{"type":"Point","coordinates":[12.013309,47.268553]},"properties":{"w":0.3469}},{"type":"Feature","geometry":{"type":"Point","coordinates":[15.288706,47.26138]},"properties":{"w":0.3141}},{"type":"Feature","geometry":{"type":"Point","coordinates":[10.088813,47.229273]},"properties":{"w":0.4335}},{"type":"Feature","geometry":{"type":"Point","coordinates":[10.4032,47.238563]},"properties":{"w":0.2849}},{"type":"Feature","geometry":{"type":"Point","coordinates":[12.19175,47.268822]},"properties":{"w":0.3692}},{"type":"Feature","geometry":{"type":"Point","coordinates":[14.362596,47.270517]},"properties":{"w":0.379}},{"type":"Feature","geometry":{"type":"Point","coordinates":[14.272155,47.273262]},"properties":{"w":0.3291}},{"type":"Feature","geometry":{"type":"Point","coordinates":[10.561328,47.240403]},"properties":{"w":0.3146}},{"type":"Feature","geometry":{"type":"Point","coordinates":[10.221328,47.233965]},"properties":{"w":0.3137}},{"type":"Feature","geometry":{"type":"Point","coordinates":[13.59491,47.27826]},"properties":{"w":0.527}},{"type":"Feature","geometry":{"type":"Point","coordinates":[12.100681,47.270643]},"properties":{"w":0.4241}},{"type":"Feature","geometry":{"type":"Point","coordinates":[14.256535,47.283918]},"properties":{"w":0.537}},{"type":"Feature","geometry":{"type":"Point","coordinates":[15.173723,47.261299]},"properties":{"w":0.3013}},{"type":"Feature","geometry":{"type":"Point","coordinates":[10.201752,47.228449]},"properties":{"w":0.2887}},{"type":"Feature","geometry":{"type":"Point","coordinates":[12.199631,47.266776]},"properties":{"w":0.2952}},{"type":"Feature","geometry":{"type":"Point","coordinates":[16.195933,47.255656]},"properties":{"w":0.7128}},{"type":"Feature","geometry":{"type":"Point","coordinates":[13.383255,47.275727]},"properties":{"w":0.414}},{"type":"Feature","geometry":{"type":"Point","coordinates":[12.085262,47.264496]},"properties":{"w":0.2806}},{"type":"Feature","geometry":{"type":"Point","coordinates":[13.477541,47.275202]},"properties":{"w":0.5541}},{"type":"Feature","geometry":{"type":"Point","coordinates":[10.108715,47.226528]},"properties":{"w":0.3217}},{"type":"Feature","geometry":{"type":"Point","coordinates":[13.024177,47.272075]},"properties":{"w":0.3444}},{"type":"Feature","geometry":{"type":"Point","coordinates":[13.04926,47.272242]},"properties":{"w":0.3141}},{"type":"Feature","geometry":{"type":"Point","coordinates":[13.52126,47.270007]},"properties":{"w":0.298}},{"type":"Feature","geometry":{"type":"Point","coordinates":[14.39945,47.270527]},"properties":{"w":0.6363}},{"type":"Feature","geometry":{"type":"Point","coordinates":[13.573678,47.27102]},"properties":{"w":0.4073}},{"type":"Feature","geometry":{"type":"Point","coordinates":[15.096699,47.25967]},"properties":{"w":0.4026}},{"type":"Feature","geometry":{"type":"Point","coordinates":[13.355083,47.268054]},"properties":{"w":0.3636}},{"type":"Feature","geometry":{"type":"Point","coordinates":[14.769658,47.25839]},"properties":{"w":0.2952}},{"type":"Feature","geometry":{"type":"Point","coordinates":[12.546753,47.264962]},"properties":{"w":0.3745}},{"type":"Feature","geometry":{"type":"Point","coordinates":[13.003394,47.269837]},"properties":{"w":0.5109}},{"type":"Feature","geometry":{"type":"Point","coordinates":[16.434793,47.227182]},"properties":{"w":0.4224}},{"type":"Feature","geometry":{"type":"Point","coordinates":[10.614987,47.235299]},"properties":{"w":0.3413}},{"type":"Feature","geometry":{"type":"Point","coordinates":[15.228873,47.251173]},"properties":{"w":0.3243}},{"type":"Feature","geometry":{"type":"Point","coordinates":[15.001588,47.259625]},"properties":{"w":0.3594}},{"type":"Feature","geometry":{"type":"Point","coordinates":[12.389868,47.26257]},"properties":{"w":0.3627}},{"type":"Feature","geometry":{"type":"Point","coordinates":[15.143612,47.25721]},"properties":{"w":0.4449}},{"type":"Feature","geometry":{"type":"Point","coordinates":[11.986792,47.263596]},"properties":{"w":0.596}},{"type":"Feature","geometry":{"type":"Point","coordinates":[13.540916,47.265154]},"properties":{"w":0.2985}},{"type":"Feature","geometry":{"type":"Point","coordinates":[16.242282,47.233729]},"properties":{"w":0.5074}},{"type":"Feature","geometry":{"type":"Point","coordinates":[16.137017,47.230299]},"properties":{"w":0.2849}},{"type":"Feature","geometry":{"type":"Point","coordinates":[10.324575,47.224147]},"properties":{"w":0.2887}},{"type":"Feature","geometry":{"type":"Point","coordinates":[10.511065,47.229735]},"properties":{"w":0.3537}},{"type":"Feature","geometry":{"type":"Point","coordinates":[12.518959,47.263712]},"properties":{"w":0.3358}},{"type":"Feature","geometry":{"type":"Point","coordinates":[13.296589,47.268581]},"properties":{"w":0.3526}},{"type":"Feature","geometry":{"type":"Point","coordinates":[14.776785,47.254235]},"properties":{"w":0.2806}},{"type":"Feature","geometry":{"type":"Point","coordinates":[12.164185,47.261791]},"properties":{"w":0.33}},{"type":"Feature","geometry":{"type":"Point","coordinates":[12.801717,47.264616]},"properties":{"w":0.4409}},{"type":"Feature","geometry":{"type":"Point","coordinates":[12.50759,47.262334]},"properties":{"w":0.3858}},{"type":"Feature","geometry":{"type":"Point","coordinates":[10.9606,47.240388]},"properties":{"w":0.4943}},{"type":"Feature","geometry":{"type":"Point","coordinates":[11.829899,47.253683]},"properties":{"w":0.2923}},{"type":"Feature","geometry":{"type":"Point","coordinates":[15.124554,47.249035]},"properties":{"w":0.2786}},{"type":"Feature","geometry":{"type":"Point","coordinates":[10.983552,47.238763]},"properties":{"w":0.3141}},{"type":"Feature","geometry":{"type":"Point","coordinates":[11.823018,47.252224]},"properties":{"w":0.2893}},{"type":"Feature","geometry":{"type":"Point","coordinates":[10.054872,47.215147]},"properties":{"w":0.2887}},{"type":"Feature","geometry":{"type":"Point","coordinates":[11.654542,47.252078]},"properties":{"w":0.3358}},{"type":"Feature","geometry":{"type":"Point","coordinates":[10.70395,47.231348]},"properties":{"w":0.378}},{"type":"Feature","geometry":{"type":"Point","coordinates":[15.076941,47.25712]},"properties":{"w":0.403}},{"type":"Feature","geometry":{"type":"Point","coordinates":[12.524848,47.258562]},"properties":{"w":0.2887}},{"type":"Feature","geometry":{"type":"Point","coordinates":[13.513925,47.264496]},"properties":{"w":0.4207}},{"type":"Feature","geometry":{"type":"Point","coordinates":[15.070036,47.252516]},"properties":{"w":0.3221}},{"type":"Feature","geometry":{"type":"Point","coordinates":[12.950564,47.264932]},"properties":{"w":0.4276}},{"type":"Feature","geometry":{"type":"Point","coordinates":[13.285393,47.260788]},"properties":{"w":0.2786}},{"type":"Feature","geometry":{"type":"Point","coordinates":[15.012567,47.253287]},"properties":{"w":0.4239}},{"type":"Feature","geometry":{"type":"Point","coordinates":[14.171443,47.258017]},"properties":{"w":0.3203}},{"type":"Feature","geometry":{"type":"Point","coordinates":[12.086203,47.253635]},"properties":{"w":0.3894}},{"type":"Feature","geometry":{"type":"Point","coordinates":[10.597237,47.228068]},"properties":{"w":0.4199}},{"type":"Feature","geometry":{"type":"Point","coordinates":[10.545849,47.227217]},"properties":{"w":0.3374}},{"type":"Feature","geometry":{"type":"Point","coordinates":[16.301608,47.222273]},"properties":{"w":0.3719}},{"type":"Feature","geometry":{"type":"Point","coordinates":[10.39267,47.224552]},"properties":{"w":0.3165}},{"type":"Feature","geometry":{"type":"Point","coordinates":[11.9997,47.252259]},"properties":{"w":0.2963}},{"type":"Feature","geometry":{"type":"Point","coordinates":[10.186789,47.220783]},"properties":{"w":0.5247}},{"type":"Feature","geometry":{"type":"Point","coordinates":[11.08901,47.236587]},"properties":{"w":0.3447}},{"type":"Feature","geometry":{"type":"Point","coordinates":[12.380336,47.256237]},"properties":{"w":0.3692}},{"type":"Feature","geometry":{"type":"Point","coordinates":[10.09719,47.214713]},"properties":{"w":0.3161}},{"type":"Feature","geometry":{"type":"Point","coordinates":[10.086529,47.217615]},"properties":{"w":0.487}},{"type":"Feature","geometry":{"type":"Point","coordinates":[12.790877,47.258196]},"properties":{"w":0.3829}},{"type":"Feature","geometry":{"type":"Point","coordinates":[11.129697,47.241226]},"properties":{"w":0.3421}},{"type":"Feature","geometry":{"type":"Point","coordinates":[14.810348,47.250396]},"properties":{"w":0.3382}},{"type":"Feature","geometry":{"type":"Point","coordinates":[14.072992,47.257739]},"properties":{"w":0.3374}},{"type":"Feature","geometry":{"type":"Point","coordinates":[12.418975,47.253958]},"properties":{"w":0.2856}},{"type":"Feature","geometry":{"type":"Point","coordinates":[13.234219,47.25786]},"properties":{"w":0.362}},{"type":"Feature","geometry":{"type":"Point","coordinates":[13.470501,47.258437]},"properties":{"w":0.483}},{"type":"Feature","geometry":{"type":"Point","coordinates":[14.336353,47.255276]},"properties":{"w":0.317}},{"type":"Feature","geometry":{"type":"Point","coordinates":[10.67956,47.225359]},"properties":{"w":0.2887}},{"type":"Feature","geometry":{"type":"Point","coordinates":[10.040864,47.212692]},"properties":{"w":0.453}},{"type":"Feature","geometry":{"type":"Point","coordinates":[14.402686,47.252342]},"properties":{"w":0.305}},{"type":"Feature","geometry":{"type":"Point","coordinates":[16.357502,47.217272]},"properties":{"w":0.3848}},{"type":"Feature","geometry":{"type":"Point","coordinates":[10.073016,47.215772]},"properties":{"w":0.3831}},{"type":"Feature","geometry":{"type":"Point","coordinates":[14.79772,47.248758]},"properties":{"w":0.3793}},{"type":"Feature","geometry":{"type":"Point","coordinates":[11.762727,47.246263]},"properties":{"w":0.2786}},{"type":"Feature","geometry":{"type":"Point","coordinates":[15.084073,47.244622]},"properties":{"w":0.298}},{"type":"Feature","geometry":{"type":"Point","coordinates":[13.269852,47.255972]},"properties":{"w":0.2812}},{"type":"Feature","geometry":{"type":"Point","coordinates":[16.129587,47.224644]},"properties":{"w":0.379}},{"type":"Feature","geometry":{"type":"Point","coordinates":[13.278314,47.265484]},"properties":{"w":0.4026}},{"type":"Feature","geometry":{"type":"Point","coordinates":[14.576851,47.252898]},"properties":{"w":0.4441}},{"type":"Feature","geometry":{"type":"Point","coordinates":[13.290435,47.255187]},"properties":{"w":0.4139}},{"type":"Feature","geometry":{"type":"Point","coordinates":[12.874968,47.256799]},"properties":{"w":0.4293}},{"type":"Feature","geometry":{"type":"Point","coordinates":[13.253824,47.256081]},"properties":{"w":0.4771}},{"type":"Feature","geometry":{"type":"Point","coordinates":[10.889057,47.227396]},"properties":{"w":0.3771}},{"type":"Feature","geometry":{"type":"Point","coordinates":[12.067131,47.249873]},"properties":{"w":0.3516}},{"type":"Feature","geometry":{"type":"Point","coordinates":[12.892736,47.255495]},"properties":{"w":0.3071}},{"type":"Feature","geometry":{"type":"Point","coordinates":[12.866693,47.2524]},"properties":{"w":0.304}},{"type":"Feature","geometry":{"type":"Point","coordinates":[12.532163,47.253738]},"properties":{"w":0.3221}},{"type":"Feature","geometry":{"type":"Point","coordinates":[10.20341,47.209893]},"properties":{"w":0.3212}},{"type":"Feature","geometry":{"type":"Point","coordinates":[10.423426,47.22217]},"properties":{"w":0.3889}},{"type":"Feature","geometry":{"type":"Point","coordinates":[11.799953,47.245316]},"properties":{"w":0.327}},{"type":"Feature","geometry":{"type":"Point","coordinates":[12.680372,47.250917]},"properties":{"w":0.348}},{"type":"Feature","geometry":{"type":"Point","coordinates":[10.067329,47.204293]},"properties":{"w":0.3239}},{"type":"Feature","geometry":{"type":"Point","coordinates":[10.626854,47.218981]},"properties":{"w":0.3627}},{"type":"Feature","geometry":{"type":"Point","coordinates":[15.013327,47.244359]},"properties":{"w":0.4768}},{"type":"Feature","geometry":{"type":"Point","coordinates":[11.050011,47.231134]},"properties":{"w":0.3358}},{"type":"Feature","geometry":{"type":"Point","coordinates":[13.260214,47.25043]},"properties":{"w":0.4528}},{"type":"Feature","geometry":{"type":"Point","coordinates":[14.604976,47.249274]},"properties":{"w":0.4631}},{"type":"Feature","geometry":{"type":"Point","coordinates":[12.356574,47.245905]},"properties":{"w":0.2812}},{"type":"Feature","geometry":{"type":"Point","coordinates":[11.667664,47.247052]},"properties":{"w":0.4048}},{"type":"Feature","geometry":{"type":"Point","coordinates":[11.777367,47.248092]},"properties":{"w":0.3839}},{"type":"Feature","geometry":{"type":"Point","coordinates":[13.498049,47.249552]},"properties":{"w":0.3024}},{"type":"Feature","geometry":{"type":"Point","coordinates":[11.170355,47.234544]},"properties":{"w":0.5288}},{"type":"Feature","geometry":{"type":"Point","coordinates":[12.546657,47.250159]},"properties":{"w":0.4572}},{"type":"Feature","geometry":{"type":"Point","coordinates":[15.112749,47.236004]},"properties":{"w":0.298}},{"type":"Feature","geometry":{"type":"Point","coordinates":[10.463241,47.215619]},"properties":{"w":0.3257}},{"type":"Feature","geometry":{"type":"Point","coordinates":[10.534114,47.21472]},"properties":{"w":0.3325}},{"type":"Feature","geometry":{"type":"Point","coordinates":[15.067675,47.239592]},"properties":{"w":0.3989}},{"type":"Feature","geometry":{"type":"Point","coordinates":[10.020067,47.199088]},"properties":{"w":0.3024}},{"type":"Feature","geometry":{"type":"Point","coordinates":[11.019405,47.225575]},"properties":{"w":0.3295}},{"type":"Feature","geometry":{"type":"Point","coordinates":[14.304976,47.250401]},"properties":{"w":0.398}},{"type":"Feature","geometry":{"type":"Point","coordinates":[14.754183,47.237825]},"properties":{"w":0.3325}},{"type":"Feature","geometry":{"type":"Point","coordinates":[12.953958,47.246626]},"properties":{"w":0.3358}},{"type":"Feature","geometry":{"type":"Point","coordinates":[11.585143,47.233874]},"properties":{"w":0.3056}},{"type":"Feature","geometry":{"type":"Point","coordinates":[11.80864,47.236038]},"properties":{"w":0.3927}},{"type":"Feature","geometry":{"type":"Point","coordinates":[14.33758,47.247291]},"properties":{"w":0.4675}},{"type":"Feature","geometry":{"type":"Point","coordinates":[10.077642,47.199309]},"properties":{"w":0.4359}},{"type":"Feature","geometry":{"type":"Point","coordinates":[10.223234,47.208777]},"properties":{"w":0.3291}},{"type":"Feature","geometry":{"type":"Point","coordinates":[10.389713,47.206779]},"properties":{"w":0.2725}},{"type":"Feature","geometry":{"type":"Point","coordinates":[14.403642,47.242285]},"properties":{"w":0.5184}},{"type":"Feature","geometry":{"type":"Point","coordinates":[10.212141,47.210055]},"properties":{"w":0.4331}},{"type":"Feature","geometry":{"type":"Point","coordinates":[14.995594,47.235015]},"properties":{"w":0.5381}},{"type":"Feature","geometry":{"type":"Point","coordinates":[14.608895,47.237239]},"properties":{"w":0.3002}},{"type":"Feature","geometry":{"type":"Point","coordinates":[9.841471,47.191593]},"properties":{"w":0.3487}},{"type":"Feature","geometry":{"type":"Point","coordinates":[12.542018,47.242418]},"properties":{"w":0.3265}},{"type":"Feature","geometry":{"type":"Point","coordinates":[14.69028,47.236297]},"properties":{"w":0.3221}},{"type":"Feature","geometry":{"type":"Point","coordinates":[10.505443,47.210057]},"properties":{"w":0.3291}},{"type":"Feature","geometry":{"type":"Point","coordinates":[12.628068,47.249312]},"properties":{"w":0.3652}},{"type":"Feature","geometry":{"type":"Point","coordinates":[15.108955,47.231985]},"properties":{"w":0.3066}},{"type":"Feature","geometry":{"type":"Point","coordinates":[11.18578,47.222447]},"properties":{"w":0.3122}},{"type":"Feature","geometry":{"type":"Point","coordinates":[16.057086,47.225462]},"properties":{"w":0.5823}},{"type":"Feature","geometry":{"type":"Point","coordinates":[15.516097,47.225622]},"properties":{"w":0.4515}},{"type":"Feature","geometry":{"type":"Point","coordinates":[10.18118,47.199863]},"properties":{"w":0.318}},{"type":"Feature","geometry":{"type":"Point","coordinates":[10.554048,47.209719]},"properties":{"w":0.3643}},{"type":"Feature","geometry":{"type":"Point","coordinates":[11.517539,47.228911]},"properties":{"w":0.2849}},{"type":"Feature","geometry":{"type":"Point","coordinates":[10.194207,47.201909]},"properties":{"w":0.3278}},{"type":"Feature","geometry":{"type":"Point","coordinates":[11.939038,47.234184]},"properties":{"w":0.3748}},{"type":"Feature","geometry":{"type":"Point","coordinates":[14.685658,47.233462]},"properties":{"w":0.3358}},{"type":"Feature","geometry":{"type":"Point","coordinates":[10.189135,47.197484]},"properties":{"w":0.3291}},{"type":"Feature","geometry":{"type":"Point","coordinates":[11.480325,47.226531]},"properties":{"w":0.339}},{"type":"Feature","geometry":{"type":"Point","coordinates":[12.016092,47.234807]},"properties":{"w":0.2786}},{"type":"Feature","geometry":{"type":"Point","coordinates":[10.158935,47.196858]},"properties":{"w":0.3358}},{"type":"Feature","geometry":{"type":"Point","coordinates":[10.169116,47.19797]},"properties":{"w":0.4262}},{"type":"Feature","geometry":{"type":"Point","coordinates":[14.676711,47.245831]},"properties":{"w":0.6368}},{"type":"Feature","geometry":{"type":"Point","coordinates":[11.757599,47.229825]},"properties":{"w":0.4396}},{"type":"Feature","geometry":{"type":"Point","coordinates":[13.49861,47.23859]},"properties":{"w":0.2887}},{"type":"Feature","geometry":{"type":"Point","coordinates":[13.519019,47.239783]},"properties":{"w":0.3574}},{"type":"Feature","geometry":{"type":"Point","coordinates":[11.776202,47.232084]},"properties":{"w":0.3785}},{"type":"Feature","geometry":{"type":"Point","coordinates":[14.491612,47.233421]},"properties":{"w":0.4386}},{"type":"Feature","geometry":{"type":"Point","coordinates":[11.969601,47.232652]},"properties":{"w":0.3444}},{"type":"Feature","geometry":{"type":"Point","coordinates":[13.307741,47.238301]},"properties":{"w":0.2786}},{"type":"Feature","geometry":{"type":"Point","coordinates":[11.814971,47.229751]},"properties":{"w":0.4515}},{"type":"Feature","geometry":{"type":"Point","coordinates":[11.099098,47.216405]},"properties":{"w":0.3534}},{"type":"Feature","geometry":{"type":"Point","coordinates":[11.041437,47.214224]},"properties":{"w":0.3002}},{"type":"Feature","geometry":{"type":"Point","coordinates":[15.046117,47.228641]},"properties":{"w":0.4634}},{"type":"Feature","geometry":{"type":"Point","coordinates":[10.252821,47.198235]},"properties":{"w":0.2786}},{"type":"Feature","geometry":{"type":"Point","coordinates":[13.490262,47.238356]},"properties":{"w":0.3643}},{"type":"Feature","geometry":{"type":"Point","coordinates":[10.036843,47.189553]},"properties":{"w":0.2898}},{"type":"Feature","geometry":{"type":"Point","coordinates":[12.222539,47.230774]},"properties":{"w":0.298}},{"type":"Feature","geometry":{"type":"Point","coordinates":[10.966788,47.214267]},"properties":{"w":0.4132}},{"type":"Feature","geometry":{"type":"Point","coordinates":[14.19067,47.236285]},"properties":{"w":0.4201}},{"type":"Feature","geometry":{"type":"Point","coordinates":[11.992091,47.235154]},"properties":{"w":0.4919}},{"type":"Feature","geometry":{"type":"Point","coordinates":[11.653363,47.22456]},"properties":{"w":0.2974}},{"type":"Feature","geometry":{"type":"Point","coordinates":[14.515153,47.230251]},"properties":{"w":0.3774}},{"type":"Feature","geometry":{"type":"Point","coordinates":[10.237345,47.203969]},"properties":{"w":0.4558}},{"type":"Feature","geometry":{"type":"Point","coordinates":[11.492683,47.220266]},"properties":{"w":0.3722}},{"type":"Feature","geometry":{"type":"Point","coordinates":[11.587752,47.22129]},"properties":{"w":0.298}},{"type":"Feature","geometry":{"type":"Point","coordinates":[10.164533,47.190502]},"properties":{"w":0.3061}},{"type":"Feature","geometry":{"type":"Point","coordinates":[11.064845,47.212448]},"properties":{"w":0.298}},{"type":"Feature","geometry":{"type":"Point","coordinates":[10.011444,47.187497]},"properties":{"w":0.4303}},{"type":"Feature","geometry":{"type":"Point","coordinates":[11.726048,47.224943]},"properties":{"w":0.2862}},{"type":"Feature","geometry":{"type":"Point","coordinates":[10.481068,47.200259]},"properties":{"w":0.4183}},{"type":"Feature","geometry":{"type":"Point","coordinates":[10.281026,47.197555]},"properties":{"w":0.3739}},{"type":"Feature","geometry":{"type":"Point","coordinates":[13.406711,47.235249]},"properties":{"w":0.2893}},{"type":"Feature","geometry":{"type":"Point","coordinates":[10.352364,47.194148]},"properties":{"w":0.3354}},{"type":"Feature","geometry":{"type":"Point","coordinates":[14.683158,47.225628]},"properties":{"w":0.2974}},{"type":"Feature","geometry":{"type":"Point","coordinates":[15.148216,47.219384]},"properties":{"w":0.2862}},{"type":"Feature","geometry":{"type":"Point","coordinates":[15.206497,47.220133]},"properties":{"w":0.3141}},{"type":"Feature","geometry":{"type":"Point","coordinates":[13.478645,47.236654]},"properties":{"w":0.4741}},{"type":"Feature","geometry":{"type":"Point","coordinates":[15.091842,47.222908]},"properties":{"w":0.4523}},{"type":"Feature","geometry":{"type":"Point","coordinates":[12.659094,47.237749]},"properties":{"w":0.4137}},{"type":"Feature","geometry":{"type":"Point","coordinates":[11.504204,47.216351]},"properties":{"w":0.348}},{"type":"Feature","geometry":{"type":"Point","coordinates":[11.477925,47.216545]},"properties":{"w":0.3941}},{"type":"Feature","geometry":{"type":"Point","coordinates":[12.784668,47.228694]},"properties":{"w":0.2786}},{"type":"Feature","geometry":{"type":"Point","coordinates":[12.707663,47.229064]},"properties":{"w":0.3325}},{"type":"Feature","geometry":{"type":"Point","coordinates":[14.404892,47.224635]},"properties":{"w":0.335}},{"type":"Feature","geometry":{"type":"Point","coordinates":[15.364094,47.220042]},"properties":{"w":0.5066}},{"type":"Feature","geometry":{"type":"Point","coordinates":[13.47219,47.229886]},"properties":{"w":0.3739}},{"type":"Feature","geometry":{"type":"Point","coordinates":[11.277607,47.210368]},"properties":{"w":0.2786}},{"type":"Feature","geometry":{"type":"Point","coordinates":[14.533018,47.222914]},"properties":{"w":0.2831}},{"type":"Feature","geometry":{"type":"Point","coordinates":[13.403775,47.228567]},"properties":{"w":0.2786}},{"type":"Feature","geometry":{"type":"Point","coordinates":[14.441462,47.227121]},"properties":{"w":0.4902}},{"type":"Feature","geometry":{"type":"Point","coordinates":[10.211961,47.187341]},"properties":{"w":0.5182}},{"type":"Feature","geometry":{"type":"Point","coordinates":[10.192928,47.185612]},"properties":{"w":0.2786}},{"type":"Feature","geometry":{"type":"Point","coordinates":[14.375094,47.224139]},"properties":{"w":0.3932}},{"type":"Feature","geometry":{"type":"Point","coordinates":[10.488095,47.193083]},"properties":{"w":0.2929}},{"type":"Feature","geometry":{"type":"Point","coordinates":[10.961357,47.205055]},"properties":{"w":0.4601}},{"type":"Feature","geometry":{"type":"Point","coordinates":[11.266944,47.212976]},"properties":{"w":0.3581}},{"type":"Feature","geometry":{"type":"Point","coordinates":[11.039421,47.203324]},"properties":{"w":0.339}},{"type":"Feature","geometry":{"type":"Point","coordinates":[16.071919,47.193809]},"properties":{"w":0.4046}},{"type":"Feature","geometry":{"type":"Point","coordinates":[9.993925,47.180934]},"properties":{"w":0.5098}},{"type":"Feature","geometry":{"type":"Point","coordinates":[13.050347,47.228739]},"properties":{"w":0.3221}},{"type":"Feature","geometry":{"type":"Point","coordinates":[15.159441,47.212784]},"properties":{"w":0.2875}},{"type":"Feature","geometry":{"type":"Point","coordinates":[16.449581,47.184796]},"properties":{"w":0.4396}},{"type":"Feature","geometry":{"type":"Point","coordinates":[11.736807,47.215539]},"properties":{"w":0.3126}},{"type":"Feature","geometry":{"type":"Point","coordinates":[12.130092,47.218341]},"properties":{"w":0.2786}},{"type":"Feature","geometry":{"type":"Point","coordinates":[15.170943,47.209538]},"properties":{"w":0.3221}},{"type":"Feature","geometry":{"type":"Point","coordinates":[10.310777,47.185962]},"properties":{"w":0.2887}},{"type":"Feature","geometry":{"type":"Point","coordinates":[15.033175,47.21273]},"properties":{"w":0.362}},{"type":"Feature","geometry":{"type":"Point","coordinates":[14.954087,47.212478]},"properties":{"w":0.444}},{"type":"Feature","geometry":{"type":"Point","coordinates":[13.301097,47.224479]},"properties":{"w":0.3061}},{"type":"Feature","geometry":{"type":"Point","coordinates":[11.758253,47.214523]},"properties":{"w":0.3034}},{"type":"Feature","geometry":{"type":"Point","coordinates":[12.557963,47.221794]},"properties":{"w":0.2786}},{"type":"Feature","geometry":{"type":"Point","coordinates":[12.879853,47.221798]},"properties":{"w":0.3512}},{"type":"Feature","geometry":{"type":"Point","coordinates":[15.076222,47.211678]},"properties":{"w":0.3815}},{"type":"Feature","geometry":{"type":"Point","coordinates":[11.002068,47.200287]},"properties":{"w":0.2675}},{"type":"Feature","geometry":{"type":"Point","coordinates":[10.522557,47.187411]},"properties":{"w":0.353}},{"type":"Feature","geometry":{"type":"Point","coordinates":[12.88748,47.224166]},"properties":{"w":0.2929}},{"type":"Feature","geometry":{"type":"Point","coordinates":[10.114405,47.177103]},"properties":{"w":0.3291}},{"type":"Feature","geometry":{"type":"Point","coordinates":[9.9641,47.17184]},"properties":{"w":0.3454}},{"type":"Feature","geometry":{"type":"Point","coordinates":[9.639216,47.164089]},"properties":{"w":0.3221}},{"type":"Feature","geometry":{"type":"Point","coordinates":[10.088124,47.175362]},"properties":{"w":0.298}},{"type":"Feature","geometry":{"type":"Point","coordinates":[10.804212,47.193072]},"properties":{"w":0.2875}},{"type":"Feature","geometry":{"type":"Point","coordinates":[15.050778,47.210268]},"properties":{"w":0.3221}},{"type":"Feature","geometry":{"type":"Point","coordinates":[9.872514,47.169962]},"properties":{"w":0.3909}},{"type":"Feature","geometry":{"type":"Point","coordinates":[10.183885,47.178637]},"properties":{"w":0.4515}},{"type":"Feature","geometry":{"type":"Point","coordinates":[13.293294,47.226356]},"properties":{"w":0.4163}},{"type":"Feature","geometry":{"type":"Point","coordinates":[10.207052,47.177584]},"properties":{"w":0.3086}},{"type":"Feature","geometry":{"type":"Point","coordinates":[14.390089,47.220692]},"properties":{"w":0.4888}},{"type":"Feature","geometry":{"type":"Point","coordinates":[10.983795,47.203009]},"properties":{"w":0.4388}},{"type":"Feature","geometry":{"type":"Point","coordinates":[11.688202,47.217449]},"properties":{"w":0.385}},{"type":"Feature","geometry":{"type":"Point","coordinates":[15.107297,47.209144]},"properties":{"w":0.4024}},{"type":"Feature","geometry":{"type":"Point","coordinates":[13.349972,47.220565]},"properties":{"w":0.3066}},{"type":"Feature","geometry":{"type":"Point","coordinates":[13.465082,47.223963]},"properties":{"w":0.4302}},{"type":"Feature","geometry":{"type":"Point","coordinates":[12.064641,47.215235]},"properties":{"w":0.3824}},{"type":"Feature","geometry":{"type":"Point","coordinates":[10.128872,47.173533]},"properties":{"w":0.3161}},{"type":"Feature","geometry":{"type":"Point","coordinates":[10.392744,47.182335]},"properties":{"w":0.4562}},{"type":"Feature","geometry":{"type":"Point","coordinates":[12.088361,47.220273]},"properties":{"w":0.5559}},{"type":"Feature","geometry":{"type":"Point","coordinates":[12.940943,47.221527]},"properties":{"w":0.3066}},{"type":"Feature","geometry":{"type":"Point","coordinates":[14.105293,47.216857]},"properties":{"w":0.305}},{"type":"Feature","geometry":{"type":"Point","coordinates":[13.223714,47.218964]},"properties":{"w":0.298}},{"type":"Feature","geometry":{"type":"Point","coordinates":[10.405982,47.180323]},"properties":{"w":0.3871}},{"type":"Feature","geometry":{"type":"Point","coordinates":[15.182933,47.204675]},"properties":{"w":0.3212}},{"type":"Feature","geometry":{"type":"Point","coordinates":[12.783125,47.218605]},"properties":{"w":0.376}},{"type":"Feature","geometry":{"type":"Point","coordinates":[13.421526,47.220512]},"properties":{"w":0.4615}},{"type":"Feature","geometry":{"type":"Point","coordinates":[10.348404,47.17819]},"properties":{"w":0.3189}},{"type":"Feature","geometry":{"type":"Point","coordinates":[9.966726,47.167257]},"properties":{"w":0.3421}},{"type":"Feature","geometry":{"type":"Point","coordinates":[10.974003,47.192594]},"properties":{"w":0.3574}},{"type":"Feature","geometry":{"type":"Point","coordinates":[11.069299,47.196966]},"properties":{"w":0.3578}},{"type":"Feature","geometry":{"type":"Point","coordinates":[12.623244,47.214986]},"properties":{"w":0.2862}},{"type":"Feature","geometry":{"type":"Point","coordinates":[14.137114,47.221759]},"properties":{"w":0.398}},{"type":"Feature","geometry":{"type":"Point","coordinates":[12.794025,47.216832]},"properties":{"w":0.3739}},{"type":"Feature","geometry":{"type":"Point","coordinates":[11.667913,47.202617]},"properties":{"w":0.2887}},{"type":"Feature","geometry":{"type":"Point","coordinates":[15.296781,47.198825]},"properties":{"w":0.3537}},{"type":"Feature","geometry":{"type":"Point","coordinates":[13.302168,47.217579]},"properties":{"w":0.3146}},{"type":"Feature","geometry":{"type":"Point","coordinates":[16.294933,47.17954]},"properties":{"w":0.5602}},{"type":"Feature","geometry":{"type":"Point","coordinates":[14.411055,47.21013]},"properties":{"w":0.298}},{"type":"Feature","geometry":{"type":"Point","coordinates":[13.290361,47.215245]},"properties":{"w":0.3871}},{"type":"Feature","geometry":{"type":"Point","coordinates":[13.056224,47.216534]},"properties":{"w":0.3591}},{"type":"Feature","geometry":{"type":"Point","coordinates":[13.233152,47.213554]},"properties":{"w":0.3122}},{"type":"Feature","geometry":{"type":"Point","coordinates":[10.252735,47.173379]},"properties":{"w":0.2812}},{"type":"Feature","geometry":{"type":"Point","coordinates":[15.172163,47.203121]},"properties":{"w":0.3999}},{"type":"Feature","geometry":{"type":"Point","coordinates":[14.913605,47.202994]},"properties":{"w":0.2898}},{"type":"Feature","geometry":{"type":"Point","coordinates":[15.286665,47.198433]},"properties":{"w":0.2798}},{"type":"Feature","geometry":{"type":"Point","coordinates":[13.894611,47.213782]},"properties":{"w":0.2868}},{"type":"Feature","geometry":{"type":"Point","coordinates":[10.397405,47.176896]},"properties":{"w":0.2856}},{"type":"Feature","geometry":{"type":"Point","coordinates":[9.733521,47.157007]},"properties":{"w":0.3919}},{"type":"Feature","geometry":{"type":"Point","coordinates":[14.1652,47.214975]},"properties":{"w":0.5404}},{"type":"Feature","geometry":{"type":"Point","coordinates":[10.322422,47.175785]},"properties":{"w":0.3692}},{"type":"Feature","geometry":{"type":"Point","coordinates":[13.382854,47.219171]},"properties":{"w":0.4169}},{"type":"Feature","geometry":{"type":"Point","coordinates":[15.091151,47.202596]},"properties":{"w":0.323}},{"type":"Feature","geometry":{"type":"Point","coordinates":[14.126958,47.214883]},"properties":{"w":0.4396}},{"type":"Feature","geometry":{"type":"Point","coordinates":[10.032806,47.16827]},"properties":{"w":0.4342}},{"type":"Feature","geometry":{"type":"Point","coordinates":[15.001033,47.203799]},"properties":{"w":0.3126}},{"type":"Feature","geometry":{"type":"Point","coordinates":[10.019099,47.165218]},"properties":{"w":0.4331}},{"type":"Feature","geometry":{"type":"Point","coordinates":[12.089069,47.205874]},"properties":{"w":0.2887}},{"type":"Feature","geometry":{"type":"Point","coordinates":[12.109502,47.210954]},"properties":{"w":0.4555}},{"type":"Feature","geometry":{"type":"Point","coordinates":[11.574788,47.197943]},"properties":{"w":0.2887}},{"type":"Feature","geometry":{"type":"Point","coordinates":[14.376982,47.209725]},"properties":{"w":0.492}},{"type":"Feature","geometry":{"type":"Point","coordinates":[12.248138,47.214204]},"properties":{"w":0.4654}},{"type":"Feature","geometry":{"type":"Point","coordinates":[11.243696,47.197434]},"properties":{"w":0.3561}},{"type":"Feature","geometry":{"type":"Point","coordinates":[14.331176,47.211236]},"properties":{"w":0.4285}},{"type":"Feature","geometry":{"type":"Point","coordinates":[11.709011,47.200411]},"properties":{"w":0.3421}},{"type":"Feature","geometry":{"type":"Point","coordinates":[13.398665,47.218012]},"properties":{"w":0.6358}},{"type":"Feature","geometry":{"type":"Point","coordinates":[12.91562,47.211832]},"properties":{"w":0.3652}},{"type":"Feature","geometry":{"type":"Point","coordinates":[10.003436,47.163327]},"properties":{"w":0.4001}},{"type":"Feature","geometry":{"type":"Point","coordinates":[11.686609,47.198654]},"properties":{"w":0.3358}},{"type":"Feature","geometry":{"type":"Point","coordinates":[15.101673,47.201294]},"properties":{"w":0.3502}},{"type":"Feature","geometry":{"type":"Point","coordinates":[14.392493,47.206857]},"properties":{"w":0.3561}},{"type":"Feature","geometry":{"type":"Point","coordinates":[11.724262,47.199617]},"properties":{"w":0.3716}},{"type":"Feature","geometry":{"type":"Point","coordinates":[11.518158,47.193063]},"properties":{"w":0.2969}},{"type":"Feature","geometry":{"type":"Point","coordinates":[14.978653,47.199864]},"properties":{"w":0.4543}},{"type":"Feature","geometry":{"type":"Point","coordinates":[12.039272,47.203634]},"properties":{"w":0.4792}},{"type":"Feature","geometry":{"type":"Point","coordinates":[10.101362,47.162099]},"properties":{"w":0.3386}},{"type":"Feature","geometry":{"type":"Point","coordinates":[11.774105,47.196185]},"properties":{"w":0.2887}},{"type":"Feature","geometry":{"type":"Point","coordinates":[13.809878,47.206421]},"properties":{"w":0.2952}},{"type":"Feature","geometry":{"type":"Point","coordinates":[13.904731,47.205583]},"properties":{"w":0.348}},{"type":"Feature","geometry":{"type":"Point","coordinates":[11.545793,47.193114]},"properties":{"w":0.2786}},{"type":"Feature","geometry":{"type":"Point","coordinates":[13.256221,47.21255]},"properties":{"w":0.3413}},{"type":"Feature","geometry":{"type":"Point","coordinates":[9.99777,47.157094]},"properties":{"w":0.2786}},{"type":"Feature","geometry":{"type":"Point","coordinates":[11.527433,47.191679]},"properties":{"w":0.2952}},{"type":"Feature","geometry":{"type":"Point","coordinates":[13.978597,47.215537]},"properties":{"w":0.5052}},{"type":"Feature","geometry":{"type":"Point","coordinates":[11.497754,47.192984]},"properties":{"w":0.4311}},{"type":"Feature","geometry":{"type":"Point","coordinates":[13.041319,47.205672]},"properties":{"w":0.3477}},{"type":"Feature","geometry":{"type":"Point","coordinates":[10.046389,47.161701]},"properties":{"w":0.4517}},{"type":"Feature","geometry":{"type":"Point","coordinates":[10.257086,47.163533]},"properties":{"w":0.3358}},{"type":"Feature","geometry":{"type":"Point","coordinates":[10.850582,47.177983]},"properties":{"w":0.2887}},{"type":"Feature","geometry":{"type":"Point","coordinates":[10.199009,47.163499]},"properties":{"w":0.3126}},{"type":"Feature","geometry":{"type":"Point","coordinates":[12.55848,47.201901]},"properties":{"w":0.2682}},{"type":"Feature","geometry":{"type":"Point","coordinates":[11.92899,47.196664]},"properties":{"w":0.3097}},{"type":"Feature","geometry":{"type":"Point","coordinates":[11.787731,47.194793]},"properties":{"w":0.2752}},{"type":"Feature","geometry":{"type":"Point","coordinates":[10.715419,47.190239]},"properties":{"w":0.555}},{"type":"Feature","geometry":{"type":"Point","coordinates":[15.034071,47.197228]},"properties":{"w":0.4314}},{"type":"Feature","geometry":{"type":"Point","coordinates":[13.163426,47.204833]},"properties":{"w":0.3107}},{"type":"Feature","geometry":{"type":"Point","coordinates":[15.251141,47.188026]},"properties":{"w":0.2911}},{"type":"Feature","geometry":{"type":"Point","coordinates":[12.043729,47.19684]},"properties":{"w":0.348}},{"type":"Feature","geometry":{"type":"Point","coordinates":[10.266313,47.162886]},"properties":{"w":0.3785}},{"type":"Feature","geometry":{"type":"Point","coordinates":[10.983051,47.180316]},"properties":{"w":0.4491}},{"type":"Feature","geometry":{"type":"Point","coordinates":[13.064085,47.205665]},"properties":{"w":0.3345}},{"type":"Feature","geometry":{"type":"Point","coordinates":[16.321616,47.163761]},"properties":{"w":0.3126}},{"type":"Feature","geometry":{"type":"Point","coordinates":[13.917784,47.204209]},"properties":{"w":0.3837}},{"type":"Feature","geometry":{"type":"Point","coordinates":[13.280028,47.207794]},"properties":{"w":0.5413}},{"type":"Feature","geometry":{"type":"Point","coordinates":[9.731894,47.147273]},"properties":{"w":0.4717}},{"type":"Feature","geometry":{"type":"Point","coordinates":[11.684443,47.189803]},"properties":{"w":0.3558}},{"type":"Feature","geometry":{"type":"Point","coordinates":[10.278119,47.163115]},"properties":{"w":0.4932}},{"type":"Feature","geometry":{"type":"Point","coordinates":[14.324336,47.197103]},"properties":{"w":0.2887}},{"type":"Feature","geometry":{"type":"Point","coordinates":[12.474508,47.201011]},"properties":{"w":0.3951}},{"type":"Feature","geometry":{"type":"Point","coordinates":[11.244968,47.183941]},"properties":{"w":0.2887}},{"type":"Feature","geometry":{"type":"Point","coordinates":[13.02137,47.203483]},"properties":{"w":0.3358}},{"type":"Feature","geometry":{"type":"Point","coordinates":[11.200032,47.184479]},"properties":{"w":0.4798}},{"type":"Feature","geometry":{"type":"Point","coordinates":[13.049467,47.199482]},"properties":{"w":0.413}},{"type":"Feature","geometry":{"type":"Point","coordinates":[13.26501,47.200402]},"properties":{"w":0.298}},{"type":"Feature","geometry":{"type":"Point","coordinates":[11.771476,47.187327]},"properties":{"w":0.3076}},{"type":"Feature","geometry":{"type":"Point","coordinates":[13.325749,47.197025]},"properties":{"w":0.2697}},{"type":"Feature","geometry":{"type":"Point","coordinates":[10.073071,47.149483]},"properties":{"w":0.2831}},{"type":"Feature","geometry":{"type":"Point","coordinates":[14.057879,47.202111]},"properties":{"w":0.3748}},{"type":"Feature","geometry":{"type":"Point","coordinates":[9.633389,47.137643]},"properties":{"w":0.3345}},{"type":"Feature","geometry":{"type":"Point","coordinates":[14.395939,47.190672]},"properties":{"w":0.2887}},{"type":"Feature","geometry":{"type":"Point","coordinates":[10.684467,47.165808]},"properties":{"w":0.2887}},{"type":"Feature","geometry":{"type":"Point","coordinates":[9.737482,47.140737]},"properties":{"w":0.3617}},{"type":"Feature","geometry":{"type":"Point","coordinates":[13.839255,47.194359]},"properties":{"w":0.299}},{"type":"Feature","geometry":{"type":"Point","coordinates":[13.71736,47.196887]},"properties":{"w":0.4015}},{"type":"Feature","geometry":{"type":"Point","coordinates":[15.253408,47.179226]},"properties":{"w":0.2887}},{"type":"Feature","geometry":{"type":"Point","coordinates":[12.064908,47.189225]},"properties":{"w":0.327}},{"type":"Feature","geometry":{"type":"Point","coordinates":[10.854026,47.166953]},"properties":{"w":0.3066}},{"type":"Feature","geometry":{"type":"Point","coordinates":[13.311423,47.194573]},"properties":{"w":0.3146}},{"type":"Feature","geometry":{"type":"Point","coordinates":[14.509439,47.188677]},"properties":{"w":0.2881}},{"type":"Feature","geometry":{"type":"Point","coordinates":[15.899925,47.165425]},"properties":{"w":0.3894}},{"type":"Feature","geometry":{"type":"Point","coordinates":[15.192496,47.178954]},"properties":{"w":0.3658}},{"type":"Feature","geometry":{"type":"Point","coordinates":[12.518708,47.191079]},"properties":{"w":0.3257}},{"type":"Feature","geometry":{"type":"Point","coordinates":[15.912418,47.162254]},"properties":{"w":0.2849}},{"type":"Feature","geometry":{"type":"Point","coordinates":[9.668449,47.134213]},"properties":{"w":0.3537}},{"type":"Feature","geometry":{"type":"Point","coordinates":[12.621246,47.190725]},"properties":{"w":0.3999}},{"type":"Feature","geometry":{"type":"Point","coordinates":[10.20699,47.148697]},"properties":{"w":0.354}},{"type":"Feature","geometry":{"type":"Point","coordinates":[11.521346,47.175031]},"properties":{"w":0.2887}},{"type":"Feature","geometry":{"type":"Point","coordinates":[11.563535,47.178003]},"properties":{"w":0.401}},{"type":"Feature","geometry":{"type":"Point","coordinates":[13.252197,47.191036]},"properties":{"w":0.2786}},{"type":"Feature","geometry":{"type":"Point","coordinates":[10.084108,47.142487]},"properties":{"w":0.3151}},{"type":"Feature","geometry":{"type":"Point","coordinates":[14.96452,47.183438]},"properties":{"w":0.3774}},{"type":"Feature","geometry":{"type":"Point","coordinates":[9.73803,47.131805]},"properties":{"w":0.3203}},{"type":"Feature","geometry":{"type":"Point","coordinates":[10.460949,47.151611]},"properties":{"w":0.3141}},{"type":"Feature","geometry":{"type":"Point","coordinates":[12.554838,47.185194]},"properties":{"w":0.2881}},{"type":"Feature","geometry":{"type":"Point","coordinates":[11.9622,47.179233]},"properties":{"w":0.3141}},{"type":"Feature","geometry":{"type":"Point","coordinates":[14.486141,47.18091]},"properties":{"w":0.2887}},{"type":"Feature","geometry":{"type":"Point","coordinates":[12.021496,47.184798]},"properties":{"w":0.3561}},{"type":"Feature","geometry":{"type":"Point","coordinates":[13.784715,47.190716]},"properties":{"w":0.3745}},{"type":"Feature","geometry":{"type":"Point","coordinates":[10.862996,47.159574]},"properties":{"w":0.3345}},{"type":"Feature","geometry":{"type":"Point","coordinates":[16.238623,47.154197]},"properties":{"w":0.5565}},{"type":"Feature","geometry":{"type":"Point","coordinates":[15.952977,47.154865]},"properties":{"w":0.335}},{"type":"Feature","geometry":{"type":"Point","coordinates":[13.74401,47.185822]},"properties":{"w":0.3439}},{"type":"Feature","geometry":{"type":"Point","coordinates":[10.470945,47.149572]},"properties":{"w":0.3317}},{"type":"Feature","geometry":{"type":"Point","coordinates":[15.389832,47.169544]},"properties":{"w":0.4088}},{"type":"Feature","geometry":{"type":"Point","coordinates":[13.656197,47.185549]},"properties":{"w":0.3951}},{"type":"Feature","geometry":{"type":"Point","coordinates":[11.51171,47.170484]},"properties":{"w":0.3692}},{"type":"Feature","geometry":{"type":"Point","coordinates":[9.725991,47.12998]},"properties":{"w":0.4796}},{"type":"Feature","geometry":{"type":"Point","coordinates":[16.210571,47.148572]},"properties":{"w":0.3879}},{"type":"Feature","geometry":{"type":"Point","coordinates":[15.994846,47.154136]},"properties":{"w":0.3345}},{"type":"Feature","geometry":{"type":"Point","coordinates":[13.184812,47.183276]},"properties":{"w":0.3203}},{"type":"Feature","geometry":{"type":"Point","coordinates":[12.610179,47.185374]},"properties":{"w":0.4097}},{"type":"Feature","geometry":{"type":"Point","coordinates":[10.843628,47.157881]},"properties":{"w":0.4081}},{"type":"Feature","geometry":{"type":"Point","coordinates":[14.98277,47.179718]},"properties":{"w":0.5421}},{"type":"Feature","geometry":{"type":"Point","coordinates":[14.403908,47.178777]},"properties":{"w":0.2786}},{"type":"Feature","geometry":{"type":"Point","coordinates":[10.21991,47.138975]},"properties":{"w":0.2831}},{"type":"Feature","geometry":{"type":"Point","coordinates":[11.089867,47.167608]},"properties":{"w":0.4122}},{"type":"Feature","geometry":{"type":"Point","coordinates":[14.382682,47.189539]},"properties":{"w":0.5167}},{"type":"Feature","geometry":{"type":"Point","coordinates":[13.042526,47.181589]},"properties":{"w":0.2868}},{"type":"Feature","geometry":{"type":"Point","coordinates":[14.470853,47.185136]},"properties":{"w":0.4271}},{"type":"Feature","geometry":{"type":"Point","coordinates":[12.066585,47.175941]},"properties":{"w":0.294}},{"type":"Feature","geometry":{"type":"Point","coordinates":[14.897227,47.17184]},"properties":{"w":0.4448}},{"type":"Feature","geometry":{"type":"Point","coordinates":[13.175275,47.180606]},"properties":{"w":0.2786}},{"type":"Feature","geometry":{"type":"Point","coordinates":[10.641585,47.148209]},"properties":{"w":0.3728}},{"type":"Feature","geometry":{"type":"Point","coordinates":[14.257365,47.179422]},"properties":{"w":0.4393}},{"type":"Feature","geometry":{"type":"Point","coordinates":[12.490524,47.176927]},"properties":{"w":0.2929}},{"type":"Feature","geometry":{"type":"Point","coordinates":[15.016691,47.167968]},"properties":{"w":0.3034}},{"type":"Feature","geometry":{"type":"Point","coordinates":[11.50581,47.163277]},"properties":{"w":0.3477}},{"type":"Feature","geometry":{"type":"Point","coordinates":[13.649813,47.183504]},"properties":{"w":0.4165}},{"type":"Feature","geometry":{"type":"Point","coordinates":[11.567965,47.163706]},"properties":{"w":0.2837}},{"type":"Feature","geometry":{"type":"Point","coordinates":[15.03332,47.164891]},"properties":{"w":0.3024}},{"type":"Feature","geometry":{"type":"Point","coordinates":[10.792393,47.154388]},"properties":{"w":0.3207}},{"type":"Feature","geometry":{"type":"Point","coordinates":[9.902306,47.124533]},"properties":{"w":0.2786}},{"type":"Feature","geometry":{"type":"Point","coordinates":[15.237138,47.161498]},"properties":{"w":0.3469}},{"type":"Feature","geometry":{"type":"Point","coordinates":[9.635818,47.118177]},"properties":{"w":0.4256}},{"type":"Feature","geometry":{"type":"Point","coordinates":[13.011256,47.182005]},"properties":{"w":0.3203}},{"type":"Feature","geometry":{"type":"Point","coordinates":[9.683436,47.119255]},"properties":{"w":0.2887}},{"type":"Feature","geometry":{"type":"Point","coordinates":[14.50163,47.172443]},"properties":{"w":0.3487}},{"type":"Feature","geometry":{"type":"Point","coordinates":[13.2957,47.176369]},"properties":{"w":0.3193}},{"type":"Feature","geometry":{"type":"Point","coordinates":[12.708643,47.174248]},"properties":{"w":0.3126}},{"type":"Feature","geometry":{"type":"Point","coordinates":[10.473629,47.139414]},"properties":{"w":0.2806}},{"type":"Feature","geometry":{"type":"Point","coordinates":[13.313933,47.176428]},"properties":{"w":0.3221}},{"type":"Feature","geometry":{"type":"Point","coordinates":[14.528274,47.174471]},"properties":{"w":0.3564}},{"type":"Feature","geometry":{"type":"Point","coordinates":[13.923726,47.17209]},"properties":{"w":0.327}},{"type":"Feature","geometry":{"type":"Point","coordinates":[10.172839,47.128474]},"properties":{"w":0.2916}},{"type":"Feature","geometry":{"type":"Point","coordinates":[11.497782,47.158453]},"properties":{"w":0.3308}},{"type":"Feature","geometry":{"type":"Point","coordinates":[14.71635,47.169667]},"properties":{"w":0.5398}},{"type":"Feature","geometry":{"type":"Point","coordinates":[15.22465,47.158213]},"properties":{"w":0.3045}},{"type":"Feature","geometry":{"type":"Point","coordinates":[13.320556,47.179821]},"properties":{"w":0.4467}},{"type":"Feature","geometry":{"type":"Point","coordinates":[9.943909,47.121947]},"properties":{"w":0.3578}},{"type":"Feature","geometry":{"type":"Point","coordinates":[9.715993,47.115204]},"properties":{"w":0.4468}},{"type":"Feature","geometry":{"type":"Point","coordinates":[14.513399,47.171741]},"properties":{"w":0.3785}},{"type":"Feature","geometry":{"type":"Point","coordinates":[14.463587,47.165624]},"properties":{"w":0.4012}},{"type":"Feature","geometry":{"type":"Point","coordinates":[13.306761,47.179516]},"properties":{"w":0.3989}},{"type":"Feature","geometry":{"type":"Point","coordinates":[11.412328,47.154547]},"properties":{"w":0.2997}},{"type":"Feature","geometry":{"type":"Point","coordinates":[14.488153,47.165535]},"properties":{"w":0.4167}},{"type":"Feature","geometry":{"type":"Point","coordinates":[12.030135,47.167741]},"properties":{"w":0.3588}},{"type":"Feature","geometry":{"type":"Point","coordinates":[12.996676,47.171592]},"properties":{"w":0.3959}},{"type":"Feature","geometry":{"type":"Point","coordinates":[14.198216,47.165518]},"properties":{"w":0.294}},{"type":"Feature","geometry":{"type":"Point","coordinates":[12.644467,47.169654]},"properties":{"w":0.3793}},{"type":"Feature","geometry":{"type":"Point","coordinates":[13.789614,47.169723]},"properties":{"w":0.3745}},{"type":"Feature","geometry":{"type":"Point","coordinates":[10.142471,47.123682]},"properties":{"w":0.3594}},{"type":"Feature","geometry":{"type":"Point","coordinates":[11.540279,47.152826]},"properties":{"w":0.3421}},{"type":"Feature","geometry":{"type":"Point","coordinates":[13.851787,47.165667]},"properties":{"w":0.3221}},{"type":"Feature","geometry":{"type":"Point","coordinates":[13.947739,47.168573]},"properties":{"w":0.5461}},{"type":"Feature","geometry":{"type":"Point","coordinates":[13.869811,47.169845]},"properties":{"w":0.557}},{"type":"Feature","geometry":{"type":"Point","coordinates":[12.497569,47.165041]},"properties":{"w":0.3799}},{"type":"Feature","geometry":{"type":"Point","coordinates":[13.190937,47.17272]},"properties":{"w":0.3683}},{"type":"Feature","geometry":{"type":"Point","coordinates":[13.045766,47.164873]},"properties":{"w":0.2786}},{"type":"Feature","geometry":{"type":"Point","coordinates":[14.538481,47.169767]},"properties":{"w":0.5254}},{"type":"Feature","geometry":{"type":"Point","coordinates":[13.32784,47.167643]},"properties":{"w":0.3547}},{"type":"Feature","geometry":{"type":"Point","coordinates":[11.071719,47.149479]},"properties":{"w":0.4963}},{"type":"Feature","geometry":{"type":"Point","coordinates":[10.187536,47.119996]},"properties":{"w":0.2887}},{"type":"Feature","geometry":{"type":"Point","coordinates":[9.810549,47.108571]},"properties":{"w":0.335}},{"type":"Feature","geometry":{"type":"Point","coordinates":[12.617875,47.161691]},"properties":{"w":0.2174}},{"type":"Feature","geometry":{"type":"Point","coordinates":[13.690922,47.162496]},"properties":{"w":0.33}},{"type":"Feature","geometry":{"type":"Point","coordinates":[13.833964,47.171314]},"properties":{"w":0.6429}},{"type":"Feature","geometry":{"type":"Point","coordinates":[10.178474,47.120269]},"properties":{"w":0.3122}},{"type":"Feature","geometry":{"type":"Point","coordinates":[14.299597,47.158888]},"properties":{"w":0.2887}},{"type":"Feature","geometry":{"type":"Point","coordinates":[10.807897,47.136298]},"properties":{"w":0.3333}},{"type":"Feature","geometry":{"type":"Point","coordinates":[11.406402,47.150284]},"properties":{"w":0.4465}},{"type":"Feature","geometry":{"type":"Point","coordinates":[10.145713,47.118034]},"properties":{"w":0.271}},{"type":"Feature","geometry":{"type":"Point","coordinates":[9.654755,47.113383]},"properties":{"w":0.497}},{"type":"Feature","geometry":{"type":"Point","coordinates":[10.164801,47.118163]},"properties":{"w":0.3312}},{"type":"Feature","geometry":{"type":"Point","coordinates":[10.198946,47.119721]},"properties":{"w":0.3951}},{"type":"Feature","geometry":{"type":"Point","coordinates":[13.894138,47.159718]},"properties":{"w":0.3287}},{"type":"Feature","geometry":{"type":"Point","coordinates":[10.670076,47.130807]},"properties":{"w":0.2985}},{"type":"Feature","geometry":{"type":"Point","coordinates":[15.269523,47.146583]},"properties":{"w":0.3754}},{"type":"Feature","geometry":{"type":"Point","coordinates":[9.696189,47.104341]},"properties":{"w":0.4134}},{"type":"Feature","geometry":{"type":"Point","coordinates":[13.042754,47.160816]},"properties":{"w":0.2786}},{"type":"Feature","geometry":{"type":"Point","coordinates":[14.352678,47.157142]},"properties":{"w":0.3116}},{"type":"Feature","geometry":{"type":"Point","coordinates":[11.527458,47.154181]},"properties":{"w":0.5223}},{"type":"Feature","geometry":{"type":"Point","coordinates":[14.191243,47.160873]},"properties":{"w":0.3692}},{"type":"Feature","geometry":{"type":"Point","coordinates":[12.579785,47.175405]},"properties":{"w":0.495}},{"type":"Feature","geometry":{"type":"Point","coordinates":[11.508768,47.147825]},"properties":{"w":0.3739}},{"type":"Feature","geometry":{"type":"Point","coordinates":[10.659851,47.12859]},"properties":{"w":0.3137}},{"type":"Feature","geometry":{"type":"Point","coordinates":[12.505131,47.158445]},"properties":{"w":0.318}},{"type":"Feature","geometry":{"type":"Point","coordinates":[13.054024,47.160575]},"properties":{"w":0.4086}},{"type":"Feature","geometry":{"type":"Point","coordinates":[13.673347,47.161214]},"properties":{"w":0.4526}},{"type":"Feature","geometry":{"type":"Point","coordinates":[14.996317,47.149625]},"properties":{"w":0.3771}},{"type":"Feature","geometry":{"type":"Point","coordinates":[10.047553,47.109685]},"properties":{"w":0.317}},{"type":"Feature","geometry":{"type":"Point","coordinates":[14.899614,47.151278]},"properties":{"w":0.4048}},{"type":"Feature","geometry":{"type":"Point","coordinates":[12.538871,47.155511]},"properties":{"w":0.2806}},{"type":"Feature","geometry":{"type":"Point","coordinates":[14.327934,47.154227]},"properties":{"w":0.2887}},{"type":"Feature","geometry":{"type":"Point","coordinates":[11.586299,47.144934]},"properties":{"w":0.2856}},{"type":"Feature","geometry":{"type":"Point","coordinates":[10.342966,47.122881]},"properties":{"w":0.3561}},{"type":"Feature","geometry":{"type":"Point","coordinates":[11.420002,47.147745]},"properties":{"w":0.5646}},{"type":"Feature","geometry":{"type":"Point","coordinates":[14.955965,47.144524]},"properties":{"w":0.2957}},{"type":"Feature","geometry":{"type":"Point","coordinates":[11.402514,47.141273]},"properties":{"w":0.318}},{"type":"Feature","geometry":{"type":"Point","coordinates":[16.505007,47.136385]},"properties":{"w":0.7798}},{"type":"Feature","geometry":{"type":"Point","coordinates":[13.006053,47.158521]},"properties":{"w":0.5157}},{"type":"Feature","geometry":{"type":"Point","coordinates":[11.387214,47.142264]},"properties":{"w":0.4151}},{"type":"Feature","geometry":{"type":"Point","coordinates":[13.64515,47.161339]},"properties":{"w":0.4546}},{"type":"Feature","geometry":{"type":"Point","coordinates":[13.892717,47.157561]},"properties":{"w":0.6409}},{"type":"Feature","geometry":{"type":"Point","coordinates":[14.515541,47.153851]},"properties":{"w":0.4369}},{"type":"Feature","geometry":{"type":"Point","coordinates":[14.933431,47.145679]},"properties":{"w":0.3287}},{"type":"Feature","geometry":{"type":"Point","coordinates":[9.717933,47.096642]},"properties":{"w":0.323}},{"type":"Feature","geometry":{"type":"Point","coordinates":[15.006539,47.15156]},"properties":{"w":0.4685}},{"type":"Feature","geometry":{"type":"Point","coordinates":[11.661324,47.141113]},"properties":{"w":0.2831}},{"type":"Feature","geometry":{"type":"Point","coordinates":[10.015134,47.103663]},"properties":{"w":0.305}},{"type":"Feature","geometry":{"type":"Point","coordinates":[13.610795,47.154451]},"properties":{"w":0.4097}},{"type":"Feature","geometry":{"type":"Point","coordinates":[13.225501,47.153807]},"properties":{"w":0.298}},{"type":"Feature","geometry":{"type":"Point","coordinates":[11.080713,47.143929]},"properties":{"w":0.4448}},{"type":"Feature","geometry":{"type":"Point","coordinates":[12.635802,47.150062]},"properties":{"w":0.2786}},{"type":"Feature","geometry":{"type":"Point","coordinates":[12.493389,47.149622]},"properties":{"w":0.2856}},{"type":"Feature","geometry":{"type":"Point","coordinates":[14.024756,47.150159]},"properties":{"w":0.3405}},{"type":"Feature","geometry":{"type":"Point","coordinates":[14.158742,47.159371]},"properties":{"w":0.6094}},{"type":"Feature","geometry":{"type":"Point","coordinates":[14.345037,47.149557]},"properties":{"w":0.4128}},{"type":"Feature","geometry":{"type":"Point","coordinates":[14.053681,47.148967]},"properties":{"w":0.3543}},{"type":"Feature","geometry":{"type":"Point","coordinates":[11.419313,47.134498]},"properties":{"w":0.3424}},{"type":"Feature","geometry":{"type":"Point","coordinates":[10.063161,47.103385]},"properties":{"w":0.3066}},{"type":"Feature","geometry":{"type":"Point","coordinates":[12.568953,47.147233]},"properties":{"w":0.2615}},{"type":"Feature","geometry":{"type":"Point","coordinates":[10.400803,47.112191]},"properties":{"w":0.2786}},{"type":"Feature","geometry":{"type":"Point","coordinates":[14.243293,47.145308]},"properties":{"w":0.3024}},{"type":"Feature","geometry":{"type":"Point","coordinates":[14.007913,47.147225]},"properties":{"w":0.2923}},{"type":"Feature","geometry":{"type":"Point","coordinates":[10.287586,47.109573]},"properties":{"w":0.368}},{"type":"Feature","geometry":{"type":"Point","coordinates":[10.228719,47.110367]},"properties":{"w":0.3796}},{"type":"Feature","geometry":{"type":"Point","coordinates":[13.652302,47.148718]},"properties":{"w":0.2875}},{"type":"Feature","geometry":{"type":"Point","coordinates":[14.511143,47.143226]},"properties":{"w":0.298}},{"type":"Feature","geometry":{"type":"Point","coordinates":[10.032619,47.10383]},"properties":{"w":0.4563}},{"type":"Feature","geometry":{"type":"Point","coordinates":[12.628822,47.147735]},"properties":{"w":0.3358}},{"type":"Feature","geometry":{"type":"Point","coordinates":[13.620147,47.147818]},"properties":{"w":0.3963}},{"type":"Feature","geometry":{"type":"Point","coordinates":[13.172267,47.149448]},"properties":{"w":0.3591}},{"type":"Feature","geometry":{"type":"Point","coordinates":[12.989263,47.148142]},"properties":{"w":0.371}},{"type":"Feature","geometry":{"type":"Point","coordinates":[14.935703,47.137366]},"properties":{"w":0.2812}},{"type":"Feature","geometry":{"type":"Point","coordinates":[10.320092,47.107857]},"properties":{"w":0.363}},{"type":"Feature","geometry":{"type":"Point","coordinates":[11.489134,47.135625]},"properties":{"w":0.438}},{"type":"Feature","geometry":{"type":"Point","coordinates":[14.70869,47.13926]},"properties":{"w":0.3561}},{"type":"Feature","geometry":{"type":"Point","coordinates":[10.848113,47.119039]},"properties":{"w":0.3567}},{"type":"Feature","geometry":{"type":"Point","coordinates":[13.989033,47.143668]},"properties":{"w":0.2887}},{"type":"Feature","geometry":{"type":"Point","coordinates":[14.542254,47.141699]},"properties":{"w":0.2929}},{"type":"Feature","geometry":{"type":"Point","coordinates":[10.219072,47.102472]},"properties":{"w":0.2494}},{"type":"Feature","geometry":{"type":"Point","coordinates":[13.96766,47.143749]},"properties":{"w":0.3677}},{"type":"Feature","geometry":{"type":"Point","coordinates":[12.547076,47.141297]},"properties":{"w":0.2779}},{"type":"Feature","geometry":{"type":"Point","coordinates":[14.072686,47.141407]},"properties":{"w":0.3774}},{"type":"Feature","geometry":{"type":"Point","coordinates":[11.645818,47.131301]},"properties":{"w":0.4944}},{"type":"Feature","geometry":{"type":"Point","coordinates":[12.580879,47.140164]},"properties":{"w":0.3436}},{"type":"Feature","geometry":{"type":"Point","coordinates":[15.061141,47.130882]},"properties":{"w":0.4294}},{"type":"Feature","geometry":{"type":"Point","coordinates":[9.706229,47.089035]},"properties":{"w":0.4169}},{"type":"Feature","geometry":{"type":"Point","coordinates":[10.163233,47.097217]},"properties":{"w":0.2887}},{"type":"Feature","geometry":{"type":"Point","coordinates":[12.781165,47.140797]},"properties":{"w":0.3325}},{"type":"Feature","geometry":{"type":"Point","coordinates":[12.989872,47.140011]},"properties":{"w":0.2963}},{"type":"Feature","geometry":{"type":"Point","coordinates":[12.802856,47.150429]},"properties":{"w":0.5357}},{"type":"Feature","geometry":{"type":"Point","coordinates":[10.421599,47.103149]},"properties":{"w":0.2887}},{"type":"Feature","geometry":{"type":"Point","coordinates":[10.214597,47.098335]},"properties":{"w":0.2689}},{"type":"Feature","geometry":{"type":"Point","coordinates":[14.959627,47.128779]},"properties":{"w":0.3365}},{"type":"Feature","geometry":{"type":"Point","coordinates":[10.896504,47.117147]},"properties":{"w":0.298}},{"type":"Feature","geometry":{"type":"Point","coordinates":[13.023665,47.14025]},"properties":{"w":0.318}},{"type":"Feature","geometry":{"type":"Point","coordinates":[14.071109,47.137079]},"properties":{"w":0.2957}},{"type":"Feature","geometry":{"type":"Point","coordinates":[14.597924,47.134842]},"properties":{"w":0.3498}},{"type":"Feature","geometry":{"type":"Point","coordinates":[10.697007,47.117251]},"properties":{"w":0.5204}},{"type":"Feature","geometry":{"type":"Point","coordinates":[12.639967,47.137257]},"properties":{"w":0.2856}},{"type":"Feature","geometry":{"type":"Point","coordinates":[14.558809,47.14448]},"properties":{"w":0.5228}},{"type":"Feature","geometry":{"type":"Point","coordinates":[14.945646,47.148506]},"properties":{"w":0.6035}},{"type":"Feature","geometry":{"type":"Point","coordinates":[10.316195,47.09785]},"properties":{"w":0.3221}},{"type":"Feature","geometry":{"type":"Point","coordinates":[14.201335,47.139263]},"properties":{"w":0.5712}},{"type":"Feature","geometry":{"type":"Point","coordinates":[14.559822,47.13591]},"properties":{"w":0.4409}},{"type":"Feature","geometry":{"type":"Point","coordinates":[10.400664,47.101808]},"properties":{"w":0.3802}},{"type":"Feature","geometry":{"type":"Point","coordinates":[11.135762,47.118078]},"properties":{"w":0.3444}},{"type":"Feature","geometry":{"type":"Point","coordinates":[14.470878,47.131623]},"properties":{"w":0.2887}},{"type":"Feature","geometry":{"type":"Point","coordinates":[10.379266,47.099982]},"properties":{"w":0.3754}},{"type":"Feature","geometry":{"type":"Point","coordinates":[13.319663,47.136089]},"properties":{"w":0.2786}},{"type":"Feature","geometry":{"type":"Point","coordinates":[16.330449,47.096764]},"properties":{"w":0.3537}},{"type":"Feature","geometry":{"type":"Point","coordinates":[14.215553,47.132742]},"properties":{"w":0.2849}},{"type":"Feature","geometry":{"type":"Point","coordinates":[14.635147,47.128082]},"properties":{"w":0.2806}},{"type":"Feature","geometry":{"type":"Point","coordinates":[11.855781,47.128155]},"properties":{"w":0.3444}},{"type":"Feature","geometry":{"type":"Point","coordinates":[10.930694,47.110632]},"properties":{"w":0.3924}},{"type":"Feature","geometry":{"type":"Point","coordinates":[9.688108,47.079822]},"properties":{"w":0.4589}},{"type":"Feature","geometry":{"type":"Point","coordinates":[12.779636,47.132949]},"properties":{"w":0.2969}},{"type":"Feature","geometry":{"type":"Point","coordinates":[13.897201,47.133765]},"properties":{"w":0.3771}},{"type":"Feature","geometry":{"type":"Point","coordinates":[10.156962,47.090578]},"properties":{"w":0.4363}},{"type":"Feature","geometry":{"type":"Point","coordinates":[14.561556,47.127397]},"properties":{"w":0.298}},{"type":"Feature","geometry":{"type":"Point","coordinates":[10.303286,47.093411]},"properties":{"w":0.3122}},{"type":"Feature","geometry":{"type":"Point","coordinates":[10.703552,47.103111]},"properties":{"w":0.3184}},{"type":"Feature","geometry":{"type":"Point","coordinates":[14.088709,47.133254]},"properties":{"w":0.3421}},{"type":"Feature","geometry":{"type":"Point","coordinates":[16.223299,47.09815]},"properties":{"w":0.496}},{"type":"Feature","geometry":{"type":"Point","coordinates":[10.925209,47.106933]},"properties":{"w":0.3207}},{"type":"Feature","geometry":{"type":"Point","coordinates":[13.2039,47.132465]},"properties":{"w":0.3871}},{"type":"Feature","geometry":{"type":"Point","coordinates":[13.192932,47.136006]},"properties":{"w":0.3239}},{"type":"Feature","geometry":{"type":"Point","coordinates":[10.411203,47.094144]},"properties":{"w":0.2875}},{"type":"Feature","geometry":{"type":"Point","coordinates":[12.515912,47.130369]},"properties":{"w":0.3235}},{"type":"Feature","geometry":{"type":"Point","coordinates":[10.259904,47.095706]},"properties":{"w":0.3802}},{"type":"Feature","geometry":{"type":"Point","coordinates":[13.216689,47.136478]},"properties":{"w":0.3358}},{"type":"Feature","geometry":{"type":"Point","coordinates":[9.665036,47.074073]},"properties":{"w":0.4112}},{"type":"Feature","geometry":{"type":"Point","coordinates":[10.314253,47.089971]},"properties":{"w":0.3785}},{"type":"Feature","geometry":{"type":"Point","coordinates":[13.003503,47.130001]},"properties":{"w":0.2887}},{"type":"Feature","geometry":{"type":"Point","coordinates":[10.694081,47.101587]},"properties":{"w":0.4344}},{"type":"Feature","geometry":{"type":"Point","coordinates":[14.599654,47.12542]},"properties":{"w":0.327}},{"type":"Feature","geometry":{"type":"Point","coordinates":[14.662084,47.123016]},"properties":{"w":0.406}},{"type":"Feature","geometry":{"type":"Point","coordinates":[14.076026,47.12855]},"properties":{"w":0.354}},{"type":"Feature","geometry":{"type":"Point","coordinates":[12.634351,47.130095]},"properties":{"w":0.4017}},{"type":"Feature","geometry":{"type":"Point","coordinates":[13.637874,47.128417]},"properties":{"w":0.305}},{"type":"Feature","geometry":{"type":"Point","coordinates":[14.150097,47.125039]},"properties":{"w":0.298}},{"type":"Feature","geometry":{"type":"Point","coordinates":[11.088854,47.107541]},"properties":{"w":0.4201}},{"type":"Feature","geometry":{"type":"Point","coordinates":[14.607067,47.121483]},"properties":{"w":0.3239}},{"type":"Feature","geometry":{"type":"Point","coordinates":[14.567536,47.122419]},"properties":{"w":0.4735}},{"type":"Feature","geometry":{"type":"Point","coordinates":[10.390335,47.088771]},"properties":{"w":0.2929}},{"type":"Feature","geometry":{"type":"Point","coordinates":[14.112367,47.125632]},"properties":{"w":0.5226}},{"type":"Feature","geometry":{"type":"Point","coordinates":[14.533993,47.128276]},"properties":{"w":0.4676}},{"type":"Feature","geometry":{"type":"Point","coordinates":[11.389899,47.109283]},"properties":{"w":0.2786}},{"type":"Feature","geometry":{"type":"Point","coordinates":[11.56984,47.112193]},"properties":{"w":0.368}},{"type":"Feature","geometry":{"type":"Point","coordinates":[11.220071,47.106627]},"properties":{"w":0.2831}},{"type":"Feature","geometry":{"type":"Point","coordinates":[14.523843,47.123092]},"properties":{"w":0.4421}},{"type":"Feature","geometry":{"type":"Point","coordinates":[14.820473,47.117978]},"properties":{"w":0.3291}},{"type":"Feature","geometry":{"type":"Point","coordinates":[14.489855,47.124199]},"properties":{"w":0.4666}},{"type":"Feature","geometry":{"type":"Point","coordinates":[14.612397,47.116249]},"properties":{"w":0.3155}},{"type":"Feature","geometry":{"type":"Point","coordinates":[14.527015,47.118795]},"properties":{"w":0.2786}},{"type":"Feature","geometry":{"type":"Point","coordinates":[10.394693,47.084306]},"properties":{"w":0.3116}},{"type":"Feature","geometry":{"type":"Point","coordinates":[15.071104,47.112428]},"properties":{"w":0.3788}},{"type":"Feature","geometry":{"type":"Point","coordinates":[11.382107,47.103814]},"properties":{"w":0.2887}},{"type":"Feature","geometry":{"type":"Point","coordinates":[14.582948,47.11546]},"properties":{"w":0.4451}},{"type":"Feature","geometry":{"type":"Point","coordinates":[14.594894,47.115207]},"properties":{"w":0.368}},{"type":"Feature","geometry":{"type":"Point","coordinates":[11.409092,47.10405]},"properties":{"w":0.3283}},{"type":"Feature","geometry":{"type":"Point","coordinates":[13.989331,47.11913]},"properties":{"w":0.3689}},{"type":"Feature","geometry":{"type":"Point","coordinates":[11.403236,47.104254]},"properties":{"w":0.2923}},{"type":"Feature","geometry":{"type":"Point","coordinates":[13.07153,47.121441]},"properties":{"w":0.2985}},{"type":"Feature","geometry":{"type":"Point","coordinates":[14.867467,47.113101]},"properties":{"w":0.4424}},{"type":"Feature","geometry":{"type":"Point","coordinates":[14.801765,47.113654]},"properties":{"w":0.3722}},{"type":"Feature","geometry":{"type":"Point","coordinates":[10.553219,47.088733]},"properties":{"w":0.4134}},{"type":"Feature","geometry":{"type":"Point","coordinates":[9.705842,47.060413]},"properties":{"w":0.3444}},{"type":"Feature","geometry":{"type":"Point","coordinates":[11.206206,47.099796]},"properties":{"w":0.3871}},{"type":"Feature","geometry":{"type":"Point","coordinates":[11.414809,47.101633]},"properties":{"w":0.3066}},{"type":"Feature","geometry":{"type":"Point","coordinates":[10.569134,47.087237]},"properties":{"w":0.2849}},{"type":"Feature","geometry":{"type":"Point","coordinates":[14.511196,47.112934]},"properties":{"w":0.4445}},{"type":"Feature","geometry":{"type":"Point","coordinates":[14.857387,47.110759]},"properties":{"w":0.4349}},{"type":"Feature","geometry":{"type":"Point","coordinates":[13.94321,47.115683]},"properties":{"w":0.3466}},{"type":"Feature","geometry":{"type":"Point","coordinates":[10.166171,47.073163]},"properties":{"w":0.3623}},{"type":"Feature","geometry":{"type":"Point","coordinates":[12.990125,47.120174]},"properties":{"w":0.3487}},{"type":"Feature","geometry":{"type":"Point","coordinates":[11.337714,47.102595]},"properties":{"w":0.3137}},{"type":"Feature","geometry":{"type":"Point","coordinates":[14.78374,47.111022]},"properties":{"w":0.3034}},{"type":"Feature","geometry":{"type":"Point","coordinates":[13.720841,47.121139]},"properties":{"w":0.562}},{"type":"Feature","geometry":{"type":"Point","coordinates":[9.825713,47.061853]},"properties":{"w":0.3207}},{"type":"Feature","geometry":{"type":"Point","coordinates":[10.265533,47.076916]},"properties":{"w":0.2825}},{"type":"Feature","geometry":{"type":"Point","coordinates":[16.05811,47.085511]},"properties":{"w":0.504}},{"type":"Feature","geometry":{"type":"Point","coordinates":[10.139774,47.069871]},"properties":{"w":0.3374}},{"type":"Feature","geometry":{"type":"Point","coordinates":[11.427074,47.100384]},"properties":{"w":0.4228}},{"type":"Feature","geometry":{"type":"Point","coordinates":[12.985027,47.114982]},"properties":{"w":0.2957}},{"type":"Feature","geometry":{"type":"Point","coordinates":[10.22496,47.071825]},"properties":{"w":0.3655}},{"type":"Feature","geometry":{"type":"Point","coordinates":[10.337174,47.07394]},"properties":{"w":0.2887}},{"type":"Feature","geometry":{"type":"Point","coordinates":[11.192512,47.094204]},"properties":{"w":0.3748}},{"type":"Feature","geometry":{"type":"Point","coordinates":[12.99993,47.112786]},"properties":{"w":0.2963}},{"type":"Feature","geometry":{"type":"Point","coordinates":[14.887059,47.104268]},"properties":{"w":0.3393}},{"type":"Feature","geometry":{"type":"Point","coordinates":[11.410287,47.096039]},"properties":{"w":0.2786}},{"type":"Feature","geometry":{"type":"Point","coordinates":[13.976216,47.110948]},"properties":{"w":0.3413}},{"type":"Feature","geometry":{"type":"Point","coordinates":[11.102553,47.100749]},"properties":{"w":0.4754}},{"type":"Feature","geometry":{"type":"Point","coordinates":[14.894647,47.104956]},"properties":{"w":0.3462}},{"type":"Feature","geometry":{"type":"Point","coordinates":[16.07662,47.083284]},"properties":{"w":0.4287}},{"type":"Feature","geometry":{"type":"Point","coordinates":[14.855223,47.10239]},"properties":{"w":0.3261}},{"type":"Feature","geometry":{"type":"Point","coordinates":[13.907741,47.10899]},"properties":{"w":0.3333}},{"type":"Feature","geometry":{"type":"Point","coordinates":[10.559484,47.078543]},"properties":{"w":0.2969}},{"type":"Feature","geometry":{"type":"Point","coordinates":[10.615052,47.082899]},"properties":{"w":0.4409}},{"type":"Feature","geometry":{"type":"Point","coordinates":[14.418453,47.116773]},"properties":{"w":0.6421}},{"type":"Feature","geometry":{"type":"Point","coordinates":[14.900344,47.102863]},"properties":{"w":0.2898}},{"type":"Feature","geometry":{"type":"Point","coordinates":[12.566659,47.111012]},"properties":{"w":0.327}},{"type":"Feature","geometry":{"type":"Point","coordinates":[10.250265,47.068727]},"properties":{"w":0.3516}},{"type":"Feature","geometry":{"type":"Point","coordinates":[10.540554,47.080569]},"properties":{"w":0.4344}},{"type":"Feature","geometry":{"type":"Point","coordinates":[11.620268,47.097257]},"properties":{"w":0.294}},{"type":"Feature","geometry":{"type":"Point","coordinates":[11.645891,47.103425]},"properties":{"w":0.4984}},{"type":"Feature","geometry":{"type":"Point","coordinates":[14.76088,47.105836]},"properties":{"w":0.4748}},{"type":"Feature","geometry":{"type":"Point","coordinates":[14.291095,47.110273]},"properties":{"w":0.5284}},{"type":"Feature","geometry":{"type":"Point","coordinates":[14.937827,47.097285]},"properties":{"w":0.2786}},{"type":"Feature","geometry":{"type":"Point","coordinates":[13.91774,47.10623]},"properties":{"w":0.4485}},{"type":"Feature","geometry":{"type":"Point","coordinates":[14.976922,47.095597]},"properties":{"w":0.4232}},{"type":"Feature","geometry":{"type":"Point","coordinates":[10.331038,47.065038]},"properties":{"w":0.2905}},{"type":"Feature","geometry":{"type":"Point","coordinates":[14.034316,47.102499]},"properties":{"w":0.2881}},{"type":"Feature","geometry":{"type":"Point","coordinates":[13.950178,47.126828]},"properties":{"w":0.7818}},{"type":"Feature","geometry":{"type":"Point","coordinates":[10.277615,47.064102]},"properties":{"w":0.2786}},{"type":"Feature","geometry":{"type":"Point","coordinates":[9.833315,47.049621]},"properties":{"w":0.3444}},{"type":"Feature","geometry":{"type":"Point","coordinates":[14.49777,47.099793]},"properties":{"w":0.3673}},{"type":"Feature","geometry":{"type":"Point","coordinates":[13.673975,47.10974]},"properties":{"w":0.5188}},{"type":"Feature","geometry":{"type":"Point","coordinates":[9.980982,47.054348]},"properties":{"w":0.385}},{"type":"Feature","geometry":{"type":"Point","coordinates":[10.310822,47.06609]},"properties":{"w":0.4915}},{"type":"Feature","geometry":{"type":"Point","coordinates":[14.954194,47.091146]},"properties":{"w":0.3151}},{"type":"Feature","geometry":{"type":"Point","coordinates":[12.580788,47.098799]},"properties":{"w":0.3695}},{"type":"Feature","geometry":{"type":"Point","coordinates":[13.540874,47.105829]},"properties":{"w":0.4467}},{"type":"Feature","geometry":{"type":"Point","coordinates":[10.276779,47.058296]},"properties":{"w":0.2697}},{"type":"Feature","geometry":{"type":"Point","coordinates":[11.675829,47.087708]},"properties":{"w":0.4099}},{"type":"Feature","geometry":{"type":"Point","coordinates":[10.508095,47.063959]},"properties":{"w":0.3554}},{"type":"Feature","geometry":{"type":"Point","coordinates":[13.91198,47.096861]},"properties":{"w":0.2786}},{"type":"Feature","geometry":{"type":"Point","coordinates":[10.537376,47.064777]},"properties":{"w":0.2893}},{"type":"Feature","geometry":{"type":"Point","coordinates":[13.03273,47.103786]},"properties":{"w":0.5245}},{"type":"Feature","geometry":{"type":"Point","coordinates":[13.893813,47.097144]},"properties":{"w":0.3221}},{"type":"Feature","geometry":{"type":"Point","coordinates":[10.298403,47.055821]},"properties":{"w":0.3066}},{"type":"Feature","geometry":{"type":"Point","coordinates":[14.970041,47.086775]},"properties":{"w":0.454}},{"type":"Feature","geometry":{"type":"Point","coordinates":[11.629784,47.086745]},"properties":{"w":0.33}},{"type":"Feature","geometry":{"type":"Point","coordinates":[14.033786,47.09701]},"properties":{"w":0.3853}},{"type":"Feature","geometry":{"type":"Point","coordinates":[14.826042,47.087136]},"properties":{"w":0.2856}},{"type":"Feature","geometry":{"type":"Point","coordinates":[11.3647,47.080473]},"properties":{"w":0.3881}},{"type":"Feature","geometry":{"type":"Point","coordinates":[12.559732,47.094954]},"properties":{"w":0.3424}},{"type":"Feature","geometry":{"type":"Point","coordinates":[14.179352,47.092626]},"properties":{"w":0.4284}},{"type":"Feature","geometry":{"type":"Point","coordinates":[16.505977,47.059882]},"properties":{"w":0.6669}},{"type":"Feature","geometry":{"type":"Point","coordinates":[11.334179,47.084654]},"properties":{"w":0.4258}},{"type":"Feature","geometry":{"type":"Point","coordinates":[10.476818,47.060727]},"properties":{"w":0.3066}},{"type":"Feature","geometry":{"type":"Point","coordinates":[14.53586,47.088946]},"properties":{"w":0.4419}},{"type":"Feature","geometry":{"type":"Point","coordinates":[11.173628,47.073146]},"properties":{"w":0.3066}},{"type":"Feature","geometry":{"type":"Point","coordinates":[13.569319,47.093953]},"properties":{"w":0.3871}},{"type":"Feature","geometry":{"type":"Point","coordinates":[14.117833,47.089705]},"properties":{"w":0.3725}},{"type":"Feature","geometry":{"type":"Point","coordinates":[11.159619,47.079138]},"properties":{"w":0.4756}},{"type":"Feature","geometry":{"type":"Point","coordinates":[10.198485,47.053211]},"properties":{"w":0.348}},{"type":"Feature","geometry":{"type":"Point","coordinates":[10.166956,47.053201]},"properties":{"w":0.457}},{"type":"Feature","geometry":{"type":"Point","coordinates":[13.014808,47.091652]},"properties":{"w":0.2923}},{"type":"Feature","geometry":{"type":"Point","coordinates":[13.046755,47.09258]},"properties":{"w":0.4542}},{"type":"Feature","geometry":{"type":"Point","coordinates":[13.73852,47.092068]},"properties":{"w":0.3751}},{"type":"Feature","geometry":{"type":"Point","coordinates":[10.462337,47.054876]},"properties":{"w":0.3537}},{"type":"Feature","geometry":{"type":"Point","coordinates":[12.769408,47.087082]},"properties":{"w":0.2388}},{"type":"Feature","geometry":{"type":"Point","coordinates":[14.16235,47.091319]},"properties":{"w":0.5032}},{"type":"Feature","geometry":{"type":"Point","coordinates":[13.473985,47.08891]},"properties":{"w":0.3673}},{"type":"Feature","geometry":{"type":"Point","coordinates":[13.485119,47.086946]},"properties":{"w":0.352}},{"type":"Feature","geometry":{"type":"Point","coordinates":[14.506358,47.08055]},"properties":{"w":0.3848}},{"type":"Feature","geometry":{"type":"Point","coordinates":[9.913266,47.038591]},"properties":{"w":0.413}},{"type":"Feature","geometry":{"type":"Point","coordinates":[13.865366,47.087928]},"properties":{"w":0.4187}},{"type":"Feature","geometry":{"type":"Point","coordinates":[14.797611,47.080047]},"properties":{"w":0.3358}},{"type":"Feature","geometry":{"type":"Point","coordinates":[10.494993,47.051105]},"properties":{"w":0.3989}},{"type":"Feature","geometry":{"type":"Point","coordinates":[14.558587,47.082224]},"properties":{"w":0.4989}},{"type":"Feature","geometry":{"type":"Point","coordinates":[14.068828,47.082729]},"properties":{"w":0.337}},{"type":"Feature","geometry":{"type":"Point","coordinates":[12.991148,47.08432]},"properties":{"w":0.3881}},{"type":"Feature","geometry":{"type":"Point","coordinates":[10.918804,47.056858]},"properties":{"w":0.2923}},{"type":"Feature","geometry":{"type":"Point","coordinates":[14.175563,47.083513]},"properties":{"w":0.4948}},{"type":"Feature","geometry":{"type":"Point","coordinates":[13.873579,47.105467]},"properties":{"w":0.7931}},{"type":"Feature","geometry":{"type":"Point","coordinates":[14.111183,47.081017]},"properties":{"w":0.3821}},{"type":"Feature","geometry":{"type":"Point","coordinates":[14.121858,47.080746]},"properties":{"w":0.3802}},{"type":"Feature","geometry":{"type":"Point","coordinates":[14.027054,47.083118]},"properties":{"w":0.3739}},{"type":"Feature","geometry":{"type":"Point","coordinates":[16.442324,47.043282]},"properties":{"w":0.3765}},{"type":"Feature","geometry":{"type":"Point","coordinates":[9.87666,47.02913]},"properties":{"w":0.3013}},{"type":"Feature","geometry":{"type":"Point","coordinates":[13.014413,47.081941]},"properties":{"w":0.3665}},{"type":"Feature","geometry":{"type":"Point","coordinates":[13.037432,47.08083]},"properties":{"w":0.3701}},{"type":"Feature","geometry":{"type":"Point","coordinates":[10.428774,47.051413]},"properties":{"w":0.5641}},{"type":"Feature","geometry":{"type":"Point","coordinates":[14.980644,47.072049]},"properties":{"w":0.4524}},{"type":"Feature","geometry":{"type":"Point","coordinates":[11.607259,47.067575]},"properties":{"w":0.2945}},{"type":"Feature","geometry":{"type":"Point","coordinates":[10.582222,47.046683]},"properties":{"w":0.3547}},{"type":"Feature","geometry":{"type":"Point","coordinates":[13.513677,47.079853]},"properties":{"w":0.3107}},{"type":"Feature","geometry":{"type":"Point","coordinates":[10.189648,47.035025]},"properties":{"w":0.3097}},{"type":"Feature","geometry":{"type":"Point","coordinates":[13.777022,47.093042]},"properties":{"w":0.7255}},{"type":"Feature","geometry":{"type":"Point","coordinates":[13.5233,47.07906]},"properties":{"w":0.3126}},{"type":"Feature","geometry":{"type":"Point","coordinates":[14.896072,47.069316]},"properties":{"w":0.3588}},{"type":"Feature","geometry":{"type":"Point","coordinates":[14.508011,47.074611]},"properties":{"w":0.4471}},{"type":"Feature","geometry":{"type":"Point","coordinates":[14.528335,47.071524]},"properties":{"w":0.2792}},{"type":"Feature","geometry":{"type":"Point","coordinates":[11.012378,47.053723]},"properties":{"w":0.2689}},{"type":"Feature","geometry":{"type":"Point","coordinates":[14.15909,47.074225]},"properties":{"w":0.3876}},{"type":"Feature","geometry":{"type":"Point","coordinates":[9.867705,47.024333]},"properties":{"w":0.3081}},{"type":"Feature","geometry":{"type":"Point","coordinates":[10.28884,47.04139]},"properties":{"w":0.4952}},{"type":"Feature","geometry":{"type":"Point","coordinates":[12.982154,47.078122]},"properties":{"w":0.3265}},{"type":"Feature","geometry":{"type":"Point","coordinates":[14.00984,47.073817]},"properties":{"w":0.4201}},{"type":"Feature","geometry":{"type":"Point","coordinates":[10.447457,47.048556]},"properties":{"w":0.3871}},{"type":"Feature","geometry":{"type":"Point","coordinates":[9.855766,47.021453]},"properties":{"w":0.3283}},{"type":"Feature","geometry":{"type":"Point","coordinates":[10.166923,47.031171]},"properties":{"w":0.3146}},{"type":"Feature","geometry":{"type":"Point","coordinates":[12.834663,47.074904]},"properties":{"w":0.2887}},{"type":"Feature","geometry":{"type":"Point","coordinates":[14.113319,47.072296]},"properties":{"w":0.3667}},{"type":"Feature","geometry":{"type":"Point","coordinates":[14.806735,47.067484]},"properties":{"w":0.3643}},{"type":"Feature","geometry":{"type":"Point","coordinates":[14.986266,47.063784]},"properties":{"w":0.4517}},{"type":"Feature","geometry":{"type":"Point","coordinates":[13.626245,47.07506]},"properties":{"w":0.4258}},{"type":"Feature","geometry":{"type":"Point","coordinates":[10.155967,47.035154]},"properties":{"w":0.4114}},{"type":"Feature","geometry":{"type":"Point","coordinates":[16.463308,47.029674]},"properties":{"w":0.2898}},{"type":"Feature","geometry":{"type":"Point","coordinates":[10.882594,47.047546]},"properties":{"w":0.4075}},{"type":"Feature","geometry":{"type":"Point","coordinates":[11.427758,47.057361]},"properties":{"w":0.2786}},{"type":"Feature","geometry":{"type":"Point","coordinates":[13.658651,47.072883]},"properties":{"w":0.3951}},{"type":"Feature","geometry":{"type":"Point","coordinates":[11.433518,47.057328]},"properties":{"w":0.3007}},{"type":"Feature","geometry":{"type":"Point","coordinates":[11.317908,47.06307]},"properties":{"w":0.3812}},{"type":"Feature","geometry":{"type":"Point","coordinates":[14.249729,47.082501]},"properties":{"w":0.644}},{"type":"Feature","geometry":{"type":"Point","coordinates":[16.439299,47.031223]},"properties":{"w":0.3447}},{"type":"Feature","geometry":{"type":"Point","coordinates":[10.253274,47.031094]},"properties":{"w":0.459}},{"type":"Feature","geometry":{"type":"Point","coordinates":[11.420488,47.05608]},"properties":{"w":0.2929}},{"type":"Feature","geometry":{"type":"Point","coordinates":[12.849882,47.071305]},"properties":{"w":0.4086}},{"type":"Feature","geometry":{"type":"Point","coordinates":[14.142481,47.070604]},"properties":{"w":0.4075}},{"type":"Feature","geometry":{"type":"Point","coordinates":[13.031502,47.070997]},"properties":{"w":0.4193}},{"type":"Feature","geometry":{"type":"Point","coordinates":[14.079169,47.070218]},"properties":{"w":0.3413}},{"type":"Feature","geometry":{"type":"Point","coordinates":[14.039233,47.077671]},"properties":{"w":0.5933}},{"type":"Feature","geometry":{"type":"Point","coordinates":[14.914632,47.069604]},"properties":{"w":0.6385}},{"type":"Feature","geometry":{"type":"Point","coordinates":[10.48391,47.037899]},"properties":{"w":0.4576}},{"type":"Feature","geometry":{"type":"Point","coordinates":[10.404713,47.039534]},"properties":{"w":0.3731}},{"type":"Feature","geometry":{"type":"Point","coordinates":[14.129514,47.067534]},"properties":{"w":0.3397}},{"type":"Feature","geometry":{"type":"Point","coordinates":[11.437517,47.05327]},"properties":{"w":0.4335}},{"type":"Feature","geometry":{"type":"Point","coordinates":[14.145776,47.065646]},"properties":{"w":0.3358}},{"type":"Feature","geometry":{"type":"Point","coordinates":[10.249503,47.025626]},"properties":{"w":0.3137}},{"type":"Feature","geometry":{"type":"Point","coordinates":[13.647244,47.067214]},"properties":{"w":0.3221}},{"type":"Feature","geometry":{"type":"Point","coordinates":[14.836319,47.058733]},"properties":{"w":0.4831}},{"type":"Feature","geometry":{"type":"Point","coordinates":[13.668626,47.065631]},"properties":{"w":0.3155}},{"type":"Feature","geometry":{"type":"Point","coordinates":[11.186664,47.050054]},"properties":{"w":0.4917}},{"type":"Feature","geometry":{"type":"Point","coordinates":[14.862648,47.05698]},"properties":{"w":0.3203}},{"type":"Feature","geometry":{"type":"Point","coordinates":[14.613461,47.060078]},"properties":{"w":0.3673}},{"type":"Feature","geometry":{"type":"Point","coordinates":[10.671764,47.034811]},"properties":{"w":0.3312}},{"type":"Feature","geometry":{"type":"Point","coordinates":[13.694763,47.064897]},"properties":{"w":0.4491}},{"type":"Feature","geometry":{"type":"Point","coordinates":[10.373628,47.027296]},"properties":{"w":0.298}},{"type":"Feature","geometry":{"type":"Point","coordinates":[10.131195,47.016828]},"properties":{"w":0.2153}},{"type":"Feature","geometry":{"type":"Point","coordinates":[9.905795,47.009355]},"properties":{"w":0.3217}},{"type":"Feature","geometry":{"type":"Point","coordinates":[13.5723,47.060683]},"properties":{"w":0.3184}},{"type":"Feature","geometry":{"type":"Point","coordinates":[10.534384,47.027043]},"properties":{"w":0.352}},{"type":"Feature","geometry":{"type":"Point","coordinates":[10.452284,47.023403]},"properties":{"w":0.3146}},{"type":"Feature","geometry":{"type":"Point","coordinates":[14.044167,47.059854]},"properties":{"w":0.3393}},{"type":"Feature","geometry":{"type":"Point","coordinates":[13.641434,47.059733]},"properties":{"w":0.2812}},{"type":"Feature","geometry":{"type":"Point","coordinates":[10.513739,47.027853]},"properties":{"w":0.5038}},{"type":"Feature","geometry":{"type":"Point","coordinates":[16.121538,47.028251]},"properties":{"w":0.3462}},{"type":"Feature","geometry":{"type":"Point","coordinates":[10.588261,47.028656]},"properties":{"w":0.4044}},{"type":"Feature","geometry":{"type":"Point","coordinates":[14.50504,47.059166]},"properties":{"w":0.5528}},{"type":"Feature","geometry":{"type":"Point","coordinates":[14.129515,47.057181]},"properties":{"w":0.3333}},{"type":"Feature","geometry":{"type":"Point","coordinates":[14.610451,47.052735]},"properties":{"w":0.3695}},{"type":"Feature","geometry":{"type":"Point","coordinates":[12.874312,47.06238]},"properties":{"w":0.3393}},{"type":"Feature","geometry":{"type":"Point","coordinates":[14.832126,47.048551]},"properties":{"w":0.2923}},{"type":"Feature","geometry":{"type":"Point","coordinates":[14.940284,47.062016]},"properties":{"w":0.6449}},{"type":"Feature","geometry":{"type":"Point","coordinates":[9.886715,47.009252]},"properties":{"w":0.4665}},{"type":"Feature","geometry":{"type":"Point","coordinates":[10.406198,47.021725]},"properties":{"w":0.2759}},{"type":"Feature","geometry":{"type":"Point","coordinates":[10.345679,47.017494]},"properties":{"w":0.3146}},{"type":"Feature","geometry":{"type":"Point","coordinates":[14.784061,47.04917]},"properties":{"w":0.4698}},{"type":"Feature","geometry":{"type":"Point","coordinates":[10.139329,47.017265]},"properties":{"w":0.5176}},{"type":"Feature","geometry":{"type":"Point","coordinates":[11.401417,47.040825]},"properties":{"w":0.3235}},{"type":"Feature","geometry":{"type":"Point","coordinates":[13.519416,47.055926]},"properties":{"w":0.3523}},{"type":"Feature","geometry":{"type":"Point","coordinates":[13.84871,47.054554]},"properties":{"w":0.3081}},{"type":"Feature","geometry":{"type":"Point","coordinates":[14.797425,47.047277]},"properties":{"w":0.3066}},{"type":"Feature","geometry":{"type":"Point","coordinates":[13.585439,47.053156]},"properties":{"w":0.2923}},{"type":"Feature","geometry":{"type":"Point","coordinates":[14.026036,47.052751]},"properties":{"w":0.4935}},{"type":"Feature","geometry":{"type":"Point","coordinates":[14.056254,47.056194]},"properties":{"w":0.4868}},{"type":"Feature","geometry":{"type":"Point","coordinates":[10.151987,47.009821]},"properties":{"w":0.4303}},{"type":"Feature","geometry":{"type":"Point","coordinates":[13.961488,47.052353]},"properties":{"w":0.3771}},{"type":"Feature","geometry":{"type":"Point","coordinates":[11.431752,47.044433]},"properties":{"w":0.5682}},{"type":"Feature","geometry":{"type":"Point","coordinates":[13.082204,47.053611]},"properties":{"w":0.3447}},{"type":"Feature","geometry":{"type":"Point","coordinates":[9.906423,47.000841]},"properties":{"w":0.2887}},{"type":"Feature","geometry":{"type":"Point","coordinates":[13.672322,47.057415]},"properties":{"w":0.5273}},{"type":"Feature","geometry":{"type":"Point","coordinates":[10.488341,47.017747]},"properties":{"w":0.3716}},{"type":"Feature","geometry":{"type":"Point","coordinates":[12.334475,47.059044]},"properties":{"w":0.4697}},{"type":"Feature","geometry":{"type":"Point","coordinates":[13.786954,47.051723]},"properties":{"w":0.2887}},{"type":"Feature","geometry":{"type":"Point","coordinates":[10.226158,47.008597]},"properties":{"w":0.3146}},{"type":"Feature","geometry":{"type":"Point","coordinates":[13.697813,47.057596]},"properties":{"w":0.5844}},{"type":"Feature","geometry":{"type":"Point","coordinates":[10.199801,47.010188]},"properties":{"w":0.3941}},{"type":"Feature","geometry":{"type":"Point","coordinates":[13.793429,47.050521]},"properties":{"w":0.3428}},{"type":"Feature","geometry":{"type":"Point","coordinates":[16.502567,47.005576]},"properties":{"w":0.4456}},{"type":"Feature","geometry":{"type":"Point","coordinates":[11.412943,47.036671]},"properties":{"w":0.426}},{"type":"Feature","geometry":{"type":"Point","coordinates":[13.81271,47.052448]},"properties":{"w":0.4824}},{"type":"Feature","geometry":{"type":"Point","coordinates":[14.867077,47.041458]},"properties":{"w":0.4715}},{"type":"Feature","geometry":{"type":"Point","coordinates":[10.4029,47.010013]},"properties":{"w":0.2957}},{"type":"Feature","geometry":{"type":"Point","coordinates":[11.398718,47.031483]},"properties":{"w":0.3354}},{"type":"Feature","geometry":{"type":"Point","coordinates":[14.598217,47.042387]},"properties":{"w":0.3655}},{"type":"Feature","geometry":{"type":"Point","coordinates":[13.447579,47.046071]},"properties":{"w":0.3451}},{"type":"Feature","geometry":{"type":"Point","coordinates":[10.962719,47.019382]},"properties":{"w":0.2881}},{"type":"Feature","geometry":{"type":"Point","coordinates":[13.061275,47.046526]},"properties":{"w":0.4383}},{"type":"Feature","geometry":{"type":"Point","coordinates":[10.558323,47.009679]},"properties":{"w":0.3291}},{"type":"Feature","geometry":{"type":"Point","coordinates":[13.818954,47.041185]},"properties":{"w":0.3257}},{"type":"Feature","geometry":{"type":"Point","coordinates":[16.466408,46.999214]},"properties":{"w":0.2638}},{"type":"Feature","geometry":{"type":"Point","coordinates":[13.381338,47.046174]},"properties":{"w":0.4256}},{"type":"Feature","geometry":{"type":"Point","coordinates":[13.644404,47.049065]},"properties":{"w":0.486}},{"type":"Feature","geometry":{"type":"Point","coordinates":[14.263017,47.04158]},"properties":{"w":0.4819}},{"type":"Feature","geometry":{"type":"Point","coordinates":[14.248911,47.045813]},"properties":{"w":0.5259}},{"type":"Feature","geometry":{"type":"Point","coordinates":[14.611094,47.039479]},"properties":{"w":0.5659}},{"type":"Feature","geometry":{"type":"Point","coordinates":[11.531427,47.027591]},"properties":{"w":0.348}},{"type":"Feature","geometry":{"type":"Point","coordinates":[14.546925,47.034717]},"properties":{"w":0.3317}},{"type":"Feature","geometry":{"type":"Point","coordinates":[13.07668,47.041299]},"properties":{"w":0.368}},{"type":"Feature","geometry":{"type":"Point","coordinates":[14.117234,47.044209]},"properties":{"w":0.4342}},{"type":"Feature","geometry":{"type":"Point","coordinates":[10.429319,47.003433]},"properties":{"w":0.2786}},{"type":"Feature","geometry":{"type":"Point","coordinates":[14.902333,47.029778]},"properties":{"w":0.318}},{"type":"Feature","geometry":{"type":"Point","coordinates":[10.535059,47.00732]},"properties":{"w":0.3358}},{"type":"Feature","geometry":{"type":"Point","coordinates":[13.744835,47.04626]},"properties":{"w":0.6098}},{"type":"Feature","geometry":{"type":"Point","coordinates":[16.491137,46.999778]},"properties":{"w":0.512}},{"type":"Feature","geometry":{"type":"Point","coordinates":[10.363398,47.001724]},"properties":{"w":0.3122}},{"type":"Feature","geometry":{"type":"Point","coordinates":[14.175918,47.04101]},"properties":{"w":0.4491}},{"type":"Feature","geometry":{"type":"Point","coordinates":[13.455591,47.041341]},"properties":{"w":0.4024}},{"type":"Feature","geometry":{"type":"Point","coordinates":[10.324693,47.001178]},"properties":{"w":0.3151}},{"type":"Feature","geometry":{"type":"Point","coordinates":[12.380002,47.040481]},"properties":{"w":0.3564}},{"type":"Feature","geometry":{"type":"Point","coordinates":[14.804921,47.029943]},"properties":{"w":0.3458}},{"type":"Feature","geometry":{"type":"Point","coordinates":[12.727453,47.037308]},"properties":{"w":0.3728}},{"type":"Feature","geometry":{"type":"Point","coordinates":[10.371264,47.003301]},"properties":{"w":0.3978}},{"type":"Feature","geometry":{"type":"Point","coordinates":[14.189242,47.041341]},"properties":{"w":0.4935}},{"type":"Feature","geometry":{"type":"Point","coordinates":[16.435481,46.995892]},"properties":{"w":0.5054}},{"type":"Feature","geometry":{"type":"Point","coordinates":[10.169159,46.995173]},"properties":{"w":0.3151}},{"type":"Feature","geometry":{"type":"Point","coordinates":[14.257404,47.035783]},"properties":{"w":0.3161}},{"type":"Feature","geometry":{"type":"Point","coordinates":[14.112969,47.034596]},"properties":{"w":0.3537}},{"type":"Feature","geometry":{"type":"Point","coordinates":[14.225729,47.034018]},"properties":{"w":0.376}},{"type":"Feature","geometry":{"type":"Point","coordinates":[10.213088,46.994293]},"properties":{"w":0.3731}},{"type":"Feature","geometry":{"type":"Point","coordinates":[11.283644,47.017433]},"properties":{"w":0.3495}},{"type":"Feature","geometry":{"type":"Point","coordinates":[14.548121,47.02885]},"properties":{"w":0.4101}},{"type":"Feature","geometry":{"type":"Point","coordinates":[14.055395,47.041403]},"properties":{"w":0.413}},{"type":"Feature","geometry":{"type":"Point","coordinates":[13.946583,47.050515]},"properties":{"w":0.6162}},{"type":"Feature","geometry":{"type":"Point","coordinates":[13.864458,47.03462]},"properties":{"w":0.2887}},{"type":"Feature","geometry":{"type":"Point","coordinates":[10.698039,47.004011]},"properties":{"w":0.3498}},{"type":"Feature","geometry":{"type":"Point","coordinates":[14.030187,47.036859]},"properties":{"w":0.5849}},{"type":"Feature","geometry":{"type":"Point","coordinates":[14.166529,47.035175]},"properties":{"w":0.3591}},{"type":"Feature","geometry":{"type":"Point","coordinates":[9.99114,46.985332]},"properties":{"w":0.2837}},{"type":"Feature","geometry":{"type":"Point","coordinates":[13.822371,47.034232]},"properties":{"w":0.2945}},{"type":"Feature","geometry":{"type":"Point","coordinates":[14.26052,47.029004]},"properties":{"w":0.3417}},{"type":"Feature","geometry":{"type":"Point","coordinates":[13.78551,47.031405]},"properties":{"w":0.3304}},{"type":"Feature","geometry":{"type":"Point","coordinates":[12.689566,47.031785]},"properties":{"w":0.3235}},{"type":"Feature","geometry":{"type":"Point","coordinates":[14.282049,47.028261]},"properties":{"w":0.4491}},{"type":"Feature","geometry":{"type":"Point","coordinates":[10.4249,46.997476]},"properties":{"w":0.3571}},{"type":"Feature","geometry":{"type":"Point","coordinates":[14.074954,47.028784]},"properties":{"w":0.2887}},{"type":"Feature","geometry":{"type":"Point","coordinates":[11.310488,47.016752]},"properties":{"w":0.3894}},{"type":"Feature","geometry":{"type":"Point","coordinates":[10.417115,46.994146]},"properties":{"w":0.363}},{"type":"Feature","geometry":{"type":"Point","coordinates":[14.20971,47.032707]},"properties":{"w":0.4497}},{"type":"Feature","geometry":{"type":"Point","coordinates":[10.404402,46.99115]},"properties":{"w":0.2164}},{"type":"Feature","geometry":{"type":"Point","coordinates":[16.19218,46.99262]},"properties":{"w":0.3713}},{"type":"Feature","geometry":{"type":"Point","coordinates":[14.272663,47.031942]},"properties":{"w":0.4601}},{"type":"Feature","geometry":{"type":"Point","coordinates":[14.562379,47.021889]},"properties":{"w":0.3866}},{"type":"Feature","geometry":{"type":"Point","coordinates":[14.830191,47.01809]},"properties":{"w":0.2887}},{"type":"Feature","geometry":{"type":"Point","coordinates":[13.92679,47.028254]},"properties":{"w":0.3146}},{"type":"Feature","geometry":{"type":"Point","coordinates":[14.223668,47.025014]},"properties":{"w":0.4071}},{"type":"Feature","geometry":{"type":"Point","coordinates":[13.781258,47.026796]},"properties":{"w":0.3785}},{"type":"Feature","geometry":{"type":"Point","coordinates":[13.808021,47.02978]},"properties":{"w":0.3762}},{"type":"Feature","geometry":{"type":"Point","coordinates":[14.806084,47.020692]},"properties":{"w":0.4789}},{"type":"Feature","geometry":{"type":"Point","coordinates":[14.089483,47.037144]},"properties":{"w":0.5455}},{"type":"Feature","geometry":{"type":"Point","coordinates":[14.858829,47.015661]},"properties":{"w":0.3683}},{"type":"Feature","geometry":{"type":"Point","coordinates":[13.800898,47.027144]},"properties":{"w":0.3239}},{"type":"Feature","geometry":{"type":"Point","coordinates":[14.83397,47.019278]},"properties":{"w":0.4515}},{"type":"Feature","geometry":{"type":"Point","coordinates":[11.463612,47.011673]},"properties":{"w":0.2957}},{"type":"Feature","geometry":{"type":"Point","coordinates":[14.362426,47.023764]},"properties":{"w":0.476}},{"type":"Feature","geometry":{"type":"Point","coordinates":[13.880276,47.037932]},"properties":{"w":0.4913}},{"type":"Feature","geometry":{"type":"Point","coordinates":[13.85358,47.025602]},"properties":{"w":0.3374}},{"type":"Feature","geometry":{"type":"Point","coordinates":[9.973037,46.972597]},"properties":{"w":0.3066}},{"type":"Feature","geometry":{"type":"Point","coordinates":[13.785543,47.021629]},"properties":{"w":0.3342}},{"type":"Feature","geometry":{"type":"Point","coordinates":[11.187374,47.003348]},"properties":{"w":0.3571}},{"type":"Feature","geometry":{"type":"Point","coordinates":[11.27579,47.00326]},"properties":{"w":0.2786}},{"type":"Feature","geometry":{"type":"Point","coordinates":[11.342954,47.010963]},"properties":{"w":0.4028}},{"type":"Feature","geometry":{"type":"Point","coordinates":[13.710222,47.018563]},"properties":{"w":0.3604}},{"type":"Feature","geometry":{"type":"Point","coordinates":[11.449548,47.003812]},"properties":{"w":0.2786}},{"type":"Feature","geometry":{"type":"Point","coordinates":[14.84351,47.012855]},"properties":{"w":0.4287}},{"type":"Feature","geometry":{"type":"Point","coordinates":[14.458138,47.014952]},"properties":{"w":0.486}},{"type":"Feature","geometry":{"type":"Point","coordinates":[13.833704,47.017589]},"properties":{"w":0.3561}},{"type":"Feature","geometry":{"type":"Point","coordinates":[10.13912,46.971933]},"properties":{"w":0.335}},{"type":"Feature","geometry":{"type":"Point","coordinates":[14.031764,47.016777]},"properties":{"w":0.5745}},{"type":"Feature","geometry":{"type":"Point","coordinates":[9.884815,46.963741]},"properties":{"w":0.348}},{"type":"Feature","geometry":{"type":"Point","coordinates":[14.389549,47.022539]},"properties":{"w":0.6041}},{"type":"Feature","geometry":{"type":"Point","coordinates":[11.559298,47.001336]},"properties":{"w":0.2887}},{"type":"Feature","geometry":{"type":"Point","coordinates":[14.576596,47.014992]},"properties":{"w":0.6323}},{"type":"Feature","geometry":{"type":"Point","coordinates":[13.982824,47.028919]},"properties":{"w":0.7251}},{"type":"Feature","geometry":{"type":"Point","coordinates":[11.435112,47.001337]},"properties":{"w":0.2952}},{"type":"Feature","geometry":{"type":"Point","coordinates":[13.875362,47.01403]},"properties":{"w":0.4434}},{"type":"Feature","geometry":{"type":"Point","coordinates":[11.275719,46.994645]},"properties":{"w":0.3146}},{"type":"Feature","geometry":{"type":"Point","coordinates":[13.961257,47.009752]},"properties":{"w":0.298}},{"type":"Feature","geometry":{"type":"Point","coordinates":[10.136721,46.96592]},"properties":{"w":0.3212}},{"type":"Feature","geometry":{"type":"Point","coordinates":[11.534804,46.997104]},"properties":{"w":0.2887}},{"type":"Feature","geometry":{"type":"Point","coordinates":[13.512318,47.011718]},"properties":{"w":0.3257}},{"type":"Feature","geometry":{"type":"Point","coordinates":[14.858722,47.005753]},"properties":{"w":0.3283}},{"type":"Feature","geometry":{"type":"Point","coordinates":[10.660278,46.980759]},"properties":{"w":0.2923}},{"type":"Feature","geometry":{"type":"Point","coordinates":[11.193132,46.993403]},"properties":{"w":0.3956}},{"type":"Feature","geometry":{"type":"Point","coordinates":[10.248484,46.969797]},"properties":{"w":0.3329}},{"type":"Feature","geometry":{"type":"Point","coordinates":[14.864328,47.005353]},"properties":{"w":0.3126}},{"type":"Feature","geometry":{"type":"Point","coordinates":[11.174174,46.992882]},"properties":{"w":0.4479}},{"type":"Feature","geometry":{"type":"Point","coordinates":[9.982958,46.971369]},"properties":{"w":0.4019}},{"type":"Feature","geometry":{"type":"Point","coordinates":[13.678412,47.012478]},"properties":{"w":0.3947}},{"type":"Feature","geometry":{"type":"Point","coordinates":[14.449529,47.003731]},"properties":{"w":0.3013}},{"type":"Feature","geometry":{"type":"Point","coordinates":[11.259987,46.990145]},"properties":{"w":0.4716}},{"type":"Feature","geometry":{"type":"Point","coordinates":[11.550213,46.993589]},"properties":{"w":0.4071}},{"type":"Feature","geometry":{"type":"Point","coordinates":[14.09228,47.003765]},"properties":{"w":0.3061}},{"type":"Feature","geometry":{"type":"Point","coordinates":[13.863822,47.009425]},"properties":{"w":0.3692}},{"type":"Feature","geometry":{"type":"Point","coordinates":[13.722991,47.016786]},"properties":{"w":0.4411}},{"type":"Feature","geometry":{"type":"Point","coordinates":[10.739928,46.985127]},"properties":{"w":0.4254}},{"type":"Feature","geometry":{"type":"Point","coordinates":[10.111243,46.959057]},"properties":{"w":0.3325}},{"type":"Feature","geometry":{"type":"Point","coordinates":[13.577718,47.00486]},"properties":{"w":0.3122}},{"type":"Feature","geometry":{"type":"Point","coordinates":[14.305174,47.008742]},"properties":{"w":0.4416}},{"type":"Feature","geometry":{"type":"Point","coordinates":[13.540003,47.004206]},"properties":{"w":0.2952}},{"type":"Feature","geometry":{"type":"Point","coordinates":[13.053285,47.004475]},"properties":{"w":0.3826}},{"type":"Feature","geometry":{"type":"Point","coordinates":[14.115233,47.007628]},"properties":{"w":0.5748}},{"type":"Feature","geometry":{"type":"Point","coordinates":[13.039028,47.003285]},"properties":{"w":0.3329}},{"type":"Feature","geometry":{"type":"Point","coordinates":[10.665141,46.973372]},"properties":{"w":0.3002}},{"type":"Feature","geometry":{"type":"Point","coordinates":[14.036747,47.004365]},"properties":{"w":0.4092}},{"type":"Feature","geometry":{"type":"Point","coordinates":[13.484144,47.005778]},"properties":{"w":0.4086}},{"type":"Feature","geometry":{"type":"Point","coordinates":[10.594246,46.979422]},"properties":{"w":0.4666}},{"type":"Feature","geometry":{"type":"Point","coordinates":[11.39704,46.986956]},"properties":{"w":0.3235}},{"type":"Feature","geometry":{"type":"Point","coordinates":[13.514117,47.004617]},"properties":{"w":0.4395}},{"type":"Feature","geometry":{"type":"Point","coordinates":[13.956531,46.999302]},"properties":{"w":0.3146}},{"type":"Feature","geometry":{"type":"Point","coordinates":[10.105364,46.954063]},"properties":{"w":0.2916}},{"type":"Feature","geometry":{"type":"Point","coordinates":[15.046884,46.992919]},"properties":{"w":0.5317}},{"type":"Feature","geometry":{"type":"Point","coordinates":[13.741284,47.01188]},"properties":{"w":0.6549}},{"type":"Feature","geometry":{"type":"Point","coordinates":[13.529859,46.999958]},"properties":{"w":0.3436}},{"type":"Feature","geometry":{"type":"Point","coordinates":[11.423389,46.99053]},"properties":{"w":0.371}},{"type":"Feature","geometry":{"type":"Point","coordinates":[11.434666,46.984592]},"properties":{"w":0.2923}},{"type":"Feature","geometry":{"type":"Point","coordinates":[14.126038,46.99822]},"properties":{"w":0.2881}},{"type":"Feature","geometry":{"type":"Point","coordinates":[9.910184,46.948379]},"properties":{"w":0.2837}},{"type":"Feature","geometry":{"type":"Point","coordinates":[13.574621,46.999042]},"properties":{"w":0.376}},{"type":"Feature","geometry":{"type":"Point","coordinates":[11.218326,46.980138]},"properties":{"w":0.3102}},{"type":"Feature","geometry":{"type":"Point","coordinates":[9.984769,46.954378]},"properties":{"w":0.5011}},{"type":"Feature","geometry":{"type":"Point","coordinates":[13.586544,46.996523]},"properties":{"w":0.3996}},{"type":"Feature","geometry":{"type":"Point","coordinates":[12.22972,46.991241]},"properties":{"w":0.3658}},{"type":"Feature","geometry":{"type":"Point","coordinates":[13.973241,47.006434]},"properties":{"w":0.5836}},{"type":"Feature","geometry":{"type":"Point","coordinates":[14.601309,46.989218]},"properties":{"w":0.2786}},{"type":"Feature","geometry":{"type":"Point","coordinates":[10.667252,46.965171]},"properties":{"w":0.305}},{"type":"Feature","geometry":{"type":"Point","coordinates":[14.065194,46.997064]},"properties":{"w":0.5813}},{"type":"Feature","geometry":{"type":"Point","coordinates":[14.025571,46.992227]},"properties":{"w":0.3291}},{"type":"Feature","geometry":{"type":"Point","coordinates":[11.417824,46.978386]},"properties":{"w":0.298}},{"type":"Feature","geometry":{"type":"Point","coordinates":[11.428958,46.977516]},"properties":{"w":0.3221}},{"type":"Feature","geometry":{"type":"Point","coordinates":[13.070905,46.992445]},"properties":{"w":0.2786}},{"type":"Feature","geometry":{"type":"Point","coordinates":[13.553531,46.995063]},"properties":{"w":0.5293}},{"type":"Feature","geometry":{"type":"Point","coordinates":[13.518484,46.996464]},"properties":{"w":0.3447}},{"type":"Feature","geometry":{"type":"Point","coordinates":[13.8225,46.992478]},"properties":{"w":0.2911}},{"type":"Feature","geometry":{"type":"Point","coordinates":[13.869829,46.991882]},"properties":{"w":0.5016}},{"type":"Feature","geometry":{"type":"Point","coordinates":[13.786373,46.994646]},"properties":{"w":0.3594}},{"type":"Feature","geometry":{"type":"Point","coordinates":[9.983389,46.941363]},"properties":{"w":0.3221}},{"type":"Feature","geometry":{"type":"Point","coordinates":[10.628237,46.958987]},"properties":{"w":0.3146}},{"type":"Feature","geometry":{"type":"Point","coordinates":[12.363056,46.987428]},"properties":{"w":0.304}},{"type":"Feature","geometry":{"type":"Point","coordinates":[10.928999,46.968458]},"properties":{"w":0.3855}},{"type":"Feature","geometry":{"type":"Point","coordinates":[13.951409,47.006629]},"properties":{"w":0.5805}},{"type":"Feature","geometry":{"type":"Point","coordinates":[10.119965,46.946055]},"properties":{"w":0.5197}},{"type":"Feature","geometry":{"type":"Point","coordinates":[10.480396,46.954307]},"properties":{"w":0.2786}},{"type":"Feature","geometry":{"type":"Point","coordinates":[13.548772,46.988966]},"properties":{"w":0.348}},{"type":"Feature","geometry":{"type":"Point","coordinates":[11.415171,46.973701]},"properties":{"w":0.3291}},{"type":"Feature","geometry":{"type":"Point","coordinates":[9.892098,46.937156]},"properties":{"w":0.4062}},{"type":"Feature","geometry":{"type":"Point","coordinates":[12.59086,46.987819]},"properties":{"w":0.3617}},{"type":"Feature","geometry":{"type":"Point","coordinates":[13.753051,46.989117]},"properties":{"w":0.4193}},{"type":"Feature","geometry":{"type":"Point","coordinates":[14.603254,46.982181]},"properties":{"w":0.2856}},{"type":"Feature","geometry":{"type":"Point","coordinates":[11.396311,46.974053]},"properties":{"w":0.4046}},{"type":"Feature","geometry":{"type":"Point","coordinates":[10.014498,46.938406]},"properties":{"w":0.298}},{"type":"Feature","geometry":{"type":"Point","coordinates":[13.686269,47.000168]},"properties":{"w":0.6999}},{"type":"Feature","geometry":{"type":"Point","coordinates":[14.579827,46.988586]},"properties":{"w":0.545}},{"type":"Feature","geometry":{"type":"Point","coordinates":[14.612658,46.979852]},"properties":{"w":0.3354}},{"type":"Feature","geometry":{"type":"Point","coordinates":[13.082889,46.985278]},"properties":{"w":0.2494}},{"type":"Feature","geometry":{"type":"Point","coordinates":[10.711283,46.964241]},"properties":{"w":0.452}},{"type":"Feature","geometry":{"type":"Point","coordinates":[14.903129,46.998714]},"properties":{"w":0.8581}},{"type":"Feature","geometry":{"type":"Point","coordinates":[10.101802,46.940473]},"properties":{"w":0.3193}},{"type":"Feature","geometry":{"type":"Point","coordinates":[13.924508,46.985061]},"properties":{"w":0.2798}},{"type":"Feature","geometry":{"type":"Point","coordinates":[13.8627,46.986356]},"properties":{"w":0.5537}},{"type":"Feature","geometry":{"type":"Point","coordinates":[15.059383,46.972929]},"properties":{"w":0.4256}},{"type":"Feature","geometry":{"type":"Point","coordinates":[14.498771,46.9778]},"properties":{"w":0.3024}},{"type":"Feature","geometry":{"type":"Point","coordinates":[13.389021,46.983357]},"properties":{"w":0.5226}},{"type":"Feature","geometry":{"type":"Point","coordinates":[13.54009,46.983222]},"properties":{"w":0.3317}},{"type":"Feature","geometry":{"type":"Point","coordinates":[13.533392,46.988858]},"properties":{"w":0.4008}},{"type":"Feature","geometry":{"type":"Point","coordinates":[13.336884,46.981911]},"properties":{"w":0.2379}},{"type":"Feature","geometry":{"type":"Point","coordinates":[13.95491,46.980543]},"properties":{"w":0.3989}},{"type":"Feature","geometry":{"type":"Point","coordinates":[10.61411,46.946881]},"properties":{"w":0.2786}},{"type":"Feature","geometry":{"type":"Point","coordinates":[13.864832,46.978299]},"properties":{"w":0.4062}},{"type":"Feature","geometry":{"type":"Point","coordinates":[12.983402,46.979477]},"properties":{"w":0.3317}},{"type":"Feature","geometry":{"type":"Point","coordinates":[10.094483,46.934383]},"properties":{"w":0.4465}},{"type":"Feature","geometry":{"type":"Point","coordinates":[14.630869,46.992322]},"properties":{"w":0.682}},{"type":"Feature","geometry":{"type":"Point","coordinates":[13.833355,46.976175]},"properties":{"w":0.2916}},{"type":"Feature","geometry":{"type":"Point","coordinates":[14.47133,46.992424]},"properties":{"w":0.7473}},{"type":"Feature","geometry":{"type":"Point","coordinates":[14.08439,46.980756]},"properties":{"w":0.5383}},{"type":"Feature","geometry":{"type":"Point","coordinates":[14.017846,46.972744]},"properties":{"w":0.2875}},{"type":"Feature","geometry":{"type":"Point","coordinates":[13.121093,46.977983]},"properties":{"w":0.4631}},{"type":"Feature","geometry":{"type":"Point","coordinates":[14.063056,46.977083]},"properties":{"w":0.4284}},{"type":"Feature","geometry":{"type":"Point","coordinates":[12.985208,46.973805]},"properties":{"w":0.2923}},{"type":"Feature","geometry":{"type":"Point","coordinates":[10.29984,46.935441]},"properties":{"w":0.4523}},{"type":"Feature","geometry":{"type":"Point","coordinates":[14.702077,46.971044]},"properties":{"w":0.5009}},{"type":"Feature","geometry":{"type":"Point","coordinates":[13.920998,46.97493]},"properties":{"w":0.3291}},{"type":"Feature","geometry":{"type":"Point","coordinates":[15.130222,46.970873]},"properties":{"w":0.6536}},{"type":"Feature","geometry":{"type":"Point","coordinates":[10.050607,46.926568]},"properties":{"w":0.2093}},{"type":"Feature","geometry":{"type":"Point","coordinates":[10.269318,46.941032]},"properties":{"w":0.5317}},{"type":"Feature","geometry":{"type":"Point","coordinates":[14.025574,46.980079]},"properties":{"w":0.5979}},{"type":"Feature","geometry":{"type":"Point","coordinates":[12.944799,46.972088]},"properties":{"w":0.3889}},{"type":"Feature","geometry":{"type":"Point","coordinates":[10.656085,46.94955]},"properties":{"w":0.5123}},{"type":"Feature","geometry":{"type":"Point","coordinates":[14.048257,46.969757]},"properties":{"w":0.3061}},{"type":"Feature","geometry":{"type":"Point","coordinates":[10.888803,46.947241]},"properties":{"w":0.3551}},{"type":"Feature","geometry":{"type":"Point","coordinates":[14.067893,46.967814]},"properties":{"w":0.2786}},{"type":"Feature","geometry":{"type":"Point","coordinates":[10.278489,46.928678]},"properties":{"w":0.247}},{"type":"Feature","geometry":{"type":"Point","coordinates":[13.11584,46.969198]},"properties":{"w":0.2806}},{"type":"Feature","geometry":{"type":"Point","coordinates":[10.633289,46.936857]},"properties":{"w":0.4101}},{"type":"Feature","geometry":{"type":"Point","coordinates":[9.938692,46.921138]},"properties":{"w":0.525}},{"type":"Feature","geometry":{"type":"Point","coordinates":[10.225258,46.942229]},"properties":{"w":0.4696}},{"type":"Feature","geometry":{"type":"Point","coordinates":[10.003988,46.943733]},"properties":{"w":0.4962}},{"type":"Feature","geometry":{"type":"Point","coordinates":[10.527874,46.933408]},"properties":{"w":0.3401}},{"type":"Feature","geometry":{"type":"Point","coordinates":[14.055784,46.963377]},"properties":{"w":0.298}},{"type":"Feature","geometry":{"type":"Point","coordinates":[13.923498,46.965025]},"properties":{"w":0.339}},{"type":"Feature","geometry":{"type":"Point","coordinates":[10.517809,46.928206]},"properties":{"w":0.3633}},{"type":"Feature","geometry":{"type":"Point","coordinates":[12.998399,46.968982]},"properties":{"w":0.5716}},{"type":"Feature","geometry":{"type":"Point","coordinates":[9.992182,46.912833]},"properties":{"w":0.3421}},{"type":"Feature","geometry":{"type":"Point","coordinates":[13.377617,46.965437]},"properties":{"w":0.3588}},{"type":"Feature","geometry":{"type":"Point","coordinates":[10.104775,46.914818]},"properties":{"w":0.3061}},{"type":"Feature","geometry":{"type":"Point","coordinates":[14.061513,46.957434]},"properties":{"w":0.305}},{"type":"Feature","geometry":{"type":"Point","coordinates":[14.66083,46.953159]},"properties":{"w":0.3374}},{"type":"Feature","geometry":{"type":"Point","coordinates":[14.068953,46.95871]},"properties":{"w":0.3056}},{"type":"Feature","geometry":{"type":"Point","coordinates":[13.213246,46.959408]},"properties":{"w":0.3212}},{"type":"Feature","geometry":{"type":"Point","coordinates":[16.046325,46.926044]},"properties":{"w":0.3652}},{"type":"Feature","geometry":{"type":"Point","coordinates":[10.003735,46.909076]},"properties":{"w":0.2923}},{"type":"Feature","geometry":{"type":"Point","coordinates":[10.127163,46.913045]},"properties":{"w":0.3564}},{"type":"Feature","geometry":{"type":"Point","coordinates":[13.394761,46.957875]},"properties":{"w":0.3649}},{"type":"Feature","geometry":{"type":"Point","coordinates":[13.976432,46.954848]},"properties":{"w":0.3066}},{"type":"Feature","geometry":{"type":"Point","coordinates":[13.405086,46.957267]},"properties":{"w":0.371}},{"type":"Feature","geometry":{"type":"Point","coordinates":[14.991004,46.945693]},"properties":{"w":0.3588}},{"type":"Feature","geometry":{"type":"Point","coordinates":[10.14359,46.916114]},"properties":{"w":0.5062}},{"type":"Feature","geometry":{"type":"Point","coordinates":[10.2221,46.914466]},"properties":{"w":0.3358}},{"type":"Feature","geometry":{"type":"Point","coordinates":[13.950575,46.956653]},"properties":{"w":0.3066}},{"type":"Feature","geometry":{"type":"Point","coordinates":[12.993093,46.955979]},"properties":{"w":0.2798}},{"type":"Feature","geometry":{"type":"Point","coordinates":[13.43088,46.956294]},"properties":{"w":0.4195}},{"type":"Feature","geometry":{"type":"Point","coordinates":[13.93791,46.962613]},"properties":{"w":0.4674}},{"type":"Feature","geometry":{"type":"Point","coordinates":[13.57642,46.96945]},"properties":{"w":0.6422}},{"type":"Feature","geometry":{"type":"Point","coordinates":[10.573983,46.922422]},"properties":{"w":0.4627}},{"type":"Feature","geometry":{"type":"Point","coordinates":[13.976933,46.969821]},"properties":{"w":0.7711}},{"type":"Feature","geometry":{"type":"Point","coordinates":[13.41039,46.950942]},"properties":{"w":0.3342}},{"type":"Feature","geometry":{"type":"Point","coordinates":[15.034036,46.93981]},"properties":{"w":0.4603}},{"type":"Feature","geometry":{"type":"Point","coordinates":[10.111315,46.904803]},"properties":{"w":0.298}},{"type":"Feature","geometry":{"type":"Point","coordinates":[13.559837,46.950273]},"properties":{"w":0.3066}},{"type":"Feature","geometry":{"type":"Point","coordinates":[10.553326,46.919745]},"properties":{"w":0.3291}},{"type":"Feature","geometry":{"type":"Point","coordinates":[12.591952,46.947193]},"properties":{"w":0.3686}},{"type":"Feature","geometry":{"type":"Point","coordinates":[14.632576,46.943404]},"properties":{"w":0.5734}},{"type":"Feature","geometry":{"type":"Point","coordinates":[10.047395,46.90924]},"properties":{"w":0.5844}},{"type":"Feature","geometry":{"type":"Point","coordinates":[13.646064,46.946771]},"properties":{"w":0.4053}},{"type":"Feature","geometry":{"type":"Point","coordinates":[14.753855,46.938303]},"properties":{"w":0.317}},{"type":"Feature","geometry":{"type":"Point","coordinates":[13.396538,46.948713]},"properties":{"w":0.4042}},{"type":"Feature","geometry":{"type":"Point","coordinates":[10.12817,46.904269]},"properties":{"w":0.4536}},{"type":"Feature","geometry":{"type":"Point","coordinates":[12.998501,46.945758]},"properties":{"w":0.348}},{"type":"Feature","geometry":{"type":"Point","coordinates":[10.704015,46.921502]},"properties":{"w":0.4579}},{"type":"Feature","geometry":{"type":"Point","coordinates":[13.935197,46.944357]},"properties":{"w":0.298}},{"type":"Feature","geometry":{"type":"Point","coordinates":[13.995674,46.946628]},"properties":{"w":0.5229}},{"type":"Feature","geometry":{"type":"Point","coordinates":[14.210096,46.943577]},"properties":{"w":0.4048}},{"type":"Feature","geometry":{"type":"Point","coordinates":[14.29753,46.945956]},"properties":{"w":0.4643}},{"type":"Feature","geometry":{"type":"Point","coordinates":[10.040123,46.896276]},"properties":{"w":0.3278}},{"type":"Feature","geometry":{"type":"Point","coordinates":[13.404245,46.943546]},"properties":{"w":0.3221}},{"type":"Feature","geometry":{"type":"Point","coordinates":[12.977163,46.942223]},"properties":{"w":0.3956}},{"type":"Feature","geometry":{"type":"Point","coordinates":[16.171241,46.907326]},"properties":{"w":0.4813}},{"type":"Feature","geometry":{"type":"Point","coordinates":[13.853572,46.941792]},"properties":{"w":0.3999}},{"type":"Feature","geometry":{"type":"Point","coordinates":[13.376774,46.940157]},"properties":{"w":0.33}},{"type":"Feature","geometry":{"type":"Point","coordinates":[12.61635,46.936399]},"properties":{"w":0.348}},{"type":"Feature","geometry":{"type":"Point","coordinates":[13.366961,46.938872]},"properties":{"w":0.3081}},{"type":"Feature","geometry":{"type":"Point","coordinates":[14.124017,46.934644]},"properties":{"w":0.2881}},{"type":"Feature","geometry":{"type":"Point","coordinates":[14.157105,46.93492]},"properties":{"w":0.4265}},{"type":"Feature","geometry":{"type":"Point","coordinates":[13.352942,46.937668]},"properties":{"w":0.3793}},{"type":"Feature","geometry":{"type":"Point","coordinates":[12.62617,46.933202]},"properties":{"w":0.3137}},{"type":"Feature","geometry":{"type":"Point","coordinates":[10.577265,46.903391]},"properties":{"w":0.3509}},{"type":"Feature","geometry":{"type":"Point","coordinates":[10.603995,46.903594]},"properties":{"w":0.3066}},{"type":"Feature","geometry":{"type":"Point","coordinates":[14.068305,46.935687]},"properties":{"w":0.3537}},{"type":"Feature","geometry":{"type":"Point","coordinates":[12.99203,46.933805]},"properties":{"w":0.4001}},{"type":"Feature","geometry":{"type":"Point","coordinates":[12.977053,46.932144]},"properties":{"w":0.3278}},{"type":"Feature","geometry":{"type":"Point","coordinates":[13.958561,46.930123]},"properties":{"w":0.3424}},{"type":"Feature","geometry":{"type":"Point","coordinates":[10.121566,46.899508]},"properties":{"w":0.4485}},{"type":"Feature","geometry":{"type":"Point","coordinates":[10.636817,46.899299]},"properties":{"w":0.2486}},{"type":"Feature","geometry":{"type":"Point","coordinates":[10.615718,46.898587]},"properties":{"w":0.2929}},{"type":"Feature","geometry":{"type":"Point","coordinates":[13.017007,46.930784]},"properties":{"w":0.3473}},{"type":"Feature","geometry":{"type":"Point","coordinates":[13.972869,46.929296]},"properties":{"w":0.3354}},{"type":"Feature","geometry":{"type":"Point","coordinates":[12.973754,46.927912]},"properties":{"w":0.4195}},{"type":"Feature","geometry":{"type":"Point","coordinates":[14.655065,46.921761]},"properties":{"w":0.3855}},{"type":"Feature","geometry":{"type":"Point","coordinates":[12.699357,46.927987]},"properties":{"w":0.4601}},{"type":"Feature","geometry":{"type":"Point","coordinates":[14.101116,46.931396]},"properties":{"w":0.522}},{"type":"Feature","geometry":{"type":"Point","coordinates":[14.637242,46.918544]},"properties":{"w":0.323}},{"type":"Feature","geometry":{"type":"Point","coordinates":[13.988883,46.924115]},"properties":{"w":0.2786}},{"type":"Feature","geometry":{"type":"Point","coordinates":[15.126718,46.931296]},"properties":{"w":0.7866}},{"type":"Feature","geometry":{"type":"Point","coordinates":[13.469253,46.928034]},"properties":{"w":0.3146}},{"type":"Feature","geometry":{"type":"Point","coordinates":[13.942243,46.928233]},"properties":{"w":0.4095}},{"type":"Feature","geometry":{"type":"Point","coordinates":[13.959077,46.922167]},"properties":{"w":0.3365}},{"type":"Feature","geometry":{"type":"Point","coordinates":[10.736215,46.900441]},"properties":{"w":0.4356}},{"type":"Feature","geometry":{"type":"Point","coordinates":[13.999051,46.927184]},"properties":{"w":0.4948}},{"type":"Feature","geometry":{"type":"Point","coordinates":[10.197019,46.882938]},"properties":{"w":0.4752}},{"type":"Feature","geometry":{"type":"Point","coordinates":[14.020206,46.92074]},"properties":{"w":0.2887}},{"type":"Feature","geometry":{"type":"Point","coordinates":[13.444966,46.924655]},"properties":{"w":0.3516}},{"type":"Feature","geometry":{"type":"Point","coordinates":[14.955309,46.910214]},"properties":{"w":0.3184}},{"type":"Feature","geometry":{"type":"Point","coordinates":[13.977888,46.918527]},"properties":{"w":0.2916}},{"type":"Feature","geometry":{"type":"Point","coordinates":[14.708433,46.916062]},"properties":{"w":0.3317}},{"type":"Feature","geometry":{"type":"Point","coordinates":[13.917747,46.928797]},"properties":{"w":0.5245}},{"type":"Feature","geometry":{"type":"Point","coordinates":[14.651707,46.912438]},"properties":{"w":0.298}},{"type":"Feature","geometry":{"type":"Point","coordinates":[10.640888,46.889933]},"properties":{"w":0.2553}},{"type":"Feature","geometry":{"type":"Point","coordinates":[14.643487,46.912321]},"properties":{"w":0.2887}},{"type":"Feature","geometry":{"type":"Point","coordinates":[10.17757,46.91425]},"properties":{"w":0.5801}},{"type":"Feature","geometry":{"type":"Point","coordinates":[14.004257,46.92023]},"properties":{"w":0.4715}},{"type":"Feature","geometry":{"type":"Point","coordinates":[14.69086,46.915685]},"properties":{"w":0.4945}},{"type":"Feature","geometry":{"type":"Point","coordinates":[13.021223,46.919089]},"properties":{"w":0.362}},{"type":"Feature","geometry":{"type":"Point","coordinates":[15.057087,46.91895]},"properties":{"w":0.7477}},{"type":"Feature","geometry":{"type":"Point","coordinates":[10.724572,46.887662]},"properties":{"w":0.3221}},{"type":"Feature","geometry":{"type":"Point","coordinates":[13.485298,46.91873]},"properties":{"w":0.3581}},{"type":"Feature","geometry":{"type":"Point","coordinates":[12.455575,46.915762]},"properties":{"w":0.467}},{"type":"Feature","geometry":{"type":"Point","coordinates":[10.067913,46.882549]},"properties":{"w":0.5094}},{"type":"Feature","geometry":{"type":"Point","coordinates":[14.628252,46.907804]},"properties":{"w":0.3757}},{"type":"Feature","geometry":{"type":"Point","coordinates":[10.101668,46.881436]},"properties":{"w":0.4799}},{"type":"Feature","geometry":{"type":"Point","coordinates":[13.990118,46.911743]},"properties":{"w":0.3771}},{"type":"Feature","geometry":{"type":"Point","coordinates":[14.690973,46.904819]},"properties":{"w":0.3912}},{"type":"Feature","geometry":{"type":"Point","coordinates":[14.134308,46.914828]},"properties":{"w":0.3963}},{"type":"Feature","geometry":{"type":"Point","coordinates":[14.969833,46.90143]},"properties":{"w":0.4258}},{"type":"Feature","geometry":{"type":"Point","coordinates":[10.113343,46.86574]},"properties":{"w":0.2934}},{"type":"Feature","geometry":{"type":"Point","coordinates":[12.985438,46.911536]},"properties":{"w":0.3207}},{"type":"Feature","geometry":{"type":"Point","coordinates":[14.707985,46.904323]},"properties":{"w":0.3484}},{"type":"Feature","geometry":{"type":"Point","coordinates":[10.163389,46.868468]},"properties":{"w":0.3701}},{"type":"Feature","geometry":{"type":"Point","coordinates":[12.260781,46.90476]},"properties":{"w":0.2963}},{"type":"Feature","geometry":{"type":"Point","coordinates":[16.128992,46.875266]},"properties":{"w":0.337}},{"type":"Feature","geometry":{"type":"Point","coordinates":[12.570493,46.905623]},"properties":{"w":0.4561}},{"type":"Feature","geometry":{"type":"Point","coordinates":[12.443855,46.906966]},"properties":{"w":0.3401}},{"type":"Feature","geometry":{"type":"Point","coordinates":[10.708884,46.878341]},"properties":{"w":0.4095}},{"type":"Feature","geometry":{"type":"Point","coordinates":[13.477631,46.908687]},"properties":{"w":0.3261}},{"type":"Feature","geometry":{"type":"Point","coordinates":[13.134863,46.908084]},"properties":{"w":0.3091}},{"type":"Feature","geometry":{"type":"Point","coordinates":[14.597679,46.901602]},"properties":{"w":0.4046}},{"type":"Feature","geometry":{"type":"Point","coordinates":[10.593565,46.902143]},"properties":{"w":0.5384}},{"type":"Feature","geometry":{"type":"Point","coordinates":[14.476871,46.90244]},"properties":{"w":0.3304}},{"type":"Feature","geometry":{"type":"Point","coordinates":[12.206777,46.896748]},"properties":{"w":0.294}},{"type":"Feature","geometry":{"type":"Point","coordinates":[13.379031,46.903087]},"properties":{"w":0.3122}},{"type":"Feature","geometry":{"type":"Point","coordinates":[14.017845,46.902861]},"properties":{"w":0.3193}},{"type":"Feature","geometry":{"type":"Point","coordinates":[12.530341,46.905152]},"properties":{"w":0.4086}},{"type":"Feature","geometry":{"type":"Point","coordinates":[10.481255,46.871808]},"properties":{"w":0.5715}},{"type":"Feature","geometry":{"type":"Point","coordinates":[14.680374,46.893319]},"properties":{"w":0.2887}},{"type":"Feature","geometry":{"type":"Point","coordinates":[13.713875,46.901959]},"properties":{"w":0.3701}},{"type":"Feature","geometry":{"type":"Point","coordinates":[12.450376,46.901677]},"properties":{"w":0.3358}},{"type":"Feature","geometry":{"type":"Point","coordinates":[13.400177,46.900676]},"properties":{"w":0.3212}},{"type":"Feature","geometry":{"type":"Point","coordinates":[10.493301,46.863906]},"properties":{"w":0.3516}},{"type":"Feature","geometry":{"type":"Point","coordinates":[14.039689,46.905578]},"properties":{"w":0.5193}},{"type":"Feature","geometry":{"type":"Point","coordinates":[12.731403,46.900716]},"properties":{"w":0.3869}},{"type":"Feature","geometry":{"type":"Point","coordinates":[10.47236,46.861941]},"properties":{"w":0.3141}},{"type":"Feature","geometry":{"type":"Point","coordinates":[13.389976,46.898085]},"properties":{"w":0.3066}},{"type":"Feature","geometry":{"type":"Point","coordinates":[12.719806,46.898186]},"properties":{"w":0.4416}},{"type":"Feature","geometry":{"type":"Point","coordinates":[12.472628,46.894664]},"properties":{"w":0.3325}},{"type":"Feature","geometry":{"type":"Point","coordinates":[12.484272,46.895677]},"properties":{"w":0.3221}},{"type":"Feature","geometry":{"type":"Point","coordinates":[12.37335,46.890976]},"properties":{"w":0.3987}},{"type":"Feature","geometry":{"type":"Point","coordinates":[15.15757,46.890043]},"properties":{"w":0.6812}},{"type":"Feature","geometry":{"type":"Point","coordinates":[12.393515,46.893428]},"properties":{"w":0.3421}},{"type":"Feature","geometry":{"type":"Point","coordinates":[12.261202,46.89275]},"properties":{"w":0.3444}},{"type":"Feature","geometry":{"type":"Point","coordinates":[15.048434,46.883421]},"properties":{"w":0.5082}},{"type":"Feature","geometry":{"type":"Point","coordinates":[10.486139,46.858167]},"properties":{"w":0.304}},{"type":"Feature","geometry":{"type":"Point","coordinates":[10.57775,46.860997]},"properties":{"w":0.3692}},{"type":"Feature","geometry":{"type":"Point","coordinates":[13.392194,46.891883]},"properties":{"w":0.4719}},{"type":"Feature","geometry":{"type":"Point","coordinates":[12.613865,46.890271]},"properties":{"w":0.4717}},{"type":"Feature","geometry":{"type":"Point","coordinates":[12.800786,46.896889]},"properties":{"w":0.4342}},{"type":"Feature","geometry":{"type":"Point","coordinates":[10.553166,46.856689]},"properties":{"w":0.4445}},{"type":"Feature","geometry":{"type":"Point","coordinates":[13.996013,46.888589]},"properties":{"w":0.4171}},{"type":"Feature","geometry":{"type":"Point","coordinates":[13.963865,46.888494]},"properties":{"w":0.3321}},{"type":"Feature","geometry":{"type":"Point","coordinates":[12.564486,46.89055]},"properties":{"w":0.3287}},{"type":"Feature","geometry":{"type":"Point","coordinates":[12.769047,46.889964]},"properties":{"w":0.4759}},{"type":"Feature","geometry":{"type":"Point","coordinates":[13.168526,46.887551]},"properties":{"w":0.298}},{"type":"Feature","geometry":{"type":"Point","coordinates":[13.408158,46.889902]},"properties":{"w":0.298}},{"type":"Feature","geometry":{"type":"Point","coordinates":[13.203689,46.886428]},"properties":{"w":0.3107}},{"type":"Feature","geometry":{"type":"Point","coordinates":[15.039163,46.873688]},"properties":{"w":0.4353}},{"type":"Feature","geometry":{"type":"Point","coordinates":[10.528315,46.848434]},"properties":{"w":0.294}},{"type":"Feature","geometry":{"type":"Point","coordinates":[13.935998,46.884319]},"properties":{"w":0.4064}},{"type":"Feature","geometry":{"type":"Point","coordinates":[14.393643,46.882946]},"properties":{"w":0.4287}},{"type":"Feature","geometry":{"type":"Point","coordinates":[13.964993,46.880759]},"properties":{"w":0.3421}},{"type":"Feature","geometry":{"type":"Point","coordinates":[13.97273,46.880097]},"properties":{"w":0.2905}},{"type":"Feature","geometry":{"type":"Point","coordinates":[14.660984,46.871868]},"properties":{"w":0.2887}},{"type":"Feature","geometry":{"type":"Point","coordinates":[12.782894,46.880302]},"properties":{"w":0.3235}},{"type":"Feature","geometry":{"type":"Point","coordinates":[15.047162,46.866971]},"properties":{"w":0.3029}},{"type":"Feature","geometry":{"type":"Point","coordinates":[13.957019,46.876465]},"properties":{"w":0.3066}},{"type":"Feature","geometry":{"type":"Point","coordinates":[15.040253,46.868219]},"properties":{"w":0.4383}},{"type":"Feature","geometry":{"type":"Point","coordinates":[13.41651,46.879295]},"properties":{"w":0.294}},{"type":"Feature","geometry":{"type":"Point","coordinates":[12.793605,46.875243]},"properties":{"w":0.3066}},{"type":"Feature","geometry":{"type":"Point","coordinates":[15.070819,46.867044]},"properties":{"w":0.3658}},{"type":"Feature","geometry":{"type":"Point","coordinates":[14.070837,46.876591]},"properties":{"w":0.3924}},{"type":"Feature","geometry":{"type":"Point","coordinates":[13.933795,46.874777]},"properties":{"w":0.3165}},{"type":"Feature","geometry":{"type":"Point","coordinates":[13.915807,46.873113]},"properties":{"w":0.2934}},{"type":"Feature","geometry":{"type":"Point","coordinates":[12.540818,46.870675]},"properties":{"w":0.3291}},{"type":"Feature","geometry":{"type":"Point","coordinates":[14.07956,46.87404]},"properties":{"w":0.4908}},{"type":"Feature","geometry":{"type":"Point","coordinates":[14.667919,46.875189]},"properties":{"w":0.5581}},{"type":"Feature","geometry":{"type":"Point","coordinates":[13.570771,46.873634]},"properties":{"w":0.3161}},{"type":"Feature","geometry":{"type":"Point","coordinates":[12.456333,46.869588]},"properties":{"w":0.3421}},{"type":"Feature","geometry":{"type":"Point","coordinates":[15.005451,46.888167]},"properties":{"w":0.8029}},{"type":"Feature","geometry":{"type":"Point","coordinates":[13.453951,46.869652]},"properties":{"w":0.2887}},{"type":"Feature","geometry":{"type":"Point","coordinates":[14.651816,46.862109]},"properties":{"w":0.4024}},{"type":"Feature","geometry":{"type":"Point","coordinates":[12.411314,46.866068]},"properties":{"w":0.4086}},{"type":"Feature","geometry":{"type":"Point","coordinates":[13.478014,46.868072]},"properties":{"w":0.4075}},{"type":"Feature","geometry":{"type":"Point","coordinates":[13.962883,46.870843]},"properties":{"w":0.4797}},{"type":"Feature","geometry":{"type":"Point","coordinates":[12.441743,46.864639]},"properties":{"w":0.2806}},{"type":"Feature","geometry":{"type":"Point","coordinates":[13.426989,46.868393]},"properties":{"w":0.3252}},{"type":"Feature","geometry":{"type":"Point","coordinates":[13.043511,46.863943]},"properties":{"w":0.3066}},{"type":"Feature","geometry":{"type":"Point","coordinates":[12.296864,46.85919]},"properties":{"w":0.3439}},{"type":"Feature","geometry":{"type":"Point","coordinates":[12.528832,46.85977]},"properties":{"w":0.3673}},{"type":"Feature","geometry":{"type":"Point","coordinates":[14.691702,46.852962]},"properties":{"w":0.2786}},{"type":"Feature","geometry":{"type":"Point","coordinates":[13.962562,46.85918]},"properties":{"w":0.362}},{"type":"Feature","geometry":{"type":"Point","coordinates":[13.120616,46.861832]},"properties":{"w":0.3066}},{"type":"Feature","geometry":{"type":"Point","coordinates":[12.393789,46.856116]},"properties":{"w":0.4364}},{"type":"Feature","geometry":{"type":"Point","coordinates":[12.456043,46.856366]},"properties":{"w":0.33}},{"type":"Feature","geometry":{"type":"Point","coordinates":[12.549315,46.853361]},"properties":{"w":0.3018}},{"type":"Feature","geometry":{"type":"Point","coordinates":[12.573549,46.851981]},"properties":{"w":0.3221}},{"type":"Feature","geometry":{"type":"Point","coordinates":[12.586417,46.852062]},"properties":{"w":0.3146}},{"type":"Feature","geometry":{"type":"Point","coordinates":[13.598065,46.851458]},"properties":{"w":0.2786}},{"type":"Feature","geometry":{"type":"Point","coordinates":[13.04435,46.853359]},"properties":{"w":0.3692}},{"type":"Feature","geometry":{"type":"Point","coordinates":[15.042996,46.84026]},"properties":{"w":0.4019}},{"type":"Feature","geometry":{"type":"Point","coordinates":[13.110652,46.850123]},"properties":{"w":0.2831}},{"type":"Feature","geometry":{"type":"Point","coordinates":[12.51119,46.848774]},"properties":{"w":0.3291}},{"type":"Feature","geometry":{"type":"Point","coordinates":[12.433596,46.846158]},"properties":{"w":0.2887}},{"type":"Feature","geometry":{"type":"Point","coordinates":[13.020159,46.851276]},"properties":{"w":0.5064}},{"type":"Feature","geometry":{"type":"Point","coordinates":[13.157711,46.850086]},"properties":{"w":0.4356}},{"type":"Feature","geometry":{"type":"Point","coordinates":[15.069348,46.834914]},"properties":{"w":0.2969}},{"type":"Feature","geometry":{"type":"Point","coordinates":[15.0576,46.848431]},"properties":{"w":0.7373}},{"type":"Feature","geometry":{"type":"Point","coordinates":[14.654907,46.870062]},"properties":{"w":0.8035}},{"type":"Feature","geometry":{"type":"Point","coordinates":[13.62532,46.846077]},"properties":{"w":0.3308}},{"type":"Feature","geometry":{"type":"Point","coordinates":[13.034512,46.846144]},"properties":{"w":0.3358}},{"type":"Feature","geometry":{"type":"Point","coordinates":[13.591959,46.846196]},"properties":{"w":0.2887}},{"type":"Feature","geometry":{"type":"Point","coordinates":[12.518161,46.841575]},"properties":{"w":0.4137}},{"type":"Feature","geometry":{"type":"Point","coordinates":[13.952003,46.842715]},"properties":{"w":0.2825}},{"type":"Feature","geometry":{"type":"Point","coordinates":[12.878001,46.842662]},"properties":{"w":0.4012}},{"type":"Feature","geometry":{"type":"Point","coordinates":[13.265128,46.842867]},"properties":{"w":0.3146}},{"type":"Feature","geometry":{"type":"Point","coordinates":[12.362816,46.837348]},"properties":{"w":0.3221}},{"type":"Feature","geometry":{"type":"Point","coordinates":[12.562471,46.838605]},"properties":{"w":0.2887}},{"type":"Feature","geometry":{"type":"Point","coordinates":[13.252321,46.84138]},"properties":{"w":0.3291}},{"type":"Feature","geometry":{"type":"Point","coordinates":[12.605505,46.841778]},"properties":{"w":0.2929}},{"type":"Feature","geometry":{"type":"Point","coordinates":[13.584385,46.845517]},"properties":{"w":0.3358}},{"type":"Feature","geometry":{"type":"Point","coordinates":[12.419203,46.83729]},"properties":{"w":0.2887}},{"type":"Feature","geometry":{"type":"Point","coordinates":[12.332804,46.842559]},"properties":{"w":0.3889}},{"type":"Feature","geometry":{"type":"Point","coordinates":[12.407671,46.835281]},"properties":{"w":0.339}},{"type":"Feature","geometry":{"type":"Point","coordinates":[12.468174,46.839568]},"properties":{"w":0.3985}},{"type":"Feature","geometry":{"type":"Point","coordinates":[13.084755,46.839467]},"properties":{"w":0.352}},{"type":"Feature","geometry":{"type":"Point","coordinates":[12.642817,46.836657]},"properties":{"w":0.3102}},{"type":"Feature","geometry":{"type":"Point","coordinates":[14.950731,46.82622]},"properties":{"w":0.2806}},{"type":"Feature","geometry":{"type":"Point","coordinates":[13.15887,46.83738]},"properties":{"w":0.3899}},{"type":"Feature","geometry":{"type":"Point","coordinates":[13.099902,46.837308]},"properties":{"w":0.4361}},{"type":"Feature","geometry":{"type":"Point","coordinates":[13.307043,46.836805]},"properties":{"w":0.4302}},{"type":"Feature","geometry":{"type":"Point","coordinates":[12.535965,46.836193]},"properties":{"w":0.3428}},{"type":"Feature","geometry":{"type":"Point","coordinates":[13.167818,46.834613]},"properties":{"w":0.298}},{"type":"Feature","geometry":{"type":"Point","coordinates":[15.030395,46.824222]},"properties":{"w":0.5671}},{"type":"Feature","geometry":{"type":"Point","coordinates":[13.084384,46.832629]},"properties":{"w":0.2881}},{"type":"Feature","geometry":{"type":"Point","coordinates":[14.693447,46.824435]},"properties":{"w":0.327}},{"type":"Feature","geometry":{"type":"Point","coordinates":[13.890817,46.830565]},"properties":{"w":0.3071}},{"type":"Feature","geometry":{"type":"Point","coordinates":[13.905291,46.83219]},"properties":{"w":0.4934}},{"type":"Feature","geometry":{"type":"Point","coordinates":[13.122323,46.832604]},"properties":{"w":0.4605}},{"type":"Feature","geometry":{"type":"Point","coordinates":[15.988882,46.799357]},"properties":{"w":0.4124}},{"type":"Feature","geometry":{"type":"Point","coordinates":[13.259023,46.830693]},"properties":{"w":0.3973}},{"type":"Feature","geometry":{"type":"Point","coordinates":[12.416193,46.825731]},"properties":{"w":0.4463}},{"type":"Feature","geometry":{"type":"Point","coordinates":[13.066871,46.831624]},"properties":{"w":0.3692}},{"type":"Feature","geometry":{"type":"Point","coordinates":[14.692545,46.819794]},"properties":{"w":0.4193}},{"type":"Feature","geometry":{"type":"Point","coordinates":[13.626073,46.837505]},"properties":{"w":0.5126}},{"type":"Feature","geometry":{"type":"Point","coordinates":[14.985643,46.81552]},"properties":{"w":0.3894}},{"type":"Feature","geometry":{"type":"Point","coordinates":[12.900979,46.823779]},"properties":{"w":0.3221}},{"type":"Feature","geometry":{"type":"Point","coordinates":[13.016002,46.824269]},"properties":{"w":0.3601}},{"type":"Feature","geometry":{"type":"Point","coordinates":[13.025077,46.825099]},"properties":{"w":0.2759}},{"type":"Feature","geometry":{"type":"Point","coordinates":[13.951041,46.827611]},"properties":{"w":0.406}},{"type":"Feature","geometry":{"type":"Point","coordinates":[14.657645,46.820793]},"properties":{"w":0.5202}},{"type":"Feature","geometry":{"type":"Point","coordinates":[13.179858,46.825046]},"properties":{"w":0.3776}},{"type":"Feature","geometry":{"type":"Point","coordinates":[13.971217,46.823311]},"properties":{"w":0.3081}},{"type":"Feature","geometry":{"type":"Point","coordinates":[13.929,46.830713]},"properties":{"w":0.6511}},{"type":"Feature","geometry":{"type":"Point","coordinates":[14.675334,46.815259]},"properties":{"w":0.3071}},{"type":"Feature","geometry":{"type":"Point","coordinates":[13.964051,46.822965]},"properties":{"w":0.4524}},{"type":"Feature","geometry":{"type":"Point","coordinates":[14.974579,46.811313]},"properties":{"w":0.4417}},{"type":"Feature","geometry":{"type":"Point","coordinates":[12.594566,46.820031]},"properties":{"w":0.4706}},{"type":"Feature","geometry":{"type":"Point","coordinates":[13.081325,46.823976]},"properties":{"w":0.5457}},{"type":"Feature","geometry":{"type":"Point","coordinates":[13.004882,46.82034]},"properties":{"w":0.3842}},{"type":"Feature","geometry":{"type":"Point","coordinates":[12.674349,46.824596]},"properties":{"w":0.5978}},{"type":"Feature","geometry":{"type":"Point","coordinates":[12.88363,46.818525]},"properties":{"w":0.2893}},{"type":"Feature","geometry":{"type":"Point","coordinates":[13.244847,46.822164]},"properties":{"w":0.3537}},{"type":"Feature","geometry":{"type":"Point","coordinates":[15.029331,46.804154]},"properties":{"w":0.3146}},{"type":"Feature","geometry":{"type":"Point","coordinates":[12.922078,46.816429]},"properties":{"w":0.3066}},{"type":"Feature","geometry":{"type":"Point","coordinates":[14.676009,46.806676]},"properties":{"w":0.348}},{"type":"Feature","geometry":{"type":"Point","coordinates":[13.975502,46.815307]},"properties":{"w":0.2893}},{"type":"Feature","geometry":{"type":"Point","coordinates":[13.13507,46.823072]},"properties":{"w":0.5782}},{"type":"Feature","geometry":{"type":"Point","coordinates":[13.026534,46.813615]},"properties":{"w":0.3719}},{"type":"Feature","geometry":{"type":"Point","coordinates":[13.264453,46.814995]},"properties":{"w":0.3221}},{"type":"Feature","geometry":{"type":"Point","coordinates":[12.982601,46.815454]},"properties":{"w":0.4683}},{"type":"Feature","geometry":{"type":"Point","coordinates":[15.042191,46.809394]},"properties":{"w":0.6914}},{"type":"Feature","geometry":{"type":"Point","coordinates":[14.687001,46.804905]},"properties":{"w":0.3207}},{"type":"Feature","geometry":{"type":"Point","coordinates":[13.036998,46.813161]},"properties":{"w":0.3623}},{"type":"Feature","geometry":{"type":"Point","coordinates":[13.137614,46.812935]},"properties":{"w":0.2887}},{"type":"Feature","geometry":{"type":"Point","coordinates":[13.146581,46.812931]},"properties":{"w":0.3834}},{"type":"Feature","geometry":{"type":"Point","coordinates":[12.662249,46.809064]},"properties":{"w":0.3785}},{"type":"Feature","geometry":{"type":"Point","coordinates":[12.994343,46.810134]},"properties":{"w":0.2969}},{"type":"Feature","geometry":{"type":"Point","coordinates":[13.221198,46.814769]},"properties":{"w":0.3785}},{"type":"Feature","geometry":{"type":"Point","coordinates":[12.55777,46.8159]},"properties":{"w":0.4477}},{"type":"Feature","geometry":{"type":"Point","coordinates":[13.021176,46.809051]},"properties":{"w":0.3458}},{"type":"Feature","geometry":{"type":"Point","coordinates":[14.665099,46.800309]},"properties":{"w":0.2825}},{"type":"Feature","geometry":{"type":"Point","coordinates":[12.603594,46.809272]},"properties":{"w":0.4705}},{"type":"Feature","geometry":{"type":"Point","coordinates":[15.076065,46.794622]},"properties":{"w":0.3066}},{"type":"Feature","geometry":{"type":"Point","coordinates":[12.525872,46.805271]},"properties":{"w":0.4033}},{"type":"Feature","geometry":{"type":"Point","coordinates":[12.962995,46.806551]},"properties":{"w":0.3137}},{"type":"Feature","geometry":{"type":"Point","coordinates":[13.212575,46.807745]},"properties":{"w":0.4055}},{"type":"Feature","geometry":{"type":"Point","coordinates":[13.055924,46.810997]},"properties":{"w":0.4675}},{"type":"Feature","geometry":{"type":"Point","coordinates":[13.258809,46.808029]},"properties":{"w":0.3146}},{"type":"Feature","geometry":{"type":"Point","coordinates":[12.614572,46.803505]},"properties":{"w":0.3146}},{"type":"Feature","geometry":{"type":"Point","coordinates":[13.111412,46.809405]},"properties":{"w":0.3571}},{"type":"Feature","geometry":{"type":"Point","coordinates":[13.171482,46.81018]},"properties":{"w":0.3782}},{"type":"Feature","geometry":{"type":"Point","coordinates":[12.544767,46.801127]},"properties":{"w":0.3692}},{"type":"Feature","geometry":{"type":"Point","coordinates":[13.051094,46.803526]},"properties":{"w":0.3358}},{"type":"Feature","geometry":{"type":"Point","coordinates":[12.505544,46.800801]},"properties":{"w":0.3912}},{"type":"Feature","geometry":{"type":"Point","coordinates":[12.988287,46.801233]},"properties":{"w":0.3358}},{"type":"Feature","geometry":{"type":"Point","coordinates":[13.148864,46.801759]},"properties":{"w":0.3633}},{"type":"Feature","geometry":{"type":"Point","coordinates":[13.20291,46.802759]},"properties":{"w":0.317}},{"type":"Feature","geometry":{"type":"Point","coordinates":[13.949701,46.799458]},"properties":{"w":0.3409}},{"type":"Feature","geometry":{"type":"Point","coordinates":[14.621777,46.791584]},"properties":{"w":0.3597}},{"type":"Feature","geometry":{"type":"Point","coordinates":[15.08584,46.784788]},"properties":{"w":0.3509}},{"type":"Feature","geometry":{"type":"Point","coordinates":[13.306218,46.798573]},"properties":{"w":0.2905}},{"type":"Feature","geometry":{"type":"Point","coordinates":[13.39303,46.8002]},"properties":{"w":0.4875}},{"type":"Feature","geometry":{"type":"Point","coordinates":[15.034439,46.79375]},"properties":{"w":0.6876}},{"type":"Feature","geometry":{"type":"Point","coordinates":[12.333814,46.792975]},"properties":{"w":0.3283}},{"type":"Feature","geometry":{"type":"Point","coordinates":[12.552587,46.793973]},"properties":{"w":0.3358}},{"type":"Feature","geometry":{"type":"Point","coordinates":[13.988013,46.80045]},"properties":{"w":0.6545}},{"type":"Feature","geometry":{"type":"Point","coordinates":[13.275715,46.791448]},"properties":{"w":0.2974}},{"type":"Feature","geometry":{"type":"Point","coordinates":[13.88045,46.789015]},"properties":{"w":0.3428}},{"type":"Feature","geometry":{"type":"Point","coordinates":[13.852389,46.791109]},"properties":{"w":0.2957}},{"type":"Feature","geometry":{"type":"Point","coordinates":[12.303888,46.784229]},"properties":{"w":0.2104}},{"type":"Feature","geometry":{"type":"Point","coordinates":[12.481361,46.789787]},"properties":{"w":0.3912}},{"type":"Feature","geometry":{"type":"Point","coordinates":[14.982492,46.779082]},"properties":{"w":0.6145}},{"type":"Feature","geometry":{"type":"Point","coordinates":[13.140557,46.787653]},"properties":{"w":0.3137}},{"type":"Feature","geometry":{"type":"Point","coordinates":[13.409159,46.78876]},"properties":{"w":0.3401}},{"type":"Feature","geometry":{"type":"Point","coordinates":[12.384502,46.785621]},"properties":{"w":0.3421}},{"type":"Feature","geometry":{"type":"Point","coordinates":[13.086441,46.78534]},"properties":{"w":0.3002}},{"type":"Feature","geometry":{"type":"Point","coordinates":[14.630689,46.788502]},"properties":{"w":0.6596}},{"type":"Feature","geometry":{"type":"Point","coordinates":[12.397712,46.778877]},"properties":{"w":0.317}},{"type":"Feature","geometry":{"type":"Point","coordinates":[13.695482,46.780172]},"properties":{"w":0.3146}},{"type":"Feature","geometry":{"type":"Point","coordinates":[13.855896,46.781772]},"properties":{"w":0.4823}},{"type":"Feature","geometry":{"type":"Point","coordinates":[15.058536,46.766756]},"properties":{"w":0.3066}},{"type":"Feature","geometry":{"type":"Point","coordinates":[12.501721,46.774694]},"properties":{"w":0.2887}},{"type":"Feature","geometry":{"type":"Point","coordinates":[13.425978,46.779821]},"properties":{"w":0.4811}},{"type":"Feature","geometry":{"type":"Point","coordinates":[12.463117,46.777635]},"properties":{"w":0.5745}},{"type":"Feature","geometry":{"type":"Point","coordinates":[13.876218,46.772889]},"properties":{"w":0.4218}},{"type":"Feature","geometry":{"type":"Point","coordinates":[12.365487,46.772473]},"properties":{"w":0.5485}},{"type":"Feature","geometry":{"type":"Point","coordinates":[12.795268,46.765292]},"properties":{"w":0.3785}},{"type":"Feature","geometry":{"type":"Point","coordinates":[12.746343,46.764966]},"properties":{"w":0.3291}},{"type":"Feature","geometry":{"type":"Point","coordinates":[13.940111,46.764109]},"properties":{"w":0.3137}},{"type":"Feature","geometry":{"type":"Point","coordinates":[15.977711,46.732581]},"properties":{"w":0.3658}},{"type":"Feature","geometry":{"type":"Point","coordinates":[13.884597,46.765129]},"properties":{"w":0.5089}},{"type":"Feature","geometry":{"type":"Point","coordinates":[15.991012,46.731333]},"properties":{"w":0.3652}},{"type":"Feature","geometry":{"type":"Point","coordinates":[12.611372,46.755138]},"properties":{"w":0.2786}},{"type":"Feature","geometry":{"type":"Point","coordinates":[12.753396,46.755412]},"properties":{"w":0.4079}},{"type":"Feature","geometry":{"type":"Point","coordinates":[12.824352,46.756631]},"properties":{"w":0.4026}},{"type":"Feature","geometry":{"type":"Point","coordinates":[13.709651,46.761524]},"properties":{"w":0.5003}},{"type":"Feature","geometry":{"type":"Point","coordinates":[12.696451,46.754877]},"properties":{"w":0.3378}},{"type":"Feature","geometry":{"type":"Point","coordinates":[15.055638,46.739137]},"properties":{"w":0.3902}},{"type":"Feature","geometry":{"type":"Point","coordinates":[13.513751,46.74491]},"properties":{"w":0.3338}},{"type":"Feature","geometry":{"type":"Point","coordinates":[13.402757,46.743248]},"properties":{"w":0.3312}},{"type":"Feature","geometry":{"type":"Point","coordinates":[13.438858,46.743306]},"properties":{"w":0.4019}},{"type":"Feature","geometry":{"type":"Point","coordinates":[12.558302,46.738831]},"properties":{"w":0.2881}},{"type":"Feature","geometry":{"type":"Point","coordinates":[13.378285,46.734509]},"properties":{"w":0.2786}},{"type":"Feature","geometry":{"type":"Point","coordinates":[15.07733,46.721824]},"properties":{"w":0.2887}},{"type":"Feature","geometry":{"type":"Point","coordinates":[15.065249,46.760873]},"properties":{"w":0.8785}},{"type":"Feature","geometry":{"type":"Point","coordinates":[12.609673,46.731833]},"properties":{"w":0.4291}},{"type":"Feature","geometry":{"type":"Point","coordinates":[12.568484,46.729182]},"properties":{"w":0.3982}},{"type":"Feature","geometry":{"type":"Point","coordinates":[12.59501,46.730107]},"properties":{"w":0.4062}},{"type":"Feature","geometry":{"type":"Point","coordinates":[12.540579,46.728141]},"properties":{"w":0.514}},{"type":"Feature","geometry":{"type":"Point","coordinates":[12.839325,46.727333]},"properties":{"w":0.3574}},{"type":"Feature","geometry":{"type":"Point","coordinates":[12.882501,46.728119]},"properties":{"w":0.2911}},{"type":"Feature","geometry":{"type":"Point","coordinates":[13.734472,46.728073]},"properties":{"w":0.294}},{"type":"Feature","geometry":{"type":"Point","coordinates":[12.734691,46.723606]},"properties":{"w":0.4075}},{"type":"Feature","geometry":{"type":"Point","coordinates":[12.686618,46.725086]},"properties":{"w":0.5193}},{"type":"Feature","geometry":{"type":"Point","coordinates":[12.656212,46.723926]},"properties":{"w":0.5101}},{"type":"Feature","geometry":{"type":"Point","coordinates":[12.882116,46.721328]},"properties":{"w":0.3421}},{"type":"Feature","geometry":{"type":"Point","coordinates":[13.972663,46.717664]},"properties":{"w":0.502}},{"type":"Feature","geometry":{"type":"Point","coordinates":[13.204965,46.713763]},"properties":{"w":0.3742}},{"type":"Feature","geometry":{"type":"Point","coordinates":[13.216581,46.714218]},"properties":{"w":0.3436}},{"type":"Feature","geometry":{"type":"Point","coordinates":[13.926884,46.713346]},"properties":{"w":0.3116}},{"type":"Feature","geometry":{"type":"Point","coordinates":[15.055839,46.699432]},"properties":{"w":0.4147}},{"type":"Feature","geometry":{"type":"Point","coordinates":[13.741759,46.714459]},"properties":{"w":0.4435}},{"type":"Feature","geometry":{"type":"Point","coordinates":[13.006756,46.710588]},"properties":{"w":0.3189}},{"type":"Feature","geometry":{"type":"Point","coordinates":[15.022075,46.728371]},"properties":{"w":0.8839}},{"type":"Feature","geometry":{"type":"Point","coordinates":[12.862607,46.709359]},"properties":{"w":0.352}},{"type":"Feature","geometry":{"type":"Point","coordinates":[13.173633,46.710172]},"properties":{"w":0.4885}},{"type":"Feature","geometry":{"type":"Point","coordinates":[13.052132,46.708603]},"properties":{"w":0.4017}},{"type":"Feature","geometry":{"type":"Point","coordinates":[13.942565,46.706896]},"properties":{"w":0.2929}},{"type":"Feature","geometry":{"type":"Point","coordinates":[12.895183,46.709272]},"properties":{"w":0.3417}},{"type":"Feature","geometry":{"type":"Point","coordinates":[13.859854,46.704469]},"properties":{"w":0.3024}},{"type":"Feature","geometry":{"type":"Point","coordinates":[12.508861,46.704224]},"properties":{"w":0.2786}},{"type":"Feature","geometry":{"type":"Point","coordinates":[12.866434,46.703739]},"properties":{"w":0.4069}},{"type":"Feature","geometry":{"type":"Point","coordinates":[13.496027,46.703992]},"properties":{"w":0.335}},{"type":"Feature","geometry":{"type":"Point","coordinates":[15.03279,46.68799]},"properties":{"w":0.2725}},{"type":"Feature","geometry":{"type":"Point","coordinates":[15.038649,46.686935]},"properties":{"w":0.4139}},{"type":"Feature","geometry":{"type":"Point","coordinates":[12.440155,46.69146]},"properties":{"w":0.2093}},{"type":"Feature","geometry":{"type":"Point","coordinates":[13.490374,46.696769]},"properties":{"w":0.4398}},{"type":"Feature","geometry":{"type":"Point","coordinates":[13.07739,46.695101]},"properties":{"w":0.4555}},{"type":"Feature","geometry":{"type":"Point","coordinates":[12.579135,46.692365]},"properties":{"w":0.3834}},{"type":"Feature","geometry":{"type":"Point","coordinates":[13.033607,46.702037]},"properties":{"w":0.5915}},{"type":"Feature","geometry":{"type":"Point","coordinates":[13.295349,46.691009]},"properties":{"w":0.3462}},{"type":"Feature","geometry":{"type":"Point","coordinates":[13.520536,46.68909]},"properties":{"w":0.3354}},{"type":"Feature","geometry":{"type":"Point","coordinates":[13.210227,46.688119]},"properties":{"w":0.2881}},{"type":"Feature","geometry":{"type":"Point","coordinates":[13.113369,46.684057]},"properties":{"w":0.2887}},{"type":"Feature","geometry":{"type":"Point","coordinates":[15.135205,46.676861]},"properties":{"w":0.5763}},{"type":"Feature","geometry":{"type":"Point","coordinates":[12.52608,46.68265]},"properties":{"w":0.3146}},{"type":"Feature","geometry":{"type":"Point","coordinates":[12.487699,46.682849]},"properties":{"w":0.4276}},{"type":"Feature","geometry":{"type":"Point","coordinates":[15.022493,46.67617]},"properties":{"w":0.5494}},{"type":"Feature","geometry":{"type":"Point","coordinates":[12.69775,46.681081]},"properties":{"w":0.2887}},{"type":"Feature","geometry":{"type":"Point","coordinates":[12.543761,46.679282]},"properties":{"w":0.4432}},{"type":"Feature","geometry":{"type":"Point","coordinates":[12.539722,46.670713]},"properties":{"w":0.3581}},{"type":"Feature","geometry":{"type":"Point","coordinates":[12.637135,46.671888]},"properties":{"w":0.2887}},{"type":"Feature","geometry":{"type":"Point","coordinates":[12.552785,46.671202]},"properties":{"w":0.4533}},{"type":"Feature","geometry":{"type":"Point","coordinates":[13.378693,46.668498]},"properties":{"w":0.3308}},{"type":"Feature","geometry":{"type":"Point","coordinates":[13.166089,46.667044]},"properties":{"w":0.4051}},{"type":"Feature","geometry":{"type":"Point","coordinates":[12.557622,46.662646]},"properties":{"w":0.3829}},{"type":"Feature","geometry":{"type":"Point","coordinates":[13.474908,46.666709]},"properties":{"w":0.3221}},{"type":"Feature","geometry":{"type":"Point","coordinates":[13.819881,46.661473]},"properties":{"w":0.4357}},{"type":"Feature","geometry":{"type":"Point","coordinates":[13.22369,46.661759]},"properties":{"w":0.5186}},{"type":"Feature","geometry":{"type":"Point","coordinates":[15.043154,46.658638]},"properties":{"w":0.7418}},{"type":"Feature","geometry":{"type":"Point","coordinates":[15.244793,46.642626]},"properties":{"w":0.271}},{"type":"Feature","geometry":{"type":"Point","coordinates":[15.015524,46.645582]},"properties":{"w":0.2881}},{"type":"Feature","geometry":{"type":"Point","coordinates":[12.707964,46.657358]},"properties":{"w":0.378}},{"type":"Feature","geometry":{"type":"Point","coordinates":[13.266621,46.656302]},"properties":{"w":0.5398}},{"type":"Feature","geometry":{"type":"Point","coordinates":[13.512371,46.646289]},"properties":{"w":0.3982}},{"type":"Feature","geometry":{"type":"Point","coordinates":[12.867889,46.649945]},"properties":{"w":0.4153}},{"type":"Feature","geometry":{"type":"Point","coordinates":[13.578075,46.632286]},"properties":{"w":0.401}},{"type":"Feature","geometry":{"type":"Point","coordinates":[13.064803,46.620703]},"properties":{"w":0.2887}},{"type":"Feature","geometry":{"type":"Point","coordinates":[13.098427,46.616261]},"properties":{"w":0.3537}},{"type":"Feature","geometry":{"type":"Point","coordinates":[13.12991,46.60722]},"properties":{"w":0.3221}},{"type":"Feature","geometry":{"type":"Point","coordinates":[13.095553,46.607286]},"properties":{"w":0.3762}},{"type":"Feature","geometry":{"type":"Point","coordinates":[13.073484,46.604559]},"properties":{"w":0.5056}},{"type":"Feature","geometry":{"type":"Point","coordinates":[13.224657,46.599412]},"properties":{"w":0.3912}},{"type":"Feature","geometry":{"type":"Point","coordinates":[13.116856,46.59986]},"properties":{"w":0.5227}},{"type":"Feature","geometry":{"type":"Point","coordinates":[13.135814,46.596089]},"properties":{"w":0.5443}},{"type":"Feature","geometry":{"type":"Point","coordinates":[13.152404,46.589805]},"properties":{"w":0.2528}},{"type":"Feature","geometry":{"type":"Point","coordinates":[13.178747,46.585517]},"properties":{"w":0.3695}},{"type":"Feature","geometry":{"type":"Point","coordinates":[13.206593,46.588757]},"properties":{"w":0.4408}},{"type":"Feature","geometry":{"type":"Point","coordinates":[13.28834,46.582865]},"properties":{"w":0.298}},{"type":"Feature","geometry":{"type":"Point","coordinates":[13.190554,46.578737]},"properties":{"w":0.4101}},{"type":"Feature","geometry":{"type":"Point","coordinates":[13.362017,46.573515]},"properties":{"w":0.4448}},{"type":"Feature","geometry":{"type":"Point","coordinates":[13.333262,46.571674]},"properties":{"w":0.294}},{"type":"Feature","geometry":{"type":"Point","coordinates":[13.322507,46.563137]},"properties":{"w":0.2881}},{"type":"Feature","geometry":{"type":"Point","coordinates":[13.463206,46.564388]},"properties":{"w":0.2786}},{"type":"Feature","geometry":{"type":"Point","coordinates":[13.315627,46.555768]},"properties":{"w":0.3643}},{"type":"Feature","geometry":{"type":"Point","coordinates":[14.523988,46.524452]},"properties":{"w":0.2786}},{"type":"Feature","geometry":{"type":"Point","coordinates":[14.801664,46.521334]},"properties":{"w":0.4707}},{"type":"Feature","geometry":{"type":"Point","coordinates":[13.828321,46.527719]},"properties":{"w":0.3116}},{"type":"Feature","geometry":{"type":"Point","coordinates":[14.803244,46.512747]},"properties":{"w":0.3358}},{"type":"Feature","geometry":{"type":"Point","coordinates":[13.941296,46.520075]},"properties":{"w":0.2862}},{"type":"Feature","geometry":{"type":"Point","coordinates":[14.673643,46.513504]},"properties":{"w":0.2786}},{"type":"Feature","geometry":{"type":"Point","coordinates":[14.814156,46.51328]},"properties":{"w":0.4545}},{"type":"Feature","geometry":{"type":"Point","coordinates":[14.794414,46.510053]},"properties":{"w":0.4185}},{"type":"Feature","geometry":{"type":"Point","coordinates":[14.512615,46.514709]},"properties":{"w":0.4107}},{"type":"Feature","geometry":{"type":"Point","coordinates":[14.41968,46.5136]},"properties":{"w":0.3588}},{"type":"Feature","geometry":{"type":"Point","coordinates":[14.663945,46.509542]},"properties":{"w":0.2905}},{"type":"Feature","geometry":{"type":"Point","coordinates":[14.37871,46.510977]},"properties":{"w":0.4803}},{"type":"Feature","geometry":{"type":"Point","coordinates":[14.524083,46.505266]},"properties":{"w":0.3137}},{"type":"Feature","geometry":{"type":"Point","coordinates":[14.746952,46.508135]},"properties":{"w":0.533}},{"type":"Feature","geometry":{"type":"Point","coordinates":[14.399763,46.505568]},"properties":{"w":0.298}},{"type":"Feature","geometry":{"type":"Point","coordinates":[14.51503,46.502432]},"properties":{"w":0.3291}},{"type":"Feature","geometry":{"type":"Point","coordinates":[14.533716,46.49888]},"properties":{"w":0.3184}},{"type":"Feature","geometry":{"type":"Point","coordinates":[14.047485,46.504284]},"properties":{"w":0.3257}},{"type":"Feature","geometry":{"type":"Point","coordinates":[14.475322,46.498109]},"properties":{"w":0.3221}},{"type":"Feature","geometry":{"type":"Point","coordinates":[14.379858,46.496967]},"properties":{"w":0.3927}},{"type":"Feature","geometry":{"type":"Point","coordinates":[14.39856,46.496543]},"properties":{"w":0.3966}},{"type":"Feature","geometry":{"type":"Point","coordinates":[14.103365,46.497712]},"properties":{"w":0.3116}},{"type":"Feature","geometry":{"type":"Point","coordinates":[14.127322,46.478344]},"properties":{"w":0.298}},{"type":"Feature","geometry":{"type":"Point","coordinates":[14.680516,46.468677]},"properties":{"w":0.3578}},{"type":"Feature","geometry":{"type":"Point","coordinates":[14.691202,46.470704]},"properties":{"w":0.4944}},{"type":"Feature","geometry":{"type":"Point","coordinates":[14.179349,46.4685]},"properties":{"w":0.3291}},{"type":"Feature","geometry":{"type":"Point","coordinates":[14.656475,46.448448]},"properties":{"w":0.3667}},{"type":"Feature","geometry":{"type":"Point","coordinates":[14.528328,46.447948]},"properties":{"w":0.3221}},{"type":"Feature","geometry":{"type":"Point","coordinates":[14.629362,46.441031]},"properties":{"w":0.3007}},{"type":"Feature","geometry":{"type":"Point","coordinates":[14.609425,46.440347]},"properties":{"w":0.3308}},{"type":"Feature","geometry":{"type":"Point","coordinates":[14.46329,46.439245]},"properties":{"w":0.3198}},{"type":"Feature","geometry":{"type":"Point","coordinates":[14.533034,46.440932]},"properties":{"w":0.4062}},{"type":"Feature","geometry":{"type":"Point","coordinates":[14.521679,46.435365]},"properties":{"w":0.305}},{"type":"Feature","geometry":{"type":"Point","coordinates":[14.447196,46.434142]},"properties":{"w":0.4587}},{"type":"Feature","geometry":{"type":"Point","coordinates":[14.482587,46.419696]},"properties":{"w":0.3458}}]}