{"type":"FeatureCollection","features":[{"type":"Feature","geometry":{"type":"Point","coordinates":[15.284246,48.987255]},"properties":{"w":0.6316}},{"type":"Feature","geometry":{"type":"Point","coordinates":[15.001001,48.988537]},"properties":{"w":0.8413}},{"type":"Feature","geometry":{"type":"Point","coordinates":[15.209731,48.955098]},"properties":{"w":0.375}},{"type":"Feature","geometry":{"type":"Point","coordinates":[14.998771,48.916723]},"properties":{"w":0.7768}},{"type":"Feature","geometry":{"type":"Point","coordinates":[14.997127,48.894703]},"properties":{"w":0.4546}},{"type":"Feature","geometry":{"type":"Point","coordinates":[14.987903,48.888869]},"properties":{"w":0.4421}},{"type":"Feature","geometry":{"type":"Point","coordinates":[15.341136,48.86326]},"properties":{"w":0.3683}},{"type":"Feature","geometry":{"type":"Point","coordinates":[15.711112,48.856299]},"properties":{"w":0.6135}},{"type":"Feature","geometry":{"type":"Point","coordinates":[15.733145,48.854045]},"properties":{"w":0.4009}},{"type":"Feature","geometry":{"type":"Point","coordinates":[15.054965,48.858866]},"properties":{"w":0.52}},{"type":"Feature","geometry":{"type":"Point","coordinates":[15.778165,48.823495]},"properties":{"w":0.6518}},{"type":"Feature","geometry":{"type":"Point","coordinates":[15.370755,48.819595]},"properties":{"w":0.3968}},{"type":"Feature","geometry":{"type":"Point","coordinates":[15.771045,48.81283]},"properties":{"w":0.4065}},{"type":"Feature","geometry":{"type":"Point","coordinates":[15.933193,48.80751]},"properties":{"w":0.5021}},{"type":"Feature","geometry":{"type":"Point","coordinates":[16.65462,48.782472]},"properties":{"w":0.4416}},{"type":"Feature","geometry":{"type":"Point","coordinates":[16.60071,48.77979]},"properties":{"w":0.4569}},{"type":"Feature","geometry":{"type":"Point","coordinates":[16.53555,48.79259]},"properties":{"w":0.9395}},{"type":"Feature","geometry":{"type":"Point","coordinates":[15.936837,48.79779]},"properties":{"w":0.6259}},{"type":"Feature","geometry":{"type":"Point","coordinates":[16.621514,48.77696]},"properties":{"w":0.6034}},{"type":"Feature","geometry":{"type":"Point","coordinates":[16.037913,48.763581]},"properties":{"w":0.3351}},{"type":"Feature","geometry":{"type":"Point","coordinates":[16.453025,48.771436]},"properties":{"w":0.9474}},{"type":"Feature","geometry":{"type":"Point","coordinates":[16.55036,48.734507]},"properties":{"w":0.4847}},{"type":"Feature","geometry":{"type":"Point","coordinates":[16.185321,48.741936]},"properties":{"w":0.6445}},{"type":"Feature","geometry":{"type":"Point","coordinates":[16.136468,48.739452]},"properties":{"w":0.6951}},{"type":"Feature","geometry":{"type":"Point","coordinates":[16.681772,48.72124]},"properties":{"w":0.4512}},{"type":"Feature","geometry":{"type":"Point","coordinates":[16.669101,48.723375]},"properties":{"w":0.6083}},{"type":"Feature","geometry":{"type":"Point","coordinates":[16.214934,48.735672]},"properties":{"w":0.6862}},{"type":"Feature","geometry":{"type":"Point","coordinates":[16.272425,48.736008]},"properties":{"w":0.7111}},{"type":"Feature","geometry":{"type":"Point","coordinates":[16.448722,48.734935]},"properties":{"w":0.7895}},{"type":"Feature","geometry":{"type":"Point","coordinates":[16.342883,48.73218]},"properties":{"w":0.7005}},{"type":"Feature","geometry":{"type":"Point","coordinates":[16.091968,48.735189]},"properties":{"w":0.6883}},{"type":"Feature","geometry":{"type":"Point","coordinates":[15.988436,48.722347]},"properties":{"w":0.5672}},{"type":"Feature","geometry":{"type":"Point","coordinates":[14.813098,48.733114]},"properties":{"w":0.4105}},{"type":"Feature","geometry":{"type":"Point","coordinates":[16.643752,48.693613]},"properties":{"w":0.4368}},{"type":"Feature","geometry":{"type":"Point","coordinates":[16.401079,48.696948]},"properties":{"w":0.4269}},{"type":"Feature","geometry":{"type":"Point","coordinates":[16.421537,48.700442]},"properties":{"w":0.6405}},{"type":"Feature","geometry":{"type":"Point","coordinates":[15.445273,48.730372]},"properties":{"w":0.7004}},{"type":"Feature","geometry":{"type":"Point","coordinates":[16.606509,48.693661]},"properties":{"w":0.7702}},{"type":"Feature","geometry":{"type":"Point","coordinates":[15.576643,48.716195]},"properties":{"w":0.5956}},{"type":"Feature","geometry":{"type":"Point","coordinates":[16.808355,48.677664]},"properties":{"w":0.6211}},{"type":"Feature","geometry":{"type":"Point","coordinates":[16.215022,48.685265]},"properties":{"w":0.5898}},{"type":"Feature","geometry":{"type":"Point","coordinates":[16.733196,48.681896]},"properties":{"w":0.9216}},{"type":"Feature","geometry":{"type":"Point","coordinates":[16.31135,48.688728]},"properties":{"w":0.8032}},{"type":"Feature","geometry":{"type":"Point","coordinates":[16.274205,48.687459]},"properties":{"w":0.7513}},{"type":"Feature","geometry":{"type":"Point","coordinates":[16.81537,48.665867]},"properties":{"w":0.4777}},{"type":"Feature","geometry":{"type":"Point","coordinates":[16.043701,48.678431]},"properties":{"w":0.6782}},{"type":"Feature","geometry":{"type":"Point","coordinates":[16.00092,48.674957]},"properties":{"w":0.462}},{"type":"Feature","geometry":{"type":"Point","coordinates":[16.774324,48.668462]},"properties":{"w":0.7909}},{"type":"Feature","geometry":{"type":"Point","coordinates":[16.01998,48.675194]},"properties":{"w":0.5968}},{"type":"Feature","geometry":{"type":"Point","coordinates":[16.141374,48.67422]},"properties":{"w":0.7173}},{"type":"Feature","geometry":{"type":"Point","coordinates":[16.008809,48.667029]},"properties":{"w":0.5958}},{"type":"Feature","geometry":{"type":"Point","coordinates":[16.093853,48.673229]},"properties":{"w":0.8896}},{"type":"Feature","geometry":{"type":"Point","coordinates":[16.16658,48.65398]},"properties":{"w":0.5649}},{"type":"Feature","geometry":{"type":"Point","coordinates":[15.99973,48.656823]},"properties":{"w":0.6894}},{"type":"Feature","geometry":{"type":"Point","coordinates":[16.684811,48.627523]},"properties":{"w":0.5864}},{"type":"Feature","geometry":{"type":"Point","coordinates":[16.554946,48.639322]},"properties":{"w":0.7518}},{"type":"Feature","geometry":{"type":"Point","coordinates":[16.86409,48.613269]},"properties":{"w":0.3785}},{"type":"Feature","geometry":{"type":"Point","coordinates":[16.583296,48.631622]},"properties":{"w":0.8594}},{"type":"Feature","geometry":{"type":"Point","coordinates":[16.860654,48.603918]},"properties":{"w":0.6003}},{"type":"Feature","geometry":{"type":"Point","coordinates":[16.86674,48.588834]},"properties":{"w":0.5808}},{"type":"Feature","geometry":{"type":"Point","coordinates":[16.887426,48.58305]},"properties":{"w":0.3487}},{"type":"Feature","geometry":{"type":"Point","coordinates":[15.229767,48.621282]},"properties":{"w":0.3876}},{"type":"Feature","geometry":{"type":"Point","coordinates":[16.782242,48.577537]},"properties":{"w":0.5448}},{"type":"Feature","geometry":{"type":"Point","coordinates":[16.73926,48.578941]},"properties":{"w":0.522}},{"type":"Feature","geometry":{"type":"Point","coordinates":[16.753055,48.572999]},"properties":{"w":0.4893}},{"type":"Feature","geometry":{"type":"Point","coordinates":[15.300073,48.613288]},"properties":{"w":0.7305}},{"type":"Feature","geometry":{"type":"Point","coordinates":[16.808165,48.568553]},"properties":{"w":0.434}},{"type":"Feature","geometry":{"type":"Point","coordinates":[16.307556,48.592532]},"properties":{"w":0.9103}},{"type":"Feature","geometry":{"type":"Point","coordinates":[16.023456,48.587024]},"properties":{"w":0.7407}},{"type":"Feature","geometry":{"type":"Point","coordinates":[14.646911,48.603937]},"properties":{"w":0.6033}},{"type":"Feature","geometry":{"type":"Point","coordinates":[14.507659,48.591194]},"properties":{"w":0.3566}},{"type":"Feature","geometry":{"type":"Point","coordinates":[14.392299,48.590998]},"properties":{"w":0.4633}},{"type":"Feature","geometry":{"type":"Point","coordinates":[16.624691,48.546458]},"properties":{"w":0.3611}},{"type":"Feature","geometry":{"type":"Point","coordinates":[16.688573,48.547032]},"properties":{"w":0.5462}},{"type":"Feature","geometry":{"type":"Point","coordinates":[16.321903,48.563577]},"properties":{"w":0.753}},{"type":"Feature","geometry":{"type":"Point","coordinates":[16.283966,48.565125]},"properties":{"w":0.8915}},{"type":"Feature","geometry":{"type":"Point","coordinates":[14.22543,48.582809]},"properties":{"w":0.5823}},{"type":"Feature","geometry":{"type":"Point","coordinates":[14.254332,48.578293]},"properties":{"w":0.54}},{"type":"Feature","geometry":{"type":"Point","coordinates":[16.149688,48.554197]},"properties":{"w":0.6964}},{"type":"Feature","geometry":{"type":"Point","coordinates":[16.612122,48.537273]},"properties":{"w":0.6155}},{"type":"Feature","geometry":{"type":"Point","coordinates":[16.208176,48.551952]},"properties":{"w":0.7066}},{"type":"Feature","geometry":{"type":"Point","coordinates":[14.681895,48.577503]},"properties":{"w":0.7035}},{"type":"Feature","geometry":{"type":"Point","coordinates":[15.620101,48.55116]},"properties":{"w":0.3776}},{"type":"Feature","geometry":{"type":"Point","coordinates":[16.658735,48.534773]},"properties":{"w":0.812}},{"type":"Feature","geometry":{"type":"Point","coordinates":[16.59454,48.530529]},"properties":{"w":0.5707}},{"type":"Feature","geometry":{"type":"Point","coordinates":[16.578756,48.530045]},"properties":{"w":0.6122}},{"type":"Feature","geometry":{"type":"Point","coordinates":[16.237689,48.551394]},"properties":{"w":0.8438}},{"type":"Feature","geometry":{"type":"Point","coordinates":[15.734331,48.547832]},"properties":{"w":0.4475}},{"type":"Feature","geometry":{"type":"Point","coordinates":[15.622207,48.546024]},"properties":{"w":0.4743}},{"type":"Feature","geometry":{"type":"Point","coordinates":[16.530505,48.520187]},"properties":{"w":0.3907}},{"type":"Feature","geometry":{"type":"Point","coordinates":[16.824044,48.519452]},"properties":{"w":0.9066}},{"type":"Feature","geometry":{"type":"Point","coordinates":[14.772866,48.553447]},"properties":{"w":0.6935}},{"type":"Feature","geometry":{"type":"Point","coordinates":[16.123792,48.532313]},"properties":{"w":0.7729}},{"type":"Feature","geometry":{"type":"Point","coordinates":[16.834953,48.499039]},"properties":{"w":0.449}},{"type":"Feature","geometry":{"type":"Point","coordinates":[16.466111,48.507281]},"properties":{"w":0.6182}},{"type":"Feature","geometry":{"type":"Point","coordinates":[16.803045,48.496123]},"properties":{"w":0.8145}},{"type":"Feature","geometry":{"type":"Point","coordinates":[14.695507,48.543012]},"properties":{"w":0.6835}},{"type":"Feature","geometry":{"type":"Point","coordinates":[15.919304,48.485697]},"properties":{"w":0.4578}},{"type":"Feature","geometry":{"type":"Point","coordinates":[15.529691,48.49145]},"properties":{"w":0.5152}},{"type":"Feature","geometry":{"type":"Point","coordinates":[15.562091,48.489237]},"properties":{"w":0.5346}},{"type":"Feature","geometry":{"type":"Point","coordinates":[15.775646,48.473679]},"properties":{"w":0.5244}},{"type":"Feature","geometry":{"type":"Point","coordinates":[16.835124,48.441525]},"properties":{"w":0.426}},{"type":"Feature","geometry":{"type":"Point","coordinates":[14.873847,48.487181]},"properties":{"w":0.5893}},{"type":"Feature","geometry":{"type":"Point","coordinates":[15.849008,48.465806]},"properties":{"w":0.4254}},{"type":"Feature","geometry":{"type":"Point","coordinates":[15.859436,48.460977]},"properties":{"w":0.3509}},{"type":"Feature","geometry":{"type":"Point","coordinates":[16.697467,48.44759]},"properties":{"w":0.76}},{"type":"Feature","geometry":{"type":"Point","coordinates":[15.636074,48.460026]},"properties":{"w":0.4022}},{"type":"Feature","geometry":{"type":"Point","coordinates":[16.341522,48.443824]},"properties":{"w":0.4426}},{"type":"Feature","geometry":{"type":"Point","coordinates":[16.673445,48.432979]},"properties":{"w":0.8172}},{"type":"Feature","geometry":{"type":"Point","coordinates":[14.887135,48.461051]},"properties":{"w":0.4487}},{"type":"Feature","geometry":{"type":"Point","coordinates":[15.652813,48.449585]},"properties":{"w":0.6316}},{"type":"Feature","geometry":{"type":"Point","coordinates":[16.732377,48.425569]},"properties":{"w":0.8754}},{"type":"Feature","geometry":{"type":"Point","coordinates":[16.050566,48.427331]},"properties":{"w":0.5797}},{"type":"Feature","geometry":{"type":"Point","coordinates":[16.333101,48.426861]},"properties":{"w":0.6687}},{"type":"Feature","geometry":{"type":"Point","coordinates":[16.761766,48.4102]},"properties":{"w":0.5785}},{"type":"Feature","geometry":{"type":"Point","coordinates":[16.338463,48.407113]},"properties":{"w":0.6005}},{"type":"Feature","geometry":{"type":"Point","coordinates":[16.574803,48.408051]},"properties":{"w":0.9909}},{"type":"Feature","geometry":{"type":"Point","coordinates":[15.012067,48.416753]},"properties":{"w":0.801}},{"type":"Feature","geometry":{"type":"Point","coordinates":[14.919244,48.419831]},"properties":{"w":0.7803}},{"type":"Feature","geometry":{"type":"Point","coordinates":[14.958402,48.404482]},"properties":{"w":0.4343}},{"type":"Feature","geometry":{"type":"Point","coordinates":[15.038137,48.397269]},"properties":{"w":0.3576}},{"type":"Feature","geometry":{"type":"Point","coordinates":[15.492743,48.368047]},"properties":{"w":0.5775}},{"type":"Feature","geometry":{"type":"Point","coordinates":[15.072585,48.387843]},"properties":{"w":0.8819}},{"type":"Feature","geometry":{"type":"Point","coordinates":[15.476592,48.365159]},"properties":{"w":0.4708}},{"type":"Feature","geometry":{"type":"Point","coordinates":[16.616022,48.339633]},"properties":{"w":0.621}},{"type":"Feature","geometry":{"type":"Point","coordinates":[15.582905,48.347069]},"properties":{"w":0.3438}},{"type":"Feature","geometry":{"type":"Point","coordinates":[16.542327,48.326822]},"properties":{"w":0.6758}},{"type":"Feature","geometry":{"type":"Point","coordinates":[16.73952,48.309286]},"properties":{"w":0.3251}},{"type":"Feature","geometry":{"type":"Point","coordinates":[16.774136,48.314459]},"properties":{"w":0.8082}},{"type":"Feature","geometry":{"type":"Point","coordinates":[15.53812,48.336506]},"properties":{"w":0.6981}},{"type":"Feature","geometry":{"type":"Point","coordinates":[15.543156,48.32511]},"properties":{"w":0.4199}},{"type":"Feature","geometry":{"type":"Point","coordinates":[16.851007,48.281488]},"properties":{"w":0.5167}},{"type":"Feature","geometry":{"type":"Point","coordinates":[16.772027,48.273098]},"properties":{"w":0.451}},{"type":"Feature","geometry":{"type":"Point","coordinates":[15.032427,48.353932]},"properties":{"w":1.0}},{"type":"Feature","geometry":{"type":"Point","coordinates":[16.672071,48.273913]},"properties":{"w":0.5955}},{"type":"Feature","geometry":{"type":"Point","coordinates":[15.517647,48.293516]},"properties":{"w":0.5388}},{"type":"Feature","geometry":{"type":"Point","coordinates":[16.845402,48.261594]},"properties":{"w":0.5024}},{"type":"Feature","geometry":{"type":"Point","coordinates":[15.104788,48.295968]},"properties":{"w":0.4553}},{"type":"Feature","geometry":{"type":"Point","coordinates":[15.010914,48.297057]},"properties":{"w":0.6577}},{"type":"Feature","geometry":{"type":"Point","coordinates":[16.669897,48.254299]},"properties":{"w":0.4745}},{"type":"Feature","geometry":{"type":"Point","coordinates":[16.602422,48.222833]},"properties":{"w":0.5942}},{"type":"Feature","geometry":{"type":"Point","coordinates":[15.080156,48.236853]},"properties":{"w":0.7446}},{"type":"Feature","geometry":{"type":"Point","coordinates":[13.048768,48.213061]},"properties":{"w":0.3258}},{"type":"Feature","geometry":{"type":"Point","coordinates":[14.611813,48.199805]},"properties":{"w":0.4099}},{"type":"Feature","geometry":{"type":"Point","coordinates":[14.776297,48.184113]},"properties":{"w":0.398}},{"type":"Feature","geometry":{"type":"Point","coordinates":[12.926317,48.196862]},"properties":{"w":0.6328}},{"type":"Feature","geometry":{"type":"Point","coordinates":[14.613178,48.188292]},"properties":{"w":0.6933}},{"type":"Feature","geometry":{"type":"Point","coordinates":[12.894996,48.16709]},"properties":{"w":0.5142}},{"type":"Feature","geometry":{"type":"Point","coordinates":[14.566058,48.154413]},"properties":{"w":0.4119}},{"type":"Feature","geometry":{"type":"Point","coordinates":[16.907584,48.100046]},"properties":{"w":0.6732}},{"type":"Feature","geometry":{"type":"Point","coordinates":[15.72645,48.124935]},"properties":{"w":0.3115}},{"type":"Feature","geometry":{"type":"Point","coordinates":[16.730089,48.09029]},"properties":{"w":0.8057}},{"type":"Feature","geometry":{"type":"Point","coordinates":[16.834669,48.088123]},"properties":{"w":0.6821}},{"type":"Feature","geometry":{"type":"Point","coordinates":[12.773588,48.119073]},"properties":{"w":0.6567}},{"type":"Feature","geometry":{"type":"Point","coordinates":[12.804794,48.115825]},"properties":{"w":0.5303}},{"type":"Feature","geometry":{"type":"Point","coordinates":[16.997282,48.066454]},"properties":{"w":0.7248}},{"type":"Feature","geometry":{"type":"Point","coordinates":[16.48373,48.07189]},"properties":{"w":0.6483}},{"type":"Feature","geometry":{"type":"Point","coordinates":[15.718983,48.087217]},"properties":{"w":0.4683}},{"type":"Feature","geometry":{"type":"Point","coordinates":[17.079769,48.045266]},"properties":{"w":0.3776}},{"type":"Feature","geometry":{"type":"Point","coordinates":[16.481234,48.062837]},"properties":{"w":0.4733}},{"type":"Feature","geometry":{"type":"Point","coordinates":[12.893223,48.103453]},"properties":{"w":0.4685}},{"type":"Feature","geometry":{"type":"Point","coordinates":[16.412116,48.059078]},"properties":{"w":0.5049}},{"type":"Feature","geometry":{"type":"Point","coordinates":[16.474371,48.060007]},"properties":{"w":0.3663}},{"type":"Feature","geometry":{"type":"Point","coordinates":[14.151202,48.095332]},"properties":{"w":0.3556}},{"type":"Feature","geometry":{"type":"Point","coordinates":[15.77432,48.069651]},"properties":{"w":0.4205}},{"type":"Feature","geometry":{"type":"Point","coordinates":[17.001031,48.036055]},"properties":{"w":0.3178}},{"type":"Feature","geometry":{"type":"Point","coordinates":[16.709758,48.040662]},"properties":{"w":0.3972}},{"type":"Feature","geometry":{"type":"Point","coordinates":[16.862818,48.031848]},"properties":{"w":0.4585}},{"type":"Feature","geometry":{"type":"Point","coordinates":[12.876411,48.094321]},"properties":{"w":0.7608}},{"type":"Feature","geometry":{"type":"Point","coordinates":[16.895458,48.026075]},"properties":{"w":0.4888}},{"type":"Feature","geometry":{"type":"Point","coordinates":[16.544116,48.02876]},"properties":{"w":0.3136}},{"type":"Feature","geometry":{"type":"Point","coordinates":[16.350124,48.039556]},"properties":{"w":0.3296}},{"type":"Feature","geometry":{"type":"Point","coordinates":[15.526254,48.046288]},"properties":{"w":0.3143}},{"type":"Feature","geometry":{"type":"Point","coordinates":[13.422579,48.070827]},"properties":{"w":0.5391}},{"type":"Feature","geometry":{"type":"Point","coordinates":[16.829899,48.019137]},"properties":{"w":0.5401}},{"type":"Feature","geometry":{"type":"Point","coordinates":[16.537518,48.022142]},"properties":{"w":0.6183}},{"type":"Feature","geometry":{"type":"Point","coordinates":[15.371926,48.043112]},"properties":{"w":0.354}},{"type":"Feature","geometry":{"type":"Point","coordinates":[17.035072,48.0034]},"properties":{"w":0.6004}},{"type":"Feature","geometry":{"type":"Point","coordinates":[13.31764,48.068109]},"properties":{"w":0.8692}},{"type":"Feature","geometry":{"type":"Point","coordinates":[16.398388,48.004412]},"properties":{"w":0.4527}},{"type":"Feature","geometry":{"type":"Point","coordinates":[16.9588,47.988668]},"properties":{"w":0.561}},{"type":"Feature","geometry":{"type":"Point","coordinates":[13.253402,48.067873]},"properties":{"w":0.98}},{"type":"Feature","geometry":{"type":"Point","coordinates":[15.075155,48.032243]},"properties":{"w":0.5715}},{"type":"Feature","geometry":{"type":"Point","coordinates":[16.402623,47.999184]},"properties":{"w":0.4395}},{"type":"Feature","geometry":{"type":"Point","coordinates":[15.521098,48.019711]},"properties":{"w":0.3785}},{"type":"Feature","geometry":{"type":"Point","coordinates":[15.674145,48.012474]},"properties":{"w":0.3368}},{"type":"Feature","geometry":{"type":"Point","coordinates":[16.42311,48.000128]},"properties":{"w":0.5677}},{"type":"Feature","geometry":{"type":"Point","coordinates":[15.701067,48.008953]},"properties":{"w":0.3184}},{"type":"Feature","geometry":{"type":"Point","coordinates":[15.517637,48.010295]},"properties":{"w":0.3946}},{"type":"Feature","geometry":{"type":"Point","coordinates":[15.849858,48.010064]},"properties":{"w":0.6297}},{"type":"Feature","geometry":{"type":"Point","coordinates":[17.06961,47.981269]},"properties":{"w":0.8292}},{"type":"Feature","geometry":{"type":"Point","coordinates":[17.04732,47.970277]},"properties":{"w":0.522}},{"type":"Feature","geometry":{"type":"Point","coordinates":[13.375438,48.063725]},"properties":{"w":0.9082}},{"type":"Feature","geometry":{"type":"Point","coordinates":[16.921553,47.976349]},"properties":{"w":0.8212}},{"type":"Feature","geometry":{"type":"Point","coordinates":[15.690679,47.995114]},"properties":{"w":0.5023}},{"type":"Feature","geometry":{"type":"Point","coordinates":[15.517486,47.995253]},"properties":{"w":0.3264}},{"type":"Feature","geometry":{"type":"Point","coordinates":[15.775562,47.988419]},"properties":{"w":0.4546}},{"type":"Feature","geometry":{"type":"Point","coordinates":[15.507369,47.998808]},"properties":{"w":0.5342}},{"type":"Feature","geometry":{"type":"Point","coordinates":[15.884022,47.990198]},"properties":{"w":0.6642}},{"type":"Feature","geometry":{"type":"Point","coordinates":[16.478412,47.970613]},"properties":{"w":0.5236}},{"type":"Feature","geometry":{"type":"Point","coordinates":[15.85624,47.990977]},"properties":{"w":0.6381}},{"type":"Feature","geometry":{"type":"Point","coordinates":[16.484677,47.96617]},"properties":{"w":0.3998}},{"type":"Feature","geometry":{"type":"Point","coordinates":[16.556475,47.964485]},"properties":{"w":0.37}},{"type":"Feature","geometry":{"type":"Point","coordinates":[16.36102,47.966362]},"properties":{"w":0.3696}},{"type":"Feature","geometry":{"type":"Point","coordinates":[15.512984,47.986326]},"properties":{"w":0.3654}},{"type":"Feature","geometry":{"type":"Point","coordinates":[16.976536,47.948355]},"properties":{"w":0.3953}},{"type":"Feature","geometry":{"type":"Point","coordinates":[15.487743,47.983284]},"properties":{"w":0.4512}},{"type":"Feature","geometry":{"type":"Point","coordinates":[16.973254,47.942042]},"properties":{"w":0.3498}},{"type":"Feature","geometry":{"type":"Point","coordinates":[14.950795,47.989428]},"properties":{"w":0.3225}},{"type":"Feature","geometry":{"type":"Point","coordinates":[15.653573,47.976035]},"properties":{"w":0.3432}},{"type":"Feature","geometry":{"type":"Point","coordinates":[15.783901,47.971317]},"properties":{"w":0.3691}},{"type":"Feature","geometry":{"type":"Point","coordinates":[14.466895,47.989698]},"properties":{"w":0.3514}},{"type":"Feature","geometry":{"type":"Point","coordinates":[15.473437,47.973249]},"properties":{"w":0.3093}},{"type":"Feature","geometry":{"type":"Point","coordinates":[14.91495,47.984969]},"properties":{"w":0.5721}},{"type":"Feature","geometry":{"type":"Point","coordinates":[15.891665,47.967919]},"properties":{"w":0.5566}},{"type":"Feature","geometry":{"type":"Point","coordinates":[15.458599,47.971773]},"properties":{"w":0.5242}},{"type":"Feature","geometry":{"type":"Point","coordinates":[15.444922,47.969039]},"properties":{"w":0.3736}},{"type":"Feature","geometry":{"type":"Point","coordinates":[15.855078,47.967808]},"properties":{"w":0.4972}},{"type":"Feature","geometry":{"type":"Point","coordinates":[16.900692,47.951557]},"properties":{"w":0.7823}},{"type":"Feature","geometry":{"type":"Point","coordinates":[15.129293,47.976854]},"properties":{"w":0.4927}},{"type":"Feature","geometry":{"type":"Point","coordinates":[15.680221,47.962467]},"properties":{"w":0.4309}},{"type":"Feature","geometry":{"type":"Point","coordinates":[17.034151,47.926157]},"properties":{"w":0.4416}},{"type":"Feature","geometry":{"type":"Point","coordinates":[15.826023,47.95901]},"properties":{"w":0.3719}},{"type":"Feature","geometry":{"type":"Point","coordinates":[15.891515,47.954534]},"properties":{"w":0.3728}},{"type":"Feature","geometry":{"type":"Point","coordinates":[15.67933,47.957969]},"properties":{"w":0.3728}},{"type":"Feature","geometry":{"type":"Point","coordinates":[15.654144,47.958969]},"properties":{"w":0.3927}},{"type":"Feature","geometry":{"type":"Point","coordinates":[15.131787,47.967742]},"properties":{"w":0.3444}},{"type":"Feature","geometry":{"type":"Point","coordinates":[15.459782,47.959641]},"properties":{"w":0.3654}},{"type":"Feature","geometry":{"type":"Point","coordinates":[15.664196,47.955975]},"properties":{"w":0.3606}},{"type":"Feature","geometry":{"type":"Point","coordinates":[15.440525,47.958976]},"properties":{"w":0.381}},{"type":"Feature","geometry":{"type":"Point","coordinates":[15.838773,47.95377]},"properties":{"w":0.3576}},{"type":"Feature","geometry":{"type":"Point","coordinates":[15.616834,47.959189]},"properties":{"w":0.569}},{"type":"Feature","geometry":{"type":"Point","coordinates":[15.86925,47.950564]},"properties":{"w":0.3251}},{"type":"Feature","geometry":{"type":"Point","coordinates":[15.093877,47.964039]},"properties":{"w":0.506}},{"type":"Feature","geometry":{"type":"Point","coordinates":[15.78313,47.950442]},"properties":{"w":0.4357}},{"type":"Feature","geometry":{"type":"Point","coordinates":[15.882562,47.950304]},"properties":{"w":0.4099}},{"type":"Feature","geometry":{"type":"Point","coordinates":[15.81965,47.948808]},"properties":{"w":0.3493}},{"type":"Feature","geometry":{"type":"Point","coordinates":[15.855447,47.947232]},"properties":{"w":0.4251}},{"type":"Feature","geometry":{"type":"Point","coordinates":[15.800256,47.949938]},"properties":{"w":0.5324}},{"type":"Feature","geometry":{"type":"Point","coordinates":[15.639189,47.951908]},"properties":{"w":0.5649}},{"type":"Feature","geometry":{"type":"Point","coordinates":[15.67231,47.948239]},"properties":{"w":0.3404}},{"type":"Feature","geometry":{"type":"Point","coordinates":[15.832161,47.944274]},"properties":{"w":0.3673}},{"type":"Feature","geometry":{"type":"Point","coordinates":[15.437691,47.953292]},"properties":{"w":0.4026}},{"type":"Feature","geometry":{"type":"Point","coordinates":[15.927312,47.941919]},"properties":{"w":0.3994}},{"type":"Feature","geometry":{"type":"Point","coordinates":[15.654048,47.947425]},"properties":{"w":0.3938}},{"type":"Feature","geometry":{"type":"Point","coordinates":[14.983608,47.958923]},"properties":{"w":0.3493}},{"type":"Feature","geometry":{"type":"Point","coordinates":[16.637078,47.946559]},"properties":{"w":0.8725}},{"type":"Feature","geometry":{"type":"Point","coordinates":[15.662728,47.946562]},"properties":{"w":0.4139}},{"type":"Feature","geometry":{"type":"Point","coordinates":[15.772474,47.945985]},"properties":{"w":0.3535}},{"type":"Feature","geometry":{"type":"Point","coordinates":[16.360919,47.942481]},"properties":{"w":0.7489}},{"type":"Feature","geometry":{"type":"Point","coordinates":[15.783192,47.942879]},"properties":{"w":0.3827}},{"type":"Feature","geometry":{"type":"Point","coordinates":[16.955763,47.924178]},"properties":{"w":0.8585}},{"type":"Feature","geometry":{"type":"Point","coordinates":[15.845878,47.939808]},"properties":{"w":0.3728}},{"type":"Feature","geometry":{"type":"Point","coordinates":[15.577582,47.946859]},"properties":{"w":0.365}},{"type":"Feature","geometry":{"type":"Point","coordinates":[15.661815,47.940618]},"properties":{"w":0.3611}},{"type":"Feature","geometry":{"type":"Point","coordinates":[17.035192,47.913747]},"properties":{"w":0.7681}},{"type":"Feature","geometry":{"type":"Point","coordinates":[15.853954,47.936722]},"properties":{"w":0.3741}},{"type":"Feature","geometry":{"type":"Point","coordinates":[15.768037,47.933415]},"properties":{"w":0.3192}},{"type":"Feature","geometry":{"type":"Point","coordinates":[15.558615,47.937918]},"properties":{"w":0.3487}},{"type":"Feature","geometry":{"type":"Point","coordinates":[15.968644,47.928279]},"properties":{"w":0.327}},{"type":"Feature","geometry":{"type":"Point","coordinates":[15.734634,47.932198]},"properties":{"w":0.3205}},{"type":"Feature","geometry":{"type":"Point","coordinates":[15.646065,47.934561]},"properties":{"w":0.3923}},{"type":"Feature","geometry":{"type":"Point","coordinates":[15.799903,47.933487]},"properties":{"w":0.5044}},{"type":"Feature","geometry":{"type":"Point","coordinates":[15.75638,47.935045]},"properties":{"w":0.3728}},{"type":"Feature","geometry":{"type":"Point","coordinates":[15.253956,47.939142]},"properties":{"w":0.3576}},{"type":"Feature","geometry":{"type":"Point","coordinates":[15.713456,47.932193]},"properties":{"w":0.3128}},{"type":"Feature","geometry":{"type":"Point","coordinates":[15.553011,47.934597]},"properties":{"w":0.381}},{"type":"Feature","geometry":{"type":"Point","coordinates":[17.095302,47.902968]},"properties":{"w":0.5828}},{"type":"Feature","geometry":{"type":"Point","coordinates":[15.538869,47.935286]},"properties":{"w":0.4068}},{"type":"Feature","geometry":{"type":"Point","coordinates":[14.546439,47.949684]},"properties":{"w":0.4793}},{"type":"Feature","geometry":{"type":"Point","coordinates":[15.836397,47.927333]},"properties":{"w":0.7604}},{"type":"Feature","geometry":{"type":"Point","coordinates":[15.651655,47.923219]},"properties":{"w":0.3844}},{"type":"Feature","geometry":{"type":"Point","coordinates":[15.774413,47.918178]},"properties":{"w":0.3238}},{"type":"Feature","geometry":{"type":"Point","coordinates":[15.570546,47.926831]},"properties":{"w":0.5183}},{"type":"Feature","geometry":{"type":"Point","coordinates":[15.731356,47.917585]},"properties":{"w":0.3719}},{"type":"Feature","geometry":{"type":"Point","coordinates":[15.208709,47.927618]},"properties":{"w":0.4653}},{"type":"Feature","geometry":{"type":"Point","coordinates":[15.865045,47.918854]},"properties":{"w":0.5654}},{"type":"Feature","geometry":{"type":"Point","coordinates":[17.08523,47.876516]},"properties":{"w":0.315}},{"type":"Feature","geometry":{"type":"Point","coordinates":[15.823839,47.914008]},"properties":{"w":0.3915}},{"type":"Feature","geometry":{"type":"Point","coordinates":[15.832496,47.914135]},"properties":{"w":0.3957}},{"type":"Feature","geometry":{"type":"Point","coordinates":[15.881388,47.908611]},"properties":{"w":0.3231}},{"type":"Feature","geometry":{"type":"Point","coordinates":[15.870958,47.910412]},"properties":{"w":0.4115}},{"type":"Feature","geometry":{"type":"Point","coordinates":[15.846713,47.912512]},"properties":{"w":0.4626}},{"type":"Feature","geometry":{"type":"Point","coordinates":[14.718322,47.926326]},"properties":{"w":0.362}},{"type":"Feature","geometry":{"type":"Point","coordinates":[15.419471,47.922901]},"properties":{"w":0.6365}},{"type":"Feature","geometry":{"type":"Point","coordinates":[15.700569,47.909699]},"properties":{"w":0.3839}},{"type":"Feature","geometry":{"type":"Point","coordinates":[15.840151,47.910304]},"properties":{"w":0.3946}},{"type":"Feature","geometry":{"type":"Point","coordinates":[15.805535,47.910724]},"properties":{"w":0.6488}},{"type":"Feature","geometry":{"type":"Point","coordinates":[15.333783,47.922016]},"properties":{"w":0.4696}},{"type":"Feature","geometry":{"type":"Point","coordinates":[15.812623,47.904612]},"properties":{"w":0.3205}},{"type":"Feature","geometry":{"type":"Point","coordinates":[15.509697,47.909744]},"properties":{"w":0.3514}},{"type":"Feature","geometry":{"type":"Point","coordinates":[17.05006,47.872751]},"properties":{"w":0.4807}},{"type":"Feature","geometry":{"type":"Point","coordinates":[15.526443,47.907536]},"properties":{"w":0.3409}},{"type":"Feature","geometry":{"type":"Point","coordinates":[14.969871,47.915067]},"properties":{"w":0.3327}},{"type":"Feature","geometry":{"type":"Point","coordinates":[16.16877,47.889541]},"properties":{"w":0.4099}},{"type":"Feature","geometry":{"type":"Point","coordinates":[16.544324,47.881001]},"properties":{"w":0.5609}},{"type":"Feature","geometry":{"type":"Point","coordinates":[15.689377,47.90036]},"properties":{"w":0.3625}},{"type":"Feature","geometry":{"type":"Point","coordinates":[15.540488,47.90224]},"properties":{"w":0.3576}},{"type":"Feature","geometry":{"type":"Point","coordinates":[14.816383,47.912318]},"properties":{"w":0.3606}},{"type":"Feature","geometry":{"type":"Point","coordinates":[15.806895,47.898216]},"properties":{"w":0.5394}},{"type":"Feature","geometry":{"type":"Point","coordinates":[15.536031,47.896475]},"properties":{"w":0.3122}},{"type":"Feature","geometry":{"type":"Point","coordinates":[15.809314,47.891037]},"properties":{"w":0.3093}},{"type":"Feature","geometry":{"type":"Point","coordinates":[14.893678,47.907177]},"properties":{"w":0.3645}},{"type":"Feature","geometry":{"type":"Point","coordinates":[15.548035,47.895506]},"properties":{"w":0.378}},{"type":"Feature","geometry":{"type":"Point","coordinates":[15.384003,47.907054]},"properties":{"w":0.6068}},{"type":"Feature","geometry":{"type":"Point","coordinates":[15.782918,47.896523]},"properties":{"w":0.6541}},{"type":"Feature","geometry":{"type":"Point","coordinates":[15.565719,47.902672]},"properties":{"w":0.4788}},{"type":"Feature","geometry":{"type":"Point","coordinates":[15.656895,47.891425]},"properties":{"w":0.4277}},{"type":"Feature","geometry":{"type":"Point","coordinates":[15.539185,47.89165]},"properties":{"w":0.4075}},{"type":"Feature","geometry":{"type":"Point","coordinates":[15.441866,47.898886]},"properties":{"w":0.4365}},{"type":"Feature","geometry":{"type":"Point","coordinates":[14.805136,47.909865]},"properties":{"w":0.6192}},{"type":"Feature","geometry":{"type":"Point","coordinates":[15.422578,47.898736]},"properties":{"w":0.3953}},{"type":"Feature","geometry":{"type":"Point","coordinates":[15.823724,47.886765]},"properties":{"w":0.4631}},{"type":"Feature","geometry":{"type":"Point","coordinates":[15.647478,47.888276]},"properties":{"w":0.3225}},{"type":"Feature","geometry":{"type":"Point","coordinates":[14.853509,47.899731]},"properties":{"w":0.365}},{"type":"Feature","geometry":{"type":"Point","coordinates":[14.652575,47.903446]},"properties":{"w":0.4193}},{"type":"Feature","geometry":{"type":"Point","coordinates":[15.335662,47.900504]},"properties":{"w":0.7562}},{"type":"Feature","geometry":{"type":"Point","coordinates":[15.554127,47.887529]},"properties":{"w":0.3551}},{"type":"Feature","geometry":{"type":"Point","coordinates":[16.487756,47.885466]},"properties":{"w":0.8285}},{"type":"Feature","geometry":{"type":"Point","coordinates":[15.782406,47.883992]},"properties":{"w":0.4864}},{"type":"Feature","geometry":{"type":"Point","coordinates":[14.859137,47.896384]},"properties":{"w":0.3493}},{"type":"Feature","geometry":{"type":"Point","coordinates":[15.547448,47.883665]},"properties":{"w":0.3205}},{"type":"Feature","geometry":{"type":"Point","coordinates":[15.803071,47.881775]},"properties":{"w":0.575}},{"type":"Feature","geometry":{"type":"Point","coordinates":[16.888245,47.861756]},"properties":{"w":0.812}},{"type":"Feature","geometry":{"type":"Point","coordinates":[14.633795,47.893802]},"properties":{"w":0.3673}},{"type":"Feature","geometry":{"type":"Point","coordinates":[15.505625,47.881915]},"properties":{"w":0.4151}},{"type":"Feature","geometry":{"type":"Point","coordinates":[16.587485,47.889419]},"properties":{"w":0.9247}},{"type":"Feature","geometry":{"type":"Point","coordinates":[15.56848,47.881406]},"properties":{"w":0.4026}},{"type":"Feature","geometry":{"type":"Point","coordinates":[13.655204,47.902669]},"properties":{"w":0.3635}},{"type":"Feature","geometry":{"type":"Point","coordinates":[15.657367,47.881233]},"properties":{"w":0.5621}},{"type":"Feature","geometry":{"type":"Point","coordinates":[13.262763,47.906438]},"properties":{"w":0.7816}},{"type":"Feature","geometry":{"type":"Point","coordinates":[15.549646,47.878292]},"properties":{"w":0.3143}},{"type":"Feature","geometry":{"type":"Point","coordinates":[14.910132,47.888429]},"properties":{"w":0.4221}},{"type":"Feature","geometry":{"type":"Point","coordinates":[15.475905,47.877669]},"properties":{"w":0.3308}},{"type":"Feature","geometry":{"type":"Point","coordinates":[15.812251,47.870414]},"properties":{"w":0.3327}},{"type":"Feature","geometry":{"type":"Point","coordinates":[15.649337,47.873067]},"properties":{"w":0.3115}},{"type":"Feature","geometry":{"type":"Point","coordinates":[15.536686,47.880487]},"properties":{"w":0.4967}},{"type":"Feature","geometry":{"type":"Point","coordinates":[15.527154,47.876858]},"properties":{"w":0.3308}},{"type":"Feature","geometry":{"type":"Point","coordinates":[15.672166,47.876092]},"properties":{"w":0.4661}},{"type":"Feature","geometry":{"type":"Point","coordinates":[15.518449,47.878414]},"properties":{"w":0.4733}},{"type":"Feature","geometry":{"type":"Point","coordinates":[15.817512,47.867143]},"properties":{"w":0.4105}},{"type":"Feature","geometry":{"type":"Point","coordinates":[15.737362,47.871319]},"properties":{"w":0.4306}},{"type":"Feature","geometry":{"type":"Point","coordinates":[15.499561,47.87706]},"properties":{"w":0.5455}},{"type":"Feature","geometry":{"type":"Point","coordinates":[14.182168,47.890898]},"properties":{"w":0.3368}},{"type":"Feature","geometry":{"type":"Point","coordinates":[15.463877,47.875419]},"properties":{"w":0.3415}},{"type":"Feature","geometry":{"type":"Point","coordinates":[15.492473,47.87156]},"properties":{"w":0.4099}},{"type":"Feature","geometry":{"type":"Point","coordinates":[15.733398,47.86451]},"properties":{"w":0.3308}},{"type":"Feature","geometry":{"type":"Point","coordinates":[15.429919,47.877405]},"properties":{"w":0.6132}},{"type":"Feature","geometry":{"type":"Point","coordinates":[15.479066,47.870507]},"properties":{"w":0.418}},{"type":"Feature","geometry":{"type":"Point","coordinates":[15.798815,47.864522]},"properties":{"w":0.4051}},{"type":"Feature","geometry":{"type":"Point","coordinates":[15.434198,47.867883]},"properties":{"w":0.3171}},{"type":"Feature","geometry":{"type":"Point","coordinates":[16.880584,47.837626]},"properties":{"w":0.4962}},{"type":"Feature","geometry":{"type":"Point","coordinates":[15.812607,47.860223]},"properties":{"w":0.4955}},{"type":"Feature","geometry":{"type":"Point","coordinates":[14.902704,47.877434]},"properties":{"w":0.3576}},{"type":"Feature","geometry":{"type":"Point","coordinates":[15.788625,47.861429]},"properties":{"w":0.4512}},{"type":"Feature","geometry":{"type":"Point","coordinates":[14.639503,47.87907]},"properties":{"w":0.4617}},{"type":"Feature","geometry":{"type":"Point","coordinates":[14.382538,47.886357]},"properties":{"w":0.6834}},{"type":"Feature","geometry":{"type":"Point","coordinates":[15.642342,47.868265]},"properties":{"w":0.6245}},{"type":"Feature","geometry":{"type":"Point","coordinates":[13.244949,47.887541]},"properties":{"w":0.6603}},{"type":"Feature","geometry":{"type":"Point","coordinates":[14.404188,47.878592]},"properties":{"w":0.5096}},{"type":"Feature","geometry":{"type":"Point","coordinates":[13.882862,47.884421]},"properties":{"w":0.6791}},{"type":"Feature","geometry":{"type":"Point","coordinates":[15.748974,47.857485]},"properties":{"w":0.5475}},{"type":"Feature","geometry":{"type":"Point","coordinates":[14.75992,47.870362]},"properties":{"w":0.3728}},{"type":"Feature","geometry":{"type":"Point","coordinates":[15.466707,47.858695]},"properties":{"w":0.4099}},{"type":"Feature","geometry":{"type":"Point","coordinates":[13.649765,47.886608]},"properties":{"w":0.6885}},{"type":"Feature","geometry":{"type":"Point","coordinates":[15.655938,47.856429]},"properties":{"w":0.5629}},{"type":"Feature","geometry":{"type":"Point","coordinates":[15.677817,47.853276]},"properties":{"w":0.4981}},{"type":"Feature","geometry":{"type":"Point","coordinates":[15.482897,47.854634]},"properties":{"w":0.3093}},{"type":"Feature","geometry":{"type":"Point","coordinates":[13.385016,47.895232]},"properties":{"w":0.7746}},{"type":"Feature","geometry":{"type":"Point","coordinates":[14.911358,47.871046]},"properties":{"w":0.6831}},{"type":"Feature","geometry":{"type":"Point","coordinates":[13.47466,47.876081]},"properties":{"w":0.5003}},{"type":"Feature","geometry":{"type":"Point","coordinates":[15.75403,47.850663]},"properties":{"w":0.4646}},{"type":"Feature","geometry":{"type":"Point","coordinates":[13.895269,47.871871]},"properties":{"w":0.3277}},{"type":"Feature","geometry":{"type":"Point","coordinates":[15.929026,47.846917]},"properties":{"w":0.5489}},{"type":"Feature","geometry":{"type":"Point","coordinates":[14.894128,47.861451]},"properties":{"w":0.3923}},{"type":"Feature","geometry":{"type":"Point","coordinates":[14.981283,47.861188]},"properties":{"w":0.3368}},{"type":"Feature","geometry":{"type":"Point","coordinates":[16.344527,47.833127]},"properties":{"w":0.3964}},{"type":"Feature","geometry":{"type":"Point","coordinates":[15.640467,47.848407]},"properties":{"w":0.3551}},{"type":"Feature","geometry":{"type":"Point","coordinates":[13.63009,47.868237]},"properties":{"w":0.4334}},{"type":"Feature","geometry":{"type":"Point","coordinates":[15.436852,47.851249]},"properties":{"w":0.4983}},{"type":"Feature","geometry":{"type":"Point","coordinates":[15.678642,47.844369]},"properties":{"w":0.3218}},{"type":"Feature","geometry":{"type":"Point","coordinates":[15.507379,47.852373]},"properties":{"w":0.4418}},{"type":"Feature","geometry":{"type":"Point","coordinates":[14.376465,47.862784]},"properties":{"w":0.3386}},{"type":"Feature","geometry":{"type":"Point","coordinates":[15.418453,47.85518]},"properties":{"w":0.6264}},{"type":"Feature","geometry":{"type":"Point","coordinates":[15.482287,47.847177]},"properties":{"w":0.3831}},{"type":"Feature","geometry":{"type":"Point","coordinates":[15.465407,47.847369]},"properties":{"w":0.4857}},{"type":"Feature","geometry":{"type":"Point","coordinates":[13.890173,47.863011]},"properties":{"w":0.3421}},{"type":"Feature","geometry":{"type":"Point","coordinates":[15.765146,47.844796]},"properties":{"w":0.5285}},{"type":"Feature","geometry":{"type":"Point","coordinates":[15.755262,47.844075]},"properties":{"w":0.4323}},{"type":"Feature","geometry":{"type":"Point","coordinates":[13.875743,47.861017]},"properties":{"w":0.3404}},{"type":"Feature","geometry":{"type":"Point","coordinates":[15.76351,47.835718]},"properties":{"w":0.3576}},{"type":"Feature","geometry":{"type":"Point","coordinates":[15.711562,47.839368]},"properties":{"w":0.5369}},{"type":"Feature","geometry":{"type":"Point","coordinates":[15.485984,47.840649]},"properties":{"w":0.3157}},{"type":"Feature","geometry":{"type":"Point","coordinates":[15.727842,47.847099]},"properties":{"w":0.7259}},{"type":"Feature","geometry":{"type":"Point","coordinates":[14.053084,47.860611]},"properties":{"w":0.4534}},{"type":"Feature","geometry":{"type":"Point","coordinates":[15.665031,47.838354]},"properties":{"w":0.432}},{"type":"Feature","geometry":{"type":"Point","coordinates":[15.924272,47.833757]},"properties":{"w":0.4292}},{"type":"Feature","geometry":{"type":"Point","coordinates":[17.028901,47.826007]},"properties":{"w":0.9933}},{"type":"Feature","geometry":{"type":"Point","coordinates":[13.614298,47.862477]},"properties":{"w":0.6443}},{"type":"Feature","geometry":{"type":"Point","coordinates":[14.410773,47.852671]},"properties":{"w":0.3205}},{"type":"Feature","geometry":{"type":"Point","coordinates":[15.642825,47.835898]},"properties":{"w":0.3327}},{"type":"Feature","geometry":{"type":"Point","coordinates":[15.513,47.837093]},"properties":{"w":0.3591}},{"type":"Feature","geometry":{"type":"Point","coordinates":[15.39,47.83813]},"properties":{"w":0.3198}},{"type":"Feature","geometry":{"type":"Point","coordinates":[15.8575,47.828116]},"properties":{"w":0.3835}},{"type":"Feature","geometry":{"type":"Point","coordinates":[15.341829,47.838606]},"properties":{"w":0.3556}},{"type":"Feature","geometry":{"type":"Point","coordinates":[15.496129,47.834899]},"properties":{"w":0.3258}},{"type":"Feature","geometry":{"type":"Point","coordinates":[13.622464,47.853122]},"properties":{"w":0.3798}},{"type":"Feature","geometry":{"type":"Point","coordinates":[13.839437,47.855014]},"properties":{"w":0.4135}},{"type":"Feature","geometry":{"type":"Point","coordinates":[16.445291,47.812605]},"properties":{"w":0.4187}},{"type":"Feature","geometry":{"type":"Point","coordinates":[15.786588,47.833608]},"properties":{"w":0.5947}},{"type":"Feature","geometry":{"type":"Point","coordinates":[14.814676,47.842737]},"properties":{"w":0.3205}},{"type":"Feature","geometry":{"type":"Point","coordinates":[15.629587,47.838472]},"properties":{"w":0.6214}},{"type":"Feature","geometry":{"type":"Point","coordinates":[14.839526,47.844185]},"properties":{"w":0.4631}},{"type":"Feature","geometry":{"type":"Point","coordinates":[15.921014,47.82238]},"properties":{"w":0.3157}},{"type":"Feature","geometry":{"type":"Point","coordinates":[15.445604,47.835787]},"properties":{"w":0.4177}},{"type":"Feature","geometry":{"type":"Point","coordinates":[15.635297,47.829374]},"properties":{"w":0.3093}},{"type":"Feature","geometry":{"type":"Point","coordinates":[14.326316,47.846019]},"properties":{"w":0.3107}},{"type":"Feature","geometry":{"type":"Point","coordinates":[14.975675,47.84081]},"properties":{"w":0.4177}},{"type":"Feature","geometry":{"type":"Point","coordinates":[16.983027,47.820919]},"properties":{"w":0.873}},{"type":"Feature","geometry":{"type":"Point","coordinates":[13.911731,47.847165]},"properties":{"w":0.4357}},{"type":"Feature","geometry":{"type":"Point","coordinates":[15.64912,47.830017]},"properties":{"w":0.5663}},{"type":"Feature","geometry":{"type":"Point","coordinates":[13.624801,47.846855]},"properties":{"w":0.3606}},{"type":"Feature","geometry":{"type":"Point","coordinates":[14.389339,47.845332]},"properties":{"w":0.3611}},{"type":"Feature","geometry":{"type":"Point","coordinates":[14.820893,47.8372]},"properties":{"w":0.3493}},{"type":"Feature","geometry":{"type":"Point","coordinates":[14.299087,47.840703]},"properties":{"w":0.4723}},{"type":"Feature","geometry":{"type":"Point","coordinates":[14.334407,47.837157]},"properties":{"w":0.4608}},{"type":"Feature","geometry":{"type":"Point","coordinates":[15.40266,47.824922]},"properties":{"w":0.5315}},{"type":"Feature","geometry":{"type":"Point","coordinates":[14.382419,47.838359]},"properties":{"w":0.5498}},{"type":"Feature","geometry":{"type":"Point","coordinates":[15.636812,47.815212]},"properties":{"w":0.3093}},{"type":"Feature","geometry":{"type":"Point","coordinates":[14.603832,47.832382]},"properties":{"w":0.448}},{"type":"Feature","geometry":{"type":"Point","coordinates":[14.565771,47.832517]},"properties":{"w":0.3205}},{"type":"Feature","geometry":{"type":"Point","coordinates":[14.577681,47.832841]},"properties":{"w":0.4119}},{"type":"Feature","geometry":{"type":"Point","coordinates":[13.904598,47.836572]},"properties":{"w":0.5581}},{"type":"Feature","geometry":{"type":"Point","coordinates":[14.337219,47.829901]},"properties":{"w":0.3205}},{"type":"Feature","geometry":{"type":"Point","coordinates":[14.051848,47.833863]},"properties":{"w":0.4698}},{"type":"Feature","geometry":{"type":"Point","coordinates":[15.663464,47.811317]},"properties":{"w":0.4608}},{"type":"Feature","geometry":{"type":"Point","coordinates":[13.697923,47.83347]},"properties":{"w":0.4741}},{"type":"Feature","geometry":{"type":"Point","coordinates":[13.871586,47.834676]},"properties":{"w":0.494}},{"type":"Feature","geometry":{"type":"Point","coordinates":[13.712213,47.83367]},"properties":{"w":0.3093}},{"type":"Feature","geometry":{"type":"Point","coordinates":[14.801264,47.826844]},"properties":{"w":0.4236}},{"type":"Feature","geometry":{"type":"Point","coordinates":[14.231531,47.826709]},"properties":{"w":0.3122}},{"type":"Feature","geometry":{"type":"Point","coordinates":[14.103103,47.833022]},"properties":{"w":0.5629}},{"type":"Feature","geometry":{"type":"Point","coordinates":[14.583956,47.825095]},"properties":{"w":0.3493}},{"type":"Feature","geometry":{"type":"Point","coordinates":[13.874294,47.828411]},"properties":{"w":0.3728}},{"type":"Feature","geometry":{"type":"Point","coordinates":[14.090745,47.825526]},"properties":{"w":0.3953}},{"type":"Feature","geometry":{"type":"Point","coordinates":[14.08189,47.821805]},"properties":{"w":0.3404}},{"type":"Feature","geometry":{"type":"Point","coordinates":[13.861893,47.823432]},"properties":{"w":0.3404}},{"type":"Feature","geometry":{"type":"Point","coordinates":[13.620753,47.82585]},"properties":{"w":0.3741}},{"type":"Feature","geometry":{"type":"Point","coordinates":[14.284349,47.820001]},"properties":{"w":0.3264}},{"type":"Feature","geometry":{"type":"Point","coordinates":[15.51118,47.803264]},"properties":{"w":0.338}},{"type":"Feature","geometry":{"type":"Point","coordinates":[14.562037,47.818324]},"properties":{"w":0.3205}},{"type":"Feature","geometry":{"type":"Point","coordinates":[15.449324,47.803172]},"properties":{"w":0.3398}},{"type":"Feature","geometry":{"type":"Point","coordinates":[14.898489,47.813093]},"properties":{"w":0.4633}},{"type":"Feature","geometry":{"type":"Point","coordinates":[14.056702,47.820996]},"properties":{"w":0.3404}},{"type":"Feature","geometry":{"type":"Point","coordinates":[14.234108,47.818793]},"properties":{"w":0.4585}},{"type":"Feature","geometry":{"type":"Point","coordinates":[14.574638,47.815952]},"properties":{"w":0.3635}},{"type":"Feature","geometry":{"type":"Point","coordinates":[14.673874,47.814335]},"properties":{"w":0.3864}},{"type":"Feature","geometry":{"type":"Point","coordinates":[14.368327,47.818428]},"properties":{"w":0.4193}},{"type":"Feature","geometry":{"type":"Point","coordinates":[14.588377,47.813632]},"properties":{"w":0.3093}},{"type":"Feature","geometry":{"type":"Point","coordinates":[14.321946,47.819034]},"properties":{"w":0.4743}},{"type":"Feature","geometry":{"type":"Point","coordinates":[14.353973,47.815478]},"properties":{"w":0.3728}},{"type":"Feature","geometry":{"type":"Point","coordinates":[14.294367,47.816297]},"properties":{"w":0.4715}},{"type":"Feature","geometry":{"type":"Point","coordinates":[15.338582,47.802156]},"properties":{"w":0.3635}},{"type":"Feature","geometry":{"type":"Point","coordinates":[15.600327,47.798251]},"properties":{"w":0.44}},{"type":"Feature","geometry":{"type":"Point","coordinates":[14.582587,47.811716]},"properties":{"w":0.3093}},{"type":"Feature","geometry":{"type":"Point","coordinates":[15.587658,47.795337]},"properties":{"w":0.3487}},{"type":"Feature","geometry":{"type":"Point","coordinates":[14.895093,47.806384]},"properties":{"w":0.3438}},{"type":"Feature","geometry":{"type":"Point","coordinates":[14.481012,47.812704]},"properties":{"w":0.4457}},{"type":"Feature","geometry":{"type":"Point","coordinates":[13.628639,47.819596]},"properties":{"w":0.4626}},{"type":"Feature","geometry":{"type":"Point","coordinates":[13.85633,47.817992]},"properties":{"w":0.4657}},{"type":"Feature","geometry":{"type":"Point","coordinates":[15.370831,47.798372]},"properties":{"w":0.3576}},{"type":"Feature","geometry":{"type":"Point","coordinates":[13.599446,47.820467]},"properties":{"w":0.7043}},{"type":"Feature","geometry":{"type":"Point","coordinates":[15.422437,47.808347]},"properties":{"w":0.779}},{"type":"Feature","geometry":{"type":"Point","coordinates":[14.728336,47.806355]},"properties":{"w":0.3398}},{"type":"Feature","geometry":{"type":"Point","coordinates":[15.382251,47.798766]},"properties":{"w":0.3444}},{"type":"Feature","geometry":{"type":"Point","coordinates":[16.926176,47.758415]},"properties":{"w":0.4569}},{"type":"Feature","geometry":{"type":"Point","coordinates":[13.982161,47.811915]},"properties":{"w":0.3398}},{"type":"Feature","geometry":{"type":"Point","coordinates":[14.042337,47.81083]},"properties":{"w":0.4151}},{"type":"Feature","geometry":{"type":"Point","coordinates":[15.571159,47.790968]},"properties":{"w":0.3493}},{"type":"Feature","geometry":{"type":"Point","coordinates":[16.943808,47.757847]},"properties":{"w":0.6152}},{"type":"Feature","geometry":{"type":"Point","coordinates":[14.880317,47.801206]},"properties":{"w":0.3654}},{"type":"Feature","geometry":{"type":"Point","coordinates":[15.388546,47.7936]},"properties":{"w":0.3571}},{"type":"Feature","geometry":{"type":"Point","coordinates":[14.571041,47.803586]},"properties":{"w":0.3205}},{"type":"Feature","geometry":{"type":"Point","coordinates":[15.225234,47.793505]},"properties":{"w":0.3998}},{"type":"Feature","geometry":{"type":"Point","coordinates":[15.528405,47.790735]},"properties":{"w":0.3415}},{"type":"Feature","geometry":{"type":"Point","coordinates":[14.410033,47.809498]},"properties":{"w":0.6869}},{"type":"Feature","geometry":{"type":"Point","coordinates":[15.36234,47.789865]},"properties":{"w":0.3454}},{"type":"Feature","geometry":{"type":"Point","coordinates":[16.630786,47.767374]},"properties":{"w":0.5953}},{"type":"Feature","geometry":{"type":"Point","coordinates":[15.376949,47.789615]},"properties":{"w":0.3404}},{"type":"Feature","geometry":{"type":"Point","coordinates":[15.651385,47.782158]},"properties":{"w":0.3093}},{"type":"Feature","geometry":{"type":"Point","coordinates":[13.654073,47.808342]},"properties":{"w":0.674}},{"type":"Feature","geometry":{"type":"Point","coordinates":[15.54391,47.786908]},"properties":{"w":0.5003}},{"type":"Feature","geometry":{"type":"Point","coordinates":[14.000668,47.803948]},"properties":{"w":0.3205}},{"type":"Feature","geometry":{"type":"Point","coordinates":[14.570045,47.79738]},"properties":{"w":0.3205}},{"type":"Feature","geometry":{"type":"Point","coordinates":[14.858734,47.794903]},"properties":{"w":0.4263}},{"type":"Feature","geometry":{"type":"Point","coordinates":[16.578397,47.75949]},"properties":{"w":0.6143}},{"type":"Feature","geometry":{"type":"Point","coordinates":[14.010149,47.798515]},"properties":{"w":0.365}},{"type":"Feature","geometry":{"type":"Point","coordinates":[15.213843,47.785172]},"properties":{"w":0.4208}},{"type":"Feature","geometry":{"type":"Point","coordinates":[15.423456,47.786264]},"properties":{"w":0.5581}},{"type":"Feature","geometry":{"type":"Point","coordinates":[14.049221,47.796869]},"properties":{"w":0.5751}},{"type":"Feature","geometry":{"type":"Point","coordinates":[14.499247,47.790356]},"properties":{"w":0.3802}},{"type":"Feature","geometry":{"type":"Point","coordinates":[13.863269,47.794392]},"properties":{"w":0.3616}},{"type":"Feature","geometry":{"type":"Point","coordinates":[14.067401,47.792455]},"properties":{"w":0.3308}},{"type":"Feature","geometry":{"type":"Point","coordinates":[15.641287,47.771394]},"properties":{"w":0.3566}},{"type":"Feature","geometry":{"type":"Point","coordinates":[14.510398,47.787675]},"properties":{"w":0.3426}},{"type":"Feature","geometry":{"type":"Point","coordinates":[15.415098,47.776738]},"properties":{"w":0.4205}},{"type":"Feature","geometry":{"type":"Point","coordinates":[15.408902,47.773938]},"properties":{"w":0.3691}},{"type":"Feature","geometry":{"type":"Point","coordinates":[14.060534,47.788284]},"properties":{"w":0.3093}},{"type":"Feature","geometry":{"type":"Point","coordinates":[13.693424,47.803206]},"properties":{"w":0.7558}},{"type":"Feature","geometry":{"type":"Point","coordinates":[17.061161,47.745453]},"properties":{"w":0.7868}},{"type":"Feature","geometry":{"type":"Point","coordinates":[13.87755,47.790069]},"properties":{"w":0.6032}},{"type":"Feature","geometry":{"type":"Point","coordinates":[15.602995,47.767868]},"properties":{"w":0.3205}},{"type":"Feature","geometry":{"type":"Point","coordinates":[13.992193,47.786409]},"properties":{"w":0.3487}},{"type":"Feature","geometry":{"type":"Point","coordinates":[15.998625,47.760551]},"properties":{"w":0.4604}},{"type":"Feature","geometry":{"type":"Point","coordinates":[14.556134,47.782845]},"properties":{"w":0.3093}},{"type":"Feature","geometry":{"type":"Point","coordinates":[15.567257,47.766564]},"properties":{"w":0.3404}},{"type":"Feature","geometry":{"type":"Point","coordinates":[14.110736,47.785352]},"properties":{"w":0.3625}},{"type":"Feature","geometry":{"type":"Point","coordinates":[13.846325,47.786862]},"properties":{"w":0.5299}},{"type":"Feature","geometry":{"type":"Point","coordinates":[13.888951,47.783709]},"properties":{"w":0.4387}},{"type":"Feature","geometry":{"type":"Point","coordinates":[14.092863,47.782767]},"properties":{"w":0.3847}},{"type":"Feature","geometry":{"type":"Point","coordinates":[13.60606,47.783923]},"properties":{"w":0.3596}},{"type":"Feature","geometry":{"type":"Point","coordinates":[14.128367,47.780844]},"properties":{"w":0.3225}},{"type":"Feature","geometry":{"type":"Point","coordinates":[14.535472,47.777002]},"properties":{"w":0.3728}},{"type":"Feature","geometry":{"type":"Point","coordinates":[14.111944,47.779942]},"properties":{"w":0.3493}},{"type":"Feature","geometry":{"type":"Point","coordinates":[15.250132,47.764046]},"properties":{"w":0.3136}},{"type":"Feature","geometry":{"type":"Point","coordinates":[14.568589,47.773421]},"properties":{"w":0.4099}},{"type":"Feature","geometry":{"type":"Point","coordinates":[15.627671,47.759039]},"properties":{"w":0.3654}},{"type":"Feature","geometry":{"type":"Point","coordinates":[16.882307,47.732674]},"properties":{"w":0.684}},{"type":"Feature","geometry":{"type":"Point","coordinates":[15.230504,47.767806]},"properties":{"w":0.3746}},{"type":"Feature","geometry":{"type":"Point","coordinates":[15.652711,47.754769]},"properties":{"w":0.3093}},{"type":"Feature","geometry":{"type":"Point","coordinates":[14.085866,47.776591]},"properties":{"w":0.3308}},{"type":"Feature","geometry":{"type":"Point","coordinates":[14.015723,47.778519]},"properties":{"w":0.4306}},{"type":"Feature","geometry":{"type":"Point","coordinates":[15.591634,47.755424]},"properties":{"w":0.3987}},{"type":"Feature","geometry":{"type":"Point","coordinates":[14.047338,47.782709]},"properties":{"w":0.6294}},{"type":"Feature","geometry":{"type":"Point","coordinates":[15.556403,47.756221]},"properties":{"w":0.3093}},{"type":"Feature","geometry":{"type":"Point","coordinates":[14.125228,47.775623]},"properties":{"w":0.3093}},{"type":"Feature","geometry":{"type":"Point","coordinates":[14.576311,47.771362]},"properties":{"w":0.3806}},{"type":"Feature","geometry":{"type":"Point","coordinates":[14.523091,47.77816]},"properties":{"w":0.6013}},{"type":"Feature","geometry":{"type":"Point","coordinates":[15.566821,47.772648]},"properties":{"w":0.7619}},{"type":"Feature","geometry":{"type":"Point","coordinates":[14.030276,47.774923]},"properties":{"w":0.3864}},{"type":"Feature","geometry":{"type":"Point","coordinates":[14.563452,47.769098]},"properties":{"w":0.3404}},{"type":"Feature","geometry":{"type":"Point","coordinates":[15.606107,47.754564]},"properties":{"w":0.4274}},{"type":"Feature","geometry":{"type":"Point","coordinates":[15.266965,47.758206]},"properties":{"w":0.3673}},{"type":"Feature","geometry":{"type":"Point","coordinates":[13.585059,47.773407]},"properties":{"w":0.3576}},{"type":"Feature","geometry":{"type":"Point","coordinates":[13.906239,47.774326]},"properties":{"w":0.506}},{"type":"Feature","geometry":{"type":"Point","coordinates":[15.430245,47.752414]},"properties":{"w":0.3218}},{"type":"Feature","geometry":{"type":"Point","coordinates":[14.088382,47.769146]},"properties":{"w":0.4574}},{"type":"Feature","geometry":{"type":"Point","coordinates":[15.637628,47.747683]},"properties":{"w":0.4151}},{"type":"Feature","geometry":{"type":"Point","coordinates":[14.935079,47.762887]},"properties":{"w":0.5199}},{"type":"Feature","geometry":{"type":"Point","coordinates":[13.601248,47.770077]},"properties":{"w":0.3888}},{"type":"Feature","geometry":{"type":"Point","coordinates":[14.611136,47.761164]},"properties":{"w":0.2825}},{"type":"Feature","geometry":{"type":"Point","coordinates":[14.517011,47.767148]},"properties":{"w":0.6246}},{"type":"Feature","geometry":{"type":"Point","coordinates":[13.45753,47.766967]},"properties":{"w":0.2937}},{"type":"Feature","geometry":{"type":"Point","coordinates":[15.622723,47.743774]},"properties":{"w":0.3755}},{"type":"Feature","geometry":{"type":"Point","coordinates":[13.882969,47.765993]},"properties":{"w":0.4343}},{"type":"Feature","geometry":{"type":"Point","coordinates":[13.874893,47.768592]},"properties":{"w":0.3728}},{"type":"Feature","geometry":{"type":"Point","coordinates":[13.558336,47.766365]},"properties":{"w":0.3611}},{"type":"Feature","geometry":{"type":"Point","coordinates":[15.409174,47.747574]},"properties":{"w":0.6283}},{"type":"Feature","geometry":{"type":"Point","coordinates":[16.463429,47.727897]},"properties":{"w":0.5592}},{"type":"Feature","geometry":{"type":"Point","coordinates":[14.111928,47.763094]},"properties":{"w":0.4232}},{"type":"Feature","geometry":{"type":"Point","coordinates":[14.028987,47.768739]},"properties":{"w":0.5755}},{"type":"Feature","geometry":{"type":"Point","coordinates":[13.510181,47.764162]},"properties":{"w":0.4329}},{"type":"Feature","geometry":{"type":"Point","coordinates":[13.892934,47.76044]},"properties":{"w":0.3308}},{"type":"Feature","geometry":{"type":"Point","coordinates":[13.569355,47.761042]},"properties":{"w":0.4269}},{"type":"Feature","geometry":{"type":"Point","coordinates":[15.929554,47.738691]},"properties":{"w":0.5645}},{"type":"Feature","geometry":{"type":"Point","coordinates":[14.062386,47.758192]},"properties":{"w":0.4429}},{"type":"Feature","geometry":{"type":"Point","coordinates":[13.90121,47.758675]},"properties":{"w":0.3927}},{"type":"Feature","geometry":{"type":"Point","coordinates":[14.039097,47.756117]},"properties":{"w":0.4429}},{"type":"Feature","geometry":{"type":"Point","coordinates":[14.85407,47.745901]},"properties":{"w":0.3776}},{"type":"Feature","geometry":{"type":"Point","coordinates":[13.91905,47.758198]},"properties":{"w":0.6386}},{"type":"Feature","geometry":{"type":"Point","coordinates":[15.380494,47.738771]},"properties":{"w":0.3107}},{"type":"Feature","geometry":{"type":"Point","coordinates":[13.628524,47.757567]},"properties":{"w":0.4085}},{"type":"Feature","geometry":{"type":"Point","coordinates":[14.048608,47.760391]},"properties":{"w":0.5101}},{"type":"Feature","geometry":{"type":"Point","coordinates":[14.587721,47.75364]},"properties":{"w":0.6477}},{"type":"Feature","geometry":{"type":"Point","coordinates":[14.037483,47.751792]},"properties":{"w":0.3205}},{"type":"Feature","geometry":{"type":"Point","coordinates":[15.399756,47.738583]},"properties":{"w":0.6139}},{"type":"Feature","geometry":{"type":"Point","coordinates":[13.898663,47.75239]},"properties":{"w":0.3728}},{"type":"Feature","geometry":{"type":"Point","coordinates":[16.290903,47.727949]},"properties":{"w":0.6165}},{"type":"Feature","geometry":{"type":"Point","coordinates":[13.136447,47.753845]},"properties":{"w":0.3942}},{"type":"Feature","geometry":{"type":"Point","coordinates":[13.738475,47.752896]},"properties":{"w":0.4373}},{"type":"Feature","geometry":{"type":"Point","coordinates":[15.83442,47.728593]},"properties":{"w":0.6196}},{"type":"Feature","geometry":{"type":"Point","coordinates":[13.6321,47.750875]},"properties":{"w":0.3471}},{"type":"Feature","geometry":{"type":"Point","coordinates":[13.991794,47.758643]},"properties":{"w":0.7142}},{"type":"Feature","geometry":{"type":"Point","coordinates":[16.971957,47.702994]},"properties":{"w":0.8467}},{"type":"Feature","geometry":{"type":"Point","coordinates":[15.850167,47.722178]},"properties":{"w":0.3476}},{"type":"Feature","geometry":{"type":"Point","coordinates":[13.290751,47.750839]},"properties":{"w":0.3763}},{"type":"Feature","geometry":{"type":"Point","coordinates":[14.952454,47.743384]},"properties":{"w":0.7009}},{"type":"Feature","geometry":{"type":"Point","coordinates":[15.869277,47.731382]},"properties":{"w":0.7848}},{"type":"Feature","geometry":{"type":"Point","coordinates":[13.807442,47.742836]},"properties":{"w":0.4329}},{"type":"Feature","geometry":{"type":"Point","coordinates":[15.903312,47.725877]},"properties":{"w":0.797}},{"type":"Feature","geometry":{"type":"Point","coordinates":[13.15357,47.746432]},"properties":{"w":0.3576}},{"type":"Feature","geometry":{"type":"Point","coordinates":[13.34054,47.74294]},"properties":{"w":0.3466}},{"type":"Feature","geometry":{"type":"Point","coordinates":[14.381675,47.735891]},"properties":{"w":0.3231}},{"type":"Feature","geometry":{"type":"Point","coordinates":[13.888928,47.744864]},"properties":{"w":0.6921}},{"type":"Feature","geometry":{"type":"Point","coordinates":[14.532223,47.739199]},"properties":{"w":0.5741}},{"type":"Feature","geometry":{"type":"Point","coordinates":[13.210995,47.74126]},"properties":{"w":0.3728}},{"type":"Feature","geometry":{"type":"Point","coordinates":[15.675321,47.715063]},"properties":{"w":0.3728}},{"type":"Feature","geometry":{"type":"Point","coordinates":[13.337418,47.739161]},"properties":{"w":0.4082}},{"type":"Feature","geometry":{"type":"Point","coordinates":[13.305718,47.738562]},"properties":{"w":0.467}},{"type":"Feature","geometry":{"type":"Point","coordinates":[14.025691,47.743584]},"properties":{"w":0.6576}},{"type":"Feature","geometry":{"type":"Point","coordinates":[14.074942,47.730008]},"properties":{"w":0.3404}},{"type":"Feature","geometry":{"type":"Point","coordinates":[14.093255,47.731096]},"properties":{"w":0.4622}},{"type":"Feature","geometry":{"type":"Point","coordinates":[14.936693,47.725971]},"properties":{"w":0.4571}},{"type":"Feature","geometry":{"type":"Point","coordinates":[13.770925,47.728316]},"properties":{"w":0.3171}},{"type":"Feature","geometry":{"type":"Point","coordinates":[15.383071,47.71155]},"properties":{"w":0.4657}},{"type":"Feature","geometry":{"type":"Point","coordinates":[15.389622,47.722274]},"properties":{"w":0.6402}},{"type":"Feature","geometry":{"type":"Point","coordinates":[14.113131,47.723519]},"properties":{"w":0.3776}},{"type":"Feature","geometry":{"type":"Point","coordinates":[14.140303,47.722975]},"properties":{"w":0.3093}},{"type":"Feature","geometry":{"type":"Point","coordinates":[14.099866,47.723914]},"properties":{"w":0.4993}},{"type":"Feature","geometry":{"type":"Point","coordinates":[15.392889,47.708313]},"properties":{"w":0.447}},{"type":"Feature","geometry":{"type":"Point","coordinates":[15.31534,47.710227]},"properties":{"w":0.4447}},{"type":"Feature","geometry":{"type":"Point","coordinates":[15.403365,47.70639]},"properties":{"w":0.4251}},{"type":"Feature","geometry":{"type":"Point","coordinates":[15.360924,47.709549]},"properties":{"w":0.3616}},{"type":"Feature","geometry":{"type":"Point","coordinates":[13.803652,47.721265]},"properties":{"w":0.3576}},{"type":"Feature","geometry":{"type":"Point","coordinates":[14.083653,47.72018]},"properties":{"w":0.4642}},{"type":"Feature","geometry":{"type":"Point","coordinates":[13.753847,47.724449]},"properties":{"w":0.5071}},{"type":"Feature","geometry":{"type":"Point","coordinates":[13.831925,47.722574]},"properties":{"w":0.4323}},{"type":"Feature","geometry":{"type":"Point","coordinates":[13.820446,47.723427]},"properties":{"w":0.5498}},{"type":"Feature","geometry":{"type":"Point","coordinates":[13.688223,47.719747]},"properties":{"w":0.4725}},{"type":"Feature","geometry":{"type":"Point","coordinates":[15.395944,47.70181]},"properties":{"w":0.3302}},{"type":"Feature","geometry":{"type":"Point","coordinates":[13.368084,47.722431]},"properties":{"w":0.5796}},{"type":"Feature","geometry":{"type":"Point","coordinates":[13.789185,47.718593]},"properties":{"w":0.3927}},{"type":"Feature","geometry":{"type":"Point","coordinates":[12.970261,47.718075]},"properties":{"w":0.388}},{"type":"Feature","geometry":{"type":"Point","coordinates":[12.217958,47.712972]},"properties":{"w":0.3136}},{"type":"Feature","geometry":{"type":"Point","coordinates":[15.297645,47.707649]},"properties":{"w":0.5423}},{"type":"Feature","geometry":{"type":"Point","coordinates":[13.850852,47.72209]},"properties":{"w":0.4068}},{"type":"Feature","geometry":{"type":"Point","coordinates":[12.993666,47.717418]},"properties":{"w":0.3308}},{"type":"Feature","geometry":{"type":"Point","coordinates":[13.809346,47.716055]},"properties":{"w":0.3258}},{"type":"Feature","geometry":{"type":"Point","coordinates":[15.733411,47.691821]},"properties":{"w":0.3258}},{"type":"Feature","geometry":{"type":"Point","coordinates":[15.311449,47.700823]},"properties":{"w":0.3611}},{"type":"Feature","geometry":{"type":"Point","coordinates":[15.382351,47.699223]},"properties":{"w":0.4065}},{"type":"Feature","geometry":{"type":"Point","coordinates":[14.020305,47.713403]},"properties":{"w":0.3093}},{"type":"Feature","geometry":{"type":"Point","coordinates":[15.307062,47.705753]},"properties":{"w":0.4642}},{"type":"Feature","geometry":{"type":"Point","coordinates":[16.354448,47.679539]},"properties":{"w":0.7369}},{"type":"Feature","geometry":{"type":"Point","coordinates":[14.107236,47.713046]},"properties":{"w":0.513}},{"type":"Feature","geometry":{"type":"Point","coordinates":[15.347188,47.696424]},"properties":{"w":0.5176}},{"type":"Feature","geometry":{"type":"Point","coordinates":[13.769935,47.713633]},"properties":{"w":0.4457}},{"type":"Feature","geometry":{"type":"Point","coordinates":[12.974034,47.711056]},"properties":{"w":0.6299}},{"type":"Feature","geometry":{"type":"Point","coordinates":[15.380118,47.692198]},"properties":{"w":0.3831}},{"type":"Feature","geometry":{"type":"Point","coordinates":[15.366574,47.693011]},"properties":{"w":0.4227}},{"type":"Feature","geometry":{"type":"Point","coordinates":[15.307753,47.690723]},"properties":{"w":0.3705}},{"type":"Feature","geometry":{"type":"Point","coordinates":[14.004973,47.709006]},"properties":{"w":0.4685}},{"type":"Feature","geometry":{"type":"Point","coordinates":[14.011672,47.703412]},"properties":{"w":0.3231}},{"type":"Feature","geometry":{"type":"Point","coordinates":[13.687289,47.705544]},"properties":{"w":0.4966}},{"type":"Feature","geometry":{"type":"Point","coordinates":[13.257788,47.705207]},"properties":{"w":0.386}},{"type":"Feature","geometry":{"type":"Point","coordinates":[13.71232,47.716707]},"properties":{"w":0.792}},{"type":"Feature","geometry":{"type":"Point","coordinates":[15.28465,47.686839]},"properties":{"w":0.3178}},{"type":"Feature","geometry":{"type":"Point","coordinates":[14.03189,47.705031]},"properties":{"w":0.6268}},{"type":"Feature","geometry":{"type":"Point","coordinates":[13.356825,47.714454]},"properties":{"w":0.8638}},{"type":"Feature","geometry":{"type":"Point","coordinates":[15.288444,47.68377]},"properties":{"w":0.3525}},{"type":"Feature","geometry":{"type":"Point","coordinates":[13.422548,47.698851]},"properties":{"w":0.315}},{"type":"Feature","geometry":{"type":"Point","coordinates":[12.422759,47.694249]},"properties":{"w":0.3571}},{"type":"Feature","geometry":{"type":"Point","coordinates":[14.408549,47.68945]},"properties":{"w":0.5037}},{"type":"Feature","geometry":{"type":"Point","coordinates":[12.346678,47.690117]},"properties":{"w":0.3591}},{"type":"Feature","geometry":{"type":"Point","coordinates":[14.045039,47.696932]},"properties":{"w":0.5071}},{"type":"Feature","geometry":{"type":"Point","coordinates":[15.384489,47.673457]},"properties":{"w":0.3289}},{"type":"Feature","geometry":{"type":"Point","coordinates":[14.424659,47.684121]},"properties":{"w":0.3741}},{"type":"Feature","geometry":{"type":"Point","coordinates":[13.517221,47.69239]},"properties":{"w":0.4752}},{"type":"Feature","geometry":{"type":"Point","coordinates":[14.240032,47.68648]},"properties":{"w":0.4655}},{"type":"Feature","geometry":{"type":"Point","coordinates":[13.460028,47.691288]},"properties":{"w":0.3793}},{"type":"Feature","geometry":{"type":"Point","coordinates":[14.040259,47.686163]},"properties":{"w":0.5344}},{"type":"Feature","geometry":{"type":"Point","coordinates":[12.353694,47.684558]},"properties":{"w":0.5158}},{"type":"Feature","geometry":{"type":"Point","coordinates":[13.697696,47.687417]},"properties":{"w":0.4615}},{"type":"Feature","geometry":{"type":"Point","coordinates":[12.286583,47.685111]},"properties":{"w":0.5333}},{"type":"Feature","geometry":{"type":"Point","coordinates":[14.423653,47.679067]},"properties":{"w":0.4047}},{"type":"Feature","geometry":{"type":"Point","coordinates":[15.249564,47.679676]},"properties":{"w":0.7699}},{"type":"Feature","geometry":{"type":"Point","coordinates":[15.370212,47.664665]},"properties":{"w":0.3793}},{"type":"Feature","geometry":{"type":"Point","coordinates":[13.273815,47.682523]},"properties":{"w":0.4392}},{"type":"Feature","geometry":{"type":"Point","coordinates":[15.281302,47.673047]},"properties":{"w":0.6253}},{"type":"Feature","geometry":{"type":"Point","coordinates":[13.437139,47.678344]},"properties":{"w":0.3421}},{"type":"Feature","geometry":{"type":"Point","coordinates":[13.710237,47.678721]},"properties":{"w":0.5516}},{"type":"Feature","geometry":{"type":"Point","coordinates":[14.073604,47.67716]},"properties":{"w":0.475}},{"type":"Feature","geometry":{"type":"Point","coordinates":[12.710341,47.673286]},"properties":{"w":0.3432}},{"type":"Feature","geometry":{"type":"Point","coordinates":[13.681285,47.675992]},"properties":{"w":0.5592}},{"type":"Feature","geometry":{"type":"Point","coordinates":[15.239039,47.65912]},"properties":{"w":0.544}},{"type":"Feature","geometry":{"type":"Point","coordinates":[15.378879,47.658083]},"properties":{"w":0.5658}},{"type":"Feature","geometry":{"type":"Point","coordinates":[16.6457,47.623938]},"properties":{"w":0.388}},{"type":"Feature","geometry":{"type":"Point","coordinates":[14.205003,47.66904]},"properties":{"w":0.4072}},{"type":"Feature","geometry":{"type":"Point","coordinates":[13.71983,47.670812]},"properties":{"w":0.3673}},{"type":"Feature","geometry":{"type":"Point","coordinates":[13.36293,47.668781]},"properties":{"w":0.4044}},{"type":"Feature","geometry":{"type":"Point","coordinates":[16.532973,47.633137]},"properties":{"w":0.7586}},{"type":"Feature","geometry":{"type":"Point","coordinates":[15.380932,47.649101]},"properties":{"w":0.447}},{"type":"Feature","geometry":{"type":"Point","coordinates":[13.708027,47.668201]},"properties":{"w":0.5039}},{"type":"Feature","geometry":{"type":"Point","coordinates":[15.423298,47.651514]},"properties":{"w":0.6863}},{"type":"Feature","geometry":{"type":"Point","coordinates":[15.447154,47.647663]},"properties":{"w":0.4016}},{"type":"Feature","geometry":{"type":"Point","coordinates":[13.351366,47.666656]},"properties":{"w":0.3205}},{"type":"Feature","geometry":{"type":"Point","coordinates":[15.524114,47.644569]},"properties":{"w":0.3314}},{"type":"Feature","geometry":{"type":"Point","coordinates":[13.44139,47.666622]},"properties":{"w":0.5259}},{"type":"Feature","geometry":{"type":"Point","coordinates":[13.297653,47.666487]},"properties":{"w":0.3576}},{"type":"Feature","geometry":{"type":"Point","coordinates":[15.373992,47.644207]},"properties":{"w":0.4295}},{"type":"Feature","geometry":{"type":"Point","coordinates":[15.333751,47.642738]},"properties":{"w":0.3741}},{"type":"Feature","geometry":{"type":"Point","coordinates":[15.27225,47.642026]},"properties":{"w":0.437}},{"type":"Feature","geometry":{"type":"Point","coordinates":[15.26832,47.652113]},"properties":{"w":0.5971}},{"type":"Feature","geometry":{"type":"Point","coordinates":[15.537867,47.638725]},"properties":{"w":0.4292}},{"type":"Feature","geometry":{"type":"Point","coordinates":[12.605391,47.658941]},"properties":{"w":0.6065}},{"type":"Feature","geometry":{"type":"Point","coordinates":[13.934571,47.655741]},"properties":{"w":0.4362}},{"type":"Feature","geometry":{"type":"Point","coordinates":[15.239698,47.642907]},"properties":{"w":0.5063}},{"type":"Feature","geometry":{"type":"Point","coordinates":[15.367395,47.637547]},"properties":{"w":0.3375}},{"type":"Feature","geometry":{"type":"Point","coordinates":[15.514476,47.63704]},"properties":{"w":0.3892}},{"type":"Feature","geometry":{"type":"Point","coordinates":[13.393478,47.660442]},"properties":{"w":0.621}},{"type":"Feature","geometry":{"type":"Point","coordinates":[16.432375,47.64922]},"properties":{"w":0.8923}},{"type":"Feature","geometry":{"type":"Point","coordinates":[15.500088,47.641419]},"properties":{"w":0.4585}},{"type":"Feature","geometry":{"type":"Point","coordinates":[15.346778,47.639589]},"properties":{"w":0.4119}},{"type":"Feature","geometry":{"type":"Point","coordinates":[12.459486,47.650359]},"properties":{"w":0.4571}},{"type":"Feature","geometry":{"type":"Point","coordinates":[13.350838,47.658016]},"properties":{"w":0.5314}},{"type":"Feature","geometry":{"type":"Point","coordinates":[15.473818,47.636049]},"properties":{"w":0.3143}},{"type":"Feature","geometry":{"type":"Point","coordinates":[14.058727,47.65549]},"properties":{"w":0.538}},{"type":"Feature","geometry":{"type":"Point","coordinates":[15.394287,47.635115]},"properties":{"w":0.3606}},{"type":"Feature","geometry":{"type":"Point","coordinates":[14.551632,47.645255]},"properties":{"w":0.3218}},{"type":"Feature","geometry":{"type":"Point","coordinates":[15.717024,47.629804]},"properties":{"w":0.3393}},{"type":"Feature","geometry":{"type":"Point","coordinates":[15.497516,47.6333]},"properties":{"w":0.346}},{"type":"Feature","geometry":{"type":"Point","coordinates":[15.3208,47.632686]},"properties":{"w":0.3211}},{"type":"Feature","geometry":{"type":"Point","coordinates":[13.453101,47.65033]},"properties":{"w":0.3421}},{"type":"Feature","geometry":{"type":"Point","coordinates":[13.30846,47.657317]},"properties":{"w":0.5301}},{"type":"Feature","geometry":{"type":"Point","coordinates":[15.614294,47.624844]},"properties":{"w":0.4708}},{"type":"Feature","geometry":{"type":"Point","coordinates":[15.586306,47.629697]},"properties":{"w":0.4819}},{"type":"Feature","geometry":{"type":"Point","coordinates":[13.291249,47.652131]},"properties":{"w":0.4416}},{"type":"Feature","geometry":{"type":"Point","coordinates":[15.337068,47.628655]},"properties":{"w":0.4611}},{"type":"Feature","geometry":{"type":"Point","coordinates":[15.579806,47.623225]},"properties":{"w":0.3308}},{"type":"Feature","geometry":{"type":"Point","coordinates":[12.621814,47.644085]},"properties":{"w":0.6033}},{"type":"Feature","geometry":{"type":"Point","coordinates":[15.217435,47.629634]},"properties":{"w":0.6531}},{"type":"Feature","geometry":{"type":"Point","coordinates":[15.176246,47.625053]},"properties":{"w":0.3654}},{"type":"Feature","geometry":{"type":"Point","coordinates":[14.083307,47.639092]},"properties":{"w":0.3785}},{"type":"Feature","geometry":{"type":"Point","coordinates":[13.439402,47.641758]},"properties":{"w":0.4884}},{"type":"Feature","geometry":{"type":"Point","coordinates":[12.585086,47.638752]},"properties":{"w":0.5122}},{"type":"Feature","geometry":{"type":"Point","coordinates":[15.373309,47.621012]},"properties":{"w":0.3789}},{"type":"Feature","geometry":{"type":"Point","coordinates":[15.857058,47.613924]},"properties":{"w":0.4477}},{"type":"Feature","geometry":{"type":"Point","coordinates":[15.16419,47.62302]},"properties":{"w":0.5159}},{"type":"Feature","geometry":{"type":"Point","coordinates":[15.337358,47.619182]},"properties":{"w":0.4232}},{"type":"Feature","geometry":{"type":"Point","coordinates":[15.181038,47.620264]},"properties":{"w":0.3404}},{"type":"Feature","geometry":{"type":"Point","coordinates":[15.402065,47.617333]},"properties":{"w":0.3308}},{"type":"Feature","geometry":{"type":"Point","coordinates":[15.477484,47.618521]},"properties":{"w":0.4752}},{"type":"Feature","geometry":{"type":"Point","coordinates":[15.165957,47.617818]},"properties":{"w":0.3205}},{"type":"Feature","geometry":{"type":"Point","coordinates":[15.526277,47.615131]},"properties":{"w":0.4864}},{"type":"Feature","geometry":{"type":"Point","coordinates":[15.306345,47.617763]},"properties":{"w":0.3946}},{"type":"Feature","geometry":{"type":"Point","coordinates":[12.652314,47.631743]},"properties":{"w":0.3205}},{"type":"Feature","geometry":{"type":"Point","coordinates":[15.228613,47.617088]},"properties":{"w":0.5248}},{"type":"Feature","geometry":{"type":"Point","coordinates":[14.423325,47.626262]},"properties":{"w":0.3404}},{"type":"Feature","geometry":{"type":"Point","coordinates":[15.556645,47.610705]},"properties":{"w":0.3398}},{"type":"Feature","geometry":{"type":"Point","coordinates":[12.532659,47.631382]},"properties":{"w":0.5875}},{"type":"Feature","geometry":{"type":"Point","coordinates":[15.321693,47.624872]},"properties":{"w":0.5616}},{"type":"Feature","geometry":{"type":"Point","coordinates":[15.376147,47.611578]},"properties":{"w":0.3205}},{"type":"Feature","geometry":{"type":"Point","coordinates":[13.938838,47.630214]},"properties":{"w":0.4795}},{"type":"Feature","geometry":{"type":"Point","coordinates":[15.325348,47.613079]},"properties":{"w":0.3404}},{"type":"Feature","geometry":{"type":"Point","coordinates":[14.406133,47.630012]},"properties":{"w":0.555}},{"type":"Feature","geometry":{"type":"Point","coordinates":[15.170343,47.613892]},"properties":{"w":0.4819}},{"type":"Feature","geometry":{"type":"Point","coordinates":[15.417298,47.614878]},"properties":{"w":0.5516}},{"type":"Feature","geometry":{"type":"Point","coordinates":[12.357166,47.625764]},"properties":{"w":0.4738}},{"type":"Feature","geometry":{"type":"Point","coordinates":[12.671544,47.62602]},"properties":{"w":0.3218}},{"type":"Feature","geometry":{"type":"Point","coordinates":[13.257376,47.627394]},"properties":{"w":0.3264}},{"type":"Feature","geometry":{"type":"Point","coordinates":[13.457137,47.62849]},"properties":{"w":0.3714}},{"type":"Feature","geometry":{"type":"Point","coordinates":[15.304833,47.611114]},"properties":{"w":0.3514}},{"type":"Feature","geometry":{"type":"Point","coordinates":[15.58153,47.604541]},"properties":{"w":0.3136}},{"type":"Feature","geometry":{"type":"Point","coordinates":[13.952296,47.633537]},"properties":{"w":0.6185}},{"type":"Feature","geometry":{"type":"Point","coordinates":[13.935296,47.624069]},"properties":{"w":0.3308}},{"type":"Feature","geometry":{"type":"Point","coordinates":[14.417999,47.621371]},"properties":{"w":0.3714}},{"type":"Feature","geometry":{"type":"Point","coordinates":[13.400388,47.624703]},"properties":{"w":0.3493}},{"type":"Feature","geometry":{"type":"Point","coordinates":[15.617015,47.611159]},"properties":{"w":0.7204}},{"type":"Feature","geometry":{"type":"Point","coordinates":[12.509625,47.622072]},"properties":{"w":0.4193}},{"type":"Feature","geometry":{"type":"Point","coordinates":[15.603626,47.602456]},"properties":{"w":0.3789}},{"type":"Feature","geometry":{"type":"Point","coordinates":[14.556724,47.617084]},"properties":{"w":0.3487}},{"type":"Feature","geometry":{"type":"Point","coordinates":[15.19287,47.609927]},"properties":{"w":0.4318}},{"type":"Feature","geometry":{"type":"Point","coordinates":[13.105647,47.622935]},"properties":{"w":0.3476}},{"type":"Feature","geometry":{"type":"Point","coordinates":[12.490887,47.629659]},"properties":{"w":0.6426}},{"type":"Feature","geometry":{"type":"Point","coordinates":[13.946339,47.620902]},"properties":{"w":0.4183}},{"type":"Feature","geometry":{"type":"Point","coordinates":[15.399341,47.60364]},"properties":{"w":0.4821}},{"type":"Feature","geometry":{"type":"Point","coordinates":[15.589116,47.599534]},"properties":{"w":0.3122}},{"type":"Feature","geometry":{"type":"Point","coordinates":[12.633721,47.620617]},"properties":{"w":0.4187}},{"type":"Feature","geometry":{"type":"Point","coordinates":[15.571805,47.604421]},"properties":{"w":0.4298}},{"type":"Feature","geometry":{"type":"Point","coordinates":[15.596607,47.59934]},"properties":{"w":0.3957}},{"type":"Feature","geometry":{"type":"Point","coordinates":[15.569192,47.611241]},"properties":{"w":0.5479}},{"type":"Feature","geometry":{"type":"Point","coordinates":[13.520648,47.622207]},"properties":{"w":0.3835}},{"type":"Feature","geometry":{"type":"Point","coordinates":[12.66765,47.619403]},"properties":{"w":0.4221}},{"type":"Feature","geometry":{"type":"Point","coordinates":[12.799107,47.616881]},"properties":{"w":0.3327}},{"type":"Feature","geometry":{"type":"Point","coordinates":[15.796768,47.594668]},"properties":{"w":0.4283}},{"type":"Feature","geometry":{"type":"Point","coordinates":[15.397432,47.616997]},"properties":{"w":0.6119}},{"type":"Feature","geometry":{"type":"Point","coordinates":[12.782872,47.616009]},"properties":{"w":0.3957}},{"type":"Feature","geometry":{"type":"Point","coordinates":[14.395208,47.610237]},"properties":{"w":0.3606}},{"type":"Feature","geometry":{"type":"Point","coordinates":[15.402116,47.598311]},"properties":{"w":0.3576}},{"type":"Feature","geometry":{"type":"Point","coordinates":[13.278322,47.616401]},"properties":{"w":0.4437}},{"type":"Feature","geometry":{"type":"Point","coordinates":[15.845481,47.596887]},"properties":{"w":0.5351}},{"type":"Feature","geometry":{"type":"Point","coordinates":[12.507442,47.614494]},"properties":{"w":0.4145}},{"type":"Feature","geometry":{"type":"Point","coordinates":[15.044137,47.603925]},"properties":{"w":0.3934}},{"type":"Feature","geometry":{"type":"Point","coordinates":[12.608068,47.616331]},"properties":{"w":0.4795}},{"type":"Feature","geometry":{"type":"Point","coordinates":[15.583982,47.596447]},"properties":{"w":0.4214}},{"type":"Feature","geometry":{"type":"Point","coordinates":[13.43126,47.617636]},"properties":{"w":0.5066}},{"type":"Feature","geometry":{"type":"Point","coordinates":[15.432975,47.600438]},"properties":{"w":0.4044}},{"type":"Feature","geometry":{"type":"Point","coordinates":[13.93129,47.619004]},"properties":{"w":0.5995}},{"type":"Feature","geometry":{"type":"Point","coordinates":[15.811599,47.589164]},"properties":{"w":0.3093}},{"type":"Feature","geometry":{"type":"Point","coordinates":[15.159234,47.605318]},"properties":{"w":0.6529}},{"type":"Feature","geometry":{"type":"Point","coordinates":[13.973771,47.611885]},"properties":{"w":0.5867}},{"type":"Feature","geometry":{"type":"Point","coordinates":[14.909994,47.600011]},"properties":{"w":0.3205}},{"type":"Feature","geometry":{"type":"Point","coordinates":[14.937614,47.607615]},"properties":{"w":0.7043}},{"type":"Feature","geometry":{"type":"Point","coordinates":[15.212214,47.602577]},"properties":{"w":0.6515}},{"type":"Feature","geometry":{"type":"Point","coordinates":[15.924206,47.586611]},"properties":{"w":0.5407}},{"type":"Feature","geometry":{"type":"Point","coordinates":[16.662733,47.572721]},"properties":{"w":0.7369}},{"type":"Feature","geometry":{"type":"Point","coordinates":[13.696726,47.609484]},"properties":{"w":0.3245}},{"type":"Feature","geometry":{"type":"Point","coordinates":[15.131555,47.597635]},"properties":{"w":0.4576}},{"type":"Feature","geometry":{"type":"Point","coordinates":[13.535175,47.619191]},"properties":{"w":0.7524}},{"type":"Feature","geometry":{"type":"Point","coordinates":[15.397911,47.593723]},"properties":{"w":0.3471}},{"type":"Feature","geometry":{"type":"Point","coordinates":[12.422538,47.605539]},"properties":{"w":0.4274}},{"type":"Feature","geometry":{"type":"Point","coordinates":[15.394997,47.590525]},"properties":{"w":0.3911}},{"type":"Feature","geometry":{"type":"Point","coordinates":[15.251247,47.59537]},"properties":{"w":0.4187}},{"type":"Feature","geometry":{"type":"Point","coordinates":[15.083554,47.603303]},"properties":{"w":0.7759}},{"type":"Feature","geometry":{"type":"Point","coordinates":[14.109907,47.604367]},"properties":{"w":0.3566}},{"type":"Feature","geometry":{"type":"Point","coordinates":[15.529266,47.592165]},"properties":{"w":0.4376}},{"type":"Feature","geometry":{"type":"Point","coordinates":[15.230918,47.592115]},"properties":{"w":0.4298}},{"type":"Feature","geometry":{"type":"Point","coordinates":[15.888571,47.577192]},"properties":{"w":0.3251}},{"type":"Feature","geometry":{"type":"Point","coordinates":[15.387565,47.588218]},"properties":{"w":0.3368}},{"type":"Feature","geometry":{"type":"Point","coordinates":[12.347066,47.599759]},"properties":{"w":0.3178}},{"type":"Feature","geometry":{"type":"Point","coordinates":[15.357222,47.588108]},"properties":{"w":0.4721}},{"type":"Feature","geometry":{"type":"Point","coordinates":[15.368485,47.59337]},"properties":{"w":0.4338}},{"type":"Feature","geometry":{"type":"Point","coordinates":[12.629085,47.604734]},"properties":{"w":0.5345}},{"type":"Feature","geometry":{"type":"Point","coordinates":[15.782781,47.5762]},"properties":{"w":0.3525}},{"type":"Feature","geometry":{"type":"Point","coordinates":[14.947749,47.592476]},"properties":{"w":0.4536}},{"type":"Feature","geometry":{"type":"Point","coordinates":[11.877818,47.592314]},"properties":{"w":0.4239}},{"type":"Feature","geometry":{"type":"Point","coordinates":[12.332068,47.597298]},"properties":{"w":0.3471}},{"type":"Feature","geometry":{"type":"Point","coordinates":[15.377179,47.587364]},"properties":{"w":0.4815}},{"type":"Feature","geometry":{"type":"Point","coordinates":[14.046786,47.598407]},"properties":{"w":0.327}},{"type":"Feature","geometry":{"type":"Point","coordinates":[13.887923,47.602846]},"properties":{"w":0.653}},{"type":"Feature","geometry":{"type":"Point","coordinates":[15.949655,47.56909]},"properties":{"w":0.3093}},{"type":"Feature","geometry":{"type":"Point","coordinates":[11.720509,47.58753]},"properties":{"w":0.3654}},{"type":"Feature","geometry":{"type":"Point","coordinates":[15.93266,47.573269]},"properties":{"w":0.4061}},{"type":"Feature","geometry":{"type":"Point","coordinates":[15.982921,47.567937]},"properties":{"w":0.388}},{"type":"Feature","geometry":{"type":"Point","coordinates":[15.765458,47.572611]},"properties":{"w":0.4022}},{"type":"Feature","geometry":{"type":"Point","coordinates":[12.423207,47.594439]},"properties":{"w":0.371}},{"type":"Feature","geometry":{"type":"Point","coordinates":[11.784602,47.584853]},"properties":{"w":0.4016}},{"type":"Feature","geometry":{"type":"Point","coordinates":[14.848516,47.58829]},"properties":{"w":0.4879}},{"type":"Feature","geometry":{"type":"Point","coordinates":[15.259164,47.582006]},"properties":{"w":0.3723}},{"type":"Feature","geometry":{"type":"Point","coordinates":[11.772493,47.583803]},"properties":{"w":0.3404}},{"type":"Feature","geometry":{"type":"Point","coordinates":[13.867879,47.593702]},"properties":{"w":0.4158}},{"type":"Feature","geometry":{"type":"Point","coordinates":[11.735794,47.583209]},"properties":{"w":0.4151}},{"type":"Feature","geometry":{"type":"Point","coordinates":[16.622796,47.563569]},"properties":{"w":0.866}},{"type":"Feature","geometry":{"type":"Point","coordinates":[14.110008,47.590588]},"properties":{"w":0.356}},{"type":"Feature","geometry":{"type":"Point","coordinates":[12.652679,47.594845]},"properties":{"w":0.509}},{"type":"Feature","geometry":{"type":"Point","coordinates":[13.89069,47.593984]},"properties":{"w":0.5772}},{"type":"Feature","geometry":{"type":"Point","coordinates":[15.193655,47.577885]},"properties":{"w":0.3493}},{"type":"Feature","geometry":{"type":"Point","coordinates":[11.982892,47.583137]},"properties":{"w":0.3296}},{"type":"Feature","geometry":{"type":"Point","coordinates":[15.109103,47.580984]},"properties":{"w":0.5947}},{"type":"Feature","geometry":{"type":"Point","coordinates":[15.79409,47.564744]},"properties":{"w":0.4251}},{"type":"Feature","geometry":{"type":"Point","coordinates":[14.132857,47.589219]},"properties":{"w":0.3415}},{"type":"Feature","geometry":{"type":"Point","coordinates":[15.281701,47.57574]},"properties":{"w":0.3308}},{"type":"Feature","geometry":{"type":"Point","coordinates":[11.813945,47.5784]},"properties":{"w":0.3503}},{"type":"Feature","geometry":{"type":"Point","coordinates":[11.930131,47.57952]},"properties":{"w":0.3449}},{"type":"Feature","geometry":{"type":"Point","coordinates":[14.053418,47.586234]},"properties":{"w":0.3493}},{"type":"Feature","geometry":{"type":"Point","coordinates":[15.748533,47.568978]},"properties":{"w":0.4888}},{"type":"Feature","geometry":{"type":"Point","coordinates":[14.042551,47.584594]},"properties":{"w":0.3802}},{"type":"Feature","geometry":{"type":"Point","coordinates":[15.701412,47.564077]},"properties":{"w":0.3961}},{"type":"Feature","geometry":{"type":"Point","coordinates":[15.187086,47.573892]},"properties":{"w":0.5019}},{"type":"Feature","geometry":{"type":"Point","coordinates":[13.967942,47.58307]},"properties":{"w":0.3211}},{"type":"Feature","geometry":{"type":"Point","coordinates":[11.92706,47.574514]},"properties":{"w":0.3645}},{"type":"Feature","geometry":{"type":"Point","coordinates":[11.791499,47.573581]},"properties":{"w":0.3645}},{"type":"Feature","geometry":{"type":"Point","coordinates":[15.169194,47.569907]},"properties":{"w":0.4332}},{"type":"Feature","geometry":{"type":"Point","coordinates":[11.72752,47.572777]},"properties":{"w":0.3728}},{"type":"Feature","geometry":{"type":"Point","coordinates":[14.06049,47.582176]},"properties":{"w":0.4836}},{"type":"Feature","geometry":{"type":"Point","coordinates":[15.931129,47.562281]},"properties":{"w":0.7345}},{"type":"Feature","geometry":{"type":"Point","coordinates":[11.804002,47.572409]},"properties":{"w":0.3205}},{"type":"Feature","geometry":{"type":"Point","coordinates":[11.743188,47.571204]},"properties":{"w":0.3953}},{"type":"Feature","geometry":{"type":"Point","coordinates":[14.141252,47.583503]},"properties":{"w":0.4758}},{"type":"Feature","geometry":{"type":"Point","coordinates":[15.061307,47.571508]},"properties":{"w":0.4151}},{"type":"Feature","geometry":{"type":"Point","coordinates":[13.952951,47.578613]},"properties":{"w":0.3308}},{"type":"Feature","geometry":{"type":"Point","coordinates":[11.863296,47.57102]},"properties":{"w":0.3404}},{"type":"Feature","geometry":{"type":"Point","coordinates":[13.96083,47.582669]},"properties":{"w":0.4082}},{"type":"Feature","geometry":{"type":"Point","coordinates":[10.473375,47.547035]},"properties":{"w":0.3868}},{"type":"Feature","geometry":{"type":"Point","coordinates":[15.008158,47.569422]},"properties":{"w":0.5256}},{"type":"Feature","geometry":{"type":"Point","coordinates":[10.464385,47.547799]},"properties":{"w":0.4588}},{"type":"Feature","geometry":{"type":"Point","coordinates":[14.125627,47.579841]},"properties":{"w":0.4167}},{"type":"Feature","geometry":{"type":"Point","coordinates":[12.761291,47.579559]},"properties":{"w":0.4384}},{"type":"Feature","geometry":{"type":"Point","coordinates":[15.793315,47.554488]},"properties":{"w":0.3728}},{"type":"Feature","geometry":{"type":"Point","coordinates":[14.166871,47.582389]},"properties":{"w":0.6119}},{"type":"Feature","geometry":{"type":"Point","coordinates":[15.187827,47.565949]},"properties":{"w":0.3404}},{"type":"Feature","geometry":{"type":"Point","coordinates":[12.73843,47.577502]},"properties":{"w":0.3351}},{"type":"Feature","geometry":{"type":"Point","coordinates":[11.802331,47.567814]},"properties":{"w":0.3225}},{"type":"Feature","geometry":{"type":"Point","coordinates":[15.931481,47.548144]},"properties":{"w":0.3755}},{"type":"Feature","geometry":{"type":"Point","coordinates":[15.707558,47.551914]},"properties":{"w":0.3899}},{"type":"Feature","geometry":{"type":"Point","coordinates":[14.995267,47.584068]},"properties":{"w":0.9519}},{"type":"Feature","geometry":{"type":"Point","coordinates":[10.582092,47.542398]},"properties":{"w":0.3093}},{"type":"Feature","geometry":{"type":"Point","coordinates":[10.469376,47.540492]},"properties":{"w":0.3654}},{"type":"Feature","geometry":{"type":"Point","coordinates":[15.768067,47.561489]},"properties":{"w":0.701}},{"type":"Feature","geometry":{"type":"Point","coordinates":[16.513279,47.539173]},"properties":{"w":0.6539}},{"type":"Feature","geometry":{"type":"Point","coordinates":[15.724528,47.551767]},"properties":{"w":0.4991}},{"type":"Feature","geometry":{"type":"Point","coordinates":[11.730614,47.56444]},"properties":{"w":0.4354}},{"type":"Feature","geometry":{"type":"Point","coordinates":[11.824407,47.562797]},"properties":{"w":0.4251}},{"type":"Feature","geometry":{"type":"Point","coordinates":[15.903964,47.549208]},"properties":{"w":0.3606}},{"type":"Feature","geometry":{"type":"Point","coordinates":[14.98597,47.564493]},"properties":{"w":0.54}},{"type":"Feature","geometry":{"type":"Point","coordinates":[15.117985,47.562871]},"properties":{"w":0.4536}},{"type":"Feature","geometry":{"type":"Point","coordinates":[11.913458,47.565823]},"properties":{"w":0.451}},{"type":"Feature","geometry":{"type":"Point","coordinates":[11.875602,47.562302]},"properties":{"w":0.3205}},{"type":"Feature","geometry":{"type":"Point","coordinates":[11.898171,47.564329]},"properties":{"w":0.4395}},{"type":"Feature","geometry":{"type":"Point","coordinates":[10.495882,47.535609]},"properties":{"w":0.388}},{"type":"Feature","geometry":{"type":"Point","coordinates":[16.343701,47.535283]},"properties":{"w":0.5242}},{"type":"Feature","geometry":{"type":"Point","coordinates":[11.939563,47.561279]},"properties":{"w":0.3093}},{"type":"Feature","geometry":{"type":"Point","coordinates":[15.844896,47.558163]},"properties":{"w":0.6853}},{"type":"Feature","geometry":{"type":"Point","coordinates":[15.049304,47.562534]},"properties":{"w":0.5638}},{"type":"Feature","geometry":{"type":"Point","coordinates":[15.708957,47.543934]},"properties":{"w":0.4256}},{"type":"Feature","geometry":{"type":"Point","coordinates":[15.067399,47.555522]},"properties":{"w":0.3814}},{"type":"Feature","geometry":{"type":"Point","coordinates":[11.861431,47.558576]},"properties":{"w":0.4164}},{"type":"Feature","geometry":{"type":"Point","coordinates":[10.484168,47.534245]},"properties":{"w":0.4931}},{"type":"Feature","geometry":{"type":"Point","coordinates":[11.950362,47.558825]},"properties":{"w":0.4373}},{"type":"Feature","geometry":{"type":"Point","coordinates":[10.505182,47.531927]},"properties":{"w":0.3308}},{"type":"Feature","geometry":{"type":"Point","coordinates":[11.800193,47.555824]},"properties":{"w":0.3308}},{"type":"Feature","geometry":{"type":"Point","coordinates":[15.751977,47.542379]},"properties":{"w":0.403}},{"type":"Feature","geometry":{"type":"Point","coordinates":[11.839172,47.554721]},"properties":{"w":0.3987}},{"type":"Feature","geometry":{"type":"Point","coordinates":[15.816828,47.53832]},"properties":{"w":0.3178}},{"type":"Feature","geometry":{"type":"Point","coordinates":[15.824078,47.540231]},"properties":{"w":0.399}},{"type":"Feature","geometry":{"type":"Point","coordinates":[15.032134,47.552478]},"properties":{"w":0.4696}},{"type":"Feature","geometry":{"type":"Point","coordinates":[10.597611,47.527317]},"properties":{"w":0.3205}},{"type":"Feature","geometry":{"type":"Point","coordinates":[10.522847,47.524259]},"properties":{"w":0.3654}},{"type":"Feature","geometry":{"type":"Point","coordinates":[15.922835,47.535512]},"properties":{"w":0.6022}},{"type":"Feature","geometry":{"type":"Point","coordinates":[10.503094,47.523343]},"properties":{"w":0.4384}},{"type":"Feature","geometry":{"type":"Point","coordinates":[13.297552,47.559124]},"properties":{"w":0.3892}},{"type":"Feature","geometry":{"type":"Point","coordinates":[15.040338,47.544662]},"properties":{"w":0.426}},{"type":"Feature","geometry":{"type":"Point","coordinates":[16.694231,47.533095]},"properties":{"w":0.7955}},{"type":"Feature","geometry":{"type":"Point","coordinates":[13.446793,47.559309]},"properties":{"w":0.6623}},{"type":"Feature","geometry":{"type":"Point","coordinates":[14.370036,47.554501]},"properties":{"w":0.5104}},{"type":"Feature","geometry":{"type":"Point","coordinates":[14.99438,47.544618]},"properties":{"w":0.5462}},{"type":"Feature","geometry":{"type":"Point","coordinates":[14.818353,47.543071]},"properties":{"w":0.3404}},{"type":"Feature","geometry":{"type":"Point","coordinates":[11.800687,47.542707]},"properties":{"w":0.3308}},{"type":"Feature","geometry":{"type":"Point","coordinates":[11.945686,47.545199]},"properties":{"w":0.4971}},{"type":"Feature","geometry":{"type":"Point","coordinates":[15.69194,47.535261]},"properties":{"w":0.7666}},{"type":"Feature","geometry":{"type":"Point","coordinates":[15.945005,47.523501]},"properties":{"w":0.3576}},{"type":"Feature","geometry":{"type":"Point","coordinates":[12.381985,47.547152]},"properties":{"w":0.353}},{"type":"Feature","geometry":{"type":"Point","coordinates":[14.434031,47.547876]},"properties":{"w":0.3987}},{"type":"Feature","geometry":{"type":"Point","coordinates":[12.643764,47.548722]},"properties":{"w":0.3509}},{"type":"Feature","geometry":{"type":"Point","coordinates":[16.447011,47.511082]},"properties":{"w":0.5099}},{"type":"Feature","geometry":{"type":"Point","coordinates":[15.425463,47.538677]},"properties":{"w":0.4505}},{"type":"Feature","geometry":{"type":"Point","coordinates":[13.563616,47.552016]},"properties":{"w":0.471}},{"type":"Feature","geometry":{"type":"Point","coordinates":[15.436307,47.532124]},"properties":{"w":0.4704}},{"type":"Feature","geometry":{"type":"Point","coordinates":[15.404292,47.548581]},"properties":{"w":0.7977}},{"type":"Feature","geometry":{"type":"Point","coordinates":[11.806326,47.539316]},"properties":{"w":0.3844}},{"type":"Feature","geometry":{"type":"Point","coordinates":[14.486347,47.538813]},"properties":{"w":0.37}},{"type":"Feature","geometry":{"type":"Point","coordinates":[13.890405,47.545969]},"properties":{"w":0.5291}},{"type":"Feature","geometry":{"type":"Point","coordinates":[11.84062,47.534295]},"properties":{"w":0.3093}},{"type":"Feature","geometry":{"type":"Point","coordinates":[14.411305,47.545381]},"properties":{"w":0.5084}},{"type":"Feature","geometry":{"type":"Point","coordinates":[15.012804,47.531231]},"properties":{"w":0.3296}},{"type":"Feature","geometry":{"type":"Point","coordinates":[15.605049,47.519942]},"properties":{"w":0.3357}},{"type":"Feature","geometry":{"type":"Point","coordinates":[13.386241,47.542771]},"properties":{"w":0.3493}},{"type":"Feature","geometry":{"type":"Point","coordinates":[13.8925,47.540918]},"properties":{"w":0.426}},{"type":"Feature","geometry":{"type":"Point","coordinates":[15.670042,47.518725]},"properties":{"w":0.4842}},{"type":"Feature","geometry":{"type":"Point","coordinates":[15.120064,47.535108]},"properties":{"w":0.6939}},{"type":"Feature","geometry":{"type":"Point","coordinates":[15.375046,47.527728]},"properties":{"w":0.3818}},{"type":"Feature","geometry":{"type":"Point","coordinates":[13.601438,47.536997]},"properties":{"w":0.3964}},{"type":"Feature","geometry":{"type":"Point","coordinates":[14.673631,47.530686]},"properties":{"w":0.483}},{"type":"Feature","geometry":{"type":"Point","coordinates":[11.933781,47.526531]},"properties":{"w":0.5113}},{"type":"Feature","geometry":{"type":"Point","coordinates":[10.824218,47.5065]},"properties":{"w":0.4329}},{"type":"Feature","geometry":{"type":"Point","coordinates":[15.119035,47.521535]},"properties":{"w":0.3719}},{"type":"Feature","geometry":{"type":"Point","coordinates":[16.650499,47.494095]},"properties":{"w":0.6876}},{"type":"Feature","geometry":{"type":"Point","coordinates":[15.342078,47.518652]},"properties":{"w":0.5406}},{"type":"Feature","geometry":{"type":"Point","coordinates":[10.436984,47.496684]},"properties":{"w":0.3231}},{"type":"Feature","geometry":{"type":"Point","coordinates":[15.302914,47.517044]},"properties":{"w":0.3205}},{"type":"Feature","geometry":{"type":"Point","coordinates":[15.28378,47.516978]},"properties":{"w":0.3093}},{"type":"Feature","geometry":{"type":"Point","coordinates":[12.704243,47.532734]},"properties":{"w":0.3903}},{"type":"Feature","geometry":{"type":"Point","coordinates":[14.804341,47.521972]},"properties":{"w":0.4298}},{"type":"Feature","geometry":{"type":"Point","coordinates":[15.847793,47.503557]},"properties":{"w":0.4125}},{"type":"Feature","geometry":{"type":"Point","coordinates":[15.31587,47.516316]},"properties":{"w":0.4421}},{"type":"Feature","geometry":{"type":"Point","coordinates":[13.375643,47.531163]},"properties":{"w":0.451}},{"type":"Feature","geometry":{"type":"Point","coordinates":[14.796767,47.520435]},"properties":{"w":0.3404}},{"type":"Feature","geometry":{"type":"Point","coordinates":[14.920709,47.518413]},"properties":{"w":0.3645}},{"type":"Feature","geometry":{"type":"Point","coordinates":[10.855737,47.503636]},"properties":{"w":0.5206}},{"type":"Feature","geometry":{"type":"Point","coordinates":[15.038669,47.517181]},"properties":{"w":0.3205}},{"type":"Feature","geometry":{"type":"Point","coordinates":[15.330127,47.513152]},"properties":{"w":0.3503}},{"type":"Feature","geometry":{"type":"Point","coordinates":[13.858623,47.52665]},"properties":{"w":0.3591}},{"type":"Feature","geometry":{"type":"Point","coordinates":[13.88116,47.533542]},"properties":{"w":0.741}},{"type":"Feature","geometry":{"type":"Point","coordinates":[13.977612,47.522992]},"properties":{"w":0.3192}},{"type":"Feature","geometry":{"type":"Point","coordinates":[14.5162,47.518836]},"properties":{"w":0.4303}},{"type":"Feature","geometry":{"type":"Point","coordinates":[15.540342,47.506361]},"properties":{"w":0.4051}},{"type":"Feature","geometry":{"type":"Point","coordinates":[14.197255,47.523412]},"properties":{"w":0.4608}},{"type":"Feature","geometry":{"type":"Point","coordinates":[10.809268,47.496225]},"properties":{"w":0.3093}},{"type":"Feature","geometry":{"type":"Point","coordinates":[14.808427,47.515112]},"properties":{"w":0.3654}},{"type":"Feature","geometry":{"type":"Point","coordinates":[14.659232,47.518663]},"properties":{"w":0.4012}},{"type":"Feature","geometry":{"type":"Point","coordinates":[12.535081,47.520056]},"properties":{"w":0.386}},{"type":"Feature","geometry":{"type":"Point","coordinates":[13.962343,47.521172]},"properties":{"w":0.4611}},{"type":"Feature","geometry":{"type":"Point","coordinates":[15.278486,47.507438]},"properties":{"w":0.5071}},{"type":"Feature","geometry":{"type":"Point","coordinates":[13.984583,47.519215]},"properties":{"w":0.3314}},{"type":"Feature","geometry":{"type":"Point","coordinates":[15.041012,47.509983]},"properties":{"w":0.3576}},{"type":"Feature","geometry":{"type":"Point","coordinates":[15.500962,47.499441]},"properties":{"w":0.4227}},{"type":"Feature","geometry":{"type":"Point","coordinates":[10.475265,47.484469]},"properties":{"w":0.4583}},{"type":"Feature","geometry":{"type":"Point","coordinates":[11.839505,47.508926]},"properties":{"w":0.393}},{"type":"Feature","geometry":{"type":"Point","coordinates":[14.796532,47.508314]},"properties":{"w":0.3258}},{"type":"Feature","geometry":{"type":"Point","coordinates":[12.647946,47.517838]},"properties":{"w":0.3493}},{"type":"Feature","geometry":{"type":"Point","coordinates":[15.028703,47.510048]},"properties":{"w":0.4193}},{"type":"Feature","geometry":{"type":"Point","coordinates":[15.557896,47.495714]},"properties":{"w":0.44}},{"type":"Feature","geometry":{"type":"Point","coordinates":[15.516832,47.495011]},"properties":{"w":0.5039}},{"type":"Feature","geometry":{"type":"Point","coordinates":[10.649783,47.485687]},"properties":{"w":0.386}},{"type":"Feature","geometry":{"type":"Point","coordinates":[13.96449,47.514206]},"properties":{"w":0.4251}},{"type":"Feature","geometry":{"type":"Point","coordinates":[14.776169,47.506748]},"properties":{"w":0.3093}},{"type":"Feature","geometry":{"type":"Point","coordinates":[10.49022,47.478666]},"properties":{"w":0.4661}},{"type":"Feature","geometry":{"type":"Point","coordinates":[12.660189,47.5145]},"properties":{"w":0.4531}},{"type":"Feature","geometry":{"type":"Point","coordinates":[10.47934,47.478211]},"properties":{"w":0.3093}},{"type":"Feature","geometry":{"type":"Point","coordinates":[15.250511,47.498925]},"properties":{"w":0.5128}},{"type":"Feature","geometry":{"type":"Point","coordinates":[15.11374,47.503062]},"properties":{"w":0.4803}},{"type":"Feature","geometry":{"type":"Point","coordinates":[16.419406,47.481401]},"properties":{"w":0.858}},{"type":"Feature","geometry":{"type":"Point","coordinates":[14.237479,47.507922]},"properties":{"w":0.3691}},{"type":"Feature","geometry":{"type":"Point","coordinates":[14.585063,47.506021]},"properties":{"w":0.3896}},{"type":"Feature","geometry":{"type":"Point","coordinates":[14.880196,47.499859]},"properties":{"w":0.3802}},{"type":"Feature","geometry":{"type":"Point","coordinates":[14.67136,47.503977]},"properties":{"w":0.4096}},{"type":"Feature","geometry":{"type":"Point","coordinates":[14.676748,47.499649]},"properties":{"w":0.3596}},{"type":"Feature","geometry":{"type":"Point","coordinates":[11.761927,47.496195]},"properties":{"w":0.3338}},{"type":"Feature","geometry":{"type":"Point","coordinates":[14.605716,47.498683]},"properties":{"w":0.3093}},{"type":"Feature","geometry":{"type":"Point","coordinates":[14.819922,47.500668]},"properties":{"w":0.4044}},{"type":"Feature","geometry":{"type":"Point","coordinates":[14.180582,47.503925]},"properties":{"w":0.3157}},{"type":"Feature","geometry":{"type":"Point","coordinates":[10.554067,47.472433]},"properties":{"w":0.378}},{"type":"Feature","geometry":{"type":"Point","coordinates":[13.894908,47.516167]},"properties":{"w":0.7285}},{"type":"Feature","geometry":{"type":"Point","coordinates":[11.770197,47.493113]},"properties":{"w":0.445}},{"type":"Feature","geometry":{"type":"Point","coordinates":[14.800306,47.495443]},"properties":{"w":0.3798}},{"type":"Feature","geometry":{"type":"Point","coordinates":[15.048404,47.491371]},"properties":{"w":0.3736}},{"type":"Feature","geometry":{"type":"Point","coordinates":[14.721094,47.49086]},"properties":{"w":0.3205}},{"type":"Feature","geometry":{"type":"Point","coordinates":[13.899433,47.503631]},"properties":{"w":0.6297}},{"type":"Feature","geometry":{"type":"Point","coordinates":[11.788333,47.48932]},"properties":{"w":0.4221}},{"type":"Feature","geometry":{"type":"Point","coordinates":[11.77506,47.486953]},"properties":{"w":0.3659}},{"type":"Feature","geometry":{"type":"Point","coordinates":[11.752913,47.490178]},"properties":{"w":0.5121}},{"type":"Feature","geometry":{"type":"Point","coordinates":[10.921214,47.473268]},"properties":{"w":0.519}},{"type":"Feature","geometry":{"type":"Point","coordinates":[11.844105,47.494924]},"properties":{"w":0.5709}},{"type":"Feature","geometry":{"type":"Point","coordinates":[13.928922,47.497182]},"properties":{"w":0.4012}},{"type":"Feature","geometry":{"type":"Point","coordinates":[15.201045,47.484372]},"properties":{"w":0.364}},{"type":"Feature","geometry":{"type":"Point","coordinates":[14.696946,47.489929]},"properties":{"w":0.4286}},{"type":"Feature","geometry":{"type":"Point","coordinates":[14.86966,47.484632]},"properties":{"w":0.3163}},{"type":"Feature","geometry":{"type":"Point","coordinates":[14.877284,47.48601]},"properties":{"w":0.4151}},{"type":"Feature","geometry":{"type":"Point","coordinates":[14.774999,47.487232]},"properties":{"w":0.5281}},{"type":"Feature","geometry":{"type":"Point","coordinates":[14.865258,47.481746]},"properties":{"w":0.3122}},{"type":"Feature","geometry":{"type":"Point","coordinates":[14.706554,47.488916]},"properties":{"w":0.3864}},{"type":"Feature","geometry":{"type":"Point","coordinates":[12.810251,47.49047]},"properties":{"w":0.3934}},{"type":"Feature","geometry":{"type":"Point","coordinates":[12.731474,47.489517]},"properties":{"w":0.4343}},{"type":"Feature","geometry":{"type":"Point","coordinates":[13.487419,47.489772]},"properties":{"w":0.4058}},{"type":"Feature","geometry":{"type":"Point","coordinates":[10.581579,47.456403]},"properties":{"w":0.3907}},{"type":"Feature","geometry":{"type":"Point","coordinates":[14.954317,47.480961]},"properties":{"w":0.4217}},{"type":"Feature","geometry":{"type":"Point","coordinates":[13.921151,47.500101]},"properties":{"w":0.6816}},{"type":"Feature","geometry":{"type":"Point","coordinates":[10.553094,47.453422]},"properties":{"w":0.3308}},{"type":"Feature","geometry":{"type":"Point","coordinates":[10.604713,47.453539]},"properties":{"w":0.3493}},{"type":"Feature","geometry":{"type":"Point","coordinates":[13.830198,47.486588]},"properties":{"w":0.4893}},{"type":"Feature","geometry":{"type":"Point","coordinates":[12.710048,47.484389]},"properties":{"w":0.3093}},{"type":"Feature","geometry":{"type":"Point","coordinates":[15.604172,47.482374]},"properties":{"w":0.9332}},{"type":"Feature","geometry":{"type":"Point","coordinates":[13.865792,47.487492]},"properties":{"w":0.6933}},{"type":"Feature","geometry":{"type":"Point","coordinates":[12.755476,47.481479]},"properties":{"w":0.3093}},{"type":"Feature","geometry":{"type":"Point","coordinates":[15.218818,47.46705]},"properties":{"w":0.3157}},{"type":"Feature","geometry":{"type":"Point","coordinates":[11.82953,47.473727]},"properties":{"w":0.3107}},{"type":"Feature","geometry":{"type":"Point","coordinates":[14.911738,47.475929]},"properties":{"w":0.3728}},{"type":"Feature","geometry":{"type":"Point","coordinates":[12.723029,47.484145]},"properties":{"w":0.5145}},{"type":"Feature","geometry":{"type":"Point","coordinates":[13.552967,47.48292]},"properties":{"w":0.4821}},{"type":"Feature","geometry":{"type":"Point","coordinates":[10.5845,47.445985]},"properties":{"w":0.3728}},{"type":"Feature","geometry":{"type":"Point","coordinates":[14.877583,47.470933]},"properties":{"w":0.3677}},{"type":"Feature","geometry":{"type":"Point","coordinates":[13.776951,47.494612]},"properties":{"w":0.6959}},{"type":"Feature","geometry":{"type":"Point","coordinates":[13.551501,47.477092]},"properties":{"w":0.3899}},{"type":"Feature","geometry":{"type":"Point","coordinates":[13.82615,47.477588]},"properties":{"w":0.4811}},{"type":"Feature","geometry":{"type":"Point","coordinates":[11.738005,47.475588]},"properties":{"w":0.5739}},{"type":"Feature","geometry":{"type":"Point","coordinates":[13.071483,47.476313]},"properties":{"w":0.4702}},{"type":"Feature","geometry":{"type":"Point","coordinates":[12.724349,47.475669]},"properties":{"w":0.4993}},{"type":"Feature","geometry":{"type":"Point","coordinates":[13.485588,47.475657]},"properties":{"w":0.3785}},{"type":"Feature","geometry":{"type":"Point","coordinates":[14.705353,47.46932]},"properties":{"w":0.3798}},{"type":"Feature","geometry":{"type":"Point","coordinates":[13.327359,47.476923]},"properties":{"w":0.3998}},{"type":"Feature","geometry":{"type":"Point","coordinates":[14.162777,47.475169]},"properties":{"w":0.4298}},{"type":"Feature","geometry":{"type":"Point","coordinates":[13.043792,47.474394]},"properties":{"w":0.3586}},{"type":"Feature","geometry":{"type":"Point","coordinates":[14.728678,47.470583]},"properties":{"w":0.4548}},{"type":"Feature","geometry":{"type":"Point","coordinates":[10.555196,47.440013]},"properties":{"w":0.3927}},{"type":"Feature","geometry":{"type":"Point","coordinates":[10.891974,47.447093]},"properties":{"w":0.3683}},{"type":"Feature","geometry":{"type":"Point","coordinates":[11.785005,47.461621]},"properties":{"w":0.499}},{"type":"Feature","geometry":{"type":"Point","coordinates":[13.343097,47.471322]},"properties":{"w":0.3404}},{"type":"Feature","geometry":{"type":"Point","coordinates":[16.460843,47.444752]},"properties":{"w":0.749}},{"type":"Feature","geometry":{"type":"Point","coordinates":[14.073461,47.469417]},"properties":{"w":0.5104}},{"type":"Feature","geometry":{"type":"Point","coordinates":[11.811162,47.459485]},"properties":{"w":0.3093}},{"type":"Feature","geometry":{"type":"Point","coordinates":[13.772843,47.46725]},"properties":{"w":0.3438}},{"type":"Feature","geometry":{"type":"Point","coordinates":[13.500524,47.470968]},"properties":{"w":0.3586}},{"type":"Feature","geometry":{"type":"Point","coordinates":[13.043499,47.467222]},"properties":{"w":0.3093}},{"type":"Feature","geometry":{"type":"Point","coordinates":[13.328367,47.468385]},"properties":{"w":0.3654}},{"type":"Feature","geometry":{"type":"Point","coordinates":[13.78479,47.464768]},"properties":{"w":0.3289}},{"type":"Feature","geometry":{"type":"Point","coordinates":[10.543122,47.431551]},"properties":{"w":0.3205}},{"type":"Feature","geometry":{"type":"Point","coordinates":[13.45138,47.466153]},"properties":{"w":0.3673}},{"type":"Feature","geometry":{"type":"Point","coordinates":[14.087331,47.46289]},"properties":{"w":0.356}},{"type":"Feature","geometry":{"type":"Point","coordinates":[13.741879,47.480544]},"properties":{"w":0.8756}},{"type":"Feature","geometry":{"type":"Point","coordinates":[13.569368,47.46522]},"properties":{"w":0.3591}},{"type":"Feature","geometry":{"type":"Point","coordinates":[14.440884,47.467514]},"properties":{"w":0.6039}},{"type":"Feature","geometry":{"type":"Point","coordinates":[15.601963,47.440942]},"properties":{"w":0.3476}},{"type":"Feature","geometry":{"type":"Point","coordinates":[11.823338,47.454561]},"properties":{"w":0.356}},{"type":"Feature","geometry":{"type":"Point","coordinates":[15.06566,47.452111]},"properties":{"w":0.3871}},{"type":"Feature","geometry":{"type":"Point","coordinates":[12.445736,47.460352]},"properties":{"w":0.5423}},{"type":"Feature","geometry":{"type":"Point","coordinates":[10.90098,47.437364]},"properties":{"w":0.4065}},{"type":"Feature","geometry":{"type":"Point","coordinates":[11.759336,47.452446]},"properties":{"w":0.3864}},{"type":"Feature","geometry":{"type":"Point","coordinates":[13.652676,47.461566]},"properties":{"w":0.4019}},{"type":"Feature","geometry":{"type":"Point","coordinates":[13.139073,47.462149]},"properties":{"w":0.4567}},{"type":"Feature","geometry":{"type":"Point","coordinates":[13.416646,47.461197]},"properties":{"w":0.3476}},{"type":"Feature","geometry":{"type":"Point","coordinates":[15.134101,47.446818]},"properties":{"w":0.3864}},{"type":"Feature","geometry":{"type":"Point","coordinates":[13.754085,47.459771]},"properties":{"w":0.4918}},{"type":"Feature","geometry":{"type":"Point","coordinates":[14.814999,47.45282]},"properties":{"w":0.3136}},{"type":"Feature","geometry":{"type":"Point","coordinates":[14.798332,47.453566]},"properties":{"w":0.3493}},{"type":"Feature","geometry":{"type":"Point","coordinates":[10.507265,47.429222]},"properties":{"w":0.4615}},{"type":"Feature","geometry":{"type":"Point","coordinates":[11.808151,47.457023]},"properties":{"w":0.5675}},{"type":"Feature","geometry":{"type":"Point","coordinates":[10.699145,47.431117]},"properties":{"w":0.4886}},{"type":"Feature","geometry":{"type":"Point","coordinates":[11.782084,47.450141]},"properties":{"w":0.505}},{"type":"Feature","geometry":{"type":"Point","coordinates":[13.68715,47.461074]},"properties":{"w":0.5956}},{"type":"Feature","geometry":{"type":"Point","coordinates":[13.774078,47.459111]},"properties":{"w":0.5354}},{"type":"Feature","geometry":{"type":"Point","coordinates":[10.689256,47.42732]},"properties":{"w":0.4023}},{"type":"Feature","geometry":{"type":"Point","coordinates":[14.091823,47.454421]},"properties":{"w":0.3872}},{"type":"Feature","geometry":{"type":"Point","coordinates":[13.64905,47.455947]},"properties":{"w":0.4557}},{"type":"Feature","geometry":{"type":"Point","coordinates":[13.742109,47.455848]},"properties":{"w":0.5065}},{"type":"Feature","geometry":{"type":"Point","coordinates":[13.710759,47.454514]},"properties":{"w":0.3404}},{"type":"Feature","geometry":{"type":"Point","coordinates":[14.859105,47.444632]},"properties":{"w":0.3308}},{"type":"Feature","geometry":{"type":"Point","coordinates":[15.393252,47.440099]},"properties":{"w":0.4811}},{"type":"Feature","geometry":{"type":"Point","coordinates":[10.953169,47.442474]},"properties":{"w":0.7925}},{"type":"Feature","geometry":{"type":"Point","coordinates":[15.100812,47.440682]},"properties":{"w":0.3576}},{"type":"Feature","geometry":{"type":"Point","coordinates":[13.665986,47.454423]},"properties":{"w":0.3728}},{"type":"Feature","geometry":{"type":"Point","coordinates":[14.215837,47.455632]},"properties":{"w":0.3705}},{"type":"Feature","geometry":{"type":"Point","coordinates":[14.030932,47.451911]},"properties":{"w":0.3333}},{"type":"Feature","geometry":{"type":"Point","coordinates":[13.69005,47.454604]},"properties":{"w":0.4642}},{"type":"Feature","geometry":{"type":"Point","coordinates":[10.018159,47.404727]},"properties":{"w":0.4454}},{"type":"Feature","geometry":{"type":"Point","coordinates":[14.189651,47.448321]},"properties":{"w":0.3987}},{"type":"Feature","geometry":{"type":"Point","coordinates":[15.154505,47.434545]},"properties":{"w":0.3907}},{"type":"Feature","geometry":{"type":"Point","coordinates":[10.052916,47.401343]},"properties":{"w":0.3283}},{"type":"Feature","geometry":{"type":"Point","coordinates":[14.179599,47.447003]},"properties":{"w":0.3093}},{"type":"Feature","geometry":{"type":"Point","coordinates":[15.498129,47.424914]},"properties":{"w":0.3128}},{"type":"Feature","geometry":{"type":"Point","coordinates":[14.111339,47.442729]},"properties":{"w":0.3493}},{"type":"Feature","geometry":{"type":"Point","coordinates":[10.471282,47.410138]},"properties":{"w":0.4096}},{"type":"Feature","geometry":{"type":"Point","coordinates":[10.00623,47.395419]},"properties":{"w":0.3798}},{"type":"Feature","geometry":{"type":"Point","coordinates":[10.513586,47.410156]},"properties":{"w":0.3438}},{"type":"Feature","geometry":{"type":"Point","coordinates":[11.962325,47.435377]},"properties":{"w":0.3851}},{"type":"Feature","geometry":{"type":"Point","coordinates":[13.173583,47.442673]},"properties":{"w":0.3205}},{"type":"Feature","geometry":{"type":"Point","coordinates":[15.587756,47.420977]},"properties":{"w":0.327}},{"type":"Feature","geometry":{"type":"Point","coordinates":[15.596302,47.419727]},"properties":{"w":0.3785}},{"type":"Feature","geometry":{"type":"Point","coordinates":[10.501296,47.408688]},"properties":{"w":0.5248}},{"type":"Feature","geometry":{"type":"Point","coordinates":[13.159107,47.441373]},"properties":{"w":0.4731}},{"type":"Feature","geometry":{"type":"Point","coordinates":[14.057011,47.437849]},"properties":{"w":0.3968}},{"type":"Feature","geometry":{"type":"Point","coordinates":[14.354439,47.443883]},"properties":{"w":0.546}},{"type":"Feature","geometry":{"type":"Point","coordinates":[14.320868,47.436945]},"properties":{"w":0.3192}},{"type":"Feature","geometry":{"type":"Point","coordinates":[14.184482,47.437249]},"properties":{"w":0.3093}},{"type":"Feature","geometry":{"type":"Point","coordinates":[14.07921,47.442397]},"properties":{"w":0.4099}},{"type":"Feature","geometry":{"type":"Point","coordinates":[14.626361,47.431883]},"properties":{"w":0.4672}},{"type":"Feature","geometry":{"type":"Point","coordinates":[10.018222,47.387729]},"properties":{"w":0.3896}},{"type":"Feature","geometry":{"type":"Point","coordinates":[15.104285,47.426302]},"properties":{"w":0.4424}},{"type":"Feature","geometry":{"type":"Point","coordinates":[15.585038,47.422435]},"properties":{"w":0.552}},{"type":"Feature","geometry":{"type":"Point","coordinates":[12.465881,47.432062]},"properties":{"w":0.3728}},{"type":"Feature","geometry":{"type":"Point","coordinates":[10.604321,47.400891]},"properties":{"w":0.447}},{"type":"Feature","geometry":{"type":"Point","coordinates":[15.606758,47.411063]},"properties":{"w":0.3576}},{"type":"Feature","geometry":{"type":"Point","coordinates":[10.684645,47.402479]},"properties":{"w":0.4777}},{"type":"Feature","geometry":{"type":"Point","coordinates":[15.552007,47.421203]},"properties":{"w":0.6519}},{"type":"Feature","geometry":{"type":"Point","coordinates":[15.619806,47.405609]},"properties":{"w":0.3115}},{"type":"Feature","geometry":{"type":"Point","coordinates":[14.099782,47.431642]},"properties":{"w":0.447}},{"type":"Feature","geometry":{"type":"Point","coordinates":[15.479311,47.415031]},"properties":{"w":0.4983}},{"type":"Feature","geometry":{"type":"Point","coordinates":[11.132146,47.404527]},"properties":{"w":0.4251}},{"type":"Feature","geometry":{"type":"Point","coordinates":[12.47833,47.42182]},"properties":{"w":0.3509}},{"type":"Feature","geometry":{"type":"Point","coordinates":[12.529616,47.422004]},"properties":{"w":0.3864}},{"type":"Feature","geometry":{"type":"Point","coordinates":[14.080945,47.424686]},"properties":{"w":0.3654}},{"type":"Feature","geometry":{"type":"Point","coordinates":[12.597446,47.422824]},"properties":{"w":0.3728}},{"type":"Feature","geometry":{"type":"Point","coordinates":[10.488758,47.386854]},"properties":{"w":0.3493}},{"type":"Feature","geometry":{"type":"Point","coordinates":[12.502126,47.419383]},"properties":{"w":0.3205}},{"type":"Feature","geometry":{"type":"Point","coordinates":[11.992867,47.412644]},"properties":{"w":0.315}},{"type":"Feature","geometry":{"type":"Point","coordinates":[14.429151,47.416154]},"properties":{"w":0.4585}},{"type":"Feature","geometry":{"type":"Point","coordinates":[15.355409,47.4024]},"properties":{"w":0.3611}},{"type":"Feature","geometry":{"type":"Point","coordinates":[9.827806,47.374036]},"properties":{"w":0.6934}},{"type":"Feature","geometry":{"type":"Point","coordinates":[10.517014,47.386855]},"properties":{"w":0.4941}},{"type":"Feature","geometry":{"type":"Point","coordinates":[10.835185,47.390512]},"properties":{"w":0.3923}},{"type":"Feature","geometry":{"type":"Point","coordinates":[14.585374,47.412926]},"properties":{"w":0.4555}},{"type":"Feature","geometry":{"type":"Point","coordinates":[14.086275,47.414211]},"properties":{"w":0.4822}},{"type":"Feature","geometry":{"type":"Point","coordinates":[15.335998,47.397122]},"properties":{"w":0.3498}},{"type":"Feature","geometry":{"type":"Point","coordinates":[12.601936,47.412715]},"properties":{"w":0.363}},{"type":"Feature","geometry":{"type":"Point","coordinates":[11.013609,47.390672]},"properties":{"w":0.3205}},{"type":"Feature","geometry":{"type":"Point","coordinates":[11.141494,47.393412]},"properties":{"w":0.4998}},{"type":"Feature","geometry":{"type":"Point","coordinates":[14.688486,47.408829]},"properties":{"w":0.3493}},{"type":"Feature","geometry":{"type":"Point","coordinates":[12.505243,47.410905]},"properties":{"w":0.3487}},{"type":"Feature","geometry":{"type":"Point","coordinates":[12.517127,47.409812]},"properties":{"w":0.375}},{"type":"Feature","geometry":{"type":"Point","coordinates":[11.127366,47.391281]},"properties":{"w":0.3987}},{"type":"Feature","geometry":{"type":"Point","coordinates":[14.21236,47.409084]},"properties":{"w":0.3601}},{"type":"Feature","geometry":{"type":"Point","coordinates":[15.33825,47.393345]},"properties":{"w":0.3192}},{"type":"Feature","geometry":{"type":"Point","coordinates":[10.794693,47.382654]},"properties":{"w":0.3093}},{"type":"Feature","geometry":{"type":"Point","coordinates":[14.697058,47.4051]},"properties":{"w":0.3487}},{"type":"Feature","geometry":{"type":"Point","coordinates":[10.676924,47.381911]},"properties":{"w":0.4788}},{"type":"Feature","geometry":{"type":"Point","coordinates":[10.455648,47.374221]},"properties":{"w":0.3404}},{"type":"Feature","geometry":{"type":"Point","coordinates":[13.47177,47.409873]},"properties":{"w":0.5028}},{"type":"Feature","geometry":{"type":"Point","coordinates":[13.14018,47.410213]},"properties":{"w":0.4248}},{"type":"Feature","geometry":{"type":"Point","coordinates":[12.761861,47.408699]},"properties":{"w":0.3128}},{"type":"Feature","geometry":{"type":"Point","coordinates":[12.523314,47.405328]},"properties":{"w":0.3654}},{"type":"Feature","geometry":{"type":"Point","coordinates":[13.43532,47.407109]},"properties":{"w":0.3994}},{"type":"Feature","geometry":{"type":"Point","coordinates":[10.992791,47.381874]},"properties":{"w":0.436}},{"type":"Feature","geometry":{"type":"Point","coordinates":[12.769952,47.40388]},"properties":{"w":0.3107}},{"type":"Feature","geometry":{"type":"Point","coordinates":[10.029472,47.359504]},"properties":{"w":0.4683}},{"type":"Feature","geometry":{"type":"Point","coordinates":[13.151348,47.404077]},"properties":{"w":0.4248}},{"type":"Feature","geometry":{"type":"Point","coordinates":[10.800699,47.373148]},"properties":{"w":0.3714}},{"type":"Feature","geometry":{"type":"Point","coordinates":[10.425983,47.365106]},"properties":{"w":0.3767}},{"type":"Feature","geometry":{"type":"Point","coordinates":[10.961658,47.377154]},"properties":{"w":0.5209}},{"type":"Feature","geometry":{"type":"Point","coordinates":[14.661473,47.402139]},"properties":{"w":0.5938}},{"type":"Feature","geometry":{"type":"Point","coordinates":[14.080452,47.395634]},"properties":{"w":0.3728}},{"type":"Feature","geometry":{"type":"Point","coordinates":[13.07381,47.397355]},"properties":{"w":0.3964}},{"type":"Feature","geometry":{"type":"Point","coordinates":[10.99308,47.374321]},"properties":{"w":0.4966}},{"type":"Feature","geometry":{"type":"Point","coordinates":[10.936953,47.370858]},"properties":{"w":0.2731}},{"type":"Feature","geometry":{"type":"Point","coordinates":[11.018376,47.373216]},"properties":{"w":0.5642}},{"type":"Feature","geometry":{"type":"Point","coordinates":[12.720857,47.39373]},"properties":{"w":0.4689}},{"type":"Feature","geometry":{"type":"Point","coordinates":[10.010657,47.35155]},"properties":{"w":0.5233}},{"type":"Feature","geometry":{"type":"Point","coordinates":[15.257364,47.379693]},"properties":{"w":0.3398}},{"type":"Feature","geometry":{"type":"Point","coordinates":[10.405682,47.353222]},"properties":{"w":0.3927}},{"type":"Feature","geometry":{"type":"Point","coordinates":[13.354607,47.390681]},"properties":{"w":0.3953}},{"type":"Feature","geometry":{"type":"Point","coordinates":[14.775901,47.381794]},"properties":{"w":0.3493}},{"type":"Feature","geometry":{"type":"Point","coordinates":[15.269818,47.373012]},"properties":{"w":0.3231}},{"type":"Feature","geometry":{"type":"Point","coordinates":[12.752023,47.393248]},"properties":{"w":0.4251}},{"type":"Feature","geometry":{"type":"Point","coordinates":[10.380214,47.350272]},"properties":{"w":0.3211}},{"type":"Feature","geometry":{"type":"Point","coordinates":[13.27395,47.391047]},"properties":{"w":0.3398}},{"type":"Feature","geometry":{"type":"Point","coordinates":[12.473683,47.388779]},"properties":{"w":0.3927}},{"type":"Feature","geometry":{"type":"Point","coordinates":[12.502939,47.387616]},"properties":{"w":0.4151}},{"type":"Feature","geometry":{"type":"Point","coordinates":[14.56815,47.385018]},"properties":{"w":0.5241}},{"type":"Feature","geometry":{"type":"Point","coordinates":[13.074687,47.38947]},"properties":{"w":0.5301}},{"type":"Feature","geometry":{"type":"Point","coordinates":[10.962131,47.364284]},"properties":{"w":0.4378}},{"type":"Feature","geometry":{"type":"Point","coordinates":[14.717035,47.378464]},"properties":{"w":0.3333}},{"type":"Feature","geometry":{"type":"Point","coordinates":[11.079269,47.367705]},"properties":{"w":0.6345}},{"type":"Feature","geometry":{"type":"Point","coordinates":[15.888496,47.357742]},"properties":{"w":0.338}},{"type":"Feature","geometry":{"type":"Point","coordinates":[14.864575,47.377303]},"properties":{"w":0.3211}},{"type":"Feature","geometry":{"type":"Point","coordinates":[13.342089,47.387961]},"properties":{"w":0.3493}},{"type":"Feature","geometry":{"type":"Point","coordinates":[10.976482,47.361704]},"properties":{"w":0.3927}},{"type":"Feature","geometry":{"type":"Point","coordinates":[15.437533,47.364591]},"properties":{"w":0.3308}},{"type":"Feature","geometry":{"type":"Point","coordinates":[14.503846,47.378251]},"properties":{"w":0.3856}},{"type":"Feature","geometry":{"type":"Point","coordinates":[10.040233,47.335448]},"properties":{"w":0.3302}},{"type":"Feature","geometry":{"type":"Point","coordinates":[11.094388,47.36271]},"properties":{"w":0.346}},{"type":"Feature","geometry":{"type":"Point","coordinates":[10.846523,47.355498]},"properties":{"w":0.4295}},{"type":"Feature","geometry":{"type":"Point","coordinates":[14.754019,47.37463]},"properties":{"w":0.3454}},{"type":"Feature","geometry":{"type":"Point","coordinates":[12.023047,47.374924]},"properties":{"w":0.327}},{"type":"Feature","geometry":{"type":"Point","coordinates":[9.868842,47.32583]},"properties":{"w":0.3178}},{"type":"Feature","geometry":{"type":"Point","coordinates":[10.781518,47.351307]},"properties":{"w":0.3476}},{"type":"Feature","geometry":{"type":"Point","coordinates":[10.101919,47.332007]},"properties":{"w":0.3205}},{"type":"Feature","geometry":{"type":"Point","coordinates":[12.492674,47.37675]},"properties":{"w":0.362}},{"type":"Feature","geometry":{"type":"Point","coordinates":[15.524895,47.359438]},"properties":{"w":0.4292}},{"type":"Feature","geometry":{"type":"Point","coordinates":[15.890336,47.35035]},"properties":{"w":0.4957}},{"type":"Feature","geometry":{"type":"Point","coordinates":[13.178995,47.376835]},"properties":{"w":0.3719}},{"type":"Feature","geometry":{"type":"Point","coordinates":[10.500683,47.342828]},"properties":{"w":0.451}},{"type":"Feature","geometry":{"type":"Point","coordinates":[14.297159,47.372068]},"properties":{"w":0.5384}},{"type":"Feature","geometry":{"type":"Point","coordinates":[13.826346,47.378461]},"properties":{"w":0.3314}},{"type":"Feature","geometry":{"type":"Point","coordinates":[12.478425,47.374174]},"properties":{"w":0.4343}},{"type":"Feature","geometry":{"type":"Point","coordinates":[12.002414,47.371031]},"properties":{"w":0.4717}},{"type":"Feature","geometry":{"type":"Point","coordinates":[13.886855,47.379727]},"properties":{"w":0.4089}},{"type":"Feature","geometry":{"type":"Point","coordinates":[14.923483,47.365894]},"properties":{"w":0.4712}},{"type":"Feature","geometry":{"type":"Point","coordinates":[9.918164,47.324854]},"properties":{"w":0.4148}},{"type":"Feature","geometry":{"type":"Point","coordinates":[10.479043,47.338623]},"properties":{"w":0.3205}},{"type":"Feature","geometry":{"type":"Point","coordinates":[10.055695,47.326882]},"properties":{"w":0.4044}},{"type":"Feature","geometry":{"type":"Point","coordinates":[15.166098,47.35799]},"properties":{"w":0.3476}},{"type":"Feature","geometry":{"type":"Point","coordinates":[10.704871,47.34396]},"properties":{"w":0.356}},{"type":"Feature","geometry":{"type":"Point","coordinates":[13.079504,47.37252]},"properties":{"w":0.3115}},{"type":"Feature","geometry":{"type":"Point","coordinates":[10.412828,47.342173]},"properties":{"w":0.5151}},{"type":"Feature","geometry":{"type":"Point","coordinates":[9.877767,47.320356]},"properties":{"w":0.3759}},{"type":"Feature","geometry":{"type":"Point","coordinates":[14.841953,47.364674]},"properties":{"w":0.3892}},{"type":"Feature","geometry":{"type":"Point","coordinates":[9.902878,47.324245]},"properties":{"w":0.5869}},{"type":"Feature","geometry":{"type":"Point","coordinates":[14.913249,47.362083]},"properties":{"w":0.3107}},{"type":"Feature","geometry":{"type":"Point","coordinates":[12.969532,47.368932]},"properties":{"w":0.3178}},{"type":"Feature","geometry":{"type":"Point","coordinates":[10.84696,47.342523]},"properties":{"w":0.378}},{"type":"Feature","geometry":{"type":"Point","coordinates":[14.9236,47.357988]},"properties":{"w":0.3793}},{"type":"Feature","geometry":{"type":"Point","coordinates":[13.053241,47.367994]},"properties":{"w":0.3654}},{"type":"Feature","geometry":{"type":"Point","coordinates":[15.405849,47.35502]},"properties":{"w":0.5843}},{"type":"Feature","geometry":{"type":"Point","coordinates":[10.069143,47.322907]},"properties":{"w":0.4214}},{"type":"Feature","geometry":{"type":"Point","coordinates":[13.045837,47.372518]},"properties":{"w":0.4167}},{"type":"Feature","geometry":{"type":"Point","coordinates":[14.221106,47.365514]},"properties":{"w":0.3987}},{"type":"Feature","geometry":{"type":"Point","coordinates":[10.737765,47.337286]},"properties":{"w":0.4599}},{"type":"Feature","geometry":{"type":"Point","coordinates":[10.474272,47.331427]},"properties":{"w":0.3972}},{"type":"Feature","geometry":{"type":"Point","coordinates":[10.693872,47.338145]},"properties":{"w":0.3205}},{"type":"Feature","geometry":{"type":"Point","coordinates":[10.459472,47.328973]},"properties":{"w":0.3093}},{"type":"Feature","geometry":{"type":"Point","coordinates":[13.070351,47.366153]},"properties":{"w":0.3576}},{"type":"Feature","geometry":{"type":"Point","coordinates":[14.791163,47.355248]},"properties":{"w":0.3635}},{"type":"Feature","geometry":{"type":"Point","coordinates":[15.201742,47.348361]},"properties":{"w":0.3357}},{"type":"Feature","geometry":{"type":"Point","coordinates":[14.920179,47.351146]},"properties":{"w":0.3128}},{"type":"Feature","geometry":{"type":"Point","coordinates":[14.818241,47.355083]},"properties":{"w":0.451}},{"type":"Feature","geometry":{"type":"Point","coordinates":[10.357331,47.323217]},"properties":{"w":0.4648}},{"type":"Feature","geometry":{"type":"Point","coordinates":[13.248552,47.363544]},"properties":{"w":0.3357}},{"type":"Feature","geometry":{"type":"Point","coordinates":[12.253806,47.357913]},"properties":{"w":0.393}},{"type":"Feature","geometry":{"type":"Point","coordinates":[15.415528,47.343541]},"properties":{"w":0.3404}},{"type":"Feature","geometry":{"type":"Point","coordinates":[15.427335,47.340606]},"properties":{"w":0.3211}},{"type":"Feature","geometry":{"type":"Point","coordinates":[13.525747,47.359248]},"properties":{"w":0.3205}},{"type":"Feature","geometry":{"type":"Point","coordinates":[12.014629,47.353155]},"properties":{"w":0.4984}},{"type":"Feature","geometry":{"type":"Point","coordinates":[12.619811,47.359089]},"properties":{"w":0.3308}},{"type":"Feature","geometry":{"type":"Point","coordinates":[15.208471,47.34338]},"properties":{"w":0.4517}},{"type":"Feature","geometry":{"type":"Point","coordinates":[15.266628,47.340897]},"properties":{"w":0.3178}},{"type":"Feature","geometry":{"type":"Point","coordinates":[12.479721,47.358714]},"properties":{"w":0.5937}},{"type":"Feature","geometry":{"type":"Point","coordinates":[10.448535,47.321404]},"properties":{"w":0.3728}},{"type":"Feature","geometry":{"type":"Point","coordinates":[10.745345,47.328198]},"properties":{"w":0.5026}},{"type":"Feature","geometry":{"type":"Point","coordinates":[11.925266,47.350895]},"properties":{"w":0.3386}},{"type":"Feature","geometry":{"type":"Point","coordinates":[12.848586,47.358225]},"properties":{"w":0.3535}},{"type":"Feature","geometry":{"type":"Point","coordinates":[10.422297,47.318666]},"properties":{"w":0.3093}},{"type":"Feature","geometry":{"type":"Point","coordinates":[15.2455,47.342079]},"properties":{"w":0.451}},{"type":"Feature","geometry":{"type":"Point","coordinates":[14.820493,47.345607]},"properties":{"w":0.3122}},{"type":"Feature","geometry":{"type":"Point","coordinates":[10.432627,47.320628]},"properties":{"w":0.4387}},{"type":"Feature","geometry":{"type":"Point","coordinates":[9.915394,47.304869]},"properties":{"w":0.5011}},{"type":"Feature","geometry":{"type":"Point","coordinates":[15.296815,47.338949]},"properties":{"w":0.3839}},{"type":"Feature","geometry":{"type":"Point","coordinates":[12.178692,47.349062]},"properties":{"w":0.3591}},{"type":"Feature","geometry":{"type":"Point","coordinates":[12.342998,47.351728]},"properties":{"w":0.3277}},{"type":"Feature","geometry":{"type":"Point","coordinates":[15.311524,47.336303]},"properties":{"w":0.419}},{"type":"Feature","geometry":{"type":"Point","coordinates":[14.207715,47.358707]},"properties":{"w":0.5032}},{"type":"Feature","geometry":{"type":"Point","coordinates":[12.071074,47.348773]},"properties":{"w":0.3345}},{"type":"Feature","geometry":{"type":"Point","coordinates":[14.806174,47.345932]},"properties":{"w":0.4868}},{"type":"Feature","geometry":{"type":"Point","coordinates":[14.348677,47.349593]},"properties":{"w":0.3404}},{"type":"Feature","geometry":{"type":"Point","coordinates":[10.083809,47.307512]},"properties":{"w":0.3404}},{"type":"Feature","geometry":{"type":"Point","coordinates":[9.849856,47.297634]},"properties":{"w":0.3755}},{"type":"Feature","geometry":{"type":"Point","coordinates":[12.504213,47.346946]},"properties":{"w":0.3157}},{"type":"Feature","geometry":{"type":"Point","coordinates":[13.537274,47.350425]},"properties":{"w":0.4041}},{"type":"Feature","geometry":{"type":"Point","coordinates":[14.846304,47.339956]},"properties":{"w":0.3115}},{"type":"Feature","geometry":{"type":"Point","coordinates":[10.383069,47.312051]},"properties":{"w":0.4657}},{"type":"Feature","geometry":{"type":"Point","coordinates":[13.079446,47.350487]},"properties":{"w":0.437}},{"type":"Feature","geometry":{"type":"Point","coordinates":[12.359669,47.34819]},"properties":{"w":0.3746}},{"type":"Feature","geometry":{"type":"Point","coordinates":[14.516014,47.342869]},"properties":{"w":0.3719}},{"type":"Feature","geometry":{"type":"Point","coordinates":[13.461005,47.349723]},"properties":{"w":0.4421}},{"type":"Feature","geometry":{"type":"Point","coordinates":[12.00123,47.345327]},"properties":{"w":0.4485}},{"type":"Feature","geometry":{"type":"Point","coordinates":[12.95127,47.348014]},"properties":{"w":0.3308}},{"type":"Feature","geometry":{"type":"Point","coordinates":[11.923467,47.337131]},"properties":{"w":0.3719}},{"type":"Feature","geometry":{"type":"Point","coordinates":[12.54919,47.342028]},"properties":{"w":0.3157}},{"type":"Feature","geometry":{"type":"Point","coordinates":[10.369682,47.306177]},"properties":{"w":0.3308}},{"type":"Feature","geometry":{"type":"Point","coordinates":[12.447887,47.340207]},"properties":{"w":0.3302}},{"type":"Feature","geometry":{"type":"Point","coordinates":[10.195048,47.302303]},"properties":{"w":0.3296}},{"type":"Feature","geometry":{"type":"Point","coordinates":[14.66857,47.338167]},"properties":{"w":0.4475}},{"type":"Feature","geometry":{"type":"Point","coordinates":[12.111224,47.336578]},"properties":{"w":0.3625}},{"type":"Feature","geometry":{"type":"Point","coordinates":[13.62425,47.348269]},"properties":{"w":0.3953}},{"type":"Feature","geometry":{"type":"Point","coordinates":[12.026622,47.337645]},"properties":{"w":0.4248}},{"type":"Feature","geometry":{"type":"Point","coordinates":[15.207546,47.332836]},"properties":{"w":0.585}},{"type":"Feature","geometry":{"type":"Point","coordinates":[15.456369,47.325027]},"properties":{"w":0.4085}},{"type":"Feature","geometry":{"type":"Point","coordinates":[12.934498,47.341891]},"properties":{"w":0.3487}},{"type":"Feature","geometry":{"type":"Point","coordinates":[12.065426,47.336066]},"properties":{"w":0.3998}},{"type":"Feature","geometry":{"type":"Point","coordinates":[10.30937,47.301396]},"properties":{"w":0.356}},{"type":"Feature","geometry":{"type":"Point","coordinates":[12.920763,47.339141]},"properties":{"w":0.3143}},{"type":"Feature","geometry":{"type":"Point","coordinates":[14.366418,47.336513]},"properties":{"w":0.3487}},{"type":"Feature","geometry":{"type":"Point","coordinates":[15.156937,47.325834]},"properties":{"w":0.3093}},{"type":"Feature","geometry":{"type":"Point","coordinates":[15.26698,47.323571]},"properties":{"w":0.418}},{"type":"Feature","geometry":{"type":"Point","coordinates":[10.778722,47.310188]},"properties":{"w":0.3093}},{"type":"Feature","geometry":{"type":"Point","coordinates":[12.008339,47.332413]},"properties":{"w":0.3625}},{"type":"Feature","geometry":{"type":"Point","coordinates":[12.61601,47.3393]},"properties":{"w":0.4019}},{"type":"Feature","geometry":{"type":"Point","coordinates":[10.753268,47.30975]},"properties":{"w":0.3432}},{"type":"Feature","geometry":{"type":"Point","coordinates":[10.661095,47.308798]},"properties":{"w":0.3308}},{"type":"Feature","geometry":{"type":"Point","coordinates":[12.979869,47.339719]},"properties":{"w":0.3493}},{"type":"Feature","geometry":{"type":"Point","coordinates":[11.996728,47.330595]},"properties":{"w":0.3178}},{"type":"Feature","geometry":{"type":"Point","coordinates":[15.296213,47.328295]},"properties":{"w":0.6321}},{"type":"Feature","geometry":{"type":"Point","coordinates":[12.123669,47.333641]},"properties":{"w":0.4272}},{"type":"Feature","geometry":{"type":"Point","coordinates":[12.031314,47.331322]},"properties":{"w":0.418}},{"type":"Feature","geometry":{"type":"Point","coordinates":[13.465959,47.33979]},"properties":{"w":0.3449}},{"type":"Feature","geometry":{"type":"Point","coordinates":[10.643451,47.304262]},"properties":{"w":0.3818}},{"type":"Feature","geometry":{"type":"Point","coordinates":[12.3105,47.334997]},"properties":{"w":0.3723}},{"type":"Feature","geometry":{"type":"Point","coordinates":[14.855623,47.329655]},"properties":{"w":0.3683}},{"type":"Feature","geometry":{"type":"Point","coordinates":[12.620116,47.334116]},"properties":{"w":0.3404}},{"type":"Feature","geometry":{"type":"Point","coordinates":[15.261944,47.319612]},"properties":{"w":0.3093}},{"type":"Feature","geometry":{"type":"Point","coordinates":[15.248759,47.319987]},"properties":{"w":0.3987}},{"type":"Feature","geometry":{"type":"Point","coordinates":[10.392075,47.296788]},"properties":{"w":0.3915}},{"type":"Feature","geometry":{"type":"Point","coordinates":[11.923808,47.328243]},"properties":{"w":0.5087}},{"type":"Feature","geometry":{"type":"Point","coordinates":[15.224723,47.320268]},"properties":{"w":0.395}},{"type":"Feature","geometry":{"type":"Point","coordinates":[12.447215,47.33281]},"properties":{"w":0.5685}},{"type":"Feature","geometry":{"type":"Point","coordinates":[14.84078,47.326247]},"properties":{"w":0.3398}},{"type":"Feature","geometry":{"type":"Point","coordinates":[15.323913,47.318508]},"properties":{"w":0.4211}},{"type":"Feature","geometry":{"type":"Point","coordinates":[12.688439,47.33014]},"properties":{"w":0.3086}},{"type":"Feature","geometry":{"type":"Point","coordinates":[10.668056,47.301141]},"properties":{"w":0.3093}},{"type":"Feature","geometry":{"type":"Point","coordinates":[12.603823,47.328945]},"properties":{"w":0.3798}},{"type":"Feature","geometry":{"type":"Point","coordinates":[14.18729,47.337032]},"properties":{"w":0.5951}},{"type":"Feature","geometry":{"type":"Point","coordinates":[15.154481,47.319414]},"properties":{"w":0.4585}},{"type":"Feature","geometry":{"type":"Point","coordinates":[15.287902,47.314251]},"properties":{"w":0.3606}},{"type":"Feature","geometry":{"type":"Point","coordinates":[11.954516,47.322386]},"properties":{"w":0.3645}},{"type":"Feature","geometry":{"type":"Point","coordinates":[12.038941,47.324265]},"properties":{"w":0.4099}},{"type":"Feature","geometry":{"type":"Point","coordinates":[15.195378,47.318693]},"properties":{"w":0.4075}},{"type":"Feature","geometry":{"type":"Point","coordinates":[16.153259,47.306383]},"properties":{"w":0.7613}},{"type":"Feature","geometry":{"type":"Point","coordinates":[15.149384,47.316504]},"properties":{"w":0.3205}},{"type":"Feature","geometry":{"type":"Point","coordinates":[12.472125,47.330234]},"properties":{"w":0.511}},{"type":"Feature","geometry":{"type":"Point","coordinates":[14.878373,47.324504]},"properties":{"w":0.6225}},{"type":"Feature","geometry":{"type":"Point","coordinates":[12.316778,47.324939]},"properties":{"w":0.3654}},{"type":"Feature","geometry":{"type":"Point","coordinates":[15.179954,47.318901]},"properties":{"w":0.5203}},{"type":"Feature","geometry":{"type":"Point","coordinates":[15.303912,47.312451]},"properties":{"w":0.363}},{"type":"Feature","geometry":{"type":"Point","coordinates":[15.141117,47.315435]},"properties":{"w":0.3308}},{"type":"Feature","geometry":{"type":"Point","coordinates":[15.251854,47.314681]},"properties":{"w":0.4657}},{"type":"Feature","geometry":{"type":"Point","coordinates":[10.105997,47.281875]},"properties":{"w":0.371}},{"type":"Feature","geometry":{"type":"Point","coordinates":[12.255282,47.32578]},"properties":{"w":0.3205}},{"type":"Feature","geometry":{"type":"Point","coordinates":[12.193183,47.323798]},"properties":{"w":0.3357}},{"type":"Feature","geometry":{"type":"Point","coordinates":[12.561059,47.326174]},"properties":{"w":0.4125}},{"type":"Feature","geometry":{"type":"Point","coordinates":[12.024069,47.321767]},"properties":{"w":0.3404}},{"type":"Feature","geometry":{"type":"Point","coordinates":[12.342612,47.322897]},"properties":{"w":0.4041}},{"type":"Feature","geometry":{"type":"Point","coordinates":[12.703412,47.32594]},"properties":{"w":0.3798}},{"type":"Feature","geometry":{"type":"Point","coordinates":[12.586637,47.324751]},"properties":{"w":0.3198}},{"type":"Feature","geometry":{"type":"Point","coordinates":[10.796389,47.301209]},"properties":{"w":0.5333}},{"type":"Feature","geometry":{"type":"Point","coordinates":[13.540741,47.334806]},"properties":{"w":0.5042}},{"type":"Feature","geometry":{"type":"Point","coordinates":[12.126058,47.319635]},"properties":{"w":0.3078}},{"type":"Feature","geometry":{"type":"Point","coordinates":[14.307237,47.32171]},"properties":{"w":0.3218}},{"type":"Feature","geometry":{"type":"Point","coordinates":[12.291872,47.323788]},"properties":{"w":0.3601}},{"type":"Feature","geometry":{"type":"Point","coordinates":[12.153383,47.320268]},"properties":{"w":0.4016}},{"type":"Feature","geometry":{"type":"Point","coordinates":[12.463221,47.321605]},"properties":{"w":0.3404}},{"type":"Feature","geometry":{"type":"Point","coordinates":[11.773165,47.313452]},"properties":{"w":0.3093}},{"type":"Feature","geometry":{"type":"Point","coordinates":[12.935594,47.325119]},"properties":{"w":0.3723}},{"type":"Feature","geometry":{"type":"Point","coordinates":[15.207191,47.309571]},"properties":{"w":0.3308}},{"type":"Feature","geometry":{"type":"Point","coordinates":[10.556177,47.292293]},"properties":{"w":0.3178}},{"type":"Feature","geometry":{"type":"Point","coordinates":[13.552243,47.332848]},"properties":{"w":0.6275}},{"type":"Feature","geometry":{"type":"Point","coordinates":[14.203016,47.321171]},"properties":{"w":0.3289}},{"type":"Feature","geometry":{"type":"Point","coordinates":[12.336007,47.319643]},"properties":{"w":0.3205}},{"type":"Feature","geometry":{"type":"Point","coordinates":[12.105541,47.318385]},"properties":{"w":0.3566}},{"type":"Feature","geometry":{"type":"Point","coordinates":[15.220047,47.311398]},"properties":{"w":0.5347}},{"type":"Feature","geometry":{"type":"Point","coordinates":[14.700111,47.320998]},"properties":{"w":0.4221}},{"type":"Feature","geometry":{"type":"Point","coordinates":[14.691815,47.320843]},"properties":{"w":0.3746}},{"type":"Feature","geometry":{"type":"Point","coordinates":[15.165575,47.310812]},"properties":{"w":0.5145}},{"type":"Feature","geometry":{"type":"Point","coordinates":[15.207365,47.306926]},"properties":{"w":0.3398}},{"type":"Feature","geometry":{"type":"Point","coordinates":[15.272096,47.30639]},"properties":{"w":0.3205}},{"type":"Feature","geometry":{"type":"Point","coordinates":[10.149177,47.277165]},"properties":{"w":0.3732}},{"type":"Feature","geometry":{"type":"Point","coordinates":[10.165701,47.278685]},"properties":{"w":0.4505}},{"type":"Feature","geometry":{"type":"Point","coordinates":[10.524295,47.287325]},"properties":{"w":0.3357}},{"type":"Feature","geometry":{"type":"Point","coordinates":[10.117755,47.277249]},"properties":{"w":0.4346}},{"type":"Feature","geometry":{"type":"Point","coordinates":[13.554569,47.322087]},"properties":{"w":0.4725}},{"type":"Feature","geometry":{"type":"Point","coordinates":[12.471423,47.319772]},"properties":{"w":0.3723}},{"type":"Feature","geometry":{"type":"Point","coordinates":[13.57681,47.328706]},"properties":{"w":0.4799}},{"type":"Feature","geometry":{"type":"Point","coordinates":[12.120258,47.313921]},"properties":{"w":0.2954}},{"type":"Feature","geometry":{"type":"Point","coordinates":[15.110133,47.308233]},"properties":{"w":0.3654}},{"type":"Feature","geometry":{"type":"Point","coordinates":[14.676762,47.31659]},"properties":{"w":0.4543}},{"type":"Feature","geometry":{"type":"Point","coordinates":[10.116826,47.273511]},"properties":{"w":0.3308}},{"type":"Feature","geometry":{"type":"Point","coordinates":[10.264188,47.279491]},"properties":{"w":0.3122}},{"type":"Feature","geometry":{"type":"Point","coordinates":[15.099818,47.305743]},"properties":{"w":0.3205}},{"type":"Feature","geometry":{"type":"Point","coordinates":[14.849339,47.31304]},"properties":{"w":0.4283}},{"type":"Feature","geometry":{"type":"Point","coordinates":[10.293025,47.277746]},"properties":{"w":0.3987}},{"type":"Feature","geometry":{"type":"Point","coordinates":[10.879918,47.290533]},"properties":{"w":0.3576}},{"type":"Feature","geometry":{"type":"Point","coordinates":[15.225947,47.301222]},"properties":{"w":0.3093}},{"type":"Feature","geometry":{"type":"Point","coordinates":[14.817129,47.309046]},"properties":{"w":0.3514}},{"type":"Feature","geometry":{"type":"Point","coordinates":[12.624055,47.321655]},"properties":{"w":0.5489}},{"type":"Feature","geometry":{"type":"Point","coordinates":[12.505633,47.314071]},"properties":{"w":0.4202}},{"type":"Feature","geometry":{"type":"Point","coordinates":[14.758628,47.309513]},"properties":{"w":0.3556}},{"type":"Feature","geometry":{"type":"Point","coordinates":[10.21306,47.272679]},"properties":{"w":0.3493}},{"type":"Feature","geometry":{"type":"Point","coordinates":[12.871626,47.316508]},"properties":{"w":0.5238}},{"type":"Feature","geometry":{"type":"Point","coordinates":[14.56783,47.306095]},"properties":{"w":0.3357}},{"type":"Feature","geometry":{"type":"Point","coordinates":[12.17737,47.308268]},"properties":{"w":0.4454}},{"type":"Feature","geometry":{"type":"Point","coordinates":[12.169196,47.306827]},"properties":{"w":0.3818}},{"type":"Feature","geometry":{"type":"Point","coordinates":[10.218521,47.269161]},"properties":{"w":0.3093}},{"type":"Feature","geometry":{"type":"Point","coordinates":[14.307728,47.310741]},"properties":{"w":0.3245}},{"type":"Feature","geometry":{"type":"Point","coordinates":[12.24251,47.311824]},"properties":{"w":0.5393}},{"type":"Feature","geometry":{"type":"Point","coordinates":[14.316029,47.30936]},"properties":{"w":0.3368}},{"type":"Feature","geometry":{"type":"Point","coordinates":[15.152672,47.299727]},"properties":{"w":0.4467}},{"type":"Feature","geometry":{"type":"Point","coordinates":[10.649201,47.280745]},"properties":{"w":0.4202}},{"type":"Feature","geometry":{"type":"Point","coordinates":[12.272437,47.307583]},"properties":{"w":0.3192}},{"type":"Feature","geometry":{"type":"Point","coordinates":[12.219001,47.308148]},"properties":{"w":0.4102}},{"type":"Feature","geometry":{"type":"Point","coordinates":[14.579144,47.32295]},"properties":{"w":0.6535}},{"type":"Feature","geometry":{"type":"Point","coordinates":[14.769239,47.308253]},"properties":{"w":0.5389}},{"type":"Feature","geometry":{"type":"Point","coordinates":[15.173506,47.300917]},"properties":{"w":0.4756}},{"type":"Feature","geometry":{"type":"Point","coordinates":[15.233018,47.29369]},"properties":{"w":0.31}},{"type":"Feature","geometry":{"type":"Point","coordinates":[13.581484,47.312728]},"properties":{"w":0.4221}},{"type":"Feature","geometry":{"type":"Point","coordinates":[10.035843,47.260139]},"properties":{"w":0.3386}},{"type":"Feature","geometry":{"type":"Point","coordinates":[15.645082,47.287399]},"properties":{"w":0.4037}},{"type":"Feature","geometry":{"type":"Point","coordinates":[16.4751,47.277897]},"properties":{"w":0.7406}},{"type":"Feature","geometry":{"type":"Point","coordinates":[12.203771,47.299014]},"properties":{"w":0.3987}},{"type":"Feature","geometry":{"type":"Point","coordinates":[11.993505,47.302087]},"properties":{"w":0.5715}},{"type":"Feature","geometry":{"type":"Point","coordinates":[12.174438,47.299843]},"properties":{"w":0.4585}},{"type":"Feature","geometry":{"type":"Point","coordinates":[13.566726,47.302673]},"properties":{"w":0.3545}},{"type":"Feature","geometry":{"type":"Point","coordinates":[12.1087,47.296981]},"properties":{"w":0.346}},{"type":"Feature","geometry":{"type":"Point","coordinates":[12.252438,47.304906]},"properties":{"w":0.519}},{"type":"Feature","geometry":{"type":"Point","coordinates":[13.55299,47.312534]},"properties":{"w":0.5987}},{"type":"Feature","geometry":{"type":"Point","coordinates":[15.18557,47.295496]},"properties":{"w":0.544}},{"type":"Feature","geometry":{"type":"Point","coordinates":[13.338769,47.302301]},"properties":{"w":0.3333}},{"type":"Feature","geometry":{"type":"Point","coordinates":[11.816797,47.294209]},"properties":{"w":0.3736}},{"type":"Feature","geometry":{"type":"Point","coordinates":[13.245739,47.301283]},"properties":{"w":0.3409}},{"type":"Feature","geometry":{"type":"Point","coordinates":[10.868036,47.28126]},"properties":{"w":0.4704}},{"type":"Feature","geometry":{"type":"Point","coordinates":[12.245319,47.29719]},"properties":{"w":0.3987}},{"type":"Feature","geometry":{"type":"Point","coordinates":[14.68718,47.298572]},"properties":{"w":0.4866}},{"type":"Feature","geometry":{"type":"Point","coordinates":[12.199341,47.293728]},"properties":{"w":0.31}},{"type":"Feature","geometry":{"type":"Point","coordinates":[10.12241,47.260119]},"properties":{"w":0.4774}},{"type":"Feature","geometry":{"type":"Point","coordinates":[10.138764,47.254482]},"properties":{"w":0.3136}},{"type":"Feature","geometry":{"type":"Point","coordinates":[15.139971,47.286953]},"properties":{"w":0.3493}},{"type":"Feature","geometry":{"type":"Point","coordinates":[12.1528,47.293499]},"properties":{"w":0.4387}},{"type":"Feature","geometry":{"type":"Point","coordinates":[10.146404,47.254997]},"properties":{"w":0.3482}},{"type":"Feature","geometry":{"type":"Point","coordinates":[12.238022,47.29367]},"properties":{"w":0.3308}},{"type":"Feature","geometry":{"type":"Point","coordinates":[12.056695,47.292721]},"properties":{"w":0.3806}},{"type":"Feature","geometry":{"type":"Point","coordinates":[14.332072,47.29638]},"properties":{"w":0.3728}},{"type":"Feature","geometry":{"type":"Point","coordinates":[13.264792,47.298562]},"properties":{"w":0.4044}},{"type":"Feature","geometry":{"type":"Point","coordinates":[13.338272,47.296793]},"properties":{"w":0.3093}},{"type":"Feature","geometry":{"type":"Point","coordinates":[11.757699,47.288492]},"properties":{"w":0.365}},{"type":"Feature","geometry":{"type":"Point","coordinates":[12.269266,47.291704]},"properties":{"w":0.3789}},{"type":"Feature","geometry":{"type":"Point","coordinates":[11.783529,47.291449]},"properties":{"w":0.354}},{"type":"Feature","geometry":{"type":"Point","coordinates":[15.155734,47.281962]},"properties":{"w":0.3576}},{"type":"Feature","geometry":{"type":"Point","coordinates":[12.115665,47.288812]},"properties":{"w":0.4298}},{"type":"Feature","geometry":{"type":"Point","coordinates":[12.323763,47.291889]},"properties":{"w":0.4202}},{"type":"Feature","geometry":{"type":"Point","coordinates":[11.971973,47.289605]},"properties":{"w":0.3509}},{"type":"Feature","geometry":{"type":"Point","coordinates":[13.555625,47.29626]},"properties":{"w":0.5591}},{"type":"Feature","geometry":{"type":"Point","coordinates":[14.553019,47.286994]},"properties":{"w":0.3471}},{"type":"Feature","geometry":{"type":"Point","coordinates":[12.20722,47.288705]},"properties":{"w":0.3864}},{"type":"Feature","geometry":{"type":"Point","coordinates":[12.306371,47.289276]},"properties":{"w":0.4998}},{"type":"Feature","geometry":{"type":"Point","coordinates":[15.216633,47.277435]},"properties":{"w":0.3093}},{"type":"Feature","geometry":{"type":"Point","coordinates":[10.119122,47.245897]},"properties":{"w":0.3333}},{"type":"Feature","geometry":{"type":"Point","coordinates":[13.267382,47.290561]},"properties":{"w":0.3755}},{"type":"Feature","geometry":{"type":"Point","coordinates":[13.278434,47.294149]},"properties":{"w":0.3571}},{"type":"Feature","geometry":{"type":"Point","coordinates":[14.595199,47.284129]},"properties":{"w":0.3157}},{"type":"Feature","geometry":{"type":"Point","coordinates":[14.568461,47.285483]},"properties":{"w":0.4078}},{"type":"Feature","geometry":{"type":"Point","coordinates":[10.845223,47.264624]},"properties":{"w":0.4447}},{"type":"Feature","geometry":{"type":"Point","coordinates":[12.150022,47.283506]},"properties":{"w":0.3192}},{"type":"Feature","geometry":{"type":"Point","coordinates":[10.654668,47.257801]},"properties":{"w":0.4044}},{"type":"Feature","geometry":{"type":"Point","coordinates":[12.086048,47.282479]},"properties":{"w":0.3093}},{"type":"Feature","geometry":{"type":"Point","coordinates":[12.131008,47.300689]},"properties":{"w":0.7253}},{"type":"Feature","geometry":{"type":"Point","coordinates":[15.109678,47.277804]},"properties":{"w":0.3404}},{"type":"Feature","geometry":{"type":"Point","coordinates":[10.55873,47.254798]},"properties":{"w":0.4132}},{"type":"Feature","geometry":{"type":"Point","coordinates":[12.010653,47.283608]},"properties":{"w":0.3205}},{"type":"Feature","geometry":{"type":"Point","coordinates":[10.13046,47.243122]},"properties":{"w":0.3535}},{"type":"Feature","geometry":{"type":"Point","coordinates":[12.003031,47.292225]},"properties":{"w":0.6245}},{"type":"Feature","geometry":{"type":"Point","coordinates":[15.179548,47.27267]},"properties":{"w":0.3308}},{"type":"Feature","geometry":{"type":"Point","coordinates":[10.229266,47.243265]},"properties":{"w":0.3258}},{"type":"Feature","geometry":{"type":"Point","coordinates":[15.056852,47.274535]},"properties":{"w":0.3245}},{"type":"Feature","geometry":{"type":"Point","coordinates":[10.535984,47.25387]},"properties":{"w":0.3107}},{"type":"Feature","geometry":{"type":"Point","coordinates":[12.053354,47.281145]},"properties":{"w":0.5192}},{"type":"Feature","geometry":{"type":"Point","coordinates":[11.944716,47.27631]},"properties":{"w":0.3987}},{"type":"Feature","geometry":{"type":"Point","coordinates":[12.068592,47.279738]},"properties":{"w":0.4286}},{"type":"Feature","geometry":{"type":"Point","coordinates":[11.952319,47.274333]},"properties":{"w":0.3404}},{"type":"Feature","geometry":{"type":"Point","coordinates":[15.131578,47.275681]},"properties":{"w":0.4543}},{"type":"Feature","geometry":{"type":"Point","coordinates":[12.189316,47.283611]},"properties":{"w":0.6781}},{"type":"Feature","geometry":{"type":"Point","coordinates":[12.146292,47.27825]},"properties":{"w":0.3404}},{"type":"Feature","geometry":{"type":"Point","coordinates":[11.957486,47.284278]},"properties":{"w":0.6195}},{"type":"Feature","geometry":{"type":"Point","coordinates":[13.359262,47.284318]},"properties":{"w":0.4408}},{"type":"Feature","geometry":{"type":"Point","coordinates":[15.224915,47.266127]},"properties":{"w":0.4376}},{"type":"Feature","geometry":{"type":"Point","coordinates":[11.991879,47.272253]},"properties":{"w":0.3404}},{"type":"Feature","geometry":{"type":"Point","coordinates":[12.046738,47.275228]},"properties":{"w":0.4295}},{"type":"Feature","geometry":{"type":"Point","coordinates":[14.565556,47.275566]},"properties":{"w":0.4306}},{"type":"Feature","geometry":{"type":"Point","coordinates":[13.537476,47.285085]},"properties":{"w":0.711}},{"type":"Feature","geometry":{"type":"Point","coordinates":[13.274687,47.280863]},"properties":{"w":0.3723}},{"type":"Feature","geometry":{"type":"Point","coordinates":[15.134776,47.265884]},"properties":{"w":0.3093}},{"type":"Feature","geometry":{"type":"Point","coordinates":[10.49864,47.24405]},"properties":{"w":0.3404}},{"type":"Feature","geometry":{"type":"Point","coordinates":[11.803827,47.272995]},"properties":{"w":0.3687}},{"type":"Feature","geometry":{"type":"Point","coordinates":[10.591934,47.246335]},"properties":{"w":0.3668}},{"type":"Feature","geometry":{"type":"Point","coordinates":[10.479549,47.243504]},"properties":{"w":0.3404}},{"type":"Feature","geometry":{"type":"Point","coordinates":[15.06417,47.265805]},"properties":{"w":0.3093}},{"type":"Feature","geometry":{"type":"Point","coordinates":[12.237619,47.276214]},"properties":{"w":0.3864}},{"type":"Feature","geometry":{"type":"Point","coordinates":[10.511282,47.24299]},"properties":{"w":0.3308}},{"type":"Feature","geometry":{"type":"Point","coordinates":[10.579981,47.24368]},"properties":{"w":0.3025}},{"type":"Feature","geometry":{"type":"Point","coordinates":[10.586303,47.242184]},"properties":{"w":0.3444}},{"type":"Feature","geometry":{"type":"Point","coordinates":[12.013309,47.268553]},"properties":{"w":0.3851}},{"type":"Feature","geometry":{"type":"Point","coordinates":[10.088813,47.229273]},"properties":{"w":0.4813}},{"type":"Feature","geometry":{"type":"Point","coordinates":[10.4032,47.238563]},"properties":{"w":0.3163}},{"type":"Feature","geometry":{"type":"Point","coordinates":[12.19175,47.268822]},"properties":{"w":0.4099}},{"type":"Feature","geometry":{"type":"Point","coordinates":[14.272155,47.273262]},"properties":{"w":0.3654}},{"type":"Feature","geometry":{"type":"Point","coordinates":[10.561328,47.240403]},"properties":{"w":0.3493}},{"type":"Feature","geometry":{"type":"Point","coordinates":[10.221328,47.233965]},"properties":{"w":0.3482}},{"type":"Feature","geometry":{"type":"Point","coordinates":[13.59491,47.27826]},"properties":{"w":0.5851}},{"type":"Feature","geometry":{"type":"Point","coordinates":[12.100681,47.270643]},"properties":{"w":0.4708}},{"type":"Feature","geometry":{"type":"Point","coordinates":[14.256535,47.283918]},"properties":{"w":0.5962}},{"type":"Feature","geometry":{"type":"Point","coordinates":[15.173723,47.261299]},"properties":{"w":0.3345}},{"type":"Feature","geometry":{"type":"Point","coordinates":[10.201752,47.228449]},"properties":{"w":0.3205}},{"type":"Feature","geometry":{"type":"Point","coordinates":[12.199631,47.266776]},"properties":{"w":0.3277}},{"type":"Feature","geometry":{"type":"Point","coordinates":[14.403193,47.271864]},"properties":{"w":0.6717}},{"type":"Feature","geometry":{"type":"Point","coordinates":[13.38326,47.274306]},"properties":{"w":0.4139}},{"type":"Feature","geometry":{"type":"Point","coordinates":[12.085262,47.264496]},"properties":{"w":0.3115}},{"type":"Feature","geometry":{"type":"Point","coordinates":[13.47752,47.274553]},"properties":{"w":0.6035}},{"type":"Feature","geometry":{"type":"Point","coordinates":[10.108578,47.226504]},"properties":{"w":0.3498}},{"type":"Feature","geometry":{"type":"Point","coordinates":[13.024177,47.272075]},"properties":{"w":0.3823}},{"type":"Feature","geometry":{"type":"Point","coordinates":[13.04915,47.272016]},"properties":{"w":0.3415}},{"type":"Feature","geometry":{"type":"Point","coordinates":[13.52126,47.270007]},"properties":{"w":0.3308}},{"type":"Feature","geometry":{"type":"Point","coordinates":[13.573691,47.271056]},"properties":{"w":0.451}},{"type":"Feature","geometry":{"type":"Point","coordinates":[15.096699,47.25967]},"properties":{"w":0.447}},{"type":"Feature","geometry":{"type":"Point","coordinates":[13.355083,47.268054]},"properties":{"w":0.4037}},{"type":"Feature","geometry":{"type":"Point","coordinates":[13.009417,47.267729]},"properties":{"w":0.4495}},{"type":"Feature","geometry":{"type":"Point","coordinates":[10.614987,47.235299]},"properties":{"w":0.3789}},{"type":"Feature","geometry":{"type":"Point","coordinates":[15.228873,47.251173]},"properties":{"w":0.3601}},{"type":"Feature","geometry":{"type":"Point","coordinates":[15.002388,47.258116]},"properties":{"w":0.3741}},{"type":"Feature","geometry":{"type":"Point","coordinates":[15.143612,47.25721]},"properties":{"w":0.494}},{"type":"Feature","geometry":{"type":"Point","coordinates":[11.986792,47.263596]},"properties":{"w":0.6617}},{"type":"Feature","geometry":{"type":"Point","coordinates":[10.324575,47.224147]},"properties":{"w":0.3205}},{"type":"Feature","geometry":{"type":"Point","coordinates":[10.511065,47.229735]},"properties":{"w":0.3927}},{"type":"Feature","geometry":{"type":"Point","coordinates":[12.164185,47.261791]},"properties":{"w":0.3663}},{"type":"Feature","geometry":{"type":"Point","coordinates":[10.9606,47.240388]},"properties":{"w":0.5487}},{"type":"Feature","geometry":{"type":"Point","coordinates":[11.829899,47.253683]},"properties":{"w":0.3245}},{"type":"Feature","geometry":{"type":"Point","coordinates":[15.124554,47.249035]},"properties":{"w":0.3093}},{"type":"Feature","geometry":{"type":"Point","coordinates":[10.983552,47.238763]},"properties":{"w":0.3487}},{"type":"Feature","geometry":{"type":"Point","coordinates":[10.086198,47.219844]},"properties":{"w":0.4936}},{"type":"Feature","geometry":{"type":"Point","coordinates":[11.823018,47.252224]},"properties":{"w":0.3211}},{"type":"Feature","geometry":{"type":"Point","coordinates":[10.054872,47.215147]},"properties":{"w":0.3205}},{"type":"Feature","geometry":{"type":"Point","coordinates":[11.653847,47.250597]},"properties":{"w":0.3115}},{"type":"Feature","geometry":{"type":"Point","coordinates":[15.076941,47.25712]},"properties":{"w":0.4475}},{"type":"Feature","geometry":{"type":"Point","coordinates":[13.513848,47.264515]},"properties":{"w":0.4648}},{"type":"Feature","geometry":{"type":"Point","coordinates":[15.070036,47.252516]},"properties":{"w":0.3576}},{"type":"Feature","geometry":{"type":"Point","coordinates":[12.949817,47.264017]},"properties":{"w":0.455}},{"type":"Feature","geometry":{"type":"Point","coordinates":[13.285393,47.260788]},"properties":{"w":0.3093}},{"type":"Feature","geometry":{"type":"Point","coordinates":[15.012567,47.253287]},"properties":{"w":0.4706}},{"type":"Feature","geometry":{"type":"Point","coordinates":[14.171443,47.258017]},"properties":{"w":0.3556}},{"type":"Feature","geometry":{"type":"Point","coordinates":[12.083755,47.253699]},"properties":{"w":0.3896}},{"type":"Feature","geometry":{"type":"Point","coordinates":[10.597237,47.228068]},"properties":{"w":0.4661}},{"type":"Feature","geometry":{"type":"Point","coordinates":[10.545849,47.227217]},"properties":{"w":0.3746}},{"type":"Feature","geometry":{"type":"Point","coordinates":[10.39267,47.224552]},"properties":{"w":0.3514}},{"type":"Feature","geometry":{"type":"Point","coordinates":[10.18835,47.22078]},"properties":{"w":0.5442}},{"type":"Feature","geometry":{"type":"Point","coordinates":[11.9997,47.252259]},"properties":{"w":0.3289}},{"type":"Feature","geometry":{"type":"Point","coordinates":[11.08901,47.236587]},"properties":{"w":0.3827}},{"type":"Feature","geometry":{"type":"Point","coordinates":[12.792413,47.25839]},"properties":{"w":0.3759}},{"type":"Feature","geometry":{"type":"Point","coordinates":[14.57826,47.255954]},"properties":{"w":0.4096}},{"type":"Feature","geometry":{"type":"Point","coordinates":[11.129697,47.241226]},"properties":{"w":0.3798}},{"type":"Feature","geometry":{"type":"Point","coordinates":[14.072992,47.257739]},"properties":{"w":0.3746}},{"type":"Feature","geometry":{"type":"Point","coordinates":[13.235202,47.257605]},"properties":{"w":0.3596}},{"type":"Feature","geometry":{"type":"Point","coordinates":[13.470501,47.258437]},"properties":{"w":0.5363}},{"type":"Feature","geometry":{"type":"Point","coordinates":[10.040864,47.212692]},"properties":{"w":0.5029}},{"type":"Feature","geometry":{"type":"Point","coordinates":[14.402798,47.252372]},"properties":{"w":0.3362}},{"type":"Feature","geometry":{"type":"Point","coordinates":[10.073016,47.215772]},"properties":{"w":0.4254}},{"type":"Feature","geometry":{"type":"Point","coordinates":[11.762727,47.246263]},"properties":{"w":0.3093}},{"type":"Feature","geometry":{"type":"Point","coordinates":[15.084073,47.244622]},"properties":{"w":0.3308}},{"type":"Feature","geometry":{"type":"Point","coordinates":[13.269852,47.255972]},"properties":{"w":0.3122}},{"type":"Feature","geometry":{"type":"Point","coordinates":[14.602458,47.250929]},"properties":{"w":0.4727}},{"type":"Feature","geometry":{"type":"Point","coordinates":[13.278314,47.265484]},"properties":{"w":0.447}},{"type":"Feature","geometry":{"type":"Point","coordinates":[13.290435,47.255187]},"properties":{"w":0.4595}},{"type":"Feature","geometry":{"type":"Point","coordinates":[12.874968,47.256799]},"properties":{"w":0.4766}},{"type":"Feature","geometry":{"type":"Point","coordinates":[13.253824,47.256081]},"properties":{"w":0.5297}},{"type":"Feature","geometry":{"type":"Point","coordinates":[14.304217,47.25377]},"properties":{"w":0.3871}},{"type":"Feature","geometry":{"type":"Point","coordinates":[12.892736,47.255495]},"properties":{"w":0.3409}},{"type":"Feature","geometry":{"type":"Point","coordinates":[12.866693,47.2524]},"properties":{"w":0.3375}},{"type":"Feature","geometry":{"type":"Point","coordinates":[12.532163,47.253738]},"properties":{"w":0.3576}},{"type":"Feature","geometry":{"type":"Point","coordinates":[14.33101,47.250781]},"properties":{"w":0.3785}},{"type":"Feature","geometry":{"type":"Point","coordinates":[10.20341,47.209893]},"properties":{"w":0.3566}},{"type":"Feature","geometry":{"type":"Point","coordinates":[10.423426,47.22217]},"properties":{"w":0.4318}},{"type":"Feature","geometry":{"type":"Point","coordinates":[11.799953,47.245316]},"properties":{"w":0.363}},{"type":"Feature","geometry":{"type":"Point","coordinates":[12.680372,47.250917]},"properties":{"w":0.3864}},{"type":"Feature","geometry":{"type":"Point","coordinates":[10.067329,47.204293]},"properties":{"w":0.3596}},{"type":"Feature","geometry":{"type":"Point","coordinates":[10.626854,47.218981]},"properties":{"w":0.4026}},{"type":"Feature","geometry":{"type":"Point","coordinates":[15.013327,47.244359]},"properties":{"w":0.5294}},{"type":"Feature","geometry":{"type":"Point","coordinates":[11.050011,47.231134]},"properties":{"w":0.3728}},{"type":"Feature","geometry":{"type":"Point","coordinates":[13.260368,47.250418]},"properties":{"w":0.5014}},{"type":"Feature","geometry":{"type":"Point","coordinates":[12.356574,47.245905]},"properties":{"w":0.3122}},{"type":"Feature","geometry":{"type":"Point","coordinates":[11.666258,47.242986]},"properties":{"w":0.3728}},{"type":"Feature","geometry":{"type":"Point","coordinates":[11.777367,47.248092]},"properties":{"w":0.4263}},{"type":"Feature","geometry":{"type":"Point","coordinates":[13.498049,47.249552]},"properties":{"w":0.3357}},{"type":"Feature","geometry":{"type":"Point","coordinates":[11.170355,47.234544]},"properties":{"w":0.5871}},{"type":"Feature","geometry":{"type":"Point","coordinates":[12.542934,47.247548]},"properties":{"w":0.3471}},{"type":"Feature","geometry":{"type":"Point","coordinates":[15.112749,47.236004]},"properties":{"w":0.3308}},{"type":"Feature","geometry":{"type":"Point","coordinates":[10.463241,47.215619]},"properties":{"w":0.3616}},{"type":"Feature","geometry":{"type":"Point","coordinates":[10.534114,47.21472]},"properties":{"w":0.3691}},{"type":"Feature","geometry":{"type":"Point","coordinates":[15.067675,47.239592]},"properties":{"w":0.4429}},{"type":"Feature","geometry":{"type":"Point","coordinates":[10.020067,47.199088]},"properties":{"w":0.3357}},{"type":"Feature","geometry":{"type":"Point","coordinates":[11.019405,47.225575]},"properties":{"w":0.3659}},{"type":"Feature","geometry":{"type":"Point","coordinates":[12.953958,47.246626]},"properties":{"w":0.3728}},{"type":"Feature","geometry":{"type":"Point","coordinates":[11.585143,47.233874]},"properties":{"w":0.3393}},{"type":"Feature","geometry":{"type":"Point","coordinates":[11.80864,47.236038]},"properties":{"w":0.436}},{"type":"Feature","geometry":{"type":"Point","coordinates":[10.072034,47.199175]},"properties":{"w":0.3211}},{"type":"Feature","geometry":{"type":"Point","coordinates":[10.223234,47.208777]},"properties":{"w":0.3654}},{"type":"Feature","geometry":{"type":"Point","coordinates":[10.389713,47.206779]},"properties":{"w":0.3025}},{"type":"Feature","geometry":{"type":"Point","coordinates":[14.670337,47.248017]},"properties":{"w":0.678}},{"type":"Feature","geometry":{"type":"Point","coordinates":[14.413976,47.241923]},"properties":{"w":0.4875}},{"type":"Feature","geometry":{"type":"Point","coordinates":[10.212141,47.210055]},"properties":{"w":0.4809}},{"type":"Feature","geometry":{"type":"Point","coordinates":[14.995594,47.235015]},"properties":{"w":0.5974}},{"type":"Feature","geometry":{"type":"Point","coordinates":[12.542018,47.242418]},"properties":{"w":0.3625}},{"type":"Feature","geometry":{"type":"Point","coordinates":[10.505443,47.210057]},"properties":{"w":0.3654}},{"type":"Feature","geometry":{"type":"Point","coordinates":[12.628068,47.249312]},"properties":{"w":0.4055}},{"type":"Feature","geometry":{"type":"Point","coordinates":[15.108955,47.231985]},"properties":{"w":0.3404}},{"type":"Feature","geometry":{"type":"Point","coordinates":[10.18118,47.199863]},"properties":{"w":0.353}},{"type":"Feature","geometry":{"type":"Point","coordinates":[10.554048,47.209719]},"properties":{"w":0.4044}},{"type":"Feature","geometry":{"type":"Point","coordinates":[11.517539,47.228911]},"properties":{"w":0.3163}},{"type":"Feature","geometry":{"type":"Point","coordinates":[10.194207,47.201909]},"properties":{"w":0.364}},{"type":"Feature","geometry":{"type":"Point","coordinates":[10.189135,47.197484]},"properties":{"w":0.3654}},{"type":"Feature","geometry":{"type":"Point","coordinates":[10.170566,47.197551]},"properties":{"w":0.423}},{"type":"Feature","geometry":{"type":"Point","coordinates":[14.188036,47.238971]},"properties":{"w":0.3961}},{"type":"Feature","geometry":{"type":"Point","coordinates":[11.757599,47.229825]},"properties":{"w":0.4881}},{"type":"Feature","geometry":{"type":"Point","coordinates":[13.49861,47.23859]},"properties":{"w":0.3205}},{"type":"Feature","geometry":{"type":"Point","coordinates":[13.513826,47.238948]},"properties":{"w":0.251}},{"type":"Feature","geometry":{"type":"Point","coordinates":[11.776202,47.232084]},"properties":{"w":0.4202}},{"type":"Feature","geometry":{"type":"Point","coordinates":[11.969601,47.232652]},"properties":{"w":0.3823}},{"type":"Feature","geometry":{"type":"Point","coordinates":[11.814971,47.229751]},"properties":{"w":0.5013}},{"type":"Feature","geometry":{"type":"Point","coordinates":[11.041437,47.214224]},"properties":{"w":0.3333}},{"type":"Feature","geometry":{"type":"Point","coordinates":[15.046117,47.228641]},"properties":{"w":0.5145}},{"type":"Feature","geometry":{"type":"Point","coordinates":[10.252821,47.198235]},"properties":{"w":0.3093}},{"type":"Feature","geometry":{"type":"Point","coordinates":[13.490262,47.238356]},"properties":{"w":0.4044}},{"type":"Feature","geometry":{"type":"Point","coordinates":[10.036843,47.189553]},"properties":{"w":0.3218}},{"type":"Feature","geometry":{"type":"Point","coordinates":[10.966788,47.214267]},"properties":{"w":0.4588}},{"type":"Feature","geometry":{"type":"Point","coordinates":[11.99221,47.235302]},"properties":{"w":0.5441}},{"type":"Feature","geometry":{"type":"Point","coordinates":[11.653363,47.22456]},"properties":{"w":0.3302}},{"type":"Feature","geometry":{"type":"Point","coordinates":[10.237345,47.203969]},"properties":{"w":0.506}},{"type":"Feature","geometry":{"type":"Point","coordinates":[11.492683,47.220266]},"properties":{"w":0.4132}},{"type":"Feature","geometry":{"type":"Point","coordinates":[11.587752,47.22129]},"properties":{"w":0.3308}},{"type":"Feature","geometry":{"type":"Point","coordinates":[11.064845,47.212448]},"properties":{"w":0.3308}},{"type":"Feature","geometry":{"type":"Point","coordinates":[10.011444,47.187497]},"properties":{"w":0.4777}},{"type":"Feature","geometry":{"type":"Point","coordinates":[11.726048,47.224943]},"properties":{"w":0.3178}},{"type":"Feature","geometry":{"type":"Point","coordinates":[10.481068,47.200259]},"properties":{"w":0.4644}},{"type":"Feature","geometry":{"type":"Point","coordinates":[10.281026,47.197555]},"properties":{"w":0.4151}},{"type":"Feature","geometry":{"type":"Point","coordinates":[13.406711,47.235249]},"properties":{"w":0.3211}},{"type":"Feature","geometry":{"type":"Point","coordinates":[10.352364,47.194148]},"properties":{"w":0.3723}},{"type":"Feature","geometry":{"type":"Point","coordinates":[13.478645,47.236654]},"properties":{"w":0.5263}},{"type":"Feature","geometry":{"type":"Point","coordinates":[15.091842,47.222908]},"properties":{"w":0.5021}},{"type":"Feature","geometry":{"type":"Point","coordinates":[12.659094,47.237749]},"properties":{"w":0.4592}},{"type":"Feature","geometry":{"type":"Point","coordinates":[11.504204,47.216351]},"properties":{"w":0.3864}},{"type":"Feature","geometry":{"type":"Point","coordinates":[11.477925,47.216545]},"properties":{"w":0.4376}},{"type":"Feature","geometry":{"type":"Point","coordinates":[12.784668,47.228694]},"properties":{"w":0.3093}},{"type":"Feature","geometry":{"type":"Point","coordinates":[12.707663,47.229064]},"properties":{"w":0.3691}},{"type":"Feature","geometry":{"type":"Point","coordinates":[14.404892,47.224635]},"properties":{"w":0.3719}},{"type":"Feature","geometry":{"type":"Point","coordinates":[14.424082,47.223753]},"properties":{"w":0.3525}},{"type":"Feature","geometry":{"type":"Point","coordinates":[13.47219,47.229886]},"properties":{"w":0.4151}},{"type":"Feature","geometry":{"type":"Point","coordinates":[13.403775,47.228567]},"properties":{"w":0.3093}},{"type":"Feature","geometry":{"type":"Point","coordinates":[10.211961,47.187341]},"properties":{"w":0.5753}},{"type":"Feature","geometry":{"type":"Point","coordinates":[10.192928,47.185612]},"properties":{"w":0.3093}},{"type":"Feature","geometry":{"type":"Point","coordinates":[10.488095,47.193083]},"properties":{"w":0.3251}},{"type":"Feature","geometry":{"type":"Point","coordinates":[10.961357,47.205055]},"properties":{"w":0.5108}},{"type":"Feature","geometry":{"type":"Point","coordinates":[11.039421,47.203324]},"properties":{"w":0.3763}},{"type":"Feature","geometry":{"type":"Point","coordinates":[9.993925,47.180934]},"properties":{"w":0.566}},{"type":"Feature","geometry":{"type":"Point","coordinates":[13.050347,47.228739]},"properties":{"w":0.3576}},{"type":"Feature","geometry":{"type":"Point","coordinates":[11.736807,47.215539]},"properties":{"w":0.3471}},{"type":"Feature","geometry":{"type":"Point","coordinates":[10.310777,47.185962]},"properties":{"w":0.3205}},{"type":"Feature","geometry":{"type":"Point","coordinates":[15.033175,47.21273]},"properties":{"w":0.4019}},{"type":"Feature","geometry":{"type":"Point","coordinates":[13.301097,47.224479]},"properties":{"w":0.3398}},{"type":"Feature","geometry":{"type":"Point","coordinates":[14.957958,47.212535]},"properties":{"w":0.4142}},{"type":"Feature","geometry":{"type":"Point","coordinates":[11.758253,47.214523]},"properties":{"w":0.3368}},{"type":"Feature","geometry":{"type":"Point","coordinates":[12.557963,47.221794]},"properties":{"w":0.3093}},{"type":"Feature","geometry":{"type":"Point","coordinates":[12.879853,47.221798]},"properties":{"w":0.3899}},{"type":"Feature","geometry":{"type":"Point","coordinates":[15.076222,47.211678]},"properties":{"w":0.4236}},{"type":"Feature","geometry":{"type":"Point","coordinates":[11.002068,47.200287]},"properties":{"w":0.297}},{"type":"Feature","geometry":{"type":"Point","coordinates":[10.522557,47.187411]},"properties":{"w":0.3919}},{"type":"Feature","geometry":{"type":"Point","coordinates":[14.386562,47.218703]},"properties":{"w":0.3231}},{"type":"Feature","geometry":{"type":"Point","coordinates":[12.88748,47.224166]},"properties":{"w":0.3251}},{"type":"Feature","geometry":{"type":"Point","coordinates":[10.114405,47.177103]},"properties":{"w":0.3654}},{"type":"Feature","geometry":{"type":"Point","coordinates":[9.9641,47.17184]},"properties":{"w":0.3835}},{"type":"Feature","geometry":{"type":"Point","coordinates":[9.639194,47.164066]},"properties":{"w":0.3571}},{"type":"Feature","geometry":{"type":"Point","coordinates":[10.088124,47.175362]},"properties":{"w":0.3308}},{"type":"Feature","geometry":{"type":"Point","coordinates":[15.050778,47.210268]},"properties":{"w":0.3576}},{"type":"Feature","geometry":{"type":"Point","coordinates":[14.397001,47.218584]},"properties":{"w":0.4196}},{"type":"Feature","geometry":{"type":"Point","coordinates":[13.293294,47.226356]},"properties":{"w":0.4622}},{"type":"Feature","geometry":{"type":"Point","coordinates":[10.207052,47.177584]},"properties":{"w":0.3426}},{"type":"Feature","geometry":{"type":"Point","coordinates":[10.983795,47.203009]},"properties":{"w":0.4871}},{"type":"Feature","geometry":{"type":"Point","coordinates":[11.688202,47.217449]},"properties":{"w":0.4274}},{"type":"Feature","geometry":{"type":"Point","coordinates":[15.107297,47.209144]},"properties":{"w":0.4467}},{"type":"Feature","geometry":{"type":"Point","coordinates":[13.349972,47.220565]},"properties":{"w":0.3404}},{"type":"Feature","geometry":{"type":"Point","coordinates":[13.465082,47.223963]},"properties":{"w":0.4776}},{"type":"Feature","geometry":{"type":"Point","coordinates":[12.06599,47.212975]},"properties":{"w":0.3386}},{"type":"Feature","geometry":{"type":"Point","coordinates":[14.164159,47.216541]},"properties":{"w":0.4653}},{"type":"Feature","geometry":{"type":"Point","coordinates":[10.128872,47.173533]},"properties":{"w":0.3509}},{"type":"Feature","geometry":{"type":"Point","coordinates":[10.392744,47.182335]},"properties":{"w":0.5065}},{"type":"Feature","geometry":{"type":"Point","coordinates":[12.088361,47.220273]},"properties":{"w":0.6172}},{"type":"Feature","geometry":{"type":"Point","coordinates":[12.940943,47.221527]},"properties":{"w":0.3404}},{"type":"Feature","geometry":{"type":"Point","coordinates":[14.105293,47.216857]},"properties":{"w":0.3386}},{"type":"Feature","geometry":{"type":"Point","coordinates":[10.405982,47.180323]},"properties":{"w":0.4298}},{"type":"Feature","geometry":{"type":"Point","coordinates":[15.182607,47.204281]},"properties":{"w":0.3444}},{"type":"Feature","geometry":{"type":"Point","coordinates":[12.783125,47.218605]},"properties":{"w":0.4174}},{"type":"Feature","geometry":{"type":"Point","coordinates":[13.421526,47.220512]},"properties":{"w":0.5124}},{"type":"Feature","geometry":{"type":"Point","coordinates":[10.348404,47.17819]},"properties":{"w":0.354}},{"type":"Feature","geometry":{"type":"Point","coordinates":[9.966726,47.167257]},"properties":{"w":0.3798}},{"type":"Feature","geometry":{"type":"Point","coordinates":[10.974003,47.192594]},"properties":{"w":0.3968}},{"type":"Feature","geometry":{"type":"Point","coordinates":[11.068166,47.19585]},"properties":{"w":0.3705}},{"type":"Feature","geometry":{"type":"Point","coordinates":[14.137114,47.221759]},"properties":{"w":0.4418}},{"type":"Feature","geometry":{"type":"Point","coordinates":[12.794025,47.216832]},"properties":{"w":0.4151}},{"type":"Feature","geometry":{"type":"Point","coordinates":[14.12525,47.216633]},"properties":{"w":0.4527}},{"type":"Feature","geometry":{"type":"Point","coordinates":[11.667913,47.202617]},"properties":{"w":0.3205}},{"type":"Feature","geometry":{"type":"Point","coordinates":[13.302168,47.217579]},"properties":{"w":0.3493}},{"type":"Feature","geometry":{"type":"Point","coordinates":[9.730887,47.157818]},"properties":{"w":0.3258}},{"type":"Feature","geometry":{"type":"Point","coordinates":[13.290361,47.215245]},"properties":{"w":0.4298}},{"type":"Feature","geometry":{"type":"Point","coordinates":[13.978568,47.218804]},"properties":{"w":0.5177}},{"type":"Feature","geometry":{"type":"Point","coordinates":[13.056224,47.216534]},"properties":{"w":0.3987}},{"type":"Feature","geometry":{"type":"Point","coordinates":[13.233152,47.213554]},"properties":{"w":0.3466}},{"type":"Feature","geometry":{"type":"Point","coordinates":[10.252735,47.173379]},"properties":{"w":0.3122}},{"type":"Feature","geometry":{"type":"Point","coordinates":[15.17213,47.20302]},"properties":{"w":0.4392}},{"type":"Feature","geometry":{"type":"Point","coordinates":[14.329189,47.210998]},"properties":{"w":0.4041}},{"type":"Feature","geometry":{"type":"Point","coordinates":[13.894611,47.213782]},"properties":{"w":0.3184}},{"type":"Feature","geometry":{"type":"Point","coordinates":[10.397405,47.176896]},"properties":{"w":0.3171}},{"type":"Feature","geometry":{"type":"Point","coordinates":[10.322422,47.175785]},"properties":{"w":0.4099}},{"type":"Feature","geometry":{"type":"Point","coordinates":[13.382854,47.219171]},"properties":{"w":0.4629}},{"type":"Feature","geometry":{"type":"Point","coordinates":[15.091151,47.202596]},"properties":{"w":0.3586}},{"type":"Feature","geometry":{"type":"Point","coordinates":[10.032806,47.16827]},"properties":{"w":0.4821}},{"type":"Feature","geometry":{"type":"Point","coordinates":[15.001033,47.203799]},"properties":{"w":0.3471}},{"type":"Feature","geometry":{"type":"Point","coordinates":[10.019099,47.165218]},"properties":{"w":0.4809}},{"type":"Feature","geometry":{"type":"Point","coordinates":[12.089069,47.205874]},"properties":{"w":0.3205}},{"type":"Feature","geometry":{"type":"Point","coordinates":[12.109502,47.210954]},"properties":{"w":0.5057}},{"type":"Feature","geometry":{"type":"Point","coordinates":[11.574788,47.197943]},"properties":{"w":0.3205}},{"type":"Feature","geometry":{"type":"Point","coordinates":[14.379133,47.209974]},"properties":{"w":0.4984}},{"type":"Feature","geometry":{"type":"Point","coordinates":[12.249175,47.210399]},"properties":{"w":0.4565}},{"type":"Feature","geometry":{"type":"Point","coordinates":[11.24452,47.194504]},"properties":{"w":0.3157}},{"type":"Feature","geometry":{"type":"Point","coordinates":[11.709011,47.200411]},"properties":{"w":0.3798}},{"type":"Feature","geometry":{"type":"Point","coordinates":[13.398665,47.218012]},"properties":{"w":0.7058}},{"type":"Feature","geometry":{"type":"Point","coordinates":[12.91562,47.211832]},"properties":{"w":0.4055}},{"type":"Feature","geometry":{"type":"Point","coordinates":[10.003436,47.163327]},"properties":{"w":0.4442}},{"type":"Feature","geometry":{"type":"Point","coordinates":[11.686609,47.198654]},"properties":{"w":0.3728}},{"type":"Feature","geometry":{"type":"Point","coordinates":[15.101673,47.201294]},"properties":{"w":0.3888}},{"type":"Feature","geometry":{"type":"Point","coordinates":[14.392493,47.206857]},"properties":{"w":0.3953}},{"type":"Feature","geometry":{"type":"Point","coordinates":[11.724262,47.199617]},"properties":{"w":0.4125}},{"type":"Feature","geometry":{"type":"Point","coordinates":[11.518158,47.193063]},"properties":{"w":0.3296}},{"type":"Feature","geometry":{"type":"Point","coordinates":[13.902959,47.206328]},"properties":{"w":0.3421}},{"type":"Feature","geometry":{"type":"Point","coordinates":[14.978653,47.199864]},"properties":{"w":0.5044}},{"type":"Feature","geometry":{"type":"Point","coordinates":[12.038603,47.202576]},"properties":{"w":0.5061}},{"type":"Feature","geometry":{"type":"Point","coordinates":[10.101362,47.162099]},"properties":{"w":0.3759}},{"type":"Feature","geometry":{"type":"Point","coordinates":[11.774105,47.196185]},"properties":{"w":0.3205}},{"type":"Feature","geometry":{"type":"Point","coordinates":[11.545793,47.193114]},"properties":{"w":0.3093}},{"type":"Feature","geometry":{"type":"Point","coordinates":[13.256221,47.21255]},"properties":{"w":0.3789}},{"type":"Feature","geometry":{"type":"Point","coordinates":[9.99777,47.157094]},"properties":{"w":0.3093}},{"type":"Feature","geometry":{"type":"Point","coordinates":[11.527433,47.191679]},"properties":{"w":0.3277}},{"type":"Feature","geometry":{"type":"Point","coordinates":[11.497754,47.192984]},"properties":{"w":0.4786}},{"type":"Feature","geometry":{"type":"Point","coordinates":[13.041319,47.205672]},"properties":{"w":0.386}},{"type":"Feature","geometry":{"type":"Point","coordinates":[10.046389,47.161701]},"properties":{"w":0.5014}},{"type":"Feature","geometry":{"type":"Point","coordinates":[10.257086,47.163533]},"properties":{"w":0.3728}},{"type":"Feature","geometry":{"type":"Point","coordinates":[10.850582,47.177983]},"properties":{"w":0.3205}},{"type":"Feature","geometry":{"type":"Point","coordinates":[10.199009,47.163499]},"properties":{"w":0.3471}},{"type":"Feature","geometry":{"type":"Point","coordinates":[12.55848,47.201901]},"properties":{"w":0.2977}},{"type":"Feature","geometry":{"type":"Point","coordinates":[11.92899,47.196664]},"properties":{"w":0.3438}},{"type":"Feature","geometry":{"type":"Point","coordinates":[11.787731,47.194793]},"properties":{"w":0.3056}},{"type":"Feature","geometry":{"type":"Point","coordinates":[10.702595,47.180437]},"properties":{"w":0.4687}},{"type":"Feature","geometry":{"type":"Point","coordinates":[15.034071,47.197228]},"properties":{"w":0.4789}},{"type":"Feature","geometry":{"type":"Point","coordinates":[13.163426,47.204833]},"properties":{"w":0.3449}},{"type":"Feature","geometry":{"type":"Point","coordinates":[12.043729,47.19684]},"properties":{"w":0.3864}},{"type":"Feature","geometry":{"type":"Point","coordinates":[10.266313,47.162886]},"properties":{"w":0.4202}},{"type":"Feature","geometry":{"type":"Point","coordinates":[10.983051,47.180316]},"properties":{"w":0.4986}},{"type":"Feature","geometry":{"type":"Point","coordinates":[13.064085,47.205665]},"properties":{"w":0.3714}},{"type":"Feature","geometry":{"type":"Point","coordinates":[13.280028,47.207794]},"properties":{"w":0.601}},{"type":"Feature","geometry":{"type":"Point","coordinates":[9.727148,47.145679]},"properties":{"w":0.3919}},{"type":"Feature","geometry":{"type":"Point","coordinates":[11.684443,47.189803]},"properties":{"w":0.395}},{"type":"Feature","geometry":{"type":"Point","coordinates":[10.278119,47.163115]},"properties":{"w":0.5476}},{"type":"Feature","geometry":{"type":"Point","coordinates":[12.474508,47.201011]},"properties":{"w":0.4387}},{"type":"Feature","geometry":{"type":"Point","coordinates":[11.244968,47.183941]},"properties":{"w":0.3205}},{"type":"Feature","geometry":{"type":"Point","coordinates":[13.02137,47.203483]},"properties":{"w":0.3728}},{"type":"Feature","geometry":{"type":"Point","coordinates":[11.199586,47.18403]},"properties":{"w":0.5227}},{"type":"Feature","geometry":{"type":"Point","coordinates":[13.049467,47.199482]},"properties":{"w":0.4585}},{"type":"Feature","geometry":{"type":"Point","coordinates":[13.26501,47.200402]},"properties":{"w":0.3308}},{"type":"Feature","geometry":{"type":"Point","coordinates":[11.771476,47.187327]},"properties":{"w":0.3415}},{"type":"Feature","geometry":{"type":"Point","coordinates":[13.325749,47.197025]},"properties":{"w":0.2994}},{"type":"Feature","geometry":{"type":"Point","coordinates":[14.057879,47.202111]},"properties":{"w":0.4161}},{"type":"Feature","geometry":{"type":"Point","coordinates":[9.633389,47.137643]},"properties":{"w":0.3714}},{"type":"Feature","geometry":{"type":"Point","coordinates":[14.395939,47.190672]},"properties":{"w":0.3205}},{"type":"Feature","geometry":{"type":"Point","coordinates":[10.684467,47.165808]},"properties":{"w":0.3205}},{"type":"Feature","geometry":{"type":"Point","coordinates":[12.064908,47.189225]},"properties":{"w":0.363}},{"type":"Feature","geometry":{"type":"Point","coordinates":[10.854026,47.166953]},"properties":{"w":0.3404}},{"type":"Feature","geometry":{"type":"Point","coordinates":[13.311423,47.194573]},"properties":{"w":0.3493}},{"type":"Feature","geometry":{"type":"Point","coordinates":[12.518708,47.191079]},"properties":{"w":0.3616}},{"type":"Feature","geometry":{"type":"Point","coordinates":[9.668449,47.134213]},"properties":{"w":0.3927}},{"type":"Feature","geometry":{"type":"Point","coordinates":[10.20699,47.148697]},"properties":{"w":0.393}},{"type":"Feature","geometry":{"type":"Point","coordinates":[11.521346,47.175031]},"properties":{"w":0.3205}},{"type":"Feature","geometry":{"type":"Point","coordinates":[11.563535,47.178003]},"properties":{"w":0.4452}},{"type":"Feature","geometry":{"type":"Point","coordinates":[14.96452,47.183438]},"properties":{"w":0.419}},{"type":"Feature","geometry":{"type":"Point","coordinates":[10.460606,47.152063]},"properties":{"w":0.3163}},{"type":"Feature","geometry":{"type":"Point","coordinates":[12.554838,47.185194]},"properties":{"w":0.3198}},{"type":"Feature","geometry":{"type":"Point","coordinates":[11.9622,47.179233]},"properties":{"w":0.3487}},{"type":"Feature","geometry":{"type":"Point","coordinates":[14.486141,47.18091]},"properties":{"w":0.3205}},{"type":"Feature","geometry":{"type":"Point","coordinates":[12.021496,47.184798]},"properties":{"w":0.3953}},{"type":"Feature","geometry":{"type":"Point","coordinates":[10.862996,47.159574]},"properties":{"w":0.3714}},{"type":"Feature","geometry":{"type":"Point","coordinates":[10.470945,47.149572]},"properties":{"w":0.3683}},{"type":"Feature","geometry":{"type":"Point","coordinates":[11.51171,47.170484]},"properties":{"w":0.4099}},{"type":"Feature","geometry":{"type":"Point","coordinates":[9.723923,47.130024]},"properties":{"w":0.4571}},{"type":"Feature","geometry":{"type":"Point","coordinates":[13.183442,47.183302]},"properties":{"w":0.3128}},{"type":"Feature","geometry":{"type":"Point","coordinates":[10.843628,47.157881]},"properties":{"w":0.4531}},{"type":"Feature","geometry":{"type":"Point","coordinates":[14.98277,47.179718]},"properties":{"w":0.6018}},{"type":"Feature","geometry":{"type":"Point","coordinates":[10.21991,47.138975]},"properties":{"w":0.3143}},{"type":"Feature","geometry":{"type":"Point","coordinates":[11.089867,47.167608]},"properties":{"w":0.4576}},{"type":"Feature","geometry":{"type":"Point","coordinates":[14.38412,47.18894]},"properties":{"w":0.5614}},{"type":"Feature","geometry":{"type":"Point","coordinates":[13.042526,47.181589]},"properties":{"w":0.3184}},{"type":"Feature","geometry":{"type":"Point","coordinates":[14.470522,47.179665]},"properties":{"w":0.395}},{"type":"Feature","geometry":{"type":"Point","coordinates":[12.066585,47.175941]},"properties":{"w":0.3264}},{"type":"Feature","geometry":{"type":"Point","coordinates":[14.897227,47.17184]},"properties":{"w":0.4938}},{"type":"Feature","geometry":{"type":"Point","coordinates":[13.175275,47.180606]},"properties":{"w":0.3093}},{"type":"Feature","geometry":{"type":"Point","coordinates":[10.641585,47.148209]},"properties":{"w":0.4139}},{"type":"Feature","geometry":{"type":"Point","coordinates":[12.490524,47.176927]},"properties":{"w":0.3251}},{"type":"Feature","geometry":{"type":"Point","coordinates":[15.016691,47.167968]},"properties":{"w":0.3368}},{"type":"Feature","geometry":{"type":"Point","coordinates":[11.50581,47.163277]},"properties":{"w":0.386}},{"type":"Feature","geometry":{"type":"Point","coordinates":[11.567965,47.163706]},"properties":{"w":0.315}},{"type":"Feature","geometry":{"type":"Point","coordinates":[15.03332,47.164891]},"properties":{"w":0.3357}},{"type":"Feature","geometry":{"type":"Point","coordinates":[10.792393,47.154388]},"properties":{"w":0.356}},{"type":"Feature","geometry":{"type":"Point","coordinates":[9.902306,47.124533]},"properties":{"w":0.3093}},{"type":"Feature","geometry":{"type":"Point","coordinates":[15.237138,47.161498]},"properties":{"w":0.3851}},{"type":"Feature","geometry":{"type":"Point","coordinates":[9.635818,47.118177]},"properties":{"w":0.4725}},{"type":"Feature","geometry":{"type":"Point","coordinates":[13.011256,47.182005]},"properties":{"w":0.3556}},{"type":"Feature","geometry":{"type":"Point","coordinates":[9.683436,47.119255]},"properties":{"w":0.3205}},{"type":"Feature","geometry":{"type":"Point","coordinates":[14.50163,47.172443]},"properties":{"w":0.3871}},{"type":"Feature","geometry":{"type":"Point","coordinates":[13.2957,47.176369]},"properties":{"w":0.3545}},{"type":"Feature","geometry":{"type":"Point","coordinates":[12.708643,47.174248]},"properties":{"w":0.3471}},{"type":"Feature","geometry":{"type":"Point","coordinates":[13.313933,47.176428]},"properties":{"w":0.3576}},{"type":"Feature","geometry":{"type":"Point","coordinates":[14.527986,47.172116]},"properties":{"w":0.3581}},{"type":"Feature","geometry":{"type":"Point","coordinates":[11.497782,47.158453]},"properties":{"w":0.3673}},{"type":"Feature","geometry":{"type":"Point","coordinates":[15.22465,47.158213]},"properties":{"w":0.338}},{"type":"Feature","geometry":{"type":"Point","coordinates":[13.320556,47.179821]},"properties":{"w":0.4959}},{"type":"Feature","geometry":{"type":"Point","coordinates":[9.709445,47.114031]},"properties":{"w":0.3723}},{"type":"Feature","geometry":{"type":"Point","coordinates":[9.656649,47.119534]},"properties":{"w":0.4743}},{"type":"Feature","geometry":{"type":"Point","coordinates":[14.513399,47.171741]},"properties":{"w":0.4202}},{"type":"Feature","geometry":{"type":"Point","coordinates":[14.464608,47.165824]},"properties":{"w":0.4277}},{"type":"Feature","geometry":{"type":"Point","coordinates":[16.510717,47.137986]},"properties":{"w":0.8144}},{"type":"Feature","geometry":{"type":"Point","coordinates":[13.306761,47.179516]},"properties":{"w":0.4429}},{"type":"Feature","geometry":{"type":"Point","coordinates":[11.4127,47.154382]},"properties":{"w":0.3218}},{"type":"Feature","geometry":{"type":"Point","coordinates":[14.488153,47.165535]},"properties":{"w":0.4626}},{"type":"Feature","geometry":{"type":"Point","coordinates":[12.030135,47.167741]},"properties":{"w":0.3983}},{"type":"Feature","geometry":{"type":"Point","coordinates":[11.418974,47.157794]},"properties":{"w":0.4289}},{"type":"Feature","geometry":{"type":"Point","coordinates":[13.852753,47.166002]},"properties":{"w":0.3283}},{"type":"Feature","geometry":{"type":"Point","coordinates":[11.540273,47.15288]},"properties":{"w":0.3763}},{"type":"Feature","geometry":{"type":"Point","coordinates":[13.869811,47.169845]},"properties":{"w":0.6184}},{"type":"Feature","geometry":{"type":"Point","coordinates":[12.497569,47.165041]},"properties":{"w":0.4217}},{"type":"Feature","geometry":{"type":"Point","coordinates":[13.188478,47.170504]},"properties":{"w":0.37}},{"type":"Feature","geometry":{"type":"Point","coordinates":[13.045766,47.164873]},"properties":{"w":0.3093}},{"type":"Feature","geometry":{"type":"Point","coordinates":[14.536708,47.16868]},"properties":{"w":0.5712}},{"type":"Feature","geometry":{"type":"Point","coordinates":[13.837622,47.172009]},"properties":{"w":0.6229}},{"type":"Feature","geometry":{"type":"Point","coordinates":[13.32784,47.167643]},"properties":{"w":0.3938}},{"type":"Feature","geometry":{"type":"Point","coordinates":[11.527702,47.154912]},"properties":{"w":0.5642}},{"type":"Feature","geometry":{"type":"Point","coordinates":[11.071719,47.149479]},"properties":{"w":0.551}},{"type":"Feature","geometry":{"type":"Point","coordinates":[10.187536,47.119996]},"properties":{"w":0.3205}},{"type":"Feature","geometry":{"type":"Point","coordinates":[9.810549,47.108571]},"properties":{"w":0.3719}},{"type":"Feature","geometry":{"type":"Point","coordinates":[10.178444,47.120002]},"properties":{"w":0.3386}},{"type":"Feature","geometry":{"type":"Point","coordinates":[11.5108,47.149133]},"properties":{"w":0.356}},{"type":"Feature","geometry":{"type":"Point","coordinates":[10.807897,47.136298]},"properties":{"w":0.37}},{"type":"Feature","geometry":{"type":"Point","coordinates":[11.407663,47.148863]},"properties":{"w":0.456}},{"type":"Feature","geometry":{"type":"Point","coordinates":[10.145713,47.118034]},"properties":{"w":0.3009}},{"type":"Feature","geometry":{"type":"Point","coordinates":[14.165041,47.161406]},"properties":{"w":0.3351}},{"type":"Feature","geometry":{"type":"Point","coordinates":[10.164872,47.118104]},"properties":{"w":0.363}},{"type":"Feature","geometry":{"type":"Point","coordinates":[10.198946,47.119721]},"properties":{"w":0.4387}},{"type":"Feature","geometry":{"type":"Point","coordinates":[13.894138,47.159718]},"properties":{"w":0.365}},{"type":"Feature","geometry":{"type":"Point","coordinates":[9.696121,47.104354]},"properties":{"w":0.4583}},{"type":"Feature","geometry":{"type":"Point","coordinates":[13.042754,47.160816]},"properties":{"w":0.3093}},{"type":"Feature","geometry":{"type":"Point","coordinates":[14.191147,47.160354]},"properties":{"w":0.3953}},{"type":"Feature","geometry":{"type":"Point","coordinates":[12.578652,47.172825]},"properties":{"w":0.5318}},{"type":"Feature","geometry":{"type":"Point","coordinates":[12.505131,47.158445]},"properties":{"w":0.353}},{"type":"Feature","geometry":{"type":"Point","coordinates":[13.671637,47.16223]},"properties":{"w":0.4723}},{"type":"Feature","geometry":{"type":"Point","coordinates":[13.054024,47.160575]},"properties":{"w":0.4536}},{"type":"Feature","geometry":{"type":"Point","coordinates":[14.996317,47.149625]},"properties":{"w":0.4187}},{"type":"Feature","geometry":{"type":"Point","coordinates":[13.871405,47.15967]},"properties":{"w":0.5623}},{"type":"Feature","geometry":{"type":"Point","coordinates":[10.047553,47.109685]},"properties":{"w":0.3519}},{"type":"Feature","geometry":{"type":"Point","coordinates":[14.899614,47.151278]},"properties":{"w":0.4495}},{"type":"Feature","geometry":{"type":"Point","coordinates":[12.538871,47.155511]},"properties":{"w":0.3115}},{"type":"Feature","geometry":{"type":"Point","coordinates":[11.586299,47.144934]},"properties":{"w":0.3171}},{"type":"Feature","geometry":{"type":"Point","coordinates":[10.342044,47.119408]},"properties":{"w":0.3351}},{"type":"Feature","geometry":{"type":"Point","coordinates":[11.414523,47.144275]},"properties":{"w":0.4754}},{"type":"Feature","geometry":{"type":"Point","coordinates":[14.955965,47.144524]},"properties":{"w":0.3283}},{"type":"Feature","geometry":{"type":"Point","coordinates":[11.402514,47.141273]},"properties":{"w":0.353}},{"type":"Feature","geometry":{"type":"Point","coordinates":[13.006172,47.158539]},"properties":{"w":0.5704}},{"type":"Feature","geometry":{"type":"Point","coordinates":[13.90402,47.156035]},"properties":{"w":0.6114}},{"type":"Feature","geometry":{"type":"Point","coordinates":[11.390124,47.139403]},"properties":{"w":0.3759}},{"type":"Feature","geometry":{"type":"Point","coordinates":[13.648441,47.156989]},"properties":{"w":0.4224}},{"type":"Feature","geometry":{"type":"Point","coordinates":[14.515541,47.153851]},"properties":{"w":0.4851}},{"type":"Feature","geometry":{"type":"Point","coordinates":[14.933431,47.145679]},"properties":{"w":0.365}},{"type":"Feature","geometry":{"type":"Point","coordinates":[15.006539,47.15156]},"properties":{"w":0.5202}},{"type":"Feature","geometry":{"type":"Point","coordinates":[14.169615,47.152718]},"properties":{"w":0.5359}},{"type":"Feature","geometry":{"type":"Point","coordinates":[11.661324,47.141113]},"properties":{"w":0.3143}},{"type":"Feature","geometry":{"type":"Point","coordinates":[13.610795,47.154451]},"properties":{"w":0.4548}},{"type":"Feature","geometry":{"type":"Point","coordinates":[11.080713,47.143929]},"properties":{"w":0.4938}},{"type":"Feature","geometry":{"type":"Point","coordinates":[12.635802,47.150062]},"properties":{"w":0.3093}},{"type":"Feature","geometry":{"type":"Point","coordinates":[12.493389,47.149622]},"properties":{"w":0.3171}},{"type":"Feature","geometry":{"type":"Point","coordinates":[10.063161,47.103385]},"properties":{"w":0.3404}},{"type":"Feature","geometry":{"type":"Point","coordinates":[12.568953,47.147233]},"properties":{"w":0.2904}},{"type":"Feature","geometry":{"type":"Point","coordinates":[10.400803,47.112191]},"properties":{"w":0.3093}},{"type":"Feature","geometry":{"type":"Point","coordinates":[14.194115,47.146317]},"properties":{"w":0.332}},{"type":"Feature","geometry":{"type":"Point","coordinates":[10.287586,47.109573]},"properties":{"w":0.4085}},{"type":"Feature","geometry":{"type":"Point","coordinates":[10.224749,47.108312]},"properties":{"w":0.3471}},{"type":"Feature","geometry":{"type":"Point","coordinates":[13.652302,47.148718]},"properties":{"w":0.3192}},{"type":"Feature","geometry":{"type":"Point","coordinates":[14.511143,47.143226]},"properties":{"w":0.3308}},{"type":"Feature","geometry":{"type":"Point","coordinates":[14.947833,47.153502]},"properties":{"w":0.6393}},{"type":"Feature","geometry":{"type":"Point","coordinates":[10.032683,47.103845]},"properties":{"w":0.5057}},{"type":"Feature","geometry":{"type":"Point","coordinates":[12.628822,47.147735]},"properties":{"w":0.3728}},{"type":"Feature","geometry":{"type":"Point","coordinates":[13.620147,47.147818]},"properties":{"w":0.44}},{"type":"Feature","geometry":{"type":"Point","coordinates":[13.172267,47.149448]},"properties":{"w":0.3987}},{"type":"Feature","geometry":{"type":"Point","coordinates":[10.320092,47.107857]},"properties":{"w":0.403}},{"type":"Feature","geometry":{"type":"Point","coordinates":[10.848113,47.119039]},"properties":{"w":0.3961}},{"type":"Feature","geometry":{"type":"Point","coordinates":[13.989033,47.143668]},"properties":{"w":0.3205}},{"type":"Feature","geometry":{"type":"Point","coordinates":[14.542254,47.141699]},"properties":{"w":0.3251}},{"type":"Feature","geometry":{"type":"Point","coordinates":[10.219072,47.102472]},"properties":{"w":0.2769}},{"type":"Feature","geometry":{"type":"Point","coordinates":[12.547076,47.141297]},"properties":{"w":0.3086}},{"type":"Feature","geometry":{"type":"Point","coordinates":[11.645818,47.131301]},"properties":{"w":0.5489}},{"type":"Feature","geometry":{"type":"Point","coordinates":[12.580879,47.140164]},"properties":{"w":0.3814}},{"type":"Feature","geometry":{"type":"Point","coordinates":[9.704691,47.087661]},"properties":{"w":0.4256}},{"type":"Feature","geometry":{"type":"Point","coordinates":[10.163233,47.097217]},"properties":{"w":0.3205}},{"type":"Feature","geometry":{"type":"Point","coordinates":[12.781165,47.140797]},"properties":{"w":0.3691}},{"type":"Feature","geometry":{"type":"Point","coordinates":[12.802856,47.150429]},"properties":{"w":0.5947}},{"type":"Feature","geometry":{"type":"Point","coordinates":[10.421599,47.103149]},"properties":{"w":0.3205}},{"type":"Feature","geometry":{"type":"Point","coordinates":[10.214597,47.098335]},"properties":{"w":0.2985}},{"type":"Feature","geometry":{"type":"Point","coordinates":[10.896504,47.117147]},"properties":{"w":0.3308}},{"type":"Feature","geometry":{"type":"Point","coordinates":[13.023665,47.14025]},"properties":{"w":0.353}},{"type":"Feature","geometry":{"type":"Point","coordinates":[10.696626,47.112638]},"properties":{"w":0.4529}},{"type":"Feature","geometry":{"type":"Point","coordinates":[12.639967,47.137257]},"properties":{"w":0.3171}},{"type":"Feature","geometry":{"type":"Point","coordinates":[14.558809,47.14448]},"properties":{"w":0.5804}},{"type":"Feature","geometry":{"type":"Point","coordinates":[10.316195,47.09785]},"properties":{"w":0.3576}},{"type":"Feature","geometry":{"type":"Point","coordinates":[14.559822,47.13591]},"properties":{"w":0.4895}},{"type":"Feature","geometry":{"type":"Point","coordinates":[10.400664,47.101808]},"properties":{"w":0.4221}},{"type":"Feature","geometry":{"type":"Point","coordinates":[11.135762,47.118078]},"properties":{"w":0.3823}},{"type":"Feature","geometry":{"type":"Point","coordinates":[10.379266,47.099982]},"properties":{"w":0.4167}},{"type":"Feature","geometry":{"type":"Point","coordinates":[13.319663,47.136089]},"properties":{"w":0.3093}},{"type":"Feature","geometry":{"type":"Point","coordinates":[11.855781,47.128155]},"properties":{"w":0.3823}},{"type":"Feature","geometry":{"type":"Point","coordinates":[9.688108,47.079822]},"properties":{"w":0.5095}},{"type":"Feature","geometry":{"type":"Point","coordinates":[13.898639,47.133584]},"properties":{"w":0.3677}},{"type":"Feature","geometry":{"type":"Point","coordinates":[12.779636,47.132949]},"properties":{"w":0.3296}},{"type":"Feature","geometry":{"type":"Point","coordinates":[10.156962,47.090578]},"properties":{"w":0.4843}},{"type":"Feature","geometry":{"type":"Point","coordinates":[14.561556,47.127397]},"properties":{"w":0.3308}},{"type":"Feature","geometry":{"type":"Point","coordinates":[10.303286,47.093411]},"properties":{"w":0.3466}},{"type":"Feature","geometry":{"type":"Point","coordinates":[14.088709,47.133254]},"properties":{"w":0.3798}},{"type":"Feature","geometry":{"type":"Point","coordinates":[13.2039,47.132465]},"properties":{"w":0.4298}},{"type":"Feature","geometry":{"type":"Point","coordinates":[13.192932,47.136006]},"properties":{"w":0.3596}},{"type":"Feature","geometry":{"type":"Point","coordinates":[14.077008,47.129576]},"properties":{"w":0.3449}},{"type":"Feature","geometry":{"type":"Point","coordinates":[10.411203,47.094144]},"properties":{"w":0.3192}},{"type":"Feature","geometry":{"type":"Point","coordinates":[12.515912,47.130369]},"properties":{"w":0.3591}},{"type":"Feature","geometry":{"type":"Point","coordinates":[10.259967,47.095425]},"properties":{"w":0.4183}},{"type":"Feature","geometry":{"type":"Point","coordinates":[13.216689,47.136478]},"properties":{"w":0.3728}},{"type":"Feature","geometry":{"type":"Point","coordinates":[9.665401,47.071889]},"properties":{"w":0.3128}},{"type":"Feature","geometry":{"type":"Point","coordinates":[10.314253,47.089971]},"properties":{"w":0.4202}},{"type":"Feature","geometry":{"type":"Point","coordinates":[13.003503,47.130001]},"properties":{"w":0.3205}},{"type":"Feature","geometry":{"type":"Point","coordinates":[14.66165,47.122277]},"properties":{"w":0.4376}},{"type":"Feature","geometry":{"type":"Point","coordinates":[12.634351,47.130095]},"properties":{"w":0.446}},{"type":"Feature","geometry":{"type":"Point","coordinates":[13.637874,47.128417]},"properties":{"w":0.3386}},{"type":"Feature","geometry":{"type":"Point","coordinates":[11.088854,47.107541]},"properties":{"w":0.4664}},{"type":"Feature","geometry":{"type":"Point","coordinates":[14.524326,47.123631]},"properties":{"w":0.4772}},{"type":"Feature","geometry":{"type":"Point","coordinates":[14.567536,47.122419]},"properties":{"w":0.5256}},{"type":"Feature","geometry":{"type":"Point","coordinates":[14.533993,47.128276]},"properties":{"w":0.5192}},{"type":"Feature","geometry":{"type":"Point","coordinates":[11.389899,47.109283]},"properties":{"w":0.3093}},{"type":"Feature","geometry":{"type":"Point","coordinates":[11.56984,47.112193]},"properties":{"w":0.4085}},{"type":"Feature","geometry":{"type":"Point","coordinates":[11.220071,47.106627]},"properties":{"w":0.3143}},{"type":"Feature","geometry":{"type":"Point","coordinates":[14.411953,47.11933]},"properties":{"w":0.3238}},{"type":"Feature","geometry":{"type":"Point","coordinates":[14.491694,47.123557]},"properties":{"w":0.4979}},{"type":"Feature","geometry":{"type":"Point","coordinates":[13.910926,47.129868]},"properties":{"w":0.6765}},{"type":"Feature","geometry":{"type":"Point","coordinates":[11.382107,47.103814]},"properties":{"w":0.3205}},{"type":"Feature","geometry":{"type":"Point","coordinates":[14.582948,47.11546]},"properties":{"w":0.4941}},{"type":"Feature","geometry":{"type":"Point","coordinates":[11.409091,47.104076]},"properties":{"w":0.363}},{"type":"Feature","geometry":{"type":"Point","coordinates":[13.988588,47.119335]},"properties":{"w":0.3806}},{"type":"Feature","geometry":{"type":"Point","coordinates":[11.403236,47.104254]},"properties":{"w":0.3245}},{"type":"Feature","geometry":{"type":"Point","coordinates":[13.07153,47.121441]},"properties":{"w":0.3314}},{"type":"Feature","geometry":{"type":"Point","coordinates":[14.801765,47.113654]},"properties":{"w":0.4132}},{"type":"Feature","geometry":{"type":"Point","coordinates":[14.868723,47.10922]},"properties":{"w":0.315}},{"type":"Feature","geometry":{"type":"Point","coordinates":[10.553219,47.088733]},"properties":{"w":0.459}},{"type":"Feature","geometry":{"type":"Point","coordinates":[9.705842,47.060413]},"properties":{"w":0.3823}},{"type":"Feature","geometry":{"type":"Point","coordinates":[11.206206,47.099796]},"properties":{"w":0.4298}},{"type":"Feature","geometry":{"type":"Point","coordinates":[10.569134,47.087237]},"properties":{"w":0.3163}},{"type":"Feature","geometry":{"type":"Point","coordinates":[14.857387,47.110759]},"properties":{"w":0.4828}},{"type":"Feature","geometry":{"type":"Point","coordinates":[13.94321,47.115683]},"properties":{"w":0.3847}},{"type":"Feature","geometry":{"type":"Point","coordinates":[10.166171,47.073163]},"properties":{"w":0.4022}},{"type":"Feature","geometry":{"type":"Point","coordinates":[12.990125,47.120174]},"properties":{"w":0.3871}},{"type":"Feature","geometry":{"type":"Point","coordinates":[14.78374,47.111022]},"properties":{"w":0.3368}},{"type":"Feature","geometry":{"type":"Point","coordinates":[9.825713,47.061853]},"properties":{"w":0.356}},{"type":"Feature","geometry":{"type":"Point","coordinates":[10.265533,47.076916]},"properties":{"w":0.3136}},{"type":"Feature","geometry":{"type":"Point","coordinates":[10.139774,47.069871]},"properties":{"w":0.3746}},{"type":"Feature","geometry":{"type":"Point","coordinates":[12.985027,47.114982]},"properties":{"w":0.3283}},{"type":"Feature","geometry":{"type":"Point","coordinates":[10.22496,47.071825]},"properties":{"w":0.4058}},{"type":"Feature","geometry":{"type":"Point","coordinates":[10.337174,47.07394]},"properties":{"w":0.3205}},{"type":"Feature","geometry":{"type":"Point","coordinates":[11.192512,47.094204]},"properties":{"w":0.4161}},{"type":"Feature","geometry":{"type":"Point","coordinates":[12.99993,47.112786]},"properties":{"w":0.3289}},{"type":"Feature","geometry":{"type":"Point","coordinates":[13.976216,47.110948]},"properties":{"w":0.3789}},{"type":"Feature","geometry":{"type":"Point","coordinates":[11.102553,47.100749]},"properties":{"w":0.5278}},{"type":"Feature","geometry":{"type":"Point","coordinates":[14.855223,47.10239]},"properties":{"w":0.362}},{"type":"Feature","geometry":{"type":"Point","coordinates":[13.907741,47.10899]},"properties":{"w":0.37}},{"type":"Feature","geometry":{"type":"Point","coordinates":[10.559484,47.078543]},"properties":{"w":0.3296}},{"type":"Feature","geometry":{"type":"Point","coordinates":[10.615052,47.082899]},"properties":{"w":0.4895}},{"type":"Feature","geometry":{"type":"Point","coordinates":[12.566659,47.111012]},"properties":{"w":0.363}},{"type":"Feature","geometry":{"type":"Point","coordinates":[10.250265,47.068727]},"properties":{"w":0.3903}},{"type":"Feature","geometry":{"type":"Point","coordinates":[10.540554,47.080569]},"properties":{"w":0.4822}},{"type":"Feature","geometry":{"type":"Point","coordinates":[11.620268,47.097257]},"properties":{"w":0.3264}},{"type":"Feature","geometry":{"type":"Point","coordinates":[11.645891,47.103425]},"properties":{"w":0.5534}},{"type":"Feature","geometry":{"type":"Point","coordinates":[13.968783,47.124393]},"properties":{"w":0.8028}},{"type":"Feature","geometry":{"type":"Point","coordinates":[14.76573,47.103989]},"properties":{"w":0.4797}},{"type":"Feature","geometry":{"type":"Point","coordinates":[13.91774,47.10623]},"properties":{"w":0.4979}},{"type":"Feature","geometry":{"type":"Point","coordinates":[10.277615,47.064102]},"properties":{"w":0.3093}},{"type":"Feature","geometry":{"type":"Point","coordinates":[9.833315,47.049621]},"properties":{"w":0.3823}},{"type":"Feature","geometry":{"type":"Point","coordinates":[9.980982,47.054348]},"properties":{"w":0.4274}},{"type":"Feature","geometry":{"type":"Point","coordinates":[10.310822,47.06609]},"properties":{"w":0.5456}},{"type":"Feature","geometry":{"type":"Point","coordinates":[12.580788,47.098799]},"properties":{"w":0.4102}},{"type":"Feature","geometry":{"type":"Point","coordinates":[10.276779,47.058296]},"properties":{"w":0.2994}},{"type":"Feature","geometry":{"type":"Point","coordinates":[11.675829,47.087708]},"properties":{"w":0.455}},{"type":"Feature","geometry":{"type":"Point","coordinates":[10.508095,47.063959]},"properties":{"w":0.3946}},{"type":"Feature","geometry":{"type":"Point","coordinates":[10.537376,47.064777]},"properties":{"w":0.3211}},{"type":"Feature","geometry":{"type":"Point","coordinates":[13.03273,47.103786]},"properties":{"w":0.5823}},{"type":"Feature","geometry":{"type":"Point","coordinates":[11.364054,47.080961]},"properties":{"w":0.4155}},{"type":"Feature","geometry":{"type":"Point","coordinates":[13.893813,47.097144]},"properties":{"w":0.3576}},{"type":"Feature","geometry":{"type":"Point","coordinates":[10.298403,47.055821]},"properties":{"w":0.3404}},{"type":"Feature","geometry":{"type":"Point","coordinates":[14.970027,47.086678]},"properties":{"w":0.499}},{"type":"Feature","geometry":{"type":"Point","coordinates":[16.512637,47.059473]},"properties":{"w":0.6296}},{"type":"Feature","geometry":{"type":"Point","coordinates":[11.629784,47.086745]},"properties":{"w":0.3663}},{"type":"Feature","geometry":{"type":"Point","coordinates":[14.826042,47.087136]},"properties":{"w":0.3171}},{"type":"Feature","geometry":{"type":"Point","coordinates":[12.559732,47.094954]},"properties":{"w":0.3802}},{"type":"Feature","geometry":{"type":"Point","coordinates":[11.334179,47.084654]},"properties":{"w":0.4727}},{"type":"Feature","geometry":{"type":"Point","coordinates":[13.874807,47.108089]},"properties":{"w":0.852}},{"type":"Feature","geometry":{"type":"Point","coordinates":[11.173628,47.073146]},"properties":{"w":0.3404}},{"type":"Feature","geometry":{"type":"Point","coordinates":[11.159619,47.079138]},"properties":{"w":0.5281}},{"type":"Feature","geometry":{"type":"Point","coordinates":[13.893693,47.089549]},"properties":{"w":0.3136}},{"type":"Feature","geometry":{"type":"Point","coordinates":[10.198485,47.053211]},"properties":{"w":0.3864}},{"type":"Feature","geometry":{"type":"Point","coordinates":[10.166956,47.053201]},"properties":{"w":0.5074}},{"type":"Feature","geometry":{"type":"Point","coordinates":[13.014808,47.091652]},"properties":{"w":0.3245}},{"type":"Feature","geometry":{"type":"Point","coordinates":[13.046755,47.09258]},"properties":{"w":0.5042}},{"type":"Feature","geometry":{"type":"Point","coordinates":[10.462349,47.054774]},"properties":{"w":0.3871}},{"type":"Feature","geometry":{"type":"Point","coordinates":[12.769408,47.087082]},"properties":{"w":0.2651}},{"type":"Feature","geometry":{"type":"Point","coordinates":[10.422836,47.050886]},"properties":{"w":0.3851}},{"type":"Feature","geometry":{"type":"Point","coordinates":[13.785178,47.095703]},"properties":{"w":0.7058}},{"type":"Feature","geometry":{"type":"Point","coordinates":[9.912362,47.038065]},"properties":{"w":0.4193}},{"type":"Feature","geometry":{"type":"Point","coordinates":[14.797611,47.080047]},"properties":{"w":0.3728}},{"type":"Feature","geometry":{"type":"Point","coordinates":[14.180255,47.083772]},"properties":{"w":0.4072}},{"type":"Feature","geometry":{"type":"Point","coordinates":[10.494993,47.051105]},"properties":{"w":0.4429}},{"type":"Feature","geometry":{"type":"Point","coordinates":[14.558587,47.082224]},"properties":{"w":0.5539}},{"type":"Feature","geometry":{"type":"Point","coordinates":[12.991148,47.08432]},"properties":{"w":0.4309}},{"type":"Feature","geometry":{"type":"Point","coordinates":[10.918804,47.056858]},"properties":{"w":0.3245}},{"type":"Feature","geometry":{"type":"Point","coordinates":[14.120706,47.08031]},"properties":{"w":0.3128}},{"type":"Feature","geometry":{"type":"Point","coordinates":[14.028216,47.082637]},"properties":{"w":0.3972}},{"type":"Feature","geometry":{"type":"Point","coordinates":[9.87666,47.02913]},"properties":{"w":0.3345}},{"type":"Feature","geometry":{"type":"Point","coordinates":[13.014413,47.081941]},"properties":{"w":0.4068}},{"type":"Feature","geometry":{"type":"Point","coordinates":[13.037432,47.08083]},"properties":{"w":0.4109}},{"type":"Feature","geometry":{"type":"Point","coordinates":[10.431853,47.049007]},"properties":{"w":0.5527}},{"type":"Feature","geometry":{"type":"Point","coordinates":[14.980624,47.072054]},"properties":{"w":0.5021}},{"type":"Feature","geometry":{"type":"Point","coordinates":[10.287687,47.042534]},"properties":{"w":0.5199}},{"type":"Feature","geometry":{"type":"Point","coordinates":[11.607259,47.067575]},"properties":{"w":0.327}},{"type":"Feature","geometry":{"type":"Point","coordinates":[10.189648,47.035025]},"properties":{"w":0.3438}},{"type":"Feature","geometry":{"type":"Point","coordinates":[14.528335,47.071524]},"properties":{"w":0.31}},{"type":"Feature","geometry":{"type":"Point","coordinates":[9.867705,47.024333]},"properties":{"w":0.3421}},{"type":"Feature","geometry":{"type":"Point","coordinates":[12.982154,47.078122]},"properties":{"w":0.3625}},{"type":"Feature","geometry":{"type":"Point","coordinates":[14.252135,47.079801]},"properties":{"w":0.6587}},{"type":"Feature","geometry":{"type":"Point","coordinates":[14.017082,47.073454]},"properties":{"w":0.364}},{"type":"Feature","geometry":{"type":"Point","coordinates":[10.447792,47.045695]},"properties":{"w":0.3964}},{"type":"Feature","geometry":{"type":"Point","coordinates":[9.855766,47.021453]},"properties":{"w":0.3645}},{"type":"Feature","geometry":{"type":"Point","coordinates":[10.166923,47.031171]},"properties":{"w":0.3493}},{"type":"Feature","geometry":{"type":"Point","coordinates":[12.834663,47.074904]},"properties":{"w":0.3205}},{"type":"Feature","geometry":{"type":"Point","coordinates":[14.115756,47.072251]},"properties":{"w":0.3616}},{"type":"Feature","geometry":{"type":"Point","coordinates":[14.806735,47.067484]},"properties":{"w":0.4044}},{"type":"Feature","geometry":{"type":"Point","coordinates":[14.98596,47.063739]},"properties":{"w":0.4967}},{"type":"Feature","geometry":{"type":"Point","coordinates":[10.155967,47.035154]},"properties":{"w":0.4567}},{"type":"Feature","geometry":{"type":"Point","coordinates":[11.427758,47.057361]},"properties":{"w":0.3093}},{"type":"Feature","geometry":{"type":"Point","coordinates":[13.658651,47.072883]},"properties":{"w":0.4387}},{"type":"Feature","geometry":{"type":"Point","coordinates":[11.433518,47.057328]},"properties":{"w":0.3338}},{"type":"Feature","geometry":{"type":"Point","coordinates":[11.317908,47.06307]},"properties":{"w":0.4232}},{"type":"Feature","geometry":{"type":"Point","coordinates":[10.253274,47.031094]},"properties":{"w":0.5096}},{"type":"Feature","geometry":{"type":"Point","coordinates":[11.420488,47.05608]},"properties":{"w":0.3251}},{"type":"Feature","geometry":{"type":"Point","coordinates":[12.849882,47.071305]},"properties":{"w":0.4536}},{"type":"Feature","geometry":{"type":"Point","coordinates":[13.031502,47.070997]},"properties":{"w":0.4655}},{"type":"Feature","geometry":{"type":"Point","coordinates":[14.039233,47.077671]},"properties":{"w":0.6587}},{"type":"Feature","geometry":{"type":"Point","coordinates":[14.91482,47.069594]},"properties":{"w":0.7073}},{"type":"Feature","geometry":{"type":"Point","coordinates":[10.48391,47.037899]},"properties":{"w":0.5081}},{"type":"Feature","geometry":{"type":"Point","coordinates":[10.404716,47.039241]},"properties":{"w":0.4105}},{"type":"Feature","geometry":{"type":"Point","coordinates":[14.129514,47.067534]},"properties":{"w":0.3771}},{"type":"Feature","geometry":{"type":"Point","coordinates":[11.437517,47.05327]},"properties":{"w":0.4813}},{"type":"Feature","geometry":{"type":"Point","coordinates":[10.249503,47.025626]},"properties":{"w":0.3482}},{"type":"Feature","geometry":{"type":"Point","coordinates":[13.647417,47.067285]},"properties":{"w":0.3519}},{"type":"Feature","geometry":{"type":"Point","coordinates":[14.83625,47.058734]},"properties":{"w":0.5358}},{"type":"Feature","geometry":{"type":"Point","coordinates":[13.668501,47.065573]},"properties":{"w":0.3449}},{"type":"Feature","geometry":{"type":"Point","coordinates":[11.186664,47.050054]},"properties":{"w":0.5459}},{"type":"Feature","geometry":{"type":"Point","coordinates":[14.613461,47.060078]},"properties":{"w":0.4078}},{"type":"Feature","geometry":{"type":"Point","coordinates":[10.673602,47.034041]},"properties":{"w":0.3225}},{"type":"Feature","geometry":{"type":"Point","coordinates":[10.373628,47.027296]},"properties":{"w":0.3308}},{"type":"Feature","geometry":{"type":"Point","coordinates":[10.131195,47.016828]},"properties":{"w":0.239}},{"type":"Feature","geometry":{"type":"Point","coordinates":[14.940011,47.062712]},"properties":{"w":0.71}},{"type":"Feature","geometry":{"type":"Point","coordinates":[9.905795,47.009355]},"properties":{"w":0.3571}},{"type":"Feature","geometry":{"type":"Point","coordinates":[13.5723,47.060683]},"properties":{"w":0.3535}},{"type":"Feature","geometry":{"type":"Point","coordinates":[10.534384,47.027043]},"properties":{"w":0.3907}},{"type":"Feature","geometry":{"type":"Point","coordinates":[10.452284,47.023403]},"properties":{"w":0.3493}},{"type":"Feature","geometry":{"type":"Point","coordinates":[14.044167,47.059854]},"properties":{"w":0.3767}},{"type":"Feature","geometry":{"type":"Point","coordinates":[10.513739,47.027853]},"properties":{"w":0.5593}},{"type":"Feature","geometry":{"type":"Point","coordinates":[14.129515,47.057181]},"properties":{"w":0.37}},{"type":"Feature","geometry":{"type":"Point","coordinates":[14.610451,47.052735]},"properties":{"w":0.4102}},{"type":"Feature","geometry":{"type":"Point","coordinates":[13.672906,47.06014]},"properties":{"w":0.4931}},{"type":"Feature","geometry":{"type":"Point","coordinates":[12.874312,47.06238]},"properties":{"w":0.3767}},{"type":"Feature","geometry":{"type":"Point","coordinates":[14.832126,47.048551]},"properties":{"w":0.3245}},{"type":"Feature","geometry":{"type":"Point","coordinates":[9.886715,47.009252]},"properties":{"w":0.5179}},{"type":"Feature","geometry":{"type":"Point","coordinates":[14.786635,47.04999]},"properties":{"w":0.4832}},{"type":"Feature","geometry":{"type":"Point","coordinates":[10.406198,47.021725]},"properties":{"w":0.3063}},{"type":"Feature","geometry":{"type":"Point","coordinates":[10.345679,47.017494]},"properties":{"w":0.3493}},{"type":"Feature","geometry":{"type":"Point","coordinates":[11.429316,47.045022]},"properties":{"w":0.5919}},{"type":"Feature","geometry":{"type":"Point","coordinates":[13.518347,47.05624]},"properties":{"w":0.364}},{"type":"Feature","geometry":{"type":"Point","coordinates":[10.139329,47.017265]},"properties":{"w":0.5747}},{"type":"Feature","geometry":{"type":"Point","coordinates":[11.401417,47.040825]},"properties":{"w":0.3591}},{"type":"Feature","geometry":{"type":"Point","coordinates":[13.696609,47.056697]},"properties":{"w":0.5673}},{"type":"Feature","geometry":{"type":"Point","coordinates":[14.797425,47.047277]},"properties":{"w":0.3404}},{"type":"Feature","geometry":{"type":"Point","coordinates":[13.848895,47.053983]},"properties":{"w":0.3122}},{"type":"Feature","geometry":{"type":"Point","coordinates":[14.026036,47.052751]},"properties":{"w":0.5479}},{"type":"Feature","geometry":{"type":"Point","coordinates":[14.056254,47.056194]},"properties":{"w":0.5405}},{"type":"Feature","geometry":{"type":"Point","coordinates":[10.151987,47.009821]},"properties":{"w":0.4777}},{"type":"Feature","geometry":{"type":"Point","coordinates":[13.961488,47.052353]},"properties":{"w":0.4187}},{"type":"Feature","geometry":{"type":"Point","coordinates":[13.082204,47.053611]},"properties":{"w":0.3827}},{"type":"Feature","geometry":{"type":"Point","coordinates":[9.906423,47.000841]},"properties":{"w":0.3205}},{"type":"Feature","geometry":{"type":"Point","coordinates":[10.488341,47.017747]},"properties":{"w":0.4125}},{"type":"Feature","geometry":{"type":"Point","coordinates":[12.334475,47.059044]},"properties":{"w":0.5214}},{"type":"Feature","geometry":{"type":"Point","coordinates":[13.786954,47.051723]},"properties":{"w":0.3205}},{"type":"Feature","geometry":{"type":"Point","coordinates":[10.226158,47.008597]},"properties":{"w":0.3493}},{"type":"Feature","geometry":{"type":"Point","coordinates":[11.41493,47.038441]},"properties":{"w":0.4354}},{"type":"Feature","geometry":{"type":"Point","coordinates":[10.199801,47.010188]},"properties":{"w":0.4376}},{"type":"Feature","geometry":{"type":"Point","coordinates":[13.793429,47.050521]},"properties":{"w":0.3806}},{"type":"Feature","geometry":{"type":"Point","coordinates":[16.508823,47.003282]},"properties":{"w":0.3277}},{"type":"Feature","geometry":{"type":"Point","coordinates":[13.811692,47.050294]},"properties":{"w":0.5047}},{"type":"Feature","geometry":{"type":"Point","coordinates":[14.867077,47.041458]},"properties":{"w":0.5234}},{"type":"Feature","geometry":{"type":"Point","coordinates":[10.4029,47.010013]},"properties":{"w":0.3283}},{"type":"Feature","geometry":{"type":"Point","coordinates":[11.398717,47.031493]},"properties":{"w":0.3719}},{"type":"Feature","geometry":{"type":"Point","coordinates":[14.598217,47.042387]},"properties":{"w":0.4058}},{"type":"Feature","geometry":{"type":"Point","coordinates":[13.64592,47.049782]},"properties":{"w":0.437}},{"type":"Feature","geometry":{"type":"Point","coordinates":[13.447579,47.046071]},"properties":{"w":0.3831}},{"type":"Feature","geometry":{"type":"Point","coordinates":[10.962491,47.019307]},"properties":{"w":0.31}},{"type":"Feature","geometry":{"type":"Point","coordinates":[13.061275,47.046526]},"properties":{"w":0.4866}},{"type":"Feature","geometry":{"type":"Point","coordinates":[10.558323,47.009679]},"properties":{"w":0.3654}},{"type":"Feature","geometry":{"type":"Point","coordinates":[12.37993,47.042141]},"properties":{"w":0.3611}},{"type":"Feature","geometry":{"type":"Point","coordinates":[13.818954,47.041185]},"properties":{"w":0.3616}},{"type":"Feature","geometry":{"type":"Point","coordinates":[13.381338,47.046174]},"properties":{"w":0.4725}},{"type":"Feature","geometry":{"type":"Point","coordinates":[14.263017,47.04158]},"properties":{"w":0.535}},{"type":"Feature","geometry":{"type":"Point","coordinates":[14.249763,47.045549]},"properties":{"w":0.5626}},{"type":"Feature","geometry":{"type":"Point","coordinates":[14.611094,47.039479]},"properties":{"w":0.6283}},{"type":"Feature","geometry":{"type":"Point","coordinates":[13.07668,47.041299]},"properties":{"w":0.4085}},{"type":"Feature","geometry":{"type":"Point","coordinates":[14.117234,47.044209]},"properties":{"w":0.4821}},{"type":"Feature","geometry":{"type":"Point","coordinates":[10.429319,47.003433]},"properties":{"w":0.3093}},{"type":"Feature","geometry":{"type":"Point","coordinates":[14.902333,47.029778]},"properties":{"w":0.353}},{"type":"Feature","geometry":{"type":"Point","coordinates":[10.535059,47.00732]},"properties":{"w":0.3728}},{"type":"Feature","geometry":{"type":"Point","coordinates":[13.744939,47.046027]},"properties":{"w":0.6731}},{"type":"Feature","geometry":{"type":"Point","coordinates":[10.363398,47.001724]},"properties":{"w":0.3466}},{"type":"Feature","geometry":{"type":"Point","coordinates":[14.175918,47.04101]},"properties":{"w":0.4986}},{"type":"Feature","geometry":{"type":"Point","coordinates":[13.455591,47.041341]},"properties":{"w":0.4467}},{"type":"Feature","geometry":{"type":"Point","coordinates":[10.324932,47.000978]},"properties":{"w":0.3432}},{"type":"Feature","geometry":{"type":"Point","coordinates":[12.727453,47.037308]},"properties":{"w":0.4139}},{"type":"Feature","geometry":{"type":"Point","coordinates":[10.371264,47.003301]},"properties":{"w":0.4416}},{"type":"Feature","geometry":{"type":"Point","coordinates":[14.189242,47.041341]},"properties":{"w":0.5479}},{"type":"Feature","geometry":{"type":"Point","coordinates":[10.169159,46.995173]},"properties":{"w":0.3498}},{"type":"Feature","geometry":{"type":"Point","coordinates":[14.257404,47.035783]},"properties":{"w":0.3509}},{"type":"Feature","geometry":{"type":"Point","coordinates":[14.112969,47.034596]},"properties":{"w":0.3927}},{"type":"Feature","geometry":{"type":"Point","coordinates":[14.225848,47.03395]},"properties":{"w":0.4129}},{"type":"Feature","geometry":{"type":"Point","coordinates":[11.283644,47.017433]},"properties":{"w":0.388}},{"type":"Feature","geometry":{"type":"Point","coordinates":[14.550498,47.029202]},"properties":{"w":0.4109}},{"type":"Feature","geometry":{"type":"Point","coordinates":[14.055395,47.041403]},"properties":{"w":0.4585}},{"type":"Feature","geometry":{"type":"Point","coordinates":[13.946572,47.050382]},"properties":{"w":0.6831}},{"type":"Feature","geometry":{"type":"Point","coordinates":[13.864458,47.03462]},"properties":{"w":0.3205}},{"type":"Feature","geometry":{"type":"Point","coordinates":[10.698039,47.004011]},"properties":{"w":0.3884}},{"type":"Feature","geometry":{"type":"Point","coordinates":[14.030187,47.036859]},"properties":{"w":0.6493}},{"type":"Feature","geometry":{"type":"Point","coordinates":[14.166529,47.035175]},"properties":{"w":0.3987}},{"type":"Feature","geometry":{"type":"Point","coordinates":[13.785471,47.031821]},"properties":{"w":0.3398}},{"type":"Feature","geometry":{"type":"Point","coordinates":[13.822371,47.034232]},"properties":{"w":0.327}},{"type":"Feature","geometry":{"type":"Point","coordinates":[14.26052,47.029004]},"properties":{"w":0.3793}},{"type":"Feature","geometry":{"type":"Point","coordinates":[12.689566,47.031785]},"properties":{"w":0.3591}},{"type":"Feature","geometry":{"type":"Point","coordinates":[14.282049,47.028261]},"properties":{"w":0.4986}},{"type":"Feature","geometry":{"type":"Point","coordinates":[10.4249,46.997476]},"properties":{"w":0.3964}},{"type":"Feature","geometry":{"type":"Point","coordinates":[13.807956,47.031405]},"properties":{"w":0.3755}},{"type":"Feature","geometry":{"type":"Point","coordinates":[14.074954,47.028784]},"properties":{"w":0.3205}},{"type":"Feature","geometry":{"type":"Point","coordinates":[11.307784,47.015048]},"properties":{"w":0.3903}},{"type":"Feature","geometry":{"type":"Point","coordinates":[10.417115,46.994146]},"properties":{"w":0.403}},{"type":"Feature","geometry":{"type":"Point","coordinates":[14.209673,47.031924]},"properties":{"w":0.4821}},{"type":"Feature","geometry":{"type":"Point","coordinates":[10.404402,46.99115]},"properties":{"w":0.2402}},{"type":"Feature","geometry":{"type":"Point","coordinates":[14.807664,47.021632]},"properties":{"w":0.4719}},{"type":"Feature","geometry":{"type":"Point","coordinates":[14.272663,47.031942]},"properties":{"w":0.5108}},{"type":"Feature","geometry":{"type":"Point","coordinates":[14.563184,47.021919]},"properties":{"w":0.4202}},{"type":"Feature","geometry":{"type":"Point","coordinates":[14.830191,47.01809]},"properties":{"w":0.3205}},{"type":"Feature","geometry":{"type":"Point","coordinates":[13.92679,47.028254]},"properties":{"w":0.3493}},{"type":"Feature","geometry":{"type":"Point","coordinates":[14.223668,47.025014]},"properties":{"w":0.4519}},{"type":"Feature","geometry":{"type":"Point","coordinates":[14.089483,47.037144]},"properties":{"w":0.6056}},{"type":"Feature","geometry":{"type":"Point","coordinates":[14.858829,47.015661]},"properties":{"w":0.4089}},{"type":"Feature","geometry":{"type":"Point","coordinates":[14.834372,47.019599]},"properties":{"w":0.4947}},{"type":"Feature","geometry":{"type":"Point","coordinates":[14.362051,47.023552]},"properties":{"w":0.5189}},{"type":"Feature","geometry":{"type":"Point","coordinates":[13.872718,47.028781]},"properties":{"w":0.4475}},{"type":"Feature","geometry":{"type":"Point","coordinates":[13.85358,47.025602]},"properties":{"w":0.3746}},{"type":"Feature","geometry":{"type":"Point","coordinates":[9.973037,46.972597]},"properties":{"w":0.3404}},{"type":"Feature","geometry":{"type":"Point","coordinates":[11.187374,47.003348]},"properties":{"w":0.3964}},{"type":"Feature","geometry":{"type":"Point","coordinates":[11.27579,47.00326]},"properties":{"w":0.3093}},{"type":"Feature","geometry":{"type":"Point","coordinates":[14.846808,47.014722]},"properties":{"w":0.4315}},{"type":"Feature","geometry":{"type":"Point","coordinates":[11.342758,47.007309]},"properties":{"w":0.403}},{"type":"Feature","geometry":{"type":"Point","coordinates":[13.710222,47.018563]},"properties":{"w":0.4001}},{"type":"Feature","geometry":{"type":"Point","coordinates":[13.833704,47.017589]},"properties":{"w":0.3953}},{"type":"Feature","geometry":{"type":"Point","coordinates":[14.031764,47.016777]},"properties":{"w":0.6379}},{"type":"Feature","geometry":{"type":"Point","coordinates":[9.884815,46.963741]},"properties":{"w":0.3864}},{"type":"Feature","geometry":{"type":"Point","coordinates":[11.559298,47.001336]},"properties":{"w":0.3205}},{"type":"Feature","geometry":{"type":"Point","coordinates":[14.576512,47.015358]},"properties":{"w":0.6566}},{"type":"Feature","geometry":{"type":"Point","coordinates":[13.982824,47.028919]},"properties":{"w":0.805}},{"type":"Feature","geometry":{"type":"Point","coordinates":[13.875362,47.01403]},"properties":{"w":0.4922}},{"type":"Feature","geometry":{"type":"Point","coordinates":[11.275719,46.994645]},"properties":{"w":0.3493}},{"type":"Feature","geometry":{"type":"Point","coordinates":[13.961257,47.009752]},"properties":{"w":0.3308}},{"type":"Feature","geometry":{"type":"Point","coordinates":[11.534804,46.997104]},"properties":{"w":0.3205}},{"type":"Feature","geometry":{"type":"Point","coordinates":[13.512318,47.011718]},"properties":{"w":0.3616}},{"type":"Feature","geometry":{"type":"Point","coordinates":[14.858722,47.005753]},"properties":{"w":0.3645}},{"type":"Feature","geometry":{"type":"Point","coordinates":[10.660278,46.980759]},"properties":{"w":0.3245}},{"type":"Feature","geometry":{"type":"Point","coordinates":[11.193132,46.993403]},"properties":{"w":0.4392}},{"type":"Feature","geometry":{"type":"Point","coordinates":[14.864328,47.005353]},"properties":{"w":0.3471}},{"type":"Feature","geometry":{"type":"Point","coordinates":[10.248436,46.969136]},"properties":{"w":0.3283}},{"type":"Feature","geometry":{"type":"Point","coordinates":[11.174174,46.992882]},"properties":{"w":0.4972}},{"type":"Feature","geometry":{"type":"Point","coordinates":[9.982958,46.971369]},"properties":{"w":0.4462}},{"type":"Feature","geometry":{"type":"Point","coordinates":[13.678412,47.012478]},"properties":{"w":0.4381}},{"type":"Feature","geometry":{"type":"Point","coordinates":[14.449529,47.003731]},"properties":{"w":0.3345}},{"type":"Feature","geometry":{"type":"Point","coordinates":[11.259987,46.990145]},"properties":{"w":0.5236}},{"type":"Feature","geometry":{"type":"Point","coordinates":[11.550213,46.993589]},"properties":{"w":0.4519}},{"type":"Feature","geometry":{"type":"Point","coordinates":[14.306626,47.010043]},"properties":{"w":0.4721}},{"type":"Feature","geometry":{"type":"Point","coordinates":[14.09228,47.003765]},"properties":{"w":0.3398}},{"type":"Feature","geometry":{"type":"Point","coordinates":[13.863822,47.009425]},"properties":{"w":0.4099}},{"type":"Feature","geometry":{"type":"Point","coordinates":[13.722991,47.016786]},"properties":{"w":0.4897}},{"type":"Feature","geometry":{"type":"Point","coordinates":[10.739928,46.985127]},"properties":{"w":0.4723}},{"type":"Feature","geometry":{"type":"Point","coordinates":[10.111243,46.959057]},"properties":{"w":0.3691}},{"type":"Feature","geometry":{"type":"Point","coordinates":[13.540003,47.004206]},"properties":{"w":0.3277}},{"type":"Feature","geometry":{"type":"Point","coordinates":[13.053285,47.004475]},"properties":{"w":0.4248}},{"type":"Feature","geometry":{"type":"Point","coordinates":[14.115233,47.007628]},"properties":{"w":0.6381}},{"type":"Feature","geometry":{"type":"Point","coordinates":[13.039991,47.002738]},"properties":{"w":0.3128}},{"type":"Feature","geometry":{"type":"Point","coordinates":[13.484431,47.006125]},"properties":{"w":0.4445}},{"type":"Feature","geometry":{"type":"Point","coordinates":[10.665141,46.973372]},"properties":{"w":0.3333}},{"type":"Feature","geometry":{"type":"Point","coordinates":[14.036747,47.004365]},"properties":{"w":0.4543}},{"type":"Feature","geometry":{"type":"Point","coordinates":[10.591874,46.977488]},"properties":{"w":0.4955}},{"type":"Feature","geometry":{"type":"Point","coordinates":[11.39704,46.986956]},"properties":{"w":0.3591}},{"type":"Feature","geometry":{"type":"Point","coordinates":[13.514117,47.004617]},"properties":{"w":0.4879}},{"type":"Feature","geometry":{"type":"Point","coordinates":[13.956531,46.999302]},"properties":{"w":0.3493}},{"type":"Feature","geometry":{"type":"Point","coordinates":[10.105364,46.954063]},"properties":{"w":0.3238}},{"type":"Feature","geometry":{"type":"Point","coordinates":[13.741284,47.01188]},"properties":{"w":0.727}},{"type":"Feature","geometry":{"type":"Point","coordinates":[13.529859,46.999958]},"properties":{"w":0.3814}},{"type":"Feature","geometry":{"type":"Point","coordinates":[11.423761,46.987835]},"properties":{"w":0.3696}},{"type":"Feature","geometry":{"type":"Point","coordinates":[11.434666,46.984592]},"properties":{"w":0.3245}},{"type":"Feature","geometry":{"type":"Point","coordinates":[13.574621,46.999042]},"properties":{"w":0.4174}},{"type":"Feature","geometry":{"type":"Point","coordinates":[11.218326,46.980138]},"properties":{"w":0.3444}},{"type":"Feature","geometry":{"type":"Point","coordinates":[9.984769,46.954378]},"properties":{"w":0.5563}},{"type":"Feature","geometry":{"type":"Point","coordinates":[13.585059,46.996217]},"properties":{"w":0.363}},{"type":"Feature","geometry":{"type":"Point","coordinates":[14.58506,46.991194]},"properties":{"w":0.3625}},{"type":"Feature","geometry":{"type":"Point","coordinates":[12.22972,46.991241]},"properties":{"w":0.4061}},{"type":"Feature","geometry":{"type":"Point","coordinates":[13.519313,46.998031]},"properties":{"w":0.3482}},{"type":"Feature","geometry":{"type":"Point","coordinates":[13.973241,47.006434]},"properties":{"w":0.6479}},{"type":"Feature","geometry":{"type":"Point","coordinates":[14.601309,46.989218]},"properties":{"w":0.3093}},{"type":"Feature","geometry":{"type":"Point","coordinates":[10.667252,46.965171]},"properties":{"w":0.3386}},{"type":"Feature","geometry":{"type":"Point","coordinates":[14.065194,46.997064]},"properties":{"w":0.6454}},{"type":"Feature","geometry":{"type":"Point","coordinates":[14.025571,46.992227]},"properties":{"w":0.3654}},{"type":"Feature","geometry":{"type":"Point","coordinates":[11.417824,46.978386]},"properties":{"w":0.3308}},{"type":"Feature","geometry":{"type":"Point","coordinates":[11.428958,46.977516]},"properties":{"w":0.3576}},{"type":"Feature","geometry":{"type":"Point","coordinates":[13.553531,46.995063]},"properties":{"w":0.5877}},{"type":"Feature","geometry":{"type":"Point","coordinates":[14.889856,47.004028]},"properties":{"w":0.9001}},{"type":"Feature","geometry":{"type":"Point","coordinates":[13.8225,46.992478]},"properties":{"w":0.3231}},{"type":"Feature","geometry":{"type":"Point","coordinates":[13.869829,46.991882]},"properties":{"w":0.5568}},{"type":"Feature","geometry":{"type":"Point","coordinates":[13.680471,47.002042]},"properties":{"w":0.7542}},{"type":"Feature","geometry":{"type":"Point","coordinates":[9.983389,46.941363]},"properties":{"w":0.3576}},{"type":"Feature","geometry":{"type":"Point","coordinates":[13.53407,46.992799]},"properties":{"w":0.3566}},{"type":"Feature","geometry":{"type":"Point","coordinates":[10.628237,46.958987]},"properties":{"w":0.3493}},{"type":"Feature","geometry":{"type":"Point","coordinates":[12.363056,46.987428]},"properties":{"w":0.3375}},{"type":"Feature","geometry":{"type":"Point","coordinates":[10.928999,46.968458]},"properties":{"w":0.428}},{"type":"Feature","geometry":{"type":"Point","coordinates":[14.470913,46.994444]},"properties":{"w":0.7843}},{"type":"Feature","geometry":{"type":"Point","coordinates":[13.951409,47.006629]},"properties":{"w":0.6445}},{"type":"Feature","geometry":{"type":"Point","coordinates":[10.119965,46.946055]},"properties":{"w":0.577}},{"type":"Feature","geometry":{"type":"Point","coordinates":[10.480396,46.954307]},"properties":{"w":0.3093}},{"type":"Feature","geometry":{"type":"Point","coordinates":[13.548772,46.988966]},"properties":{"w":0.3864}},{"type":"Feature","geometry":{"type":"Point","coordinates":[11.415171,46.973701]},"properties":{"w":0.3654}},{"type":"Feature","geometry":{"type":"Point","coordinates":[9.892098,46.937156]},"properties":{"w":0.451}},{"type":"Feature","geometry":{"type":"Point","coordinates":[12.59086,46.987819]},"properties":{"w":0.4016}},{"type":"Feature","geometry":{"type":"Point","coordinates":[11.396311,46.974053]},"properties":{"w":0.4492}},{"type":"Feature","geometry":{"type":"Point","coordinates":[10.014498,46.938406]},"properties":{"w":0.3308}},{"type":"Feature","geometry":{"type":"Point","coordinates":[14.076539,46.983909]},"properties":{"w":0.4467}},{"type":"Feature","geometry":{"type":"Point","coordinates":[13.082889,46.985278]},"properties":{"w":0.2769}},{"type":"Feature","geometry":{"type":"Point","coordinates":[10.711283,46.964241]},"properties":{"w":0.5018}},{"type":"Feature","geometry":{"type":"Point","coordinates":[14.622356,46.992125]},"properties":{"w":0.6686}},{"type":"Feature","geometry":{"type":"Point","coordinates":[10.101802,46.940473]},"properties":{"w":0.3545}},{"type":"Feature","geometry":{"type":"Point","coordinates":[13.924508,46.985061]},"properties":{"w":0.3107}},{"type":"Feature","geometry":{"type":"Point","coordinates":[13.862312,46.98643]},"properties":{"w":0.612}},{"type":"Feature","geometry":{"type":"Point","coordinates":[14.505398,46.978984]},"properties":{"w":0.403}},{"type":"Feature","geometry":{"type":"Point","coordinates":[14.498771,46.9778]},"properties":{"w":0.3357}},{"type":"Feature","geometry":{"type":"Point","coordinates":[13.389021,46.983357]},"properties":{"w":0.5802}},{"type":"Feature","geometry":{"type":"Point","coordinates":[13.336884,46.981911]},"properties":{"w":0.2641}},{"type":"Feature","geometry":{"type":"Point","coordinates":[13.95491,46.980543]},"properties":{"w":0.4429}},{"type":"Feature","geometry":{"type":"Point","coordinates":[13.85889,46.978599]},"properties":{"w":0.3847}},{"type":"Feature","geometry":{"type":"Point","coordinates":[10.61411,46.946881]},"properties":{"w":0.3093}},{"type":"Feature","geometry":{"type":"Point","coordinates":[12.983402,46.979477]},"properties":{"w":0.3683}},{"type":"Feature","geometry":{"type":"Point","coordinates":[14.020344,46.976603]},"properties":{"w":0.3476}},{"type":"Feature","geometry":{"type":"Point","coordinates":[10.094483,46.934383]},"properties":{"w":0.4957}},{"type":"Feature","geometry":{"type":"Point","coordinates":[14.025548,46.98249]},"properties":{"w":0.626}},{"type":"Feature","geometry":{"type":"Point","coordinates":[13.833355,46.976175]},"properties":{"w":0.3238}},{"type":"Feature","geometry":{"type":"Point","coordinates":[14.084809,46.975531]},"properties":{"w":0.476}},{"type":"Feature","geometry":{"type":"Point","coordinates":[13.121093,46.977983]},"properties":{"w":0.5142}},{"type":"Feature","geometry":{"type":"Point","coordinates":[14.063056,46.977083]},"properties":{"w":0.4756}},{"type":"Feature","geometry":{"type":"Point","coordinates":[10.29984,46.935441]},"properties":{"w":0.5021}},{"type":"Feature","geometry":{"type":"Point","coordinates":[13.920998,46.97493]},"properties":{"w":0.3654}},{"type":"Feature","geometry":{"type":"Point","coordinates":[15.130712,46.969053]},"properties":{"w":0.7054}},{"type":"Feature","geometry":{"type":"Point","coordinates":[10.050607,46.926568]},"properties":{"w":0.2324}},{"type":"Feature","geometry":{"type":"Point","coordinates":[10.269318,46.941032]},"properties":{"w":0.5903}},{"type":"Feature","geometry":{"type":"Point","coordinates":[10.656085,46.94955]},"properties":{"w":0.5687}},{"type":"Feature","geometry":{"type":"Point","coordinates":[14.048257,46.969757]},"properties":{"w":0.3398}},{"type":"Feature","geometry":{"type":"Point","coordinates":[10.888803,46.947241]},"properties":{"w":0.3942}},{"type":"Feature","geometry":{"type":"Point","coordinates":[14.067893,46.967814]},"properties":{"w":0.3093}},{"type":"Feature","geometry":{"type":"Point","coordinates":[10.278489,46.928678]},"properties":{"w":0.2742}},{"type":"Feature","geometry":{"type":"Point","coordinates":[13.11584,46.969198]},"properties":{"w":0.3115}},{"type":"Feature","geometry":{"type":"Point","coordinates":[10.633289,46.936857]},"properties":{"w":0.4553}},{"type":"Feature","geometry":{"type":"Point","coordinates":[9.938692,46.921138]},"properties":{"w":0.5828}},{"type":"Feature","geometry":{"type":"Point","coordinates":[13.573724,46.975211]},"properties":{"w":0.6459}},{"type":"Feature","geometry":{"type":"Point","coordinates":[10.225258,46.942229]},"properties":{"w":0.5213}},{"type":"Feature","geometry":{"type":"Point","coordinates":[10.003755,46.942998]},"properties":{"w":0.5464}},{"type":"Feature","geometry":{"type":"Point","coordinates":[10.527874,46.933408]},"properties":{"w":0.3776}},{"type":"Feature","geometry":{"type":"Point","coordinates":[13.923498,46.965025]},"properties":{"w":0.3763}},{"type":"Feature","geometry":{"type":"Point","coordinates":[12.999536,46.969622]},"properties":{"w":0.5966}},{"type":"Feature","geometry":{"type":"Point","coordinates":[10.517809,46.928206]},"properties":{"w":0.4033}},{"type":"Feature","geometry":{"type":"Point","coordinates":[9.992182,46.912833]},"properties":{"w":0.3798}},{"type":"Feature","geometry":{"type":"Point","coordinates":[13.377617,46.965437]},"properties":{"w":0.3983}},{"type":"Feature","geometry":{"type":"Point","coordinates":[10.104775,46.914818]},"properties":{"w":0.3398}},{"type":"Feature","geometry":{"type":"Point","coordinates":[14.061513,46.957434]},"properties":{"w":0.3386}},{"type":"Feature","geometry":{"type":"Point","coordinates":[13.576832,46.959168]},"properties":{"w":0.3519}},{"type":"Feature","geometry":{"type":"Point","coordinates":[10.003735,46.909076]},"properties":{"w":0.3245}},{"type":"Feature","geometry":{"type":"Point","coordinates":[10.127163,46.913045]},"properties":{"w":0.3957}},{"type":"Feature","geometry":{"type":"Point","coordinates":[13.394761,46.957875]},"properties":{"w":0.4051}},{"type":"Feature","geometry":{"type":"Point","coordinates":[13.976432,46.954848]},"properties":{"w":0.3404}},{"type":"Feature","geometry":{"type":"Point","coordinates":[13.405086,46.957267]},"properties":{"w":0.4119}},{"type":"Feature","geometry":{"type":"Point","coordinates":[10.14359,46.916114]},"properties":{"w":0.562}},{"type":"Feature","geometry":{"type":"Point","coordinates":[10.2221,46.914466]},"properties":{"w":0.3728}},{"type":"Feature","geometry":{"type":"Point","coordinates":[13.950575,46.956653]},"properties":{"w":0.3404}},{"type":"Feature","geometry":{"type":"Point","coordinates":[14.650204,46.948722]},"properties":{"w":0.332}},{"type":"Feature","geometry":{"type":"Point","coordinates":[13.43088,46.956294]},"properties":{"w":0.4657}},{"type":"Feature","geometry":{"type":"Point","coordinates":[13.93791,46.962613]},"properties":{"w":0.5189}},{"type":"Feature","geometry":{"type":"Point","coordinates":[10.573983,46.922422]},"properties":{"w":0.5137}},{"type":"Feature","geometry":{"type":"Point","coordinates":[13.975725,46.969998]},"properties":{"w":0.8506}},{"type":"Feature","geometry":{"type":"Point","coordinates":[13.41039,46.950942]},"properties":{"w":0.371}},{"type":"Feature","geometry":{"type":"Point","coordinates":[10.111315,46.904803]},"properties":{"w":0.3308}},{"type":"Feature","geometry":{"type":"Point","coordinates":[10.553326,46.919745]},"properties":{"w":0.3654}},{"type":"Feature","geometry":{"type":"Point","coordinates":[14.63709,46.941681]},"properties":{"w":0.5216}},{"type":"Feature","geometry":{"type":"Point","coordinates":[10.047395,46.90924]},"properties":{"w":0.6488}},{"type":"Feature","geometry":{"type":"Point","coordinates":[13.991105,46.9465]},"properties":{"w":0.4454}},{"type":"Feature","geometry":{"type":"Point","coordinates":[13.396538,46.948713]},"properties":{"w":0.4487}},{"type":"Feature","geometry":{"type":"Point","coordinates":[10.12817,46.904269]},"properties":{"w":0.5036}},{"type":"Feature","geometry":{"type":"Point","coordinates":[12.998501,46.945758]},"properties":{"w":0.3864}},{"type":"Feature","geometry":{"type":"Point","coordinates":[10.704015,46.921502]},"properties":{"w":0.5084}},{"type":"Feature","geometry":{"type":"Point","coordinates":[13.935197,46.944357]},"properties":{"w":0.3308}},{"type":"Feature","geometry":{"type":"Point","coordinates":[14.210096,46.943577]},"properties":{"w":0.4495}},{"type":"Feature","geometry":{"type":"Point","coordinates":[10.040123,46.896276]},"properties":{"w":0.364}},{"type":"Feature","geometry":{"type":"Point","coordinates":[13.404245,46.943546]},"properties":{"w":0.3576}},{"type":"Feature","geometry":{"type":"Point","coordinates":[13.376774,46.940157]},"properties":{"w":0.3663}},{"type":"Feature","geometry":{"type":"Point","coordinates":[13.366933,46.939223]},"properties":{"w":0.3258}},{"type":"Feature","geometry":{"type":"Point","coordinates":[14.156491,46.935949]},"properties":{"w":0.4012}},{"type":"Feature","geometry":{"type":"Point","coordinates":[13.352458,46.938117]},"properties":{"w":0.4037}},{"type":"Feature","geometry":{"type":"Point","coordinates":[10.577265,46.903391]},"properties":{"w":0.3896}},{"type":"Feature","geometry":{"type":"Point","coordinates":[10.603995,46.903594]},"properties":{"w":0.3404}},{"type":"Feature","geometry":{"type":"Point","coordinates":[14.06756,46.935284]},"properties":{"w":0.3668}},{"type":"Feature","geometry":{"type":"Point","coordinates":[12.99203,46.933805]},"properties":{"w":0.4442}},{"type":"Feature","geometry":{"type":"Point","coordinates":[12.977053,46.932144]},"properties":{"w":0.364}},{"type":"Feature","geometry":{"type":"Point","coordinates":[13.958561,46.930123]},"properties":{"w":0.3802}},{"type":"Feature","geometry":{"type":"Point","coordinates":[10.121566,46.899508]},"properties":{"w":0.4979}},{"type":"Feature","geometry":{"type":"Point","coordinates":[10.636817,46.899299]},"properties":{"w":0.276}},{"type":"Feature","geometry":{"type":"Point","coordinates":[10.615718,46.898587]},"properties":{"w":0.3251}},{"type":"Feature","geometry":{"type":"Point","coordinates":[13.017007,46.930784]},"properties":{"w":0.3856}},{"type":"Feature","geometry":{"type":"Point","coordinates":[14.651566,46.922584]},"properties":{"w":0.3449}},{"type":"Feature","geometry":{"type":"Point","coordinates":[13.972869,46.929296]},"properties":{"w":0.3723}},{"type":"Feature","geometry":{"type":"Point","coordinates":[12.973754,46.927912]},"properties":{"w":0.4657}},{"type":"Feature","geometry":{"type":"Point","coordinates":[12.699357,46.927987]},"properties":{"w":0.5108}},{"type":"Feature","geometry":{"type":"Point","coordinates":[13.988883,46.924115]},"properties":{"w":0.3093}},{"type":"Feature","geometry":{"type":"Point","coordinates":[15.053646,46.920607]},"properties":{"w":0.7114}},{"type":"Feature","geometry":{"type":"Point","coordinates":[15.134697,46.93088]},"properties":{"w":0.8268}},{"type":"Feature","geometry":{"type":"Point","coordinates":[13.469253,46.928034]},"properties":{"w":0.3493}},{"type":"Feature","geometry":{"type":"Point","coordinates":[13.942243,46.928233]},"properties":{"w":0.4546}},{"type":"Feature","geometry":{"type":"Point","coordinates":[13.959077,46.922167]},"properties":{"w":0.3736}},{"type":"Feature","geometry":{"type":"Point","coordinates":[10.736215,46.900441]},"properties":{"w":0.4836}},{"type":"Feature","geometry":{"type":"Point","coordinates":[13.998333,46.925896]},"properties":{"w":0.5197}},{"type":"Feature","geometry":{"type":"Point","coordinates":[10.197019,46.882938]},"properties":{"w":0.5275}},{"type":"Feature","geometry":{"type":"Point","coordinates":[13.444966,46.924655]},"properties":{"w":0.3903}},{"type":"Feature","geometry":{"type":"Point","coordinates":[14.955309,46.910214]},"properties":{"w":0.3535}},{"type":"Feature","geometry":{"type":"Point","coordinates":[13.977888,46.918527]},"properties":{"w":0.3238}},{"type":"Feature","geometry":{"type":"Point","coordinates":[13.922626,46.927221]},"properties":{"w":0.5546}},{"type":"Feature","geometry":{"type":"Point","coordinates":[13.018094,46.919692]},"properties":{"w":0.346}},{"type":"Feature","geometry":{"type":"Point","coordinates":[14.651707,46.912438]},"properties":{"w":0.3308}},{"type":"Feature","geometry":{"type":"Point","coordinates":[10.640888,46.889933]},"properties":{"w":0.2834}},{"type":"Feature","geometry":{"type":"Point","coordinates":[14.643487,46.912321]},"properties":{"w":0.3205}},{"type":"Feature","geometry":{"type":"Point","coordinates":[10.175791,46.909107]},"properties":{"w":0.6271}},{"type":"Feature","geometry":{"type":"Point","coordinates":[14.002635,46.918641]},"properties":{"w":0.4954}},{"type":"Feature","geometry":{"type":"Point","coordinates":[14.693758,46.914323]},"properties":{"w":0.4943}},{"type":"Feature","geometry":{"type":"Point","coordinates":[10.724572,46.887662]},"properties":{"w":0.3576}},{"type":"Feature","geometry":{"type":"Point","coordinates":[13.484697,46.91893]},"properties":{"w":0.3556}},{"type":"Feature","geometry":{"type":"Point","coordinates":[12.452011,46.913705]},"properties":{"w":0.4019}},{"type":"Feature","geometry":{"type":"Point","coordinates":[10.067913,46.882549]},"properties":{"w":0.5656}},{"type":"Feature","geometry":{"type":"Point","coordinates":[14.689425,46.905619]},"properties":{"w":0.3591}},{"type":"Feature","geometry":{"type":"Point","coordinates":[10.101668,46.881436]},"properties":{"w":0.5328}},{"type":"Feature","geometry":{"type":"Point","coordinates":[13.990118,46.911743]},"properties":{"w":0.4187}},{"type":"Feature","geometry":{"type":"Point","coordinates":[14.96995,46.901612]},"properties":{"w":0.4664}},{"type":"Feature","geometry":{"type":"Point","coordinates":[10.113343,46.86574]},"properties":{"w":0.3258}},{"type":"Feature","geometry":{"type":"Point","coordinates":[10.163389,46.868468]},"properties":{"w":0.4109}},{"type":"Feature","geometry":{"type":"Point","coordinates":[12.57124,46.905395]},"properties":{"w":0.4892}},{"type":"Feature","geometry":{"type":"Point","coordinates":[12.443855,46.906966]},"properties":{"w":0.3776}},{"type":"Feature","geometry":{"type":"Point","coordinates":[10.708884,46.878341]},"properties":{"w":0.4546}},{"type":"Feature","geometry":{"type":"Point","coordinates":[13.477631,46.908687]},"properties":{"w":0.362}},{"type":"Feature","geometry":{"type":"Point","coordinates":[13.134414,46.907435]},"properties":{"w":0.3245}},{"type":"Feature","geometry":{"type":"Point","coordinates":[10.593565,46.902143]},"properties":{"w":0.5978}},{"type":"Feature","geometry":{"type":"Point","coordinates":[12.206777,46.896748]},"properties":{"w":0.3264}},{"type":"Feature","geometry":{"type":"Point","coordinates":[14.017845,46.902861]},"properties":{"w":0.3545}},{"type":"Feature","geometry":{"type":"Point","coordinates":[10.482713,46.867792]},"properties":{"w":0.4762}},{"type":"Feature","geometry":{"type":"Point","coordinates":[12.528817,46.900547]},"properties":{"w":0.3128}},{"type":"Feature","geometry":{"type":"Point","coordinates":[13.713875,46.901959]},"properties":{"w":0.4109}},{"type":"Feature","geometry":{"type":"Point","coordinates":[12.450376,46.901677]},"properties":{"w":0.3728}},{"type":"Feature","geometry":{"type":"Point","coordinates":[14.037969,46.90653]},"properties":{"w":0.564}},{"type":"Feature","geometry":{"type":"Point","coordinates":[13.400177,46.900676]},"properties":{"w":0.3566}},{"type":"Feature","geometry":{"type":"Point","coordinates":[12.731403,46.900716]},"properties":{"w":0.4295}},{"type":"Feature","geometry":{"type":"Point","coordinates":[10.47236,46.861941]},"properties":{"w":0.3487}},{"type":"Feature","geometry":{"type":"Point","coordinates":[13.389976,46.898085]},"properties":{"w":0.3404}},{"type":"Feature","geometry":{"type":"Point","coordinates":[12.719806,46.898186]},"properties":{"w":0.4902}},{"type":"Feature","geometry":{"type":"Point","coordinates":[12.472628,46.894664]},"properties":{"w":0.3691}},{"type":"Feature","geometry":{"type":"Point","coordinates":[12.484272,46.895677]},"properties":{"w":0.3576}},{"type":"Feature","geometry":{"type":"Point","coordinates":[12.37335,46.890976]},"properties":{"w":0.4426}},{"type":"Feature","geometry":{"type":"Point","coordinates":[15.155766,46.889835]},"properties":{"w":0.7389}},{"type":"Feature","geometry":{"type":"Point","coordinates":[13.384944,46.893783]},"properties":{"w":0.3107}},{"type":"Feature","geometry":{"type":"Point","coordinates":[12.393515,46.893428]},"properties":{"w":0.3798}},{"type":"Feature","geometry":{"type":"Point","coordinates":[12.261202,46.89275]},"properties":{"w":0.3823}},{"type":"Feature","geometry":{"type":"Point","coordinates":[15.047005,46.880532]},"properties":{"w":0.4061}},{"type":"Feature","geometry":{"type":"Point","coordinates":[13.998176,46.890992]},"properties":{"w":0.3663}},{"type":"Feature","geometry":{"type":"Point","coordinates":[10.57775,46.860997]},"properties":{"w":0.4099}},{"type":"Feature","geometry":{"type":"Point","coordinates":[12.800786,46.896889]},"properties":{"w":0.4821}},{"type":"Feature","geometry":{"type":"Point","coordinates":[10.553166,46.856689]},"properties":{"w":0.4935}},{"type":"Feature","geometry":{"type":"Point","coordinates":[13.963865,46.888494]},"properties":{"w":0.3687}},{"type":"Feature","geometry":{"type":"Point","coordinates":[12.564486,46.89055]},"properties":{"w":0.365}},{"type":"Feature","geometry":{"type":"Point","coordinates":[12.769047,46.889964]},"properties":{"w":0.5283}},{"type":"Feature","geometry":{"type":"Point","coordinates":[13.168526,46.887551]},"properties":{"w":0.3308}},{"type":"Feature","geometry":{"type":"Point","coordinates":[13.202803,46.886457]},"properties":{"w":0.3302}},{"type":"Feature","geometry":{"type":"Point","coordinates":[15.039163,46.873688]},"properties":{"w":0.4832}},{"type":"Feature","geometry":{"type":"Point","coordinates":[13.935998,46.884319]},"properties":{"w":0.4512}},{"type":"Feature","geometry":{"type":"Point","coordinates":[13.964661,46.880966]},"properties":{"w":0.3683}},{"type":"Feature","geometry":{"type":"Point","coordinates":[14.660984,46.871868]},"properties":{"w":0.3205}},{"type":"Feature","geometry":{"type":"Point","coordinates":[12.782894,46.880302]},"properties":{"w":0.3591}},{"type":"Feature","geometry":{"type":"Point","coordinates":[13.961361,46.878982]},"properties":{"w":0.3107}},{"type":"Feature","geometry":{"type":"Point","coordinates":[15.047162,46.866971]},"properties":{"w":0.3362}},{"type":"Feature","geometry":{"type":"Point","coordinates":[13.957019,46.876465]},"properties":{"w":0.3404}},{"type":"Feature","geometry":{"type":"Point","coordinates":[15.00718,46.888276]},"properties":{"w":0.8512}},{"type":"Feature","geometry":{"type":"Point","coordinates":[15.040253,46.868219]},"properties":{"w":0.4866}},{"type":"Feature","geometry":{"type":"Point","coordinates":[12.793605,46.875243]},"properties":{"w":0.3404}},{"type":"Feature","geometry":{"type":"Point","coordinates":[14.068565,46.875811]},"properties":{"w":0.3128}},{"type":"Feature","geometry":{"type":"Point","coordinates":[14.658138,46.890127]},"properties":{"w":0.7541}},{"type":"Feature","geometry":{"type":"Point","coordinates":[12.540818,46.870675]},"properties":{"w":0.3654}},{"type":"Feature","geometry":{"type":"Point","coordinates":[14.07846,46.872649]},"properties":{"w":0.4857}},{"type":"Feature","geometry":{"type":"Point","coordinates":[14.666982,46.875552]},"properties":{"w":0.6129}},{"type":"Feature","geometry":{"type":"Point","coordinates":[12.456333,46.869588]},"properties":{"w":0.3798}},{"type":"Feature","geometry":{"type":"Point","coordinates":[13.453951,46.869652]},"properties":{"w":0.3205}},{"type":"Feature","geometry":{"type":"Point","coordinates":[13.959914,46.868639]},"properties":{"w":0.4019}},{"type":"Feature","geometry":{"type":"Point","coordinates":[14.651816,46.862109]},"properties":{"w":0.4467}},{"type":"Feature","geometry":{"type":"Point","coordinates":[12.411314,46.866068]},"properties":{"w":0.4536}},{"type":"Feature","geometry":{"type":"Point","coordinates":[13.427083,46.86831]},"properties":{"w":0.3192}},{"type":"Feature","geometry":{"type":"Point","coordinates":[13.478014,46.868072]},"properties":{"w":0.4524}},{"type":"Feature","geometry":{"type":"Point","coordinates":[12.441743,46.864639]},"properties":{"w":0.3115}},{"type":"Feature","geometry":{"type":"Point","coordinates":[13.043511,46.863943]},"properties":{"w":0.3404}},{"type":"Feature","geometry":{"type":"Point","coordinates":[12.296864,46.85919]},"properties":{"w":0.3818}},{"type":"Feature","geometry":{"type":"Point","coordinates":[12.528832,46.85977]},"properties":{"w":0.4078}},{"type":"Feature","geometry":{"type":"Point","coordinates":[13.120616,46.861832]},"properties":{"w":0.3404}},{"type":"Feature","geometry":{"type":"Point","coordinates":[12.393789,46.856116]},"properties":{"w":0.4845}},{"type":"Feature","geometry":{"type":"Point","coordinates":[12.456043,46.856366]},"properties":{"w":0.3663}},{"type":"Feature","geometry":{"type":"Point","coordinates":[15.048801,46.85205]},"properties":{"w":0.7166}},{"type":"Feature","geometry":{"type":"Point","coordinates":[14.638968,46.849569]},"properties":{"w":0.3586}},{"type":"Feature","geometry":{"type":"Point","coordinates":[12.549315,46.853361]},"properties":{"w":0.3351}},{"type":"Feature","geometry":{"type":"Point","coordinates":[12.573549,46.851981]},"properties":{"w":0.3576}},{"type":"Feature","geometry":{"type":"Point","coordinates":[12.586417,46.852062]},"properties":{"w":0.3493}},{"type":"Feature","geometry":{"type":"Point","coordinates":[13.598065,46.851458]},"properties":{"w":0.3093}},{"type":"Feature","geometry":{"type":"Point","coordinates":[13.04435,46.853359]},"properties":{"w":0.4099}},{"type":"Feature","geometry":{"type":"Point","coordinates":[13.110652,46.850123]},"properties":{"w":0.3143}},{"type":"Feature","geometry":{"type":"Point","coordinates":[14.660848,46.850388]},"properties":{"w":0.7488}},{"type":"Feature","geometry":{"type":"Point","coordinates":[12.51119,46.848774]},"properties":{"w":0.3654}},{"type":"Feature","geometry":{"type":"Point","coordinates":[12.433596,46.846158]},"properties":{"w":0.3205}},{"type":"Feature","geometry":{"type":"Point","coordinates":[13.020159,46.851276]},"properties":{"w":0.5622}},{"type":"Feature","geometry":{"type":"Point","coordinates":[13.157711,46.850086]},"properties":{"w":0.4836}},{"type":"Feature","geometry":{"type":"Point","coordinates":[13.034512,46.846144]},"properties":{"w":0.3728}},{"type":"Feature","geometry":{"type":"Point","coordinates":[13.592005,46.84622]},"properties":{"w":0.3163}},{"type":"Feature","geometry":{"type":"Point","coordinates":[12.518161,46.841575]},"properties":{"w":0.4592}},{"type":"Feature","geometry":{"type":"Point","coordinates":[13.265128,46.842867]},"properties":{"w":0.3493}},{"type":"Feature","geometry":{"type":"Point","coordinates":[12.362816,46.837348]},"properties":{"w":0.3576}},{"type":"Feature","geometry":{"type":"Point","coordinates":[12.562471,46.838605]},"properties":{"w":0.3205}},{"type":"Feature","geometry":{"type":"Point","coordinates":[13.252321,46.84138]},"properties":{"w":0.3654}},{"type":"Feature","geometry":{"type":"Point","coordinates":[12.605505,46.841778]},"properties":{"w":0.3251}},{"type":"Feature","geometry":{"type":"Point","coordinates":[12.419203,46.83729]},"properties":{"w":0.3205}},{"type":"Feature","geometry":{"type":"Point","coordinates":[12.332804,46.842559]},"properties":{"w":0.4318}},{"type":"Feature","geometry":{"type":"Point","coordinates":[12.407671,46.835281]},"properties":{"w":0.3763}},{"type":"Feature","geometry":{"type":"Point","coordinates":[12.468174,46.839568]},"properties":{"w":0.4424}},{"type":"Feature","geometry":{"type":"Point","coordinates":[13.084755,46.839467]},"properties":{"w":0.3907}},{"type":"Feature","geometry":{"type":"Point","coordinates":[12.642817,46.836657]},"properties":{"w":0.3444}},{"type":"Feature","geometry":{"type":"Point","coordinates":[13.15887,46.83738]},"properties":{"w":0.4329}},{"type":"Feature","geometry":{"type":"Point","coordinates":[13.099902,46.837308]},"properties":{"w":0.4842}},{"type":"Feature","geometry":{"type":"Point","coordinates":[12.535965,46.836193]},"properties":{"w":0.3806}},{"type":"Feature","geometry":{"type":"Point","coordinates":[13.167818,46.834613]},"properties":{"w":0.3308}},{"type":"Feature","geometry":{"type":"Point","coordinates":[13.084384,46.832629]},"properties":{"w":0.3198}},{"type":"Feature","geometry":{"type":"Point","coordinates":[13.907426,46.830268]},"properties":{"w":0.3503}},{"type":"Feature","geometry":{"type":"Point","coordinates":[13.122323,46.832604]},"properties":{"w":0.5113}},{"type":"Feature","geometry":{"type":"Point","coordinates":[13.255584,46.831613]},"properties":{"w":0.4112}},{"type":"Feature","geometry":{"type":"Point","coordinates":[14.689568,46.820217]},"properties":{"w":0.4167}},{"type":"Feature","geometry":{"type":"Point","coordinates":[12.416193,46.825731]},"properties":{"w":0.4955}},{"type":"Feature","geometry":{"type":"Point","coordinates":[13.066871,46.831624]},"properties":{"w":0.4099}},{"type":"Feature","geometry":{"type":"Point","coordinates":[13.924804,46.828809]},"properties":{"w":0.5668}},{"type":"Feature","geometry":{"type":"Point","coordinates":[13.944948,46.832502]},"properties":{"w":0.5285}},{"type":"Feature","geometry":{"type":"Point","coordinates":[13.623892,46.838861]},"properties":{"w":0.5379}},{"type":"Feature","geometry":{"type":"Point","coordinates":[14.985643,46.81552]},"properties":{"w":0.4323}},{"type":"Feature","geometry":{"type":"Point","coordinates":[12.901099,46.823722]},"properties":{"w":0.3551}},{"type":"Feature","geometry":{"type":"Point","coordinates":[13.016002,46.824269]},"properties":{"w":0.3998}},{"type":"Feature","geometry":{"type":"Point","coordinates":[13.025077,46.825099]},"properties":{"w":0.3063}},{"type":"Feature","geometry":{"type":"Point","coordinates":[13.951041,46.827611]},"properties":{"w":0.4507}},{"type":"Feature","geometry":{"type":"Point","coordinates":[13.179858,46.825046]},"properties":{"w":0.4193}},{"type":"Feature","geometry":{"type":"Point","coordinates":[13.971217,46.823311]},"properties":{"w":0.3421}},{"type":"Feature","geometry":{"type":"Point","coordinates":[14.675334,46.815259]},"properties":{"w":0.3409}},{"type":"Feature","geometry":{"type":"Point","coordinates":[13.963809,46.822125]},"properties":{"w":0.4899}},{"type":"Feature","geometry":{"type":"Point","coordinates":[12.594566,46.820031]},"properties":{"w":0.5224}},{"type":"Feature","geometry":{"type":"Point","coordinates":[13.081325,46.823976]},"properties":{"w":0.6059}},{"type":"Feature","geometry":{"type":"Point","coordinates":[13.004882,46.82034]},"properties":{"w":0.4265}},{"type":"Feature","geometry":{"type":"Point","coordinates":[12.67421,46.824635]},"properties":{"w":0.663}},{"type":"Feature","geometry":{"type":"Point","coordinates":[12.883704,46.818537]},"properties":{"w":0.3184}},{"type":"Feature","geometry":{"type":"Point","coordinates":[13.244847,46.822164]},"properties":{"w":0.3927}},{"type":"Feature","geometry":{"type":"Point","coordinates":[15.029331,46.804154]},"properties":{"w":0.3493}},{"type":"Feature","geometry":{"type":"Point","coordinates":[12.922078,46.816429]},"properties":{"w":0.3404}},{"type":"Feature","geometry":{"type":"Point","coordinates":[14.6768,46.806584]},"properties":{"w":0.354}},{"type":"Feature","geometry":{"type":"Point","coordinates":[13.975502,46.815307]},"properties":{"w":0.3211}},{"type":"Feature","geometry":{"type":"Point","coordinates":[13.13507,46.823072]},"properties":{"w":0.6419}},{"type":"Feature","geometry":{"type":"Point","coordinates":[13.026534,46.813615]},"properties":{"w":0.4129}},{"type":"Feature","geometry":{"type":"Point","coordinates":[13.26345,46.814751]},"properties":{"w":0.3404}},{"type":"Feature","geometry":{"type":"Point","coordinates":[12.982601,46.815454]},"properties":{"w":0.5199}},{"type":"Feature","geometry":{"type":"Point","coordinates":[15.041294,46.808701]},"properties":{"w":0.7221}},{"type":"Feature","geometry":{"type":"Point","coordinates":[13.036998,46.813161]},"properties":{"w":0.4022}},{"type":"Feature","geometry":{"type":"Point","coordinates":[13.137614,46.812935]},"properties":{"w":0.3205}},{"type":"Feature","geometry":{"type":"Point","coordinates":[13.146581,46.812931]},"properties":{"w":0.4256}},{"type":"Feature","geometry":{"type":"Point","coordinates":[12.994343,46.810134]},"properties":{"w":0.3296}},{"type":"Feature","geometry":{"type":"Point","coordinates":[13.220413,46.815239]},"properties":{"w":0.4125}},{"type":"Feature","geometry":{"type":"Point","coordinates":[12.557701,46.815978]},"properties":{"w":0.4962}},{"type":"Feature","geometry":{"type":"Point","coordinates":[13.021176,46.809051]},"properties":{"w":0.3839}},{"type":"Feature","geometry":{"type":"Point","coordinates":[12.603441,46.809713]},"properties":{"w":0.505}},{"type":"Feature","geometry":{"type":"Point","coordinates":[15.076065,46.794622]},"properties":{"w":0.3404}},{"type":"Feature","geometry":{"type":"Point","coordinates":[12.525872,46.805271]},"properties":{"w":0.4477}},{"type":"Feature","geometry":{"type":"Point","coordinates":[12.962995,46.806551]},"properties":{"w":0.3482}},{"type":"Feature","geometry":{"type":"Point","coordinates":[13.055924,46.810997]},"properties":{"w":0.519}},{"type":"Feature","geometry":{"type":"Point","coordinates":[13.258809,46.808029]},"properties":{"w":0.3493}},{"type":"Feature","geometry":{"type":"Point","coordinates":[12.614572,46.803505]},"properties":{"w":0.3493}},{"type":"Feature","geometry":{"type":"Point","coordinates":[13.111412,46.809405]},"properties":{"w":0.3964}},{"type":"Feature","geometry":{"type":"Point","coordinates":[13.171482,46.81018]},"properties":{"w":0.4199}},{"type":"Feature","geometry":{"type":"Point","coordinates":[12.544767,46.801127]},"properties":{"w":0.4099}},{"type":"Feature","geometry":{"type":"Point","coordinates":[13.051094,46.803526]},"properties":{"w":0.3728}},{"type":"Feature","geometry":{"type":"Point","coordinates":[12.505544,46.800801]},"properties":{"w":0.4343}},{"type":"Feature","geometry":{"type":"Point","coordinates":[12.988287,46.801233]},"properties":{"w":0.3728}},{"type":"Feature","geometry":{"type":"Point","coordinates":[13.148864,46.801759]},"properties":{"w":0.4033}},{"type":"Feature","geometry":{"type":"Point","coordinates":[13.987954,46.804954]},"properties":{"w":0.6508}},{"type":"Feature","geometry":{"type":"Point","coordinates":[14.621777,46.791584]},"properties":{"w":0.3994}},{"type":"Feature","geometry":{"type":"Point","coordinates":[15.08584,46.784788]},"properties":{"w":0.3896}},{"type":"Feature","geometry":{"type":"Point","coordinates":[13.392308,46.799564]},"properties":{"w":0.4236}},{"type":"Feature","geometry":{"type":"Point","coordinates":[15.034439,46.79375]},"properties":{"w":0.7634}},{"type":"Feature","geometry":{"type":"Point","coordinates":[12.55153,46.794934]},"properties":{"w":0.3327}},{"type":"Feature","geometry":{"type":"Point","coordinates":[12.333814,46.792975]},"properties":{"w":0.3645}},{"type":"Feature","geometry":{"type":"Point","coordinates":[13.983957,46.797116]},"properties":{"w":0.4183}},{"type":"Feature","geometry":{"type":"Point","coordinates":[13.275715,46.791448]},"properties":{"w":0.3302}},{"type":"Feature","geometry":{"type":"Point","coordinates":[14.632527,46.786924]},"properties":{"w":0.5497}},{"type":"Feature","geometry":{"type":"Point","coordinates":[12.303888,46.784229]},"properties":{"w":0.2336}},{"type":"Feature","geometry":{"type":"Point","coordinates":[12.481361,46.789787]},"properties":{"w":0.4343}},{"type":"Feature","geometry":{"type":"Point","coordinates":[14.982862,46.779049]},"properties":{"w":0.6791}},{"type":"Feature","geometry":{"type":"Point","coordinates":[12.396619,46.778349]},"properties":{"w":0.3238}},{"type":"Feature","geometry":{"type":"Point","coordinates":[13.861737,46.782729]},"properties":{"w":0.496}},{"type":"Feature","geometry":{"type":"Point","coordinates":[15.058536,46.766756]},"properties":{"w":0.3404}},{"type":"Feature","geometry":{"type":"Point","coordinates":[13.424733,46.78018]},"properties":{"w":0.5189}},{"type":"Feature","geometry":{"type":"Point","coordinates":[12.466067,46.778102]},"properties":{"w":0.5986}},{"type":"Feature","geometry":{"type":"Point","coordinates":[13.876218,46.772889]},"properties":{"w":0.4683}},{"type":"Feature","geometry":{"type":"Point","coordinates":[13.893624,46.773646]},"properties":{"w":0.37}},{"type":"Feature","geometry":{"type":"Point","coordinates":[12.365487,46.772473]},"properties":{"w":0.609}},{"type":"Feature","geometry":{"type":"Point","coordinates":[12.795268,46.765292]},"properties":{"w":0.4202}},{"type":"Feature","geometry":{"type":"Point","coordinates":[12.746343,46.764966]},"properties":{"w":0.3654}},{"type":"Feature","geometry":{"type":"Point","coordinates":[13.710059,46.761497]},"properties":{"w":0.5223}},{"type":"Feature","geometry":{"type":"Point","coordinates":[12.753396,46.755412]},"properties":{"w":0.4529}},{"type":"Feature","geometry":{"type":"Point","coordinates":[12.824352,46.756631]},"properties":{"w":0.447}},{"type":"Feature","geometry":{"type":"Point","coordinates":[12.696451,46.754877]},"properties":{"w":0.375}},{"type":"Feature","geometry":{"type":"Point","coordinates":[15.055638,46.739137]},"properties":{"w":0.4332}},{"type":"Feature","geometry":{"type":"Point","coordinates":[13.402757,46.743248]},"properties":{"w":0.3677}},{"type":"Feature","geometry":{"type":"Point","coordinates":[12.558302,46.738831]},"properties":{"w":0.3198}},{"type":"Feature","geometry":{"type":"Point","coordinates":[13.378285,46.734509]},"properties":{"w":0.3093}},{"type":"Feature","geometry":{"type":"Point","coordinates":[15.07733,46.721824]},"properties":{"w":0.3205}},{"type":"Feature","geometry":{"type":"Point","coordinates":[12.609609,46.732297]},"properties":{"w":0.4497}},{"type":"Feature","geometry":{"type":"Point","coordinates":[15.065057,46.760837]},"properties":{"w":0.9748}},{"type":"Feature","geometry":{"type":"Point","coordinates":[12.568484,46.729182]},"properties":{"w":0.4421}},{"type":"Feature","geometry":{"type":"Point","coordinates":[12.595018,46.730138]},"properties":{"w":0.45}},{"type":"Feature","geometry":{"type":"Point","coordinates":[12.553292,46.727341]},"properties":{"w":0.3498}},{"type":"Feature","geometry":{"type":"Point","coordinates":[12.839325,46.727333]},"properties":{"w":0.3968}},{"type":"Feature","geometry":{"type":"Point","coordinates":[12.882501,46.728119]},"properties":{"w":0.3231}},{"type":"Feature","geometry":{"type":"Point","coordinates":[12.683219,46.726675]},"properties":{"w":0.5042}},{"type":"Feature","geometry":{"type":"Point","coordinates":[12.656413,46.725087]},"properties":{"w":0.5417}},{"type":"Feature","geometry":{"type":"Point","coordinates":[15.022881,46.729738]},"properties":{"w":0.9586}},{"type":"Feature","geometry":{"type":"Point","coordinates":[12.882116,46.721328]},"properties":{"w":0.3798}},{"type":"Feature","geometry":{"type":"Point","coordinates":[13.205834,46.713042]},"properties":{"w":0.3746}},{"type":"Feature","geometry":{"type":"Point","coordinates":[13.738387,46.7163]},"properties":{"w":0.4477}},{"type":"Feature","geometry":{"type":"Point","coordinates":[12.892632,46.711589]},"properties":{"w":0.3211}},{"type":"Feature","geometry":{"type":"Point","coordinates":[13.173633,46.710172]},"properties":{"w":0.5423}},{"type":"Feature","geometry":{"type":"Point","coordinates":[13.052269,46.708081]},"properties":{"w":0.4283}},{"type":"Feature","geometry":{"type":"Point","coordinates":[12.440155,46.69146]},"properties":{"w":0.2324}},{"type":"Feature","geometry":{"type":"Point","coordinates":[13.07739,46.695101]},"properties":{"w":0.5057}},{"type":"Feature","geometry":{"type":"Point","coordinates":[12.579135,46.692365]},"properties":{"w":0.4256}},{"type":"Feature","geometry":{"type":"Point","coordinates":[13.033289,46.701364]},"properties":{"w":0.6499}},{"type":"Feature","geometry":{"type":"Point","coordinates":[13.210227,46.688119]},"properties":{"w":0.3198}},{"type":"Feature","geometry":{"type":"Point","coordinates":[13.113336,46.684061]},"properties":{"w":0.3198}},{"type":"Feature","geometry":{"type":"Point","coordinates":[15.02481,46.67438]},"properties":{"w":0.4462}},{"type":"Feature","geometry":{"type":"Point","coordinates":[15.132023,46.676373]},"properties":{"w":0.5236}},{"type":"Feature","geometry":{"type":"Point","coordinates":[12.52608,46.68265]},"properties":{"w":0.3493}},{"type":"Feature","geometry":{"type":"Point","coordinates":[12.487699,46.682849]},"properties":{"w":0.4748}},{"type":"Feature","geometry":{"type":"Point","coordinates":[12.69775,46.681081]},"properties":{"w":0.3205}},{"type":"Feature","geometry":{"type":"Point","coordinates":[12.543761,46.679282]},"properties":{"w":0.492}},{"type":"Feature","geometry":{"type":"Point","coordinates":[12.539722,46.670713]},"properties":{"w":0.3975}},{"type":"Feature","geometry":{"type":"Point","coordinates":[12.637135,46.671888]},"properties":{"w":0.3205}},{"type":"Feature","geometry":{"type":"Point","coordinates":[12.552785,46.671202]},"properties":{"w":0.5032}},{"type":"Feature","geometry":{"type":"Point","coordinates":[13.378693,46.668498]},"properties":{"w":0.3673}},{"type":"Feature","geometry":{"type":"Point","coordinates":[12.557622,46.662646]},"properties":{"w":0.4251}},{"type":"Feature","geometry":{"type":"Point","coordinates":[15.045668,46.658199]},"properties":{"w":0.7957}},{"type":"Feature","geometry":{"type":"Point","coordinates":[15.244793,46.642626]},"properties":{"w":0.3009}},{"type":"Feature","geometry":{"type":"Point","coordinates":[12.707964,46.657358]},"properties":{"w":0.4196}},{"type":"Feature","geometry":{"type":"Point","coordinates":[12.867559,46.648023]},"properties":{"w":0.4245}},{"type":"Feature","geometry":{"type":"Point","coordinates":[13.064803,46.620703]},"properties":{"w":0.3205}},{"type":"Feature","geometry":{"type":"Point","coordinates":[13.098427,46.616261]},"properties":{"w":0.3927}},{"type":"Feature","geometry":{"type":"Point","coordinates":[13.12991,46.60722]},"properties":{"w":0.3576}},{"type":"Feature","geometry":{"type":"Point","coordinates":[13.095553,46.607286]},"properties":{"w":0.4177}},{"type":"Feature","geometry":{"type":"Point","coordinates":[13.073484,46.604559]},"properties":{"w":0.5613}},{"type":"Feature","geometry":{"type":"Point","coordinates":[13.116856,46.59986]},"properties":{"w":0.5803}},{"type":"Feature","geometry":{"type":"Point","coordinates":[13.135814,46.596089]},"properties":{"w":0.6042}},{"type":"Feature","geometry":{"type":"Point","coordinates":[13.152404,46.589805]},"properties":{"w":0.2806}},{"type":"Feature","geometry":{"type":"Point","coordinates":[13.178747,46.585517]},"properties":{"w":0.4102}},{"type":"Feature","geometry":{"type":"Point","coordinates":[13.190554,46.578737]},"properties":{"w":0.4553}},{"type":"Feature","geometry":{"type":"Point","coordinates":[13.333262,46.571674]},"properties":{"w":0.3264}},{"type":"Feature","geometry":{"type":"Point","coordinates":[14.803869,46.520478]},"properties":{"w":0.4112}},{"type":"Feature","geometry":{"type":"Point","coordinates":[13.828293,46.527671]},"properties":{"w":0.3444}},{"type":"Feature","geometry":{"type":"Point","coordinates":[14.803244,46.512747]},"properties":{"w":0.3728}},{"type":"Feature","geometry":{"type":"Point","coordinates":[14.814166,46.513251]},"properties":{"w":0.5041}},{"type":"Feature","geometry":{"type":"Point","coordinates":[14.512615,46.514709]},"properties":{"w":0.456}},{"type":"Feature","geometry":{"type":"Point","coordinates":[14.416743,46.513036]},"properties":{"w":0.3157}},{"type":"Feature","geometry":{"type":"Point","coordinates":[14.375658,46.508663]},"properties":{"w":0.356}},{"type":"Feature","geometry":{"type":"Point","coordinates":[14.524083,46.505266]},"properties":{"w":0.3482}},{"type":"Feature","geometry":{"type":"Point","coordinates":[14.74893,46.504948]},"properties":{"w":0.5111}},{"type":"Feature","geometry":{"type":"Point","coordinates":[14.399763,46.505568]},"properties":{"w":0.3308}},{"type":"Feature","geometry":{"type":"Point","coordinates":[14.476884,46.498657]},"properties":{"w":0.3351}},{"type":"Feature","geometry":{"type":"Point","coordinates":[14.04762,46.503626]},"properties":{"w":0.3438}},{"type":"Feature","geometry":{"type":"Point","coordinates":[14.380075,46.497077]},"properties":{"w":0.4315}},{"type":"Feature","geometry":{"type":"Point","coordinates":[14.39856,46.496543]},"properties":{"w":0.4403}},{"type":"Feature","geometry":{"type":"Point","coordinates":[14.103365,46.497712]},"properties":{"w":0.346}},{"type":"Feature","geometry":{"type":"Point","coordinates":[14.680516,46.468677]},"properties":{"w":0.3972}},{"type":"Feature","geometry":{"type":"Point","coordinates":[14.693472,46.470071]},"properties":{"w":0.5287}},{"type":"Feature","geometry":{"type":"Point","coordinates":[14.65842,46.446369]},"properties":{"w":0.3245}},{"type":"Feature","geometry":{"type":"Point","coordinates":[14.528328,46.447948]},"properties":{"w":0.3576}},{"type":"Feature","geometry":{"type":"Point","coordinates":[14.629362,46.441031]},"properties":{"w":0.3338}},{"type":"Feature","geometry":{"type":"Point","coordinates":[14.609425,46.440347]},"properties":{"w":0.3673}},{"type":"Feature","geometry":{"type":"Point","coordinates":[14.447196,46.434142]},"properties":{"w":0.5093}},{"type":"Feature","geometry":{"type":"Point","coordinates":[14.481174,46.418801]},"properties":{"w":0.3033}}]}