{"type":"FeatureCollection","features":[{"type":"Feature","geometry":{"type":"Point","coordinates":[15.040565,48.986836]},"properties":{"w":0.3495}},{"type":"Feature","geometry":{"type":"Point","coordinates":[15.286996,48.983909]},"properties":{"w":0.6256}},{"type":"Feature","geometry":{"type":"Point","coordinates":[15.127824,48.977227]},"properties":{"w":0.545}},{"type":"Feature","geometry":{"type":"Point","coordinates":[15.329837,48.974408]},"properties":{"w":0.5402}},{"type":"Feature","geometry":{"type":"Point","coordinates":[15.030778,48.969837]},"properties":{"w":0.3818}},{"type":"Feature","geometry":{"type":"Point","coordinates":[15.003397,48.988944]},"properties":{"w":0.7834}},{"type":"Feature","geometry":{"type":"Point","coordinates":[15.27257,48.964095]},"properties":{"w":0.4576}},{"type":"Feature","geometry":{"type":"Point","coordinates":[15.297081,48.962191]},"properties":{"w":0.4443}},{"type":"Feature","geometry":{"type":"Point","coordinates":[15.105956,48.961014]},"properties":{"w":0.3484}},{"type":"Feature","geometry":{"type":"Point","coordinates":[14.996026,48.964905]},"properties":{"w":0.4665}},{"type":"Feature","geometry":{"type":"Point","coordinates":[15.262851,48.95484]},"properties":{"w":0.4089}},{"type":"Feature","geometry":{"type":"Point","coordinates":[15.338095,48.948462]},"properties":{"w":0.4237}},{"type":"Feature","geometry":{"type":"Point","coordinates":[15.326911,48.94964]},"properties":{"w":0.4896}},{"type":"Feature","geometry":{"type":"Point","coordinates":[15.222421,48.952549]},"properties":{"w":0.6385}},{"type":"Feature","geometry":{"type":"Point","coordinates":[15.479252,48.94199]},"properties":{"w":0.5205}},{"type":"Feature","geometry":{"type":"Point","coordinates":[15.288187,48.943946]},"properties":{"w":0.4482}},{"type":"Feature","geometry":{"type":"Point","coordinates":[15.459076,48.94394]},"properties":{"w":0.5906}},{"type":"Feature","geometry":{"type":"Point","coordinates":[15.248103,48.945371]},"properties":{"w":0.4922}},{"type":"Feature","geometry":{"type":"Point","coordinates":[15.118073,48.943989]},"properties":{"w":0.4778}},{"type":"Feature","geometry":{"type":"Point","coordinates":[15.388843,48.95798]},"properties":{"w":0.7932}},{"type":"Feature","geometry":{"type":"Point","coordinates":[15.336076,48.935725]},"properties":{"w":0.4189}},{"type":"Feature","geometry":{"type":"Point","coordinates":[15.098699,48.940412]},"properties":{"w":0.3569}},{"type":"Feature","geometry":{"type":"Point","coordinates":[15.18703,48.934371]},"properties":{"w":0.4512}},{"type":"Feature","geometry":{"type":"Point","coordinates":[15.280657,48.932721]},"properties":{"w":0.4023}},{"type":"Feature","geometry":{"type":"Point","coordinates":[15.317187,48.937325]},"properties":{"w":0.5363}},{"type":"Feature","geometry":{"type":"Point","coordinates":[15.502698,48.92398]},"properties":{"w":0.3153}},{"type":"Feature","geometry":{"type":"Point","coordinates":[15.103648,48.936197]},"properties":{"w":0.4517}},{"type":"Feature","geometry":{"type":"Point","coordinates":[15.088687,48.932556]},"properties":{"w":0.5057}},{"type":"Feature","geometry":{"type":"Point","coordinates":[15.449612,48.927507]},"properties":{"w":0.6391}},{"type":"Feature","geometry":{"type":"Point","coordinates":[15.489201,48.921369]},"properties":{"w":0.3563}},{"type":"Feature","geometry":{"type":"Point","coordinates":[15.223815,48.923128]},"properties":{"w":0.2908}},{"type":"Feature","geometry":{"type":"Point","coordinates":[15.278265,48.921274]},"properties":{"w":0.3839}},{"type":"Feature","geometry":{"type":"Point","coordinates":[15.392644,48.924882]},"properties":{"w":0.655}},{"type":"Feature","geometry":{"type":"Point","coordinates":[15.503502,48.9136]},"properties":{"w":0.5469}},{"type":"Feature","geometry":{"type":"Point","coordinates":[15.126253,48.917683]},"properties":{"w":0.3919}},{"type":"Feature","geometry":{"type":"Point","coordinates":[15.369694,48.914197]},"properties":{"w":0.4669}},{"type":"Feature","geometry":{"type":"Point","coordinates":[15.062737,48.916299]},"properties":{"w":0.6237}},{"type":"Feature","geometry":{"type":"Point","coordinates":[15.553152,48.904284]},"properties":{"w":0.4473}},{"type":"Feature","geometry":{"type":"Point","coordinates":[15.434602,48.913473]},"properties":{"w":0.6403}},{"type":"Feature","geometry":{"type":"Point","coordinates":[15.260062,48.906634]},"properties":{"w":0.309}},{"type":"Feature","geometry":{"type":"Point","coordinates":[15.594223,48.895829]},"properties":{"w":0.3438}},{"type":"Feature","geometry":{"type":"Point","coordinates":[15.253258,48.903926]},"properties":{"w":0.3373}},{"type":"Feature","geometry":{"type":"Point","coordinates":[15.551721,48.897719]},"properties":{"w":0.4611}},{"type":"Feature","geometry":{"type":"Point","coordinates":[15.360595,48.904393]},"properties":{"w":0.4864}},{"type":"Feature","geometry":{"type":"Point","coordinates":[15.000667,48.928366]},"properties":{"w":0.7808}},{"type":"Feature","geometry":{"type":"Point","coordinates":[15.505046,48.901097]},"properties":{"w":0.6286}},{"type":"Feature","geometry":{"type":"Point","coordinates":[15.525124,48.892827]},"properties":{"w":0.3961}},{"type":"Feature","geometry":{"type":"Point","coordinates":[15.413872,48.898526]},"properties":{"w":0.5283}},{"type":"Feature","geometry":{"type":"Point","coordinates":[15.119061,48.8976]},"properties":{"w":0.4683}},{"type":"Feature","geometry":{"type":"Point","coordinates":[15.559416,48.888719]},"properties":{"w":0.3049}},{"type":"Feature","geometry":{"type":"Point","coordinates":[15.296865,48.896643]},"properties":{"w":0.4519}},{"type":"Feature","geometry":{"type":"Point","coordinates":[15.105384,48.897387]},"properties":{"w":0.4078}},{"type":"Feature","geometry":{"type":"Point","coordinates":[15.48098,48.891623]},"properties":{"w":0.4917}},{"type":"Feature","geometry":{"type":"Point","coordinates":[15.060306,48.891867]},"properties":{"w":0.3761}},{"type":"Feature","geometry":{"type":"Point","coordinates":[15.080895,48.891921]},"properties":{"w":0.3846}},{"type":"Feature","geometry":{"type":"Point","coordinates":[15.465249,48.890281]},"properties":{"w":0.6592}},{"type":"Feature","geometry":{"type":"Point","coordinates":[15.298275,48.883069]},"properties":{"w":0.3566}},{"type":"Feature","geometry":{"type":"Point","coordinates":[15.589002,48.883777]},"properties":{"w":0.6246}},{"type":"Feature","geometry":{"type":"Point","coordinates":[15.380423,48.881983]},"properties":{"w":0.3998}},{"type":"Feature","geometry":{"type":"Point","coordinates":[15.332466,48.886631]},"properties":{"w":0.5622}},{"type":"Feature","geometry":{"type":"Point","coordinates":[15.261471,48.882609]},"properties":{"w":0.5145}},{"type":"Feature","geometry":{"type":"Point","coordinates":[15.647751,48.877454]},"properties":{"w":0.6194}},{"type":"Feature","geometry":{"type":"Point","coordinates":[15.54551,48.875964]},"properties":{"w":0.5346}},{"type":"Feature","geometry":{"type":"Point","coordinates":[15.418481,48.873161]},"properties":{"w":0.3094}},{"type":"Feature","geometry":{"type":"Point","coordinates":[15.581995,48.871332]},"properties":{"w":0.4126}},{"type":"Feature","geometry":{"type":"Point","coordinates":[15.529476,48.871878]},"properties":{"w":0.5288}},{"type":"Feature","geometry":{"type":"Point","coordinates":[15.781005,48.868841]},"properties":{"w":0.531}},{"type":"Feature","geometry":{"type":"Point","coordinates":[15.473174,48.864826]},"properties":{"w":0.3529}},{"type":"Feature","geometry":{"type":"Point","coordinates":[15.167407,48.875544]},"properties":{"w":0.6296}},{"type":"Feature","geometry":{"type":"Point","coordinates":[15.492573,48.872805]},"properties":{"w":0.6921}},{"type":"Feature","geometry":{"type":"Point","coordinates":[15.1975,48.872385]},"properties":{"w":0.4277}},{"type":"Feature","geometry":{"type":"Point","coordinates":[15.454962,48.863731]},"properties":{"w":0.5303}},{"type":"Feature","geometry":{"type":"Point","coordinates":[15.795202,48.854554]},"properties":{"w":0.4036}},{"type":"Feature","geometry":{"type":"Point","coordinates":[15.592376,48.858657]},"properties":{"w":0.2842}},{"type":"Feature","geometry":{"type":"Point","coordinates":[15.261735,48.863801]},"properties":{"w":0.4484}},{"type":"Feature","geometry":{"type":"Point","coordinates":[15.600757,48.855385]},"properties":{"w":0.4014}},{"type":"Feature","geometry":{"type":"Point","coordinates":[15.341215,48.869057]},"properties":{"w":0.7587}},{"type":"Feature","geometry":{"type":"Point","coordinates":[15.564633,48.855684]},"properties":{"w":0.4191}},{"type":"Feature","geometry":{"type":"Point","coordinates":[15.643058,48.855908]},"properties":{"w":0.5392}},{"type":"Feature","geometry":{"type":"Point","coordinates":[15.741704,48.852116]},"properties":{"w":0.4956}},{"type":"Feature","geometry":{"type":"Point","coordinates":[15.436163,48.853188]},"properties":{"w":0.3663}},{"type":"Feature","geometry":{"type":"Point","coordinates":[15.198501,48.856525]},"properties":{"w":0.4243}},{"type":"Feature","geometry":{"type":"Point","coordinates":[15.685372,48.854155]},"properties":{"w":0.6271}},{"type":"Feature","geometry":{"type":"Point","coordinates":[15.530649,48.8524]},"properties":{"w":0.5983}},{"type":"Feature","geometry":{"type":"Point","coordinates":[15.709412,48.854219]},"properties":{"w":0.6004}},{"type":"Feature","geometry":{"type":"Point","coordinates":[15.168311,48.859583]},"properties":{"w":0.4659}},{"type":"Feature","geometry":{"type":"Point","coordinates":[15.078576,48.859346]},"properties":{"w":0.6485}},{"type":"Feature","geometry":{"type":"Point","coordinates":[15.054195,48.862634]},"properties":{"w":0.6318}},{"type":"Feature","geometry":{"type":"Point","coordinates":[15.135814,48.850006]},"properties":{"w":0.4183}},{"type":"Feature","geometry":{"type":"Point","coordinates":[14.989598,48.875939]},"properties":{"w":0.701}},{"type":"Feature","geometry":{"type":"Point","coordinates":[15.520347,48.843504]},"properties":{"w":0.427}},{"type":"Feature","geometry":{"type":"Point","coordinates":[15.610046,48.839682]},"properties":{"w":0.4234}},{"type":"Feature","geometry":{"type":"Point","coordinates":[15.331349,48.849879]},"properties":{"w":0.698}},{"type":"Feature","geometry":{"type":"Point","coordinates":[15.288641,48.841334]},"properties":{"w":0.3434}},{"type":"Feature","geometry":{"type":"Point","coordinates":[15.596387,48.835252]},"properties":{"w":0.4588}},{"type":"Feature","geometry":{"type":"Point","coordinates":[15.856379,48.828323]},"properties":{"w":0.2848}},{"type":"Feature","geometry":{"type":"Point","coordinates":[15.117663,48.84532]},"properties":{"w":0.4817}},{"type":"Feature","geometry":{"type":"Point","coordinates":[15.24032,48.846605]},"properties":{"w":0.6113}},{"type":"Feature","geometry":{"type":"Point","coordinates":[15.683177,48.837027]},"properties":{"w":0.5875}},{"type":"Feature","geometry":{"type":"Point","coordinates":[15.511252,48.833355]},"properties":{"w":0.4208}},{"type":"Feature","geometry":{"type":"Point","coordinates":[15.547247,48.83348]},"properties":{"w":0.5212}},{"type":"Feature","geometry":{"type":"Point","coordinates":[15.581623,48.829844]},"properties":{"w":0.5038}},{"type":"Feature","geometry":{"type":"Point","coordinates":[15.475631,48.829904]},"properties":{"w":0.3805}},{"type":"Feature","geometry":{"type":"Point","coordinates":[15.651885,48.834946]},"properties":{"w":0.7109}},{"type":"Feature","geometry":{"type":"Point","coordinates":[14.973029,48.836413]},"properties":{"w":0.4485}},{"type":"Feature","geometry":{"type":"Point","coordinates":[15.021464,48.838788]},"properties":{"w":0.5838}},{"type":"Feature","geometry":{"type":"Point","coordinates":[15.408182,48.843827]},"properties":{"w":0.6954}},{"type":"Feature","geometry":{"type":"Point","coordinates":[15.843352,48.820388]},"properties":{"w":0.5634}},{"type":"Feature","geometry":{"type":"Point","coordinates":[15.456069,48.823397]},"properties":{"w":0.4423}},{"type":"Feature","geometry":{"type":"Point","coordinates":[14.994237,48.827687]},"properties":{"w":0.4095}},{"type":"Feature","geometry":{"type":"Point","coordinates":[15.311869,48.824723]},"properties":{"w":0.3708}},{"type":"Feature","geometry":{"type":"Point","coordinates":[15.693694,48.818593]},"properties":{"w":0.5989}},{"type":"Feature","geometry":{"type":"Point","coordinates":[15.421369,48.815838]},"properties":{"w":0.3176}},{"type":"Feature","geometry":{"type":"Point","coordinates":[15.524977,48.813331]},"properties":{"w":0.4507}},{"type":"Feature","geometry":{"type":"Point","coordinates":[15.194435,48.824406]},"properties":{"w":0.5715}},{"type":"Feature","geometry":{"type":"Point","coordinates":[15.932837,48.807368]},"properties":{"w":0.4537}},{"type":"Feature","geometry":{"type":"Point","coordinates":[15.755908,48.824371]},"properties":{"w":0.7336}},{"type":"Feature","geometry":{"type":"Point","coordinates":[15.868611,48.810875]},"properties":{"w":0.6539}},{"type":"Feature","geometry":{"type":"Point","coordinates":[15.788288,48.823521]},"properties":{"w":0.78}},{"type":"Feature","geometry":{"type":"Point","coordinates":[15.550353,48.816591]},"properties":{"w":0.4951}},{"type":"Feature","geometry":{"type":"Point","coordinates":[15.470801,48.808274]},"properties":{"w":0.2885}},{"type":"Feature","geometry":{"type":"Point","coordinates":[15.039571,48.815908]},"properties":{"w":0.4339}},{"type":"Feature","geometry":{"type":"Point","coordinates":[14.962313,48.813643]},"properties":{"w":0.2719}},{"type":"Feature","geometry":{"type":"Point","coordinates":[15.819424,48.795833]},"properties":{"w":0.4232}},{"type":"Feature","geometry":{"type":"Point","coordinates":[15.077212,48.815557]},"properties":{"w":0.6559}},{"type":"Feature","geometry":{"type":"Point","coordinates":[16.656922,48.778073]},"properties":{"w":0.5497}},{"type":"Feature","geometry":{"type":"Point","coordinates":[15.366604,48.819136]},"properties":{"w":0.8107}},{"type":"Feature","geometry":{"type":"Point","coordinates":[15.711055,48.805195]},"properties":{"w":0.7333}},{"type":"Feature","geometry":{"type":"Point","coordinates":[15.772242,48.798608]},"properties":{"w":0.6156}},{"type":"Feature","geometry":{"type":"Point","coordinates":[15.647555,48.799675]},"properties":{"w":0.5619}},{"type":"Feature","geometry":{"type":"Point","coordinates":[15.197687,48.808628]},"properties":{"w":0.5565}},{"type":"Feature","geometry":{"type":"Point","coordinates":[15.160463,48.801151]},"properties":{"w":0.473}},{"type":"Feature","geometry":{"type":"Point","coordinates":[15.630796,48.798215]},"properties":{"w":0.6142}},{"type":"Feature","geometry":{"type":"Point","coordinates":[15.936111,48.791381]},"properties":{"w":0.7217}},{"type":"Feature","geometry":{"type":"Point","coordinates":[16.596457,48.77354]},"properties":{"w":0.6132}},{"type":"Feature","geometry":{"type":"Point","coordinates":[15.347014,48.797084]},"properties":{"w":0.501}},{"type":"Feature","geometry":{"type":"Point","coordinates":[16.572661,48.772273]},"properties":{"w":0.4014}},{"type":"Feature","geometry":{"type":"Point","coordinates":[15.678778,48.78596]},"properties":{"w":0.369}},{"type":"Feature","geometry":{"type":"Point","coordinates":[15.870017,48.791253]},"properties":{"w":0.6435}},{"type":"Feature","geometry":{"type":"Point","coordinates":[15.842875,48.785841]},"properties":{"w":0.6259}},{"type":"Feature","geometry":{"type":"Point","coordinates":[15.618579,48.787347]},"properties":{"w":0.4869}},{"type":"Feature","geometry":{"type":"Point","coordinates":[16.535844,48.786843]},"properties":{"w":0.8893}},{"type":"Feature","geometry":{"type":"Point","coordinates":[15.524355,48.796059]},"properties":{"w":0.6347}},{"type":"Feature","geometry":{"type":"Point","coordinates":[15.540792,48.782809]},"properties":{"w":0.3669}},{"type":"Feature","geometry":{"type":"Point","coordinates":[15.225721,48.80222]},"properties":{"w":0.7242}},{"type":"Feature","geometry":{"type":"Point","coordinates":[14.956862,48.790714]},"properties":{"w":0.2469}},{"type":"Feature","geometry":{"type":"Point","coordinates":[15.306491,48.784553]},"properties":{"w":0.4506}},{"type":"Feature","geometry":{"type":"Point","coordinates":[15.322449,48.784274]},"properties":{"w":0.4855}},{"type":"Feature","geometry":{"type":"Point","coordinates":[15.84543,48.774634]},"properties":{"w":0.5034}},{"type":"Feature","geometry":{"type":"Point","coordinates":[15.974885,48.77008]},"properties":{"w":0.457}},{"type":"Feature","geometry":{"type":"Point","coordinates":[15.144105,48.793285]},"properties":{"w":0.5543}},{"type":"Feature","geometry":{"type":"Point","coordinates":[15.003063,48.802757]},"properties":{"w":0.7184}},{"type":"Feature","geometry":{"type":"Point","coordinates":[15.737798,48.782762]},"properties":{"w":0.684}},{"type":"Feature","geometry":{"type":"Point","coordinates":[16.677918,48.756638]},"properties":{"w":0.4452}},{"type":"Feature","geometry":{"type":"Point","coordinates":[16.622058,48.765568]},"properties":{"w":0.7159}},{"type":"Feature","geometry":{"type":"Point","coordinates":[15.512633,48.780559]},"properties":{"w":0.6262}},{"type":"Feature","geometry":{"type":"Point","coordinates":[15.775875,48.783051]},"properties":{"w":0.6809}},{"type":"Feature","geometry":{"type":"Point","coordinates":[15.456719,48.78277]},"properties":{"w":0.728}},{"type":"Feature","geometry":{"type":"Point","coordinates":[15.697981,48.773979]},"properties":{"w":0.5643}},{"type":"Feature","geometry":{"type":"Point","coordinates":[15.636796,48.769343]},"properties":{"w":0.3742}},{"type":"Feature","geometry":{"type":"Point","coordinates":[15.413557,48.774335]},"properties":{"w":0.5033}},{"type":"Feature","geometry":{"type":"Point","coordinates":[15.839555,48.767292]},"properties":{"w":0.6003}},{"type":"Feature","geometry":{"type":"Point","coordinates":[15.887198,48.767499]},"properties":{"w":0.6454}},{"type":"Feature","geometry":{"type":"Point","coordinates":[15.173302,48.774555]},"properties":{"w":0.3902}},{"type":"Feature","geometry":{"type":"Point","coordinates":[15.816015,48.764311]},"properties":{"w":0.5358}},{"type":"Feature","geometry":{"type":"Point","coordinates":[15.591023,48.778158]},"properties":{"w":0.7389}},{"type":"Feature","geometry":{"type":"Point","coordinates":[14.866426,48.777728]},"properties":{"w":0.4108}},{"type":"Feature","geometry":{"type":"Point","coordinates":[15.631366,48.763807]},"properties":{"w":0.4336}},{"type":"Feature","geometry":{"type":"Point","coordinates":[15.792782,48.760252]},"properties":{"w":0.492}},{"type":"Feature","geometry":{"type":"Point","coordinates":[16.650129,48.738466]},"properties":{"w":0.3495}},{"type":"Feature","geometry":{"type":"Point","coordinates":[16.022136,48.754955]},"properties":{"w":0.43}},{"type":"Feature","geometry":{"type":"Point","coordinates":[15.159353,48.77059]},"properties":{"w":0.2823}},{"type":"Feature","geometry":{"type":"Point","coordinates":[15.73057,48.766896]},"properties":{"w":0.6186}},{"type":"Feature","geometry":{"type":"Point","coordinates":[15.137213,48.772202]},"properties":{"w":0.4701}},{"type":"Feature","geometry":{"type":"Point","coordinates":[14.83745,48.778719]},"properties":{"w":0.5384}},{"type":"Feature","geometry":{"type":"Point","coordinates":[16.704332,48.735146]},"properties":{"w":0.3952}},{"type":"Feature","geometry":{"type":"Point","coordinates":[15.530725,48.763154]},"properties":{"w":0.3648}},{"type":"Feature","geometry":{"type":"Point","coordinates":[15.681603,48.761726]},"properties":{"w":0.377}},{"type":"Feature","geometry":{"type":"Point","coordinates":[15.317978,48.764861]},"properties":{"w":0.3294}},{"type":"Feature","geometry":{"type":"Point","coordinates":[15.668347,48.763486]},"properties":{"w":0.52}},{"type":"Feature","geometry":{"type":"Point","coordinates":[16.457317,48.769646]},"properties":{"w":0.8754}},{"type":"Feature","geometry":{"type":"Point","coordinates":[15.59373,48.758929]},"properties":{"w":0.4807}},{"type":"Feature","geometry":{"type":"Point","coordinates":[16.59227,48.73405]},"properties":{"w":0.2997}},{"type":"Feature","geometry":{"type":"Point","coordinates":[15.478728,48.758813]},"properties":{"w":0.4401}},{"type":"Feature","geometry":{"type":"Point","coordinates":[16.040145,48.759008]},"properties":{"w":0.6504}},{"type":"Feature","geometry":{"type":"Point","coordinates":[15.526272,48.757491]},"properties":{"w":0.3427}},{"type":"Feature","geometry":{"type":"Point","coordinates":[15.547349,48.763138]},"properties":{"w":0.6148}},{"type":"Feature","geometry":{"type":"Point","coordinates":[15.3867,48.758331]},"properties":{"w":0.3268}},{"type":"Feature","geometry":{"type":"Point","coordinates":[15.868572,48.756198]},"properties":{"w":0.6241}},{"type":"Feature","geometry":{"type":"Point","coordinates":[15.651683,48.753245]},"properties":{"w":0.4312}},{"type":"Feature","geometry":{"type":"Point","coordinates":[16.075196,48.745798]},"properties":{"w":0.4982}},{"type":"Feature","geometry":{"type":"Point","coordinates":[15.914481,48.762541]},"properties":{"w":0.6344}},{"type":"Feature","geometry":{"type":"Point","coordinates":[15.106422,48.760697]},"properties":{"w":0.2836}},{"type":"Feature","geometry":{"type":"Point","coordinates":[16.053527,48.741193]},"properties":{"w":0.3281}},{"type":"Feature","geometry":{"type":"Point","coordinates":[15.717071,48.749272]},"properties":{"w":0.4103}},{"type":"Feature","geometry":{"type":"Point","coordinates":[15.12929,48.760807]},"properties":{"w":0.4786}},{"type":"Feature","geometry":{"type":"Point","coordinates":[15.64922,48.747891]},"properties":{"w":0.3226}},{"type":"Feature","geometry":{"type":"Point","coordinates":[15.236877,48.764954]},"properties":{"w":0.6726}},{"type":"Feature","geometry":{"type":"Point","coordinates":[15.497494,48.755931]},"properties":{"w":0.5658}},{"type":"Feature","geometry":{"type":"Point","coordinates":[15.425633,48.757438]},"properties":{"w":0.6081}},{"type":"Feature","geometry":{"type":"Point","coordinates":[14.918067,48.763334]},"properties":{"w":0.6283}},{"type":"Feature","geometry":{"type":"Point","coordinates":[16.13688,48.739437]},"properties":{"w":0.6245}},{"type":"Feature","geometry":{"type":"Point","coordinates":[15.784541,48.749148]},"properties":{"w":0.6536}},{"type":"Feature","geometry":{"type":"Point","coordinates":[16.182757,48.738838]},"properties":{"w":0.671}},{"type":"Feature","geometry":{"type":"Point","coordinates":[15.147303,48.750402]},"properties":{"w":0.2855}},{"type":"Feature","geometry":{"type":"Point","coordinates":[15.239415,48.750241]},"properties":{"w":0.3813}},{"type":"Feature","geometry":{"type":"Point","coordinates":[15.589373,48.748574]},"properties":{"w":0.6235}},{"type":"Feature","geometry":{"type":"Point","coordinates":[15.803531,48.740334]},"properties":{"w":0.4014}},{"type":"Feature","geometry":{"type":"Point","coordinates":[14.897563,48.75884]},"properties":{"w":0.5861}},{"type":"Feature","geometry":{"type":"Point","coordinates":[16.549808,48.7368]},"properties":{"w":0.816}},{"type":"Feature","geometry":{"type":"Point","coordinates":[15.096175,48.752314]},"properties":{"w":0.3633}},{"type":"Feature","geometry":{"type":"Point","coordinates":[16.45589,48.734548]},"properties":{"w":0.8294}},{"type":"Feature","geometry":{"type":"Point","coordinates":[15.34889,48.745525]},"properties":{"w":0.2452}},{"type":"Feature","geometry":{"type":"Point","coordinates":[16.668098,48.72736]},"properties":{"w":0.6681}},{"type":"Feature","geometry":{"type":"Point","coordinates":[15.289456,48.747716]},"properties":{"w":0.4988}},{"type":"Feature","geometry":{"type":"Point","coordinates":[15.07895,48.747315]},"properties":{"w":0.3075}},{"type":"Feature","geometry":{"type":"Point","coordinates":[15.364805,48.769438]},"properties":{"w":0.8004}},{"type":"Feature","geometry":{"type":"Point","coordinates":[15.648913,48.740059]},"properties":{"w":0.4561}},{"type":"Feature","geometry":{"type":"Point","coordinates":[15.846541,48.739892]},"properties":{"w":0.6951}},{"type":"Feature","geometry":{"type":"Point","coordinates":[16.088535,48.735206]},"properties":{"w":0.6733}},{"type":"Feature","geometry":{"type":"Point","coordinates":[16.298716,48.730727]},"properties":{"w":0.8385}},{"type":"Feature","geometry":{"type":"Point","coordinates":[15.906918,48.729262]},"properties":{"w":0.3234}},{"type":"Feature","geometry":{"type":"Point","coordinates":[15.918468,48.734674]},"properties":{"w":0.5214}},{"type":"Feature","geometry":{"type":"Point","coordinates":[15.372745,48.739499]},"properties":{"w":0.3526}},{"type":"Feature","geometry":{"type":"Point","coordinates":[16.851928,48.707663]},"properties":{"w":0.6478}},{"type":"Feature","geometry":{"type":"Point","coordinates":[15.094395,48.74498]},"properties":{"w":0.3592}},{"type":"Feature","geometry":{"type":"Point","coordinates":[16.635551,48.728409]},"properties":{"w":0.7137}},{"type":"Feature","geometry":{"type":"Point","coordinates":[16.213675,48.730961]},"properties":{"w":0.7158}},{"type":"Feature","geometry":{"type":"Point","coordinates":[15.542233,48.735248]},"properties":{"w":0.3194}},{"type":"Feature","geometry":{"type":"Point","coordinates":[16.752875,48.716699]},"properties":{"w":0.6959}},{"type":"Feature","geometry":{"type":"Point","coordinates":[16.68543,48.716123]},"properties":{"w":0.7093}},{"type":"Feature","geometry":{"type":"Point","coordinates":[16.799026,48.706839]},"properties":{"w":0.5492}},{"type":"Feature","geometry":{"type":"Point","coordinates":[16.055436,48.721654]},"properties":{"w":0.3294}},{"type":"Feature","geometry":{"type":"Point","coordinates":[15.228487,48.740648]},"properties":{"w":0.5101}},{"type":"Feature","geometry":{"type":"Point","coordinates":[15.737267,48.729189]},"properties":{"w":0.3221}},{"type":"Feature","geometry":{"type":"Point","coordinates":[16.071698,48.718914]},"properties":{"w":0.3264}},{"type":"Feature","geometry":{"type":"Point","coordinates":[15.839843,48.725622]},"properties":{"w":0.4083}},{"type":"Feature","geometry":{"type":"Point","coordinates":[15.827598,48.724995]},"properties":{"w":0.4025}},{"type":"Feature","geometry":{"type":"Point","coordinates":[16.339537,48.714156]},"properties":{"w":0.6332}},{"type":"Feature","geometry":{"type":"Point","coordinates":[15.981143,48.72389]},"properties":{"w":0.6435}},{"type":"Feature","geometry":{"type":"Point","coordinates":[15.509631,48.730574]},"properties":{"w":0.45}},{"type":"Feature","geometry":{"type":"Point","coordinates":[16.455308,48.712575]},"properties":{"w":0.6898}},{"type":"Feature","geometry":{"type":"Point","coordinates":[16.152424,48.723771]},"properties":{"w":0.6665}},{"type":"Feature","geometry":{"type":"Point","coordinates":[15.219794,48.730519]},"properties":{"w":0.3434}},{"type":"Feature","geometry":{"type":"Point","coordinates":[15.766109,48.729616]},"properties":{"w":0.6467}},{"type":"Feature","geometry":{"type":"Point","coordinates":[16.265845,48.711433]},"properties":{"w":0.6243}},{"type":"Feature","geometry":{"type":"Point","coordinates":[16.659338,48.69952]},"properties":{"w":0.4727}},{"type":"Feature","geometry":{"type":"Point","coordinates":[15.190285,48.732749]},"properties":{"w":0.4854}},{"type":"Feature","geometry":{"type":"Point","coordinates":[15.703803,48.73396]},"properties":{"w":0.7495}},{"type":"Feature","geometry":{"type":"Point","coordinates":[15.88497,48.721531]},"properties":{"w":0.6402}},{"type":"Feature","geometry":{"type":"Point","coordinates":[16.441792,48.702979]},"properties":{"w":0.3884}},{"type":"Feature","geometry":{"type":"Point","coordinates":[16.215831,48.713153]},"properties":{"w":0.6484}},{"type":"Feature","geometry":{"type":"Point","coordinates":[15.653738,48.724103]},"properties":{"w":0.5937}},{"type":"Feature","geometry":{"type":"Point","coordinates":[14.985605,48.738545]},"properties":{"w":0.6649}},{"type":"Feature","geometry":{"type":"Point","coordinates":[15.340881,48.726052]},"properties":{"w":0.455}},{"type":"Feature","geometry":{"type":"Point","coordinates":[15.186586,48.724262]},"properties":{"w":0.3491}},{"type":"Feature","geometry":{"type":"Point","coordinates":[15.803416,48.717003]},"properties":{"w":0.6522}},{"type":"Feature","geometry":{"type":"Point","coordinates":[15.949811,48.718788]},"properties":{"w":0.7059}},{"type":"Feature","geometry":{"type":"Point","coordinates":[14.939358,48.729621]},"properties":{"w":0.6096}},{"type":"Feature","geometry":{"type":"Point","coordinates":[16.860589,48.681719]},"properties":{"w":0.289}},{"type":"Feature","geometry":{"type":"Point","coordinates":[15.24102,48.719932]},"properties":{"w":0.375}},{"type":"Feature","geometry":{"type":"Point","coordinates":[15.306569,48.725196]},"properties":{"w":0.6513}},{"type":"Feature","geometry":{"type":"Point","coordinates":[16.661531,48.686321]},"properties":{"w":0.3844}},{"type":"Feature","geometry":{"type":"Point","coordinates":[15.132118,48.724986]},"properties":{"w":0.6949}},{"type":"Feature","geometry":{"type":"Point","coordinates":[16.503582,48.689707]},"properties":{"w":0.5172}},{"type":"Feature","geometry":{"type":"Point","coordinates":[16.477817,48.691096]},"properties":{"w":0.5586}},{"type":"Feature","geometry":{"type":"Point","coordinates":[15.80834,48.70526]},"properties":{"w":0.5073}},{"type":"Feature","geometry":{"type":"Point","coordinates":[15.055592,48.722813]},"properties":{"w":0.5937}},{"type":"Feature","geometry":{"type":"Point","coordinates":[15.418933,48.712181]},"properties":{"w":0.4685}},{"type":"Feature","geometry":{"type":"Point","coordinates":[15.449272,48.730502]},"properties":{"w":0.8565}},{"type":"Feature","geometry":{"type":"Point","coordinates":[15.635765,48.718226]},"properties":{"w":0.596}},{"type":"Feature","geometry":{"type":"Point","coordinates":[16.64697,48.687049]},"properties":{"w":0.6378}},{"type":"Feature","geometry":{"type":"Point","coordinates":[15.379714,48.715141]},"properties":{"w":0.4977}},{"type":"Feature","geometry":{"type":"Point","coordinates":[16.392933,48.694028]},"properties":{"w":0.7105}},{"type":"Feature","geometry":{"type":"Point","coordinates":[16.81901,48.686475]},"properties":{"w":0.7458}},{"type":"Feature","geometry":{"type":"Point","coordinates":[15.494623,48.707824]},"properties":{"w":0.4557}},{"type":"Feature","geometry":{"type":"Point","coordinates":[16.175931,48.691795]},"properties":{"w":0.6107}},{"type":"Feature","geometry":{"type":"Point","coordinates":[16.521859,48.691481]},"properties":{"w":0.7077}},{"type":"Feature","geometry":{"type":"Point","coordinates":[15.04624,48.711422]},"properties":{"w":0.4266}},{"type":"Feature","geometry":{"type":"Point","coordinates":[15.712376,48.701855]},"properties":{"w":0.467}},{"type":"Feature","geometry":{"type":"Point","coordinates":[16.594404,48.697087]},"properties":{"w":0.8742}},{"type":"Feature","geometry":{"type":"Point","coordinates":[16.128296,48.692857]},"properties":{"w":0.4878}},{"type":"Feature","geometry":{"type":"Point","coordinates":[15.601135,48.720204]},"properties":{"w":0.7316}},{"type":"Feature","geometry":{"type":"Point","coordinates":[14.817941,48.727458]},"properties":{"w":0.7209}},{"type":"Feature","geometry":{"type":"Point","coordinates":[15.699014,48.702572]},"properties":{"w":0.5876}},{"type":"Feature","geometry":{"type":"Point","coordinates":[15.766677,48.704137]},"properties":{"w":0.7229}},{"type":"Feature","geometry":{"type":"Point","coordinates":[15.862249,48.689664]},"properties":{"w":0.3645}},{"type":"Feature","geometry":{"type":"Point","coordinates":[16.434743,48.691711]},"properties":{"w":0.7963}},{"type":"Feature","geometry":{"type":"Point","coordinates":[15.285261,48.708247]},"properties":{"w":0.6254}},{"type":"Feature","geometry":{"type":"Point","coordinates":[16.517549,48.672101]},"properties":{"w":0.3463}},{"type":"Feature","geometry":{"type":"Point","coordinates":[15.799458,48.687574]},"properties":{"w":0.3572}},{"type":"Feature","geometry":{"type":"Point","coordinates":[15.375823,48.69508]},"properties":{"w":0.2925}},{"type":"Feature","geometry":{"type":"Point","coordinates":[16.56778,48.668473]},"properties":{"w":0.3924}},{"type":"Feature","geometry":{"type":"Point","coordinates":[15.971521,48.682738]},"properties":{"w":0.3075}},{"type":"Feature","geometry":{"type":"Point","coordinates":[16.366237,48.681913]},"properties":{"w":0.6309}},{"type":"Feature","geometry":{"type":"Point","coordinates":[15.432756,48.698807]},"properties":{"w":0.6725}},{"type":"Feature","geometry":{"type":"Point","coordinates":[15.055392,48.702061]},"properties":{"w":0.5065}},{"type":"Feature","geometry":{"type":"Point","coordinates":[16.659574,48.670686]},"properties":{"w":0.5713}},{"type":"Feature","geometry":{"type":"Point","coordinates":[15.538917,48.697142]},"properties":{"w":0.5933}},{"type":"Feature","geometry":{"type":"Point","coordinates":[14.955884,48.705989]},"properties":{"w":0.6164}},{"type":"Feature","geometry":{"type":"Point","coordinates":[15.826474,48.685442]},"properties":{"w":0.5509}},{"type":"Feature","geometry":{"type":"Point","coordinates":[15.48167,48.689495]},"properties":{"w":0.2914}},{"type":"Feature","geometry":{"type":"Point","coordinates":[15.133452,48.695486]},"properties":{"w":0.2829}},{"type":"Feature","geometry":{"type":"Point","coordinates":[15.29348,48.690188]},"properties":{"w":0.3105}},{"type":"Feature","geometry":{"type":"Point","coordinates":[16.420338,48.666894]},"properties":{"w":0.3203}},{"type":"Feature","geometry":{"type":"Point","coordinates":[15.253924,48.690452]},"properties":{"w":0.2908}},{"type":"Feature","geometry":{"type":"Point","coordinates":[15.849541,48.680518]},"properties":{"w":0.4126}},{"type":"Feature","geometry":{"type":"Point","coordinates":[15.575361,48.684901]},"properties":{"w":0.3171}},{"type":"Feature","geometry":{"type":"Point","coordinates":[15.781573,48.685492]},"properties":{"w":0.5684}},{"type":"Feature","geometry":{"type":"Point","coordinates":[15.58972,48.706949]},"properties":{"w":0.8014}},{"type":"Feature","geometry":{"type":"Point","coordinates":[15.094309,48.699983]},"properties":{"w":0.606}},{"type":"Feature","geometry":{"type":"Point","coordinates":[16.724933,48.682894]},"properties":{"w":0.925}},{"type":"Feature","geometry":{"type":"Point","coordinates":[15.279673,48.689868]},"properties":{"w":0.4263}},{"type":"Feature","geometry":{"type":"Point","coordinates":[15.989402,48.67887]},"properties":{"w":0.6279}},{"type":"Feature","geometry":{"type":"Point","coordinates":[15.167492,48.696974]},"properties":{"w":0.5091}},{"type":"Feature","geometry":{"type":"Point","coordinates":[15.674526,48.6953]},"properties":{"w":0.7076}},{"type":"Feature","geometry":{"type":"Point","coordinates":[15.731968,48.677126]},"properties":{"w":0.2878}},{"type":"Feature","geometry":{"type":"Point","coordinates":[16.215641,48.684374]},"properties":{"w":0.8126}},{"type":"Feature","geometry":{"type":"Point","coordinates":[15.238583,48.690364]},"properties":{"w":0.5726}},{"type":"Feature","geometry":{"type":"Point","coordinates":[16.319181,48.688223]},"properties":{"w":0.8612}},{"type":"Feature","geometry":{"type":"Point","coordinates":[15.481603,48.680311]},"properties":{"w":0.3699}},{"type":"Feature","geometry":{"type":"Point","coordinates":[15.158297,48.685506]},"properties":{"w":0.3484}},{"type":"Feature","geometry":{"type":"Point","coordinates":[15.538412,48.679632]},"properties":{"w":0.4112}},{"type":"Feature","geometry":{"type":"Point","coordinates":[15.942504,48.680059]},"properties":{"w":0.6371}},{"type":"Feature","geometry":{"type":"Point","coordinates":[16.268554,48.68198]},"properties":{"w":0.8095}},{"type":"Feature","geometry":{"type":"Point","coordinates":[15.038057,48.686122]},"properties":{"w":0.3767}},{"type":"Feature","geometry":{"type":"Point","coordinates":[16.814225,48.657092]},"properties":{"w":0.6112}},{"type":"Feature","geometry":{"type":"Point","coordinates":[16.773935,48.662678]},"properties":{"w":0.8171}},{"type":"Feature","geometry":{"type":"Point","coordinates":[16.043374,48.681686]},"properties":{"w":0.7197}},{"type":"Feature","geometry":{"type":"Point","coordinates":[14.992488,48.703886]},"properties":{"w":0.756}},{"type":"Feature","geometry":{"type":"Point","coordinates":[15.464981,48.676085]},"properties":{"w":0.2986}},{"type":"Feature","geometry":{"type":"Point","coordinates":[16.017945,48.67924]},"properties":{"w":0.685}},{"type":"Feature","geometry":{"type":"Point","coordinates":[16.010932,48.666365]},"properties":{"w":0.5668}},{"type":"Feature","geometry":{"type":"Point","coordinates":[15.79572,48.669981]},"properties":{"w":0.5408}},{"type":"Feature","geometry":{"type":"Point","coordinates":[16.279715,48.652491]},"properties":{"w":0.3216}},{"type":"Feature","geometry":{"type":"Point","coordinates":[14.935475,48.677913]},"properties":{"w":0.2829}},{"type":"Feature","geometry":{"type":"Point","coordinates":[16.146605,48.677307]},"properties":{"w":0.7505}},{"type":"Feature","geometry":{"type":"Point","coordinates":[15.581923,48.665462]},"properties":{"w":0.3065}},{"type":"Feature","geometry":{"type":"Point","coordinates":[15.203064,48.68714]},"properties":{"w":0.688}},{"type":"Feature","geometry":{"type":"Point","coordinates":[16.645922,48.638031]},"properties":{"w":0.2836}},{"type":"Feature","geometry":{"type":"Point","coordinates":[16.473383,48.648925]},"properties":{"w":0.5773}},{"type":"Feature","geometry":{"type":"Point","coordinates":[14.750275,48.696182]},"properties":{"w":0.723}},{"type":"Feature","geometry":{"type":"Point","coordinates":[15.46193,48.666374]},"properties":{"w":0.3739}},{"type":"Feature","geometry":{"type":"Point","coordinates":[15.717674,48.666924]},"properties":{"w":0.6841}},{"type":"Feature","geometry":{"type":"Point","coordinates":[15.690721,48.659416]},"properties":{"w":0.4543}},{"type":"Feature","geometry":{"type":"Point","coordinates":[14.946216,48.67232]},"properties":{"w":0.3478}},{"type":"Feature","geometry":{"type":"Point","coordinates":[16.430502,48.646631]},"properties":{"w":0.5509}},{"type":"Feature","geometry":{"type":"Point","coordinates":[14.808651,48.674362]},"properties":{"w":0.4401}},{"type":"Feature","geometry":{"type":"Point","coordinates":[14.796539,48.670744]},"properties":{"w":0.3987}},{"type":"Feature","geometry":{"type":"Point","coordinates":[16.215358,48.648346]},"properties":{"w":0.7077}},{"type":"Feature","geometry":{"type":"Point","coordinates":[15.843624,48.652072]},"properties":{"w":0.4672}},{"type":"Feature","geometry":{"type":"Point","coordinates":[15.779396,48.650294]},"properties":{"w":0.5164}},{"type":"Feature","geometry":{"type":"Point","coordinates":[16.092345,48.671403]},"properties":{"w":0.8954}},{"type":"Feature","geometry":{"type":"Point","coordinates":[16.258221,48.646321]},"properties":{"w":0.6821}},{"type":"Feature","geometry":{"type":"Point","coordinates":[16.170624,48.651613]},"properties":{"w":0.7809}},{"type":"Feature","geometry":{"type":"Point","coordinates":[15.492025,48.654458]},"properties":{"w":0.4455}},{"type":"Feature","geometry":{"type":"Point","coordinates":[15.999637,48.653702]},"properties":{"w":0.7656}},{"type":"Feature","geometry":{"type":"Point","coordinates":[15.465624,48.650928]},"properties":{"w":0.4816}},{"type":"Feature","geometry":{"type":"Point","coordinates":[15.518535,48.647621]},"properties":{"w":0.3642}},{"type":"Feature","geometry":{"type":"Point","coordinates":[14.994502,48.656733]},"properties":{"w":0.3614}},{"type":"Feature","geometry":{"type":"Point","coordinates":[16.364317,48.64246]},"properties":{"w":0.702}},{"type":"Feature","geometry":{"type":"Point","coordinates":[15.10854,48.656634]},"properties":{"w":0.4754}},{"type":"Feature","geometry":{"type":"Point","coordinates":[16.785302,48.629117]},"properties":{"w":0.7612}},{"type":"Feature","geometry":{"type":"Point","coordinates":[15.760382,48.64345]},"properties":{"w":0.6383}},{"type":"Feature","geometry":{"type":"Point","coordinates":[15.183252,48.653269]},"properties":{"w":0.4875}},{"type":"Feature","geometry":{"type":"Point","coordinates":[16.403289,48.637928]},"properties":{"w":0.7606}},{"type":"Feature","geometry":{"type":"Point","coordinates":[15.015235,48.653744]},"properties":{"w":0.5388}},{"type":"Feature","geometry":{"type":"Point","coordinates":[16.338938,48.63339]},"properties":{"w":0.6614}},{"type":"Feature","geometry":{"type":"Point","coordinates":[16.736713,48.617272]},"properties":{"w":0.5115}},{"type":"Feature","geometry":{"type":"Point","coordinates":[16.703631,48.618571]},"properties":{"w":0.62}},{"type":"Feature","geometry":{"type":"Point","coordinates":[16.872074,48.615443]},"properties":{"w":0.6313}},{"type":"Feature","geometry":{"type":"Point","coordinates":[16.548242,48.64123]},"properties":{"w":0.8264}},{"type":"Feature","geometry":{"type":"Point","coordinates":[16.130706,48.627747]},"properties":{"w":0.5624}},{"type":"Feature","geometry":{"type":"Point","coordinates":[16.023962,48.636015]},"properties":{"w":0.6551}},{"type":"Feature","geometry":{"type":"Point","coordinates":[14.961113,48.652681]},"properties":{"w":0.5069}},{"type":"Feature","geometry":{"type":"Point","coordinates":[15.955138,48.632824]},"properties":{"w":0.4501}},{"type":"Feature","geometry":{"type":"Point","coordinates":[16.689834,48.630141]},"properties":{"w":0.7076}},{"type":"Feature","geometry":{"type":"Point","coordinates":[15.828792,48.62917]},"properties":{"w":0.3302}},{"type":"Feature","geometry":{"type":"Point","coordinates":[15.475547,48.634402]},"properties":{"w":0.3075}},{"type":"Feature","geometry":{"type":"Point","coordinates":[16.665165,48.626187]},"properties":{"w":0.7356}},{"type":"Feature","geometry":{"type":"Point","coordinates":[16.756173,48.602336]},"properties":{"w":0.3529}},{"type":"Feature","geometry":{"type":"Point","coordinates":[15.803268,48.627889]},"properties":{"w":0.412}},{"type":"Feature","geometry":{"type":"Point","coordinates":[16.853748,48.605534]},"properties":{"w":0.6922}},{"type":"Feature","geometry":{"type":"Point","coordinates":[15.455235,48.633422]},"properties":{"w":0.4469}},{"type":"Feature","geometry":{"type":"Point","coordinates":[15.137805,48.665529]},"properties":{"w":0.7054}},{"type":"Feature","geometry":{"type":"Point","coordinates":[15.756087,48.630099]},"properties":{"w":0.6016}},{"type":"Feature","geometry":{"type":"Point","coordinates":[15.051802,48.642613]},"properties":{"w":0.5524}},{"type":"Feature","geometry":{"type":"Point","coordinates":[16.879566,48.594707]},"properties":{"w":0.523}},{"type":"Feature","geometry":{"type":"Point","coordinates":[16.451291,48.615031]},"properties":{"w":0.6304}},{"type":"Feature","geometry":{"type":"Point","coordinates":[15.97385,48.622494]},"properties":{"w":0.6433}},{"type":"Feature","geometry":{"type":"Point","coordinates":[16.491511,48.618662]},"properties":{"w":0.7755}},{"type":"Feature","geometry":{"type":"Point","coordinates":[16.252925,48.617324]},"properties":{"w":0.617}},{"type":"Feature","geometry":{"type":"Point","coordinates":[15.784073,48.619083]},"properties":{"w":0.5913}},{"type":"Feature","geometry":{"type":"Point","coordinates":[16.055708,48.613254]},"properties":{"w":0.472}},{"type":"Feature","geometry":{"type":"Point","coordinates":[16.119526,48.614471]},"properties":{"w":0.5242}},{"type":"Feature","geometry":{"type":"Point","coordinates":[15.733156,48.629598]},"properties":{"w":0.7018}},{"type":"Feature","geometry":{"type":"Point","coordinates":[16.170539,48.615848]},"properties":{"w":0.6348}},{"type":"Feature","geometry":{"type":"Point","coordinates":[15.168765,48.625404]},"properties":{"w":0.3397}},{"type":"Feature","geometry":{"type":"Point","coordinates":[14.962748,48.632209]},"properties":{"w":0.539}},{"type":"Feature","geometry":{"type":"Point","coordinates":[15.963342,48.606825]},"properties":{"w":0.3727}},{"type":"Feature","geometry":{"type":"Point","coordinates":[16.374689,48.604865]},"properties":{"w":0.6824}},{"type":"Feature","geometry":{"type":"Point","coordinates":[15.791833,48.610137]},"properties":{"w":0.3947}},{"type":"Feature","geometry":{"type":"Point","coordinates":[15.135851,48.624503]},"properties":{"w":0.4748}},{"type":"Feature","geometry":{"type":"Point","coordinates":[16.216166,48.608795]},"properties":{"w":0.6395}},{"type":"Feature","geometry":{"type":"Point","coordinates":[15.331127,48.615906]},"properties":{"w":0.4349}},{"type":"Feature","geometry":{"type":"Point","coordinates":[15.357859,48.613584]},"properties":{"w":0.2986}},{"type":"Feature","geometry":{"type":"Point","coordinates":[16.583015,48.625862]},"properties":{"w":0.8657}},{"type":"Feature","geometry":{"type":"Point","coordinates":[15.734255,48.609322]},"properties":{"w":0.3153}},{"type":"Feature","geometry":{"type":"Point","coordinates":[16.111868,48.602577]},"properties":{"w":0.5434}},{"type":"Feature","geometry":{"type":"Point","coordinates":[16.091936,48.599008]},"properties":{"w":0.3166}},{"type":"Feature","geometry":{"type":"Point","coordinates":[14.487919,48.630183]},"properties":{"w":0.4193}},{"type":"Feature","geometry":{"type":"Point","coordinates":[15.092484,48.632514]},"properties":{"w":0.6764}},{"type":"Feature","geometry":{"type":"Point","coordinates":[16.624354,48.614484]},"properties":{"w":0.7856}},{"type":"Feature","geometry":{"type":"Point","coordinates":[15.228215,48.618035]},"properties":{"w":0.6364}},{"type":"Feature","geometry":{"type":"Point","coordinates":[16.439739,48.597237]},"properties":{"w":0.5534}},{"type":"Feature","geometry":{"type":"Point","coordinates":[16.140775,48.601155]},"properties":{"w":0.5519}},{"type":"Feature","geometry":{"type":"Point","coordinates":[16.855821,48.584818]},"properties":{"w":0.72}},{"type":"Feature","geometry":{"type":"Point","coordinates":[16.781878,48.584575]},"properties":{"w":0.6858}},{"type":"Feature","geometry":{"type":"Point","coordinates":[16.740218,48.588088]},"properties":{"w":0.6838}},{"type":"Feature","geometry":{"type":"Point","coordinates":[16.880822,48.578196]},"properties":{"w":0.5185}},{"type":"Feature","geometry":{"type":"Point","coordinates":[15.096817,48.614236]},"properties":{"w":0.3474}},{"type":"Feature","geometry":{"type":"Point","coordinates":[15.274776,48.609847]},"properties":{"w":0.2566}},{"type":"Feature","geometry":{"type":"Point","coordinates":[16.129837,48.596273]},"properties":{"w":0.381}},{"type":"Feature","geometry":{"type":"Point","coordinates":[16.691082,48.58332]},"properties":{"w":0.7039}},{"type":"Feature","geometry":{"type":"Point","coordinates":[14.905259,48.6215]},"properties":{"w":0.5513}},{"type":"Feature","geometry":{"type":"Point","coordinates":[16.599963,48.580881]},"properties":{"w":0.5694}},{"type":"Feature","geometry":{"type":"Point","coordinates":[15.766373,48.59928]},"properties":{"w":0.462}},{"type":"Feature","geometry":{"type":"Point","coordinates":[16.082776,48.591383]},"properties":{"w":0.2954}},{"type":"Feature","geometry":{"type":"Point","coordinates":[14.94347,48.611068]},"properties":{"w":0.5018}},{"type":"Feature","geometry":{"type":"Point","coordinates":[15.725187,48.59758]},"properties":{"w":0.412}},{"type":"Feature","geometry":{"type":"Point","coordinates":[16.195323,48.593595]},"properties":{"w":0.7173}},{"type":"Feature","geometry":{"type":"Point","coordinates":[15.797294,48.596981]},"properties":{"w":0.3566}},{"type":"Feature","geometry":{"type":"Point","coordinates":[16.528439,48.5891]},"properties":{"w":0.7543}},{"type":"Feature","geometry":{"type":"Point","coordinates":[16.404855,48.5917]},"properties":{"w":0.6939}},{"type":"Feature","geometry":{"type":"Point","coordinates":[14.573393,48.607581]},"properties":{"w":0.3143}},{"type":"Feature","geometry":{"type":"Point","coordinates":[15.238073,48.602564]},"properties":{"w":0.5347}},{"type":"Feature","geometry":{"type":"Point","coordinates":[15.834143,48.599739]},"properties":{"w":0.618}},{"type":"Feature","geometry":{"type":"Point","coordinates":[15.295468,48.612027]},"properties":{"w":0.7673}},{"type":"Feature","geometry":{"type":"Point","coordinates":[16.721908,48.568683]},"properties":{"w":0.533}},{"type":"Feature","geometry":{"type":"Point","coordinates":[16.781029,48.568409]},"properties":{"w":0.5703}},{"type":"Feature","geometry":{"type":"Point","coordinates":[16.308521,48.599558]},"properties":{"w":0.9224}},{"type":"Feature","geometry":{"type":"Point","coordinates":[16.75045,48.567523]},"properties":{"w":0.6695}},{"type":"Feature","geometry":{"type":"Point","coordinates":[16.621546,48.565972]},"properties":{"w":0.4628}},{"type":"Feature","geometry":{"type":"Point","coordinates":[16.396879,48.569253]},"properties":{"w":0.2817}},{"type":"Feature","geometry":{"type":"Point","coordinates":[15.96556,48.58246]},"properties":{"w":0.5139}},{"type":"Feature","geometry":{"type":"Point","coordinates":[16.101048,48.57561]},"properties":{"w":0.2948}},{"type":"Feature","geometry":{"type":"Point","coordinates":[15.299108,48.592352]},"properties":{"w":0.4748}},{"type":"Feature","geometry":{"type":"Point","coordinates":[16.892616,48.558989]},"properties":{"w":0.4855}},{"type":"Feature","geometry":{"type":"Point","coordinates":[14.551018,48.600813]},"properties":{"w":0.3722}},{"type":"Feature","geometry":{"type":"Point","coordinates":[15.722608,48.583436]},"properties":{"w":0.3711}},{"type":"Feature","geometry":{"type":"Point","coordinates":[16.409115,48.566426]},"properties":{"w":0.3393}},{"type":"Feature","geometry":{"type":"Point","coordinates":[15.962478,48.576281]},"properties":{"w":0.2908}},{"type":"Feature","geometry":{"type":"Point","coordinates":[14.470166,48.59923]},"properties":{"w":0.4412}},{"type":"Feature","geometry":{"type":"Point","coordinates":[16.81486,48.56561]},"properties":{"w":0.7626}},{"type":"Feature","geometry":{"type":"Point","coordinates":[14.607952,48.601488]},"properties":{"w":0.5848}},{"type":"Feature","geometry":{"type":"Point","coordinates":[16.419337,48.562596]},"properties":{"w":0.394}},{"type":"Feature","geometry":{"type":"Point","coordinates":[16.884317,48.547752]},"properties":{"w":0.3234}},{"type":"Feature","geometry":{"type":"Point","coordinates":[15.033776,48.591666]},"properties":{"w":0.366}},{"type":"Feature","geometry":{"type":"Point","coordinates":[16.460605,48.562783]},"properties":{"w":0.5409}},{"type":"Feature","geometry":{"type":"Point","coordinates":[15.49862,48.57968]},"properties":{"w":0.3756}},{"type":"Feature","geometry":{"type":"Point","coordinates":[15.16265,48.585621]},"properties":{"w":0.3194}},{"type":"Feature","geometry":{"type":"Point","coordinates":[14.442327,48.597057]},"properties":{"w":0.5096}},{"type":"Feature","geometry":{"type":"Point","coordinates":[15.312281,48.580421]},"properties":{"w":0.2766}},{"type":"Feature","geometry":{"type":"Point","coordinates":[14.094926,48.594773]},"properties":{"w":0.3506}},{"type":"Feature","geometry":{"type":"Point","coordinates":[15.247379,48.586081]},"properties":{"w":0.523}},{"type":"Feature","geometry":{"type":"Point","coordinates":[15.285259,48.578719]},"properties":{"w":0.4023}},{"type":"Feature","geometry":{"type":"Point","coordinates":[14.51147,48.595589]},"properties":{"w":0.6792}},{"type":"Feature","geometry":{"type":"Point","coordinates":[15.752305,48.574007]},"properties":{"w":0.5321}},{"type":"Feature","geometry":{"type":"Point","coordinates":[14.13978,48.592684]},"properties":{"w":0.5675}},{"type":"Feature","geometry":{"type":"Point","coordinates":[15.111067,48.580064]},"properties":{"w":0.3852}},{"type":"Feature","geometry":{"type":"Point","coordinates":[16.62321,48.552547]},"properties":{"w":0.5858}},{"type":"Feature","geometry":{"type":"Point","coordinates":[15.8703,48.565623]},"properties":{"w":0.4596}},{"type":"Feature","geometry":{"type":"Point","coordinates":[15.801457,48.57239]},"properties":{"w":0.6339}},{"type":"Feature","geometry":{"type":"Point","coordinates":[16.016779,48.586877]},"properties":{"w":0.8686}},{"type":"Feature","geometry":{"type":"Point","coordinates":[14.392525,48.588642]},"properties":{"w":0.4901}},{"type":"Feature","geometry":{"type":"Point","coordinates":[16.367291,48.550591]},"properties":{"w":0.3242}},{"type":"Feature","geometry":{"type":"Point","coordinates":[16.728026,48.542834]},"properties":{"w":0.571}},{"type":"Feature","geometry":{"type":"Point","coordinates":[16.503028,48.560711]},"properties":{"w":0.7447}},{"type":"Feature","geometry":{"type":"Point","coordinates":[15.580578,48.565541]},"properties":{"w":0.3322}},{"type":"Feature","geometry":{"type":"Point","coordinates":[15.306324,48.572222]},"properties":{"w":0.479}},{"type":"Feature","geometry":{"type":"Point","coordinates":[15.220488,48.577803]},"properties":{"w":0.496}},{"type":"Feature","geometry":{"type":"Point","coordinates":[15.116049,48.573623]},"properties":{"w":0.4431}},{"type":"Feature","geometry":{"type":"Point","coordinates":[15.082564,48.57458]},"properties":{"w":0.3943}},{"type":"Feature","geometry":{"type":"Point","coordinates":[15.970233,48.560537]},"properties":{"w":0.6728}},{"type":"Feature","geometry":{"type":"Point","coordinates":[15.829331,48.558183]},"properties":{"w":0.3919}},{"type":"Feature","geometry":{"type":"Point","coordinates":[15.181923,48.575877]},"properties":{"w":0.6508}},{"type":"Feature","geometry":{"type":"Point","coordinates":[16.692237,48.553801]},"properties":{"w":0.7892}},{"type":"Feature","geometry":{"type":"Point","coordinates":[16.330787,48.560365]},"properties":{"w":0.7627}},{"type":"Feature","geometry":{"type":"Point","coordinates":[16.041809,48.551275]},"properties":{"w":0.4206}},{"type":"Feature","geometry":{"type":"Point","coordinates":[15.780563,48.563294]},"properties":{"w":0.4829}},{"type":"Feature","geometry":{"type":"Point","coordinates":[16.739824,48.531163]},"properties":{"w":0.4038}},{"type":"Feature","geometry":{"type":"Point","coordinates":[14.442077,48.57291]},"properties":{"w":0.3713}},{"type":"Feature","geometry":{"type":"Point","coordinates":[16.424813,48.545143]},"properties":{"w":0.6748}},{"type":"Feature","geometry":{"type":"Point","coordinates":[14.222542,48.580376]},"properties":{"w":0.5978}},{"type":"Feature","geometry":{"type":"Point","coordinates":[15.272448,48.560391]},"properties":{"w":0.3519}},{"type":"Feature","geometry":{"type":"Point","coordinates":[16.286109,48.559321]},"properties":{"w":0.8596}},{"type":"Feature","geometry":{"type":"Point","coordinates":[14.533697,48.570632]},"properties":{"w":0.4448}},{"type":"Feature","geometry":{"type":"Point","coordinates":[16.609689,48.537835]},"properties":{"w":0.6884}},{"type":"Feature","geometry":{"type":"Point","coordinates":[15.620101,48.55116]},"properties":{"w":0.3378}},{"type":"Feature","geometry":{"type":"Point","coordinates":[16.152989,48.557672]},"properties":{"w":0.8232}},{"type":"Feature","geometry":{"type":"Point","coordinates":[15.592969,48.550041]},"properties":{"w":0.318}},{"type":"Feature","geometry":{"type":"Point","coordinates":[14.46378,48.571262]},"properties":{"w":0.555}},{"type":"Feature","geometry":{"type":"Point","coordinates":[15.934334,48.542801]},"properties":{"w":0.3989}},{"type":"Feature","geometry":{"type":"Point","coordinates":[15.357186,48.558285]},"properties":{"w":0.5803}},{"type":"Feature","geometry":{"type":"Point","coordinates":[14.493811,48.570762]},"properties":{"w":0.6399}},{"type":"Feature","geometry":{"type":"Point","coordinates":[14.616899,48.563699]},"properties":{"w":0.4002}},{"type":"Feature","geometry":{"type":"Point","coordinates":[15.895992,48.54332]},"properties":{"w":0.362}},{"type":"Feature","geometry":{"type":"Point","coordinates":[14.426291,48.564428]},"properties":{"w":0.2805}},{"type":"Feature","geometry":{"type":"Point","coordinates":[15.216276,48.565262]},"properties":{"w":0.6888}},{"type":"Feature","geometry":{"type":"Point","coordinates":[15.622207,48.546024]},"properties":{"w":0.4243}},{"type":"Feature","geometry":{"type":"Point","coordinates":[15.317744,48.55068]},"properties":{"w":0.3013}},{"type":"Feature","geometry":{"type":"Point","coordinates":[14.671229,48.580602]},"properties":{"w":0.8117}},{"type":"Feature","geometry":{"type":"Point","coordinates":[15.301999,48.550952]},"properties":{"w":0.3251}},{"type":"Feature","geometry":{"type":"Point","coordinates":[15.889802,48.539033]},"properties":{"w":0.4312}},{"type":"Feature","geometry":{"type":"Point","coordinates":[15.868022,48.541337]},"properties":{"w":0.504}},{"type":"Feature","geometry":{"type":"Point","coordinates":[15.842806,48.539346]},"properties":{"w":0.3598}},{"type":"Feature","geometry":{"type":"Point","coordinates":[14.373249,48.563896]},"properties":{"w":0.4329}},{"type":"Feature","geometry":{"type":"Point","coordinates":[14.544123,48.557305]},"properties":{"w":0.3054}},{"type":"Feature","geometry":{"type":"Point","coordinates":[16.653294,48.534626]},"properties":{"w":0.8252}},{"type":"Feature","geometry":{"type":"Point","coordinates":[16.734184,48.516383]},"properties":{"w":0.6085}},{"type":"Feature","geometry":{"type":"Point","coordinates":[15.210999,48.547174]},"properties":{"w":0.5097}},{"type":"Feature","geometry":{"type":"Point","coordinates":[15.955395,48.537504]},"properties":{"w":0.6146}},{"type":"Feature","geometry":{"type":"Point","coordinates":[14.534227,48.557258]},"properties":{"w":0.3791}},{"type":"Feature","geometry":{"type":"Point","coordinates":[16.671297,48.518355]},"properties":{"w":0.5327}},{"type":"Feature","geometry":{"type":"Point","coordinates":[15.73566,48.546008]},"properties":{"w":0.8059}},{"type":"Feature","geometry":{"type":"Point","coordinates":[15.647899,48.53465]},"properties":{"w":0.3719}},{"type":"Feature","geometry":{"type":"Point","coordinates":[14.260786,48.570061]},"properties":{"w":0.6143}},{"type":"Feature","geometry":{"type":"Point","coordinates":[16.832098,48.526545]},"properties":{"w":0.9111}},{"type":"Feature","geometry":{"type":"Point","coordinates":[15.115042,48.548248]},"properties":{"w":0.5917}},{"type":"Feature","geometry":{"type":"Point","coordinates":[16.342989,48.518199]},"properties":{"w":0.366}},{"type":"Feature","geometry":{"type":"Point","coordinates":[14.285733,48.551599]},"properties":{"w":0.3614}},{"type":"Feature","geometry":{"type":"Point","coordinates":[16.320903,48.523152]},"properties":{"w":0.6064}},{"type":"Feature","geometry":{"type":"Point","coordinates":[16.239058,48.546362]},"properties":{"w":0.8201}},{"type":"Feature","geometry":{"type":"Point","coordinates":[16.523902,48.522703]},"properties":{"w":0.7528}},{"type":"Feature","geometry":{"type":"Point","coordinates":[16.567771,48.527401]},"properties":{"w":0.7916}},{"type":"Feature","geometry":{"type":"Point","coordinates":[16.499901,48.5152]},"properties":{"w":0.4484}},{"type":"Feature","geometry":{"type":"Point","coordinates":[15.142079,48.552473]},"properties":{"w":0.6581}},{"type":"Feature","geometry":{"type":"Point","coordinates":[15.906745,48.523067]},"properties":{"w":0.3869}},{"type":"Feature","geometry":{"type":"Point","coordinates":[15.298963,48.533636]},"properties":{"w":0.3143}},{"type":"Feature","geometry":{"type":"Point","coordinates":[16.537411,48.508154]},"properties":{"w":0.3608}},{"type":"Feature","geometry":{"type":"Point","coordinates":[15.62636,48.526405]},"properties":{"w":0.3119}},{"type":"Feature","geometry":{"type":"Point","coordinates":[15.263424,48.538476]},"properties":{"w":0.5395}},{"type":"Feature","geometry":{"type":"Point","coordinates":[14.769118,48.551394]},"properties":{"w":0.7203}},{"type":"Feature","geometry":{"type":"Point","coordinates":[16.205458,48.550381]},"properties":{"w":0.8308}},{"type":"Feature","geometry":{"type":"Point","coordinates":[16.396149,48.514149]},"properties":{"w":0.5241}},{"type":"Feature","geometry":{"type":"Point","coordinates":[16.184202,48.517033]},"properties":{"w":0.5951}},{"type":"Feature","geometry":{"type":"Point","coordinates":[16.352256,48.509999]},"properties":{"w":0.4252}},{"type":"Feature","geometry":{"type":"Point","coordinates":[15.213733,48.535665]},"properties":{"w":0.5462}},{"type":"Feature","geometry":{"type":"Point","coordinates":[16.699631,48.508234]},"properties":{"w":0.7106}},{"type":"Feature","geometry":{"type":"Point","coordinates":[15.823157,48.523725]},"properties":{"w":0.6878}},{"type":"Feature","geometry":{"type":"Point","coordinates":[15.377067,48.526943]},"properties":{"w":0.3404}},{"type":"Feature","geometry":{"type":"Point","coordinates":[15.76597,48.519797]},"properties":{"w":0.495}},{"type":"Feature","geometry":{"type":"Point","coordinates":[16.371875,48.505792]},"properties":{"w":0.4451}},{"type":"Feature","geometry":{"type":"Point","coordinates":[15.335479,48.534262]},"properties":{"w":0.6267}},{"type":"Feature","geometry":{"type":"Point","coordinates":[15.158315,48.524432]},"properties":{"w":0.3933}},{"type":"Feature","geometry":{"type":"Point","coordinates":[16.847027,48.494432]},"properties":{"w":0.6562}},{"type":"Feature","geometry":{"type":"Point","coordinates":[15.884751,48.517375]},"properties":{"w":0.594}},{"type":"Feature","geometry":{"type":"Point","coordinates":[14.555157,48.533202]},"properties":{"w":0.4068}},{"type":"Feature","geometry":{"type":"Point","coordinates":[16.766915,48.503]},"properties":{"w":0.7044}},{"type":"Feature","geometry":{"type":"Point","coordinates":[16.595077,48.514864]},"properties":{"w":0.6812}},{"type":"Feature","geometry":{"type":"Point","coordinates":[16.864705,48.484293]},"properties":{"w":0.451}},{"type":"Feature","geometry":{"type":"Point","coordinates":[14.594016,48.527861]},"properties":{"w":0.4243}},{"type":"Feature","geometry":{"type":"Point","coordinates":[16.122896,48.526337]},"properties":{"w":0.8639}},{"type":"Feature","geometry":{"type":"Point","coordinates":[16.159656,48.49866]},"properties":{"w":0.4897}},{"type":"Feature","geometry":{"type":"Point","coordinates":[15.295432,48.517701]},"properties":{"w":0.5871}},{"type":"Feature","geometry":{"type":"Point","coordinates":[16.457553,48.506239]},"properties":{"w":0.8552}},{"type":"Feature","geometry":{"type":"Point","coordinates":[14.765494,48.519719]},"properties":{"w":0.2976}},{"type":"Feature","geometry":{"type":"Point","coordinates":[15.385181,48.511589]},"properties":{"w":0.4786}},{"type":"Feature","geometry":{"type":"Point","coordinates":[16.635969,48.496514]},"properties":{"w":0.6897}},{"type":"Feature","geometry":{"type":"Point","coordinates":[15.401134,48.510064]},"properties":{"w":0.42}},{"type":"Feature","geometry":{"type":"Point","coordinates":[16.614099,48.486961]},"properties":{"w":0.6201}},{"type":"Feature","geometry":{"type":"Point","coordinates":[16.80459,48.489917]},"properties":{"w":0.8197}},{"type":"Feature","geometry":{"type":"Point","coordinates":[14.337761,48.5318]},"properties":{"w":0.6694}},{"type":"Feature","geometry":{"type":"Point","coordinates":[16.409655,48.487718]},"properties":{"w":0.4623}},{"type":"Feature","geometry":{"type":"Point","coordinates":[15.182913,48.519281]},"properties":{"w":0.6882}},{"type":"Feature","geometry":{"type":"Point","coordinates":[15.807175,48.507211]},"properties":{"w":0.5063}},{"type":"Feature","geometry":{"type":"Point","coordinates":[14.749331,48.517827]},"properties":{"w":0.3627}},{"type":"Feature","geometry":{"type":"Point","coordinates":[15.995119,48.529587]},"properties":{"w":0.7716}},{"type":"Feature","geometry":{"type":"Point","coordinates":[14.845659,48.515169]},"properties":{"w":0.3933}},{"type":"Feature","geometry":{"type":"Point","coordinates":[15.877693,48.501527]},"properties":{"w":0.7022}},{"type":"Feature","geometry":{"type":"Point","coordinates":[14.909074,48.512919]},"properties":{"w":0.3276}},{"type":"Feature","geometry":{"type":"Point","coordinates":[16.72967,48.484801]},"properties":{"w":0.7079}},{"type":"Feature","geometry":{"type":"Point","coordinates":[16.39778,48.48279]},"properties":{"w":0.3039}},{"type":"Feature","geometry":{"type":"Point","coordinates":[15.328553,48.509058]},"properties":{"w":0.533}},{"type":"Feature","geometry":{"type":"Point","coordinates":[15.443048,48.503988]},"properties":{"w":0.3358}},{"type":"Feature","geometry":{"type":"Point","coordinates":[13.824616,48.522747]},"properties":{"w":0.4823}},{"type":"Feature","geometry":{"type":"Point","coordinates":[16.213636,48.49064]},"properties":{"w":0.5605}},{"type":"Feature","geometry":{"type":"Point","coordinates":[15.140151,48.516566]},"properties":{"w":0.5905}},{"type":"Feature","geometry":{"type":"Point","coordinates":[15.650475,48.502978]},"properties":{"w":0.5029}},{"type":"Feature","geometry":{"type":"Point","coordinates":[15.367496,48.504705]},"properties":{"w":0.5101}},{"type":"Feature","geometry":{"type":"Point","coordinates":[16.66302,48.47615]},"properties":{"w":0.5501}},{"type":"Feature","geometry":{"type":"Point","coordinates":[14.994766,48.507641]},"properties":{"w":0.3834}},{"type":"Feature","geometry":{"type":"Point","coordinates":[16.535358,48.48388]},"properties":{"w":0.6568}},{"type":"Feature","geometry":{"type":"Point","coordinates":[16.064007,48.492453]},"properties":{"w":0.6429}},{"type":"Feature","geometry":{"type":"Point","coordinates":[16.023065,48.510551]},"properties":{"w":0.7568}},{"type":"Feature","geometry":{"type":"Point","coordinates":[14.857665,48.506457]},"properties":{"w":0.3029}},{"type":"Feature","geometry":{"type":"Point","coordinates":[16.158186,48.484384]},"properties":{"w":0.4439}},{"type":"Feature","geometry":{"type":"Point","coordinates":[15.782666,48.490047]},"properties":{"w":0.4636}},{"type":"Feature","geometry":{"type":"Point","coordinates":[15.320977,48.498272]},"properties":{"w":0.4027}},{"type":"Feature","geometry":{"type":"Point","coordinates":[15.642103,48.495707]},"properties":{"w":0.5217}},{"type":"Feature","geometry":{"type":"Point","coordinates":[15.932711,48.490983]},"properties":{"w":0.5226}},{"type":"Feature","geometry":{"type":"Point","coordinates":[15.720236,48.508879]},"properties":{"w":0.6713}},{"type":"Feature","geometry":{"type":"Point","coordinates":[16.358306,48.480882]},"properties":{"w":0.5842}},{"type":"Feature","geometry":{"type":"Point","coordinates":[16.315234,48.487848]},"properties":{"w":0.7499}},{"type":"Feature","geometry":{"type":"Point","coordinates":[16.610885,48.470796]},"properties":{"w":0.5621}},{"type":"Feature","geometry":{"type":"Point","coordinates":[14.693232,48.537143]},"properties":{"w":0.8074}},{"type":"Feature","geometry":{"type":"Point","coordinates":[16.026066,48.484081]},"properties":{"w":0.5528}},{"type":"Feature","geometry":{"type":"Point","coordinates":[14.257641,48.508728]},"properties":{"w":0.596}},{"type":"Feature","geometry":{"type":"Point","coordinates":[15.937921,48.481678]},"properties":{"w":0.4377}},{"type":"Feature","geometry":{"type":"Point","coordinates":[15.514402,48.490308]},"properties":{"w":0.3529}},{"type":"Feature","geometry":{"type":"Point","coordinates":[15.278557,48.501336]},"properties":{"w":0.6847}},{"type":"Feature","geometry":{"type":"Point","coordinates":[15.755883,48.482577]},"properties":{"w":0.2829}},{"type":"Feature","geometry":{"type":"Point","coordinates":[15.900488,48.485276]},"properties":{"w":0.5108}},{"type":"Feature","geometry":{"type":"Point","coordinates":[15.216408,48.491635]},"properties":{"w":0.3285}},{"type":"Feature","geometry":{"type":"Point","coordinates":[14.987989,48.498116]},"properties":{"w":0.4751}},{"type":"Feature","geometry":{"type":"Point","coordinates":[16.394263,48.468891]},"properties":{"w":0.4132}},{"type":"Feature","geometry":{"type":"Point","coordinates":[15.590794,48.492198]},"properties":{"w":0.6022}},{"type":"Feature","geometry":{"type":"Point","coordinates":[15.623654,48.485558]},"properties":{"w":0.5129}},{"type":"Feature","geometry":{"type":"Point","coordinates":[13.674471,48.504288]},"properties":{"w":0.4523}},{"type":"Feature","geometry":{"type":"Point","coordinates":[14.924985,48.493835]},"properties":{"w":0.3498}},{"type":"Feature","geometry":{"type":"Point","coordinates":[15.714273,48.480752]},"properties":{"w":0.2829}},{"type":"Feature","geometry":{"type":"Point","coordinates":[14.338805,48.506183]},"properties":{"w":0.62}},{"type":"Feature","geometry":{"type":"Point","coordinates":[16.224165,48.47501]},"properties":{"w":0.5299}},{"type":"Feature","geometry":{"type":"Point","coordinates":[14.745781,48.49656]},"properties":{"w":0.5155}},{"type":"Feature","geometry":{"type":"Point","coordinates":[15.292305,48.48591]},"properties":{"w":0.4346}},{"type":"Feature","geometry":{"type":"Point","coordinates":[15.566537,48.484836]},"properties":{"w":0.6309}},{"type":"Feature","geometry":{"type":"Point","coordinates":[15.453156,48.483647]},"properties":{"w":0.4776}},{"type":"Feature","geometry":{"type":"Point","coordinates":[16.794005,48.453321]},"properties":{"w":0.6233}},{"type":"Feature","geometry":{"type":"Point","coordinates":[16.272679,48.494205]},"properties":{"w":0.8269}},{"type":"Feature","geometry":{"type":"Point","coordinates":[14.758134,48.490758]},"properties":{"w":0.3678}},{"type":"Feature","geometry":{"type":"Point","coordinates":[16.50381,48.467179]},"properties":{"w":0.6397}},{"type":"Feature","geometry":{"type":"Point","coordinates":[15.248668,48.490376]},"properties":{"w":0.6428}},{"type":"Feature","geometry":{"type":"Point","coordinates":[14.686167,48.491069]},"properties":{"w":0.5065}},{"type":"Feature","geometry":{"type":"Point","coordinates":[16.770955,48.452564]},"properties":{"w":0.5253}},{"type":"Feature","geometry":{"type":"Point","coordinates":[15.197204,48.485721]},"properties":{"w":0.5509}},{"type":"Feature","geometry":{"type":"Point","coordinates":[14.670179,48.485441]},"properties":{"w":0.2867}},{"type":"Feature","geometry":{"type":"Point","coordinates":[14.377525,48.489551]},"properties":{"w":0.3608}},{"type":"Feature","geometry":{"type":"Point","coordinates":[16.185668,48.475184]},"properties":{"w":0.7158}},{"type":"Feature","geometry":{"type":"Point","coordinates":[16.470877,48.460709]},"properties":{"w":0.6952}},{"type":"Feature","geometry":{"type":"Point","coordinates":[15.535264,48.481972]},"properties":{"w":0.6611}},{"type":"Feature","geometry":{"type":"Point","coordinates":[16.231653,48.460374]},"properties":{"w":0.5189}},{"type":"Feature","geometry":{"type":"Point","coordinates":[15.837497,48.480123]},"properties":{"w":0.7612}},{"type":"Feature","geometry":{"type":"Point","coordinates":[16.385934,48.451847]},"properties":{"w":0.3408}},{"type":"Feature","geometry":{"type":"Point","coordinates":[16.564656,48.458383]},"properties":{"w":0.668}},{"type":"Feature","geometry":{"type":"Point","coordinates":[16.019035,48.468468]},"properties":{"w":0.6678}},{"type":"Feature","geometry":{"type":"Point","coordinates":[14.870106,48.488735]},"properties":{"w":0.6214}},{"type":"Feature","geometry":{"type":"Point","coordinates":[16.195215,48.456153]},"properties":{"w":0.4167}},{"type":"Feature","geometry":{"type":"Point","coordinates":[16.431612,48.455848]},"properties":{"w":0.6388}},{"type":"Feature","geometry":{"type":"Point","coordinates":[16.3342,48.463916]},"properties":{"w":0.7055}},{"type":"Feature","geometry":{"type":"Point","coordinates":[16.697073,48.456146]},"properties":{"w":0.8153}},{"type":"Feature","geometry":{"type":"Point","coordinates":[16.282468,48.447796]},"properties":{"w":0.306}},{"type":"Feature","geometry":{"type":"Point","coordinates":[15.400881,48.466847]},"properties":{"w":0.3094}},{"type":"Feature","geometry":{"type":"Point","coordinates":[15.918701,48.479336]},"properties":{"w":0.7316}},{"type":"Feature","geometry":{"type":"Point","coordinates":[15.253712,48.467873]},"properties":{"w":0.3171}},{"type":"Feature","geometry":{"type":"Point","coordinates":[14.958599,48.47201]},"properties":{"w":0.3549}},{"type":"Feature","geometry":{"type":"Point","coordinates":[16.826143,48.441533]},"properties":{"w":0.747}},{"type":"Feature","geometry":{"type":"Point","coordinates":[16.257368,48.450286]},"properties":{"w":0.6836}},{"type":"Feature","geometry":{"type":"Point","coordinates":[15.873475,48.461626]},"properties":{"w":0.6949}},{"type":"Feature","geometry":{"type":"Point","coordinates":[16.547444,48.451907]},"properties":{"w":0.6446}},{"type":"Feature","geometry":{"type":"Point","coordinates":[15.468347,48.46138]},"properties":{"w":0.5052}},{"type":"Feature","geometry":{"type":"Point","coordinates":[14.320616,48.474918]},"properties":{"w":0.3153}},{"type":"Feature","geometry":{"type":"Point","coordinates":[16.353286,48.446918]},"properties":{"w":0.7041}},{"type":"Feature","geometry":{"type":"Point","coordinates":[13.655819,48.478395]},"properties":{"w":0.449}},{"type":"Feature","geometry":{"type":"Point","coordinates":[15.777918,48.469536]},"properties":{"w":0.7951}},{"type":"Feature","geometry":{"type":"Point","coordinates":[16.322449,48.440512]},"properties":{"w":0.4202}},{"type":"Feature","geometry":{"type":"Point","coordinates":[15.629427,48.464868]},"properties":{"w":0.7022}},{"type":"Feature","geometry":{"type":"Point","coordinates":[15.830342,48.457544]},"properties":{"w":0.602}},{"type":"Feature","geometry":{"type":"Point","coordinates":[16.62775,48.437045]},"properties":{"w":0.6136}},{"type":"Feature","geometry":{"type":"Point","coordinates":[15.009616,48.470691]},"properties":{"w":0.5301}},{"type":"Feature","geometry":{"type":"Point","coordinates":[16.226232,48.444136]},"properties":{"w":0.5768}},{"type":"Feature","geometry":{"type":"Point","coordinates":[16.013891,48.451159]},"properties":{"w":0.5896}},{"type":"Feature","geometry":{"type":"Point","coordinates":[15.894867,48.453163]},"properties":{"w":0.479}},{"type":"Feature","geometry":{"type":"Point","coordinates":[16.197394,48.443828]},"properties":{"w":0.5696}},{"type":"Feature","geometry":{"type":"Point","coordinates":[16.129614,48.46208]},"properties":{"w":0.7577}},{"type":"Feature","geometry":{"type":"Point","coordinates":[15.296991,48.468442]},"properties":{"w":0.6513}},{"type":"Feature","geometry":{"type":"Point","coordinates":[16.289122,48.439997]},"properties":{"w":0.3034}},{"type":"Feature","geometry":{"type":"Point","coordinates":[15.4459,48.457429]},"properties":{"w":0.3947}},{"type":"Feature","geometry":{"type":"Point","coordinates":[16.300298,48.436616]},"properties":{"w":0.3216}},{"type":"Feature","geometry":{"type":"Point","coordinates":[15.384839,48.458775]},"properties":{"w":0.4398}},{"type":"Feature","geometry":{"type":"Point","coordinates":[16.250636,48.437809]},"properties":{"w":0.4594}},{"type":"Feature","geometry":{"type":"Point","coordinates":[15.848724,48.450398]},"properties":{"w":0.6105}},{"type":"Feature","geometry":{"type":"Point","coordinates":[16.503115,48.432167]},"properties":{"w":0.4622}},{"type":"Feature","geometry":{"type":"Point","coordinates":[15.693412,48.447871]},"properties":{"w":0.3157}},{"type":"Feature","geometry":{"type":"Point","coordinates":[16.352976,48.433274]},"properties":{"w":0.2811}},{"type":"Feature","geometry":{"type":"Point","coordinates":[15.50502,48.451281]},"properties":{"w":0.318}},{"type":"Feature","geometry":{"type":"Point","coordinates":[16.192204,48.434943]},"properties":{"w":0.4536}},{"type":"Feature","geometry":{"type":"Point","coordinates":[16.066879,48.457267]},"properties":{"w":0.6699}},{"type":"Feature","geometry":{"type":"Point","coordinates":[15.349632,48.450722]},"properties":{"w":0.3733}},{"type":"Feature","geometry":{"type":"Point","coordinates":[14.880565,48.461202]},"properties":{"w":0.6219}},{"type":"Feature","geometry":{"type":"Point","coordinates":[16.532728,48.429242]},"properties":{"w":0.6025}},{"type":"Feature","geometry":{"type":"Point","coordinates":[15.167823,48.460298]},"properties":{"w":0.7064}},{"type":"Feature","geometry":{"type":"Point","coordinates":[16.401057,48.424868]},"properties":{"w":0.4208}},{"type":"Feature","geometry":{"type":"Point","coordinates":[15.963393,48.445514]},"properties":{"w":0.6754}},{"type":"Feature","geometry":{"type":"Point","coordinates":[15.4498,48.448691]},"properties":{"w":0.5337}},{"type":"Feature","geometry":{"type":"Point","coordinates":[16.233595,48.431982]},"properties":{"w":0.5489}},{"type":"Feature","geometry":{"type":"Point","coordinates":[15.93309,48.445766]},"properties":{"w":0.699}},{"type":"Feature","geometry":{"type":"Point","coordinates":[16.6657,48.431782]},"properties":{"w":0.8393}},{"type":"Feature","geometry":{"type":"Point","coordinates":[14.872675,48.451009]},"properties":{"w":0.3994}},{"type":"Feature","geometry":{"type":"Point","coordinates":[15.65726,48.44847]},"properties":{"w":0.7458}},{"type":"Feature","geometry":{"type":"Point","coordinates":[15.331136,48.445848]},"properties":{"w":0.5894}},{"type":"Feature","geometry":{"type":"Point","coordinates":[15.952035,48.431659]},"properties":{"w":0.5177}},{"type":"Feature","geometry":{"type":"Point","coordinates":[15.801286,48.42982]},"properties":{"w":0.3894}},{"type":"Feature","geometry":{"type":"Point","coordinates":[16.331745,48.426397]},"properties":{"w":0.7451}},{"type":"Feature","geometry":{"type":"Point","coordinates":[15.217394,48.438659]},"properties":{"w":0.2903}},{"type":"Feature","geometry":{"type":"Point","coordinates":[15.487734,48.434127]},"properties":{"w":0.3894}},{"type":"Feature","geometry":{"type":"Point","coordinates":[16.662047,48.407035]},"properties":{"w":0.4735}},{"type":"Feature","geometry":{"type":"Point","coordinates":[16.37463,48.412467]},"properties":{"w":0.2779}},{"type":"Feature","geometry":{"type":"Point","coordinates":[16.020979,48.431655]},"properties":{"w":0.6472}},{"type":"Feature","geometry":{"type":"Point","coordinates":[15.719348,48.430355]},"properties":{"w":0.5158}},{"type":"Feature","geometry":{"type":"Point","coordinates":[16.532637,48.411928]},"properties":{"w":0.4404}},{"type":"Feature","geometry":{"type":"Point","coordinates":[16.361683,48.412727]},"properties":{"w":0.4512}},{"type":"Feature","geometry":{"type":"Point","coordinates":[15.546739,48.434016]},"properties":{"w":0.5818}},{"type":"Feature","geometry":{"type":"Point","coordinates":[15.764028,48.425154]},"properties":{"w":0.4002}},{"type":"Feature","geometry":{"type":"Point","coordinates":[16.81212,48.412435]},"properties":{"w":0.7258}},{"type":"Feature","geometry":{"type":"Point","coordinates":[16.267442,48.415568]},"properties":{"w":0.5499}},{"type":"Feature","geometry":{"type":"Point","coordinates":[15.999347,48.421411]},"properties":{"w":0.5954}},{"type":"Feature","geometry":{"type":"Point","coordinates":[16.102074,48.431333]},"properties":{"w":0.7981}},{"type":"Feature","geometry":{"type":"Point","coordinates":[16.188878,48.423191]},"properties":{"w":0.5591}},{"type":"Feature","geometry":{"type":"Point","coordinates":[16.734242,48.426045]},"properties":{"w":0.8808}},{"type":"Feature","geometry":{"type":"Point","coordinates":[15.885838,48.417394]},"properties":{"w":0.3389}},{"type":"Feature","geometry":{"type":"Point","coordinates":[15.720481,48.42031]},"properties":{"w":0.3373}},{"type":"Feature","geometry":{"type":"Point","coordinates":[16.045707,48.424766]},"properties":{"w":0.7279}},{"type":"Feature","geometry":{"type":"Point","coordinates":[16.388969,48.414074]},"properties":{"w":0.5818}},{"type":"Feature","geometry":{"type":"Point","coordinates":[16.21404,48.415759]},"properties":{"w":0.6476}},{"type":"Feature","geometry":{"type":"Point","coordinates":[15.23815,48.44126]},"properties":{"w":0.6912}},{"type":"Feature","geometry":{"type":"Point","coordinates":[15.832135,48.418963]},"properties":{"w":0.5983}},{"type":"Feature","geometry":{"type":"Point","coordinates":[13.730063,48.442084]},"properties":{"w":0.4428}},{"type":"Feature","geometry":{"type":"Point","coordinates":[16.133935,48.415214]},"properties":{"w":0.6461}},{"type":"Feature","geometry":{"type":"Point","coordinates":[15.797447,48.420753]},"properties":{"w":0.6301}},{"type":"Feature","geometry":{"type":"Point","coordinates":[15.865003,48.417025]},"properties":{"w":0.5875}},{"type":"Feature","geometry":{"type":"Point","coordinates":[16.460762,48.40576]},"properties":{"w":0.5983}},{"type":"Feature","geometry":{"type":"Point","coordinates":[16.441697,48.421657]},"properties":{"w":0.7048}},{"type":"Feature","geometry":{"type":"Point","coordinates":[15.992225,48.411734]},"properties":{"w":0.4364}},{"type":"Feature","geometry":{"type":"Point","coordinates":[16.760709,48.404923]},"properties":{"w":0.6375}},{"type":"Feature","geometry":{"type":"Point","coordinates":[16.17796,48.40369]},"properties":{"w":0.3008}},{"type":"Feature","geometry":{"type":"Point","coordinates":[16.241255,48.402989]},"properties":{"w":0.3566}},{"type":"Feature","geometry":{"type":"Point","coordinates":[16.118036,48.403789]},"properties":{"w":0.4066}},{"type":"Feature","geometry":{"type":"Point","coordinates":[15.466989,48.424794]},"properties":{"w":0.565}},{"type":"Feature","geometry":{"type":"Point","coordinates":[16.779442,48.404625]},"properties":{"w":0.7238}},{"type":"Feature","geometry":{"type":"Point","coordinates":[16.800682,48.381703]},"properties":{"w":0.4444}},{"type":"Feature","geometry":{"type":"Point","coordinates":[16.681326,48.386715]},"properties":{"w":0.5321}},{"type":"Feature","geometry":{"type":"Point","coordinates":[16.351339,48.397658]},"properties":{"w":0.5077}},{"type":"Feature","geometry":{"type":"Point","coordinates":[16.072708,48.414285]},"properties":{"w":0.5696}},{"type":"Feature","geometry":{"type":"Point","coordinates":[16.64006,48.389224]},"properties":{"w":0.5245}},{"type":"Feature","geometry":{"type":"Point","coordinates":[14.331666,48.428976]},"properties":{"w":0.4404}},{"type":"Feature","geometry":{"type":"Point","coordinates":[16.709002,48.384915]},"properties":{"w":0.5002}},{"type":"Feature","geometry":{"type":"Point","coordinates":[16.69705,48.383638]},"properties":{"w":0.3657}},{"type":"Feature","geometry":{"type":"Point","coordinates":[15.918245,48.409171]},"properties":{"w":0.6642}},{"type":"Feature","geometry":{"type":"Point","coordinates":[16.25319,48.393346]},"properties":{"w":0.2997}},{"type":"Feature","geometry":{"type":"Point","coordinates":[15.415698,48.415737]},"properties":{"w":0.6549}},{"type":"Feature","geometry":{"type":"Point","coordinates":[16.333179,48.402549]},"properties":{"w":0.7113}},{"type":"Feature","geometry":{"type":"Point","coordinates":[16.263198,48.392295]},"properties":{"w":0.4181}},{"type":"Feature","geometry":{"type":"Point","coordinates":[15.947053,48.402126]},"properties":{"w":0.5583}},{"type":"Feature","geometry":{"type":"Point","coordinates":[15.86825,48.400922]},"properties":{"w":0.4603}},{"type":"Feature","geometry":{"type":"Point","coordinates":[16.405499,48.385267]},"properties":{"w":0.3598}},{"type":"Feature","geometry":{"type":"Point","coordinates":[16.800144,48.374384]},"properties":{"w":0.3894}},{"type":"Feature","geometry":{"type":"Point","coordinates":[16.657129,48.37961]},"properties":{"w":0.4491}},{"type":"Feature","geometry":{"type":"Point","coordinates":[16.710845,48.37574]},"properties":{"w":0.4103}},{"type":"Feature","geometry":{"type":"Point","coordinates":[15.882072,48.396663]},"properties":{"w":0.3488}},{"type":"Feature","geometry":{"type":"Point","coordinates":[16.667564,48.376691]},"properties":{"w":0.4721}},{"type":"Feature","geometry":{"type":"Point","coordinates":[16.015936,48.392195]},"properties":{"w":0.5437}},{"type":"Feature","geometry":{"type":"Point","coordinates":[16.456708,48.380783]},"properties":{"w":0.5098}},{"type":"Feature","geometry":{"type":"Point","coordinates":[15.774958,48.392205]},"properties":{"w":0.2798}},{"type":"Feature","geometry":{"type":"Point","coordinates":[15.838061,48.394822]},"properties":{"w":0.5945}},{"type":"Feature","geometry":{"type":"Point","coordinates":[15.165062,48.420129]},"properties":{"w":0.7124}},{"type":"Feature","geometry":{"type":"Point","coordinates":[15.106748,48.408834]},"properties":{"w":0.6626}},{"type":"Feature","geometry":{"type":"Point","coordinates":[15.956139,48.389451]},"properties":{"w":0.4653}},{"type":"Feature","geometry":{"type":"Point","coordinates":[16.069105,48.386418]},"properties":{"w":0.4007}},{"type":"Feature","geometry":{"type":"Point","coordinates":[16.744139,48.36742]},"properties":{"w":0.4156}},{"type":"Feature","geometry":{"type":"Point","coordinates":[16.483248,48.373044]},"properties":{"w":0.3358}},{"type":"Feature","geometry":{"type":"Point","coordinates":[16.582021,48.405017]},"properties":{"w":0.9591}},{"type":"Feature","geometry":{"type":"Point","coordinates":[16.077127,48.382434]},"properties":{"w":0.4442}},{"type":"Feature","geometry":{"type":"Point","coordinates":[14.957673,48.406958]},"properties":{"w":0.5101}},{"type":"Feature","geometry":{"type":"Point","coordinates":[16.723449,48.370056]},"properties":{"w":0.5167}},{"type":"Feature","geometry":{"type":"Point","coordinates":[16.730958,48.365211]},"properties":{"w":0.4114}},{"type":"Feature","geometry":{"type":"Point","coordinates":[16.097098,48.381359]},"properties":{"w":0.306}},{"type":"Feature","geometry":{"type":"Point","coordinates":[16.088424,48.37995]},"properties":{"w":0.3672}},{"type":"Feature","geometry":{"type":"Point","coordinates":[15.969253,48.384027]},"properties":{"w":0.5291}},{"type":"Feature","geometry":{"type":"Point","coordinates":[16.667086,48.364678]},"properties":{"w":0.5163}},{"type":"Feature","geometry":{"type":"Point","coordinates":[16.770066,48.372273]},"properties":{"w":0.6986}},{"type":"Feature","geometry":{"type":"Point","coordinates":[14.922219,48.416533]},"properties":{"w":0.8183}},{"type":"Feature","geometry":{"type":"Point","coordinates":[15.883083,48.382413]},"properties":{"w":0.394}},{"type":"Feature","geometry":{"type":"Point","coordinates":[15.343767,48.391146]},"properties":{"w":0.3139}},{"type":"Feature","geometry":{"type":"Point","coordinates":[16.40754,48.372772]},"properties":{"w":0.5378}},{"type":"Feature","geometry":{"type":"Point","coordinates":[13.458019,48.407419]},"properties":{"w":0.3546}},{"type":"Feature","geometry":{"type":"Point","coordinates":[15.938506,48.378858]},"properties":{"w":0.4215}},{"type":"Feature","geometry":{"type":"Point","coordinates":[16.046226,48.383068]},"properties":{"w":0.6926}},{"type":"Feature","geometry":{"type":"Point","coordinates":[15.999835,48.381344]},"properties":{"w":0.6854}},{"type":"Feature","geometry":{"type":"Point","coordinates":[16.693633,48.353299]},"properties":{"w":0.4365}},{"type":"Feature","geometry":{"type":"Point","coordinates":[16.118736,48.36731]},"properties":{"w":0.3327}},{"type":"Feature","geometry":{"type":"Point","coordinates":[16.65563,48.355996]},"properties":{"w":0.6777}},{"type":"Feature","geometry":{"type":"Point","coordinates":[15.009304,48.411603]},"properties":{"w":0.8234}},{"type":"Feature","geometry":{"type":"Point","coordinates":[16.526439,48.354698]},"properties":{"w":0.323}},{"type":"Feature","geometry":{"type":"Point","coordinates":[16.814133,48.357585]},"properties":{"w":0.7403}},{"type":"Feature","geometry":{"type":"Point","coordinates":[15.371972,48.381831]},"properties":{"w":0.3919}},{"type":"Feature","geometry":{"type":"Point","coordinates":[15.977395,48.369974]},"properties":{"w":0.6722}},{"type":"Feature","geometry":{"type":"Point","coordinates":[15.565641,48.369952]},"properties":{"w":0.3268}},{"type":"Feature","geometry":{"type":"Point","coordinates":[13.942651,48.390415]},"properties":{"w":0.3854}},{"type":"Feature","geometry":{"type":"Point","coordinates":[15.690284,48.367528]},"properties":{"w":0.469}},{"type":"Feature","geometry":{"type":"Point","coordinates":[16.500297,48.350273]},"properties":{"w":0.5201}},{"type":"Feature","geometry":{"type":"Point","coordinates":[16.514722,48.347661]},"properties":{"w":0.3966}},{"type":"Feature","geometry":{"type":"Point","coordinates":[15.836142,48.359199]},"properties":{"w":0.3133}},{"type":"Feature","geometry":{"type":"Point","coordinates":[16.688864,48.343627]},"properties":{"w":0.5973}},{"type":"Feature","geometry":{"type":"Point","coordinates":[15.795449,48.361321]},"properties":{"w":0.5122}},{"type":"Feature","geometry":{"type":"Point","coordinates":[15.860268,48.352631]},"properties":{"w":0.3049}},{"type":"Feature","geometry":{"type":"Point","coordinates":[15.077019,48.38932]},"properties":{"w":0.8349}},{"type":"Feature","geometry":{"type":"Point","coordinates":[16.52163,48.337941]},"properties":{"w":0.404}},{"type":"Feature","geometry":{"type":"Point","coordinates":[16.515077,48.334558]},"properties":{"w":0.3586}},{"type":"Feature","geometry":{"type":"Point","coordinates":[16.709703,48.323984]},"properties":{"w":0.3397}},{"type":"Feature","geometry":{"type":"Point","coordinates":[16.431535,48.337882]},"properties":{"w":0.5019}},{"type":"Feature","geometry":{"type":"Point","coordinates":[16.623706,48.339149]},"properties":{"w":0.7884}},{"type":"Feature","geometry":{"type":"Point","coordinates":[16.70031,48.326078]},"properties":{"w":0.3877}},{"type":"Feature","geometry":{"type":"Point","coordinates":[16.806738,48.324295]},"properties":{"w":0.5271}},{"type":"Feature","geometry":{"type":"Point","coordinates":[15.487581,48.360997]},"properties":{"w":0.7158}},{"type":"Feature","geometry":{"type":"Point","coordinates":[16.828386,48.326235]},"properties":{"w":0.6904}},{"type":"Feature","geometry":{"type":"Point","coordinates":[15.668734,48.348708]},"properties":{"w":0.4514}},{"type":"Feature","geometry":{"type":"Point","coordinates":[15.962153,48.336192]},"properties":{"w":0.2798}},{"type":"Feature","geometry":{"type":"Point","coordinates":[15.884791,48.339432]},"properties":{"w":0.4494}},{"type":"Feature","geometry":{"type":"Point","coordinates":[15.872588,48.333443]},"properties":{"w":0.4261}},{"type":"Feature","geometry":{"type":"Point","coordinates":[15.12493,48.350837]},"properties":{"w":0.4678}},{"type":"Feature","geometry":{"type":"Point","coordinates":[13.719728,48.357091]},"properties":{"w":0.3815}},{"type":"Feature","geometry":{"type":"Point","coordinates":[15.665952,48.33307]},"properties":{"w":0.4461}},{"type":"Feature","geometry":{"type":"Point","coordinates":[16.557384,48.332489]},"properties":{"w":0.8104}},{"type":"Feature","geometry":{"type":"Point","coordinates":[15.452677,48.339034]},"properties":{"w":0.5862}},{"type":"Feature","geometry":{"type":"Point","coordinates":[16.158769,48.317607]},"properties":{"w":0.3039}},{"type":"Feature","geometry":{"type":"Point","coordinates":[13.712083,48.349775]},"properties":{"w":0.3498}},{"type":"Feature","geometry":{"type":"Point","coordinates":[16.103473,48.317508]},"properties":{"w":0.3002}},{"type":"Feature","geometry":{"type":"Point","coordinates":[15.920792,48.321445]},"properties":{"w":0.3509}},{"type":"Feature","geometry":{"type":"Point","coordinates":[16.461217,48.314085]},"properties":{"w":0.6517}},{"type":"Feature","geometry":{"type":"Point","coordinates":[15.555289,48.340187]},"properties":{"w":0.8087}},{"type":"Feature","geometry":{"type":"Point","coordinates":[16.645198,48.30146]},"properties":{"w":0.2997}},{"type":"Feature","geometry":{"type":"Point","coordinates":[16.767539,48.316577]},"properties":{"w":0.8558}},{"type":"Feature","geometry":{"type":"Point","coordinates":[16.529287,48.309295]},"properties":{"w":0.5899}},{"type":"Feature","geometry":{"type":"Point","coordinates":[15.698626,48.316866]},"properties":{"w":0.3633}},{"type":"Feature","geometry":{"type":"Point","coordinates":[16.503569,48.299632]},"properties":{"w":0.4334}},{"type":"Feature","geometry":{"type":"Point","coordinates":[15.85467,48.313245]},"properties":{"w":0.3143}},{"type":"Feature","geometry":{"type":"Point","coordinates":[16.027939,48.310407]},"properties":{"w":0.3731}},{"type":"Feature","geometry":{"type":"Point","coordinates":[15.930735,48.31708]},"properties":{"w":0.5947}},{"type":"Feature","geometry":{"type":"Point","coordinates":[15.831632,48.310165]},"properties":{"w":0.3109}},{"type":"Feature","geometry":{"type":"Point","coordinates":[15.329512,48.325594]},"properties":{"w":0.6582}},{"type":"Feature","geometry":{"type":"Point","coordinates":[15.252371,48.324238]},"properties":{"w":0.4929}},{"type":"Feature","geometry":{"type":"Point","coordinates":[16.593892,48.29397]},"properties":{"w":0.6161}},{"type":"Feature","geometry":{"type":"Point","coordinates":[16.846419,48.286115]},"properties":{"w":0.5506}},{"type":"Feature","geometry":{"type":"Point","coordinates":[16.095196,48.298007]},"properties":{"w":0.4954}},{"type":"Feature","geometry":{"type":"Point","coordinates":[15.968852,48.307872]},"properties":{"w":0.7228}},{"type":"Feature","geometry":{"type":"Point","coordinates":[16.651718,48.287175]},"properties":{"w":0.4497}},{"type":"Feature","geometry":{"type":"Point","coordinates":[15.542673,48.319777]},"properties":{"w":0.6908}},{"type":"Feature","geometry":{"type":"Point","coordinates":[16.037101,48.303101]},"properties":{"w":0.6208}},{"type":"Feature","geometry":{"type":"Point","coordinates":[16.571693,48.283717]},"properties":{"w":0.3678}},{"type":"Feature","geometry":{"type":"Point","coordinates":[15.320072,48.317048]},"properties":{"w":0.369}},{"type":"Feature","geometry":{"type":"Point","coordinates":[16.524688,48.290688]},"properties":{"w":0.4607}},{"type":"Feature","geometry":{"type":"Point","coordinates":[15.659347,48.305147]},"properties":{"w":0.3512}},{"type":"Feature","geometry":{"type":"Point","coordinates":[14.976316,48.315624]},"properties":{"w":0.3034}},{"type":"Feature","geometry":{"type":"Point","coordinates":[15.764059,48.320616]},"properties":{"w":0.7814}},{"type":"Feature","geometry":{"type":"Point","coordinates":[16.076851,48.294937]},"properties":{"w":0.3699}},{"type":"Feature","geometry":{"type":"Point","coordinates":[16.822274,48.274975]},"properties":{"w":0.4816}},{"type":"Feature","geometry":{"type":"Point","coordinates":[14.087132,48.319013]},"properties":{"w":0.2872}},{"type":"Feature","geometry":{"type":"Point","coordinates":[15.795917,48.298899]},"properties":{"w":0.453}},{"type":"Feature","geometry":{"type":"Point","coordinates":[15.868019,48.294945]},"properties":{"w":0.5069}},{"type":"Feature","geometry":{"type":"Point","coordinates":[16.731667,48.278474]},"properties":{"w":0.6271}},{"type":"Feature","geometry":{"type":"Point","coordinates":[15.224165,48.30654]},"properties":{"w":0.3445}},{"type":"Feature","geometry":{"type":"Point","coordinates":[15.011166,48.309208]},"properties":{"w":0.3854}},{"type":"Feature","geometry":{"type":"Point","coordinates":[15.034792,48.353944]},"properties":{"w":0.9433}},{"type":"Feature","geometry":{"type":"Point","coordinates":[14.07214,48.314409]},"properties":{"w":0.3831}},{"type":"Feature","geometry":{"type":"Point","coordinates":[16.561807,48.27515]},"properties":{"w":0.4315}},{"type":"Feature","geometry":{"type":"Point","coordinates":[14.122211,48.313777]},"properties":{"w":0.484}},{"type":"Feature","geometry":{"type":"Point","coordinates":[14.144138,48.312289]},"properties":{"w":0.4179}},{"type":"Feature","geometry":{"type":"Point","coordinates":[16.882029,48.262292]},"properties":{"w":0.4588}},{"type":"Feature","geometry":{"type":"Point","coordinates":[16.679233,48.280561]},"properties":{"w":0.789}},{"type":"Feature","geometry":{"type":"Point","coordinates":[14.088083,48.311984]},"properties":{"w":0.4598}},{"type":"Feature","geometry":{"type":"Point","coordinates":[16.776148,48.2673]},"properties":{"w":0.6663}},{"type":"Feature","geometry":{"type":"Point","coordinates":[15.493165,48.291308]},"properties":{"w":0.3212}},{"type":"Feature","geometry":{"type":"Point","coordinates":[15.223407,48.297035]},"properties":{"w":0.3318}},{"type":"Feature","geometry":{"type":"Point","coordinates":[16.863913,48.261973]},"properties":{"w":0.5349}},{"type":"Feature","geometry":{"type":"Point","coordinates":[14.070505,48.312162]},"properties":{"w":0.5248}},{"type":"Feature","geometry":{"type":"Point","coordinates":[15.816097,48.284611]},"properties":{"w":0.4937}},{"type":"Feature","geometry":{"type":"Point","coordinates":[16.83877,48.259003]},"properties":{"w":0.6235}},{"type":"Feature","geometry":{"type":"Point","coordinates":[15.218222,48.293489]},"properties":{"w":0.2855}},{"type":"Feature","geometry":{"type":"Point","coordinates":[16.533607,48.271628]},"properties":{"w":0.6533}},{"type":"Feature","geometry":{"type":"Point","coordinates":[16.301266,48.271119]},"properties":{"w":0.3894}},{"type":"Feature","geometry":{"type":"Point","coordinates":[15.961602,48.278339]},"properties":{"w":0.3807}},{"type":"Feature","geometry":{"type":"Point","coordinates":[15.735586,48.285462]},"properties":{"w":0.4344}},{"type":"Feature","geometry":{"type":"Point","coordinates":[16.786961,48.254488]},"properties":{"w":0.4693}},{"type":"Feature","geometry":{"type":"Point","coordinates":[16.586614,48.265866]},"properties":{"w":0.7279}},{"type":"Feature","geometry":{"type":"Point","coordinates":[15.766753,48.281904]},"properties":{"w":0.7037}},{"type":"Feature","geometry":{"type":"Point","coordinates":[15.521709,48.293898]},"properties":{"w":0.7808}},{"type":"Feature","geometry":{"type":"Point","coordinates":[15.443501,48.282892]},"properties":{"w":0.4257}},{"type":"Feature","geometry":{"type":"Point","coordinates":[16.725521,48.251675]},"properties":{"w":0.3654}},{"type":"Feature","geometry":{"type":"Point","coordinates":[15.661878,48.279115]},"properties":{"w":0.5103}},{"type":"Feature","geometry":{"type":"Point","coordinates":[15.010914,48.297057]},"properties":{"w":0.5883}},{"type":"Feature","geometry":{"type":"Point","coordinates":[14.213292,48.302566]},"properties":{"w":0.6403}},{"type":"Feature","geometry":{"type":"Point","coordinates":[15.732405,48.273676]},"properties":{"w":0.4183}},{"type":"Feature","geometry":{"type":"Point","coordinates":[16.596669,48.252282]},"properties":{"w":0.5511}},{"type":"Feature","geometry":{"type":"Point","coordinates":[16.66996,48.253573]},"properties":{"w":0.7092}},{"type":"Feature","geometry":{"type":"Point","coordinates":[16.615663,48.247299]},"properties":{"w":0.5315}},{"type":"Feature","geometry":{"type":"Point","coordinates":[16.037245,48.265388]},"properties":{"w":0.6017}},{"type":"Feature","geometry":{"type":"Point","coordinates":[15.666623,48.268506]},"properties":{"w":0.4925}},{"type":"Feature","geometry":{"type":"Point","coordinates":[15.505167,48.27336]},"properties":{"w":0.5558}},{"type":"Feature","geometry":{"type":"Point","coordinates":[15.907192,48.264411]},"properties":{"w":0.6256}},{"type":"Feature","geometry":{"type":"Point","coordinates":[16.894911,48.23488]},"properties":{"w":0.5294}},{"type":"Feature","geometry":{"type":"Point","coordinates":[16.680102,48.239356]},"properties":{"w":0.5204}},{"type":"Feature","geometry":{"type":"Point","coordinates":[15.586112,48.264792]},"properties":{"w":0.4908}},{"type":"Feature","geometry":{"type":"Point","coordinates":[16.853067,48.238451]},"properties":{"w":0.6422}},{"type":"Feature","geometry":{"type":"Point","coordinates":[15.739705,48.259685]},"properties":{"w":0.4085}},{"type":"Feature","geometry":{"type":"Point","coordinates":[15.22065,48.268856]},"properties":{"w":0.4254}},{"type":"Feature","geometry":{"type":"Point","coordinates":[15.595345,48.256436]},"properties":{"w":0.2848}},{"type":"Feature","geometry":{"type":"Point","coordinates":[16.88226,48.226227]},"properties":{"w":0.489}},{"type":"Feature","geometry":{"type":"Point","coordinates":[16.719989,48.23615]},"properties":{"w":0.5804}},{"type":"Feature","geometry":{"type":"Point","coordinates":[14.043087,48.278301]},"properties":{"w":0.3019}},{"type":"Feature","geometry":{"type":"Point","coordinates":[15.2175,48.262686]},"properties":{"w":0.3484}},{"type":"Feature","geometry":{"type":"Point","coordinates":[15.723628,48.258725]},"properties":{"w":0.6146}},{"type":"Feature","geometry":{"type":"Point","coordinates":[16.665873,48.230427]},"properties":{"w":0.5021}},{"type":"Feature","geometry":{"type":"Point","coordinates":[15.524633,48.257847]},"properties":{"w":0.6092}},{"type":"Feature","geometry":{"type":"Point","coordinates":[14.386583,48.269944]},"properties":{"w":0.4866}},{"type":"Feature","geometry":{"type":"Point","coordinates":[15.972108,48.248058]},"properties":{"w":0.6559}},{"type":"Feature","geometry":{"type":"Point","coordinates":[16.568458,48.226862]},"properties":{"w":0.5194}},{"type":"Feature","geometry":{"type":"Point","coordinates":[16.71436,48.22192]},"properties":{"w":0.5015}},{"type":"Feature","geometry":{"type":"Point","coordinates":[15.658195,48.251582]},"properties":{"w":0.5419}},{"type":"Feature","geometry":{"type":"Point","coordinates":[15.577747,48.24539]},"properties":{"w":0.43}},{"type":"Feature","geometry":{"type":"Point","coordinates":[16.226516,48.2299]},"properties":{"w":0.4421}},{"type":"Feature","geometry":{"type":"Point","coordinates":[15.725412,48.240778]},"properties":{"w":0.4622}},{"type":"Feature","geometry":{"type":"Point","coordinates":[15.848446,48.233732]},"properties":{"w":0.3933}},{"type":"Feature","geometry":{"type":"Point","coordinates":[15.166823,48.249279]},"properties":{"w":0.4746}},{"type":"Feature","geometry":{"type":"Point","coordinates":[14.444581,48.254155]},"properties":{"w":0.3194}},{"type":"Feature","geometry":{"type":"Point","coordinates":[16.598306,48.221308]},"properties":{"w":0.7492}},{"type":"Feature","geometry":{"type":"Point","coordinates":[14.963135,48.248534]},"properties":{"w":0.2855}},{"type":"Feature","geometry":{"type":"Point","coordinates":[16.708098,48.211116]},"properties":{"w":0.3251}},{"type":"Feature","geometry":{"type":"Point","coordinates":[15.877446,48.231794]},"properties":{"w":0.4733}},{"type":"Feature","geometry":{"type":"Point","coordinates":[13.398124,48.257945]},"properties":{"w":0.3467}},{"type":"Feature","geometry":{"type":"Point","coordinates":[15.387842,48.240788]},"properties":{"w":0.4289}},{"type":"Feature","geometry":{"type":"Point","coordinates":[14.437085,48.250077]},"properties":{"w":0.3109}},{"type":"Feature","geometry":{"type":"Point","coordinates":[15.23824,48.238086]},"properties":{"w":0.2937}},{"type":"Feature","geometry":{"type":"Point","coordinates":[13.136395,48.253358]},"properties":{"w":0.3805}},{"type":"Feature","geometry":{"type":"Point","coordinates":[15.495707,48.24445]},"properties":{"w":0.7359}},{"type":"Feature","geometry":{"type":"Point","coordinates":[16.827575,48.203756]},"properties":{"w":0.464}},{"type":"Feature","geometry":{"type":"Point","coordinates":[15.834492,48.22608]},"properties":{"w":0.5003}},{"type":"Feature","geometry":{"type":"Point","coordinates":[13.120625,48.250095]},"properties":{"w":0.3989}},{"type":"Feature","geometry":{"type":"Point","coordinates":[16.681563,48.202003]},"properties":{"w":0.6783}},{"type":"Feature","geometry":{"type":"Point","coordinates":[14.460888,48.240957]},"properties":{"w":0.5697}},{"type":"Feature","geometry":{"type":"Point","coordinates":[15.234102,48.22837]},"properties":{"w":0.3054}},{"type":"Feature","geometry":{"type":"Point","coordinates":[16.881889,48.199197]},"properties":{"w":0.6845}},{"type":"Feature","geometry":{"type":"Point","coordinates":[15.437206,48.223015]},"properties":{"w":0.3109}},{"type":"Feature","geometry":{"type":"Point","coordinates":[13.205539,48.239979]},"properties":{"w":0.2867}},{"type":"Feature","geometry":{"type":"Point","coordinates":[16.594015,48.194327]},"properties":{"w":0.4268}},{"type":"Feature","geometry":{"type":"Point","coordinates":[15.861562,48.2113]},"properties":{"w":0.3327}},{"type":"Feature","geometry":{"type":"Point","coordinates":[14.444127,48.236636]},"properties":{"w":0.6204}},{"type":"Feature","geometry":{"type":"Point","coordinates":[16.862253,48.184538]},"properties":{"w":0.4152}},{"type":"Feature","geometry":{"type":"Point","coordinates":[16.608579,48.199023]},"properties":{"w":0.684}},{"type":"Feature","geometry":{"type":"Point","coordinates":[13.200156,48.234871]},"properties":{"w":0.34}},{"type":"Feature","geometry":{"type":"Point","coordinates":[15.091353,48.253677]},"properties":{"w":0.8631}},{"type":"Feature","geometry":{"type":"Point","coordinates":[15.720717,48.210694]},"properties":{"w":0.624}},{"type":"Feature","geometry":{"type":"Point","coordinates":[15.791202,48.20796]},"properties":{"w":0.5205}},{"type":"Feature","geometry":{"type":"Point","coordinates":[15.669371,48.200946]},"properties":{"w":0.2976}},{"type":"Feature","geometry":{"type":"Point","coordinates":[15.573044,48.201862]},"properties":{"w":0.3162}},{"type":"Feature","geometry":{"type":"Point","coordinates":[14.671192,48.222647]},"properties":{"w":0.5483}},{"type":"Feature","geometry":{"type":"Point","coordinates":[13.214944,48.214812]},"properties":{"w":0.394}},{"type":"Feature","geometry":{"type":"Point","coordinates":[14.605523,48.208296]},"properties":{"w":0.3672}},{"type":"Feature","geometry":{"type":"Point","coordinates":[16.687239,48.178542]},"properties":{"w":0.7171}},{"type":"Feature","geometry":{"type":"Point","coordinates":[16.643662,48.171892]},"properties":{"w":0.6826}},{"type":"Feature","geometry":{"type":"Point","coordinates":[13.010724,48.211182]},"properties":{"w":0.5395}},{"type":"Feature","geometry":{"type":"Point","coordinates":[15.786977,48.181998]},"properties":{"w":0.3338}},{"type":"Feature","geometry":{"type":"Point","coordinates":[16.671799,48.16368]},"properties":{"w":0.5709}},{"type":"Feature","geometry":{"type":"Point","coordinates":[16.731186,48.156584]},"properties":{"w":0.3302}},{"type":"Feature","geometry":{"type":"Point","coordinates":[15.481437,48.187969]},"properties":{"w":0.3733}},{"type":"Feature","geometry":{"type":"Point","coordinates":[13.187806,48.209894]},"properties":{"w":0.493}},{"type":"Feature","geometry":{"type":"Point","coordinates":[14.780826,48.195087]},"properties":{"w":0.2903}},{"type":"Feature","geometry":{"type":"Point","coordinates":[14.611799,48.199819]},"properties":{"w":0.3669}},{"type":"Feature","geometry":{"type":"Point","coordinates":[15.236386,48.190905]},"properties":{"w":0.5446}},{"type":"Feature","geometry":{"type":"Point","coordinates":[15.666742,48.178113]},"properties":{"w":0.3034}},{"type":"Feature","geometry":{"type":"Point","coordinates":[15.291694,48.187662]},"properties":{"w":0.5275}},{"type":"Feature","geometry":{"type":"Point","coordinates":[14.784053,48.191882]},"properties":{"w":0.423}},{"type":"Feature","geometry":{"type":"Point","coordinates":[15.440302,48.180637]},"properties":{"w":0.3553}},{"type":"Feature","geometry":{"type":"Point","coordinates":[15.494538,48.175701]},"properties":{"w":0.4007}},{"type":"Feature","geometry":{"type":"Point","coordinates":[13.055353,48.208615]},"properties":{"w":0.6887}},{"type":"Feature","geometry":{"type":"Point","coordinates":[15.451158,48.175857]},"properties":{"w":0.4277}},{"type":"Feature","geometry":{"type":"Point","coordinates":[16.982355,48.135489]},"properties":{"w":0.442}},{"type":"Feature","geometry":{"type":"Point","coordinates":[15.324086,48.182299]},"properties":{"w":0.6559}},{"type":"Feature","geometry":{"type":"Point","coordinates":[12.919767,48.195956]},"properties":{"w":0.6514}},{"type":"Feature","geometry":{"type":"Point","coordinates":[14.76144,48.183888]},"properties":{"w":0.671}},{"type":"Feature","geometry":{"type":"Point","coordinates":[15.024495,48.176637]},"properties":{"w":0.5446}},{"type":"Feature","geometry":{"type":"Point","coordinates":[14.727954,48.178145]},"properties":{"w":0.4261}},{"type":"Feature","geometry":{"type":"Point","coordinates":[15.265384,48.171859]},"properties":{"w":0.4382}},{"type":"Feature","geometry":{"type":"Point","coordinates":[16.220034,48.149418]},"properties":{"w":0.4745}},{"type":"Feature","geometry":{"type":"Point","coordinates":[14.605061,48.194403]},"properties":{"w":0.7303}},{"type":"Feature","geometry":{"type":"Point","coordinates":[14.664405,48.170593]},"properties":{"w":0.4607}},{"type":"Feature","geometry":{"type":"Point","coordinates":[17.040454,48.118806]},"properties":{"w":0.4394}},{"type":"Feature","geometry":{"type":"Point","coordinates":[14.646069,48.168019]},"properties":{"w":0.5212}},{"type":"Feature","geometry":{"type":"Point","coordinates":[14.983367,48.160568]},"properties":{"w":0.4372}},{"type":"Feature","geometry":{"type":"Point","coordinates":[13.086552,48.169175]},"properties":{"w":0.3966}},{"type":"Feature","geometry":{"type":"Point","coordinates":[17.07243,48.111352]},"properties":{"w":0.4342}},{"type":"Feature","geometry":{"type":"Point","coordinates":[15.889851,48.138364]},"properties":{"w":0.4287}},{"type":"Feature","geometry":{"type":"Point","coordinates":[15.82838,48.137559]},"properties":{"w":0.3285}},{"type":"Feature","geometry":{"type":"Point","coordinates":[12.901958,48.173743]},"properties":{"w":0.7422}},{"type":"Feature","geometry":{"type":"Point","coordinates":[14.566058,48.154413]},"properties":{"w":0.3684}},{"type":"Feature","geometry":{"type":"Point","coordinates":[13.607708,48.170809]},"properties":{"w":0.5018}},{"type":"Feature","geometry":{"type":"Point","coordinates":[16.957476,48.110121]},"properties":{"w":0.6528}},{"type":"Feature","geometry":{"type":"Point","coordinates":[14.554891,48.152316]},"properties":{"w":0.2823}},{"type":"Feature","geometry":{"type":"Point","coordinates":[15.772365,48.137199]},"properties":{"w":0.5794}},{"type":"Feature","geometry":{"type":"Point","coordinates":[16.427867,48.116627]},"properties":{"w":0.2959}},{"type":"Feature","geometry":{"type":"Point","coordinates":[17.012013,48.102013]},"properties":{"w":0.5171}},{"type":"Feature","geometry":{"type":"Point","coordinates":[15.507689,48.135671]},"properties":{"w":0.5556}},{"type":"Feature","geometry":{"type":"Point","coordinates":[17.02292,48.092769]},"properties":{"w":0.5038}},{"type":"Feature","geometry":{"type":"Point","coordinates":[12.900838,48.15338]},"properties":{"w":0.5936}},{"type":"Feature","geometry":{"type":"Point","coordinates":[15.675134,48.128139]},"properties":{"w":0.5255}},{"type":"Feature","geometry":{"type":"Point","coordinates":[15.719338,48.129849]},"properties":{"w":0.6299}},{"type":"Feature","geometry":{"type":"Point","coordinates":[16.956595,48.090567]},"properties":{"w":0.6017}},{"type":"Feature","geometry":{"type":"Point","coordinates":[16.382388,48.0961]},"properties":{"w":0.4016}},{"type":"Feature","geometry":{"type":"Point","coordinates":[16.33524,48.102199]},"properties":{"w":0.5419}},{"type":"Feature","geometry":{"type":"Point","coordinates":[16.36883,48.095015]},"properties":{"w":0.3783}},{"type":"Feature","geometry":{"type":"Point","coordinates":[13.175974,48.141245]},"properties":{"w":0.4894}},{"type":"Feature","geometry":{"type":"Point","coordinates":[16.900612,48.095897]},"properties":{"w":0.8369}},{"type":"Feature","geometry":{"type":"Point","coordinates":[13.529478,48.133001]},"properties":{"w":0.381}},{"type":"Feature","geometry":{"type":"Point","coordinates":[13.606598,48.128225]},"properties":{"w":0.4889}},{"type":"Feature","geometry":{"type":"Point","coordinates":[15.794042,48.100299]},"properties":{"w":0.525}},{"type":"Feature","geometry":{"type":"Point","coordinates":[16.933956,48.067303]},"properties":{"w":0.5631}},{"type":"Feature","geometry":{"type":"Point","coordinates":[17.035791,48.067899]},"properties":{"w":0.7208}},{"type":"Feature","geometry":{"type":"Point","coordinates":[16.923246,48.059916]},"properties":{"w":0.4551}},{"type":"Feature","geometry":{"type":"Point","coordinates":[12.777315,48.117561]},"properties":{"w":0.6374}},{"type":"Feature","geometry":{"type":"Point","coordinates":[13.194426,48.114817]},"properties":{"w":0.5882}},{"type":"Feature","geometry":{"type":"Point","coordinates":[12.835833,48.112167]},"properties":{"w":0.4506}},{"type":"Feature","geometry":{"type":"Point","coordinates":[15.718983,48.087217]},"properties":{"w":0.4189}},{"type":"Feature","geometry":{"type":"Point","coordinates":[13.524332,48.114406]},"properties":{"w":0.568}},{"type":"Feature","geometry":{"type":"Point","coordinates":[12.80669,48.115312]},"properties":{"w":0.6849}},{"type":"Feature","geometry":{"type":"Point","coordinates":[13.487055,48.106753]},"properties":{"w":0.3362}},{"type":"Feature","geometry":{"type":"Point","coordinates":[13.580089,48.112895]},"properties":{"w":0.554}},{"type":"Feature","geometry":{"type":"Point","coordinates":[16.489492,48.069848]},"properties":{"w":0.6705}},{"type":"Feature","geometry":{"type":"Point","coordinates":[13.094715,48.103587]},"properties":{"w":0.307}},{"type":"Feature","geometry":{"type":"Point","coordinates":[15.793511,48.075182]},"properties":{"w":0.3139}},{"type":"Feature","geometry":{"type":"Point","coordinates":[16.675487,48.05831]},"properties":{"w":0.4747}},{"type":"Feature","geometry":{"type":"Point","coordinates":[16.736305,48.084745]},"properties":{"w":0.9146}},{"type":"Feature","geometry":{"type":"Point","coordinates":[16.986791,48.065382]},"properties":{"w":0.8203}},{"type":"Feature","geometry":{"type":"Point","coordinates":[16.824084,48.078809]},"properties":{"w":0.8648}},{"type":"Feature","geometry":{"type":"Point","coordinates":[15.821456,48.069541]},"properties":{"w":0.2896}},{"type":"Feature","geometry":{"type":"Point","coordinates":[14.148227,48.094396]},"properties":{"w":0.4339}},{"type":"Feature","geometry":{"type":"Point","coordinates":[17.073905,48.040066]},"properties":{"w":0.5452}},{"type":"Feature","geometry":{"type":"Point","coordinates":[14.869904,48.084179]},"properties":{"w":0.2896}},{"type":"Feature","geometry":{"type":"Point","coordinates":[13.009293,48.094669]},"properties":{"w":0.323}},{"type":"Feature","geometry":{"type":"Point","coordinates":[16.48709,48.05882]},"properties":{"w":0.5487}},{"type":"Feature","geometry":{"type":"Point","coordinates":[15.775919,48.070218]},"properties":{"w":0.4152}},{"type":"Feature","geometry":{"type":"Point","coordinates":[16.759938,48.040943]},"properties":{"w":0.3362}},{"type":"Feature","geometry":{"type":"Point","coordinates":[16.397115,48.064576]},"properties":{"w":0.5991}},{"type":"Feature","geometry":{"type":"Point","coordinates":[14.967347,48.079435]},"properties":{"w":0.3024}},{"type":"Feature","geometry":{"type":"Point","coordinates":[13.337907,48.095261]},"properties":{"w":0.5808}},{"type":"Feature","geometry":{"type":"Point","coordinates":[16.982079,48.031925]},"properties":{"w":0.3663}},{"type":"Feature","geometry":{"type":"Point","coordinates":[16.47798,48.053087]},"properties":{"w":0.5818}},{"type":"Feature","geometry":{"type":"Point","coordinates":[15.107914,48.07629]},"properties":{"w":0.4198}},{"type":"Feature","geometry":{"type":"Point","coordinates":[14.131705,48.085071]},"properties":{"w":0.2937}},{"type":"Feature","geometry":{"type":"Point","coordinates":[17.108232,48.027312]},"properties":{"w":0.4443}},{"type":"Feature","geometry":{"type":"Point","coordinates":[16.704392,48.049351]},"properties":{"w":0.7373}},{"type":"Feature","geometry":{"type":"Point","coordinates":[16.469066,48.046979]},"properties":{"w":0.4832}},{"type":"Feature","geometry":{"type":"Point","coordinates":[16.419063,48.058083]},"properties":{"w":0.759}},{"type":"Feature","geometry":{"type":"Point","coordinates":[16.888188,48.047754]},"properties":{"w":0.8251}},{"type":"Feature","geometry":{"type":"Point","coordinates":[16.751629,48.034559]},"properties":{"w":0.4307}},{"type":"Feature","geometry":{"type":"Point","coordinates":[16.337943,48.044209]},"properties":{"w":0.3408}},{"type":"Feature","geometry":{"type":"Point","coordinates":[16.654494,48.036247]},"properties":{"w":0.5791}},{"type":"Feature","geometry":{"type":"Point","coordinates":[16.731576,48.03518]},"properties":{"w":0.6257}},{"type":"Feature","geometry":{"type":"Point","coordinates":[13.119503,48.083686]},"properties":{"w":0.3212}},{"type":"Feature","geometry":{"type":"Point","coordinates":[16.838484,48.029047]},"properties":{"w":0.4047}},{"type":"Feature","geometry":{"type":"Point","coordinates":[17.006005,48.037664]},"properties":{"w":0.7507}},{"type":"Feature","geometry":{"type":"Point","coordinates":[16.469012,48.03716]},"properties":{"w":0.2772}},{"type":"Feature","geometry":{"type":"Point","coordinates":[16.543294,48.033527]},"properties":{"w":0.3212}},{"type":"Feature","geometry":{"type":"Point","coordinates":[16.700301,48.027637]},"properties":{"w":0.5376}},{"type":"Feature","geometry":{"type":"Point","coordinates":[16.732064,48.024621]},"properties":{"w":0.2937}},{"type":"Feature","geometry":{"type":"Point","coordinates":[16.541254,48.02898]},"properties":{"w":0.3314}},{"type":"Feature","geometry":{"type":"Point","coordinates":[16.354459,48.040498]},"properties":{"w":0.6212}},{"type":"Feature","geometry":{"type":"Point","coordinates":[14.95894,48.061135]},"properties":{"w":0.2805}},{"type":"Feature","geometry":{"type":"Point","coordinates":[16.956819,48.013916]},"properties":{"w":0.3065}},{"type":"Feature","geometry":{"type":"Point","coordinates":[12.887473,48.095955]},"properties":{"w":0.8398}},{"type":"Feature","geometry":{"type":"Point","coordinates":[16.60768,48.022434]},"properties":{"w":0.3711}},{"type":"Feature","geometry":{"type":"Point","coordinates":[16.903152,48.026256]},"properties":{"w":0.712}},{"type":"Feature","geometry":{"type":"Point","coordinates":[16.701077,48.020025]},"properties":{"w":0.3456}},{"type":"Feature","geometry":{"type":"Point","coordinates":[17.067617,48.014387]},"properties":{"w":0.6318}},{"type":"Feature","geometry":{"type":"Point","coordinates":[16.329916,48.033193]},"properties":{"w":0.4911}},{"type":"Feature","geometry":{"type":"Point","coordinates":[15.526254,48.046288]},"properties":{"w":0.2811}},{"type":"Feature","geometry":{"type":"Point","coordinates":[17.082871,48.007242]},"properties":{"w":0.3065}},{"type":"Feature","geometry":{"type":"Point","coordinates":[16.696341,48.016053]},"properties":{"w":0.2766}},{"type":"Feature","geometry":{"type":"Point","coordinates":[15.534057,48.043921]},"properties":{"w":0.2811}},{"type":"Feature","geometry":{"type":"Point","coordinates":[16.3521,48.027347]},"properties":{"w":0.3943}},{"type":"Feature","geometry":{"type":"Point","coordinates":[14.301565,48.063812]},"properties":{"w":0.4446}},{"type":"Feature","geometry":{"type":"Point","coordinates":[16.825302,48.020671]},"properties":{"w":0.6147}},{"type":"Feature","geometry":{"type":"Point","coordinates":[15.372261,48.042982]},"properties":{"w":0.3264}},{"type":"Feature","geometry":{"type":"Point","coordinates":[15.394435,48.040918]},"properties":{"w":0.3002}},{"type":"Feature","geometry":{"type":"Point","coordinates":[13.833542,48.058845]},"properties":{"w":0.2908}},{"type":"Feature","geometry":{"type":"Point","coordinates":[15.561489,48.032853]},"properties":{"w":0.2786}},{"type":"Feature","geometry":{"type":"Point","coordinates":[16.378176,48.012159]},"properties":{"w":0.3775}},{"type":"Feature","geometry":{"type":"Point","coordinates":[14.286676,48.04822]},"properties":{"w":0.3322}},{"type":"Feature","geometry":{"type":"Point","coordinates":[17.02131,48.004287]},"properties":{"w":0.7479}},{"type":"Feature","geometry":{"type":"Point","coordinates":[15.553593,48.029597]},"properties":{"w":0.3404}},{"type":"Feature","geometry":{"type":"Point","coordinates":[16.539346,48.015341]},"properties":{"w":0.7409}},{"type":"Feature","geometry":{"type":"Point","coordinates":[15.750735,48.02156]},"properties":{"w":0.3212}},{"type":"Feature","geometry":{"type":"Point","coordinates":[16.895639,47.990276]},"properties":{"w":0.2914}},{"type":"Feature","geometry":{"type":"Point","coordinates":[16.416761,48.014912]},"properties":{"w":0.6998}},{"type":"Feature","geometry":{"type":"Point","coordinates":[16.677178,48.006003]},"properties":{"w":0.7282}},{"type":"Feature","geometry":{"type":"Point","coordinates":[16.338269,48.014457]},"properties":{"w":0.6621}},{"type":"Feature","geometry":{"type":"Point","coordinates":[16.836718,47.991028]},"properties":{"w":0.3559}},{"type":"Feature","geometry":{"type":"Point","coordinates":[16.368408,48.005969]},"properties":{"w":0.5189}},{"type":"Feature","geometry":{"type":"Point","coordinates":[15.075155,48.032243]},"properties":{"w":0.5111}},{"type":"Feature","geometry":{"type":"Point","coordinates":[16.547309,47.996305]},"properties":{"w":0.4206}},{"type":"Feature","geometry":{"type":"Point","coordinates":[15.518568,48.019207]},"properties":{"w":0.3964}},{"type":"Feature","geometry":{"type":"Point","coordinates":[16.504644,47.999615]},"properties":{"w":0.388}},{"type":"Feature","geometry":{"type":"Point","coordinates":[15.021984,48.023518]},"properties":{"w":0.2792}},{"type":"Feature","geometry":{"type":"Point","coordinates":[16.972943,47.991314]},"properties":{"w":0.7171}},{"type":"Feature","geometry":{"type":"Point","coordinates":[13.814673,48.037404]},"properties":{"w":0.3556}},{"type":"Feature","geometry":{"type":"Point","coordinates":[15.674145,48.012474]},"properties":{"w":0.3013}},{"type":"Feature","geometry":{"type":"Point","coordinates":[16.401381,47.99774]},"properties":{"w":0.4669}},{"type":"Feature","geometry":{"type":"Point","coordinates":[13.432387,48.072657]},"properties":{"w":0.7773}},{"type":"Feature","geometry":{"type":"Point","coordinates":[12.932175,48.03217]},"properties":{"w":0.2981}},{"type":"Feature","geometry":{"type":"Point","coordinates":[15.352221,48.018296]},"properties":{"w":0.4255}},{"type":"Feature","geometry":{"type":"Point","coordinates":[15.56227,48.012685]},"properties":{"w":0.2786}},{"type":"Feature","geometry":{"type":"Point","coordinates":[16.625098,47.997633]},"properties":{"w":0.7478}},{"type":"Feature","geometry":{"type":"Point","coordinates":[15.701067,48.008953]},"properties":{"w":0.2848}},{"type":"Feature","geometry":{"type":"Point","coordinates":[16.388884,47.994124]},"properties":{"w":0.457}},{"type":"Feature","geometry":{"type":"Point","coordinates":[16.444515,47.98905]},"properties":{"w":0.2992}},{"type":"Feature","geometry":{"type":"Point","coordinates":[15.621497,48.00801]},"properties":{"w":0.377}},{"type":"Feature","geometry":{"type":"Point","coordinates":[13.268607,48.067377]},"properties":{"w":1.0}},{"type":"Feature","geometry":{"type":"Point","coordinates":[15.759497,48.008298]},"properties":{"w":0.4083}},{"type":"Feature","geometry":{"type":"Point","coordinates":[15.480092,48.010591]},"properties":{"w":0.4202}},{"type":"Feature","geometry":{"type":"Point","coordinates":[16.37803,47.99229]},"properties":{"w":0.4403}},{"type":"Feature","geometry":{"type":"Point","coordinates":[15.504456,48.008701]},"properties":{"w":0.5185}},{"type":"Feature","geometry":{"type":"Point","coordinates":[16.58415,47.988712]},"properties":{"w":0.6288}},{"type":"Feature","geometry":{"type":"Point","coordinates":[15.066778,48.011136]},"properties":{"w":0.2817}},{"type":"Feature","geometry":{"type":"Point","coordinates":[14.159724,48.021641]},"properties":{"w":0.3921}},{"type":"Feature","geometry":{"type":"Point","coordinates":[15.593062,47.999991]},"properties":{"w":0.2823}},{"type":"Feature","geometry":{"type":"Point","coordinates":[15.837653,48.015249]},"properties":{"w":0.6857}},{"type":"Feature","geometry":{"type":"Point","coordinates":[16.925388,47.974983]},"properties":{"w":0.8112}},{"type":"Feature","geometry":{"type":"Point","coordinates":[13.689945,48.019703]},"properties":{"w":0.4254}},{"type":"Feature","geometry":{"type":"Point","coordinates":[16.24048,47.983644]},"properties":{"w":0.2948}},{"type":"Feature","geometry":{"type":"Point","coordinates":[15.690679,47.995114]},"properties":{"w":0.4492}},{"type":"Feature","geometry":{"type":"Point","coordinates":[16.426347,47.991963]},"properties":{"w":0.6652}},{"type":"Feature","geometry":{"type":"Point","coordinates":[15.517486,47.995253]},"properties":{"w":0.2919}},{"type":"Feature","geometry":{"type":"Point","coordinates":[17.063832,47.97784]},"properties":{"w":0.8264}},{"type":"Feature","geometry":{"type":"Point","coordinates":[16.379725,47.97905]},"properties":{"w":0.4023}},{"type":"Feature","geometry":{"type":"Point","coordinates":[16.366201,47.983293]},"properties":{"w":0.5719}},{"type":"Feature","geometry":{"type":"Point","coordinates":[15.282106,47.99796]},"properties":{"w":0.3039}},{"type":"Feature","geometry":{"type":"Point","coordinates":[15.775913,47.988691]},"properties":{"w":0.4175}},{"type":"Feature","geometry":{"type":"Point","coordinates":[15.483185,47.992468]},"properties":{"w":0.2779}},{"type":"Feature","geometry":{"type":"Point","coordinates":[15.507369,47.998808]},"properties":{"w":0.4778}},{"type":"Feature","geometry":{"type":"Point","coordinates":[15.883632,47.990728]},"properties":{"w":0.6047}},{"type":"Feature","geometry":{"type":"Point","coordinates":[16.921699,47.958851]},"properties":{"w":0.4986}},{"type":"Feature","geometry":{"type":"Point","coordinates":[13.282705,48.01049]},"properties":{"w":0.2925}},{"type":"Feature","geometry":{"type":"Point","coordinates":[17.052727,47.95105]},"properties":{"w":0.3251}},{"type":"Feature","geometry":{"type":"Point","coordinates":[15.85624,47.990977]},"properties":{"w":0.5708}},{"type":"Feature","geometry":{"type":"Point","coordinates":[16.535047,47.978298]},"properties":{"w":0.6697}},{"type":"Feature","geometry":{"type":"Point","coordinates":[16.475429,47.976057]},"properties":{"w":0.7253}},{"type":"Feature","geometry":{"type":"Point","coordinates":[15.105525,47.994415]},"properties":{"w":0.3633}},{"type":"Feature","geometry":{"type":"Point","coordinates":[16.37158,47.96883]},"properties":{"w":0.3498}},{"type":"Feature","geometry":{"type":"Point","coordinates":[14.906511,47.997037]},"properties":{"w":0.3354}},{"type":"Feature","geometry":{"type":"Point","coordinates":[17.102266,47.947094]},"properties":{"w":0.2992}},{"type":"Feature","geometry":{"type":"Point","coordinates":[16.495532,47.967569]},"properties":{"w":0.6017}},{"type":"Feature","geometry":{"type":"Point","coordinates":[15.512984,47.986326]},"properties":{"w":0.3268}},{"type":"Feature","geometry":{"type":"Point","coordinates":[16.360108,47.966158]},"properties":{"w":0.3467}},{"type":"Feature","geometry":{"type":"Point","coordinates":[13.374267,48.054927]},"properties":{"w":0.9267}},{"type":"Feature","geometry":{"type":"Point","coordinates":[16.983883,47.946463]},"properties":{"w":0.5125}},{"type":"Feature","geometry":{"type":"Point","coordinates":[15.487537,47.983335]},"properties":{"w":0.4051}},{"type":"Feature","geometry":{"type":"Point","coordinates":[16.573916,47.963148]},"properties":{"w":0.6055}},{"type":"Feature","geometry":{"type":"Point","coordinates":[14.950425,47.992081]},"properties":{"w":0.3797}},{"type":"Feature","geometry":{"type":"Point","coordinates":[16.965513,47.944022]},"properties":{"w":0.5265}},{"type":"Feature","geometry":{"type":"Point","coordinates":[15.653573,47.976035]},"properties":{"w":0.307}},{"type":"Feature","geometry":{"type":"Point","coordinates":[15.38947,47.98194]},"properties":{"w":0.3699}},{"type":"Feature","geometry":{"type":"Point","coordinates":[15.783901,47.971317]},"properties":{"w":0.3302}},{"type":"Feature","geometry":{"type":"Point","coordinates":[15.545319,47.978963]},"properties":{"w":0.4825}},{"type":"Feature","geometry":{"type":"Point","coordinates":[16.552263,47.963328]},"properties":{"w":0.6559}},{"type":"Feature","geometry":{"type":"Point","coordinates":[15.754108,47.970268]},"properties":{"w":0.2867}},{"type":"Feature","geometry":{"type":"Point","coordinates":[16.477757,47.956698]},"properties":{"w":0.6365}},{"type":"Feature","geometry":{"type":"Point","coordinates":[14.311516,47.990888]},"properties":{"w":0.3268}},{"type":"Feature","geometry":{"type":"Point","coordinates":[15.149533,47.980269]},"properties":{"w":0.3533}},{"type":"Feature","geometry":{"type":"Point","coordinates":[15.473437,47.973249]},"properties":{"w":0.2766}},{"type":"Feature","geometry":{"type":"Point","coordinates":[15.705033,47.969759]},"properties":{"w":0.4202}},{"type":"Feature","geometry":{"type":"Point","coordinates":[16.370897,47.958087]},"properties":{"w":0.4062}},{"type":"Feature","geometry":{"type":"Point","coordinates":[14.913803,47.990241]},"properties":{"w":0.6593}},{"type":"Feature","geometry":{"type":"Point","coordinates":[15.764974,47.968218]},"properties":{"w":0.4042}},{"type":"Feature","geometry":{"type":"Point","coordinates":[14.45832,47.993682]},"properties":{"w":0.698}},{"type":"Feature","geometry":{"type":"Point","coordinates":[14.667083,47.98263]},"properties":{"w":0.2903}},{"type":"Feature","geometry":{"type":"Point","coordinates":[15.891665,47.967919]},"properties":{"w":0.4979}},{"type":"Feature","geometry":{"type":"Point","coordinates":[15.458599,47.971773]},"properties":{"w":0.4689}},{"type":"Feature","geometry":{"type":"Point","coordinates":[15.444511,47.96902]},"properties":{"w":0.3397}},{"type":"Feature","geometry":{"type":"Point","coordinates":[15.855078,47.967808]},"properties":{"w":0.4448}},{"type":"Feature","geometry":{"type":"Point","coordinates":[16.384279,47.951496]},"properties":{"w":0.4175}},{"type":"Feature","geometry":{"type":"Point","coordinates":[16.054412,47.956278]},"properties":{"w":0.3276}},{"type":"Feature","geometry":{"type":"Point","coordinates":[15.060299,47.973792]},"properties":{"w":0.3294}},{"type":"Feature","geometry":{"type":"Point","coordinates":[16.505013,47.946331]},"properties":{"w":0.5337}},{"type":"Feature","geometry":{"type":"Point","coordinates":[15.128967,47.977062]},"properties":{"w":0.4444}},{"type":"Feature","geometry":{"type":"Point","coordinates":[17.011326,47.927843]},"properties":{"w":0.3512}},{"type":"Feature","geometry":{"type":"Point","coordinates":[14.464364,47.979422]},"properties":{"w":0.2836}},{"type":"Feature","geometry":{"type":"Point","coordinates":[15.680221,47.962467]},"properties":{"w":0.3854}},{"type":"Feature","geometry":{"type":"Point","coordinates":[17.042071,47.928867]},"properties":{"w":0.6502}},{"type":"Feature","geometry":{"type":"Point","coordinates":[15.703293,47.963325]},"properties":{"w":0.3044}},{"type":"Feature","geometry":{"type":"Point","coordinates":[15.826023,47.95901]},"properties":{"w":0.3327}},{"type":"Feature","geometry":{"type":"Point","coordinates":[16.548559,47.942695]},"properties":{"w":0.4924}},{"type":"Feature","geometry":{"type":"Point","coordinates":[16.324445,47.944419]},"properties":{"w":0.2848}},{"type":"Feature","geometry":{"type":"Point","coordinates":[15.891515,47.954534]},"properties":{"w":0.3334}},{"type":"Feature","geometry":{"type":"Point","coordinates":[15.67933,47.957969]},"properties":{"w":0.3334}},{"type":"Feature","geometry":{"type":"Point","coordinates":[17.056292,47.920522]},"properties":{"w":0.2855}},{"type":"Feature","geometry":{"type":"Point","coordinates":[15.654144,47.958969]},"properties":{"w":0.3512}},{"type":"Feature","geometry":{"type":"Point","coordinates":[16.375106,47.948705]},"properties":{"w":0.4615}},{"type":"Feature","geometry":{"type":"Point","coordinates":[14.474237,47.977594]},"properties":{"w":0.3722}},{"type":"Feature","geometry":{"type":"Point","coordinates":[15.459782,47.959641]},"properties":{"w":0.3268}},{"type":"Feature","geometry":{"type":"Point","coordinates":[14.991251,47.967]},"properties":{"w":0.3739}},{"type":"Feature","geometry":{"type":"Point","coordinates":[13.208377,47.978607]},"properties":{"w":0.4454}},{"type":"Feature","geometry":{"type":"Point","coordinates":[15.664196,47.955975]},"properties":{"w":0.3226}},{"type":"Feature","geometry":{"type":"Point","coordinates":[15.440353,47.958955]},"properties":{"w":0.3427}},{"type":"Feature","geometry":{"type":"Point","coordinates":[16.43522,47.940021]},"properties":{"w":0.5004}},{"type":"Feature","geometry":{"type":"Point","coordinates":[15.838773,47.95377]},"properties":{"w":0.3198}},{"type":"Feature","geometry":{"type":"Point","coordinates":[15.181428,47.961733]},"properties":{"w":0.2786}},{"type":"Feature","geometry":{"type":"Point","coordinates":[14.459828,47.973651]},"properties":{"w":0.4074}},{"type":"Feature","geometry":{"type":"Point","coordinates":[15.86925,47.950564]},"properties":{"w":0.2908}},{"type":"Feature","geometry":{"type":"Point","coordinates":[15.504948,47.955566]},"properties":{"w":0.3272}},{"type":"Feature","geometry":{"type":"Point","coordinates":[16.895979,47.948766]},"properties":{"w":0.8215}},{"type":"Feature","geometry":{"type":"Point","coordinates":[15.092996,47.964915]},"properties":{"w":0.4994}},{"type":"Feature","geometry":{"type":"Point","coordinates":[15.78313,47.950442]},"properties":{"w":0.3897}},{"type":"Feature","geometry":{"type":"Point","coordinates":[16.388892,47.934633]},"properties":{"w":0.3194}},{"type":"Feature","geometry":{"type":"Point","coordinates":[15.81965,47.948808]},"properties":{"w":0.3124}},{"type":"Feature","geometry":{"type":"Point","coordinates":[15.855447,47.947232]},"properties":{"w":0.3802}},{"type":"Feature","geometry":{"type":"Point","coordinates":[17.093814,47.917891]},"properties":{"w":0.5616}},{"type":"Feature","geometry":{"type":"Point","coordinates":[15.800256,47.949938]},"properties":{"w":0.4762}},{"type":"Feature","geometry":{"type":"Point","coordinates":[15.133895,47.962814]},"properties":{"w":0.4885}},{"type":"Feature","geometry":{"type":"Point","coordinates":[15.639189,47.951908]},"properties":{"w":0.5052}},{"type":"Feature","geometry":{"type":"Point","coordinates":[15.67231,47.948239]},"properties":{"w":0.3044}},{"type":"Feature","geometry":{"type":"Point","coordinates":[15.617546,47.955998]},"properties":{"w":0.561}},{"type":"Feature","geometry":{"type":"Point","coordinates":[15.692676,47.947667]},"properties":{"w":0.3389}},{"type":"Feature","geometry":{"type":"Point","coordinates":[15.832161,47.944274]},"properties":{"w":0.3285}},{"type":"Feature","geometry":{"type":"Point","coordinates":[16.528844,47.937612]},"properties":{"w":0.6667}},{"type":"Feature","geometry":{"type":"Point","coordinates":[15.74802,47.946318]},"properties":{"w":0.2817}},{"type":"Feature","geometry":{"type":"Point","coordinates":[15.48999,47.951706]},"properties":{"w":0.3839}},{"type":"Feature","geometry":{"type":"Point","coordinates":[14.951752,47.960119]},"properties":{"w":0.404}},{"type":"Feature","geometry":{"type":"Point","coordinates":[15.927251,47.941824]},"properties":{"w":0.3611}},{"type":"Feature","geometry":{"type":"Point","coordinates":[15.654048,47.947425]},"properties":{"w":0.3523}},{"type":"Feature","geometry":{"type":"Point","coordinates":[15.437059,47.952637]},"properties":{"w":0.3797}},{"type":"Feature","geometry":{"type":"Point","coordinates":[16.514048,47.931337]},"properties":{"w":0.6014}},{"type":"Feature","geometry":{"type":"Point","coordinates":[13.447594,47.969115]},"properties":{"w":0.3404}},{"type":"Feature","geometry":{"type":"Point","coordinates":[14.502067,47.969585]},"properties":{"w":0.5215}},{"type":"Feature","geometry":{"type":"Point","coordinates":[15.886524,47.94717]},"properties":{"w":0.4272}},{"type":"Feature","geometry":{"type":"Point","coordinates":[16.04562,47.941367]},"properties":{"w":0.4993}},{"type":"Feature","geometry":{"type":"Point","coordinates":[15.662728,47.946562]},"properties":{"w":0.3702}},{"type":"Feature","geometry":{"type":"Point","coordinates":[15.772474,47.945985]},"properties":{"w":0.3162}},{"type":"Feature","geometry":{"type":"Point","coordinates":[14.989479,47.958284]},"properties":{"w":0.4765}},{"type":"Feature","geometry":{"type":"Point","coordinates":[15.783192,47.942879]},"properties":{"w":0.3423}},{"type":"Feature","geometry":{"type":"Point","coordinates":[15.845878,47.939808]},"properties":{"w":0.3334}},{"type":"Feature","geometry":{"type":"Point","coordinates":[15.899006,47.940965]},"properties":{"w":0.3877}},{"type":"Feature","geometry":{"type":"Point","coordinates":[14.959194,47.956014]},"properties":{"w":0.482}},{"type":"Feature","geometry":{"type":"Point","coordinates":[15.564022,47.943416]},"properties":{"w":0.3654}},{"type":"Feature","geometry":{"type":"Point","coordinates":[15.549608,47.943523]},"properties":{"w":0.3393}},{"type":"Feature","geometry":{"type":"Point","coordinates":[16.126116,47.931719]},"properties":{"w":0.4148}},{"type":"Feature","geometry":{"type":"Point","coordinates":[16.403511,47.926982]},"properties":{"w":0.5139}},{"type":"Feature","geometry":{"type":"Point","coordinates":[13.491243,47.964431]},"properties":{"w":0.5153}},{"type":"Feature","geometry":{"type":"Point","coordinates":[15.853954,47.936722]},"properties":{"w":0.3346}},{"type":"Feature","geometry":{"type":"Point","coordinates":[16.63712,47.952664]},"properties":{"w":0.898}},{"type":"Feature","geometry":{"type":"Point","coordinates":[15.161135,47.945964]},"properties":{"w":0.2786}},{"type":"Feature","geometry":{"type":"Point","coordinates":[16.366326,47.937878]},"properties":{"w":0.7255}},{"type":"Feature","geometry":{"type":"Point","coordinates":[15.768037,47.933415]},"properties":{"w":0.2855}},{"type":"Feature","geometry":{"type":"Point","coordinates":[16.1457,47.924111]},"properties":{"w":0.2981}},{"type":"Feature","geometry":{"type":"Point","coordinates":[15.55842,47.938108]},"properties":{"w":0.3194}},{"type":"Feature","geometry":{"type":"Point","coordinates":[15.543286,47.938907]},"properties":{"w":0.2766}},{"type":"Feature","geometry":{"type":"Point","coordinates":[15.968644,47.928279]},"properties":{"w":0.2925}},{"type":"Feature","geometry":{"type":"Point","coordinates":[13.268776,47.957275]},"properties":{"w":0.2986}},{"type":"Feature","geometry":{"type":"Point","coordinates":[16.456368,47.918623]},"properties":{"w":0.496}},{"type":"Feature","geometry":{"type":"Point","coordinates":[15.734634,47.932198]},"properties":{"w":0.2867}},{"type":"Feature","geometry":{"type":"Point","coordinates":[15.666649,47.938168]},"properties":{"w":0.4388}},{"type":"Feature","geometry":{"type":"Point","coordinates":[15.799903,47.933487]},"properties":{"w":0.4512}},{"type":"Feature","geometry":{"type":"Point","coordinates":[15.642188,47.933906]},"properties":{"w":0.3954}},{"type":"Feature","geometry":{"type":"Point","coordinates":[15.75638,47.935045]},"properties":{"w":0.3334}},{"type":"Feature","geometry":{"type":"Point","coordinates":[15.215898,47.941664]},"properties":{"w":0.2959}},{"type":"Feature","geometry":{"type":"Point","coordinates":[15.162224,47.941938]},"properties":{"w":0.2867}},{"type":"Feature","geometry":{"type":"Point","coordinates":[15.713133,47.932575]},"properties":{"w":0.289}},{"type":"Feature","geometry":{"type":"Point","coordinates":[15.552929,47.935004]},"properties":{"w":0.3491}},{"type":"Feature","geometry":{"type":"Point","coordinates":[16.950892,47.920505]},"properties":{"w":0.8824}},{"type":"Feature","geometry":{"type":"Point","coordinates":[14.201133,47.949064]},"properties":{"w":0.3393}},{"type":"Feature","geometry":{"type":"Point","coordinates":[15.208949,47.937993]},"properties":{"w":0.2997}},{"type":"Feature","geometry":{"type":"Point","coordinates":[15.538711,47.935699]},"properties":{"w":0.3719}},{"type":"Feature","geometry":{"type":"Point","coordinates":[15.165815,47.939221]},"properties":{"w":0.3381}},{"type":"Feature","geometry":{"type":"Point","coordinates":[14.525246,47.948849]},"properties":{"w":0.4261}},{"type":"Feature","geometry":{"type":"Point","coordinates":[15.990445,47.922811]},"properties":{"w":0.3389}},{"type":"Feature","geometry":{"type":"Point","coordinates":[15.711062,47.928832]},"properties":{"w":0.2766}},{"type":"Feature","geometry":{"type":"Point","coordinates":[15.005199,47.939704]},"properties":{"w":0.2779}},{"type":"Feature","geometry":{"type":"Point","coordinates":[14.547273,47.952475]},"properties":{"w":0.593}},{"type":"Feature","geometry":{"type":"Point","coordinates":[13.13435,47.951069]},"properties":{"w":0.4085}},{"type":"Feature","geometry":{"type":"Point","coordinates":[14.513752,47.943419]},"properties":{"w":0.3519}},{"type":"Feature","geometry":{"type":"Point","coordinates":[15.83741,47.927359]},"properties":{"w":0.6833}},{"type":"Feature","geometry":{"type":"Point","coordinates":[15.012515,47.938691]},"properties":{"w":0.3509}},{"type":"Feature","geometry":{"type":"Point","coordinates":[15.512763,47.928973]},"properties":{"w":0.3085}},{"type":"Feature","geometry":{"type":"Point","coordinates":[15.251428,47.935078]},"properties":{"w":0.4802}},{"type":"Feature","geometry":{"type":"Point","coordinates":[14.202365,47.942515]},"properties":{"w":0.3467}},{"type":"Feature","geometry":{"type":"Point","coordinates":[13.333786,47.947437]},"properties":{"w":0.4034}},{"type":"Feature","geometry":{"type":"Point","coordinates":[15.663731,47.924908]},"properties":{"w":0.3984}},{"type":"Feature","geometry":{"type":"Point","coordinates":[15.651813,47.92323]},"properties":{"w":0.3543}},{"type":"Feature","geometry":{"type":"Point","coordinates":[16.885453,47.891463]},"properties":{"w":0.2786}},{"type":"Feature","geometry":{"type":"Point","coordinates":[15.668199,47.921103]},"properties":{"w":0.3221}},{"type":"Feature","geometry":{"type":"Point","coordinates":[15.774413,47.918178]},"properties":{"w":0.2896}},{"type":"Feature","geometry":{"type":"Point","coordinates":[15.512439,47.923437]},"properties":{"w":0.3094}},{"type":"Feature","geometry":{"type":"Point","coordinates":[15.574254,47.939617]},"properties":{"w":0.5914}},{"type":"Feature","geometry":{"type":"Point","coordinates":[15.958416,47.915687]},"properties":{"w":0.3445}},{"type":"Feature","geometry":{"type":"Point","coordinates":[14.919362,47.931935]},"properties":{"w":0.3302}},{"type":"Feature","geometry":{"type":"Point","coordinates":[14.723767,47.934205]},"properties":{"w":0.2948}},{"type":"Feature","geometry":{"type":"Point","coordinates":[15.731311,47.917565]},"properties":{"w":0.3334}},{"type":"Feature","geometry":{"type":"Point","coordinates":[15.875003,47.919248]},"properties":{"w":0.5895}},{"type":"Feature","geometry":{"type":"Point","coordinates":[13.335506,47.941124]},"properties":{"w":0.3582}},{"type":"Feature","geometry":{"type":"Point","coordinates":[16.444659,47.902118]},"properties":{"w":0.4329}},{"type":"Feature","geometry":{"type":"Point","coordinates":[15.669127,47.916455]},"properties":{"w":0.2766}},{"type":"Feature","geometry":{"type":"Point","coordinates":[16.221404,47.905145]},"properties":{"w":0.4665}},{"type":"Feature","geometry":{"type":"Point","coordinates":[15.220413,47.928724]},"properties":{"w":0.5553}},{"type":"Feature","geometry":{"type":"Point","coordinates":[14.736816,47.933949]},"properties":{"w":0.4325}},{"type":"Feature","geometry":{"type":"Point","coordinates":[15.823839,47.914008]},"properties":{"w":0.3502}},{"type":"Feature","geometry":{"type":"Point","coordinates":[15.832496,47.914135]},"properties":{"w":0.3539}},{"type":"Feature","geometry":{"type":"Point","coordinates":[14.849673,47.928771]},"properties":{"w":0.2885}},{"type":"Feature","geometry":{"type":"Point","coordinates":[13.416366,47.936981]},"properties":{"w":0.3119}},{"type":"Feature","geometry":{"type":"Point","coordinates":[15.514034,47.915162]},"properties":{"w":0.2766}},{"type":"Feature","geometry":{"type":"Point","coordinates":[15.881765,47.910134]},"properties":{"w":0.3393}},{"type":"Feature","geometry":{"type":"Point","coordinates":[15.728284,47.911309]},"properties":{"w":0.3268}},{"type":"Feature","geometry":{"type":"Point","coordinates":[14.560435,47.931022]},"properties":{"w":0.3869}},{"type":"Feature","geometry":{"type":"Point","coordinates":[14.718322,47.926326]},"properties":{"w":0.3238}},{"type":"Feature","geometry":{"type":"Point","coordinates":[15.418306,47.926454]},"properties":{"w":0.6336}},{"type":"Feature","geometry":{"type":"Point","coordinates":[15.6985,47.910021]},"properties":{"w":0.3852}},{"type":"Feature","geometry":{"type":"Point","coordinates":[14.875751,47.925972]},"properties":{"w":0.4627}},{"type":"Feature","geometry":{"type":"Point","coordinates":[15.717688,47.907647]},"properties":{"w":0.2903}},{"type":"Feature","geometry":{"type":"Point","coordinates":[15.805535,47.910724]},"properties":{"w":0.5803}},{"type":"Feature","geometry":{"type":"Point","coordinates":[15.333783,47.922016]},"properties":{"w":0.42}},{"type":"Feature","geometry":{"type":"Point","coordinates":[15.840298,47.91005]},"properties":{"w":0.3569}},{"type":"Feature","geometry":{"type":"Point","coordinates":[16.42852,47.897207]},"properties":{"w":0.5119}},{"type":"Feature","geometry":{"type":"Point","coordinates":[15.849884,47.90967]},"properties":{"w":0.4727}},{"type":"Feature","geometry":{"type":"Point","coordinates":[13.379852,47.939184]},"properties":{"w":0.569}},{"type":"Feature","geometry":{"type":"Point","coordinates":[15.647451,47.908556]},"properties":{"w":0.3719}},{"type":"Feature","geometry":{"type":"Point","coordinates":[15.812623,47.904612]},"properties":{"w":0.2867}},{"type":"Feature","geometry":{"type":"Point","coordinates":[13.434476,47.934954]},"properties":{"w":0.5417}},{"type":"Feature","geometry":{"type":"Point","coordinates":[16.366497,47.893386]},"properties":{"w":0.455}},{"type":"Feature","geometry":{"type":"Point","coordinates":[15.50813,47.909859]},"properties":{"w":0.3408}},{"type":"Feature","geometry":{"type":"Point","coordinates":[15.930907,47.899829]},"properties":{"w":0.3484}},{"type":"Feature","geometry":{"type":"Point","coordinates":[13.920318,47.926863]},"properties":{"w":0.3381}},{"type":"Feature","geometry":{"type":"Point","coordinates":[13.652405,47.933318]},"properties":{"w":0.5728}},{"type":"Feature","geometry":{"type":"Point","coordinates":[15.526443,47.907536]},"properties":{"w":0.3049}},{"type":"Feature","geometry":{"type":"Point","coordinates":[14.304954,47.923248]},"properties":{"w":0.3456}},{"type":"Feature","geometry":{"type":"Point","coordinates":[17.037151,47.897123]},"properties":{"w":0.9345}},{"type":"Feature","geometry":{"type":"Point","coordinates":[15.869153,47.906428]},"properties":{"w":0.4337}},{"type":"Feature","geometry":{"type":"Point","coordinates":[14.969871,47.915067]},"properties":{"w":0.2976}},{"type":"Feature","geometry":{"type":"Point","coordinates":[14.876766,47.914982]},"properties":{"w":0.2811}},{"type":"Feature","geometry":{"type":"Point","coordinates":[14.290982,47.920503]},"properties":{"w":0.3393}},{"type":"Feature","geometry":{"type":"Point","coordinates":[15.75636,47.900634]},"properties":{"w":0.2959}},{"type":"Feature","geometry":{"type":"Point","coordinates":[13.440256,47.924236]},"properties":{"w":0.3775}},{"type":"Feature","geometry":{"type":"Point","coordinates":[15.645287,47.903082]},"properties":{"w":0.4193}},{"type":"Feature","geometry":{"type":"Point","coordinates":[14.909615,47.914211]},"properties":{"w":0.3327}},{"type":"Feature","geometry":{"type":"Point","coordinates":[13.705367,47.927943]},"properties":{"w":0.5113}},{"type":"Feature","geometry":{"type":"Point","coordinates":[14.02348,47.921275]},"properties":{"w":0.2942}},{"type":"Feature","geometry":{"type":"Point","coordinates":[14.788864,47.918233]},"properties":{"w":0.3846}},{"type":"Feature","geometry":{"type":"Point","coordinates":[15.540488,47.90224]},"properties":{"w":0.3198}},{"type":"Feature","geometry":{"type":"Point","coordinates":[16.410276,47.882373]},"properties":{"w":0.3515}},{"type":"Feature","geometry":{"type":"Point","coordinates":[15.889092,47.894125]},"properties":{"w":0.2823}},{"type":"Feature","geometry":{"type":"Point","coordinates":[14.816383,47.912318]},"properties":{"w":0.3226}},{"type":"Feature","geometry":{"type":"Point","coordinates":[15.894592,47.896036]},"properties":{"w":0.4506}},{"type":"Feature","geometry":{"type":"Point","coordinates":[15.763694,47.899326]},"properties":{"w":0.4608}},{"type":"Feature","geometry":{"type":"Point","coordinates":[14.021785,47.917271]},"properties":{"w":0.3264}},{"type":"Feature","geometry":{"type":"Point","coordinates":[14.987935,47.907264]},"properties":{"w":0.3094}},{"type":"Feature","geometry":{"type":"Point","coordinates":[12.99271,47.920641]},"properties":{"w":0.3875}},{"type":"Feature","geometry":{"type":"Point","coordinates":[15.806895,47.898216]},"properties":{"w":0.4824}},{"type":"Feature","geometry":{"type":"Point","coordinates":[15.536031,47.896475]},"properties":{"w":0.2792}},{"type":"Feature","geometry":{"type":"Point","coordinates":[14.731599,47.911773]},"properties":{"w":0.3342}},{"type":"Feature","geometry":{"type":"Point","coordinates":[14.659588,47.911197]},"properties":{"w":0.2766}},{"type":"Feature","geometry":{"type":"Point","coordinates":[15.809314,47.891037]},"properties":{"w":0.2766}},{"type":"Feature","geometry":{"type":"Point","coordinates":[14.894153,47.907416]},"properties":{"w":0.337}},{"type":"Feature","geometry":{"type":"Point","coordinates":[15.699928,47.898278]},"properties":{"w":0.5421}},{"type":"Feature","geometry":{"type":"Point","coordinates":[13.698796,47.915926]},"properties":{"w":0.3354}},{"type":"Feature","geometry":{"type":"Point","coordinates":[15.548035,47.895506]},"properties":{"w":0.3381}},{"type":"Feature","geometry":{"type":"Point","coordinates":[14.292298,47.912862]},"properties":{"w":0.3506}},{"type":"Feature","geometry":{"type":"Point","coordinates":[15.393948,47.901376]},"properties":{"w":0.4255}},{"type":"Feature","geometry":{"type":"Point","coordinates":[15.782918,47.896523]},"properties":{"w":0.585}},{"type":"Feature","geometry":{"type":"Point","coordinates":[13.673793,47.914856]},"properties":{"w":0.2976}},{"type":"Feature","geometry":{"type":"Point","coordinates":[15.565719,47.902672]},"properties":{"w":0.4282}},{"type":"Feature","geometry":{"type":"Point","coordinates":[15.656895,47.891425]},"properties":{"w":0.3826}},{"type":"Feature","geometry":{"type":"Point","coordinates":[12.997898,47.914592]},"properties":{"w":0.3722}},{"type":"Feature","geometry":{"type":"Point","coordinates":[15.539185,47.89165]},"properties":{"w":0.3645}},{"type":"Feature","geometry":{"type":"Point","coordinates":[15.288984,47.897823]},"properties":{"w":0.3945}},{"type":"Feature","geometry":{"type":"Point","coordinates":[16.159825,47.893108]},"properties":{"w":0.7847}},{"type":"Feature","geometry":{"type":"Point","coordinates":[15.441866,47.898886]},"properties":{"w":0.3904}},{"type":"Feature","geometry":{"type":"Point","coordinates":[15.823724,47.886765]},"properties":{"w":0.4142}},{"type":"Feature","geometry":{"type":"Point","coordinates":[15.645881,47.889]},"properties":{"w":0.3742}},{"type":"Feature","geometry":{"type":"Point","coordinates":[14.352912,47.904925]},"properties":{"w":0.2903}},{"type":"Feature","geometry":{"type":"Point","coordinates":[14.048289,47.912457]},"properties":{"w":0.42}},{"type":"Feature","geometry":{"type":"Point","coordinates":[14.853509,47.899731]},"properties":{"w":0.3264}},{"type":"Feature","geometry":{"type":"Point","coordinates":[15.637016,47.887771]},"properties":{"w":0.3166}},{"type":"Feature","geometry":{"type":"Point","coordinates":[16.330176,47.872829]},"properties":{"w":0.4504}},{"type":"Feature","geometry":{"type":"Point","coordinates":[14.804966,47.908347]},"properties":{"w":0.5888}},{"type":"Feature","geometry":{"type":"Point","coordinates":[14.652787,47.903215]},"properties":{"w":0.3815}},{"type":"Feature","geometry":{"type":"Point","coordinates":[15.554127,47.887529]},"properties":{"w":0.3176}},{"type":"Feature","geometry":{"type":"Point","coordinates":[12.981636,47.907955]},"properties":{"w":0.4372}},{"type":"Feature","geometry":{"type":"Point","coordinates":[15.380967,47.900422]},"properties":{"w":0.6289}},{"type":"Feature","geometry":{"type":"Point","coordinates":[15.42007,47.89365]},"properties":{"w":0.4365}},{"type":"Feature","geometry":{"type":"Point","coordinates":[15.782406,47.883992]},"properties":{"w":0.4351}},{"type":"Feature","geometry":{"type":"Point","coordinates":[14.859137,47.896384]},"properties":{"w":0.3124}},{"type":"Feature","geometry":{"type":"Point","coordinates":[15.547448,47.883665]},"properties":{"w":0.2867}},{"type":"Feature","geometry":{"type":"Point","coordinates":[16.947968,47.85439]},"properties":{"w":0.5774}},{"type":"Feature","geometry":{"type":"Point","coordinates":[16.416159,47.862308]},"properties":{"w":0.308}},{"type":"Feature","geometry":{"type":"Point","coordinates":[15.803071,47.881775]},"properties":{"w":0.5143}},{"type":"Feature","geometry":{"type":"Point","coordinates":[14.370164,47.898681]},"properties":{"w":0.4263}},{"type":"Feature","geometry":{"type":"Point","coordinates":[15.740219,47.877767]},"properties":{"w":0.2867}},{"type":"Feature","geometry":{"type":"Point","coordinates":[14.651748,47.894825]},"properties":{"w":0.4}},{"type":"Feature","geometry":{"type":"Point","coordinates":[15.336561,47.898373]},"properties":{"w":0.6997}},{"type":"Feature","geometry":{"type":"Point","coordinates":[16.898008,47.863425]},"properties":{"w":0.8364}},{"type":"Feature","geometry":{"type":"Point","coordinates":[14.586434,47.895382]},"properties":{"w":0.3533}},{"type":"Feature","geometry":{"type":"Point","coordinates":[15.505625,47.881915]},"properties":{"w":0.3713}},{"type":"Feature","geometry":{"type":"Point","coordinates":[16.430979,47.860518]},"properties":{"w":0.495}},{"type":"Feature","geometry":{"type":"Point","coordinates":[15.657367,47.881233]},"properties":{"w":0.5028}},{"type":"Feature","geometry":{"type":"Point","coordinates":[14.630032,47.893037]},"properties":{"w":0.4266}},{"type":"Feature","geometry":{"type":"Point","coordinates":[16.493619,47.885202]},"properties":{"w":0.9292}},{"type":"Feature","geometry":{"type":"Point","coordinates":[16.278048,47.861148]},"properties":{"w":0.3778}},{"type":"Feature","geometry":{"type":"Point","coordinates":[14.757151,47.88929]},"properties":{"w":0.3013}},{"type":"Feature","geometry":{"type":"Point","coordinates":[14.650528,47.88982]},"properties":{"w":0.2792}},{"type":"Feature","geometry":{"type":"Point","coordinates":[15.952991,47.871716]},"properties":{"w":0.4692}},{"type":"Feature","geometry":{"type":"Point","coordinates":[15.55034,47.877725]},"properties":{"w":0.2948}},{"type":"Feature","geometry":{"type":"Point","coordinates":[14.910132,47.888429]},"properties":{"w":0.3775}},{"type":"Feature","geometry":{"type":"Point","coordinates":[15.475905,47.877669]},"properties":{"w":0.2959}},{"type":"Feature","geometry":{"type":"Point","coordinates":[15.812251,47.870414]},"properties":{"w":0.2976}},{"type":"Feature","geometry":{"type":"Point","coordinates":[13.869364,47.896386]},"properties":{"w":0.3553}},{"type":"Feature","geometry":{"type":"Point","coordinates":[15.649337,47.873067]},"properties":{"w":0.2786}},{"type":"Feature","geometry":{"type":"Point","coordinates":[15.536686,47.880487]},"properties":{"w":0.4443}},{"type":"Feature","geometry":{"type":"Point","coordinates":[15.527154,47.876858]},"properties":{"w":0.2959}},{"type":"Feature","geometry":{"type":"Point","coordinates":[13.998028,47.895116]},"properties":{"w":0.3897}},{"type":"Feature","geometry":{"type":"Point","coordinates":[15.518449,47.878414]},"properties":{"w":0.4234}},{"type":"Feature","geometry":{"type":"Point","coordinates":[15.819554,47.866947]},"properties":{"w":0.3844}},{"type":"Feature","geometry":{"type":"Point","coordinates":[16.588459,47.888118]},"properties":{"w":0.9318}},{"type":"Feature","geometry":{"type":"Point","coordinates":[15.734354,47.871998]},"properties":{"w":0.4755}},{"type":"Feature","geometry":{"type":"Point","coordinates":[15.499561,47.87706]},"properties":{"w":0.4879}},{"type":"Feature","geometry":{"type":"Point","coordinates":[16.434615,47.853259]},"properties":{"w":0.366}},{"type":"Feature","geometry":{"type":"Point","coordinates":[13.669154,47.895547]},"properties":{"w":0.5195}},{"type":"Feature","geometry":{"type":"Point","coordinates":[14.74915,47.886439]},"properties":{"w":0.4586}},{"type":"Feature","geometry":{"type":"Point","coordinates":[14.652548,47.884665]},"properties":{"w":0.3397}},{"type":"Feature","geometry":{"type":"Point","coordinates":[15.677157,47.874316]},"properties":{"w":0.5454}},{"type":"Feature","geometry":{"type":"Point","coordinates":[15.463877,47.875419]},"properties":{"w":0.3054}},{"type":"Feature","geometry":{"type":"Point","coordinates":[14.181454,47.89032]},"properties":{"w":0.3194}},{"type":"Feature","geometry":{"type":"Point","coordinates":[15.492473,47.87156]},"properties":{"w":0.3666}},{"type":"Feature","geometry":{"type":"Point","coordinates":[15.577345,47.869328]},"properties":{"w":0.3515}},{"type":"Feature","geometry":{"type":"Point","coordinates":[15.429891,47.877438]},"properties":{"w":0.549}},{"type":"Feature","geometry":{"type":"Point","coordinates":[15.479066,47.870507]},"properties":{"w":0.3739}},{"type":"Feature","geometry":{"type":"Point","coordinates":[15.731168,47.862081]},"properties":{"w":0.2766}},{"type":"Feature","geometry":{"type":"Point","coordinates":[16.355615,47.85743]},"properties":{"w":0.5776}},{"type":"Feature","geometry":{"type":"Point","coordinates":[15.566636,47.874383]},"properties":{"w":0.6088}},{"type":"Feature","geometry":{"type":"Point","coordinates":[15.798815,47.864522]},"properties":{"w":0.3623}},{"type":"Feature","geometry":{"type":"Point","coordinates":[15.434198,47.867883]},"properties":{"w":0.2836}},{"type":"Feature","geometry":{"type":"Point","coordinates":[13.834003,47.889878]},"properties":{"w":0.5697}},{"type":"Feature","geometry":{"type":"Point","coordinates":[14.352391,47.884054]},"properties":{"w":0.3203}},{"type":"Feature","geometry":{"type":"Point","coordinates":[13.357326,47.890201]},"properties":{"w":0.3907}},{"type":"Feature","geometry":{"type":"Point","coordinates":[16.267315,47.851564]},"properties":{"w":0.3959}},{"type":"Feature","geometry":{"type":"Point","coordinates":[15.687216,47.863745]},"properties":{"w":0.31}},{"type":"Feature","geometry":{"type":"Point","coordinates":[14.902704,47.877434]},"properties":{"w":0.3198}},{"type":"Feature","geometry":{"type":"Point","coordinates":[15.788625,47.861429]},"properties":{"w":0.4036}},{"type":"Feature","geometry":{"type":"Point","coordinates":[13.476369,47.885762]},"properties":{"w":0.43}},{"type":"Feature","geometry":{"type":"Point","coordinates":[14.382545,47.886359]},"properties":{"w":0.6113}},{"type":"Feature","geometry":{"type":"Point","coordinates":[14.18108,47.884106]},"properties":{"w":0.3924}},{"type":"Feature","geometry":{"type":"Point","coordinates":[16.417215,47.85159]},"properties":{"w":0.5256}},{"type":"Feature","geometry":{"type":"Point","coordinates":[16.889856,47.837746]},"properties":{"w":0.6173}},{"type":"Feature","geometry":{"type":"Point","coordinates":[15.6411,47.86866]},"properties":{"w":0.567}},{"type":"Feature","geometry":{"type":"Point","coordinates":[15.818542,47.859207]},"properties":{"w":0.4877}},{"type":"Feature","geometry":{"type":"Point","coordinates":[16.600287,47.839559]},"properties":{"w":0.4703}},{"type":"Feature","geometry":{"type":"Point","coordinates":[14.355187,47.875149]},"properties":{"w":0.2959}},{"type":"Feature","geometry":{"type":"Point","coordinates":[14.404188,47.878592]},"properties":{"w":0.4558}},{"type":"Feature","geometry":{"type":"Point","coordinates":[13.584758,47.879199]},"properties":{"w":0.3049}},{"type":"Feature","geometry":{"type":"Point","coordinates":[14.726681,47.872432]},"properties":{"w":0.3452}},{"type":"Feature","geometry":{"type":"Point","coordinates":[13.497931,47.882379]},"properties":{"w":0.4078}},{"type":"Feature","geometry":{"type":"Point","coordinates":[15.748974,47.857485]},"properties":{"w":0.4897}},{"type":"Feature","geometry":{"type":"Point","coordinates":[13.621397,47.878929]},"properties":{"w":0.4466}},{"type":"Feature","geometry":{"type":"Point","coordinates":[15.818525,47.852242]},"properties":{"w":0.3759}},{"type":"Feature","geometry":{"type":"Point","coordinates":[16.316624,47.840689]},"properties":{"w":0.3789}},{"type":"Feature","geometry":{"type":"Point","coordinates":[14.084595,47.874527]},"properties":{"w":0.3044}},{"type":"Feature","geometry":{"type":"Point","coordinates":[13.259572,47.896768]},"properties":{"w":0.8045}},{"type":"Feature","geometry":{"type":"Point","coordinates":[13.215721,47.875664]},"properties":{"w":0.3314}},{"type":"Feature","geometry":{"type":"Point","coordinates":[14.75992,47.870362]},"properties":{"w":0.3334}},{"type":"Feature","geometry":{"type":"Point","coordinates":[15.466707,47.858695]},"properties":{"w":0.3666}},{"type":"Feature","geometry":{"type":"Point","coordinates":[16.561489,47.836317]},"properties":{"w":0.54}},{"type":"Feature","geometry":{"type":"Point","coordinates":[14.733154,47.871838]},"properties":{"w":0.3696}},{"type":"Feature","geometry":{"type":"Point","coordinates":[15.655938,47.856429]},"properties":{"w":0.5035}},{"type":"Feature","geometry":{"type":"Point","coordinates":[15.677817,47.853276]},"properties":{"w":0.4455}},{"type":"Feature","geometry":{"type":"Point","coordinates":[14.638437,47.874111]},"properties":{"w":0.5917}},{"type":"Feature","geometry":{"type":"Point","coordinates":[15.482897,47.854634]},"properties":{"w":0.2766}},{"type":"Feature","geometry":{"type":"Point","coordinates":[14.911335,47.870924]},"properties":{"w":0.6124}},{"type":"Feature","geometry":{"type":"Point","coordinates":[15.75403,47.850663]},"properties":{"w":0.4156}},{"type":"Feature","geometry":{"type":"Point","coordinates":[16.913494,47.819139]},"properties":{"w":0.4568}},{"type":"Feature","geometry":{"type":"Point","coordinates":[14.981283,47.861188]},"properties":{"w":0.3013}},{"type":"Feature","geometry":{"type":"Point","coordinates":[16.887266,47.817656]},"properties":{"w":0.3234}},{"type":"Feature","geometry":{"type":"Point","coordinates":[14.040671,47.87127]},"properties":{"w":0.3844}},{"type":"Feature","geometry":{"type":"Point","coordinates":[14.101229,47.868861]},"properties":{"w":0.2959}},{"type":"Feature","geometry":{"type":"Point","coordinates":[14.921275,47.859432]},"properties":{"w":0.3423}},{"type":"Feature","geometry":{"type":"Point","coordinates":[15.640467,47.848407]},"properties":{"w":0.3176}},{"type":"Feature","geometry":{"type":"Point","coordinates":[13.891361,47.884083]},"properties":{"w":0.6893}},{"type":"Feature","geometry":{"type":"Point","coordinates":[15.436852,47.851249]},"properties":{"w":0.4457}},{"type":"Feature","geometry":{"type":"Point","coordinates":[14.892584,47.859565]},"properties":{"w":0.4442}},{"type":"Feature","geometry":{"type":"Point","coordinates":[15.678642,47.844369]},"properties":{"w":0.2878}},{"type":"Feature","geometry":{"type":"Point","coordinates":[15.507379,47.852373]},"properties":{"w":0.3952}},{"type":"Feature","geometry":{"type":"Point","coordinates":[15.852844,47.841247]},"properties":{"w":0.3234}},{"type":"Feature","geometry":{"type":"Point","coordinates":[13.640189,47.867826]},"properties":{"w":0.4851}},{"type":"Feature","geometry":{"type":"Point","coordinates":[13.655259,47.895994]},"properties":{"w":0.7645}},{"type":"Feature","geometry":{"type":"Point","coordinates":[14.376465,47.862784]},"properties":{"w":0.3029}},{"type":"Feature","geometry":{"type":"Point","coordinates":[15.533196,47.845731]},"properties":{"w":0.3598}},{"type":"Feature","geometry":{"type":"Point","coordinates":[15.92309,47.844947]},"properties":{"w":0.5469}},{"type":"Feature","geometry":{"type":"Point","coordinates":[16.204404,47.833793]},"properties":{"w":0.4296}},{"type":"Feature","geometry":{"type":"Point","coordinates":[14.727321,47.859735]},"properties":{"w":0.3456}},{"type":"Feature","geometry":{"type":"Point","coordinates":[15.411078,47.857263]},"properties":{"w":0.6075}},{"type":"Feature","geometry":{"type":"Point","coordinates":[15.482287,47.847177]},"properties":{"w":0.3427}},{"type":"Feature","geometry":{"type":"Point","coordinates":[15.465407,47.847369]},"properties":{"w":0.4344}},{"type":"Feature","geometry":{"type":"Point","coordinates":[15.369016,47.847377]},"properties":{"w":0.31}},{"type":"Feature","geometry":{"type":"Point","coordinates":[13.890821,47.862949]},"properties":{"w":0.3143}},{"type":"Feature","geometry":{"type":"Point","coordinates":[15.765146,47.844796]},"properties":{"w":0.4727}},{"type":"Feature","geometry":{"type":"Point","coordinates":[16.504934,47.821958]},"properties":{"w":0.3529}},{"type":"Feature","geometry":{"type":"Point","coordinates":[16.397248,47.825861]},"properties":{"w":0.3438}},{"type":"Feature","geometry":{"type":"Point","coordinates":[13.283066,47.869904]},"properties":{"w":0.497}},{"type":"Feature","geometry":{"type":"Point","coordinates":[13.386204,47.899177]},"properties":{"w":0.8677}},{"type":"Feature","geometry":{"type":"Point","coordinates":[14.484918,47.861974]},"properties":{"w":0.3844}},{"type":"Feature","geometry":{"type":"Point","coordinates":[15.755262,47.844075]},"properties":{"w":0.3867}},{"type":"Feature","geometry":{"type":"Point","coordinates":[13.875743,47.861017]},"properties":{"w":0.3044}},{"type":"Feature","geometry":{"type":"Point","coordinates":[15.341649,47.853943]},"properties":{"w":0.6132}},{"type":"Feature","geometry":{"type":"Point","coordinates":[15.76351,47.835718]},"properties":{"w":0.3198}},{"type":"Feature","geometry":{"type":"Point","coordinates":[14.943598,47.849822]},"properties":{"w":0.2786}},{"type":"Feature","geometry":{"type":"Point","coordinates":[15.711562,47.839368]},"properties":{"w":0.4802}},{"type":"Feature","geometry":{"type":"Point","coordinates":[15.375423,47.84307]},"properties":{"w":0.34}},{"type":"Feature","geometry":{"type":"Point","coordinates":[15.725877,47.850298]},"properties":{"w":0.6784}},{"type":"Feature","geometry":{"type":"Point","coordinates":[14.053084,47.860611]},"properties":{"w":0.4055}},{"type":"Feature","geometry":{"type":"Point","coordinates":[15.665031,47.838354]},"properties":{"w":0.3864}},{"type":"Feature","geometry":{"type":"Point","coordinates":[13.394109,47.859701]},"properties":{"w":0.3008}},{"type":"Feature","geometry":{"type":"Point","coordinates":[15.924272,47.833757]},"properties":{"w":0.3839}},{"type":"Feature","geometry":{"type":"Point","coordinates":[16.345165,47.83312]},"properties":{"w":0.7844}},{"type":"Feature","geometry":{"type":"Point","coordinates":[16.890324,47.807237]},"properties":{"w":0.4349}},{"type":"Feature","geometry":{"type":"Point","coordinates":[14.857084,47.84855]},"properties":{"w":0.2992}},{"type":"Feature","geometry":{"type":"Point","coordinates":[14.410773,47.852671]},"properties":{"w":0.2867}},{"type":"Feature","geometry":{"type":"Point","coordinates":[15.361891,47.841179]},"properties":{"w":0.3044}},{"type":"Feature","geometry":{"type":"Point","coordinates":[15.642825,47.835898]},"properties":{"w":0.2976}},{"type":"Feature","geometry":{"type":"Point","coordinates":[13.468075,47.872919]},"properties":{"w":0.7364}},{"type":"Feature","geometry":{"type":"Point","coordinates":[15.483069,47.839309]},"properties":{"w":0.3733}},{"type":"Feature","geometry":{"type":"Point","coordinates":[16.516626,47.813156]},"properties":{"w":0.3733}},{"type":"Feature","geometry":{"type":"Point","coordinates":[15.389399,47.838137]},"properties":{"w":0.2959}},{"type":"Feature","geometry":{"type":"Point","coordinates":[15.513173,47.836871]},"properties":{"w":0.3294}},{"type":"Feature","geometry":{"type":"Point","coordinates":[15.859071,47.828862]},"properties":{"w":0.4031}},{"type":"Feature","geometry":{"type":"Point","coordinates":[13.608014,47.862478]},"properties":{"w":0.7022}},{"type":"Feature","geometry":{"type":"Point","coordinates":[14.992233,47.844196]},"properties":{"w":0.3654}},{"type":"Feature","geometry":{"type":"Point","coordinates":[16.931894,47.811394]},"properties":{"w":0.5995}},{"type":"Feature","geometry":{"type":"Point","coordinates":[15.469447,47.834901]},"properties":{"w":0.3044}},{"type":"Feature","geometry":{"type":"Point","coordinates":[15.369558,47.835778]},"properties":{"w":0.3884}},{"type":"Feature","geometry":{"type":"Point","coordinates":[15.495204,47.834258]},"properties":{"w":0.3302}},{"type":"Feature","geometry":{"type":"Point","coordinates":[13.626598,47.853095]},"properties":{"w":0.3844}},{"type":"Feature","geometry":{"type":"Point","coordinates":[13.839437,47.855014]},"properties":{"w":0.3699}},{"type":"Feature","geometry":{"type":"Point","coordinates":[15.29823,47.83888]},"properties":{"w":0.3823}},{"type":"Feature","geometry":{"type":"Point","coordinates":[16.283817,47.818595]},"properties":{"w":0.3996}},{"type":"Feature","geometry":{"type":"Point","coordinates":[15.573107,47.833826]},"properties":{"w":0.388}},{"type":"Feature","geometry":{"type":"Point","coordinates":[15.342346,47.837436]},"properties":{"w":0.4255}},{"type":"Feature","geometry":{"type":"Point","coordinates":[13.40742,47.859875]},"properties":{"w":0.5609}},{"type":"Feature","geometry":{"type":"Point","coordinates":[15.786588,47.833608]},"properties":{"w":0.532}},{"type":"Feature","geometry":{"type":"Point","coordinates":[16.17984,47.816381]},"properties":{"w":0.2779}},{"type":"Feature","geometry":{"type":"Point","coordinates":[14.814676,47.842737]},"properties":{"w":0.2867}},{"type":"Feature","geometry":{"type":"Point","coordinates":[15.629587,47.838472]},"properties":{"w":0.5558}},{"type":"Feature","geometry":{"type":"Point","coordinates":[14.840469,47.845633]},"properties":{"w":0.431}},{"type":"Feature","geometry":{"type":"Point","coordinates":[15.354704,47.83622]},"properties":{"w":0.3171}},{"type":"Feature","geometry":{"type":"Point","coordinates":[15.635297,47.829374]},"properties":{"w":0.2766}},{"type":"Feature","geometry":{"type":"Point","coordinates":[14.326316,47.846019]},"properties":{"w":0.2779}},{"type":"Feature","geometry":{"type":"Point","coordinates":[15.710581,47.828106]},"properties":{"w":0.4355}},{"type":"Feature","geometry":{"type":"Point","coordinates":[15.921273,47.821748]},"properties":{"w":0.3221}},{"type":"Feature","geometry":{"type":"Point","coordinates":[15.745632,47.824637]},"properties":{"w":0.3666}},{"type":"Feature","geometry":{"type":"Point","coordinates":[15.64912,47.830017]},"properties":{"w":0.5065}},{"type":"Feature","geometry":{"type":"Point","coordinates":[14.78173,47.83983]},"properties":{"w":0.2867}},{"type":"Feature","geometry":{"type":"Point","coordinates":[16.314893,47.815452]},"properties":{"w":0.5894}},{"type":"Feature","geometry":{"type":"Point","coordinates":[13.63588,47.84763]},"properties":{"w":0.4841}},{"type":"Feature","geometry":{"type":"Point","coordinates":[14.389339,47.845332]},"properties":{"w":0.323}},{"type":"Feature","geometry":{"type":"Point","coordinates":[13.991013,47.846659]},"properties":{"w":0.3512}},{"type":"Feature","geometry":{"type":"Point","coordinates":[13.915804,47.847101]},"properties":{"w":0.4546}},{"type":"Feature","geometry":{"type":"Point","coordinates":[15.327917,47.83054]},"properties":{"w":0.3397}},{"type":"Feature","geometry":{"type":"Point","coordinates":[14.29053,47.843969]},"properties":{"w":0.3198}},{"type":"Feature","geometry":{"type":"Point","coordinates":[15.451385,47.831586]},"properties":{"w":0.5018}},{"type":"Feature","geometry":{"type":"Point","coordinates":[15.727645,47.821396]},"properties":{"w":0.3928}},{"type":"Feature","geometry":{"type":"Point","coordinates":[13.729197,47.843827]},"properties":{"w":0.3203}},{"type":"Feature","geometry":{"type":"Point","coordinates":[14.028166,47.844419]},"properties":{"w":0.3877}},{"type":"Feature","geometry":{"type":"Point","coordinates":[13.929091,47.842508]},"properties":{"w":0.3285}},{"type":"Feature","geometry":{"type":"Point","coordinates":[14.820893,47.8372]},"properties":{"w":0.3124}},{"type":"Feature","geometry":{"type":"Point","coordinates":[14.494316,47.839567]},"properties":{"w":0.2798}},{"type":"Feature","geometry":{"type":"Point","coordinates":[16.450151,47.813921]},"properties":{"w":0.7391}},{"type":"Feature","geometry":{"type":"Point","coordinates":[15.714941,47.820403]},"properties":{"w":0.3595}},{"type":"Feature","geometry":{"type":"Point","coordinates":[14.299087,47.840703]},"properties":{"w":0.4224}},{"type":"Feature","geometry":{"type":"Point","coordinates":[15.925983,47.815858]},"properties":{"w":0.388}},{"type":"Feature","geometry":{"type":"Point","coordinates":[13.608344,47.841529]},"properties":{"w":0.3572}},{"type":"Feature","geometry":{"type":"Point","coordinates":[16.475543,47.800697]},"properties":{"w":0.3966}},{"type":"Feature","geometry":{"type":"Point","coordinates":[17.027742,47.824026]},"properties":{"w":0.9168}},{"type":"Feature","geometry":{"type":"Point","coordinates":[13.695182,47.842861]},"properties":{"w":0.503}},{"type":"Feature","geometry":{"type":"Point","coordinates":[14.502175,47.8399]},"properties":{"w":0.4495}},{"type":"Feature","geometry":{"type":"Point","coordinates":[13.675243,47.842286]},"properties":{"w":0.4167}},{"type":"Feature","geometry":{"type":"Point","coordinates":[14.334407,47.837157]},"properties":{"w":0.4122}},{"type":"Feature","geometry":{"type":"Point","coordinates":[15.340298,47.826353]},"properties":{"w":0.4349}},{"type":"Feature","geometry":{"type":"Point","coordinates":[15.395784,47.826793]},"properties":{"w":0.5372}},{"type":"Feature","geometry":{"type":"Point","coordinates":[14.382419,47.838359]},"properties":{"w":0.4917}},{"type":"Feature","geometry":{"type":"Point","coordinates":[14.12556,47.836883]},"properties":{"w":0.3366}},{"type":"Feature","geometry":{"type":"Point","coordinates":[15.636812,47.815212]},"properties":{"w":0.2766}},{"type":"Feature","geometry":{"type":"Point","coordinates":[16.574815,47.797007]},"properties":{"w":0.5947}},{"type":"Feature","geometry":{"type":"Point","coordinates":[13.652707,47.838292]},"properties":{"w":0.3875}},{"type":"Feature","geometry":{"type":"Point","coordinates":[15.32441,47.821175]},"properties":{"w":0.369}},{"type":"Feature","geometry":{"type":"Point","coordinates":[15.920029,47.809523]},"properties":{"w":0.3124}},{"type":"Feature","geometry":{"type":"Point","coordinates":[14.899441,47.829591]},"properties":{"w":0.4009}},{"type":"Feature","geometry":{"type":"Point","coordinates":[14.529766,47.830602]},"properties":{"w":0.2798}},{"type":"Feature","geometry":{"type":"Point","coordinates":[14.606207,47.8322]},"properties":{"w":0.4611}},{"type":"Feature","geometry":{"type":"Point","coordinates":[14.565771,47.832517]},"properties":{"w":0.2867}},{"type":"Feature","geometry":{"type":"Point","coordinates":[14.577681,47.832841]},"properties":{"w":0.3684}},{"type":"Feature","geometry":{"type":"Point","coordinates":[13.907329,47.83664]},"properties":{"w":0.5202}},{"type":"Feature","geometry":{"type":"Point","coordinates":[15.331548,47.818283]},"properties":{"w":0.3478}},{"type":"Feature","geometry":{"type":"Point","coordinates":[14.337219,47.829901]},"properties":{"w":0.2867}},{"type":"Feature","geometry":{"type":"Point","coordinates":[15.380613,47.821886]},"properties":{"w":0.4678}},{"type":"Feature","geometry":{"type":"Point","coordinates":[14.051848,47.833863]},"properties":{"w":0.4202}},{"type":"Feature","geometry":{"type":"Point","coordinates":[15.345365,47.815987]},"properties":{"w":0.347}},{"type":"Feature","geometry":{"type":"Point","coordinates":[16.419097,47.799944]},"properties":{"w":0.6423}},{"type":"Feature","geometry":{"type":"Point","coordinates":[16.978272,47.81542]},"properties":{"w":0.8974}},{"type":"Feature","geometry":{"type":"Point","coordinates":[15.490017,47.819965]},"properties":{"w":0.5153}},{"type":"Feature","geometry":{"type":"Point","coordinates":[13.871586,47.834676]},"properties":{"w":0.4418}},{"type":"Feature","geometry":{"type":"Point","coordinates":[15.663974,47.811113]},"properties":{"w":0.4198}},{"type":"Feature","geometry":{"type":"Point","coordinates":[13.667886,47.833993]},"properties":{"w":0.4342}},{"type":"Feature","geometry":{"type":"Point","coordinates":[13.703086,47.834323]},"properties":{"w":0.4854}},{"type":"Feature","geometry":{"type":"Point","coordinates":[14.906943,47.825761]},"properties":{"w":0.4289}},{"type":"Feature","geometry":{"type":"Point","coordinates":[16.353387,47.792999]},"properties":{"w":0.309}},{"type":"Feature","geometry":{"type":"Point","coordinates":[15.570009,47.813045]},"properties":{"w":0.3039}},{"type":"Feature","geometry":{"type":"Point","coordinates":[13.578748,47.831717]},"properties":{"w":0.3049}},{"type":"Feature","geometry":{"type":"Point","coordinates":[14.801264,47.826844]},"properties":{"w":0.3789}},{"type":"Feature","geometry":{"type":"Point","coordinates":[16.325039,47.798505]},"properties":{"w":0.5413}},{"type":"Feature","geometry":{"type":"Point","coordinates":[15.341091,47.812158]},"properties":{"w":0.2867}},{"type":"Feature","geometry":{"type":"Point","coordinates":[14.181101,47.827502]},"properties":{"w":0.3198}},{"type":"Feature","geometry":{"type":"Point","coordinates":[14.231124,47.826846]},"properties":{"w":0.2867}},{"type":"Feature","geometry":{"type":"Point","coordinates":[14.672257,47.824506]},"properties":{"w":0.3044}},{"type":"Feature","geometry":{"type":"Point","coordinates":[14.962439,47.829862]},"properties":{"w":0.547}},{"type":"Feature","geometry":{"type":"Point","coordinates":[14.583956,47.825095]},"properties":{"w":0.3124}},{"type":"Feature","geometry":{"type":"Point","coordinates":[13.874294,47.828411]},"properties":{"w":0.3334}},{"type":"Feature","geometry":{"type":"Point","coordinates":[14.732534,47.822112]},"properties":{"w":0.2867}},{"type":"Feature","geometry":{"type":"Point","coordinates":[15.478133,47.810823]},"properties":{"w":0.4027}},{"type":"Feature","geometry":{"type":"Point","coordinates":[14.103589,47.83256]},"properties":{"w":0.5089}},{"type":"Feature","geometry":{"type":"Point","coordinates":[13.468984,47.828492]},"properties":{"w":0.3909}},{"type":"Feature","geometry":{"type":"Point","coordinates":[15.730167,47.802077]},"properties":{"w":0.3247}},{"type":"Feature","geometry":{"type":"Point","coordinates":[13.765645,47.826585]},"properties":{"w":0.3589}},{"type":"Feature","geometry":{"type":"Point","coordinates":[14.090745,47.825526]},"properties":{"w":0.3536}},{"type":"Feature","geometry":{"type":"Point","coordinates":[15.52557,47.805776]},"properties":{"w":0.2867}},{"type":"Feature","geometry":{"type":"Point","coordinates":[14.08189,47.821805]},"properties":{"w":0.3044}},{"type":"Feature","geometry":{"type":"Point","coordinates":[13.861893,47.823432]},"properties":{"w":0.3044}},{"type":"Feature","geometry":{"type":"Point","coordinates":[13.620753,47.82585]},"properties":{"w":0.3346}},{"type":"Feature","geometry":{"type":"Point","coordinates":[14.284349,47.820001]},"properties":{"w":0.2919}},{"type":"Feature","geometry":{"type":"Point","coordinates":[13.48983,47.829858]},"properties":{"w":0.4872}},{"type":"Feature","geometry":{"type":"Point","coordinates":[16.507857,47.78151]},"properties":{"w":0.4565}},{"type":"Feature","geometry":{"type":"Point","coordinates":[13.97643,47.823211]},"properties":{"w":0.2959}},{"type":"Feature","geometry":{"type":"Point","coordinates":[15.511826,47.804805]},"properties":{"w":0.3373}},{"type":"Feature","geometry":{"type":"Point","coordinates":[14.562037,47.818324]},"properties":{"w":0.2867}},{"type":"Feature","geometry":{"type":"Point","coordinates":[15.449324,47.803172]},"properties":{"w":0.3039}},{"type":"Feature","geometry":{"type":"Point","coordinates":[13.476728,47.821017]},"properties":{"w":0.3044}},{"type":"Feature","geometry":{"type":"Point","coordinates":[14.898954,47.813081]},"properties":{"w":0.4248}},{"type":"Feature","geometry":{"type":"Point","coordinates":[14.056702,47.820996]},"properties":{"w":0.3044}},{"type":"Feature","geometry":{"type":"Point","coordinates":[14.234108,47.818793]},"properties":{"w":0.4101}},{"type":"Feature","geometry":{"type":"Point","coordinates":[14.574638,47.815952]},"properties":{"w":0.3251}},{"type":"Feature","geometry":{"type":"Point","coordinates":[14.673874,47.814335]},"properties":{"w":0.3456}},{"type":"Feature","geometry":{"type":"Point","coordinates":[14.368327,47.818428]},"properties":{"w":0.375}},{"type":"Feature","geometry":{"type":"Point","coordinates":[14.588377,47.813632]},"properties":{"w":0.2766}},{"type":"Feature","geometry":{"type":"Point","coordinates":[14.321946,47.819034]},"properties":{"w":0.4243}},{"type":"Feature","geometry":{"type":"Point","coordinates":[13.440955,47.820801]},"properties":{"w":0.5499}},{"type":"Feature","geometry":{"type":"Point","coordinates":[14.353973,47.815478]},"properties":{"w":0.3334}},{"type":"Feature","geometry":{"type":"Point","coordinates":[16.14738,47.79135]},"properties":{"w":0.5446}},{"type":"Feature","geometry":{"type":"Point","coordinates":[16.361572,47.785091]},"properties":{"w":0.5724}},{"type":"Feature","geometry":{"type":"Point","coordinates":[13.321248,47.817885]},"properties":{"w":0.3693}},{"type":"Feature","geometry":{"type":"Point","coordinates":[14.294367,47.816297]},"properties":{"w":0.4217}},{"type":"Feature","geometry":{"type":"Point","coordinates":[15.600327,47.798251]},"properties":{"w":0.3935}},{"type":"Feature","geometry":{"type":"Point","coordinates":[14.582587,47.811716]},"properties":{"w":0.2766}},{"type":"Feature","geometry":{"type":"Point","coordinates":[15.587658,47.795337]},"properties":{"w":0.3119}},{"type":"Feature","geometry":{"type":"Point","coordinates":[14.485288,47.814915]},"properties":{"w":0.4938}},{"type":"Feature","geometry":{"type":"Point","coordinates":[13.628639,47.819596]},"properties":{"w":0.4138}},{"type":"Feature","geometry":{"type":"Point","coordinates":[14.898212,47.806452]},"properties":{"w":0.4014}},{"type":"Feature","geometry":{"type":"Point","coordinates":[15.338161,47.801696]},"properties":{"w":0.3381}},{"type":"Feature","geometry":{"type":"Point","coordinates":[13.85633,47.817992]},"properties":{"w":0.4166}},{"type":"Feature","geometry":{"type":"Point","coordinates":[15.370831,47.798372]},"properties":{"w":0.3198}},{"type":"Feature","geometry":{"type":"Point","coordinates":[13.597832,47.820027]},"properties":{"w":0.6379}},{"type":"Feature","geometry":{"type":"Point","coordinates":[15.422437,47.808347]},"properties":{"w":0.6968}},{"type":"Feature","geometry":{"type":"Point","coordinates":[14.729099,47.806513]},"properties":{"w":0.3143}},{"type":"Feature","geometry":{"type":"Point","coordinates":[15.323797,47.796966]},"properties":{"w":0.3759}},{"type":"Feature","geometry":{"type":"Point","coordinates":[15.382251,47.798766]},"properties":{"w":0.308}},{"type":"Feature","geometry":{"type":"Point","coordinates":[13.982161,47.811915]},"properties":{"w":0.3039}},{"type":"Feature","geometry":{"type":"Point","coordinates":[16.211395,47.779593]},"properties":{"w":0.4312}},{"type":"Feature","geometry":{"type":"Point","coordinates":[14.042337,47.81083]},"properties":{"w":0.3713}},{"type":"Feature","geometry":{"type":"Point","coordinates":[15.697943,47.788579]},"properties":{"w":0.3124}},{"type":"Feature","geometry":{"type":"Point","coordinates":[15.571159,47.790968]},"properties":{"w":0.3124}},{"type":"Feature","geometry":{"type":"Point","coordinates":[14.541705,47.805582]},"properties":{"w":0.2766}},{"type":"Feature","geometry":{"type":"Point","coordinates":[14.880317,47.801206]},"properties":{"w":0.3268}},{"type":"Feature","geometry":{"type":"Point","coordinates":[15.388546,47.7936]},"properties":{"w":0.3194}},{"type":"Feature","geometry":{"type":"Point","coordinates":[14.571041,47.803586]},"properties":{"w":0.2867}},{"type":"Feature","geometry":{"type":"Point","coordinates":[14.410033,47.809498]},"properties":{"w":0.6144}},{"type":"Feature","geometry":{"type":"Point","coordinates":[15.36234,47.789865]},"properties":{"w":0.309}},{"type":"Feature","geometry":{"type":"Point","coordinates":[16.638803,47.774555]},"properties":{"w":0.7579}},{"type":"Feature","geometry":{"type":"Point","coordinates":[15.376949,47.789615]},"properties":{"w":0.3044}},{"type":"Feature","geometry":{"type":"Point","coordinates":[13.921551,47.803784]},"properties":{"w":0.2959}},{"type":"Feature","geometry":{"type":"Point","coordinates":[15.651385,47.782158]},"properties":{"w":0.2766}},{"type":"Feature","geometry":{"type":"Point","coordinates":[15.526419,47.788484]},"properties":{"w":0.3582}},{"type":"Feature","geometry":{"type":"Point","coordinates":[15.708833,47.783566]},"properties":{"w":0.5114}},{"type":"Feature","geometry":{"type":"Point","coordinates":[13.654073,47.808342]},"properties":{"w":0.6028}},{"type":"Feature","geometry":{"type":"Point","coordinates":[15.54391,47.786908]},"properties":{"w":0.4475}},{"type":"Feature","geometry":{"type":"Point","coordinates":[16.368717,47.768671]},"properties":{"w":0.5716}},{"type":"Feature","geometry":{"type":"Point","coordinates":[14.000668,47.803948]},"properties":{"w":0.2867}},{"type":"Feature","geometry":{"type":"Point","coordinates":[15.840482,47.77803]},"properties":{"w":0.3864}},{"type":"Feature","geometry":{"type":"Point","coordinates":[15.232486,47.791227]},"properties":{"w":0.4938}},{"type":"Feature","geometry":{"type":"Point","coordinates":[14.570045,47.79738]},"properties":{"w":0.2867}},{"type":"Feature","geometry":{"type":"Point","coordinates":[16.487745,47.76166]},"properties":{"w":0.3902}},{"type":"Feature","geometry":{"type":"Point","coordinates":[13.223777,47.803125]},"properties":{"w":0.3322}},{"type":"Feature","geometry":{"type":"Point","coordinates":[15.462953,47.7865]},"properties":{"w":0.4686}},{"type":"Feature","geometry":{"type":"Point","coordinates":[15.473091,47.78162]},"properties":{"w":0.3044}},{"type":"Feature","geometry":{"type":"Point","coordinates":[16.412708,47.765586]},"properties":{"w":0.5342}},{"type":"Feature","geometry":{"type":"Point","coordinates":[15.694119,47.778147]},"properties":{"w":0.3039}},{"type":"Feature","geometry":{"type":"Point","coordinates":[14.858734,47.794903]},"properties":{"w":0.3813}},{"type":"Feature","geometry":{"type":"Point","coordinates":[14.010149,47.798515]},"properties":{"w":0.3264}},{"type":"Feature","geometry":{"type":"Point","coordinates":[16.083312,47.769242]},"properties":{"w":0.503}},{"type":"Feature","geometry":{"type":"Point","coordinates":[16.582508,47.768252]},"properties":{"w":0.7905}},{"type":"Feature","geometry":{"type":"Point","coordinates":[15.213843,47.785172]},"properties":{"w":0.3764}},{"type":"Feature","geometry":{"type":"Point","coordinates":[13.935069,47.798691]},"properties":{"w":0.2959}},{"type":"Feature","geometry":{"type":"Point","coordinates":[16.917827,47.750462]},"properties":{"w":0.6478}},{"type":"Feature","geometry":{"type":"Point","coordinates":[13.344772,47.804613]},"properties":{"w":0.5908}},{"type":"Feature","geometry":{"type":"Point","coordinates":[14.89779,47.787631]},"properties":{"w":0.2766}},{"type":"Feature","geometry":{"type":"Point","coordinates":[15.389261,47.778731]},"properties":{"w":0.307}},{"type":"Feature","geometry":{"type":"Point","coordinates":[16.381579,47.758309]},"properties":{"w":0.2937}},{"type":"Feature","geometry":{"type":"Point","coordinates":[16.952606,47.759431]},"properties":{"w":0.7872}},{"type":"Feature","geometry":{"type":"Point","coordinates":[14.049221,47.796869]},"properties":{"w":0.5144}},{"type":"Feature","geometry":{"type":"Point","coordinates":[14.577709,47.793936]},"properties":{"w":0.4761}},{"type":"Feature","geometry":{"type":"Point","coordinates":[14.501137,47.79628]},"properties":{"w":0.5535}},{"type":"Feature","geometry":{"type":"Point","coordinates":[15.267401,47.781194]},"properties":{"w":0.4603}},{"type":"Feature","geometry":{"type":"Point","coordinates":[16.393832,47.755489]},"properties":{"w":0.3938}},{"type":"Feature","geometry":{"type":"Point","coordinates":[13.863269,47.794392]},"properties":{"w":0.3234}},{"type":"Feature","geometry":{"type":"Point","coordinates":[14.067401,47.792455]},"properties":{"w":0.2959}},{"type":"Feature","geometry":{"type":"Point","coordinates":[14.105797,47.794444]},"properties":{"w":0.4208}},{"type":"Feature","geometry":{"type":"Point","coordinates":[15.641287,47.771394]},"properties":{"w":0.319}},{"type":"Feature","geometry":{"type":"Point","coordinates":[14.510367,47.787796]},"properties":{"w":0.3143}},{"type":"Feature","geometry":{"type":"Point","coordinates":[15.289908,47.777807]},"properties":{"w":0.2836}},{"type":"Feature","geometry":{"type":"Point","coordinates":[15.857428,47.76677]},"properties":{"w":0.2829}},{"type":"Feature","geometry":{"type":"Point","coordinates":[15.874883,47.765553]},"properties":{"w":0.2867}},{"type":"Feature","geometry":{"type":"Point","coordinates":[15.415098,47.776738]},"properties":{"w":0.3761}},{"type":"Feature","geometry":{"type":"Point","coordinates":[15.427946,47.78326]},"properties":{"w":0.5787}},{"type":"Feature","geometry":{"type":"Point","coordinates":[13.352606,47.79246]},"properties":{"w":0.3529}},{"type":"Feature","geometry":{"type":"Point","coordinates":[15.408902,47.773938]},"properties":{"w":0.3302}},{"type":"Feature","geometry":{"type":"Point","coordinates":[13.7997,47.791576]},"properties":{"w":0.4146}},{"type":"Feature","geometry":{"type":"Point","coordinates":[14.060534,47.788284]},"properties":{"w":0.2766}},{"type":"Feature","geometry":{"type":"Point","coordinates":[13.693424,47.803206]},"properties":{"w":0.6761}},{"type":"Feature","geometry":{"type":"Point","coordinates":[17.046403,47.752802]},"properties":{"w":0.804}},{"type":"Feature","geometry":{"type":"Point","coordinates":[14.121442,47.790225]},"properties":{"w":0.2766}},{"type":"Feature","geometry":{"type":"Point","coordinates":[13.87755,47.790069]},"properties":{"w":0.5395}},{"type":"Feature","geometry":{"type":"Point","coordinates":[15.392073,47.773743]},"properties":{"w":0.4154}},{"type":"Feature","geometry":{"type":"Point","coordinates":[15.602995,47.767868]},"properties":{"w":0.2867}},{"type":"Feature","geometry":{"type":"Point","coordinates":[13.990163,47.786049]},"properties":{"w":0.3456}},{"type":"Feature","geometry":{"type":"Point","coordinates":[14.556134,47.782845]},"properties":{"w":0.2766}},{"type":"Feature","geometry":{"type":"Point","coordinates":[15.567257,47.766564]},"properties":{"w":0.3044}},{"type":"Feature","geometry":{"type":"Point","coordinates":[13.798111,47.785491]},"properties":{"w":0.3334}},{"type":"Feature","geometry":{"type":"Point","coordinates":[14.111172,47.787069]},"properties":{"w":0.394}},{"type":"Feature","geometry":{"type":"Point","coordinates":[14.139274,47.784371]},"properties":{"w":0.3921}},{"type":"Feature","geometry":{"type":"Point","coordinates":[15.494061,47.764858]},"properties":{"w":0.3427}},{"type":"Feature","geometry":{"type":"Point","coordinates":[13.846325,47.786862]},"properties":{"w":0.474}},{"type":"Feature","geometry":{"type":"Point","coordinates":[13.888951,47.783709]},"properties":{"w":0.3924}},{"type":"Feature","geometry":{"type":"Point","coordinates":[13.276923,47.783598]},"properties":{"w":0.2733}},{"type":"Feature","geometry":{"type":"Point","coordinates":[14.092863,47.782767]},"properties":{"w":0.3441}},{"type":"Feature","geometry":{"type":"Point","coordinates":[16.523126,47.743355]},"properties":{"w":0.496}},{"type":"Feature","geometry":{"type":"Point","coordinates":[16.225834,47.754488]},"properties":{"w":0.5534}},{"type":"Feature","geometry":{"type":"Point","coordinates":[13.60606,47.783923]},"properties":{"w":0.3216}},{"type":"Feature","geometry":{"type":"Point","coordinates":[15.966158,47.753458]},"properties":{"w":0.3601}},{"type":"Feature","geometry":{"type":"Point","coordinates":[14.129254,47.780447]},"properties":{"w":0.3044}},{"type":"Feature","geometry":{"type":"Point","coordinates":[14.535472,47.777002]},"properties":{"w":0.3334}},{"type":"Feature","geometry":{"type":"Point","coordinates":[13.45218,47.788162]},"properties":{"w":0.6179}},{"type":"Feature","geometry":{"type":"Point","coordinates":[15.278705,47.765494]},"properties":{"w":0.2811}},{"type":"Feature","geometry":{"type":"Point","coordinates":[14.595263,47.776227]},"properties":{"w":0.3389}},{"type":"Feature","geometry":{"type":"Point","coordinates":[14.111944,47.779942]},"properties":{"w":0.3124}},{"type":"Feature","geometry":{"type":"Point","coordinates":[15.250132,47.764046]},"properties":{"w":0.2805}},{"type":"Feature","geometry":{"type":"Point","coordinates":[13.776109,47.778339]},"properties":{"w":0.3713}},{"type":"Feature","geometry":{"type":"Point","coordinates":[14.568589,47.773421]},"properties":{"w":0.3666}},{"type":"Feature","geometry":{"type":"Point","coordinates":[15.627671,47.759039]},"properties":{"w":0.3268}},{"type":"Feature","geometry":{"type":"Point","coordinates":[16.010866,47.763296]},"properties":{"w":0.7341}},{"type":"Feature","geometry":{"type":"Point","coordinates":[13.547506,47.778169]},"properties":{"w":0.2836}},{"type":"Feature","geometry":{"type":"Point","coordinates":[15.230504,47.767806]},"properties":{"w":0.335}},{"type":"Feature","geometry":{"type":"Point","coordinates":[15.652711,47.754769]},"properties":{"w":0.2766}},{"type":"Feature","geometry":{"type":"Point","coordinates":[14.085866,47.776591]},"properties":{"w":0.2959}},{"type":"Feature","geometry":{"type":"Point","coordinates":[14.015723,47.778519]},"properties":{"w":0.3852}},{"type":"Feature","geometry":{"type":"Point","coordinates":[15.591634,47.755424]},"properties":{"w":0.3566}},{"type":"Feature","geometry":{"type":"Point","coordinates":[14.047338,47.782709]},"properties":{"w":0.563}},{"type":"Feature","geometry":{"type":"Point","coordinates":[15.556403,47.756221]},"properties":{"w":0.2766}},{"type":"Feature","geometry":{"type":"Point","coordinates":[14.125228,47.775623]},"properties":{"w":0.2766}},{"type":"Feature","geometry":{"type":"Point","coordinates":[14.523091,47.77816]},"properties":{"w":0.5378}},{"type":"Feature","geometry":{"type":"Point","coordinates":[14.582305,47.773697]},"properties":{"w":0.5226}},{"type":"Feature","geometry":{"type":"Point","coordinates":[15.562649,47.772154]},"properties":{"w":0.6947}},{"type":"Feature","geometry":{"type":"Point","coordinates":[16.072873,47.748713]},"properties":{"w":0.5222}},{"type":"Feature","geometry":{"type":"Point","coordinates":[14.030276,47.774923]},"properties":{"w":0.3456}},{"type":"Feature","geometry":{"type":"Point","coordinates":[16.064166,47.743856]},"properties":{"w":0.3488}},{"type":"Feature","geometry":{"type":"Point","coordinates":[14.563452,47.769098]},"properties":{"w":0.3044}},{"type":"Feature","geometry":{"type":"Point","coordinates":[13.842143,47.77447]},"properties":{"w":0.2959}},{"type":"Feature","geometry":{"type":"Point","coordinates":[15.468808,47.757395]},"properties":{"w":0.4317}},{"type":"Feature","geometry":{"type":"Point","coordinates":[15.606107,47.754564]},"properties":{"w":0.3823}},{"type":"Feature","geometry":{"type":"Point","coordinates":[15.269406,47.758963]},"properties":{"w":0.3961}},{"type":"Feature","geometry":{"type":"Point","coordinates":[13.708524,47.775562]},"properties":{"w":0.3909}},{"type":"Feature","geometry":{"type":"Point","coordinates":[14.233527,47.771376]},"properties":{"w":0.3945}},{"type":"Feature","geometry":{"type":"Point","coordinates":[13.585059,47.773407]},"properties":{"w":0.3198}},{"type":"Feature","geometry":{"type":"Point","coordinates":[13.906239,47.774326]},"properties":{"w":0.4526}},{"type":"Feature","geometry":{"type":"Point","coordinates":[16.893455,47.730352]},"properties":{"w":0.7686}},{"type":"Feature","geometry":{"type":"Point","coordinates":[16.054958,47.741056]},"properties":{"w":0.2964}},{"type":"Feature","geometry":{"type":"Point","coordinates":[15.430245,47.752414]},"properties":{"w":0.2878}},{"type":"Feature","geometry":{"type":"Point","coordinates":[14.088382,47.769146]},"properties":{"w":0.4091}},{"type":"Feature","geometry":{"type":"Point","coordinates":[14.890225,47.762412]},"properties":{"w":0.2842}},{"type":"Feature","geometry":{"type":"Point","coordinates":[15.637628,47.747683]},"properties":{"w":0.3713}},{"type":"Feature","geometry":{"type":"Point","coordinates":[15.337497,47.753804]},"properties":{"w":0.2919}},{"type":"Feature","geometry":{"type":"Point","coordinates":[14.151523,47.770359]},"properties":{"w":0.3358}},{"type":"Feature","geometry":{"type":"Point","coordinates":[14.934186,47.762914]},"properties":{"w":0.4736}},{"type":"Feature","geometry":{"type":"Point","coordinates":[13.601248,47.770077]},"properties":{"w":0.3478}},{"type":"Feature","geometry":{"type":"Point","coordinates":[13.929748,47.768421]},"properties":{"w":0.3139}},{"type":"Feature","geometry":{"type":"Point","coordinates":[15.996916,47.7409]},"properties":{"w":0.5004}},{"type":"Feature","geometry":{"type":"Point","coordinates":[14.137845,47.766767]},"properties":{"w":0.2896}},{"type":"Feature","geometry":{"type":"Point","coordinates":[13.845054,47.769924]},"properties":{"w":0.3582}},{"type":"Feature","geometry":{"type":"Point","coordinates":[14.517011,47.767148]},"properties":{"w":0.5587}},{"type":"Feature","geometry":{"type":"Point","coordinates":[13.45753,47.766967]},"properties":{"w":0.2627}},{"type":"Feature","geometry":{"type":"Point","coordinates":[15.622723,47.743774]},"properties":{"w":0.3358}},{"type":"Feature","geometry":{"type":"Point","coordinates":[14.613952,47.759898]},"properties":{"w":0.3115}},{"type":"Feature","geometry":{"type":"Point","coordinates":[13.882969,47.765993]},"properties":{"w":0.3884}},{"type":"Feature","geometry":{"type":"Point","coordinates":[13.874893,47.768592]},"properties":{"w":0.3334}},{"type":"Feature","geometry":{"type":"Point","coordinates":[13.558336,47.766365]},"properties":{"w":0.323}},{"type":"Feature","geometry":{"type":"Point","coordinates":[15.406911,47.747773]},"properties":{"w":0.5791}},{"type":"Feature","geometry":{"type":"Point","coordinates":[14.111928,47.763094]},"properties":{"w":0.3786}},{"type":"Feature","geometry":{"type":"Point","coordinates":[14.028987,47.768739]},"properties":{"w":0.5148}},{"type":"Feature","geometry":{"type":"Point","coordinates":[13.510181,47.764162]},"properties":{"w":0.3872}},{"type":"Feature","geometry":{"type":"Point","coordinates":[13.892934,47.76044]},"properties":{"w":0.2959}},{"type":"Feature","geometry":{"type":"Point","coordinates":[16.54374,47.722505]},"properties":{"w":0.5432}},{"type":"Feature","geometry":{"type":"Point","coordinates":[15.286517,47.750819]},"properties":{"w":0.5302}},{"type":"Feature","geometry":{"type":"Point","coordinates":[13.569355,47.761042]},"properties":{"w":0.3818}},{"type":"Feature","geometry":{"type":"Point","coordinates":[14.062386,47.758192]},"properties":{"w":0.3961}},{"type":"Feature","geometry":{"type":"Point","coordinates":[15.936137,47.737545]},"properties":{"w":0.6197}},{"type":"Feature","geometry":{"type":"Point","coordinates":[13.90121,47.758675]},"properties":{"w":0.3512}},{"type":"Feature","geometry":{"type":"Point","coordinates":[14.039097,47.756117]},"properties":{"w":0.3961}},{"type":"Feature","geometry":{"type":"Point","coordinates":[13.919764,47.758352]},"properties":{"w":0.5776}},{"type":"Feature","geometry":{"type":"Point","coordinates":[15.380552,47.739859]},"properties":{"w":0.3039}},{"type":"Feature","geometry":{"type":"Point","coordinates":[13.628524,47.757567]},"properties":{"w":0.3654}},{"type":"Feature","geometry":{"type":"Point","coordinates":[14.048608,47.760391]},"properties":{"w":0.4562}},{"type":"Feature","geometry":{"type":"Point","coordinates":[16.466166,47.730958]},"properties":{"w":0.7855}},{"type":"Feature","geometry":{"type":"Point","coordinates":[14.037483,47.751792]},"properties":{"w":0.2867}},{"type":"Feature","geometry":{"type":"Point","coordinates":[15.399707,47.7386]},"properties":{"w":0.5495}},{"type":"Feature","geometry":{"type":"Point","coordinates":[13.898663,47.75239]},"properties":{"w":0.3334}},{"type":"Feature","geometry":{"type":"Point","coordinates":[14.588854,47.753076]},"properties":{"w":0.5884}},{"type":"Feature","geometry":{"type":"Point","coordinates":[14.855397,47.744797]},"properties":{"w":0.3869}},{"type":"Feature","geometry":{"type":"Point","coordinates":[13.136447,47.753845]},"properties":{"w":0.3526}},{"type":"Feature","geometry":{"type":"Point","coordinates":[13.737751,47.75302]},"properties":{"w":0.4152}},{"type":"Feature","geometry":{"type":"Point","coordinates":[16.467209,47.708264]},"properties":{"w":0.386}},{"type":"Feature","geometry":{"type":"Point","coordinates":[13.507232,47.752778]},"properties":{"w":0.3696}},{"type":"Feature","geometry":{"type":"Point","coordinates":[13.333115,47.751991]},"properties":{"w":0.2817}},{"type":"Feature","geometry":{"type":"Point","coordinates":[13.633674,47.75104]},"properties":{"w":0.3298}},{"type":"Feature","geometry":{"type":"Point","coordinates":[13.986888,47.75878]},"properties":{"w":0.6795}},{"type":"Feature","geometry":{"type":"Point","coordinates":[13.536386,47.75314]},"properties":{"w":0.5003}},{"type":"Feature","geometry":{"type":"Point","coordinates":[15.850163,47.722145]},"properties":{"w":0.3124}},{"type":"Feature","geometry":{"type":"Point","coordinates":[14.952454,47.743384]},"properties":{"w":0.6269}},{"type":"Feature","geometry":{"type":"Point","coordinates":[16.964625,47.710627]},"properties":{"w":0.8443}},{"type":"Feature","geometry":{"type":"Point","coordinates":[13.284256,47.750385]},"properties":{"w":0.4958}},{"type":"Feature","geometry":{"type":"Point","coordinates":[13.126755,47.747364]},"properties":{"w":0.3844}},{"type":"Feature","geometry":{"type":"Point","coordinates":[16.891537,47.68928]},"properties":{"w":0.2861}},{"type":"Feature","geometry":{"type":"Point","coordinates":[16.877579,47.697881]},"properties":{"w":0.5885}},{"type":"Feature","geometry":{"type":"Point","coordinates":[13.807442,47.742836]},"properties":{"w":0.3872}},{"type":"Feature","geometry":{"type":"Point","coordinates":[13.15357,47.746432]},"properties":{"w":0.3198}},{"type":"Feature","geometry":{"type":"Point","coordinates":[15.834312,47.726861]},"properties":{"w":0.575}},{"type":"Feature","geometry":{"type":"Point","coordinates":[16.296518,47.739164]},"properties":{"w":0.8549}},{"type":"Feature","geometry":{"type":"Point","coordinates":[15.889288,47.727229]},"properties":{"w":0.8101}},{"type":"Feature","geometry":{"type":"Point","coordinates":[13.346538,47.749636]},"properties":{"w":0.4305}},{"type":"Feature","geometry":{"type":"Point","coordinates":[14.381565,47.735782]},"properties":{"w":0.2976}},{"type":"Feature","geometry":{"type":"Point","coordinates":[15.358644,47.722657]},"properties":{"w":0.2959}},{"type":"Feature","geometry":{"type":"Point","coordinates":[13.285062,47.739508]},"properties":{"w":0.2959}},{"type":"Feature","geometry":{"type":"Point","coordinates":[16.123153,47.706383]},"properties":{"w":0.3713}},{"type":"Feature","geometry":{"type":"Point","coordinates":[13.90748,47.747627]},"properties":{"w":0.6733}},{"type":"Feature","geometry":{"type":"Point","coordinates":[14.53233,47.739055]},"properties":{"w":0.5153}},{"type":"Feature","geometry":{"type":"Point","coordinates":[13.210995,47.74126]},"properties":{"w":0.3334}},{"type":"Feature","geometry":{"type":"Point","coordinates":[15.675321,47.715063]},"properties":{"w":0.3334}},{"type":"Feature","geometry":{"type":"Point","coordinates":[13.337418,47.739161]},"properties":{"w":0.3651}},{"type":"Feature","geometry":{"type":"Point","coordinates":[13.610251,47.737771]},"properties":{"w":0.335}},{"type":"Feature","geometry":{"type":"Point","coordinates":[13.305718,47.738562]},"properties":{"w":0.4177}},{"type":"Feature","geometry":{"type":"Point","coordinates":[16.282245,47.69994]},"properties":{"w":0.3255}},{"type":"Feature","geometry":{"type":"Point","coordinates":[14.577531,47.729978]},"properties":{"w":0.2959}},{"type":"Feature","geometry":{"type":"Point","coordinates":[16.230753,47.702221]},"properties":{"w":0.4232}},{"type":"Feature","geometry":{"type":"Point","coordinates":[14.025691,47.743584]},"properties":{"w":0.5882}},{"type":"Feature","geometry":{"type":"Point","coordinates":[13.928457,47.738619]},"properties":{"w":0.4968}},{"type":"Feature","geometry":{"type":"Point","coordinates":[16.257202,47.702836]},"properties":{"w":0.5266}},{"type":"Feature","geometry":{"type":"Point","coordinates":[14.074942,47.730008]},"properties":{"w":0.3044}},{"type":"Feature","geometry":{"type":"Point","coordinates":[16.060943,47.70009]},"properties":{"w":0.3148}},{"type":"Feature","geometry":{"type":"Point","coordinates":[14.093255,47.731096]},"properties":{"w":0.4134}},{"type":"Feature","geometry":{"type":"Point","coordinates":[13.309378,47.730774]},"properties":{"w":0.2937}},{"type":"Feature","geometry":{"type":"Point","coordinates":[14.936693,47.725971]},"properties":{"w":0.4089}},{"type":"Feature","geometry":{"type":"Point","coordinates":[14.406222,47.725604]},"properties":{"w":0.3823}},{"type":"Feature","geometry":{"type":"Point","coordinates":[14.431196,47.723606]},"properties":{"w":0.4148}},{"type":"Feature","geometry":{"type":"Point","coordinates":[16.217848,47.693013]},"properties":{"w":0.3065}},{"type":"Feature","geometry":{"type":"Point","coordinates":[13.770925,47.728316]},"properties":{"w":0.2836}},{"type":"Feature","geometry":{"type":"Point","coordinates":[15.383071,47.71155]},"properties":{"w":0.4166}},{"type":"Feature","geometry":{"type":"Point","coordinates":[15.383261,47.72567]},"properties":{"w":0.6043}},{"type":"Feature","geometry":{"type":"Point","coordinates":[16.467861,47.683691]},"properties":{"w":0.3991}},{"type":"Feature","geometry":{"type":"Point","coordinates":[14.113131,47.723519]},"properties":{"w":0.3378}},{"type":"Feature","geometry":{"type":"Point","coordinates":[14.140303,47.722975]},"properties":{"w":0.2766}},{"type":"Feature","geometry":{"type":"Point","coordinates":[14.099866,47.723914]},"properties":{"w":0.4466}},{"type":"Feature","geometry":{"type":"Point","coordinates":[15.392889,47.708313]},"properties":{"w":0.3998}},{"type":"Feature","geometry":{"type":"Point","coordinates":[16.387348,47.68858]},"properties":{"w":0.4503}},{"type":"Feature","geometry":{"type":"Point","coordinates":[15.316033,47.710756]},"properties":{"w":0.4198}},{"type":"Feature","geometry":{"type":"Point","coordinates":[13.301036,47.728331]},"properties":{"w":0.5405}},{"type":"Feature","geometry":{"type":"Point","coordinates":[15.403365,47.70639]},"properties":{"w":0.3802}},{"type":"Feature","geometry":{"type":"Point","coordinates":[15.359713,47.71016]},"properties":{"w":0.3378}},{"type":"Feature","geometry":{"type":"Point","coordinates":[16.037772,47.69201]},"properties":{"w":0.3124}},{"type":"Feature","geometry":{"type":"Point","coordinates":[13.803652,47.721265]},"properties":{"w":0.3198}},{"type":"Feature","geometry":{"type":"Point","coordinates":[16.292836,47.688956]},"properties":{"w":0.4909}},{"type":"Feature","geometry":{"type":"Point","coordinates":[16.159216,47.687421]},"properties":{"w":0.3039}},{"type":"Feature","geometry":{"type":"Point","coordinates":[14.083653,47.72018]},"properties":{"w":0.4152}},{"type":"Feature","geometry":{"type":"Point","coordinates":[13.753847,47.724449]},"properties":{"w":0.4536}},{"type":"Feature","geometry":{"type":"Point","coordinates":[13.831925,47.722574]},"properties":{"w":0.3867}},{"type":"Feature","geometry":{"type":"Point","coordinates":[13.820446,47.723427]},"properties":{"w":0.4917}},{"type":"Feature","geometry":{"type":"Point","coordinates":[13.688223,47.719747]},"properties":{"w":0.4226}},{"type":"Feature","geometry":{"type":"Point","coordinates":[15.395944,47.70181]},"properties":{"w":0.2954}},{"type":"Feature","geometry":{"type":"Point","coordinates":[13.368084,47.722431]},"properties":{"w":0.5185}},{"type":"Feature","geometry":{"type":"Point","coordinates":[13.789185,47.718593]},"properties":{"w":0.3512}},{"type":"Feature","geometry":{"type":"Point","coordinates":[12.970261,47.718075]},"properties":{"w":0.347}},{"type":"Feature","geometry":{"type":"Point","coordinates":[12.217958,47.712972]},"properties":{"w":0.2805}},{"type":"Feature","geometry":{"type":"Point","coordinates":[15.299683,47.715245]},"properties":{"w":0.5845}},{"type":"Feature","geometry":{"type":"Point","coordinates":[16.179061,47.686858]},"properties":{"w":0.4779}},{"type":"Feature","geometry":{"type":"Point","coordinates":[13.850852,47.72209]},"properties":{"w":0.3639}},{"type":"Feature","geometry":{"type":"Point","coordinates":[12.993666,47.717418]},"properties":{"w":0.2959}},{"type":"Feature","geometry":{"type":"Point","coordinates":[13.809346,47.716055]},"properties":{"w":0.2914}},{"type":"Feature","geometry":{"type":"Point","coordinates":[15.733411,47.691821]},"properties":{"w":0.2914}},{"type":"Feature","geometry":{"type":"Point","coordinates":[15.746011,47.691547]},"properties":{"w":0.2908}},{"type":"Feature","geometry":{"type":"Point","coordinates":[15.311449,47.700823]},"properties":{"w":0.323}},{"type":"Feature","geometry":{"type":"Point","coordinates":[15.382351,47.699223]},"properties":{"w":0.3636}},{"type":"Feature","geometry":{"type":"Point","coordinates":[14.020305,47.713403]},"properties":{"w":0.2766}},{"type":"Feature","geometry":{"type":"Point","coordinates":[15.307062,47.705753]},"properties":{"w":0.4152}},{"type":"Feature","geometry":{"type":"Point","coordinates":[14.107236,47.713046]},"properties":{"w":0.4588}},{"type":"Feature","geometry":{"type":"Point","coordinates":[15.347188,47.696424]},"properties":{"w":0.4629}},{"type":"Feature","geometry":{"type":"Point","coordinates":[13.769935,47.713633]},"properties":{"w":0.3987}},{"type":"Feature","geometry":{"type":"Point","coordinates":[12.974034,47.711056]},"properties":{"w":0.5634}},{"type":"Feature","geometry":{"type":"Point","coordinates":[15.380118,47.692198]},"properties":{"w":0.3427}},{"type":"Feature","geometry":{"type":"Point","coordinates":[15.366574,47.693011]},"properties":{"w":0.378}},{"type":"Feature","geometry":{"type":"Point","coordinates":[14.431078,47.702592]},"properties":{"w":0.297}},{"type":"Feature","geometry":{"type":"Point","coordinates":[15.307753,47.690723]},"properties":{"w":0.3314}},{"type":"Feature","geometry":{"type":"Point","coordinates":[13.423454,47.709247]},"properties":{"w":0.3959}},{"type":"Feature","geometry":{"type":"Point","coordinates":[14.004973,47.709006]},"properties":{"w":0.4191}},{"type":"Feature","geometry":{"type":"Point","coordinates":[13.270039,47.710505]},"properties":{"w":0.5054}},{"type":"Feature","geometry":{"type":"Point","coordinates":[14.011672,47.703412]},"properties":{"w":0.289}},{"type":"Feature","geometry":{"type":"Point","coordinates":[16.357654,47.684732]},"properties":{"w":0.7967}},{"type":"Feature","geometry":{"type":"Point","coordinates":[16.109798,47.683515]},"properties":{"w":0.6227}},{"type":"Feature","geometry":{"type":"Point","coordinates":[16.049793,47.672603]},"properties":{"w":0.2992}},{"type":"Feature","geometry":{"type":"Point","coordinates":[13.687289,47.705544]},"properties":{"w":0.4442}},{"type":"Feature","geometry":{"type":"Point","coordinates":[16.020235,47.673239]},"properties":{"w":0.4103}},{"type":"Feature","geometry":{"type":"Point","coordinates":[16.30187,47.666109]},"properties":{"w":0.347}},{"type":"Feature","geometry":{"type":"Point","coordinates":[13.258685,47.705621]},"properties":{"w":0.3725}},{"type":"Feature","geometry":{"type":"Point","coordinates":[13.535278,47.703502]},"properties":{"w":0.3276}},{"type":"Feature","geometry":{"type":"Point","coordinates":[13.7115,47.716493]},"properties":{"w":0.7108}},{"type":"Feature","geometry":{"type":"Point","coordinates":[15.28465,47.686839]},"properties":{"w":0.2842}},{"type":"Feature","geometry":{"type":"Point","coordinates":[14.03189,47.705031]},"properties":{"w":0.5606}},{"type":"Feature","geometry":{"type":"Point","coordinates":[13.355607,47.714419]},"properties":{"w":0.7859}},{"type":"Feature","geometry":{"type":"Point","coordinates":[14.393352,47.697895]},"properties":{"w":0.2992}},{"type":"Feature","geometry":{"type":"Point","coordinates":[13.245926,47.708123]},"properties":{"w":0.4339}},{"type":"Feature","geometry":{"type":"Point","coordinates":[15.288444,47.68377]},"properties":{"w":0.3153}},{"type":"Feature","geometry":{"type":"Point","coordinates":[13.422548,47.698851]},"properties":{"w":0.2817}},{"type":"Feature","geometry":{"type":"Point","coordinates":[12.422759,47.694249]},"properties":{"w":0.3194}},{"type":"Feature","geometry":{"type":"Point","coordinates":[13.509627,47.698242]},"properties":{"w":0.2861}},{"type":"Feature","geometry":{"type":"Point","coordinates":[14.18736,47.692513]},"properties":{"w":0.3238}},{"type":"Feature","geometry":{"type":"Point","coordinates":[13.296921,47.699907]},"properties":{"w":0.3498}},{"type":"Feature","geometry":{"type":"Point","coordinates":[14.406186,47.692959]},"properties":{"w":0.5283}},{"type":"Feature","geometry":{"type":"Point","coordinates":[12.346678,47.690117]},"properties":{"w":0.3212}},{"type":"Feature","geometry":{"type":"Point","coordinates":[14.045039,47.696932]},"properties":{"w":0.4536}},{"type":"Feature","geometry":{"type":"Point","coordinates":[15.384489,47.673457]},"properties":{"w":0.2942}},{"type":"Feature","geometry":{"type":"Point","coordinates":[14.202891,47.689935]},"properties":{"w":0.4992}},{"type":"Feature","geometry":{"type":"Point","coordinates":[14.245642,47.688208]},"properties":{"w":0.5439}},{"type":"Feature","geometry":{"type":"Point","coordinates":[14.424659,47.684121]},"properties":{"w":0.3346}},{"type":"Feature","geometry":{"type":"Point","coordinates":[13.519031,47.694307]},"properties":{"w":0.4774}},{"type":"Feature","geometry":{"type":"Point","coordinates":[14.213558,47.690177]},"properties":{"w":0.3672}},{"type":"Feature","geometry":{"type":"Point","coordinates":[13.460028,47.691288]},"properties":{"w":0.3393}},{"type":"Feature","geometry":{"type":"Point","coordinates":[13.600422,47.687373]},"properties":{"w":0.2867}},{"type":"Feature","geometry":{"type":"Point","coordinates":[14.040259,47.686163]},"properties":{"w":0.4779}},{"type":"Feature","geometry":{"type":"Point","coordinates":[12.353694,47.684558]},"properties":{"w":0.4614}},{"type":"Feature","geometry":{"type":"Point","coordinates":[13.697696,47.687417]},"properties":{"w":0.4128}},{"type":"Feature","geometry":{"type":"Point","coordinates":[13.669095,47.687358]},"properties":{"w":0.4255}},{"type":"Feature","geometry":{"type":"Point","coordinates":[12.286467,47.685017]},"properties":{"w":0.4788}},{"type":"Feature","geometry":{"type":"Point","coordinates":[12.324891,47.679808]},"properties":{"w":0.2903}},{"type":"Feature","geometry":{"type":"Point","coordinates":[14.423653,47.679067]},"properties":{"w":0.362}},{"type":"Feature","geometry":{"type":"Point","coordinates":[14.282909,47.681711]},"properties":{"w":0.4}},{"type":"Feature","geometry":{"type":"Point","coordinates":[15.545921,47.662435]},"properties":{"w":0.2861}},{"type":"Feature","geometry":{"type":"Point","coordinates":[15.249665,47.67978]},"properties":{"w":0.689}},{"type":"Feature","geometry":{"type":"Point","coordinates":[15.366123,47.664913]},"properties":{"w":0.4002}},{"type":"Feature","geometry":{"type":"Point","coordinates":[16.17209,47.648193]},"properties":{"w":0.297}},{"type":"Feature","geometry":{"type":"Point","coordinates":[13.273815,47.682523]},"properties":{"w":0.3928}},{"type":"Feature","geometry":{"type":"Point","coordinates":[15.281302,47.673047]},"properties":{"w":0.5593}},{"type":"Feature","geometry":{"type":"Point","coordinates":[15.325547,47.663047]},"properties":{"w":0.3566}},{"type":"Feature","geometry":{"type":"Point","coordinates":[14.38495,47.674707]},"properties":{"w":0.3572}},{"type":"Feature","geometry":{"type":"Point","coordinates":[13.437139,47.678344]},"properties":{"w":0.306}},{"type":"Feature","geometry":{"type":"Point","coordinates":[13.710237,47.678721]},"properties":{"w":0.4934}},{"type":"Feature","geometry":{"type":"Point","coordinates":[12.710359,47.673282]},"properties":{"w":0.3075}},{"type":"Feature","geometry":{"type":"Point","coordinates":[13.678734,47.676206]},"properties":{"w":0.5295}},{"type":"Feature","geometry":{"type":"Point","coordinates":[14.15147,47.671695]},"properties":{"w":0.323}},{"type":"Feature","geometry":{"type":"Point","coordinates":[15.328969,47.657255]},"properties":{"w":0.3044}},{"type":"Feature","geometry":{"type":"Point","coordinates":[15.239039,47.65912]},"properties":{"w":0.4866}},{"type":"Feature","geometry":{"type":"Point","coordinates":[14.078315,47.674493]},"properties":{"w":0.4953}},{"type":"Feature","geometry":{"type":"Point","coordinates":[15.378879,47.658083]},"properties":{"w":0.5061}},{"type":"Feature","geometry":{"type":"Point","coordinates":[12.62724,47.666752]},"properties":{"w":0.3226}},{"type":"Feature","geometry":{"type":"Point","coordinates":[14.205003,47.66904]},"properties":{"w":0.3642}},{"type":"Feature","geometry":{"type":"Point","coordinates":[13.36293,47.668781]},"properties":{"w":0.3617}},{"type":"Feature","geometry":{"type":"Point","coordinates":[14.370124,47.664857]},"properties":{"w":0.3234}},{"type":"Feature","geometry":{"type":"Point","coordinates":[13.587489,47.668366]},"properties":{"w":0.3445}},{"type":"Feature","geometry":{"type":"Point","coordinates":[12.709029,47.666612]},"properties":{"w":0.4158}},{"type":"Feature","geometry":{"type":"Point","coordinates":[14.176602,47.663618]},"properties":{"w":0.2981}},{"type":"Feature","geometry":{"type":"Point","coordinates":[15.380932,47.649101]},"properties":{"w":0.3998}},{"type":"Feature","geometry":{"type":"Point","coordinates":[13.708027,47.668201]},"properties":{"w":0.4507}},{"type":"Feature","geometry":{"type":"Point","coordinates":[15.596189,47.64284]},"properties":{"w":0.3412}},{"type":"Feature","geometry":{"type":"Point","coordinates":[15.782119,47.639784]},"properties":{"w":0.3198}},{"type":"Feature","geometry":{"type":"Point","coordinates":[15.423298,47.651514]},"properties":{"w":0.6139}},{"type":"Feature","geometry":{"type":"Point","coordinates":[15.447154,47.647663]},"properties":{"w":0.3592}},{"type":"Feature","geometry":{"type":"Point","coordinates":[16.31557,47.628747]},"properties":{"w":0.3945}},{"type":"Feature","geometry":{"type":"Point","coordinates":[13.351366,47.666656]},"properties":{"w":0.2867}},{"type":"Feature","geometry":{"type":"Point","coordinates":[14.120951,47.66266]},"properties":{"w":0.2986}},{"type":"Feature","geometry":{"type":"Point","coordinates":[15.524114,47.644569]},"properties":{"w":0.2964}},{"type":"Feature","geometry":{"type":"Point","coordinates":[13.662239,47.66623]},"properties":{"w":0.3984}},{"type":"Feature","geometry":{"type":"Point","coordinates":[13.725672,47.668904]},"properties":{"w":0.4705}},{"type":"Feature","geometry":{"type":"Point","coordinates":[13.44139,47.666622]},"properties":{"w":0.4704}},{"type":"Feature","geometry":{"type":"Point","coordinates":[13.297653,47.666487]},"properties":{"w":0.3198}},{"type":"Feature","geometry":{"type":"Point","coordinates":[14.136602,47.659011]},"properties":{"w":0.3397}},{"type":"Feature","geometry":{"type":"Point","coordinates":[15.373992,47.644207]},"properties":{"w":0.3842}},{"type":"Feature","geometry":{"type":"Point","coordinates":[16.180087,47.625205]},"properties":{"w":0.3952}},{"type":"Feature","geometry":{"type":"Point","coordinates":[16.326596,47.619551]},"properties":{"w":0.2861}},{"type":"Feature","geometry":{"type":"Point","coordinates":[15.905802,47.629655]},"properties":{"w":0.3943}},{"type":"Feature","geometry":{"type":"Point","coordinates":[15.328185,47.642317]},"properties":{"w":0.4339}},{"type":"Feature","geometry":{"type":"Point","coordinates":[15.537867,47.638725]},"properties":{"w":0.3839}},{"type":"Feature","geometry":{"type":"Point","coordinates":[12.605391,47.658941]},"properties":{"w":0.5425}},{"type":"Feature","geometry":{"type":"Point","coordinates":[15.239698,47.642907]},"properties":{"w":0.4529}},{"type":"Feature","geometry":{"type":"Point","coordinates":[14.121963,47.65268]},"properties":{"w":0.3162}},{"type":"Feature","geometry":{"type":"Point","coordinates":[15.367395,47.637547]},"properties":{"w":0.3019}},{"type":"Feature","geometry":{"type":"Point","coordinates":[13.93416,47.655504]},"properties":{"w":0.3987}},{"type":"Feature","geometry":{"type":"Point","coordinates":[15.294997,47.640755]},"properties":{"w":0.34}},{"type":"Feature","geometry":{"type":"Point","coordinates":[15.514476,47.63704]},"properties":{"w":0.3481}},{"type":"Feature","geometry":{"type":"Point","coordinates":[13.393478,47.660442]},"properties":{"w":0.5555}},{"type":"Feature","geometry":{"type":"Point","coordinates":[15.500088,47.641419]},"properties":{"w":0.4101}},{"type":"Feature","geometry":{"type":"Point","coordinates":[15.346778,47.639589]},"properties":{"w":0.3684}},{"type":"Feature","geometry":{"type":"Point","coordinates":[12.456873,47.650687]},"properties":{"w":0.4554}},{"type":"Feature","geometry":{"type":"Point","coordinates":[13.350838,47.658016]},"properties":{"w":0.4753}},{"type":"Feature","geometry":{"type":"Point","coordinates":[15.473818,47.636049]},"properties":{"w":0.2811}},{"type":"Feature","geometry":{"type":"Point","coordinates":[14.108017,47.651814]},"properties":{"w":0.3441}},{"type":"Feature","geometry":{"type":"Point","coordinates":[14.058727,47.65549]},"properties":{"w":0.4812}},{"type":"Feature","geometry":{"type":"Point","coordinates":[15.270463,47.64703]},"properties":{"w":0.6053}},{"type":"Feature","geometry":{"type":"Point","coordinates":[15.394287,47.635115]},"properties":{"w":0.3226}},{"type":"Feature","geometry":{"type":"Point","coordinates":[14.551632,47.645255]},"properties":{"w":0.2878}},{"type":"Feature","geometry":{"type":"Point","coordinates":[13.688666,47.652118]},"properties":{"w":0.3576}},{"type":"Feature","geometry":{"type":"Point","coordinates":[13.913748,47.651411]},"properties":{"w":0.491}},{"type":"Feature","geometry":{"type":"Point","coordinates":[13.897657,47.651232]},"properties":{"w":0.3268}},{"type":"Feature","geometry":{"type":"Point","coordinates":[15.497516,47.6333]},"properties":{"w":0.3094}},{"type":"Feature","geometry":{"type":"Point","coordinates":[15.641088,47.626861]},"properties":{"w":0.2867}},{"type":"Feature","geometry":{"type":"Point","coordinates":[15.319399,47.634008]},"properties":{"w":0.3617}},{"type":"Feature","geometry":{"type":"Point","coordinates":[13.453101,47.65033]},"properties":{"w":0.306}},{"type":"Feature","geometry":{"type":"Point","coordinates":[15.285168,47.634052]},"properties":{"w":0.3982}},{"type":"Feature","geometry":{"type":"Point","coordinates":[13.30846,47.657317]},"properties":{"w":0.4741}},{"type":"Feature","geometry":{"type":"Point","coordinates":[15.690387,47.622746]},"properties":{"w":0.3657}},{"type":"Feature","geometry":{"type":"Point","coordinates":[15.85057,47.619119]},"properties":{"w":0.3456}},{"type":"Feature","geometry":{"type":"Point","coordinates":[14.314626,47.645015]},"properties":{"w":0.493}},{"type":"Feature","geometry":{"type":"Point","coordinates":[15.618401,47.629189]},"properties":{"w":0.4919}},{"type":"Feature","geometry":{"type":"Point","coordinates":[15.587125,47.631488]},"properties":{"w":0.4538}},{"type":"Feature","geometry":{"type":"Point","coordinates":[13.291249,47.652131]},"properties":{"w":0.395}},{"type":"Feature","geometry":{"type":"Point","coordinates":[15.716885,47.627007]},"properties":{"w":0.3452}},{"type":"Feature","geometry":{"type":"Point","coordinates":[15.337068,47.628655]},"properties":{"w":0.4124}},{"type":"Feature","geometry":{"type":"Point","coordinates":[15.579806,47.623225]},"properties":{"w":0.2959}},{"type":"Feature","geometry":{"type":"Point","coordinates":[15.728446,47.619803]},"properties":{"w":0.3704}},{"type":"Feature","geometry":{"type":"Point","coordinates":[14.35198,47.641498]},"properties":{"w":0.3794}},{"type":"Feature","geometry":{"type":"Point","coordinates":[15.829398,47.61591]},"properties":{"w":0.2811}},{"type":"Feature","geometry":{"type":"Point","coordinates":[15.707414,47.620561]},"properties":{"w":0.3742}},{"type":"Feature","geometry":{"type":"Point","coordinates":[12.622894,47.644744]},"properties":{"w":0.5549}},{"type":"Feature","geometry":{"type":"Point","coordinates":[16.538735,47.623963]},"properties":{"w":0.8444}},{"type":"Feature","geometry":{"type":"Point","coordinates":[15.219043,47.629967]},"properties":{"w":0.5894}},{"type":"Feature","geometry":{"type":"Point","coordinates":[15.176246,47.625053]},"properties":{"w":0.3268}},{"type":"Feature","geometry":{"type":"Point","coordinates":[14.083307,47.639092]},"properties":{"w":0.3385}},{"type":"Feature","geometry":{"type":"Point","coordinates":[16.228157,47.605366]},"properties":{"w":0.4264}},{"type":"Feature","geometry":{"type":"Point","coordinates":[13.439402,47.641758]},"properties":{"w":0.4369}},{"type":"Feature","geometry":{"type":"Point","coordinates":[12.585086,47.638752]},"properties":{"w":0.4581}},{"type":"Feature","geometry":{"type":"Point","coordinates":[13.243971,47.638262]},"properties":{"w":0.2948}},{"type":"Feature","geometry":{"type":"Point","coordinates":[15.373309,47.621012]},"properties":{"w":0.3389}},{"type":"Feature","geometry":{"type":"Point","coordinates":[14.348571,47.633574]},"properties":{"w":0.3162}},{"type":"Feature","geometry":{"type":"Point","coordinates":[15.16419,47.62302]},"properties":{"w":0.4615}},{"type":"Feature","geometry":{"type":"Point","coordinates":[15.337358,47.619182]},"properties":{"w":0.3786}},{"type":"Feature","geometry":{"type":"Point","coordinates":[16.433438,47.642256]},"properties":{"w":0.9373}},{"type":"Feature","geometry":{"type":"Point","coordinates":[15.181038,47.620264]},"properties":{"w":0.3044}},{"type":"Feature","geometry":{"type":"Point","coordinates":[15.402065,47.617333]},"properties":{"w":0.2959}},{"type":"Feature","geometry":{"type":"Point","coordinates":[13.228696,47.635683]},"properties":{"w":0.3589}},{"type":"Feature","geometry":{"type":"Point","coordinates":[13.108967,47.64255]},"properties":{"w":0.5034}},{"type":"Feature","geometry":{"type":"Point","coordinates":[15.165957,47.617818]},"properties":{"w":0.2867}},{"type":"Feature","geometry":{"type":"Point","coordinates":[15.526277,47.615131]},"properties":{"w":0.4351}},{"type":"Feature","geometry":{"type":"Point","coordinates":[15.306345,47.617763]},"properties":{"w":0.3529}},{"type":"Feature","geometry":{"type":"Point","coordinates":[12.652314,47.631743]},"properties":{"w":0.2867}},{"type":"Feature","geometry":{"type":"Point","coordinates":[15.237079,47.618315]},"properties":{"w":0.531}},{"type":"Feature","geometry":{"type":"Point","coordinates":[14.423325,47.626262]},"properties":{"w":0.3044}},{"type":"Feature","geometry":{"type":"Point","coordinates":[15.556645,47.610705]},"properties":{"w":0.3039}},{"type":"Feature","geometry":{"type":"Point","coordinates":[12.532659,47.631382]},"properties":{"w":0.5255}},{"type":"Feature","geometry":{"type":"Point","coordinates":[15.321693,47.624872]},"properties":{"w":0.5023}},{"type":"Feature","geometry":{"type":"Point","coordinates":[15.376147,47.611578]},"properties":{"w":0.2867}},{"type":"Feature","geometry":{"type":"Point","coordinates":[15.325348,47.613079]},"properties":{"w":0.3044}},{"type":"Feature","geometry":{"type":"Point","coordinates":[14.406133,47.630012]},"properties":{"w":0.4964}},{"type":"Feature","geometry":{"type":"Point","coordinates":[15.170343,47.613892]},"properties":{"w":0.431}},{"type":"Feature","geometry":{"type":"Point","coordinates":[15.417298,47.614878]},"properties":{"w":0.4934}},{"type":"Feature","geometry":{"type":"Point","coordinates":[15.258629,47.611931]},"properties":{"w":0.3221}},{"type":"Feature","geometry":{"type":"Point","coordinates":[12.671544,47.62602]},"properties":{"w":0.2878}},{"type":"Feature","geometry":{"type":"Point","coordinates":[13.257376,47.627394]},"properties":{"w":0.2919}},{"type":"Feature","geometry":{"type":"Point","coordinates":[13.457137,47.62849]},"properties":{"w":0.3322}},{"type":"Feature","geometry":{"type":"Point","coordinates":[15.304577,47.611245]},"properties":{"w":0.3198}},{"type":"Feature","geometry":{"type":"Point","coordinates":[15.910846,47.599149]},"properties":{"w":0.3143}},{"type":"Feature","geometry":{"type":"Point","coordinates":[15.58153,47.604541]},"properties":{"w":0.2805}},{"type":"Feature","geometry":{"type":"Point","coordinates":[15.47722,47.616244]},"properties":{"w":0.4536}},{"type":"Feature","geometry":{"type":"Point","coordinates":[13.697639,47.62735]},"properties":{"w":0.4208}},{"type":"Feature","geometry":{"type":"Point","coordinates":[13.952296,47.633537]},"properties":{"w":0.5532}},{"type":"Feature","geometry":{"type":"Point","coordinates":[13.935296,47.624069]},"properties":{"w":0.2959}},{"type":"Feature","geometry":{"type":"Point","coordinates":[15.261014,47.608856]},"properties":{"w":0.3002}},{"type":"Feature","geometry":{"type":"Point","coordinates":[13.400388,47.624703]},"properties":{"w":0.3124}},{"type":"Feature","geometry":{"type":"Point","coordinates":[12.509625,47.622072]},"properties":{"w":0.375}},{"type":"Feature","geometry":{"type":"Point","coordinates":[12.682692,47.623143]},"properties":{"w":0.3716}},{"type":"Feature","geometry":{"type":"Point","coordinates":[14.556724,47.617084]},"properties":{"w":0.3119}},{"type":"Feature","geometry":{"type":"Point","coordinates":[15.19287,47.609927]},"properties":{"w":0.3862}},{"type":"Feature","geometry":{"type":"Point","coordinates":[13.689221,47.622364]},"properties":{"w":0.3736}},{"type":"Feature","geometry":{"type":"Point","coordinates":[12.490887,47.629659]},"properties":{"w":0.5748}},{"type":"Feature","geometry":{"type":"Point","coordinates":[13.946339,47.620902]},"properties":{"w":0.3742}},{"type":"Feature","geometry":{"type":"Point","coordinates":[13.107272,47.622468]},"properties":{"w":0.3786}},{"type":"Feature","geometry":{"type":"Point","coordinates":[12.689949,47.621239]},"properties":{"w":0.3693}},{"type":"Feature","geometry":{"type":"Point","coordinates":[15.399341,47.60364]},"properties":{"w":0.4312}},{"type":"Feature","geometry":{"type":"Point","coordinates":[15.589116,47.599534]},"properties":{"w":0.2792}},{"type":"Feature","geometry":{"type":"Point","coordinates":[12.633721,47.620617]},"properties":{"w":0.3745}},{"type":"Feature","geometry":{"type":"Point","coordinates":[15.619269,47.610142]},"properties":{"w":0.6599}},{"type":"Feature","geometry":{"type":"Point","coordinates":[12.363576,47.623474]},"properties":{"w":0.548}},{"type":"Feature","geometry":{"type":"Point","coordinates":[15.439764,47.600564]},"properties":{"w":0.2779}},{"type":"Feature","geometry":{"type":"Point","coordinates":[15.571805,47.604421]},"properties":{"w":0.3844}},{"type":"Feature","geometry":{"type":"Point","coordinates":[15.596607,47.59934]},"properties":{"w":0.3539}},{"type":"Feature","geometry":{"type":"Point","coordinates":[15.569192,47.611241]},"properties":{"w":0.4901}},{"type":"Feature","geometry":{"type":"Point","coordinates":[13.520648,47.622207]},"properties":{"w":0.343}},{"type":"Feature","geometry":{"type":"Point","coordinates":[12.66765,47.619403]},"properties":{"w":0.3775}},{"type":"Feature","geometry":{"type":"Point","coordinates":[15.605702,47.601141]},"properties":{"w":0.3657}},{"type":"Feature","geometry":{"type":"Point","coordinates":[12.799107,47.616881]},"properties":{"w":0.2976}},{"type":"Feature","geometry":{"type":"Point","coordinates":[15.796717,47.594701]},"properties":{"w":0.3842}},{"type":"Feature","geometry":{"type":"Point","coordinates":[15.397432,47.616997]},"properties":{"w":0.5473}},{"type":"Feature","geometry":{"type":"Point","coordinates":[15.781121,47.594945]},"properties":{"w":0.3586}},{"type":"Feature","geometry":{"type":"Point","coordinates":[12.782872,47.616009]},"properties":{"w":0.3539}},{"type":"Feature","geometry":{"type":"Point","coordinates":[12.115867,47.609983]},"properties":{"w":0.3176}},{"type":"Feature","geometry":{"type":"Point","coordinates":[14.421854,47.616899]},"properties":{"w":0.4487}},{"type":"Feature","geometry":{"type":"Point","coordinates":[15.402116,47.598311]},"properties":{"w":0.3198}},{"type":"Feature","geometry":{"type":"Point","coordinates":[13.278322,47.616401]},"properties":{"w":0.3968}},{"type":"Feature","geometry":{"type":"Point","coordinates":[15.852134,47.603565]},"properties":{"w":0.5796}},{"type":"Feature","geometry":{"type":"Point","coordinates":[12.507442,47.614494]},"properties":{"w":0.3708}},{"type":"Feature","geometry":{"type":"Point","coordinates":[13.714046,47.61827]},"properties":{"w":0.514}},{"type":"Feature","geometry":{"type":"Point","coordinates":[15.044137,47.603925]},"properties":{"w":0.3519}},{"type":"Feature","geometry":{"type":"Point","coordinates":[12.608068,47.616331]},"properties":{"w":0.4289}},{"type":"Feature","geometry":{"type":"Point","coordinates":[15.583982,47.596447]},"properties":{"w":0.377}},{"type":"Feature","geometry":{"type":"Point","coordinates":[13.43126,47.617636]},"properties":{"w":0.4531}},{"type":"Feature","geometry":{"type":"Point","coordinates":[13.926839,47.623612]},"properties":{"w":0.6433}},{"type":"Feature","geometry":{"type":"Point","coordinates":[15.811599,47.589164]},"properties":{"w":0.2766}},{"type":"Feature","geometry":{"type":"Point","coordinates":[14.475115,47.607356]},"properties":{"w":0.3085}},{"type":"Feature","geometry":{"type":"Point","coordinates":[14.392272,47.60908]},"properties":{"w":0.4166}},{"type":"Feature","geometry":{"type":"Point","coordinates":[15.159234,47.605318]},"properties":{"w":0.584}},{"type":"Feature","geometry":{"type":"Point","coordinates":[16.453892,47.571738]},"properties":{"w":0.4301}},{"type":"Feature","geometry":{"type":"Point","coordinates":[13.281361,47.611611]},"properties":{"w":0.2823}},{"type":"Feature","geometry":{"type":"Point","coordinates":[10.470549,47.581784]},"properties":{"w":0.4144}},{"type":"Feature","geometry":{"type":"Point","coordinates":[13.973771,47.611885]},"properties":{"w":0.5248}},{"type":"Feature","geometry":{"type":"Point","coordinates":[14.909994,47.600011]},"properties":{"w":0.2867}},{"type":"Feature","geometry":{"type":"Point","coordinates":[14.937614,47.607615]},"properties":{"w":0.6299}},{"type":"Feature","geometry":{"type":"Point","coordinates":[15.212214,47.602577]},"properties":{"w":0.5827}},{"type":"Feature","geometry":{"type":"Point","coordinates":[15.92252,47.58761]},"properties":{"w":0.5077}},{"type":"Feature","geometry":{"type":"Point","coordinates":[13.696687,47.609494]},"properties":{"w":0.2914}},{"type":"Feature","geometry":{"type":"Point","coordinates":[15.131555,47.597635]},"properties":{"w":0.4093}},{"type":"Feature","geometry":{"type":"Point","coordinates":[15.397911,47.593723]},"properties":{"w":0.3105}},{"type":"Feature","geometry":{"type":"Point","coordinates":[13.535166,47.619164]},"properties":{"w":0.6732}},{"type":"Feature","geometry":{"type":"Point","coordinates":[12.421072,47.605771]},"properties":{"w":0.3968}},{"type":"Feature","geometry":{"type":"Point","coordinates":[16.349312,47.589077]},"properties":{"w":0.8165}},{"type":"Feature","geometry":{"type":"Point","coordinates":[15.394997,47.590525]},"properties":{"w":0.3498}},{"type":"Feature","geometry":{"type":"Point","coordinates":[15.251247,47.59537]},"properties":{"w":0.3745}},{"type":"Feature","geometry":{"type":"Point","coordinates":[15.083554,47.603303]},"properties":{"w":0.694}},{"type":"Feature","geometry":{"type":"Point","coordinates":[14.109907,47.604367]},"properties":{"w":0.319}},{"type":"Feature","geometry":{"type":"Point","coordinates":[15.430265,47.595448]},"properties":{"w":0.4334}},{"type":"Feature","geometry":{"type":"Point","coordinates":[13.850858,47.604391]},"properties":{"w":0.3185}},{"type":"Feature","geometry":{"type":"Point","coordinates":[15.526202,47.588906]},"properties":{"w":0.4596}},{"type":"Feature","geometry":{"type":"Point","coordinates":[15.886236,47.582517]},"properties":{"w":0.4327}},{"type":"Feature","geometry":{"type":"Point","coordinates":[15.387565,47.588218]},"properties":{"w":0.3013}},{"type":"Feature","geometry":{"type":"Point","coordinates":[12.347066,47.599759]},"properties":{"w":0.2842}},{"type":"Feature","geometry":{"type":"Point","coordinates":[16.235658,47.567151]},"properties":{"w":0.3459}},{"type":"Feature","geometry":{"type":"Point","coordinates":[15.368485,47.59337]},"properties":{"w":0.388}},{"type":"Feature","geometry":{"type":"Point","coordinates":[15.782781,47.5762]},"properties":{"w":0.3153}},{"type":"Feature","geometry":{"type":"Point","coordinates":[12.629648,47.604254]},"properties":{"w":0.4882}},{"type":"Feature","geometry":{"type":"Point","coordinates":[14.947749,47.592476]},"properties":{"w":0.4057}},{"type":"Feature","geometry":{"type":"Point","coordinates":[11.877818,47.592314]},"properties":{"w":0.3791}},{"type":"Feature","geometry":{"type":"Point","coordinates":[12.332068,47.597298]},"properties":{"w":0.3105}},{"type":"Feature","geometry":{"type":"Point","coordinates":[13.507621,47.602756]},"properties":{"w":0.2766}},{"type":"Feature","geometry":{"type":"Point","coordinates":[15.377179,47.587364]},"properties":{"w":0.4307}},{"type":"Feature","geometry":{"type":"Point","coordinates":[16.469076,47.569315]},"properties":{"w":0.6271}},{"type":"Feature","geometry":{"type":"Point","coordinates":[14.046786,47.598407]},"properties":{"w":0.2925}},{"type":"Feature","geometry":{"type":"Point","coordinates":[13.887923,47.602846]},"properties":{"w":0.5841}},{"type":"Feature","geometry":{"type":"Point","coordinates":[10.458506,47.563433]},"properties":{"w":0.2817}},{"type":"Feature","geometry":{"type":"Point","coordinates":[16.55181,47.55781]},"properties":{"w":0.482}},{"type":"Feature","geometry":{"type":"Point","coordinates":[15.949655,47.56909]},"properties":{"w":0.2766}},{"type":"Feature","geometry":{"type":"Point","coordinates":[11.720509,47.58753]},"properties":{"w":0.3268}},{"type":"Feature","geometry":{"type":"Point","coordinates":[9.812334,47.548061]},"properties":{"w":0.4252}},{"type":"Feature","geometry":{"type":"Point","coordinates":[15.231419,47.588374]},"properties":{"w":0.4724}},{"type":"Feature","geometry":{"type":"Point","coordinates":[16.226664,47.563374]},"properties":{"w":0.297}},{"type":"Feature","geometry":{"type":"Point","coordinates":[14.424851,47.594592]},"properties":{"w":0.308}},{"type":"Feature","geometry":{"type":"Point","coordinates":[15.93266,47.573269]},"properties":{"w":0.3633}},{"type":"Feature","geometry":{"type":"Point","coordinates":[14.319156,47.597117]},"properties":{"w":0.4742}},{"type":"Feature","geometry":{"type":"Point","coordinates":[15.982968,47.568394]},"properties":{"w":0.3704}},{"type":"Feature","geometry":{"type":"Point","coordinates":[10.620675,47.564818]},"properties":{"w":0.2848}},{"type":"Feature","geometry":{"type":"Point","coordinates":[14.432892,47.591767]},"properties":{"w":0.3572}},{"type":"Feature","geometry":{"type":"Point","coordinates":[15.765458,47.572611]},"properties":{"w":0.3598}},{"type":"Feature","geometry":{"type":"Point","coordinates":[12.423207,47.594439]},"properties":{"w":0.3318}},{"type":"Feature","geometry":{"type":"Point","coordinates":[13.850802,47.594296]},"properties":{"w":0.3171}},{"type":"Feature","geometry":{"type":"Point","coordinates":[14.256146,47.596188]},"properties":{"w":0.5002}},{"type":"Feature","geometry":{"type":"Point","coordinates":[12.642792,47.594946]},"properties":{"w":0.3378}},{"type":"Feature","geometry":{"type":"Point","coordinates":[15.356345,47.584108]},"properties":{"w":0.5056}},{"type":"Feature","geometry":{"type":"Point","coordinates":[11.784602,47.584853]},"properties":{"w":0.3592}},{"type":"Feature","geometry":{"type":"Point","coordinates":[14.848516,47.58829]},"properties":{"w":0.4364}},{"type":"Feature","geometry":{"type":"Point","coordinates":[15.259164,47.582006]},"properties":{"w":0.333}},{"type":"Feature","geometry":{"type":"Point","coordinates":[11.772493,47.583803]},"properties":{"w":0.3044}},{"type":"Feature","geometry":{"type":"Point","coordinates":[12.402159,47.592483]},"properties":{"w":0.411}},{"type":"Feature","geometry":{"type":"Point","coordinates":[11.735794,47.583209]},"properties":{"w":0.3713}},{"type":"Feature","geometry":{"type":"Point","coordinates":[13.423426,47.598466]},"properties":{"w":0.483}},{"type":"Feature","geometry":{"type":"Point","coordinates":[14.110008,47.590588]},"properties":{"w":0.3185}},{"type":"Feature","geometry":{"type":"Point","coordinates":[12.652968,47.594519]},"properties":{"w":0.4637}},{"type":"Feature","geometry":{"type":"Point","coordinates":[15.193655,47.577885]},"properties":{"w":0.3124}},{"type":"Feature","geometry":{"type":"Point","coordinates":[11.982892,47.583137]},"properties":{"w":0.2948}},{"type":"Feature","geometry":{"type":"Point","coordinates":[15.109103,47.580984]},"properties":{"w":0.532}},{"type":"Feature","geometry":{"type":"Point","coordinates":[15.79409,47.564744]},"properties":{"w":0.3802}},{"type":"Feature","geometry":{"type":"Point","coordinates":[14.300951,47.58698]},"properties":{"w":0.2855}},{"type":"Feature","geometry":{"type":"Point","coordinates":[13.253948,47.59113]},"properties":{"w":0.2817}},{"type":"Feature","geometry":{"type":"Point","coordinates":[14.132857,47.589219]},"properties":{"w":0.3054}},{"type":"Feature","geometry":{"type":"Point","coordinates":[9.829048,47.537694]},"properties":{"w":0.2861}},{"type":"Feature","geometry":{"type":"Point","coordinates":[15.281669,47.575501]},"properties":{"w":0.3024}},{"type":"Feature","geometry":{"type":"Point","coordinates":[11.813945,47.5784]},"properties":{"w":0.3133}},{"type":"Feature","geometry":{"type":"Point","coordinates":[11.930131,47.57952]},"properties":{"w":0.3085}},{"type":"Feature","geometry":{"type":"Point","coordinates":[14.053418,47.586234]},"properties":{"w":0.3124}},{"type":"Feature","geometry":{"type":"Point","coordinates":[15.748533,47.568978]},"properties":{"w":0.4372}},{"type":"Feature","geometry":{"type":"Point","coordinates":[16.227895,47.551685]},"properties":{"w":0.2959}},{"type":"Feature","geometry":{"type":"Point","coordinates":[14.296055,47.583528]},"properties":{"w":0.3171}},{"type":"Feature","geometry":{"type":"Point","coordinates":[13.867487,47.591025]},"properties":{"w":0.5232}},{"type":"Feature","geometry":{"type":"Point","coordinates":[16.611019,47.564531]},"properties":{"w":0.8943}},{"type":"Feature","geometry":{"type":"Point","coordinates":[14.228425,47.58805]},"properties":{"w":0.3753}},{"type":"Feature","geometry":{"type":"Point","coordinates":[14.042052,47.584407]},"properties":{"w":0.3536}},{"type":"Feature","geometry":{"type":"Point","coordinates":[13.894011,47.591027]},"properties":{"w":0.5693}},{"type":"Feature","geometry":{"type":"Point","coordinates":[15.700451,47.569728]},"properties":{"w":0.4832}},{"type":"Feature","geometry":{"type":"Point","coordinates":[15.187086,47.573892]},"properties":{"w":0.449}},{"type":"Feature","geometry":{"type":"Point","coordinates":[15.991401,47.559564]},"properties":{"w":0.4635}},{"type":"Feature","geometry":{"type":"Point","coordinates":[16.401728,47.550496]},"properties":{"w":0.4948}},{"type":"Feature","geometry":{"type":"Point","coordinates":[13.967942,47.58307]},"properties":{"w":0.2872}},{"type":"Feature","geometry":{"type":"Point","coordinates":[11.92706,47.574514]},"properties":{"w":0.326}},{"type":"Feature","geometry":{"type":"Point","coordinates":[11.791499,47.573581]},"properties":{"w":0.326}},{"type":"Feature","geometry":{"type":"Point","coordinates":[15.169194,47.569907]},"properties":{"w":0.3875}},{"type":"Feature","geometry":{"type":"Point","coordinates":[11.72752,47.572777]},"properties":{"w":0.3334}},{"type":"Feature","geometry":{"type":"Point","coordinates":[11.804002,47.572409]},"properties":{"w":0.2867}},{"type":"Feature","geometry":{"type":"Point","coordinates":[14.059097,47.581968]},"properties":{"w":0.442}},{"type":"Feature","geometry":{"type":"Point","coordinates":[11.743188,47.571204]},"properties":{"w":0.3536}},{"type":"Feature","geometry":{"type":"Point","coordinates":[14.141252,47.583503]},"properties":{"w":0.4255}},{"type":"Feature","geometry":{"type":"Point","coordinates":[15.949093,47.555249]},"properties":{"w":0.3143}},{"type":"Feature","geometry":{"type":"Point","coordinates":[15.931636,47.562111]},"properties":{"w":0.6595}},{"type":"Feature","geometry":{"type":"Point","coordinates":[15.061307,47.571508]},"properties":{"w":0.3713}},{"type":"Feature","geometry":{"type":"Point","coordinates":[15.16379,47.565988]},"properties":{"w":0.3044}},{"type":"Feature","geometry":{"type":"Point","coordinates":[13.952951,47.578613]},"properties":{"w":0.2959}},{"type":"Feature","geometry":{"type":"Point","coordinates":[13.496568,47.581273]},"properties":{"w":0.4362}},{"type":"Feature","geometry":{"type":"Point","coordinates":[11.863296,47.57102]},"properties":{"w":0.3044}},{"type":"Feature","geometry":{"type":"Point","coordinates":[13.96083,47.582669]},"properties":{"w":0.3651}},{"type":"Feature","geometry":{"type":"Point","coordinates":[10.473375,47.547035]},"properties":{"w":0.3459}},{"type":"Feature","geometry":{"type":"Point","coordinates":[15.008158,47.569422]},"properties":{"w":0.4701}},{"type":"Feature","geometry":{"type":"Point","coordinates":[10.464385,47.547799]},"properties":{"w":0.4103}},{"type":"Feature","geometry":{"type":"Point","coordinates":[15.2753,47.56494]},"properties":{"w":0.3481}},{"type":"Feature","geometry":{"type":"Point","coordinates":[14.125627,47.579841]},"properties":{"w":0.3727}},{"type":"Feature","geometry":{"type":"Point","coordinates":[12.761291,47.579559]},"properties":{"w":0.3921}},{"type":"Feature","geometry":{"type":"Point","coordinates":[15.793315,47.554488]},"properties":{"w":0.3334}},{"type":"Feature","geometry":{"type":"Point","coordinates":[13.692384,47.581466]},"properties":{"w":0.3933}},{"type":"Feature","geometry":{"type":"Point","coordinates":[14.288625,47.574522]},"properties":{"w":0.3105}},{"type":"Feature","geometry":{"type":"Point","coordinates":[15.187827,47.565949]},"properties":{"w":0.3044}},{"type":"Feature","geometry":{"type":"Point","coordinates":[11.802331,47.567814]},"properties":{"w":0.2885}},{"type":"Feature","geometry":{"type":"Point","coordinates":[14.092888,47.575846]},"properties":{"w":0.4134}},{"type":"Feature","geometry":{"type":"Point","coordinates":[15.517572,47.56037]},"properties":{"w":0.4856}},{"type":"Feature","geometry":{"type":"Point","coordinates":[12.733912,47.579385]},"properties":{"w":0.4457}},{"type":"Feature","geometry":{"type":"Point","coordinates":[15.931481,47.548144]},"properties":{"w":0.3358}},{"type":"Feature","geometry":{"type":"Point","coordinates":[14.170454,47.580686]},"properties":{"w":0.591}},{"type":"Feature","geometry":{"type":"Point","coordinates":[13.630687,47.577288]},"properties":{"w":0.3094}},{"type":"Feature","geometry":{"type":"Point","coordinates":[15.707558,47.551914]},"properties":{"w":0.3488}},{"type":"Feature","geometry":{"type":"Point","coordinates":[14.995267,47.584068]},"properties":{"w":0.8515}},{"type":"Feature","geometry":{"type":"Point","coordinates":[15.490622,47.555511]},"properties":{"w":0.3242}},{"type":"Feature","geometry":{"type":"Point","coordinates":[10.582092,47.542398]},"properties":{"w":0.2766}},{"type":"Feature","geometry":{"type":"Point","coordinates":[13.989925,47.573436]},"properties":{"w":0.31}},{"type":"Feature","geometry":{"type":"Point","coordinates":[10.469376,47.540492]},"properties":{"w":0.3268}},{"type":"Feature","geometry":{"type":"Point","coordinates":[13.574479,47.575097]},"properties":{"w":0.2903}},{"type":"Feature","geometry":{"type":"Point","coordinates":[15.724528,47.551767]},"properties":{"w":0.4464}},{"type":"Feature","geometry":{"type":"Point","coordinates":[11.701694,47.56276]},"properties":{"w":0.2867}},{"type":"Feature","geometry":{"type":"Point","coordinates":[14.499679,47.568321]},"properties":{"w":0.2919}},{"type":"Feature","geometry":{"type":"Point","coordinates":[11.824407,47.562797]},"properties":{"w":0.3802}},{"type":"Feature","geometry":{"type":"Point","coordinates":[12.056874,47.565818]},"properties":{"w":0.3478}},{"type":"Feature","geometry":{"type":"Point","coordinates":[15.903964,47.549208]},"properties":{"w":0.3226}},{"type":"Feature","geometry":{"type":"Point","coordinates":[14.98597,47.564493]},"properties":{"w":0.483}},{"type":"Feature","geometry":{"type":"Point","coordinates":[15.117985,47.562871]},"properties":{"w":0.4057}},{"type":"Feature","geometry":{"type":"Point","coordinates":[11.913458,47.565823]},"properties":{"w":0.4034}},{"type":"Feature","geometry":{"type":"Point","coordinates":[11.728772,47.562666]},"properties":{"w":0.481}},{"type":"Feature","geometry":{"type":"Point","coordinates":[11.875602,47.562302]},"properties":{"w":0.2867}},{"type":"Feature","geometry":{"type":"Point","coordinates":[11.898171,47.564329]},"properties":{"w":0.3931}},{"type":"Feature","geometry":{"type":"Point","coordinates":[10.495882,47.535609]},"properties":{"w":0.347}},{"type":"Feature","geometry":{"type":"Point","coordinates":[15.372159,47.553475]},"properties":{"w":0.2954}},{"type":"Feature","geometry":{"type":"Point","coordinates":[11.939563,47.561279]},"properties":{"w":0.2766}},{"type":"Feature","geometry":{"type":"Point","coordinates":[16.415305,47.536649]},"properties":{"w":0.4872}},{"type":"Feature","geometry":{"type":"Point","coordinates":[11.712067,47.55899]},"properties":{"w":0.4325}},{"type":"Feature","geometry":{"type":"Point","coordinates":[15.049304,47.562534]},"properties":{"w":0.5043}},{"type":"Feature","geometry":{"type":"Point","coordinates":[15.490404,47.550372]},"properties":{"w":0.333}},{"type":"Feature","geometry":{"type":"Point","coordinates":[14.311719,47.564212]},"properties":{"w":0.2942}},{"type":"Feature","geometry":{"type":"Point","coordinates":[15.708957,47.543934]},"properties":{"w":0.3807}},{"type":"Feature","geometry":{"type":"Point","coordinates":[10.448047,47.531651]},"properties":{"w":0.388}},{"type":"Feature","geometry":{"type":"Point","coordinates":[11.861431,47.558576]},"properties":{"w":0.3725}},{"type":"Feature","geometry":{"type":"Point","coordinates":[15.846238,47.539344]},"properties":{"w":0.3024}},{"type":"Feature","geometry":{"type":"Point","coordinates":[16.505074,47.543684]},"properties":{"w":0.8226}},{"type":"Feature","geometry":{"type":"Point","coordinates":[11.950362,47.558825]},"properties":{"w":0.3912}},{"type":"Feature","geometry":{"type":"Point","coordinates":[10.505182,47.531927]},"properties":{"w":0.2959}},{"type":"Feature","geometry":{"type":"Point","coordinates":[11.800193,47.555824]},"properties":{"w":0.2959}},{"type":"Feature","geometry":{"type":"Point","coordinates":[10.711313,47.539107]},"properties":{"w":0.5082}},{"type":"Feature","geometry":{"type":"Point","coordinates":[11.839172,47.554721]},"properties":{"w":0.3566}},{"type":"Feature","geometry":{"type":"Point","coordinates":[15.816828,47.53832]},"properties":{"w":0.2842}},{"type":"Feature","geometry":{"type":"Point","coordinates":[16.354331,47.540172]},"properties":{"w":0.7806}},{"type":"Feature","geometry":{"type":"Point","coordinates":[15.032134,47.552478]},"properties":{"w":0.42}},{"type":"Feature","geometry":{"type":"Point","coordinates":[16.336938,47.525373]},"properties":{"w":0.3024}},{"type":"Feature","geometry":{"type":"Point","coordinates":[13.614412,47.562014]},"properties":{"w":0.3912}},{"type":"Feature","geometry":{"type":"Point","coordinates":[15.768212,47.557684]},"properties":{"w":0.6534}},{"type":"Feature","geometry":{"type":"Point","coordinates":[10.606069,47.532466]},"properties":{"w":0.337}},{"type":"Feature","geometry":{"type":"Point","coordinates":[10.597611,47.527317]},"properties":{"w":0.2867}},{"type":"Feature","geometry":{"type":"Point","coordinates":[16.554302,47.520906]},"properties":{"w":0.3556}},{"type":"Feature","geometry":{"type":"Point","coordinates":[16.343786,47.520719]},"properties":{"w":0.2872}},{"type":"Feature","geometry":{"type":"Point","coordinates":[15.068058,47.551795]},"properties":{"w":0.4412}},{"type":"Feature","geometry":{"type":"Point","coordinates":[13.891367,47.558358]},"properties":{"w":0.319}},{"type":"Feature","geometry":{"type":"Point","coordinates":[15.823347,47.537378]},"properties":{"w":0.4068}},{"type":"Feature","geometry":{"type":"Point","coordinates":[15.754824,47.538911]},"properties":{"w":0.4596}},{"type":"Feature","geometry":{"type":"Point","coordinates":[15.843502,47.554715]},"properties":{"w":0.6346}},{"type":"Feature","geometry":{"type":"Point","coordinates":[15.195739,47.544081]},"properties":{"w":0.3075}},{"type":"Feature","geometry":{"type":"Point","coordinates":[10.522847,47.524259]},"properties":{"w":0.3268}},{"type":"Feature","geometry":{"type":"Point","coordinates":[11.73551,47.547226]},"properties":{"w":0.3569}},{"type":"Feature","geometry":{"type":"Point","coordinates":[15.922835,47.535512]},"properties":{"w":0.5386}},{"type":"Feature","geometry":{"type":"Point","coordinates":[14.123115,47.557372]},"properties":{"w":0.4259}},{"type":"Feature","geometry":{"type":"Point","coordinates":[16.464699,47.516446]},"properties":{"w":0.4428}},{"type":"Feature","geometry":{"type":"Point","coordinates":[11.984277,47.54845]},"properties":{"w":0.306}},{"type":"Feature","geometry":{"type":"Point","coordinates":[13.294619,47.560443]},"properties":{"w":0.3849}},{"type":"Feature","geometry":{"type":"Point","coordinates":[15.040338,47.544662]},"properties":{"w":0.381}},{"type":"Feature","geometry":{"type":"Point","coordinates":[15.35273,47.54129]},"properties":{"w":0.4204}},{"type":"Feature","geometry":{"type":"Point","coordinates":[10.485754,47.526601]},"properties":{"w":0.6275}},{"type":"Feature","geometry":{"type":"Point","coordinates":[15.272297,47.539024]},"properties":{"w":0.3334}},{"type":"Feature","geometry":{"type":"Point","coordinates":[15.821577,47.527296]},"properties":{"w":0.3408}},{"type":"Feature","geometry":{"type":"Point","coordinates":[10.579826,47.521251]},"properties":{"w":0.2981}},{"type":"Feature","geometry":{"type":"Point","coordinates":[13.837229,47.556123]},"properties":{"w":0.5399}},{"type":"Feature","geometry":{"type":"Point","coordinates":[14.99438,47.544618]},"properties":{"w":0.4885}},{"type":"Feature","geometry":{"type":"Point","coordinates":[14.818353,47.543071]},"properties":{"w":0.3044}},{"type":"Feature","geometry":{"type":"Point","coordinates":[11.800687,47.542707]},"properties":{"w":0.2959}},{"type":"Feature","geometry":{"type":"Point","coordinates":[11.945686,47.545199]},"properties":{"w":0.4446}},{"type":"Feature","geometry":{"type":"Point","coordinates":[15.151936,47.538168]},"properties":{"w":0.2925}},{"type":"Feature","geometry":{"type":"Point","coordinates":[15.945005,47.523501]},"properties":{"w":0.3198}},{"type":"Feature","geometry":{"type":"Point","coordinates":[16.024648,47.528583]},"properties":{"w":0.5875}},{"type":"Feature","geometry":{"type":"Point","coordinates":[12.381985,47.547152]},"properties":{"w":0.3157}},{"type":"Feature","geometry":{"type":"Point","coordinates":[14.434031,47.547876]},"properties":{"w":0.3566}},{"type":"Feature","geometry":{"type":"Point","coordinates":[15.969591,47.521427]},"properties":{"w":0.4051}},{"type":"Feature","geometry":{"type":"Point","coordinates":[14.091404,47.551392]},"properties":{"w":0.3669}},{"type":"Feature","geometry":{"type":"Point","coordinates":[12.643764,47.548722]},"properties":{"w":0.3139}},{"type":"Feature","geometry":{"type":"Point","coordinates":[16.606892,47.52049]},"properties":{"w":0.7767}},{"type":"Feature","geometry":{"type":"Point","coordinates":[15.425463,47.538677]},"properties":{"w":0.4029}},{"type":"Feature","geometry":{"type":"Point","coordinates":[14.371855,47.553366]},"properties":{"w":0.4703}},{"type":"Feature","geometry":{"type":"Point","coordinates":[13.446489,47.559365]},"properties":{"w":0.6611}},{"type":"Feature","geometry":{"type":"Point","coordinates":[12.007463,47.541925]},"properties":{"w":0.326}},{"type":"Feature","geometry":{"type":"Point","coordinates":[13.563616,47.552016]},"properties":{"w":0.4213}},{"type":"Feature","geometry":{"type":"Point","coordinates":[15.4035,47.54849]},"properties":{"w":0.7158}},{"type":"Feature","geometry":{"type":"Point","coordinates":[11.806395,47.539153]},"properties":{"w":0.3512}},{"type":"Feature","geometry":{"type":"Point","coordinates":[14.345637,47.544543]},"properties":{"w":0.3408}},{"type":"Feature","geometry":{"type":"Point","coordinates":[16.474643,47.50806]},"properties":{"w":0.4636}},{"type":"Feature","geometry":{"type":"Point","coordinates":[13.381215,47.548134]},"properties":{"w":0.4378}},{"type":"Feature","geometry":{"type":"Point","coordinates":[15.437289,47.531216]},"properties":{"w":0.4575}},{"type":"Feature","geometry":{"type":"Point","coordinates":[16.530012,47.520151]},"properties":{"w":0.6954}},{"type":"Feature","geometry":{"type":"Point","coordinates":[15.693354,47.534121]},"properties":{"w":0.7004}},{"type":"Feature","geometry":{"type":"Point","coordinates":[10.532011,47.513922]},"properties":{"w":0.4562}},{"type":"Feature","geometry":{"type":"Point","coordinates":[14.074327,47.545383]},"properties":{"w":0.3285}},{"type":"Feature","geometry":{"type":"Point","coordinates":[14.486347,47.538813]},"properties":{"w":0.331}},{"type":"Feature","geometry":{"type":"Point","coordinates":[10.660858,47.515571]},"properties":{"w":0.3264}},{"type":"Feature","geometry":{"type":"Point","coordinates":[11.84062,47.534295]},"properties":{"w":0.2766}},{"type":"Feature","geometry":{"type":"Point","coordinates":[16.444781,47.515806]},"properties":{"w":0.7364}},{"type":"Feature","geometry":{"type":"Point","coordinates":[15.012804,47.531231]},"properties":{"w":0.2948}},{"type":"Feature","geometry":{"type":"Point","coordinates":[15.598554,47.523212]},"properties":{"w":0.3996}},{"type":"Feature","geometry":{"type":"Point","coordinates":[14.988406,47.531824]},"properties":{"w":0.2867}},{"type":"Feature","geometry":{"type":"Point","coordinates":[13.386241,47.542771]},"properties":{"w":0.3124}},{"type":"Feature","geometry":{"type":"Point","coordinates":[13.893121,47.549396]},"properties":{"w":0.6664}},{"type":"Feature","geometry":{"type":"Point","coordinates":[16.368418,47.502368]},"properties":{"w":0.2786}},{"type":"Feature","geometry":{"type":"Point","coordinates":[14.932228,47.532117]},"properties":{"w":0.3139}},{"type":"Feature","geometry":{"type":"Point","coordinates":[13.89554,47.540823]},"properties":{"w":0.4329}},{"type":"Feature","geometry":{"type":"Point","coordinates":[12.764492,47.543812]},"properties":{"w":0.5714}},{"type":"Feature","geometry":{"type":"Point","coordinates":[14.44101,47.537039]},"properties":{"w":0.326}},{"type":"Feature","geometry":{"type":"Point","coordinates":[9.60803,47.485482]},"properties":{"w":0.5283}},{"type":"Feature","geometry":{"type":"Point","coordinates":[15.375046,47.527728]},"properties":{"w":0.3415}},{"type":"Feature","geometry":{"type":"Point","coordinates":[14.411527,47.544018]},"properties":{"w":0.4798}},{"type":"Feature","geometry":{"type":"Point","coordinates":[14.92098,47.52817]},"properties":{"w":0.3553}},{"type":"Feature","geometry":{"type":"Point","coordinates":[9.637547,47.481571]},"properties":{"w":0.4399}},{"type":"Feature","geometry":{"type":"Point","coordinates":[15.116896,47.53407]},"properties":{"w":0.6462}},{"type":"Feature","geometry":{"type":"Point","coordinates":[13.510863,47.536692]},"properties":{"w":0.2817}},{"type":"Feature","geometry":{"type":"Point","coordinates":[10.747122,47.506631]},"properties":{"w":0.2766}},{"type":"Feature","geometry":{"type":"Point","coordinates":[13.979246,47.535473]},"properties":{"w":0.3696}},{"type":"Feature","geometry":{"type":"Point","coordinates":[13.601662,47.53707]},"properties":{"w":0.363}},{"type":"Feature","geometry":{"type":"Point","coordinates":[16.068072,47.507134]},"properties":{"w":0.5519}},{"type":"Feature","geometry":{"type":"Point","coordinates":[13.905652,47.535149]},"properties":{"w":0.3549}},{"type":"Feature","geometry":{"type":"Point","coordinates":[15.662392,47.517759]},"properties":{"w":0.5928}},{"type":"Feature","geometry":{"type":"Point","coordinates":[10.484763,47.498278]},"properties":{"w":0.3543}},{"type":"Feature","geometry":{"type":"Point","coordinates":[11.932428,47.526061]},"properties":{"w":0.4812}},{"type":"Feature","geometry":{"type":"Point","coordinates":[14.67963,47.529361]},"properties":{"w":0.5232}},{"type":"Feature","geometry":{"type":"Point","coordinates":[10.824218,47.5065]},"properties":{"w":0.3872}},{"type":"Feature","geometry":{"type":"Point","coordinates":[10.575387,47.503734]},"properties":{"w":0.4501}},{"type":"Feature","geometry":{"type":"Point","coordinates":[15.119035,47.521535]},"properties":{"w":0.3327}},{"type":"Feature","geometry":{"type":"Point","coordinates":[15.342078,47.518652]},"properties":{"w":0.4835}},{"type":"Feature","geometry":{"type":"Point","coordinates":[10.436984,47.496684]},"properties":{"w":0.289}},{"type":"Feature","geometry":{"type":"Point","coordinates":[14.929351,47.522946]},"properties":{"w":0.3498}},{"type":"Feature","geometry":{"type":"Point","coordinates":[15.302914,47.517044]},"properties":{"w":0.2867}},{"type":"Feature","geometry":{"type":"Point","coordinates":[15.527929,47.513739]},"properties":{"w":0.3533}},{"type":"Feature","geometry":{"type":"Point","coordinates":[14.750957,47.525689]},"properties":{"w":0.3198}},{"type":"Feature","geometry":{"type":"Point","coordinates":[15.28378,47.516978]},"properties":{"w":0.2766}},{"type":"Feature","geometry":{"type":"Point","coordinates":[12.704243,47.532734]},"properties":{"w":0.3491}},{"type":"Feature","geometry":{"type":"Point","coordinates":[14.804341,47.521972]},"properties":{"w":0.3844}},{"type":"Feature","geometry":{"type":"Point","coordinates":[14.176651,47.529808]},"properties":{"w":0.2872}},{"type":"Feature","geometry":{"type":"Point","coordinates":[15.31587,47.516316]},"properties":{"w":0.3954}},{"type":"Feature","geometry":{"type":"Point","coordinates":[14.919122,47.519657]},"properties":{"w":0.3617}},{"type":"Feature","geometry":{"type":"Point","coordinates":[13.375643,47.531163]},"properties":{"w":0.4034}},{"type":"Feature","geometry":{"type":"Point","coordinates":[14.796767,47.520435]},"properties":{"w":0.3044}},{"type":"Feature","geometry":{"type":"Point","coordinates":[15.844591,47.506395]},"properties":{"w":0.5182}},{"type":"Feature","geometry":{"type":"Point","coordinates":[10.855737,47.503636]},"properties":{"w":0.4656}},{"type":"Feature","geometry":{"type":"Point","coordinates":[15.038669,47.517181]},"properties":{"w":0.2867}},{"type":"Feature","geometry":{"type":"Point","coordinates":[14.478973,47.521112]},"properties":{"w":0.2792}},{"type":"Feature","geometry":{"type":"Point","coordinates":[15.330105,47.513036]},"properties":{"w":0.3162}},{"type":"Feature","geometry":{"type":"Point","coordinates":[13.858623,47.52665]},"properties":{"w":0.3212}},{"type":"Feature","geometry":{"type":"Point","coordinates":[11.76753,47.515989]},"properties":{"w":0.3124}},{"type":"Feature","geometry":{"type":"Point","coordinates":[14.490216,47.522381]},"properties":{"w":0.3153}},{"type":"Feature","geometry":{"type":"Point","coordinates":[13.877904,47.53684]},"properties":{"w":0.6979}},{"type":"Feature","geometry":{"type":"Point","coordinates":[10.460218,47.490338]},"properties":{"w":0.2766}},{"type":"Feature","geometry":{"type":"Point","coordinates":[13.977514,47.5237]},"properties":{"w":0.3124}},{"type":"Feature","geometry":{"type":"Point","coordinates":[14.5162,47.518836]},"properties":{"w":0.3849}},{"type":"Feature","geometry":{"type":"Point","coordinates":[15.540421,47.511204]},"properties":{"w":0.4451}},{"type":"Feature","geometry":{"type":"Point","coordinates":[11.934615,47.519844]},"properties":{"w":0.3968}},{"type":"Feature","geometry":{"type":"Point","coordinates":[14.197301,47.523421]},"properties":{"w":0.4138}},{"type":"Feature","geometry":{"type":"Point","coordinates":[16.662947,47.5378]},"properties":{"w":0.9323}},{"type":"Feature","geometry":{"type":"Point","coordinates":[10.809268,47.496225]},"properties":{"w":0.2766}},{"type":"Feature","geometry":{"type":"Point","coordinates":[14.906124,47.515152]},"properties":{"w":0.3306}},{"type":"Feature","geometry":{"type":"Point","coordinates":[14.808427,47.515112]},"properties":{"w":0.3268}},{"type":"Feature","geometry":{"type":"Point","coordinates":[14.659232,47.518663]},"properties":{"w":0.3589}},{"type":"Feature","geometry":{"type":"Point","coordinates":[12.535135,47.519982]},"properties":{"w":0.3478}},{"type":"Feature","geometry":{"type":"Point","coordinates":[13.962343,47.521172]},"properties":{"w":0.4124}},{"type":"Feature","geometry":{"type":"Point","coordinates":[14.48916,47.515123]},"properties":{"w":0.3002}},{"type":"Feature","geometry":{"type":"Point","coordinates":[15.278486,47.507438]},"properties":{"w":0.4536}},{"type":"Feature","geometry":{"type":"Point","coordinates":[10.501072,47.488016]},"properties":{"w":0.3669}},{"type":"Feature","geometry":{"type":"Point","coordinates":[13.985124,47.519629]},"properties":{"w":0.3198}},{"type":"Feature","geometry":{"type":"Point","coordinates":[15.041328,47.509933]},"properties":{"w":0.3298}},{"type":"Feature","geometry":{"type":"Point","coordinates":[14.301734,47.516239]},"properties":{"w":0.2772}},{"type":"Feature","geometry":{"type":"Point","coordinates":[15.006514,47.510868]},"properties":{"w":0.3614}},{"type":"Feature","geometry":{"type":"Point","coordinates":[11.763423,47.512039]},"properties":{"w":0.3456}},{"type":"Feature","geometry":{"type":"Point","coordinates":[14.503847,47.513407]},"properties":{"w":0.31}},{"type":"Feature","geometry":{"type":"Point","coordinates":[10.476127,47.484793]},"properties":{"w":0.4228}},{"type":"Feature","geometry":{"type":"Point","coordinates":[16.517262,47.477023]},"properties":{"w":0.4237}},{"type":"Feature","geometry":{"type":"Point","coordinates":[11.839505,47.508926]},"properties":{"w":0.3515}},{"type":"Feature","geometry":{"type":"Point","coordinates":[11.827483,47.506854]},"properties":{"w":0.2798}},{"type":"Feature","geometry":{"type":"Point","coordinates":[14.796532,47.508314]},"properties":{"w":0.2914}},{"type":"Feature","geometry":{"type":"Point","coordinates":[12.647946,47.517838]},"properties":{"w":0.3124}},{"type":"Feature","geometry":{"type":"Point","coordinates":[15.028703,47.510048]},"properties":{"w":0.375}},{"type":"Feature","geometry":{"type":"Point","coordinates":[15.483835,47.496124]},"properties":{"w":0.2867}},{"type":"Feature","geometry":{"type":"Point","coordinates":[15.506382,47.496043]},"properties":{"w":0.5652}},{"type":"Feature","geometry":{"type":"Point","coordinates":[15.557896,47.495714]},"properties":{"w":0.3935}},{"type":"Feature","geometry":{"type":"Point","coordinates":[10.649883,47.485576]},"properties":{"w":0.3509}},{"type":"Feature","geometry":{"type":"Point","coordinates":[13.96449,47.514206]},"properties":{"w":0.3802}},{"type":"Feature","geometry":{"type":"Point","coordinates":[12.148914,47.508792]},"properties":{"w":0.2861}},{"type":"Feature","geometry":{"type":"Point","coordinates":[14.776169,47.506748]},"properties":{"w":0.2766}},{"type":"Feature","geometry":{"type":"Point","coordinates":[13.390848,47.513959]},"properties":{"w":0.3002}},{"type":"Feature","geometry":{"type":"Point","coordinates":[10.569942,47.480164]},"properties":{"w":0.2766}},{"type":"Feature","geometry":{"type":"Point","coordinates":[11.775011,47.502307]},"properties":{"w":0.326}},{"type":"Feature","geometry":{"type":"Point","coordinates":[10.490426,47.478704]},"properties":{"w":0.4196}},{"type":"Feature","geometry":{"type":"Point","coordinates":[14.718624,47.507088]},"properties":{"w":0.2867}},{"type":"Feature","geometry":{"type":"Point","coordinates":[11.782865,47.504513]},"properties":{"w":0.343}},{"type":"Feature","geometry":{"type":"Point","coordinates":[12.660189,47.5145]},"properties":{"w":0.4053}},{"type":"Feature","geometry":{"type":"Point","coordinates":[10.47934,47.478211]},"properties":{"w":0.2766}},{"type":"Feature","geometry":{"type":"Point","coordinates":[11.81201,47.50182]},"properties":{"w":0.3044}},{"type":"Feature","geometry":{"type":"Point","coordinates":[16.336127,47.48697]},"properties":{"w":0.6087}},{"type":"Feature","geometry":{"type":"Point","coordinates":[15.354474,47.493642]},"properties":{"w":0.2855}},{"type":"Feature","geometry":{"type":"Point","coordinates":[10.517162,47.479062]},"properties":{"w":0.4036}},{"type":"Feature","geometry":{"type":"Point","coordinates":[12.774877,47.509335]},"properties":{"w":0.3013}},{"type":"Feature","geometry":{"type":"Point","coordinates":[15.286201,47.498821]},"properties":{"w":0.3124}},{"type":"Feature","geometry":{"type":"Point","coordinates":[16.583163,47.486149]},"properties":{"w":0.796}},{"type":"Feature","geometry":{"type":"Point","coordinates":[14.238018,47.508824]},"properties":{"w":0.3569}},{"type":"Feature","geometry":{"type":"Point","coordinates":[15.062995,47.496987]},"properties":{"w":0.2836}},{"type":"Feature","geometry":{"type":"Point","coordinates":[14.585063,47.506021]},"properties":{"w":0.3484}},{"type":"Feature","geometry":{"type":"Point","coordinates":[14.879694,47.502069]},"properties":{"w":0.4325}},{"type":"Feature","geometry":{"type":"Point","coordinates":[14.67136,47.503977]},"properties":{"w":0.3663}},{"type":"Feature","geometry":{"type":"Point","coordinates":[13.410591,47.513615]},"properties":{"w":0.5139}},{"type":"Feature","geometry":{"type":"Point","coordinates":[15.113416,47.501566]},"properties":{"w":0.458}},{"type":"Feature","geometry":{"type":"Point","coordinates":[14.676748,47.499649]},"properties":{"w":0.3216}},{"type":"Feature","geometry":{"type":"Point","coordinates":[15.251288,47.498074]},"properties":{"w":0.5052}},{"type":"Feature","geometry":{"type":"Point","coordinates":[11.761927,47.496195]},"properties":{"w":0.2986}},{"type":"Feature","geometry":{"type":"Point","coordinates":[14.605716,47.498683]},"properties":{"w":0.2766}},{"type":"Feature","geometry":{"type":"Point","coordinates":[14.819922,47.500668]},"properties":{"w":0.3617}},{"type":"Feature","geometry":{"type":"Point","coordinates":[14.180119,47.503947]},"properties":{"w":0.3139}},{"type":"Feature","geometry":{"type":"Point","coordinates":[10.554853,47.473287]},"properties":{"w":0.3636}},{"type":"Feature","geometry":{"type":"Point","coordinates":[16.65773,47.455303]},"properties":{"w":0.2861}},{"type":"Feature","geometry":{"type":"Point","coordinates":[13.894908,47.516167]},"properties":{"w":0.6516}},{"type":"Feature","geometry":{"type":"Point","coordinates":[11.770197,47.493113]},"properties":{"w":0.398}},{"type":"Feature","geometry":{"type":"Point","coordinates":[14.800306,47.495443]},"properties":{"w":0.3397}},{"type":"Feature","geometry":{"type":"Point","coordinates":[16.259693,47.464738]},"properties":{"w":0.2908}},{"type":"Feature","geometry":{"type":"Point","coordinates":[15.04771,47.495276]},"properties":{"w":0.3961}},{"type":"Feature","geometry":{"type":"Point","coordinates":[14.721094,47.49086]},"properties":{"w":0.2867}},{"type":"Feature","geometry":{"type":"Point","coordinates":[13.899433,47.503631]},"properties":{"w":0.5633}},{"type":"Feature","geometry":{"type":"Point","coordinates":[11.790673,47.490397]},"properties":{"w":0.43}},{"type":"Feature","geometry":{"type":"Point","coordinates":[16.513744,47.464352]},"properties":{"w":0.5895}},{"type":"Feature","geometry":{"type":"Point","coordinates":[12.598312,47.497397]},"properties":{"w":0.342}},{"type":"Feature","geometry":{"type":"Point","coordinates":[11.77506,47.486953]},"properties":{"w":0.3272}},{"type":"Feature","geometry":{"type":"Point","coordinates":[16.247045,47.461529]},"properties":{"w":0.3226}},{"type":"Feature","geometry":{"type":"Point","coordinates":[16.415407,47.481942]},"properties":{"w":0.911}},{"type":"Feature","geometry":{"type":"Point","coordinates":[11.752913,47.490178]},"properties":{"w":0.458}},{"type":"Feature","geometry":{"type":"Point","coordinates":[10.921214,47.473268]},"properties":{"w":0.4642}},{"type":"Feature","geometry":{"type":"Point","coordinates":[11.844105,47.494924]},"properties":{"w":0.5106}},{"type":"Feature","geometry":{"type":"Point","coordinates":[16.532514,47.457688]},"properties":{"w":0.4934}},{"type":"Feature","geometry":{"type":"Point","coordinates":[15.201045,47.484372]},"properties":{"w":0.3255}},{"type":"Feature","geometry":{"type":"Point","coordinates":[14.696946,47.489929]},"properties":{"w":0.3834}},{"type":"Feature","geometry":{"type":"Point","coordinates":[14.86966,47.484632]},"properties":{"w":0.2829}},{"type":"Feature","geometry":{"type":"Point","coordinates":[14.877284,47.48601]},"properties":{"w":0.3713}},{"type":"Feature","geometry":{"type":"Point","coordinates":[16.353332,47.457605]},"properties":{"w":0.4558}},{"type":"Feature","geometry":{"type":"Point","coordinates":[14.774999,47.487232]},"properties":{"w":0.4723}},{"type":"Feature","geometry":{"type":"Point","coordinates":[13.929596,47.493608]},"properties":{"w":0.4981}},{"type":"Feature","geometry":{"type":"Point","coordinates":[14.865258,47.481746]},"properties":{"w":0.2792}},{"type":"Feature","geometry":{"type":"Point","coordinates":[14.706554,47.488916]},"properties":{"w":0.3456}},{"type":"Feature","geometry":{"type":"Point","coordinates":[16.637779,47.447434]},"properties":{"w":0.5008}},{"type":"Feature","geometry":{"type":"Point","coordinates":[12.810251,47.49047]},"properties":{"w":0.3519}},{"type":"Feature","geometry":{"type":"Point","coordinates":[12.731474,47.489517]},"properties":{"w":0.3884}},{"type":"Feature","geometry":{"type":"Point","coordinates":[13.487419,47.489772]},"properties":{"w":0.363}},{"type":"Feature","geometry":{"type":"Point","coordinates":[10.581579,47.456403]},"properties":{"w":0.3495}},{"type":"Feature","geometry":{"type":"Point","coordinates":[14.954317,47.480961]},"properties":{"w":0.3772}},{"type":"Feature","geometry":{"type":"Point","coordinates":[13.921004,47.499661]},"properties":{"w":0.6142}},{"type":"Feature","geometry":{"type":"Point","coordinates":[10.733087,47.459919]},"properties":{"w":0.3764}},{"type":"Feature","geometry":{"type":"Point","coordinates":[10.553094,47.453422]},"properties":{"w":0.2959}},{"type":"Feature","geometry":{"type":"Point","coordinates":[11.903547,47.478829]},"properties":{"w":0.3582}},{"type":"Feature","geometry":{"type":"Point","coordinates":[10.604713,47.453539]},"properties":{"w":0.3124}},{"type":"Feature","geometry":{"type":"Point","coordinates":[13.830198,47.486588]},"properties":{"w":0.4377}},{"type":"Feature","geometry":{"type":"Point","coordinates":[12.710048,47.484389]},"properties":{"w":0.2766}},{"type":"Feature","geometry":{"type":"Point","coordinates":[15.607633,47.482775]},"properties":{"w":0.8488}},{"type":"Feature","geometry":{"type":"Point","coordinates":[16.55945,47.44976]},"properties":{"w":0.7396}},{"type":"Feature","geometry":{"type":"Point","coordinates":[13.865792,47.487492]},"properties":{"w":0.6202}},{"type":"Feature","geometry":{"type":"Point","coordinates":[12.755476,47.481479]},"properties":{"w":0.2766}},{"type":"Feature","geometry":{"type":"Point","coordinates":[15.218818,47.46705]},"properties":{"w":0.2823}},{"type":"Feature","geometry":{"type":"Point","coordinates":[11.82953,47.473727]},"properties":{"w":0.2779}},{"type":"Feature","geometry":{"type":"Point","coordinates":[14.911738,47.475929]},"properties":{"w":0.3334}},{"type":"Feature","geometry":{"type":"Point","coordinates":[15.007643,47.474498]},"properties":{"w":0.4244}},{"type":"Feature","geometry":{"type":"Point","coordinates":[12.723029,47.484145]},"properties":{"w":0.4602}},{"type":"Feature","geometry":{"type":"Point","coordinates":[10.715496,47.451547]},"properties":{"w":0.347}},{"type":"Feature","geometry":{"type":"Point","coordinates":[14.680801,47.474533]},"properties":{"w":0.2896}},{"type":"Feature","geometry":{"type":"Point","coordinates":[10.687145,47.453128]},"properties":{"w":0.5112}},{"type":"Feature","geometry":{"type":"Point","coordinates":[13.552967,47.48292]},"properties":{"w":0.4312}},{"type":"Feature","geometry":{"type":"Point","coordinates":[15.297705,47.46461]},"properties":{"w":0.4}},{"type":"Feature","geometry":{"type":"Point","coordinates":[10.5845,47.445985]},"properties":{"w":0.3334}},{"type":"Feature","geometry":{"type":"Point","coordinates":[13.356986,47.480003]},"properties":{"w":0.3474}},{"type":"Feature","geometry":{"type":"Point","coordinates":[14.877583,47.470933]},"properties":{"w":0.3289}},{"type":"Feature","geometry":{"type":"Point","coordinates":[13.254399,47.479085]},"properties":{"w":0.2855}},{"type":"Feature","geometry":{"type":"Point","coordinates":[13.776951,47.494612]},"properties":{"w":0.6224}},{"type":"Feature","geometry":{"type":"Point","coordinates":[13.551501,47.477092]},"properties":{"w":0.3488}},{"type":"Feature","geometry":{"type":"Point","coordinates":[13.826163,47.477209]},"properties":{"w":0.4448}},{"type":"Feature","geometry":{"type":"Point","coordinates":[11.738005,47.475588]},"properties":{"w":0.5133}},{"type":"Feature","geometry":{"type":"Point","coordinates":[13.071483,47.476313]},"properties":{"w":0.4206}},{"type":"Feature","geometry":{"type":"Point","coordinates":[15.375066,47.456975]},"properties":{"w":0.289}},{"type":"Feature","geometry":{"type":"Point","coordinates":[12.724349,47.475669]},"properties":{"w":0.4466}},{"type":"Feature","geometry":{"type":"Point","coordinates":[13.485588,47.475657]},"properties":{"w":0.3385}},{"type":"Feature","geometry":{"type":"Point","coordinates":[16.421697,47.433859]},"properties":{"w":0.323}},{"type":"Feature","geometry":{"type":"Point","coordinates":[14.705353,47.46932]},"properties":{"w":0.3397}},{"type":"Feature","geometry":{"type":"Point","coordinates":[15.209246,47.463522]},"properties":{"w":0.42}},{"type":"Feature","geometry":{"type":"Point","coordinates":[13.327359,47.476923]},"properties":{"w":0.3576}},{"type":"Feature","geometry":{"type":"Point","coordinates":[15.624923,47.452952]},"properties":{"w":0.3484}},{"type":"Feature","geometry":{"type":"Point","coordinates":[16.381301,47.438279]},"properties":{"w":0.5484}},{"type":"Feature","geometry":{"type":"Point","coordinates":[14.162777,47.475169]},"properties":{"w":0.3844}},{"type":"Feature","geometry":{"type":"Point","coordinates":[14.468347,47.470442]},"properties":{"w":0.4811}},{"type":"Feature","geometry":{"type":"Point","coordinates":[13.043792,47.474394]},"properties":{"w":0.3207}},{"type":"Feature","geometry":{"type":"Point","coordinates":[10.555196,47.440013]},"properties":{"w":0.3512}},{"type":"Feature","geometry":{"type":"Point","coordinates":[10.891974,47.447093]},"properties":{"w":0.3294}},{"type":"Feature","geometry":{"type":"Point","coordinates":[11.785005,47.461621]},"properties":{"w":0.4463}},{"type":"Feature","geometry":{"type":"Point","coordinates":[13.343097,47.471322]},"properties":{"w":0.3044}},{"type":"Feature","geometry":{"type":"Point","coordinates":[15.15969,47.45734]},"properties":{"w":0.2959}},{"type":"Feature","geometry":{"type":"Point","coordinates":[16.591102,47.433229]},"properties":{"w":0.7035}},{"type":"Feature","geometry":{"type":"Point","coordinates":[15.221981,47.454985]},"properties":{"w":0.2872}},{"type":"Feature","geometry":{"type":"Point","coordinates":[16.196688,47.438015]},"properties":{"w":0.4619}},{"type":"Feature","geometry":{"type":"Point","coordinates":[14.075615,47.469382]},"properties":{"w":0.4678}},{"type":"Feature","geometry":{"type":"Point","coordinates":[11.811162,47.459485]},"properties":{"w":0.2766}},{"type":"Feature","geometry":{"type":"Point","coordinates":[13.772843,47.46725]},"properties":{"w":0.3075}},{"type":"Feature","geometry":{"type":"Point","coordinates":[12.80059,47.46818]},"properties":{"w":0.2948}},{"type":"Feature","geometry":{"type":"Point","coordinates":[13.500524,47.470968]},"properties":{"w":0.3207}},{"type":"Feature","geometry":{"type":"Point","coordinates":[13.043499,47.467222]},"properties":{"w":0.2766}},{"type":"Feature","geometry":{"type":"Point","coordinates":[13.328367,47.468385]},"properties":{"w":0.3268}},{"type":"Feature","geometry":{"type":"Point","coordinates":[13.901486,47.467105]},"properties":{"w":0.3221}},{"type":"Feature","geometry":{"type":"Point","coordinates":[14.964825,47.459082]},"properties":{"w":0.307}},{"type":"Feature","geometry":{"type":"Point","coordinates":[12.004104,47.459101]},"properties":{"w":0.2766}},{"type":"Feature","geometry":{"type":"Point","coordinates":[14.63222,47.458156]},"properties":{"w":0.3008}},{"type":"Feature","geometry":{"type":"Point","coordinates":[13.469368,47.467914]},"properties":{"w":0.3556}},{"type":"Feature","geometry":{"type":"Point","coordinates":[10.543122,47.431551]},"properties":{"w":0.2867}},{"type":"Feature","geometry":{"type":"Point","coordinates":[13.454351,47.466432]},"properties":{"w":0.3998}},{"type":"Feature","geometry":{"type":"Point","coordinates":[14.088661,47.463053]},"properties":{"w":0.3327}},{"type":"Feature","geometry":{"type":"Point","coordinates":[14.734018,47.46724]},"properties":{"w":0.4404}},{"type":"Feature","geometry":{"type":"Point","coordinates":[13.741879,47.480544]},"properties":{"w":0.7832}},{"type":"Feature","geometry":{"type":"Point","coordinates":[15.219481,47.450271]},"properties":{"w":0.2848}},{"type":"Feature","geometry":{"type":"Point","coordinates":[13.569368,47.46522]},"properties":{"w":0.3212}},{"type":"Feature","geometry":{"type":"Point","coordinates":[13.786145,47.463897]},"properties":{"w":0.3515}},{"type":"Feature","geometry":{"type":"Point","coordinates":[15.674383,47.441829]},"properties":{"w":0.4193}},{"type":"Feature","geometry":{"type":"Point","coordinates":[15.601996,47.440933]},"properties":{"w":0.3119}},{"type":"Feature","geometry":{"type":"Point","coordinates":[11.823338,47.454561]},"properties":{"w":0.3185}},{"type":"Feature","geometry":{"type":"Point","coordinates":[15.015196,47.45714]},"properties":{"w":0.466}},{"type":"Feature","geometry":{"type":"Point","coordinates":[12.445736,47.460352]},"properties":{"w":0.4851}},{"type":"Feature","geometry":{"type":"Point","coordinates":[10.90098,47.437364]},"properties":{"w":0.3636}},{"type":"Feature","geometry":{"type":"Point","coordinates":[11.759336,47.452446]},"properties":{"w":0.3456}},{"type":"Feature","geometry":{"type":"Point","coordinates":[13.652676,47.461566]},"properties":{"w":0.3595}},{"type":"Feature","geometry":{"type":"Point","coordinates":[12.853133,47.460199]},"properties":{"w":0.3044}},{"type":"Feature","geometry":{"type":"Point","coordinates":[13.139073,47.462149]},"properties":{"w":0.4085}},{"type":"Feature","geometry":{"type":"Point","coordinates":[15.134101,47.446818]},"properties":{"w":0.3456}},{"type":"Feature","geometry":{"type":"Point","coordinates":[13.754085,47.459771]},"properties":{"w":0.4399}},{"type":"Feature","geometry":{"type":"Point","coordinates":[14.814999,47.45282]},"properties":{"w":0.2805}},{"type":"Feature","geometry":{"type":"Point","coordinates":[13.413698,47.460693]},"properties":{"w":0.4076}},{"type":"Feature","geometry":{"type":"Point","coordinates":[14.798332,47.453566]},"properties":{"w":0.3124}},{"type":"Feature","geometry":{"type":"Point","coordinates":[10.507265,47.429222]},"properties":{"w":0.4128}},{"type":"Feature","geometry":{"type":"Point","coordinates":[11.808151,47.457023]},"properties":{"w":0.5076}},{"type":"Feature","geometry":{"type":"Point","coordinates":[10.699145,47.431117]},"properties":{"w":0.437}},{"type":"Feature","geometry":{"type":"Point","coordinates":[12.619954,47.456942]},"properties":{"w":0.3441}},{"type":"Feature","geometry":{"type":"Point","coordinates":[11.782084,47.450141]},"properties":{"w":0.4517}},{"type":"Feature","geometry":{"type":"Point","coordinates":[13.68715,47.461074]},"properties":{"w":0.5328}},{"type":"Feature","geometry":{"type":"Point","coordinates":[15.058129,47.449414]},"properties":{"w":0.4208}},{"type":"Feature","geometry":{"type":"Point","coordinates":[14.444298,47.46703]},"properties":{"w":0.6251}},{"type":"Feature","geometry":{"type":"Point","coordinates":[16.466448,47.442585]},"properties":{"w":0.8699}},{"type":"Feature","geometry":{"type":"Point","coordinates":[13.774078,47.459111]},"properties":{"w":0.4789}},{"type":"Feature","geometry":{"type":"Point","coordinates":[15.172628,47.441721]},"properties":{"w":0.2842}},{"type":"Feature","geometry":{"type":"Point","coordinates":[14.734773,47.454489]},"properties":{"w":0.395}},{"type":"Feature","geometry":{"type":"Point","coordinates":[10.688796,47.427863]},"properties":{"w":0.3759}},{"type":"Feature","geometry":{"type":"Point","coordinates":[14.092295,47.454496]},"properties":{"w":0.3512}},{"type":"Feature","geometry":{"type":"Point","coordinates":[13.64905,47.455947]},"properties":{"w":0.4076}},{"type":"Feature","geometry":{"type":"Point","coordinates":[13.742109,47.455848]},"properties":{"w":0.453}},{"type":"Feature","geometry":{"type":"Point","coordinates":[13.710759,47.454514]},"properties":{"w":0.3044}},{"type":"Feature","geometry":{"type":"Point","coordinates":[14.859105,47.444632]},"properties":{"w":0.2959}},{"type":"Feature","geometry":{"type":"Point","coordinates":[15.391224,47.440676]},"properties":{"w":0.4726}},{"type":"Feature","geometry":{"type":"Point","coordinates":[10.953169,47.442474]},"properties":{"w":0.7088}},{"type":"Feature","geometry":{"type":"Point","coordinates":[15.100812,47.440682]},"properties":{"w":0.3198}},{"type":"Feature","geometry":{"type":"Point","coordinates":[13.665986,47.454423]},"properties":{"w":0.3334}},{"type":"Feature","geometry":{"type":"Point","coordinates":[14.215837,47.455632]},"properties":{"w":0.3314}},{"type":"Feature","geometry":{"type":"Point","coordinates":[14.030932,47.451911]},"properties":{"w":0.2981}},{"type":"Feature","geometry":{"type":"Point","coordinates":[14.706781,47.449608]},"properties":{"w":0.6075}},{"type":"Feature","geometry":{"type":"Point","coordinates":[16.549425,47.411233]},"properties":{"w":0.638}},{"type":"Feature","geometry":{"type":"Point","coordinates":[13.69005,47.454604]},"properties":{"w":0.4152}},{"type":"Feature","geometry":{"type":"Point","coordinates":[16.148421,47.417606]},"properties":{"w":0.3221}},{"type":"Feature","geometry":{"type":"Point","coordinates":[10.017722,47.4048]},"properties":{"w":0.4034}},{"type":"Feature","geometry":{"type":"Point","coordinates":[14.189651,47.448321]},"properties":{"w":0.3566}},{"type":"Feature","geometry":{"type":"Point","coordinates":[15.154505,47.434545]},"properties":{"w":0.3495}},{"type":"Feature","geometry":{"type":"Point","coordinates":[10.052916,47.401343]},"properties":{"w":0.2937}},{"type":"Feature","geometry":{"type":"Point","coordinates":[14.179599,47.447003]},"properties":{"w":0.2766}},{"type":"Feature","geometry":{"type":"Point","coordinates":[13.840888,47.446121]},"properties":{"w":0.2792}},{"type":"Feature","geometry":{"type":"Point","coordinates":[15.667693,47.426619]},"properties":{"w":0.4399}},{"type":"Feature","geometry":{"type":"Point","coordinates":[14.941358,47.435923]},"properties":{"w":0.2829}},{"type":"Feature","geometry":{"type":"Point","coordinates":[13.503148,47.448631]},"properties":{"w":0.4807}},{"type":"Feature","geometry":{"type":"Point","coordinates":[14.448176,47.445657]},"properties":{"w":0.4668}},{"type":"Feature","geometry":{"type":"Point","coordinates":[15.498344,47.425348]},"properties":{"w":0.2937}},{"type":"Feature","geometry":{"type":"Point","coordinates":[12.645208,47.444698]},"properties":{"w":0.3813}},{"type":"Feature","geometry":{"type":"Point","coordinates":[14.111339,47.442729]},"properties":{"w":0.3124}},{"type":"Feature","geometry":{"type":"Point","coordinates":[15.425329,47.425862]},"properties":{"w":0.2829}},{"type":"Feature","geometry":{"type":"Point","coordinates":[10.471282,47.410138]},"properties":{"w":0.3663}},{"type":"Feature","geometry":{"type":"Point","coordinates":[14.715735,47.439083]},"properties":{"w":0.3897}},{"type":"Feature","geometry":{"type":"Point","coordinates":[10.00623,47.395419]},"properties":{"w":0.3397}},{"type":"Feature","geometry":{"type":"Point","coordinates":[10.513586,47.410156]},"properties":{"w":0.3075}},{"type":"Feature","geometry":{"type":"Point","coordinates":[11.962325,47.435377]},"properties":{"w":0.3445}},{"type":"Feature","geometry":{"type":"Point","coordinates":[13.173583,47.442673]},"properties":{"w":0.2867}},{"type":"Feature","geometry":{"type":"Point","coordinates":[13.551329,47.442895]},"properties":{"w":0.2855}},{"type":"Feature","geometry":{"type":"Point","coordinates":[15.587756,47.420977]},"properties":{"w":0.2925}},{"type":"Feature","geometry":{"type":"Point","coordinates":[12.659957,47.441802]},"properties":{"w":0.3742}},{"type":"Feature","geometry":{"type":"Point","coordinates":[13.289271,47.445539]},"properties":{"w":0.3669}},{"type":"Feature","geometry":{"type":"Point","coordinates":[14.778613,47.433884]},"properties":{"w":0.3666}},{"type":"Feature","geometry":{"type":"Point","coordinates":[13.812056,47.441214]},"properties":{"w":0.3124}},{"type":"Feature","geometry":{"type":"Point","coordinates":[15.596302,47.419727]},"properties":{"w":0.3385}},{"type":"Feature","geometry":{"type":"Point","coordinates":[10.501296,47.408688]},"properties":{"w":0.4694}},{"type":"Feature","geometry":{"type":"Point","coordinates":[13.159107,47.441373]},"properties":{"w":0.4232}},{"type":"Feature","geometry":{"type":"Point","coordinates":[14.057011,47.437849]},"properties":{"w":0.3549}},{"type":"Feature","geometry":{"type":"Point","coordinates":[14.354439,47.443883]},"properties":{"w":0.4883}},{"type":"Feature","geometry":{"type":"Point","coordinates":[14.320868,47.436945]},"properties":{"w":0.2855}},{"type":"Feature","geometry":{"type":"Point","coordinates":[12.885189,47.439212]},"properties":{"w":0.3459}},{"type":"Feature","geometry":{"type":"Point","coordinates":[14.184482,47.437249]},"properties":{"w":0.2766}},{"type":"Feature","geometry":{"type":"Point","coordinates":[13.55415,47.439165]},"properties":{"w":0.4016}},{"type":"Feature","geometry":{"type":"Point","coordinates":[10.937856,47.417133]},"properties":{"w":0.5135}},{"type":"Feature","geometry":{"type":"Point","coordinates":[14.07921,47.442397]},"properties":{"w":0.3666}},{"type":"Feature","geometry":{"type":"Point","coordinates":[14.626361,47.431883]},"properties":{"w":0.4179}},{"type":"Feature","geometry":{"type":"Point","coordinates":[10.018222,47.387729]},"properties":{"w":0.3484}},{"type":"Feature","geometry":{"type":"Point","coordinates":[13.596444,47.436701]},"properties":{"w":0.3281}},{"type":"Feature","geometry":{"type":"Point","coordinates":[16.503362,47.393634]},"properties":{"w":0.309}},{"type":"Feature","geometry":{"type":"Point","coordinates":[13.333501,47.435336]},"properties":{"w":0.2954}},{"type":"Feature","geometry":{"type":"Point","coordinates":[15.092946,47.423483]},"properties":{"w":0.4675}},{"type":"Feature","geometry":{"type":"Point","coordinates":[16.084445,47.402776]},"properties":{"w":0.3366}},{"type":"Feature","geometry":{"type":"Point","coordinates":[15.585038,47.422435]},"properties":{"w":0.4938}},{"type":"Feature","geometry":{"type":"Point","coordinates":[12.465881,47.432062]},"properties":{"w":0.3334}},{"type":"Feature","geometry":{"type":"Point","coordinates":[10.604321,47.400891]},"properties":{"w":0.3998}},{"type":"Feature","geometry":{"type":"Point","coordinates":[15.606758,47.411063]},"properties":{"w":0.3198}},{"type":"Feature","geometry":{"type":"Point","coordinates":[13.401023,47.442626]},"properties":{"w":0.4759}},{"type":"Feature","geometry":{"type":"Point","coordinates":[15.653372,47.414819]},"properties":{"w":0.4981}},{"type":"Feature","geometry":{"type":"Point","coordinates":[14.521008,47.424817]},"properties":{"w":0.2919}},{"type":"Feature","geometry":{"type":"Point","coordinates":[15.619806,47.405609]},"properties":{"w":0.2786}},{"type":"Feature","geometry":{"type":"Point","coordinates":[16.075452,47.399711]},"properties":{"w":0.4771}},{"type":"Feature","geometry":{"type":"Point","coordinates":[10.690926,47.402001]},"properties":{"w":0.5192}},{"type":"Feature","geometry":{"type":"Point","coordinates":[13.189818,47.429923]},"properties":{"w":0.4761}},{"type":"Feature","geometry":{"type":"Point","coordinates":[14.099782,47.431642]},"properties":{"w":0.3998}},{"type":"Feature","geometry":{"type":"Point","coordinates":[15.547285,47.426897]},"properties":{"w":0.6336}},{"type":"Feature","geometry":{"type":"Point","coordinates":[15.39364,47.411985]},"properties":{"w":0.4536}},{"type":"Feature","geometry":{"type":"Point","coordinates":[12.896532,47.4283]},"properties":{"w":0.337}},{"type":"Feature","geometry":{"type":"Point","coordinates":[14.526112,47.41977]},"properties":{"w":0.3298}},{"type":"Feature","geometry":{"type":"Point","coordinates":[11.132146,47.404527]},"properties":{"w":0.3802}},{"type":"Feature","geometry":{"type":"Point","coordinates":[16.087045,47.392509]},"properties":{"w":0.3285}},{"type":"Feature","geometry":{"type":"Point","coordinates":[12.477904,47.421966]},"properties":{"w":0.3194}},{"type":"Feature","geometry":{"type":"Point","coordinates":[12.529616,47.422004]},"properties":{"w":0.3456}},{"type":"Feature","geometry":{"type":"Point","coordinates":[15.477522,47.413179]},"properties":{"w":0.4641}},{"type":"Feature","geometry":{"type":"Point","coordinates":[14.080945,47.424686]},"properties":{"w":0.3268}},{"type":"Feature","geometry":{"type":"Point","coordinates":[12.597446,47.422824]},"properties":{"w":0.3334}},{"type":"Feature","geometry":{"type":"Point","coordinates":[10.488758,47.386854]},"properties":{"w":0.3124}},{"type":"Feature","geometry":{"type":"Point","coordinates":[12.502126,47.419383]},"properties":{"w":0.2867}},{"type":"Feature","geometry":{"type":"Point","coordinates":[15.044194,47.41131]},"properties":{"w":0.462}},{"type":"Feature","geometry":{"type":"Point","coordinates":[11.993147,47.412902]},"properties":{"w":0.2954}},{"type":"Feature","geometry":{"type":"Point","coordinates":[13.606345,47.419281]},"properties":{"w":0.3438}},{"type":"Feature","geometry":{"type":"Point","coordinates":[15.355409,47.4024]},"properties":{"w":0.323}},{"type":"Feature","geometry":{"type":"Point","coordinates":[9.828138,47.374404]},"properties":{"w":0.6234}},{"type":"Feature","geometry":{"type":"Point","coordinates":[10.517201,47.386713]},"properties":{"w":0.4513}},{"type":"Feature","geometry":{"type":"Point","coordinates":[13.580774,47.417893]},"properties":{"w":0.3533}},{"type":"Feature","geometry":{"type":"Point","coordinates":[10.837413,47.391939]},"properties":{"w":0.3789}},{"type":"Feature","geometry":{"type":"Point","coordinates":[16.198835,47.386593]},"properties":{"w":0.5523}},{"type":"Feature","geometry":{"type":"Point","coordinates":[13.533534,47.416138]},"properties":{"w":0.4664}},{"type":"Feature","geometry":{"type":"Point","coordinates":[13.501511,47.416649]},"properties":{"w":0.4631}},{"type":"Feature","geometry":{"type":"Point","coordinates":[16.078503,47.385725]},"properties":{"w":0.394}},{"type":"Feature","geometry":{"type":"Point","coordinates":[14.585374,47.412926]},"properties":{"w":0.4074}},{"type":"Feature","geometry":{"type":"Point","coordinates":[14.086275,47.414211]},"properties":{"w":0.4313}},{"type":"Feature","geometry":{"type":"Point","coordinates":[15.335566,47.397342]},"properties":{"w":0.3198}},{"type":"Feature","geometry":{"type":"Point","coordinates":[12.601936,47.412715]},"properties":{"w":0.3247}},{"type":"Feature","geometry":{"type":"Point","coordinates":[11.013609,47.390672]},"properties":{"w":0.2867}},{"type":"Feature","geometry":{"type":"Point","coordinates":[11.141494,47.393412]},"properties":{"w":0.447}},{"type":"Feature","geometry":{"type":"Point","coordinates":[12.95254,47.41649]},"properties":{"w":0.4081}},{"type":"Feature","geometry":{"type":"Point","coordinates":[14.688486,47.408829]},"properties":{"w":0.3124}},{"type":"Feature","geometry":{"type":"Point","coordinates":[12.64361,47.411264]},"properties":{"w":0.3441}},{"type":"Feature","geometry":{"type":"Point","coordinates":[12.505243,47.410905]},"properties":{"w":0.3119}},{"type":"Feature","geometry":{"type":"Point","coordinates":[12.517127,47.409812]},"properties":{"w":0.3354}},{"type":"Feature","geometry":{"type":"Point","coordinates":[11.127366,47.391281]},"properties":{"w":0.3566}},{"type":"Feature","geometry":{"type":"Point","coordinates":[14.43493,47.414081]},"properties":{"w":0.4861}},{"type":"Feature","geometry":{"type":"Point","coordinates":[11.984888,47.404409]},"properties":{"w":0.318}},{"type":"Feature","geometry":{"type":"Point","coordinates":[14.21236,47.409084]},"properties":{"w":0.3221}},{"type":"Feature","geometry":{"type":"Point","coordinates":[15.33825,47.393345]},"properties":{"w":0.2855}},{"type":"Feature","geometry":{"type":"Point","coordinates":[10.794693,47.382654]},"properties":{"w":0.2766}},{"type":"Feature","geometry":{"type":"Point","coordinates":[14.103921,47.409013]},"properties":{"w":0.2878}},{"type":"Feature","geometry":{"type":"Point","coordinates":[14.697058,47.4051]},"properties":{"w":0.3119}},{"type":"Feature","geometry":{"type":"Point","coordinates":[10.676924,47.381911]},"properties":{"w":0.4282}},{"type":"Feature","geometry":{"type":"Point","coordinates":[10.455648,47.374221]},"properties":{"w":0.3044}},{"type":"Feature","geometry":{"type":"Point","coordinates":[10.868323,47.382682]},"properties":{"w":0.4066}},{"type":"Feature","geometry":{"type":"Point","coordinates":[13.140145,47.410163]},"properties":{"w":0.3813}},{"type":"Feature","geometry":{"type":"Point","coordinates":[14.750452,47.401676]},"properties":{"w":0.3044}},{"type":"Feature","geometry":{"type":"Point","coordinates":[12.761861,47.408699]},"properties":{"w":0.2798}},{"type":"Feature","geometry":{"type":"Point","coordinates":[12.523314,47.405328]},"properties":{"w":0.3268}},{"type":"Feature","geometry":{"type":"Point","coordinates":[13.606638,47.408442]},"properties":{"w":0.3281}},{"type":"Feature","geometry":{"type":"Point","coordinates":[13.43532,47.407109]},"properties":{"w":0.3572}},{"type":"Feature","geometry":{"type":"Point","coordinates":[10.992791,47.381874]},"properties":{"w":0.39}},{"type":"Feature","geometry":{"type":"Point","coordinates":[13.472572,47.404643]},"properties":{"w":0.2786}},{"type":"Feature","geometry":{"type":"Point","coordinates":[16.218315,47.378285]},"properties":{"w":0.5211}},{"type":"Feature","geometry":{"type":"Point","coordinates":[12.781399,47.412277]},"properties":{"w":0.4295}},{"type":"Feature","geometry":{"type":"Point","coordinates":[10.029472,47.359504]},"properties":{"w":0.4189}},{"type":"Feature","geometry":{"type":"Point","coordinates":[13.150278,47.403874]},"properties":{"w":0.3921}},{"type":"Feature","geometry":{"type":"Point","coordinates":[14.975472,47.393646]},"properties":{"w":0.4467}},{"type":"Feature","geometry":{"type":"Point","coordinates":[13.462114,47.40754]},"properties":{"w":0.5432}},{"type":"Feature","geometry":{"type":"Point","coordinates":[13.430045,47.401644]},"properties":{"w":0.3595}},{"type":"Feature","geometry":{"type":"Point","coordinates":[10.800699,47.373148]},"properties":{"w":0.3322}},{"type":"Feature","geometry":{"type":"Point","coordinates":[10.425983,47.365106]},"properties":{"w":0.337}},{"type":"Feature","geometry":{"type":"Point","coordinates":[14.098655,47.398426]},"properties":{"w":0.3334}},{"type":"Feature","geometry":{"type":"Point","coordinates":[10.927349,47.374362]},"properties":{"w":0.3124}},{"type":"Feature","geometry":{"type":"Point","coordinates":[10.960853,47.377136]},"properties":{"w":0.4747}},{"type":"Feature","geometry":{"type":"Point","coordinates":[15.532009,47.380659]},"properties":{"w":0.3702}},{"type":"Feature","geometry":{"type":"Point","coordinates":[13.285834,47.398587]},"properties":{"w":0.2959}},{"type":"Feature","geometry":{"type":"Point","coordinates":[14.661473,47.402139]},"properties":{"w":0.5311}},{"type":"Feature","geometry":{"type":"Point","coordinates":[14.080452,47.395634]},"properties":{"w":0.3334}},{"type":"Feature","geometry":{"type":"Point","coordinates":[11.203722,47.37833]},"properties":{"w":0.3268}},{"type":"Feature","geometry":{"type":"Point","coordinates":[13.07381,47.397355]},"properties":{"w":0.3546}},{"type":"Feature","geometry":{"type":"Point","coordinates":[10.99308,47.374321]},"properties":{"w":0.4442}},{"type":"Feature","geometry":{"type":"Point","coordinates":[10.937141,47.371198]},"properties":{"w":0.2685}},{"type":"Feature","geometry":{"type":"Point","coordinates":[14.763464,47.39082]},"properties":{"w":0.2959}},{"type":"Feature","geometry":{"type":"Point","coordinates":[15.279995,47.382529]},"properties":{"w":0.3378}},{"type":"Feature","geometry":{"type":"Point","coordinates":[11.018376,47.373216]},"properties":{"w":0.5046}},{"type":"Feature","geometry":{"type":"Point","coordinates":[12.720857,47.39373]},"properties":{"w":0.4194}},{"type":"Feature","geometry":{"type":"Point","coordinates":[15.438965,47.374186]},"properties":{"w":0.2766}},{"type":"Feature","geometry":{"type":"Point","coordinates":[15.258173,47.380316]},"properties":{"w":0.3194}},{"type":"Feature","geometry":{"type":"Point","coordinates":[10.010157,47.3512]},"properties":{"w":0.4728}},{"type":"Feature","geometry":{"type":"Point","coordinates":[10.405682,47.353222]},"properties":{"w":0.3512}},{"type":"Feature","geometry":{"type":"Point","coordinates":[15.609622,47.36869]},"properties":{"w":0.3008}},{"type":"Feature","geometry":{"type":"Point","coordinates":[13.363428,47.393986]},"properties":{"w":0.4627}},{"type":"Feature","geometry":{"type":"Point","coordinates":[16.172236,47.364551]},"properties":{"w":0.6256}},{"type":"Feature","geometry":{"type":"Point","coordinates":[12.528178,47.390322]},"properties":{"w":0.3272}},{"type":"Feature","geometry":{"type":"Point","coordinates":[14.775901,47.381794]},"properties":{"w":0.3124}},{"type":"Feature","geometry":{"type":"Point","coordinates":[15.269818,47.373012]},"properties":{"w":0.289}},{"type":"Feature","geometry":{"type":"Point","coordinates":[12.752023,47.393248]},"properties":{"w":0.3802}},{"type":"Feature","geometry":{"type":"Point","coordinates":[13.570073,47.390893]},"properties":{"w":0.4706}},{"type":"Feature","geometry":{"type":"Point","coordinates":[11.182927,47.37128]},"properties":{"w":0.386}},{"type":"Feature","geometry":{"type":"Point","coordinates":[10.380214,47.350272]},"properties":{"w":0.2872}},{"type":"Feature","geometry":{"type":"Point","coordinates":[13.274358,47.391578]},"properties":{"w":0.3198}},{"type":"Feature","geometry":{"type":"Point","coordinates":[12.473683,47.388779]},"properties":{"w":0.3512}},{"type":"Feature","geometry":{"type":"Point","coordinates":[12.502939,47.387616]},"properties":{"w":0.3713}},{"type":"Feature","geometry":{"type":"Point","coordinates":[9.985982,47.339196]},"properties":{"w":0.3065}},{"type":"Feature","geometry":{"type":"Point","coordinates":[14.56815,47.385018]},"properties":{"w":0.4688}},{"type":"Feature","geometry":{"type":"Point","coordinates":[13.074687,47.38947]},"properties":{"w":0.4741}},{"type":"Feature","geometry":{"type":"Point","coordinates":[10.962131,47.364284]},"properties":{"w":0.3916}},{"type":"Feature","geometry":{"type":"Point","coordinates":[14.717035,47.378464]},"properties":{"w":0.2981}},{"type":"Feature","geometry":{"type":"Point","coordinates":[15.772801,47.361267]},"properties":{"w":0.289}},{"type":"Feature","geometry":{"type":"Point","coordinates":[15.886854,47.360146]},"properties":{"w":0.4027}},{"type":"Feature","geometry":{"type":"Point","coordinates":[11.079269,47.367705]},"properties":{"w":0.5675}},{"type":"Feature","geometry":{"type":"Point","coordinates":[14.865185,47.377867]},"properties":{"w":0.308}},{"type":"Feature","geometry":{"type":"Point","coordinates":[13.342089,47.387961]},"properties":{"w":0.3124}},{"type":"Feature","geometry":{"type":"Point","coordinates":[13.524129,47.385673]},"properties":{"w":0.3699}},{"type":"Feature","geometry":{"type":"Point","coordinates":[12.513162,47.384886]},"properties":{"w":0.2766}},{"type":"Feature","geometry":{"type":"Point","coordinates":[12.724931,47.385986]},"properties":{"w":0.3566}},{"type":"Feature","geometry":{"type":"Point","coordinates":[15.136796,47.372629]},"properties":{"w":0.3412}},{"type":"Feature","geometry":{"type":"Point","coordinates":[10.976482,47.361704]},"properties":{"w":0.3512}},{"type":"Feature","geometry":{"type":"Point","coordinates":[14.503846,47.378251]},"properties":{"w":0.3449}},{"type":"Feature","geometry":{"type":"Point","coordinates":[10.040233,47.335448]},"properties":{"w":0.2954}},{"type":"Feature","geometry":{"type":"Point","coordinates":[15.440049,47.364043]},"properties":{"w":0.3334}},{"type":"Feature","geometry":{"type":"Point","coordinates":[14.83492,47.373168]},"properties":{"w":0.2766}},{"type":"Feature","geometry":{"type":"Point","coordinates":[10.846523,47.355498]},"properties":{"w":0.3842}},{"type":"Feature","geometry":{"type":"Point","coordinates":[14.754019,47.37463]},"properties":{"w":0.309}},{"type":"Feature","geometry":{"type":"Point","coordinates":[14.942468,47.368732]},"properties":{"w":0.3438}},{"type":"Feature","geometry":{"type":"Point","coordinates":[12.023047,47.374924]},"properties":{"w":0.2925}},{"type":"Feature","geometry":{"type":"Point","coordinates":[11.097157,47.361701]},"properties":{"w":0.4555}},{"type":"Feature","geometry":{"type":"Point","coordinates":[15.488629,47.358361]},"properties":{"w":0.3495}},{"type":"Feature","geometry":{"type":"Point","coordinates":[9.869565,47.326456]},"properties":{"w":0.3176}},{"type":"Feature","geometry":{"type":"Point","coordinates":[10.781518,47.351307]},"properties":{"w":0.3109}},{"type":"Feature","geometry":{"type":"Point","coordinates":[10.101919,47.332007]},"properties":{"w":0.2867}},{"type":"Feature","geometry":{"type":"Point","coordinates":[12.492674,47.37675]},"properties":{"w":0.3238}},{"type":"Feature","geometry":{"type":"Point","coordinates":[15.890336,47.35035]},"properties":{"w":0.4434}},{"type":"Feature","geometry":{"type":"Point","coordinates":[13.179173,47.376841]},"properties":{"w":0.3362}},{"type":"Feature","geometry":{"type":"Point","coordinates":[14.954766,47.36566]},"properties":{"w":0.3327}},{"type":"Feature","geometry":{"type":"Point","coordinates":[10.500683,47.342828]},"properties":{"w":0.4034}},{"type":"Feature","geometry":{"type":"Point","coordinates":[14.297159,47.372068]},"properties":{"w":0.4816}},{"type":"Feature","geometry":{"type":"Point","coordinates":[13.333629,47.379028]},"properties":{"w":0.2766}},{"type":"Feature","geometry":{"type":"Point","coordinates":[13.826346,47.378461]},"properties":{"w":0.2964}},{"type":"Feature","geometry":{"type":"Point","coordinates":[12.478425,47.374174]},"properties":{"w":0.3884}},{"type":"Feature","geometry":{"type":"Point","coordinates":[12.002414,47.371031]},"properties":{"w":0.4219}},{"type":"Feature","geometry":{"type":"Point","coordinates":[13.886855,47.379727]},"properties":{"w":0.3657}},{"type":"Feature","geometry":{"type":"Point","coordinates":[14.924221,47.367584]},"properties":{"w":0.4749}},{"type":"Feature","geometry":{"type":"Point","coordinates":[9.918164,47.324854]},"properties":{"w":0.3711}},{"type":"Feature","geometry":{"type":"Point","coordinates":[10.479043,47.338623]},"properties":{"w":0.2867}},{"type":"Feature","geometry":{"type":"Point","coordinates":[15.532011,47.356483]},"properties":{"w":0.5878}},{"type":"Feature","geometry":{"type":"Point","coordinates":[10.055695,47.326882]},"properties":{"w":0.3617}},{"type":"Feature","geometry":{"type":"Point","coordinates":[15.150813,47.361824]},"properties":{"w":0.5075}},{"type":"Feature","geometry":{"type":"Point","coordinates":[10.704871,47.34396]},"properties":{"w":0.3185}},{"type":"Feature","geometry":{"type":"Point","coordinates":[13.079504,47.37252]},"properties":{"w":0.2786}},{"type":"Feature","geometry":{"type":"Point","coordinates":[10.412828,47.342173]},"properties":{"w":0.4607}},{"type":"Feature","geometry":{"type":"Point","coordinates":[9.877767,47.320356]},"properties":{"w":0.3362}},{"type":"Feature","geometry":{"type":"Point","coordinates":[14.841953,47.364674]},"properties":{"w":0.3481}},{"type":"Feature","geometry":{"type":"Point","coordinates":[9.902878,47.324245]},"properties":{"w":0.525}},{"type":"Feature","geometry":{"type":"Point","coordinates":[14.913249,47.362083]},"properties":{"w":0.2779}},{"type":"Feature","geometry":{"type":"Point","coordinates":[16.04996,47.34514]},"properties":{"w":0.576}},{"type":"Feature","geometry":{"type":"Point","coordinates":[10.84696,47.342523]},"properties":{"w":0.3381}},{"type":"Feature","geometry":{"type":"Point","coordinates":[12.970519,47.370185]},"properties":{"w":0.4325}},{"type":"Feature","geometry":{"type":"Point","coordinates":[11.158061,47.353896]},"properties":{"w":0.4835}},{"type":"Feature","geometry":{"type":"Point","coordinates":[14.9236,47.357988]},"properties":{"w":0.3393}},{"type":"Feature","geometry":{"type":"Point","coordinates":[13.578181,47.369716]},"properties":{"w":0.43}},{"type":"Feature","geometry":{"type":"Point","coordinates":[15.525032,47.348016]},"properties":{"w":0.306}},{"type":"Feature","geometry":{"type":"Point","coordinates":[13.053241,47.367994]},"properties":{"w":0.3268}},{"type":"Feature","geometry":{"type":"Point","coordinates":[15.405849,47.35502]},"properties":{"w":0.5226}},{"type":"Feature","geometry":{"type":"Point","coordinates":[13.308779,47.37156]},"properties":{"w":0.4217}},{"type":"Feature","geometry":{"type":"Point","coordinates":[10.069143,47.322907]},"properties":{"w":0.377}},{"type":"Feature","geometry":{"type":"Point","coordinates":[13.045076,47.373336]},"properties":{"w":0.4126}},{"type":"Feature","geometry":{"type":"Point","coordinates":[14.221106,47.365514]},"properties":{"w":0.3566}},{"type":"Feature","geometry":{"type":"Point","coordinates":[16.034895,47.33776]},"properties":{"w":0.4055}},{"type":"Feature","geometry":{"type":"Point","coordinates":[10.737765,47.337286]},"properties":{"w":0.4114}},{"type":"Feature","geometry":{"type":"Point","coordinates":[10.474272,47.331427]},"properties":{"w":0.3553}},{"type":"Feature","geometry":{"type":"Point","coordinates":[10.693872,47.338145]},"properties":{"w":0.2867}},{"type":"Feature","geometry":{"type":"Point","coordinates":[11.796421,47.357848]},"properties":{"w":0.3039}},{"type":"Feature","geometry":{"type":"Point","coordinates":[10.459472,47.328973]},"properties":{"w":0.2766}},{"type":"Feature","geometry":{"type":"Point","coordinates":[13.529769,47.365397]},"properties":{"w":0.3268}},{"type":"Feature","geometry":{"type":"Point","coordinates":[13.070351,47.366153]},"properties":{"w":0.3198}},{"type":"Feature","geometry":{"type":"Point","coordinates":[14.791163,47.355248]},"properties":{"w":0.3251}},{"type":"Feature","geometry":{"type":"Point","coordinates":[15.10997,47.35057]},"properties":{"w":0.3002}},{"type":"Feature","geometry":{"type":"Point","coordinates":[16.101267,47.344933]},"properties":{"w":0.7185}},{"type":"Feature","geometry":{"type":"Point","coordinates":[14.992172,47.35154]},"properties":{"w":0.2829}},{"type":"Feature","geometry":{"type":"Point","coordinates":[15.201742,47.348361]},"properties":{"w":0.3002}},{"type":"Feature","geometry":{"type":"Point","coordinates":[14.920179,47.351146]},"properties":{"w":0.2798}},{"type":"Feature","geometry":{"type":"Point","coordinates":[14.818241,47.355083]},"properties":{"w":0.4034}},{"type":"Feature","geometry":{"type":"Point","coordinates":[13.513375,47.362785]},"properties":{"w":0.3198}},{"type":"Feature","geometry":{"type":"Point","coordinates":[10.357331,47.323217]},"properties":{"w":0.4158}},{"type":"Feature","geometry":{"type":"Point","coordinates":[16.255583,47.333634]},"properties":{"w":0.5545}},{"type":"Feature","geometry":{"type":"Point","coordinates":[15.100075,47.346802]},"properties":{"w":0.3648}},{"type":"Feature","geometry":{"type":"Point","coordinates":[12.253806,47.357913]},"properties":{"w":0.3515}},{"type":"Feature","geometry":{"type":"Point","coordinates":[11.150522,47.34452]},"properties":{"w":0.5197}},{"type":"Feature","geometry":{"type":"Point","coordinates":[10.841731,47.335322]},"properties":{"w":0.3924}},{"type":"Feature","geometry":{"type":"Point","coordinates":[15.415528,47.343541]},"properties":{"w":0.3044}},{"type":"Feature","geometry":{"type":"Point","coordinates":[15.427335,47.340606]},"properties":{"w":0.2872}},{"type":"Feature","geometry":{"type":"Point","coordinates":[12.014629,47.353155]},"properties":{"w":0.4458}},{"type":"Feature","geometry":{"type":"Point","coordinates":[12.619811,47.359089]},"properties":{"w":0.2959}},{"type":"Feature","geometry":{"type":"Point","coordinates":[13.524109,47.358761]},"properties":{"w":0.3354}},{"type":"Feature","geometry":{"type":"Point","coordinates":[16.174279,47.338146]},"properties":{"w":0.706}},{"type":"Feature","geometry":{"type":"Point","coordinates":[15.208471,47.34338]},"properties":{"w":0.404}},{"type":"Feature","geometry":{"type":"Point","coordinates":[15.266628,47.340897]},"properties":{"w":0.2842}},{"type":"Feature","geometry":{"type":"Point","coordinates":[13.24796,47.36215]},"properties":{"w":0.3302}},{"type":"Feature","geometry":{"type":"Point","coordinates":[12.479721,47.358714]},"properties":{"w":0.531}},{"type":"Feature","geometry":{"type":"Point","coordinates":[10.448535,47.321404]},"properties":{"w":0.3334}},{"type":"Feature","geometry":{"type":"Point","coordinates":[10.745345,47.328198]},"properties":{"w":0.4495}},{"type":"Feature","geometry":{"type":"Point","coordinates":[11.033509,47.332319]},"properties":{"w":0.2867}},{"type":"Feature","geometry":{"type":"Point","coordinates":[11.925266,47.350895]},"properties":{"w":0.3029}},{"type":"Feature","geometry":{"type":"Point","coordinates":[12.848586,47.358225]},"properties":{"w":0.3162}},{"type":"Feature","geometry":{"type":"Point","coordinates":[10.422297,47.318666]},"properties":{"w":0.2766}},{"type":"Feature","geometry":{"type":"Point","coordinates":[13.279206,47.356981]},"properties":{"w":0.2878}},{"type":"Feature","geometry":{"type":"Point","coordinates":[15.2455,47.342079]},"properties":{"w":0.4034}},{"type":"Feature","geometry":{"type":"Point","coordinates":[14.820493,47.345607]},"properties":{"w":0.2792}},{"type":"Feature","geometry":{"type":"Point","coordinates":[11.966898,47.35022]},"properties":{"w":0.3264}},{"type":"Feature","geometry":{"type":"Point","coordinates":[10.432627,47.320628]},"properties":{"w":0.3924}},{"type":"Feature","geometry":{"type":"Point","coordinates":[9.915394,47.304869]},"properties":{"w":0.4482}},{"type":"Feature","geometry":{"type":"Point","coordinates":[15.296911,47.339031]},"properties":{"w":0.3456}},{"type":"Feature","geometry":{"type":"Point","coordinates":[9.865429,47.300756]},"properties":{"w":0.2766}},{"type":"Feature","geometry":{"type":"Point","coordinates":[12.178692,47.349062]},"properties":{"w":0.3212}},{"type":"Feature","geometry":{"type":"Point","coordinates":[12.342998,47.351728]},"properties":{"w":0.2931}},{"type":"Feature","geometry":{"type":"Point","coordinates":[15.311851,47.336265]},"properties":{"w":0.3799}},{"type":"Feature","geometry":{"type":"Point","coordinates":[13.145713,47.354358]},"properties":{"w":0.3049}},{"type":"Feature","geometry":{"type":"Point","coordinates":[14.207715,47.358707]},"properties":{"w":0.4501}},{"type":"Feature","geometry":{"type":"Point","coordinates":[11.807539,47.346798]},"properties":{"w":0.3672}},{"type":"Feature","geometry":{"type":"Point","coordinates":[11.085242,47.3295]},"properties":{"w":0.2925}},{"type":"Feature","geometry":{"type":"Point","coordinates":[12.071074,47.348773]},"properties":{"w":0.2992}},{"type":"Feature","geometry":{"type":"Point","coordinates":[14.806174,47.345932]},"properties":{"w":0.4354}},{"type":"Feature","geometry":{"type":"Point","coordinates":[13.524789,47.353242]},"properties":{"w":0.3725}},{"type":"Feature","geometry":{"type":"Point","coordinates":[14.348677,47.349593]},"properties":{"w":0.3044}},{"type":"Feature","geometry":{"type":"Point","coordinates":[10.083809,47.307512]},"properties":{"w":0.3044}},{"type":"Feature","geometry":{"type":"Point","coordinates":[12.504213,47.346946]},"properties":{"w":0.2823}},{"type":"Feature","geometry":{"type":"Point","coordinates":[13.537274,47.350425]},"properties":{"w":0.3614}},{"type":"Feature","geometry":{"type":"Point","coordinates":[14.846304,47.339956]},"properties":{"w":0.2786}},{"type":"Feature","geometry":{"type":"Point","coordinates":[10.383069,47.312051]},"properties":{"w":0.4166}},{"type":"Feature","geometry":{"type":"Point","coordinates":[13.079581,47.350462]},"properties":{"w":0.3924}},{"type":"Feature","geometry":{"type":"Point","coordinates":[9.854769,47.296337]},"properties":{"w":0.4399}},{"type":"Feature","geometry":{"type":"Point","coordinates":[12.359669,47.34819]},"properties":{"w":0.335}},{"type":"Feature","geometry":{"type":"Point","coordinates":[14.516014,47.342869]},"properties":{"w":0.3327}},{"type":"Feature","geometry":{"type":"Point","coordinates":[9.56267,47.291991]},"properties":{"w":0.4689}},{"type":"Feature","geometry":{"type":"Point","coordinates":[13.464145,47.351629]},"properties":{"w":0.4519}},{"type":"Feature","geometry":{"type":"Point","coordinates":[9.965705,47.298723]},"properties":{"w":0.2964}},{"type":"Feature","geometry":{"type":"Point","coordinates":[12.00123,47.345327]},"properties":{"w":0.4012}},{"type":"Feature","geometry":{"type":"Point","coordinates":[12.95127,47.348014]},"properties":{"w":0.2959}},{"type":"Feature","geometry":{"type":"Point","coordinates":[15.390752,47.32937]},"properties":{"w":0.2823}},{"type":"Feature","geometry":{"type":"Point","coordinates":[11.923467,47.337131]},"properties":{"w":0.3327}},{"type":"Feature","geometry":{"type":"Point","coordinates":[11.155601,47.328759]},"properties":{"w":0.4678}},{"type":"Feature","geometry":{"type":"Point","coordinates":[9.856934,47.291193]},"properties":{"w":0.3044}},{"type":"Feature","geometry":{"type":"Point","coordinates":[12.54919,47.342028]},"properties":{"w":0.2823}},{"type":"Feature","geometry":{"type":"Point","coordinates":[16.044106,47.319462]},"properties":{"w":0.5158}},{"type":"Feature","geometry":{"type":"Point","coordinates":[10.369682,47.306177]},"properties":{"w":0.2959}},{"type":"Feature","geometry":{"type":"Point","coordinates":[13.356456,47.343925]},"properties":{"w":0.2817}},{"type":"Feature","geometry":{"type":"Point","coordinates":[12.447887,47.340207]},"properties":{"w":0.2954}},{"type":"Feature","geometry":{"type":"Point","coordinates":[10.195048,47.302303]},"properties":{"w":0.2948}},{"type":"Feature","geometry":{"type":"Point","coordinates":[14.66857,47.338167]},"properties":{"w":0.4002}},{"type":"Feature","geometry":{"type":"Point","coordinates":[12.111224,47.336578]},"properties":{"w":0.3242}},{"type":"Feature","geometry":{"type":"Point","coordinates":[9.552231,47.287428]},"properties":{"w":0.3034}},{"type":"Feature","geometry":{"type":"Point","coordinates":[13.62425,47.348269]},"properties":{"w":0.3536}},{"type":"Feature","geometry":{"type":"Point","coordinates":[12.026622,47.337645]},"properties":{"w":0.3799}},{"type":"Feature","geometry":{"type":"Point","coordinates":[15.207546,47.332836]},"properties":{"w":0.5233}},{"type":"Feature","geometry":{"type":"Point","coordinates":[15.456369,47.325027]},"properties":{"w":0.3654}},{"type":"Feature","geometry":{"type":"Point","coordinates":[13.531644,47.343358]},"properties":{"w":0.31}},{"type":"Feature","geometry":{"type":"Point","coordinates":[12.934498,47.341891]},"properties":{"w":0.3119}},{"type":"Feature","geometry":{"type":"Point","coordinates":[16.22678,47.309917]},"properties":{"w":0.514}},{"type":"Feature","geometry":{"type":"Point","coordinates":[12.065426,47.336066]},"properties":{"w":0.3576}},{"type":"Feature","geometry":{"type":"Point","coordinates":[13.474737,47.34095]},"properties":{"w":0.2867}},{"type":"Feature","geometry":{"type":"Point","coordinates":[10.30937,47.301396]},"properties":{"w":0.3185}},{"type":"Feature","geometry":{"type":"Point","coordinates":[12.920763,47.339141]},"properties":{"w":0.2811}},{"type":"Feature","geometry":{"type":"Point","coordinates":[15.156937,47.325834]},"properties":{"w":0.2766}},{"type":"Feature","geometry":{"type":"Point","coordinates":[15.26698,47.323571]},"properties":{"w":0.3739}},{"type":"Feature","geometry":{"type":"Point","coordinates":[10.778722,47.310188]},"properties":{"w":0.2766}},{"type":"Feature","geometry":{"type":"Point","coordinates":[12.008339,47.332413]},"properties":{"w":0.3242}},{"type":"Feature","geometry":{"type":"Point","coordinates":[12.61601,47.3393]},"properties":{"w":0.3595}},{"type":"Feature","geometry":{"type":"Point","coordinates":[10.753268,47.30975]},"properties":{"w":0.307}},{"type":"Feature","geometry":{"type":"Point","coordinates":[10.661095,47.308798]},"properties":{"w":0.2959}},{"type":"Feature","geometry":{"type":"Point","coordinates":[16.069745,47.310141]},"properties":{"w":0.449}},{"type":"Feature","geometry":{"type":"Point","coordinates":[15.602192,47.317268]},"properties":{"w":0.3805}},{"type":"Feature","geometry":{"type":"Point","coordinates":[14.367886,47.335691]},"properties":{"w":0.333}},{"type":"Feature","geometry":{"type":"Point","coordinates":[12.979869,47.339719]},"properties":{"w":0.3124}},{"type":"Feature","geometry":{"type":"Point","coordinates":[11.996728,47.330595]},"properties":{"w":0.2842}},{"type":"Feature","geometry":{"type":"Point","coordinates":[15.296335,47.328318]},"properties":{"w":0.5659}},{"type":"Feature","geometry":{"type":"Point","coordinates":[12.123669,47.333641]},"properties":{"w":0.3821}},{"type":"Feature","geometry":{"type":"Point","coordinates":[12.031314,47.331322]},"properties":{"w":0.3739}},{"type":"Feature","geometry":{"type":"Point","coordinates":[14.454473,47.335547]},"properties":{"w":0.3412}},{"type":"Feature","geometry":{"type":"Point","coordinates":[13.465959,47.33979]},"properties":{"w":0.3085}},{"type":"Feature","geometry":{"type":"Point","coordinates":[10.643451,47.304262]},"properties":{"w":0.3415}},{"type":"Feature","geometry":{"type":"Point","coordinates":[12.3105,47.334997]},"properties":{"w":0.333}},{"type":"Feature","geometry":{"type":"Point","coordinates":[14.855623,47.329655]},"properties":{"w":0.3294}},{"type":"Feature","geometry":{"type":"Point","coordinates":[12.620116,47.334116]},"properties":{"w":0.3044}},{"type":"Feature","geometry":{"type":"Point","coordinates":[15.092801,47.324658]},"properties":{"w":0.3024}},{"type":"Feature","geometry":{"type":"Point","coordinates":[15.261944,47.319612]},"properties":{"w":0.2766}},{"type":"Feature","geometry":{"type":"Point","coordinates":[15.248759,47.319987]},"properties":{"w":0.3566}},{"type":"Feature","geometry":{"type":"Point","coordinates":[10.396601,47.29656]},"properties":{"w":0.3887}},{"type":"Feature","geometry":{"type":"Point","coordinates":[11.923699,47.328214]},"properties":{"w":0.4558}},{"type":"Feature","geometry":{"type":"Point","coordinates":[15.224723,47.320268]},"properties":{"w":0.3533}},{"type":"Feature","geometry":{"type":"Point","coordinates":[15.731664,47.310902]},"properties":{"w":0.377}},{"type":"Feature","geometry":{"type":"Point","coordinates":[12.447215,47.33281]},"properties":{"w":0.5085}},{"type":"Feature","geometry":{"type":"Point","coordinates":[14.84078,47.326247]},"properties":{"w":0.3039}},{"type":"Feature","geometry":{"type":"Point","coordinates":[10.112957,47.291409]},"properties":{"w":0.3362}},{"type":"Feature","geometry":{"type":"Point","coordinates":[13.056309,47.336877]},"properties":{"w":0.3916}},{"type":"Feature","geometry":{"type":"Point","coordinates":[9.744757,47.277712]},"properties":{"w":0.4196}},{"type":"Feature","geometry":{"type":"Point","coordinates":[13.477835,47.333469]},"properties":{"w":0.3133}},{"type":"Feature","geometry":{"type":"Point","coordinates":[12.688439,47.33014]},"properties":{"w":0.276}},{"type":"Feature","geometry":{"type":"Point","coordinates":[10.668056,47.301141]},"properties":{"w":0.2766}},{"type":"Feature","geometry":{"type":"Point","coordinates":[12.603823,47.328945]},"properties":{"w":0.3397}},{"type":"Feature","geometry":{"type":"Point","coordinates":[14.18729,47.337032]},"properties":{"w":0.5323}},{"type":"Feature","geometry":{"type":"Point","coordinates":[15.154481,47.319414]},"properties":{"w":0.4101}},{"type":"Feature","geometry":{"type":"Point","coordinates":[15.287902,47.314251]},"properties":{"w":0.3226}},{"type":"Feature","geometry":{"type":"Point","coordinates":[11.954516,47.322386]},"properties":{"w":0.326}},{"type":"Feature","geometry":{"type":"Point","coordinates":[12.038941,47.324265]},"properties":{"w":0.3666}},{"type":"Feature","geometry":{"type":"Point","coordinates":[15.323751,47.317696]},"properties":{"w":0.3947}},{"type":"Feature","geometry":{"type":"Point","coordinates":[15.195378,47.318693]},"properties":{"w":0.3645}},{"type":"Feature","geometry":{"type":"Point","coordinates":[14.382763,47.327093]},"properties":{"w":0.3456}},{"type":"Feature","geometry":{"type":"Point","coordinates":[15.149384,47.316504]},"properties":{"w":0.2867}},{"type":"Feature","geometry":{"type":"Point","coordinates":[15.343371,47.31218]},"properties":{"w":0.3198}},{"type":"Feature","geometry":{"type":"Point","coordinates":[12.472125,47.330234]},"properties":{"w":0.457}},{"type":"Feature","geometry":{"type":"Point","coordinates":[14.878495,47.324434]},"properties":{"w":0.5579}},{"type":"Feature","geometry":{"type":"Point","coordinates":[12.316778,47.324939]},"properties":{"w":0.3268}},{"type":"Feature","geometry":{"type":"Point","coordinates":[15.179954,47.318901]},"properties":{"w":0.4654}},{"type":"Feature","geometry":{"type":"Point","coordinates":[15.750361,47.305693]},"properties":{"w":0.504}},{"type":"Feature","geometry":{"type":"Point","coordinates":[16.33735,47.292253]},"properties":{"w":0.4259}},{"type":"Feature","geometry":{"type":"Point","coordinates":[15.141117,47.315435]},"properties":{"w":0.2959}},{"type":"Feature","geometry":{"type":"Point","coordinates":[15.251854,47.314681]},"properties":{"w":0.4166}},{"type":"Feature","geometry":{"type":"Point","coordinates":[10.105997,47.281875]},"properties":{"w":0.3318}},{"type":"Feature","geometry":{"type":"Point","coordinates":[11.02103,47.304389]},"properties":{"w":0.4154}},{"type":"Feature","geometry":{"type":"Point","coordinates":[12.255282,47.32578]},"properties":{"w":0.2867}},{"type":"Feature","geometry":{"type":"Point","coordinates":[12.193183,47.323798]},"properties":{"w":0.3002}},{"type":"Feature","geometry":{"type":"Point","coordinates":[12.561059,47.326174]},"properties":{"w":0.369}},{"type":"Feature","geometry":{"type":"Point","coordinates":[12.024069,47.321767]},"properties":{"w":0.3044}},{"type":"Feature","geometry":{"type":"Point","coordinates":[11.17004,47.30671]},"properties":{"w":0.3438}},{"type":"Feature","geometry":{"type":"Point","coordinates":[12.342612,47.322897]},"properties":{"w":0.3614}},{"type":"Feature","geometry":{"type":"Point","coordinates":[12.703412,47.32594]},"properties":{"w":0.3397}},{"type":"Feature","geometry":{"type":"Point","coordinates":[12.586637,47.324751]},"properties":{"w":0.2861}},{"type":"Feature","geometry":{"type":"Point","coordinates":[10.804958,47.303316]},"properties":{"w":0.5614}},{"type":"Feature","geometry":{"type":"Point","coordinates":[13.540684,47.334796]},"properties":{"w":0.4522}},{"type":"Feature","geometry":{"type":"Point","coordinates":[12.126058,47.319635]},"properties":{"w":0.2754}},{"type":"Feature","geometry":{"type":"Point","coordinates":[14.307237,47.32171]},"properties":{"w":0.2878}},{"type":"Feature","geometry":{"type":"Point","coordinates":[12.291872,47.323788]},"properties":{"w":0.3221}},{"type":"Feature","geometry":{"type":"Point","coordinates":[14.457739,47.323127]},"properties":{"w":0.3366}},{"type":"Feature","geometry":{"type":"Point","coordinates":[15.012997,47.314403]},"properties":{"w":0.3039}},{"type":"Feature","geometry":{"type":"Point","coordinates":[12.153383,47.320268]},"properties":{"w":0.3592}},{"type":"Feature","geometry":{"type":"Point","coordinates":[12.463221,47.321605]},"properties":{"w":0.3044}},{"type":"Feature","geometry":{"type":"Point","coordinates":[9.773634,47.269751]},"properties":{"w":0.2959}},{"type":"Feature","geometry":{"type":"Point","coordinates":[11.773165,47.313452]},"properties":{"w":0.2766}},{"type":"Feature","geometry":{"type":"Point","coordinates":[12.935594,47.325119]},"properties":{"w":0.333}},{"type":"Feature","geometry":{"type":"Point","coordinates":[15.207191,47.309571]},"properties":{"w":0.2959}},{"type":"Feature","geometry":{"type":"Point","coordinates":[10.556177,47.292293]},"properties":{"w":0.2842}},{"type":"Feature","geometry":{"type":"Point","coordinates":[13.552243,47.332848]},"properties":{"w":0.5612}},{"type":"Feature","geometry":{"type":"Point","coordinates":[16.313735,47.287721]},"properties":{"w":0.3739}},{"type":"Feature","geometry":{"type":"Point","coordinates":[14.203016,47.321171]},"properties":{"w":0.2942}},{"type":"Feature","geometry":{"type":"Point","coordinates":[12.336007,47.319643]},"properties":{"w":0.2867}},{"type":"Feature","geometry":{"type":"Point","coordinates":[12.105541,47.318385]},"properties":{"w":0.319}},{"type":"Feature","geometry":{"type":"Point","coordinates":[15.220047,47.311398]},"properties":{"w":0.4783}},{"type":"Feature","geometry":{"type":"Point","coordinates":[14.700111,47.320998]},"properties":{"w":0.3775}},{"type":"Feature","geometry":{"type":"Point","coordinates":[14.691815,47.320843]},"properties":{"w":0.335}},{"type":"Feature","geometry":{"type":"Point","coordinates":[15.165575,47.310812]},"properties":{"w":0.4602}},{"type":"Feature","geometry":{"type":"Point","coordinates":[15.207365,47.306926]},"properties":{"w":0.3039}},{"type":"Feature","geometry":{"type":"Point","coordinates":[15.272096,47.30639]},"properties":{"w":0.2867}},{"type":"Feature","geometry":{"type":"Point","coordinates":[10.149177,47.277165]},"properties":{"w":0.3338}},{"type":"Feature","geometry":{"type":"Point","coordinates":[10.524295,47.287325]},"properties":{"w":0.3002}},{"type":"Feature","geometry":{"type":"Point","coordinates":[10.117755,47.277249]},"properties":{"w":0.3887}},{"type":"Feature","geometry":{"type":"Point","coordinates":[13.554569,47.322087]},"properties":{"w":0.4226}},{"type":"Feature","geometry":{"type":"Point","coordinates":[11.027964,47.300416]},"properties":{"w":0.4337}},{"type":"Feature","geometry":{"type":"Point","coordinates":[13.369228,47.324228]},"properties":{"w":0.3512}},{"type":"Feature","geometry":{"type":"Point","coordinates":[12.471423,47.319772]},"properties":{"w":0.333}},{"type":"Feature","geometry":{"type":"Point","coordinates":[13.57681,47.328706]},"properties":{"w":0.4293}},{"type":"Feature","geometry":{"type":"Point","coordinates":[16.258944,47.291012]},"properties":{"w":0.6078}},{"type":"Feature","geometry":{"type":"Point","coordinates":[12.120258,47.313921]},"properties":{"w":0.2642}},{"type":"Feature","geometry":{"type":"Point","coordinates":[16.049631,47.29399]},"properties":{"w":0.5558}},{"type":"Feature","geometry":{"type":"Point","coordinates":[15.110133,47.308233]},"properties":{"w":0.3268}},{"type":"Feature","geometry":{"type":"Point","coordinates":[14.676762,47.31659]},"properties":{"w":0.4064}},{"type":"Feature","geometry":{"type":"Point","coordinates":[10.116826,47.273511]},"properties":{"w":0.2959}},{"type":"Feature","geometry":{"type":"Point","coordinates":[10.167419,47.277889]},"properties":{"w":0.4463}},{"type":"Feature","geometry":{"type":"Point","coordinates":[10.264188,47.279491]},"properties":{"w":0.2792}},{"type":"Feature","geometry":{"type":"Point","coordinates":[15.099818,47.305743]},"properties":{"w":0.2867}},{"type":"Feature","geometry":{"type":"Point","coordinates":[15.304708,47.306748]},"properties":{"w":0.4728}},{"type":"Feature","geometry":{"type":"Point","coordinates":[16.414474,47.283294]},"properties":{"w":0.6721}},{"type":"Feature","geometry":{"type":"Point","coordinates":[16.151036,47.3058]},"properties":{"w":0.8672}},{"type":"Feature","geometry":{"type":"Point","coordinates":[15.439585,47.307568]},"properties":{"w":0.3907}},{"type":"Feature","geometry":{"type":"Point","coordinates":[14.402226,47.315753]},"properties":{"w":0.3844}},{"type":"Feature","geometry":{"type":"Point","coordinates":[11.180235,47.301438]},"properties":{"w":0.436}},{"type":"Feature","geometry":{"type":"Point","coordinates":[13.535157,47.318496]},"properties":{"w":0.3713}},{"type":"Feature","geometry":{"type":"Point","coordinates":[10.293025,47.277746]},"properties":{"w":0.3566}},{"type":"Feature","geometry":{"type":"Point","coordinates":[14.849961,47.312343]},"properties":{"w":0.3971}},{"type":"Feature","geometry":{"type":"Point","coordinates":[10.801515,47.292341]},"properties":{"w":0.5097}},{"type":"Feature","geometry":{"type":"Point","coordinates":[10.879918,47.290533]},"properties":{"w":0.3198}},{"type":"Feature","geometry":{"type":"Point","coordinates":[15.225947,47.301222]},"properties":{"w":0.2766}},{"type":"Feature","geometry":{"type":"Point","coordinates":[11.543324,47.304416]},"properties":{"w":0.4152}},{"type":"Feature","geometry":{"type":"Point","coordinates":[12.955825,47.314694]},"properties":{"w":0.3959}},{"type":"Feature","geometry":{"type":"Point","coordinates":[15.661272,47.29367]},"properties":{"w":0.31}},{"type":"Feature","geometry":{"type":"Point","coordinates":[12.624055,47.321655]},"properties":{"w":0.4909}},{"type":"Feature","geometry":{"type":"Point","coordinates":[14.758628,47.309513]},"properties":{"w":0.318}},{"type":"Feature","geometry":{"type":"Point","coordinates":[14.420556,47.308649]},"properties":{"w":0.3044}},{"type":"Feature","geometry":{"type":"Point","coordinates":[10.212479,47.272395]},"properties":{"w":0.3247}},{"type":"Feature","geometry":{"type":"Point","coordinates":[12.871626,47.316508]},"properties":{"w":0.4685}},{"type":"Feature","geometry":{"type":"Point","coordinates":[14.468119,47.310914]},"properties":{"w":0.3362}},{"type":"Feature","geometry":{"type":"Point","coordinates":[14.56783,47.306095]},"properties":{"w":0.3002}},{"type":"Feature","geometry":{"type":"Point","coordinates":[13.37663,47.313429]},"properties":{"w":0.2766}},{"type":"Feature","geometry":{"type":"Point","coordinates":[12.17737,47.308268]},"properties":{"w":0.3984}},{"type":"Feature","geometry":{"type":"Point","coordinates":[11.831359,47.304185]},"properties":{"w":0.3397}},{"type":"Feature","geometry":{"type":"Point","coordinates":[12.169196,47.306827]},"properties":{"w":0.3415}},{"type":"Feature","geometry":{"type":"Point","coordinates":[10.218521,47.269161]},"properties":{"w":0.2766}},{"type":"Feature","geometry":{"type":"Point","coordinates":[14.307728,47.310741]},"properties":{"w":0.2903}},{"type":"Feature","geometry":{"type":"Point","coordinates":[15.039767,47.302264]},"properties":{"w":0.4955}},{"type":"Feature","geometry":{"type":"Point","coordinates":[12.506664,47.313048]},"properties":{"w":0.4029}},{"type":"Feature","geometry":{"type":"Point","coordinates":[14.821699,47.305027]},"properties":{"w":0.4451}},{"type":"Feature","geometry":{"type":"Point","coordinates":[12.24251,47.311824]},"properties":{"w":0.4823}},{"type":"Feature","geometry":{"type":"Point","coordinates":[14.316029,47.30936]},"properties":{"w":0.3013}},{"type":"Feature","geometry":{"type":"Point","coordinates":[15.152672,47.299727]},"properties":{"w":0.3996}},{"type":"Feature","geometry":{"type":"Point","coordinates":[10.649201,47.280745]},"properties":{"w":0.3759}},{"type":"Feature","geometry":{"type":"Point","coordinates":[12.272437,47.307583]},"properties":{"w":0.2855}},{"type":"Feature","geometry":{"type":"Point","coordinates":[16.052031,47.281006]},"properties":{"w":0.4734}},{"type":"Feature","geometry":{"type":"Point","coordinates":[12.219001,47.308148]},"properties":{"w":0.3669}},{"type":"Feature","geometry":{"type":"Point","coordinates":[15.617767,47.286504]},"properties":{"w":0.2766}},{"type":"Feature","geometry":{"type":"Point","coordinates":[16.177959,47.272911]},"properties":{"w":0.2829}},{"type":"Feature","geometry":{"type":"Point","coordinates":[14.579144,47.32295]},"properties":{"w":0.5845}},{"type":"Feature","geometry":{"type":"Point","coordinates":[15.283992,47.295733]},"properties":{"w":0.3044}},{"type":"Feature","geometry":{"type":"Point","coordinates":[15.173506,47.300917]},"properties":{"w":0.4254}},{"type":"Feature","geometry":{"type":"Point","coordinates":[15.233018,47.29369]},"properties":{"w":0.2772}},{"type":"Feature","geometry":{"type":"Point","coordinates":[13.581484,47.312728]},"properties":{"w":0.3775}},{"type":"Feature","geometry":{"type":"Point","coordinates":[10.035843,47.260139]},"properties":{"w":0.3029}},{"type":"Feature","geometry":{"type":"Point","coordinates":[16.135713,47.276271]},"properties":{"w":0.4985}},{"type":"Feature","geometry":{"type":"Point","coordinates":[13.434698,47.305925]},"properties":{"w":0.3139}},{"type":"Feature","geometry":{"type":"Point","coordinates":[16.468827,47.282401]},"properties":{"w":0.7823}},{"type":"Feature","geometry":{"type":"Point","coordinates":[15.626847,47.282973]},"properties":{"w":0.2885}},{"type":"Feature","geometry":{"type":"Point","coordinates":[12.203771,47.299014]},"properties":{"w":0.3566}},{"type":"Feature","geometry":{"type":"Point","coordinates":[10.156698,47.260538]},"properties":{"w":0.267}},{"type":"Feature","geometry":{"type":"Point","coordinates":[15.645341,47.28674]},"properties":{"w":0.3716}},{"type":"Feature","geometry":{"type":"Point","coordinates":[16.376262,47.278773]},"properties":{"w":0.6296}},{"type":"Feature","geometry":{"type":"Point","coordinates":[11.993505,47.302087]},"properties":{"w":0.5112}},{"type":"Feature","geometry":{"type":"Point","coordinates":[12.174438,47.299843]},"properties":{"w":0.4101}},{"type":"Feature","geometry":{"type":"Point","coordinates":[13.566726,47.302673]},"properties":{"w":0.3171}},{"type":"Feature","geometry":{"type":"Point","coordinates":[12.379555,47.298851]},"properties":{"w":0.3013}},{"type":"Feature","geometry":{"type":"Point","coordinates":[12.1087,47.296981]},"properties":{"w":0.3094}},{"type":"Feature","geometry":{"type":"Point","coordinates":[12.252438,47.304906]},"properties":{"w":0.4642}},{"type":"Feature","geometry":{"type":"Point","coordinates":[13.55299,47.312534]},"properties":{"w":0.5355}},{"type":"Feature","geometry":{"type":"Point","coordinates":[15.18557,47.295496]},"properties":{"w":0.4866}},{"type":"Feature","geometry":{"type":"Point","coordinates":[16.411518,47.268876]},"properties":{"w":0.57}},{"type":"Feature","geometry":{"type":"Point","coordinates":[10.910103,47.280719]},"properties":{"w":0.5081}},{"type":"Feature","geometry":{"type":"Point","coordinates":[13.338769,47.302301]},"properties":{"w":0.2981}},{"type":"Feature","geometry":{"type":"Point","coordinates":[11.818492,47.29599]},"properties":{"w":0.3713}},{"type":"Feature","geometry":{"type":"Point","coordinates":[13.245672,47.30128]},"properties":{"w":0.306}},{"type":"Feature","geometry":{"type":"Point","coordinates":[10.867927,47.280985]},"properties":{"w":0.4254}},{"type":"Feature","geometry":{"type":"Point","coordinates":[10.594749,47.273552]},"properties":{"w":0.3526}},{"type":"Feature","geometry":{"type":"Point","coordinates":[12.245319,47.29719]},"properties":{"w":0.3566}},{"type":"Feature","geometry":{"type":"Point","coordinates":[12.199341,47.293728]},"properties":{"w":0.2772}},{"type":"Feature","geometry":{"type":"Point","coordinates":[10.121914,47.260232]},"properties":{"w":0.4393}},{"type":"Feature","geometry":{"type":"Point","coordinates":[10.138764,47.254482]},"properties":{"w":0.2805}},{"type":"Feature","geometry":{"type":"Point","coordinates":[15.139971,47.286953]},"properties":{"w":0.3124}},{"type":"Feature","geometry":{"type":"Point","coordinates":[14.447558,47.293806]},"properties":{"w":0.3049}},{"type":"Feature","geometry":{"type":"Point","coordinates":[12.1528,47.293499]},"properties":{"w":0.3924}},{"type":"Feature","geometry":{"type":"Point","coordinates":[16.454343,47.255951]},"properties":{"w":0.3194}},{"type":"Feature","geometry":{"type":"Point","coordinates":[10.146404,47.254997]},"properties":{"w":0.3115}},{"type":"Feature","geometry":{"type":"Point","coordinates":[14.687788,47.297344]},"properties":{"w":0.4547}},{"type":"Feature","geometry":{"type":"Point","coordinates":[12.238022,47.29367]},"properties":{"w":0.2959}},{"type":"Feature","geometry":{"type":"Point","coordinates":[12.056695,47.292721]},"properties":{"w":0.3404}},{"type":"Feature","geometry":{"type":"Point","coordinates":[14.332072,47.29638]},"properties":{"w":0.3334}},{"type":"Feature","geometry":{"type":"Point","coordinates":[13.264792,47.298562]},"properties":{"w":0.3617}},{"type":"Feature","geometry":{"type":"Point","coordinates":[11.757699,47.288492]},"properties":{"w":0.3264}},{"type":"Feature","geometry":{"type":"Point","coordinates":[16.335314,47.266022]},"properties":{"w":0.5267}},{"type":"Feature","geometry":{"type":"Point","coordinates":[14.770221,47.301025]},"properties":{"w":0.5568}},{"type":"Feature","geometry":{"type":"Point","coordinates":[12.269266,47.291704]},"properties":{"w":0.3389}},{"type":"Feature","geometry":{"type":"Point","coordinates":[13.33728,47.296487]},"properties":{"w":0.318}},{"type":"Feature","geometry":{"type":"Point","coordinates":[11.783529,47.291449]},"properties":{"w":0.3166}},{"type":"Feature","geometry":{"type":"Point","coordinates":[15.155734,47.281962]},"properties":{"w":0.3198}},{"type":"Feature","geometry":{"type":"Point","coordinates":[12.115665,47.288812]},"properties":{"w":0.3844}},{"type":"Feature","geometry":{"type":"Point","coordinates":[12.323763,47.291889]},"properties":{"w":0.3759}},{"type":"Feature","geometry":{"type":"Point","coordinates":[11.694471,47.284368]},"properties":{"w":0.3002}},{"type":"Feature","geometry":{"type":"Point","coordinates":[11.971973,47.289605]},"properties":{"w":0.3139}},{"type":"Feature","geometry":{"type":"Point","coordinates":[14.659414,47.28673]},"properties":{"w":0.3338}},{"type":"Feature","geometry":{"type":"Point","coordinates":[13.555625,47.29626]},"properties":{"w":0.5001}},{"type":"Feature","geometry":{"type":"Point","coordinates":[14.553019,47.286994]},"properties":{"w":0.3105}},{"type":"Feature","geometry":{"type":"Point","coordinates":[14.970193,47.283196]},"properties":{"w":0.4349}},{"type":"Feature","geometry":{"type":"Point","coordinates":[14.958441,47.285021]},"properties":{"w":0.3498}},{"type":"Feature","geometry":{"type":"Point","coordinates":[12.20722,47.288705]},"properties":{"w":0.3456}},{"type":"Feature","geometry":{"type":"Point","coordinates":[12.306371,47.289276]},"properties":{"w":0.447}},{"type":"Feature","geometry":{"type":"Point","coordinates":[13.285501,47.291555]},"properties":{"w":0.3143}},{"type":"Feature","geometry":{"type":"Point","coordinates":[15.216633,47.277435]},"properties":{"w":0.2766}},{"type":"Feature","geometry":{"type":"Point","coordinates":[15.002723,47.281562]},"properties":{"w":0.3281}},{"type":"Feature","geometry":{"type":"Point","coordinates":[10.118276,47.246016]},"properties":{"w":0.3207}},{"type":"Feature","geometry":{"type":"Point","coordinates":[13.267382,47.290561]},"properties":{"w":0.3358}},{"type":"Feature","geometry":{"type":"Point","coordinates":[13.278434,47.294149]},"properties":{"w":0.3194}},{"type":"Feature","geometry":{"type":"Point","coordinates":[14.595199,47.284129]},"properties":{"w":0.2823}},{"type":"Feature","geometry":{"type":"Point","coordinates":[14.568461,47.285483]},"properties":{"w":0.3648}},{"type":"Feature","geometry":{"type":"Point","coordinates":[10.846056,47.264916]},"properties":{"w":0.4074}},{"type":"Feature","geometry":{"type":"Point","coordinates":[12.150022,47.283506]},"properties":{"w":0.2855}},{"type":"Feature","geometry":{"type":"Point","coordinates":[15.950194,47.259168]},"properties":{"w":0.3633}},{"type":"Feature","geometry":{"type":"Point","coordinates":[10.654668,47.257801]},"properties":{"w":0.3617}},{"type":"Feature","geometry":{"type":"Point","coordinates":[12.086048,47.282479]},"properties":{"w":0.2766}},{"type":"Feature","geometry":{"type":"Point","coordinates":[12.131008,47.300689]},"properties":{"w":0.6487}},{"type":"Feature","geometry":{"type":"Point","coordinates":[14.911741,47.281596]},"properties":{"w":0.4064}},{"type":"Feature","geometry":{"type":"Point","coordinates":[15.109678,47.277804]},"properties":{"w":0.3044}},{"type":"Feature","geometry":{"type":"Point","coordinates":[10.55873,47.254798]},"properties":{"w":0.3696}},{"type":"Feature","geometry":{"type":"Point","coordinates":[12.010653,47.283608]},"properties":{"w":0.2867}},{"type":"Feature","geometry":{"type":"Point","coordinates":[13.48139,47.289685]},"properties":{"w":0.4074}},{"type":"Feature","geometry":{"type":"Point","coordinates":[12.003031,47.292225]},"properties":{"w":0.5585}},{"type":"Feature","geometry":{"type":"Point","coordinates":[15.179548,47.27267]},"properties":{"w":0.2959}},{"type":"Feature","geometry":{"type":"Point","coordinates":[10.229266,47.243265]},"properties":{"w":0.2914}},{"type":"Feature","geometry":{"type":"Point","coordinates":[15.056852,47.274535]},"properties":{"w":0.2903}},{"type":"Feature","geometry":{"type":"Point","coordinates":[13.36994,47.285769]},"properties":{"w":0.3124}},{"type":"Feature","geometry":{"type":"Point","coordinates":[10.535984,47.25387]},"properties":{"w":0.2779}},{"type":"Feature","geometry":{"type":"Point","coordinates":[12.053354,47.281145]},"properties":{"w":0.4644}},{"type":"Feature","geometry":{"type":"Point","coordinates":[13.49552,47.285892]},"properties":{"w":0.3024}},{"type":"Feature","geometry":{"type":"Point","coordinates":[11.944716,47.27631]},"properties":{"w":0.3566}},{"type":"Feature","geometry":{"type":"Point","coordinates":[12.068592,47.279738]},"properties":{"w":0.3834}},{"type":"Feature","geometry":{"type":"Point","coordinates":[16.125924,47.260022]},"properties":{"w":0.616}},{"type":"Feature","geometry":{"type":"Point","coordinates":[13.433925,47.284117]},"properties":{"w":0.2903}},{"type":"Feature","geometry":{"type":"Point","coordinates":[11.952319,47.274333]},"properties":{"w":0.3044}},{"type":"Feature","geometry":{"type":"Point","coordinates":[15.131578,47.275681]},"properties":{"w":0.4064}},{"type":"Feature","geometry":{"type":"Point","coordinates":[13.059732,47.282138]},"properties":{"w":0.3105}},{"type":"Feature","geometry":{"type":"Point","coordinates":[12.189316,47.283611]},"properties":{"w":0.6065}},{"type":"Feature","geometry":{"type":"Point","coordinates":[12.146292,47.27825]},"properties":{"w":0.3044}},{"type":"Feature","geometry":{"type":"Point","coordinates":[14.461064,47.278097]},"properties":{"w":0.4747}},{"type":"Feature","geometry":{"type":"Point","coordinates":[11.957486,47.284278]},"properties":{"w":0.5541}},{"type":"Feature","geometry":{"type":"Point","coordinates":[13.359262,47.284318]},"properties":{"w":0.3943}},{"type":"Feature","geometry":{"type":"Point","coordinates":[15.224915,47.266127]},"properties":{"w":0.3914}},{"type":"Feature","geometry":{"type":"Point","coordinates":[11.991879,47.272253]},"properties":{"w":0.3044}},{"type":"Feature","geometry":{"type":"Point","coordinates":[12.046738,47.275228]},"properties":{"w":0.3842}},{"type":"Feature","geometry":{"type":"Point","coordinates":[14.565556,47.275566]},"properties":{"w":0.3852}},{"type":"Feature","geometry":{"type":"Point","coordinates":[13.534887,47.285352]},"properties":{"w":0.6514}},{"type":"Feature","geometry":{"type":"Point","coordinates":[13.274687,47.280863]},"properties":{"w":0.333}},{"type":"Feature","geometry":{"type":"Point","coordinates":[15.134776,47.265884]},"properties":{"w":0.2766}},{"type":"Feature","geometry":{"type":"Point","coordinates":[10.49864,47.24405]},"properties":{"w":0.3044}},{"type":"Feature","geometry":{"type":"Point","coordinates":[11.803827,47.272995]},"properties":{"w":0.3298}},{"type":"Feature","geometry":{"type":"Point","coordinates":[10.133324,47.238004]},"properties":{"w":0.4711}},{"type":"Feature","geometry":{"type":"Point","coordinates":[10.591934,47.246335]},"properties":{"w":0.3281}},{"type":"Feature","geometry":{"type":"Point","coordinates":[10.479549,47.243504]},"properties":{"w":0.3044}},{"type":"Feature","geometry":{"type":"Point","coordinates":[15.06417,47.265805]},"properties":{"w":0.2766}},{"type":"Feature","geometry":{"type":"Point","coordinates":[10.119089,47.232563]},"properties":{"w":0.3002}},{"type":"Feature","geometry":{"type":"Point","coordinates":[12.237619,47.276214]},"properties":{"w":0.3456}},{"type":"Feature","geometry":{"type":"Point","coordinates":[10.511282,47.24299]},"properties":{"w":0.2959}},{"type":"Feature","geometry":{"type":"Point","coordinates":[10.579981,47.24368]},"properties":{"w":0.2706}},{"type":"Feature","geometry":{"type":"Point","coordinates":[10.586303,47.242184]},"properties":{"w":0.308}},{"type":"Feature","geometry":{"type":"Point","coordinates":[12.013309,47.268553]},"properties":{"w":0.3445}},{"type":"Feature","geometry":{"type":"Point","coordinates":[15.288706,47.26138]},"properties":{"w":0.3119}},{"type":"Feature","geometry":{"type":"Point","coordinates":[10.088813,47.229273]},"properties":{"w":0.4305}},{"type":"Feature","geometry":{"type":"Point","coordinates":[10.4032,47.238563]},"properties":{"w":0.2829}},{"type":"Feature","geometry":{"type":"Point","coordinates":[12.19175,47.268822]},"properties":{"w":0.3666}},{"type":"Feature","geometry":{"type":"Point","coordinates":[14.362596,47.270517]},"properties":{"w":0.3764}},{"type":"Feature","geometry":{"type":"Point","coordinates":[14.272155,47.273262]},"properties":{"w":0.3268}},{"type":"Feature","geometry":{"type":"Point","coordinates":[10.561328,47.240403]},"properties":{"w":0.3124}},{"type":"Feature","geometry":{"type":"Point","coordinates":[10.221328,47.233965]},"properties":{"w":0.3115}},{"type":"Feature","geometry":{"type":"Point","coordinates":[13.59491,47.27826]},"properties":{"w":0.5233}},{"type":"Feature","geometry":{"type":"Point","coordinates":[12.100681,47.270643]},"properties":{"w":0.4211}},{"type":"Feature","geometry":{"type":"Point","coordinates":[14.256535,47.283918]},"properties":{"w":0.5333}},{"type":"Feature","geometry":{"type":"Point","coordinates":[15.173723,47.261299]},"properties":{"w":0.2992}},{"type":"Feature","geometry":{"type":"Point","coordinates":[10.201752,47.228449]},"properties":{"w":0.2867}},{"type":"Feature","geometry":{"type":"Point","coordinates":[12.199631,47.266776]},"properties":{"w":0.2931}},{"type":"Feature","geometry":{"type":"Point","coordinates":[13.383255,47.275727]},"properties":{"w":0.4112}},{"type":"Feature","geometry":{"type":"Point","coordinates":[12.085262,47.264496]},"properties":{"w":0.2786}},{"type":"Feature","geometry":{"type":"Point","coordinates":[13.477541,47.275202]},"properties":{"w":0.5502}},{"type":"Feature","geometry":{"type":"Point","coordinates":[10.108715,47.226528]},"properties":{"w":0.3194}},{"type":"Feature","geometry":{"type":"Point","coordinates":[13.024177,47.272075]},"properties":{"w":0.342}},{"type":"Feature","geometry":{"type":"Point","coordinates":[13.04926,47.272242]},"properties":{"w":0.3119}},{"type":"Feature","geometry":{"type":"Point","coordinates":[13.52126,47.270007]},"properties":{"w":0.2959}},{"type":"Feature","geometry":{"type":"Point","coordinates":[14.39945,47.270527]},"properties":{"w":0.6318}},{"type":"Feature","geometry":{"type":"Point","coordinates":[13.573678,47.27102]},"properties":{"w":0.4044}},{"type":"Feature","geometry":{"type":"Point","coordinates":[16.38538,47.245814]},"properties":{"w":0.7438}},{"type":"Feature","geometry":{"type":"Point","coordinates":[15.096699,47.25967]},"properties":{"w":0.3998}},{"type":"Feature","geometry":{"type":"Point","coordinates":[13.355083,47.268054]},"properties":{"w":0.3611}},{"type":"Feature","geometry":{"type":"Point","coordinates":[14.76975,47.258441]},"properties":{"w":0.2964}},{"type":"Feature","geometry":{"type":"Point","coordinates":[12.378501,47.26327]},"properties":{"w":0.2919}},{"type":"Feature","geometry":{"type":"Point","coordinates":[12.547416,47.26505]},"properties":{"w":0.3844}},{"type":"Feature","geometry":{"type":"Point","coordinates":[16.434469,47.233436]},"properties":{"w":0.5849}},{"type":"Feature","geometry":{"type":"Point","coordinates":[13.003394,47.269837]},"properties":{"w":0.5073}},{"type":"Feature","geometry":{"type":"Point","coordinates":[10.614987,47.235299]},"properties":{"w":0.3389}},{"type":"Feature","geometry":{"type":"Point","coordinates":[15.228873,47.251173]},"properties":{"w":0.3221}},{"type":"Feature","geometry":{"type":"Point","coordinates":[15.001588,47.259625]},"properties":{"w":0.3569}},{"type":"Feature","geometry":{"type":"Point","coordinates":[12.38984,47.262594]},"properties":{"w":0.3617}},{"type":"Feature","geometry":{"type":"Point","coordinates":[15.143612,47.25721]},"properties":{"w":0.4418}},{"type":"Feature","geometry":{"type":"Point","coordinates":[11.986792,47.263596]},"properties":{"w":0.5919}},{"type":"Feature","geometry":{"type":"Point","coordinates":[13.540916,47.265154]},"properties":{"w":0.2964}},{"type":"Feature","geometry":{"type":"Point","coordinates":[16.064211,47.260293]},"properties":{"w":0.6648}},{"type":"Feature","geometry":{"type":"Point","coordinates":[10.324575,47.224147]},"properties":{"w":0.2867}},{"type":"Feature","geometry":{"type":"Point","coordinates":[10.511065,47.229735]},"properties":{"w":0.3512}},{"type":"Feature","geometry":{"type":"Point","coordinates":[12.518959,47.263712]},"properties":{"w":0.3334}},{"type":"Feature","geometry":{"type":"Point","coordinates":[13.296589,47.268581]},"properties":{"w":0.3502}},{"type":"Feature","geometry":{"type":"Point","coordinates":[16.194099,47.253178]},"properties":{"w":0.7923}},{"type":"Feature","geometry":{"type":"Point","coordinates":[14.776785,47.254235]},"properties":{"w":0.2786}},{"type":"Feature","geometry":{"type":"Point","coordinates":[12.164185,47.261791]},"properties":{"w":0.3276}},{"type":"Feature","geometry":{"type":"Point","coordinates":[12.801717,47.264616]},"properties":{"w":0.4378}},{"type":"Feature","geometry":{"type":"Point","coordinates":[12.50759,47.262334]},"properties":{"w":0.3831}},{"type":"Feature","geometry":{"type":"Point","coordinates":[10.9606,47.240388]},"properties":{"w":0.4908}},{"type":"Feature","geometry":{"type":"Point","coordinates":[11.829899,47.253683]},"properties":{"w":0.2903}},{"type":"Feature","geometry":{"type":"Point","coordinates":[15.124554,47.249035]},"properties":{"w":0.2766}},{"type":"Feature","geometry":{"type":"Point","coordinates":[10.983552,47.238763]},"properties":{"w":0.3119}},{"type":"Feature","geometry":{"type":"Point","coordinates":[11.823018,47.252224]},"properties":{"w":0.2872}},{"type":"Feature","geometry":{"type":"Point","coordinates":[10.054872,47.215147]},"properties":{"w":0.2867}},{"type":"Feature","geometry":{"type":"Point","coordinates":[11.654542,47.252078]},"properties":{"w":0.3334}},{"type":"Feature","geometry":{"type":"Point","coordinates":[10.70448,47.231232]},"properties":{"w":0.3916}},{"type":"Feature","geometry":{"type":"Point","coordinates":[15.076941,47.25712]},"properties":{"w":0.4002}},{"type":"Feature","geometry":{"type":"Point","coordinates":[12.524848,47.258562]},"properties":{"w":0.2867}},{"type":"Feature","geometry":{"type":"Point","coordinates":[13.513925,47.264496]},"properties":{"w":0.4177}},{"type":"Feature","geometry":{"type":"Point","coordinates":[15.070036,47.252516]},"properties":{"w":0.3198}},{"type":"Feature","geometry":{"type":"Point","coordinates":[12.950564,47.264932]},"properties":{"w":0.4246}},{"type":"Feature","geometry":{"type":"Point","coordinates":[13.285393,47.260788]},"properties":{"w":0.2766}},{"type":"Feature","geometry":{"type":"Point","coordinates":[15.012567,47.253287]},"properties":{"w":0.421}},{"type":"Feature","geometry":{"type":"Point","coordinates":[14.171443,47.258017]},"properties":{"w":0.318}},{"type":"Feature","geometry":{"type":"Point","coordinates":[12.086203,47.253635]},"properties":{"w":0.3867}},{"type":"Feature","geometry":{"type":"Point","coordinates":[10.597237,47.228068]},"properties":{"w":0.4169}},{"type":"Feature","geometry":{"type":"Point","coordinates":[10.545849,47.227217]},"properties":{"w":0.335}},{"type":"Feature","geometry":{"type":"Point","coordinates":[10.39267,47.224552]},"properties":{"w":0.3143}},{"type":"Feature","geometry":{"type":"Point","coordinates":[11.9997,47.252259]},"properties":{"w":0.2942}},{"type":"Feature","geometry":{"type":"Point","coordinates":[10.186789,47.220783]},"properties":{"w":0.521}},{"type":"Feature","geometry":{"type":"Point","coordinates":[11.08901,47.236587]},"properties":{"w":0.3423}},{"type":"Feature","geometry":{"type":"Point","coordinates":[12.380336,47.256237]},"properties":{"w":0.3666}},{"type":"Feature","geometry":{"type":"Point","coordinates":[10.09719,47.214713]},"properties":{"w":0.3139}},{"type":"Feature","geometry":{"type":"Point","coordinates":[10.086529,47.217615]},"properties":{"w":0.4836}},{"type":"Feature","geometry":{"type":"Point","coordinates":[12.790877,47.258196]},"properties":{"w":0.3802}},{"type":"Feature","geometry":{"type":"Point","coordinates":[11.129697,47.241226]},"properties":{"w":0.3397}},{"type":"Feature","geometry":{"type":"Point","coordinates":[14.072992,47.257739]},"properties":{"w":0.335}},{"type":"Feature","geometry":{"type":"Point","coordinates":[12.418975,47.253958]},"properties":{"w":0.2836}},{"type":"Feature","geometry":{"type":"Point","coordinates":[13.234219,47.25786]},"properties":{"w":0.3595}},{"type":"Feature","geometry":{"type":"Point","coordinates":[13.470501,47.258437]},"properties":{"w":0.4797}},{"type":"Feature","geometry":{"type":"Point","coordinates":[14.336353,47.255276]},"properties":{"w":0.3148}},{"type":"Feature","geometry":{"type":"Point","coordinates":[10.67956,47.225359]},"properties":{"w":0.2867}},{"type":"Feature","geometry":{"type":"Point","coordinates":[10.040864,47.212692]},"properties":{"w":0.4498}},{"type":"Feature","geometry":{"type":"Point","coordinates":[14.402686,47.252342]},"properties":{"w":0.3029}},{"type":"Feature","geometry":{"type":"Point","coordinates":[14.816686,47.249309]},"properties":{"w":0.4472}},{"type":"Feature","geometry":{"type":"Point","coordinates":[10.073016,47.215772]},"properties":{"w":0.3805}},{"type":"Feature","geometry":{"type":"Point","coordinates":[14.79772,47.248758]},"properties":{"w":0.3767}},{"type":"Feature","geometry":{"type":"Point","coordinates":[11.762727,47.246263]},"properties":{"w":0.2766}},{"type":"Feature","geometry":{"type":"Point","coordinates":[15.084073,47.244622]},"properties":{"w":0.2959}},{"type":"Feature","geometry":{"type":"Point","coordinates":[13.269852,47.255972]},"properties":{"w":0.2792}},{"type":"Feature","geometry":{"type":"Point","coordinates":[13.278314,47.265484]},"properties":{"w":0.3998}},{"type":"Feature","geometry":{"type":"Point","coordinates":[14.576851,47.252898]},"properties":{"w":0.441}},{"type":"Feature","geometry":{"type":"Point","coordinates":[16.242057,47.233517]},"properties":{"w":0.7031}},{"type":"Feature","geometry":{"type":"Point","coordinates":[13.290435,47.255187]},"properties":{"w":0.411}},{"type":"Feature","geometry":{"type":"Point","coordinates":[12.874968,47.256799]},"properties":{"w":0.4263}},{"type":"Feature","geometry":{"type":"Point","coordinates":[13.253824,47.256081]},"properties":{"w":0.4738}},{"type":"Feature","geometry":{"type":"Point","coordinates":[12.067131,47.249873]},"properties":{"w":0.3492}},{"type":"Feature","geometry":{"type":"Point","coordinates":[12.892736,47.255495]},"properties":{"w":0.3049}},{"type":"Feature","geometry":{"type":"Point","coordinates":[12.866693,47.2524]},"properties":{"w":0.3019}},{"type":"Feature","geometry":{"type":"Point","coordinates":[12.532163,47.253738]},"properties":{"w":0.3198}},{"type":"Feature","geometry":{"type":"Point","coordinates":[10.20341,47.209893]},"properties":{"w":0.319}},{"type":"Feature","geometry":{"type":"Point","coordinates":[10.423426,47.22217]},"properties":{"w":0.3862}},{"type":"Feature","geometry":{"type":"Point","coordinates":[11.799953,47.245316]},"properties":{"w":0.3247}},{"type":"Feature","geometry":{"type":"Point","coordinates":[12.680372,47.250917]},"properties":{"w":0.3456}},{"type":"Feature","geometry":{"type":"Point","coordinates":[10.067329,47.204293]},"properties":{"w":0.3216}},{"type":"Feature","geometry":{"type":"Point","coordinates":[16.132126,47.226283]},"properties":{"w":0.6473}},{"type":"Feature","geometry":{"type":"Point","coordinates":[10.887076,47.226491]},"properties":{"w":0.4385}},{"type":"Feature","geometry":{"type":"Point","coordinates":[10.626854,47.218981]},"properties":{"w":0.3601}},{"type":"Feature","geometry":{"type":"Point","coordinates":[15.013327,47.244359]},"properties":{"w":0.4735}},{"type":"Feature","geometry":{"type":"Point","coordinates":[11.050011,47.231134]},"properties":{"w":0.3334}},{"type":"Feature","geometry":{"type":"Point","coordinates":[13.260214,47.25043]},"properties":{"w":0.4497}},{"type":"Feature","geometry":{"type":"Point","coordinates":[14.604976,47.249274]},"properties":{"w":0.4599}},{"type":"Feature","geometry":{"type":"Point","coordinates":[12.356574,47.245905]},"properties":{"w":0.2792}},{"type":"Feature","geometry":{"type":"Point","coordinates":[11.667664,47.247052]},"properties":{"w":0.402}},{"type":"Feature","geometry":{"type":"Point","coordinates":[11.777367,47.248092]},"properties":{"w":0.3813}},{"type":"Feature","geometry":{"type":"Point","coordinates":[13.498049,47.249552]},"properties":{"w":0.3002}},{"type":"Feature","geometry":{"type":"Point","coordinates":[16.356368,47.21715]},"properties":{"w":0.5932}},{"type":"Feature","geometry":{"type":"Point","coordinates":[11.170355,47.234544]},"properties":{"w":0.5251}},{"type":"Feature","geometry":{"type":"Point","coordinates":[12.546657,47.250159]},"properties":{"w":0.454}},{"type":"Feature","geometry":{"type":"Point","coordinates":[15.112749,47.236004]},"properties":{"w":0.2959}},{"type":"Feature","geometry":{"type":"Point","coordinates":[10.463241,47.215619]},"properties":{"w":0.3234}},{"type":"Feature","geometry":{"type":"Point","coordinates":[10.534114,47.21472]},"properties":{"w":0.3302}},{"type":"Feature","geometry":{"type":"Point","coordinates":[15.067675,47.239592]},"properties":{"w":0.3961}},{"type":"Feature","geometry":{"type":"Point","coordinates":[10.020067,47.199088]},"properties":{"w":0.3002}},{"type":"Feature","geometry":{"type":"Point","coordinates":[11.019405,47.225575]},"properties":{"w":0.3272}},{"type":"Feature","geometry":{"type":"Point","coordinates":[14.304976,47.250401]},"properties":{"w":0.3952}},{"type":"Feature","geometry":{"type":"Point","coordinates":[16.304975,47.219754]},"properties":{"w":0.6251}},{"type":"Feature","geometry":{"type":"Point","coordinates":[14.754183,47.237825]},"properties":{"w":0.3302}},{"type":"Feature","geometry":{"type":"Point","coordinates":[12.953958,47.246626]},"properties":{"w":0.3334}},{"type":"Feature","geometry":{"type":"Point","coordinates":[11.585143,47.233874]},"properties":{"w":0.3034}},{"type":"Feature","geometry":{"type":"Point","coordinates":[11.80864,47.236038]},"properties":{"w":0.39}},{"type":"Feature","geometry":{"type":"Point","coordinates":[14.33758,47.247291]},"properties":{"w":0.4642}},{"type":"Feature","geometry":{"type":"Point","coordinates":[10.077642,47.199309]},"properties":{"w":0.4329}},{"type":"Feature","geometry":{"type":"Point","coordinates":[10.223234,47.208777]},"properties":{"w":0.3268}},{"type":"Feature","geometry":{"type":"Point","coordinates":[10.389713,47.206779]},"properties":{"w":0.2706}},{"type":"Feature","geometry":{"type":"Point","coordinates":[14.400266,47.242361]},"properties":{"w":0.537}},{"type":"Feature","geometry":{"type":"Point","coordinates":[10.212141,47.210055]},"properties":{"w":0.4301}},{"type":"Feature","geometry":{"type":"Point","coordinates":[14.995594,47.235015]},"properties":{"w":0.5344}},{"type":"Feature","geometry":{"type":"Point","coordinates":[14.608843,47.237155]},"properties":{"w":0.3034}},{"type":"Feature","geometry":{"type":"Point","coordinates":[9.841346,47.19154]},"properties":{"w":0.3491}},{"type":"Feature","geometry":{"type":"Point","coordinates":[12.542018,47.242418]},"properties":{"w":0.3242}},{"type":"Feature","geometry":{"type":"Point","coordinates":[14.69028,47.236297]},"properties":{"w":0.3198}},{"type":"Feature","geometry":{"type":"Point","coordinates":[10.505443,47.210057]},"properties":{"w":0.3268}},{"type":"Feature","geometry":{"type":"Point","coordinates":[12.628068,47.249312]},"properties":{"w":0.3627}},{"type":"Feature","geometry":{"type":"Point","coordinates":[15.108955,47.231985]},"properties":{"w":0.3044}},{"type":"Feature","geometry":{"type":"Point","coordinates":[11.18578,47.222447]},"properties":{"w":0.31}},{"type":"Feature","geometry":{"type":"Point","coordinates":[14.894798,47.235041]},"properties":{"w":0.3947}},{"type":"Feature","geometry":{"type":"Point","coordinates":[15.516077,47.225381]},"properties":{"w":0.4565}},{"type":"Feature","geometry":{"type":"Point","coordinates":[10.18118,47.199863]},"properties":{"w":0.3157}},{"type":"Feature","geometry":{"type":"Point","coordinates":[10.554048,47.209719]},"properties":{"w":0.3617}},{"type":"Feature","geometry":{"type":"Point","coordinates":[11.517539,47.228911]},"properties":{"w":0.2829}},{"type":"Feature","geometry":{"type":"Point","coordinates":[16.05681,47.223719]},"properties":{"w":0.6406}},{"type":"Feature","geometry":{"type":"Point","coordinates":[10.194207,47.201909]},"properties":{"w":0.3255}},{"type":"Feature","geometry":{"type":"Point","coordinates":[11.939038,47.234184]},"properties":{"w":0.3722}},{"type":"Feature","geometry":{"type":"Point","coordinates":[14.685658,47.233462]},"properties":{"w":0.3334}},{"type":"Feature","geometry":{"type":"Point","coordinates":[10.189135,47.197484]},"properties":{"w":0.3268}},{"type":"Feature","geometry":{"type":"Point","coordinates":[11.480325,47.226531]},"properties":{"w":0.3366}},{"type":"Feature","geometry":{"type":"Point","coordinates":[10.158935,47.196858]},"properties":{"w":0.3334}},{"type":"Feature","geometry":{"type":"Point","coordinates":[10.169116,47.19797]},"properties":{"w":0.4232}},{"type":"Feature","geometry":{"type":"Point","coordinates":[14.676711,47.245831]},"properties":{"w":0.6324}},{"type":"Feature","geometry":{"type":"Point","coordinates":[11.757599,47.229825]},"properties":{"w":0.4365}},{"type":"Feature","geometry":{"type":"Point","coordinates":[13.49861,47.23859]},"properties":{"w":0.2867}},{"type":"Feature","geometry":{"type":"Point","coordinates":[13.519019,47.239783]},"properties":{"w":0.3549}},{"type":"Feature","geometry":{"type":"Point","coordinates":[11.776202,47.232084]},"properties":{"w":0.3759}},{"type":"Feature","geometry":{"type":"Point","coordinates":[12.016708,47.234319]},"properties":{"w":0.2896}},{"type":"Feature","geometry":{"type":"Point","coordinates":[14.491612,47.233421]},"properties":{"w":0.4355}},{"type":"Feature","geometry":{"type":"Point","coordinates":[11.969601,47.232652]},"properties":{"w":0.342}},{"type":"Feature","geometry":{"type":"Point","coordinates":[13.307741,47.238301]},"properties":{"w":0.2766}},{"type":"Feature","geometry":{"type":"Point","coordinates":[11.814971,47.229751]},"properties":{"w":0.4484}},{"type":"Feature","geometry":{"type":"Point","coordinates":[11.099098,47.216405]},"properties":{"w":0.3509}},{"type":"Feature","geometry":{"type":"Point","coordinates":[11.041437,47.214224]},"properties":{"w":0.2981}},{"type":"Feature","geometry":{"type":"Point","coordinates":[15.046117,47.228641]},"properties":{"w":0.4602}},{"type":"Feature","geometry":{"type":"Point","coordinates":[10.252821,47.198235]},"properties":{"w":0.2766}},{"type":"Feature","geometry":{"type":"Point","coordinates":[13.490262,47.238356]},"properties":{"w":0.3617}},{"type":"Feature","geometry":{"type":"Point","coordinates":[10.036843,47.189553]},"properties":{"w":0.2878}},{"type":"Feature","geometry":{"type":"Point","coordinates":[12.222539,47.230774]},"properties":{"w":0.2959}},{"type":"Feature","geometry":{"type":"Point","coordinates":[10.966788,47.214267]},"properties":{"w":0.4103}},{"type":"Feature","geometry":{"type":"Point","coordinates":[14.19067,47.236285]},"properties":{"w":0.4171}},{"type":"Feature","geometry":{"type":"Point","coordinates":[11.992091,47.235154]},"properties":{"w":0.4884}},{"type":"Feature","geometry":{"type":"Point","coordinates":[11.653363,47.22456]},"properties":{"w":0.2954}},{"type":"Feature","geometry":{"type":"Point","coordinates":[10.237345,47.203969]},"properties":{"w":0.4526}},{"type":"Feature","geometry":{"type":"Point","coordinates":[11.492683,47.220266]},"properties":{"w":0.3696}},{"type":"Feature","geometry":{"type":"Point","coordinates":[11.587752,47.22129]},"properties":{"w":0.2959}},{"type":"Feature","geometry":{"type":"Point","coordinates":[10.164533,47.190502]},"properties":{"w":0.3039}},{"type":"Feature","geometry":{"type":"Point","coordinates":[11.064845,47.212448]},"properties":{"w":0.2959}},{"type":"Feature","geometry":{"type":"Point","coordinates":[10.011444,47.187497]},"properties":{"w":0.4273}},{"type":"Feature","geometry":{"type":"Point","coordinates":[11.726048,47.224943]},"properties":{"w":0.2842}},{"type":"Feature","geometry":{"type":"Point","coordinates":[10.481068,47.200259]},"properties":{"w":0.4154}},{"type":"Feature","geometry":{"type":"Point","coordinates":[14.518458,47.229835]},"properties":{"w":0.437}},{"type":"Feature","geometry":{"type":"Point","coordinates":[10.281026,47.197555]},"properties":{"w":0.3713}},{"type":"Feature","geometry":{"type":"Point","coordinates":[13.406711,47.235249]},"properties":{"w":0.2872}},{"type":"Feature","geometry":{"type":"Point","coordinates":[10.352364,47.194148]},"properties":{"w":0.333}},{"type":"Feature","geometry":{"type":"Point","coordinates":[14.683158,47.225628]},"properties":{"w":0.2954}},{"type":"Feature","geometry":{"type":"Point","coordinates":[15.148216,47.219384]},"properties":{"w":0.2842}},{"type":"Feature","geometry":{"type":"Point","coordinates":[15.206497,47.220133]},"properties":{"w":0.3119}},{"type":"Feature","geometry":{"type":"Point","coordinates":[13.478645,47.236654]},"properties":{"w":0.4708}},{"type":"Feature","geometry":{"type":"Point","coordinates":[15.091842,47.222908]},"properties":{"w":0.4491}},{"type":"Feature","geometry":{"type":"Point","coordinates":[12.659094,47.237749]},"properties":{"w":0.4108}},{"type":"Feature","geometry":{"type":"Point","coordinates":[11.504204,47.216351]},"properties":{"w":0.3456}},{"type":"Feature","geometry":{"type":"Point","coordinates":[11.477925,47.216545]},"properties":{"w":0.3914}},{"type":"Feature","geometry":{"type":"Point","coordinates":[12.784668,47.228694]},"properties":{"w":0.2766}},{"type":"Feature","geometry":{"type":"Point","coordinates":[12.707663,47.229064]},"properties":{"w":0.3302}},{"type":"Feature","geometry":{"type":"Point","coordinates":[14.404892,47.224635]},"properties":{"w":0.3327}},{"type":"Feature","geometry":{"type":"Point","coordinates":[15.364645,47.221138]},"properties":{"w":0.5257}},{"type":"Feature","geometry":{"type":"Point","coordinates":[13.47219,47.229886]},"properties":{"w":0.3713}},{"type":"Feature","geometry":{"type":"Point","coordinates":[11.277607,47.210368]},"properties":{"w":0.2766}},{"type":"Feature","geometry":{"type":"Point","coordinates":[14.532991,47.222922]},"properties":{"w":0.2817}},{"type":"Feature","geometry":{"type":"Point","coordinates":[13.403775,47.228567]},"properties":{"w":0.2766}},{"type":"Feature","geometry":{"type":"Point","coordinates":[14.441462,47.227121]},"properties":{"w":0.4868}},{"type":"Feature","geometry":{"type":"Point","coordinates":[10.211961,47.187341]},"properties":{"w":0.5146}},{"type":"Feature","geometry":{"type":"Point","coordinates":[10.192928,47.185612]},"properties":{"w":0.2766}},{"type":"Feature","geometry":{"type":"Point","coordinates":[14.374405,47.224128]},"properties":{"w":0.404}},{"type":"Feature","geometry":{"type":"Point","coordinates":[10.488095,47.193083]},"properties":{"w":0.2908}},{"type":"Feature","geometry":{"type":"Point","coordinates":[10.961357,47.205055]},"properties":{"w":0.4569}},{"type":"Feature","geometry":{"type":"Point","coordinates":[16.240356,47.196701]},"properties":{"w":0.4631}},{"type":"Feature","geometry":{"type":"Point","coordinates":[11.266969,47.212992]},"properties":{"w":0.3566}},{"type":"Feature","geometry":{"type":"Point","coordinates":[11.039421,47.203324]},"properties":{"w":0.3366}},{"type":"Feature","geometry":{"type":"Point","coordinates":[9.993925,47.180934]},"properties":{"w":0.5062}},{"type":"Feature","geometry":{"type":"Point","coordinates":[13.050347,47.228739]},"properties":{"w":0.3198}},{"type":"Feature","geometry":{"type":"Point","coordinates":[15.159441,47.212784]},"properties":{"w":0.2855}},{"type":"Feature","geometry":{"type":"Point","coordinates":[16.067715,47.193968]},"properties":{"w":0.5521}},{"type":"Feature","geometry":{"type":"Point","coordinates":[11.736807,47.215539]},"properties":{"w":0.3105}},{"type":"Feature","geometry":{"type":"Point","coordinates":[12.130092,47.218341]},"properties":{"w":0.2766}},{"type":"Feature","geometry":{"type":"Point","coordinates":[15.170943,47.209538]},"properties":{"w":0.3198}},{"type":"Feature","geometry":{"type":"Point","coordinates":[10.310777,47.185962]},"properties":{"w":0.2867}},{"type":"Feature","geometry":{"type":"Point","coordinates":[15.176227,47.210827]},"properties":{"w":0.2766}},{"type":"Feature","geometry":{"type":"Point","coordinates":[15.033175,47.21273]},"properties":{"w":0.3595}},{"type":"Feature","geometry":{"type":"Point","coordinates":[14.954087,47.212478]},"properties":{"w":0.4409}},{"type":"Feature","geometry":{"type":"Point","coordinates":[13.301097,47.224479]},"properties":{"w":0.3039}},{"type":"Feature","geometry":{"type":"Point","coordinates":[11.758253,47.214523]},"properties":{"w":0.3013}},{"type":"Feature","geometry":{"type":"Point","coordinates":[12.557963,47.221794]},"properties":{"w":0.2766}},{"type":"Feature","geometry":{"type":"Point","coordinates":[12.879853,47.221798]},"properties":{"w":0.3488}},{"type":"Feature","geometry":{"type":"Point","coordinates":[15.076222,47.211678]},"properties":{"w":0.3789}},{"type":"Feature","geometry":{"type":"Point","coordinates":[11.002068,47.200287]},"properties":{"w":0.2656}},{"type":"Feature","geometry":{"type":"Point","coordinates":[10.522557,47.187411]},"properties":{"w":0.3506}},{"type":"Feature","geometry":{"type":"Point","coordinates":[12.88748,47.224166]},"properties":{"w":0.2908}},{"type":"Feature","geometry":{"type":"Point","coordinates":[10.114405,47.177103]},"properties":{"w":0.3268}},{"type":"Feature","geometry":{"type":"Point","coordinates":[9.9641,47.17184]},"properties":{"w":0.343}},{"type":"Feature","geometry":{"type":"Point","coordinates":[9.639216,47.164089]},"properties":{"w":0.3198}},{"type":"Feature","geometry":{"type":"Point","coordinates":[10.088124,47.175362]},"properties":{"w":0.2959}},{"type":"Feature","geometry":{"type":"Point","coordinates":[10.804212,47.193072]},"properties":{"w":0.2855}},{"type":"Feature","geometry":{"type":"Point","coordinates":[15.050778,47.210268]},"properties":{"w":0.3198}},{"type":"Feature","geometry":{"type":"Point","coordinates":[9.872514,47.169962]},"properties":{"w":0.3882}},{"type":"Feature","geometry":{"type":"Point","coordinates":[13.293294,47.226356]},"properties":{"w":0.4134}},{"type":"Feature","geometry":{"type":"Point","coordinates":[10.18361,47.178663]},"properties":{"w":0.451}},{"type":"Feature","geometry":{"type":"Point","coordinates":[10.207052,47.177584]},"properties":{"w":0.3065}},{"type":"Feature","geometry":{"type":"Point","coordinates":[14.390089,47.220692]},"properties":{"w":0.4854}},{"type":"Feature","geometry":{"type":"Point","coordinates":[10.983795,47.203009]},"properties":{"w":0.4357}},{"type":"Feature","geometry":{"type":"Point","coordinates":[11.688202,47.217449]},"properties":{"w":0.3823}},{"type":"Feature","geometry":{"type":"Point","coordinates":[15.107297,47.209144]},"properties":{"w":0.3996}},{"type":"Feature","geometry":{"type":"Point","coordinates":[13.349972,47.220565]},"properties":{"w":0.3044}},{"type":"Feature","geometry":{"type":"Point","coordinates":[13.465082,47.223963]},"properties":{"w":0.4272}},{"type":"Feature","geometry":{"type":"Point","coordinates":[12.064641,47.215235]},"properties":{"w":0.3797}},{"type":"Feature","geometry":{"type":"Point","coordinates":[16.448184,47.182294]},"properties":{"w":0.5461}},{"type":"Feature","geometry":{"type":"Point","coordinates":[10.128872,47.173533]},"properties":{"w":0.3139}},{"type":"Feature","geometry":{"type":"Point","coordinates":[10.392744,47.182335]},"properties":{"w":0.453}},{"type":"Feature","geometry":{"type":"Point","coordinates":[12.088361,47.220273]},"properties":{"w":0.552}},{"type":"Feature","geometry":{"type":"Point","coordinates":[12.940943,47.221527]},"properties":{"w":0.3044}},{"type":"Feature","geometry":{"type":"Point","coordinates":[14.105293,47.216857]},"properties":{"w":0.3029}},{"type":"Feature","geometry":{"type":"Point","coordinates":[13.223714,47.218964]},"properties":{"w":0.2959}},{"type":"Feature","geometry":{"type":"Point","coordinates":[10.405982,47.180323]},"properties":{"w":0.3844}},{"type":"Feature","geometry":{"type":"Point","coordinates":[15.182933,47.204675]},"properties":{"w":0.319}},{"type":"Feature","geometry":{"type":"Point","coordinates":[12.783125,47.218605]},"properties":{"w":0.3733}},{"type":"Feature","geometry":{"type":"Point","coordinates":[13.421526,47.220512]},"properties":{"w":0.4583}},{"type":"Feature","geometry":{"type":"Point","coordinates":[10.348404,47.17819]},"properties":{"w":0.3166}},{"type":"Feature","geometry":{"type":"Point","coordinates":[9.966726,47.167257]},"properties":{"w":0.3397}},{"type":"Feature","geometry":{"type":"Point","coordinates":[10.974003,47.192594]},"properties":{"w":0.3549}},{"type":"Feature","geometry":{"type":"Point","coordinates":[11.069299,47.196966]},"properties":{"w":0.3553}},{"type":"Feature","geometry":{"type":"Point","coordinates":[12.623244,47.214986]},"properties":{"w":0.2842}},{"type":"Feature","geometry":{"type":"Point","coordinates":[14.137114,47.221759]},"properties":{"w":0.3952}},{"type":"Feature","geometry":{"type":"Point","coordinates":[12.794025,47.216832]},"properties":{"w":0.3713}},{"type":"Feature","geometry":{"type":"Point","coordinates":[11.667913,47.202617]},"properties":{"w":0.2867}},{"type":"Feature","geometry":{"type":"Point","coordinates":[15.296781,47.198825]},"properties":{"w":0.3512}},{"type":"Feature","geometry":{"type":"Point","coordinates":[13.302168,47.217579]},"properties":{"w":0.3124}},{"type":"Feature","geometry":{"type":"Point","coordinates":[14.411055,47.21013]},"properties":{"w":0.2959}},{"type":"Feature","geometry":{"type":"Point","coordinates":[13.290361,47.215245]},"properties":{"w":0.3844}},{"type":"Feature","geometry":{"type":"Point","coordinates":[13.056224,47.216534]},"properties":{"w":0.3566}},{"type":"Feature","geometry":{"type":"Point","coordinates":[13.233152,47.213554]},"properties":{"w":0.31}},{"type":"Feature","geometry":{"type":"Point","coordinates":[10.252735,47.173379]},"properties":{"w":0.2792}},{"type":"Feature","geometry":{"type":"Point","coordinates":[15.172163,47.203121]},"properties":{"w":0.3971}},{"type":"Feature","geometry":{"type":"Point","coordinates":[14.913605,47.202994]},"properties":{"w":0.2878}},{"type":"Feature","geometry":{"type":"Point","coordinates":[15.286665,47.198433]},"properties":{"w":0.2779}},{"type":"Feature","geometry":{"type":"Point","coordinates":[13.894611,47.213782]},"properties":{"w":0.2848}},{"type":"Feature","geometry":{"type":"Point","coordinates":[10.397405,47.176896]},"properties":{"w":0.2836}},{"type":"Feature","geometry":{"type":"Point","coordinates":[9.733521,47.157007]},"properties":{"w":0.3892}},{"type":"Feature","geometry":{"type":"Point","coordinates":[14.1652,47.214975]},"properties":{"w":0.5367}},{"type":"Feature","geometry":{"type":"Point","coordinates":[10.322422,47.175785]},"properties":{"w":0.3666}},{"type":"Feature","geometry":{"type":"Point","coordinates":[13.382854,47.219171]},"properties":{"w":0.414}},{"type":"Feature","geometry":{"type":"Point","coordinates":[15.091151,47.202596]},"properties":{"w":0.3207}},{"type":"Feature","geometry":{"type":"Point","coordinates":[14.126958,47.214883]},"properties":{"w":0.4365}},{"type":"Feature","geometry":{"type":"Point","coordinates":[10.032806,47.16827]},"properties":{"w":0.4312}},{"type":"Feature","geometry":{"type":"Point","coordinates":[15.001033,47.203799]},"properties":{"w":0.3105}},{"type":"Feature","geometry":{"type":"Point","coordinates":[10.019099,47.165218]},"properties":{"w":0.4301}},{"type":"Feature","geometry":{"type":"Point","coordinates":[12.089069,47.205874]},"properties":{"w":0.2867}},{"type":"Feature","geometry":{"type":"Point","coordinates":[12.109502,47.210954]},"properties":{"w":0.4523}},{"type":"Feature","geometry":{"type":"Point","coordinates":[11.574788,47.197943]},"properties":{"w":0.2867}},{"type":"Feature","geometry":{"type":"Point","coordinates":[14.376982,47.209725]},"properties":{"w":0.4885}},{"type":"Feature","geometry":{"type":"Point","coordinates":[12.248138,47.214204]},"properties":{"w":0.4622}},{"type":"Feature","geometry":{"type":"Point","coordinates":[11.243696,47.197434]},"properties":{"w":0.3536}},{"type":"Feature","geometry":{"type":"Point","coordinates":[14.331176,47.211236]},"properties":{"w":0.4255}},{"type":"Feature","geometry":{"type":"Point","coordinates":[11.709011,47.200411]},"properties":{"w":0.3397}},{"type":"Feature","geometry":{"type":"Point","coordinates":[13.398665,47.218012]},"properties":{"w":0.6313}},{"type":"Feature","geometry":{"type":"Point","coordinates":[12.91562,47.211832]},"properties":{"w":0.3627}},{"type":"Feature","geometry":{"type":"Point","coordinates":[10.003436,47.163327]},"properties":{"w":0.3973}},{"type":"Feature","geometry":{"type":"Point","coordinates":[11.686609,47.198654]},"properties":{"w":0.3334}},{"type":"Feature","geometry":{"type":"Point","coordinates":[15.101673,47.201294]},"properties":{"w":0.3478}},{"type":"Feature","geometry":{"type":"Point","coordinates":[14.392493,47.206857]},"properties":{"w":0.3536}},{"type":"Feature","geometry":{"type":"Point","coordinates":[11.724262,47.199617]},"properties":{"w":0.369}},{"type":"Feature","geometry":{"type":"Point","coordinates":[11.518158,47.193063]},"properties":{"w":0.2948}},{"type":"Feature","geometry":{"type":"Point","coordinates":[14.604329,47.202445]},"properties":{"w":0.3185}},{"type":"Feature","geometry":{"type":"Point","coordinates":[14.978653,47.199864]},"properties":{"w":0.4512}},{"type":"Feature","geometry":{"type":"Point","coordinates":[12.039272,47.203634]},"properties":{"w":0.4759}},{"type":"Feature","geometry":{"type":"Point","coordinates":[10.101362,47.162099]},"properties":{"w":0.3362}},{"type":"Feature","geometry":{"type":"Point","coordinates":[11.774105,47.196185]},"properties":{"w":0.2867}},{"type":"Feature","geometry":{"type":"Point","coordinates":[16.228216,47.178792]},"properties":{"w":0.5363}},{"type":"Feature","geometry":{"type":"Point","coordinates":[13.904731,47.205583]},"properties":{"w":0.3456}},{"type":"Feature","geometry":{"type":"Point","coordinates":[11.545793,47.193114]},"properties":{"w":0.2766}},{"type":"Feature","geometry":{"type":"Point","coordinates":[13.256221,47.21255]},"properties":{"w":0.3389}},{"type":"Feature","geometry":{"type":"Point","coordinates":[9.99777,47.157094]},"properties":{"w":0.2766}},{"type":"Feature","geometry":{"type":"Point","coordinates":[11.527433,47.191679]},"properties":{"w":0.2931}},{"type":"Feature","geometry":{"type":"Point","coordinates":[11.497754,47.192984]},"properties":{"w":0.4281}},{"type":"Feature","geometry":{"type":"Point","coordinates":[13.041319,47.205672]},"properties":{"w":0.3452}},{"type":"Feature","geometry":{"type":"Point","coordinates":[10.046389,47.161701]},"properties":{"w":0.4485}},{"type":"Feature","geometry":{"type":"Point","coordinates":[10.257086,47.163533]},"properties":{"w":0.3334}},{"type":"Feature","geometry":{"type":"Point","coordinates":[10.850582,47.177983]},"properties":{"w":0.2867}},{"type":"Feature","geometry":{"type":"Point","coordinates":[10.199009,47.163499]},"properties":{"w":0.3105}},{"type":"Feature","geometry":{"type":"Point","coordinates":[13.810197,47.205699]},"properties":{"w":0.3221}},{"type":"Feature","geometry":{"type":"Point","coordinates":[12.55848,47.201901]},"properties":{"w":0.2663}},{"type":"Feature","geometry":{"type":"Point","coordinates":[11.92899,47.196664]},"properties":{"w":0.3075}},{"type":"Feature","geometry":{"type":"Point","coordinates":[11.787731,47.194793]},"properties":{"w":0.2733}},{"type":"Feature","geometry":{"type":"Point","coordinates":[10.715419,47.190239]},"properties":{"w":0.5511}},{"type":"Feature","geometry":{"type":"Point","coordinates":[13.978612,47.214717]},"properties":{"w":0.5083}},{"type":"Feature","geometry":{"type":"Point","coordinates":[15.034071,47.197228]},"properties":{"w":0.4284}},{"type":"Feature","geometry":{"type":"Point","coordinates":[13.163426,47.204833]},"properties":{"w":0.3085}},{"type":"Feature","geometry":{"type":"Point","coordinates":[15.251037,47.188152]},"properties":{"w":0.2976}},{"type":"Feature","geometry":{"type":"Point","coordinates":[12.043729,47.19684]},"properties":{"w":0.3456}},{"type":"Feature","geometry":{"type":"Point","coordinates":[10.266313,47.162886]},"properties":{"w":0.3759}},{"type":"Feature","geometry":{"type":"Point","coordinates":[10.983051,47.180316]},"properties":{"w":0.446}},{"type":"Feature","geometry":{"type":"Point","coordinates":[13.064085,47.205665]},"properties":{"w":0.3322}},{"type":"Feature","geometry":{"type":"Point","coordinates":[13.280028,47.207794]},"properties":{"w":0.5376}},{"type":"Feature","geometry":{"type":"Point","coordinates":[9.731894,47.147273]},"properties":{"w":0.4684}},{"type":"Feature","geometry":{"type":"Point","coordinates":[11.684443,47.189803]},"properties":{"w":0.3533}},{"type":"Feature","geometry":{"type":"Point","coordinates":[10.278119,47.163115]},"properties":{"w":0.4898}},{"type":"Feature","geometry":{"type":"Point","coordinates":[13.918109,47.203693]},"properties":{"w":0.3907}},{"type":"Feature","geometry":{"type":"Point","coordinates":[12.474508,47.201011]},"properties":{"w":0.3924}},{"type":"Feature","geometry":{"type":"Point","coordinates":[11.244968,47.183941]},"properties":{"w":0.2867}},{"type":"Feature","geometry":{"type":"Point","coordinates":[13.02137,47.203483]},"properties":{"w":0.3334}},{"type":"Feature","geometry":{"type":"Point","coordinates":[11.200032,47.184479]},"properties":{"w":0.4765}},{"type":"Feature","geometry":{"type":"Point","coordinates":[13.049467,47.199482]},"properties":{"w":0.4101}},{"type":"Feature","geometry":{"type":"Point","coordinates":[13.26501,47.200402]},"properties":{"w":0.2959}},{"type":"Feature","geometry":{"type":"Point","coordinates":[11.771476,47.187327]},"properties":{"w":0.3054}},{"type":"Feature","geometry":{"type":"Point","coordinates":[16.301234,47.175518]},"properties":{"w":0.7404}},{"type":"Feature","geometry":{"type":"Point","coordinates":[14.324815,47.195554]},"properties":{"w":0.3509}},{"type":"Feature","geometry":{"type":"Point","coordinates":[13.325749,47.197025]},"properties":{"w":0.2678}},{"type":"Feature","geometry":{"type":"Point","coordinates":[10.073071,47.149483]},"properties":{"w":0.2811}},{"type":"Feature","geometry":{"type":"Point","coordinates":[14.057879,47.202111]},"properties":{"w":0.3722}},{"type":"Feature","geometry":{"type":"Point","coordinates":[9.633389,47.137643]},"properties":{"w":0.3322}},{"type":"Feature","geometry":{"type":"Point","coordinates":[14.395939,47.190672]},"properties":{"w":0.2867}},{"type":"Feature","geometry":{"type":"Point","coordinates":[10.684467,47.165808]},"properties":{"w":0.2867}},{"type":"Feature","geometry":{"type":"Point","coordinates":[9.737779,47.140939]},"properties":{"w":0.3639}},{"type":"Feature","geometry":{"type":"Point","coordinates":[13.839255,47.194359]},"properties":{"w":0.297}},{"type":"Feature","geometry":{"type":"Point","coordinates":[13.71736,47.196887]},"properties":{"w":0.3987}},{"type":"Feature","geometry":{"type":"Point","coordinates":[15.253408,47.179226]},"properties":{"w":0.2867}},{"type":"Feature","geometry":{"type":"Point","coordinates":[12.064908,47.189225]},"properties":{"w":0.3247}},{"type":"Feature","geometry":{"type":"Point","coordinates":[10.854026,47.166953]},"properties":{"w":0.3044}},{"type":"Feature","geometry":{"type":"Point","coordinates":[13.311423,47.194573]},"properties":{"w":0.3124}},{"type":"Feature","geometry":{"type":"Point","coordinates":[14.509439,47.188677]},"properties":{"w":0.2861}},{"type":"Feature","geometry":{"type":"Point","coordinates":[13.742881,47.192201]},"properties":{"w":0.2817}},{"type":"Feature","geometry":{"type":"Point","coordinates":[15.192496,47.178954]},"properties":{"w":0.3633}},{"type":"Feature","geometry":{"type":"Point","coordinates":[12.518708,47.191079]},"properties":{"w":0.3234}},{"type":"Feature","geometry":{"type":"Point","coordinates":[15.904567,47.164672]},"properties":{"w":0.5355}},{"type":"Feature","geometry":{"type":"Point","coordinates":[9.668449,47.134213]},"properties":{"w":0.3512}},{"type":"Feature","geometry":{"type":"Point","coordinates":[12.621246,47.190725]},"properties":{"w":0.3971}},{"type":"Feature","geometry":{"type":"Point","coordinates":[10.20699,47.148697]},"properties":{"w":0.3515}},{"type":"Feature","geometry":{"type":"Point","coordinates":[11.521346,47.175031]},"properties":{"w":0.2867}},{"type":"Feature","geometry":{"type":"Point","coordinates":[11.563535,47.178003]},"properties":{"w":0.3982}},{"type":"Feature","geometry":{"type":"Point","coordinates":[13.252197,47.191036]},"properties":{"w":0.2766}},{"type":"Feature","geometry":{"type":"Point","coordinates":[10.084163,47.14247]},"properties":{"w":0.3143}},{"type":"Feature","geometry":{"type":"Point","coordinates":[14.96452,47.183438]},"properties":{"w":0.3747}},{"type":"Feature","geometry":{"type":"Point","coordinates":[9.73851,47.131759]},"properties":{"w":0.335}},{"type":"Feature","geometry":{"type":"Point","coordinates":[10.460949,47.151611]},"properties":{"w":0.3119}},{"type":"Feature","geometry":{"type":"Point","coordinates":[12.554838,47.185194]},"properties":{"w":0.2861}},{"type":"Feature","geometry":{"type":"Point","coordinates":[11.9622,47.179233]},"properties":{"w":0.3119}},{"type":"Feature","geometry":{"type":"Point","coordinates":[14.486141,47.18091]},"properties":{"w":0.2867}},{"type":"Feature","geometry":{"type":"Point","coordinates":[12.021496,47.184798]},"properties":{"w":0.3536}},{"type":"Feature","geometry":{"type":"Point","coordinates":[13.784715,47.190716]},"properties":{"w":0.3719}},{"type":"Feature","geometry":{"type":"Point","coordinates":[10.862996,47.159574]},"properties":{"w":0.3322}},{"type":"Feature","geometry":{"type":"Point","coordinates":[15.951525,47.155212]},"properties":{"w":0.3828}},{"type":"Feature","geometry":{"type":"Point","coordinates":[10.470945,47.149572]},"properties":{"w":0.3294}},{"type":"Feature","geometry":{"type":"Point","coordinates":[13.656197,47.185549]},"properties":{"w":0.3924}},{"type":"Feature","geometry":{"type":"Point","coordinates":[11.51171,47.170484]},"properties":{"w":0.3666}},{"type":"Feature","geometry":{"type":"Point","coordinates":[9.725991,47.12998]},"properties":{"w":0.4762}},{"type":"Feature","geometry":{"type":"Point","coordinates":[15.965704,47.157904]},"properties":{"w":0.4158}},{"type":"Feature","geometry":{"type":"Point","coordinates":[15.389655,47.16902]},"properties":{"w":0.4279}},{"type":"Feature","geometry":{"type":"Point","coordinates":[13.184812,47.183276]},"properties":{"w":0.318}},{"type":"Feature","geometry":{"type":"Point","coordinates":[15.993852,47.15418]},"properties":{"w":0.3994}},{"type":"Feature","geometry":{"type":"Point","coordinates":[12.610195,47.185348]},"properties":{"w":0.4072}},{"type":"Feature","geometry":{"type":"Point","coordinates":[10.843628,47.157881]},"properties":{"w":0.4053}},{"type":"Feature","geometry":{"type":"Point","coordinates":[14.98277,47.179718]},"properties":{"w":0.5383}},{"type":"Feature","geometry":{"type":"Point","coordinates":[14.403908,47.178777]},"properties":{"w":0.2766}},{"type":"Feature","geometry":{"type":"Point","coordinates":[10.21991,47.138975]},"properties":{"w":0.2811}},{"type":"Feature","geometry":{"type":"Point","coordinates":[11.089867,47.167608]},"properties":{"w":0.4093}},{"type":"Feature","geometry":{"type":"Point","coordinates":[14.382682,47.189539]},"properties":{"w":0.5131}},{"type":"Feature","geometry":{"type":"Point","coordinates":[13.042526,47.181589]},"properties":{"w":0.2848}},{"type":"Feature","geometry":{"type":"Point","coordinates":[14.470853,47.185136]},"properties":{"w":0.4241}},{"type":"Feature","geometry":{"type":"Point","coordinates":[16.240704,47.153781]},"properties":{"w":0.6855}},{"type":"Feature","geometry":{"type":"Point","coordinates":[13.744522,47.184348]},"properties":{"w":0.4009}},{"type":"Feature","geometry":{"type":"Point","coordinates":[12.066585,47.175941]},"properties":{"w":0.2919}},{"type":"Feature","geometry":{"type":"Point","coordinates":[14.897227,47.17184]},"properties":{"w":0.4417}},{"type":"Feature","geometry":{"type":"Point","coordinates":[13.175275,47.180606]},"properties":{"w":0.2766}},{"type":"Feature","geometry":{"type":"Point","coordinates":[10.641585,47.148209]},"properties":{"w":0.3702}},{"type":"Feature","geometry":{"type":"Point","coordinates":[16.201506,47.156415]},"properties":{"w":0.6396}},{"type":"Feature","geometry":{"type":"Point","coordinates":[14.25741,47.179424]},"properties":{"w":0.4372}},{"type":"Feature","geometry":{"type":"Point","coordinates":[12.490524,47.176927]},"properties":{"w":0.2908}},{"type":"Feature","geometry":{"type":"Point","coordinates":[15.016691,47.167968]},"properties":{"w":0.3013}},{"type":"Feature","geometry":{"type":"Point","coordinates":[11.50581,47.163277]},"properties":{"w":0.3452}},{"type":"Feature","geometry":{"type":"Point","coordinates":[13.649813,47.183504]},"properties":{"w":0.4136}},{"type":"Feature","geometry":{"type":"Point","coordinates":[11.567965,47.163706]},"properties":{"w":0.2817}},{"type":"Feature","geometry":{"type":"Point","coordinates":[15.03332,47.164891]},"properties":{"w":0.3002}},{"type":"Feature","geometry":{"type":"Point","coordinates":[10.792393,47.154388]},"properties":{"w":0.3185}},{"type":"Feature","geometry":{"type":"Point","coordinates":[9.902306,47.124533]},"properties":{"w":0.2766}},{"type":"Feature","geometry":{"type":"Point","coordinates":[15.237138,47.161498]},"properties":{"w":0.3445}},{"type":"Feature","geometry":{"type":"Point","coordinates":[9.635818,47.118177]},"properties":{"w":0.4226}},{"type":"Feature","geometry":{"type":"Point","coordinates":[13.011256,47.182005]},"properties":{"w":0.318}},{"type":"Feature","geometry":{"type":"Point","coordinates":[9.683436,47.119255]},"properties":{"w":0.2867}},{"type":"Feature","geometry":{"type":"Point","coordinates":[14.50163,47.172443]},"properties":{"w":0.3463}},{"type":"Feature","geometry":{"type":"Point","coordinates":[13.2957,47.176369]},"properties":{"w":0.3171}},{"type":"Feature","geometry":{"type":"Point","coordinates":[12.708643,47.174248]},"properties":{"w":0.3105}},{"type":"Feature","geometry":{"type":"Point","coordinates":[16.328126,47.137767]},"properties":{"w":0.5046}},{"type":"Feature","geometry":{"type":"Point","coordinates":[10.473629,47.139414]},"properties":{"w":0.2786}},{"type":"Feature","geometry":{"type":"Point","coordinates":[13.313933,47.176428]},"properties":{"w":0.3198}},{"type":"Feature","geometry":{"type":"Point","coordinates":[14.528274,47.174471]},"properties":{"w":0.3539}},{"type":"Feature","geometry":{"type":"Point","coordinates":[13.923726,47.17209]},"properties":{"w":0.3247}},{"type":"Feature","geometry":{"type":"Point","coordinates":[10.172839,47.128474]},"properties":{"w":0.2896}},{"type":"Feature","geometry":{"type":"Point","coordinates":[11.497782,47.158453]},"properties":{"w":0.3285}},{"type":"Feature","geometry":{"type":"Point","coordinates":[15.22465,47.158213]},"properties":{"w":0.3024}},{"type":"Feature","geometry":{"type":"Point","coordinates":[13.320556,47.179821]},"properties":{"w":0.4435}},{"type":"Feature","geometry":{"type":"Point","coordinates":[9.943909,47.121947]},"properties":{"w":0.3553}},{"type":"Feature","geometry":{"type":"Point","coordinates":[9.715993,47.115204]},"properties":{"w":0.4437}},{"type":"Feature","geometry":{"type":"Point","coordinates":[14.716421,47.168538]},"properties":{"w":0.5584}},{"type":"Feature","geometry":{"type":"Point","coordinates":[14.513399,47.171741]},"properties":{"w":0.3759}},{"type":"Feature","geometry":{"type":"Point","coordinates":[14.463587,47.165624]},"properties":{"w":0.3984}},{"type":"Feature","geometry":{"type":"Point","coordinates":[13.306761,47.179516]},"properties":{"w":0.3961}},{"type":"Feature","geometry":{"type":"Point","coordinates":[11.412328,47.154547]},"properties":{"w":0.2976}},{"type":"Feature","geometry":{"type":"Point","coordinates":[14.488153,47.165535]},"properties":{"w":0.4138}},{"type":"Feature","geometry":{"type":"Point","coordinates":[12.030135,47.167741]},"properties":{"w":0.3563}},{"type":"Feature","geometry":{"type":"Point","coordinates":[12.996676,47.171592]},"properties":{"w":0.3931}},{"type":"Feature","geometry":{"type":"Point","coordinates":[14.198216,47.165518]},"properties":{"w":0.2919}},{"type":"Feature","geometry":{"type":"Point","coordinates":[12.644381,47.169686]},"properties":{"w":0.3789}},{"type":"Feature","geometry":{"type":"Point","coordinates":[13.789233,47.170252]},"properties":{"w":0.381}},{"type":"Feature","geometry":{"type":"Point","coordinates":[10.142471,47.123682]},"properties":{"w":0.3569}},{"type":"Feature","geometry":{"type":"Point","coordinates":[11.540279,47.152826]},"properties":{"w":0.3397}},{"type":"Feature","geometry":{"type":"Point","coordinates":[13.851787,47.165667]},"properties":{"w":0.3198}},{"type":"Feature","geometry":{"type":"Point","coordinates":[13.947893,47.16843]},"properties":{"w":0.5467}},{"type":"Feature","geometry":{"type":"Point","coordinates":[13.869811,47.169845]},"properties":{"w":0.5531}},{"type":"Feature","geometry":{"type":"Point","coordinates":[12.497569,47.165041]},"properties":{"w":0.3772}},{"type":"Feature","geometry":{"type":"Point","coordinates":[13.190937,47.17272]},"properties":{"w":0.3657}},{"type":"Feature","geometry":{"type":"Point","coordinates":[13.045766,47.164873]},"properties":{"w":0.2766}},{"type":"Feature","geometry":{"type":"Point","coordinates":[14.538481,47.169767]},"properties":{"w":0.5218}},{"type":"Feature","geometry":{"type":"Point","coordinates":[13.32784,47.167643]},"properties":{"w":0.3523}},{"type":"Feature","geometry":{"type":"Point","coordinates":[11.071719,47.149479]},"properties":{"w":0.4929}},{"type":"Feature","geometry":{"type":"Point","coordinates":[10.187536,47.119996]},"properties":{"w":0.2867}},{"type":"Feature","geometry":{"type":"Point","coordinates":[12.61824,47.162566]},"properties":{"w":0.2903}},{"type":"Feature","geometry":{"type":"Point","coordinates":[9.810549,47.108571]},"properties":{"w":0.3327}},{"type":"Feature","geometry":{"type":"Point","coordinates":[13.691329,47.162552]},"properties":{"w":0.337}},{"type":"Feature","geometry":{"type":"Point","coordinates":[13.833964,47.171314]},"properties":{"w":0.6384}},{"type":"Feature","geometry":{"type":"Point","coordinates":[10.178474,47.120269]},"properties":{"w":0.31}},{"type":"Feature","geometry":{"type":"Point","coordinates":[14.299597,47.158888]},"properties":{"w":0.2867}},{"type":"Feature","geometry":{"type":"Point","coordinates":[10.807897,47.136298]},"properties":{"w":0.331}},{"type":"Feature","geometry":{"type":"Point","coordinates":[11.406402,47.150284]},"properties":{"w":0.4434}},{"type":"Feature","geometry":{"type":"Point","coordinates":[10.145713,47.118034]},"properties":{"w":0.2691}},{"type":"Feature","geometry":{"type":"Point","coordinates":[10.164801,47.118163]},"properties":{"w":0.3289}},{"type":"Feature","geometry":{"type":"Point","coordinates":[10.198946,47.119721]},"properties":{"w":0.3924}},{"type":"Feature","geometry":{"type":"Point","coordinates":[13.894138,47.159718]},"properties":{"w":0.3264}},{"type":"Feature","geometry":{"type":"Point","coordinates":[10.670076,47.130807]},"properties":{"w":0.2964}},{"type":"Feature","geometry":{"type":"Point","coordinates":[9.654717,47.113068]},"properties":{"w":0.4964}},{"type":"Feature","geometry":{"type":"Point","coordinates":[15.270336,47.146318]},"properties":{"w":0.3952}},{"type":"Feature","geometry":{"type":"Point","coordinates":[9.696189,47.104341]},"properties":{"w":0.4105}},{"type":"Feature","geometry":{"type":"Point","coordinates":[13.042754,47.160816]},"properties":{"w":0.2766}},{"type":"Feature","geometry":{"type":"Point","coordinates":[14.352678,47.157142]},"properties":{"w":0.3094}},{"type":"Feature","geometry":{"type":"Point","coordinates":[11.527458,47.154181]},"properties":{"w":0.5186}},{"type":"Feature","geometry":{"type":"Point","coordinates":[14.191243,47.160873]},"properties":{"w":0.3666}},{"type":"Feature","geometry":{"type":"Point","coordinates":[12.579785,47.175405]},"properties":{"w":0.4915}},{"type":"Feature","geometry":{"type":"Point","coordinates":[11.508768,47.147825]},"properties":{"w":0.3713}},{"type":"Feature","geometry":{"type":"Point","coordinates":[10.659851,47.12859]},"properties":{"w":0.3115}},{"type":"Feature","geometry":{"type":"Point","coordinates":[12.505131,47.158445]},"properties":{"w":0.3157}},{"type":"Feature","geometry":{"type":"Point","coordinates":[13.054024,47.160575]},"properties":{"w":0.4057}},{"type":"Feature","geometry":{"type":"Point","coordinates":[13.673347,47.161214]},"properties":{"w":0.4494}},{"type":"Feature","geometry":{"type":"Point","coordinates":[15.074784,47.145512]},"properties":{"w":0.2981}},{"type":"Feature","geometry":{"type":"Point","coordinates":[13.772179,47.158165]},"properties":{"w":0.3198}},{"type":"Feature","geometry":{"type":"Point","coordinates":[14.996317,47.149625]},"properties":{"w":0.3745}},{"type":"Feature","geometry":{"type":"Point","coordinates":[10.047553,47.109685]},"properties":{"w":0.3148}},{"type":"Feature","geometry":{"type":"Point","coordinates":[14.899614,47.151278]},"properties":{"w":0.402}},{"type":"Feature","geometry":{"type":"Point","coordinates":[12.538871,47.155511]},"properties":{"w":0.2786}},{"type":"Feature","geometry":{"type":"Point","coordinates":[14.327934,47.154227]},"properties":{"w":0.2867}},{"type":"Feature","geometry":{"type":"Point","coordinates":[11.586299,47.144934]},"properties":{"w":0.2836}},{"type":"Feature","geometry":{"type":"Point","coordinates":[10.342966,47.122881]},"properties":{"w":0.3536}},{"type":"Feature","geometry":{"type":"Point","coordinates":[11.420077,47.147726]},"properties":{"w":0.5613}},{"type":"Feature","geometry":{"type":"Point","coordinates":[14.955965,47.144524]},"properties":{"w":0.2937}},{"type":"Feature","geometry":{"type":"Point","coordinates":[11.402514,47.141273]},"properties":{"w":0.3157}},{"type":"Feature","geometry":{"type":"Point","coordinates":[13.006053,47.158521]},"properties":{"w":0.5121}},{"type":"Feature","geometry":{"type":"Point","coordinates":[11.387165,47.142305]},"properties":{"w":0.4128}},{"type":"Feature","geometry":{"type":"Point","coordinates":[13.644753,47.161687]},"properties":{"w":0.4568}},{"type":"Feature","geometry":{"type":"Point","coordinates":[13.892717,47.157561]},"properties":{"w":0.6364}},{"type":"Feature","geometry":{"type":"Point","coordinates":[14.515541,47.153851]},"properties":{"w":0.4339}},{"type":"Feature","geometry":{"type":"Point","coordinates":[14.933431,47.145679]},"properties":{"w":0.3264}},{"type":"Feature","geometry":{"type":"Point","coordinates":[9.71872,47.096561]},"properties":{"w":0.3456}},{"type":"Feature","geometry":{"type":"Point","coordinates":[15.006539,47.15156]},"properties":{"w":0.4653}},{"type":"Feature","geometry":{"type":"Point","coordinates":[11.661324,47.141113]},"properties":{"w":0.2811}},{"type":"Feature","geometry":{"type":"Point","coordinates":[10.015134,47.103663]},"properties":{"w":0.3029}},{"type":"Feature","geometry":{"type":"Point","coordinates":[13.610795,47.154451]},"properties":{"w":0.4068}},{"type":"Feature","geometry":{"type":"Point","coordinates":[13.225501,47.153807]},"properties":{"w":0.2959}},{"type":"Feature","geometry":{"type":"Point","coordinates":[11.080713,47.143929]},"properties":{"w":0.4417}},{"type":"Feature","geometry":{"type":"Point","coordinates":[12.635802,47.150062]},"properties":{"w":0.2766}},{"type":"Feature","geometry":{"type":"Point","coordinates":[12.493389,47.149622]},"properties":{"w":0.2836}},{"type":"Feature","geometry":{"type":"Point","coordinates":[14.025206,47.149927]},"properties":{"w":0.3589}},{"type":"Feature","geometry":{"type":"Point","coordinates":[14.158274,47.159556]},"properties":{"w":0.6092}},{"type":"Feature","geometry":{"type":"Point","coordinates":[14.345037,47.149557]},"properties":{"w":0.4099}},{"type":"Feature","geometry":{"type":"Point","coordinates":[14.053227,47.148575]},"properties":{"w":0.3799}},{"type":"Feature","geometry":{"type":"Point","coordinates":[11.419313,47.134498]},"properties":{"w":0.34}},{"type":"Feature","geometry":{"type":"Point","coordinates":[10.063161,47.103385]},"properties":{"w":0.3044}},{"type":"Feature","geometry":{"type":"Point","coordinates":[12.568953,47.147233]},"properties":{"w":0.2597}},{"type":"Feature","geometry":{"type":"Point","coordinates":[10.400803,47.112191]},"properties":{"w":0.2766}},{"type":"Feature","geometry":{"type":"Point","coordinates":[14.243293,47.145308]},"properties":{"w":0.3002}},{"type":"Feature","geometry":{"type":"Point","coordinates":[14.007913,47.147225]},"properties":{"w":0.2903}},{"type":"Feature","geometry":{"type":"Point","coordinates":[10.287586,47.109573]},"properties":{"w":0.3654}},{"type":"Feature","geometry":{"type":"Point","coordinates":[10.228719,47.110367]},"properties":{"w":0.377}},{"type":"Feature","geometry":{"type":"Point","coordinates":[13.652302,47.148718]},"properties":{"w":0.2855}},{"type":"Feature","geometry":{"type":"Point","coordinates":[14.511143,47.143226]},"properties":{"w":0.2959}},{"type":"Feature","geometry":{"type":"Point","coordinates":[10.032619,47.10383]},"properties":{"w":0.4531}},{"type":"Feature","geometry":{"type":"Point","coordinates":[12.628822,47.147735]},"properties":{"w":0.3334}},{"type":"Feature","geometry":{"type":"Point","coordinates":[13.620147,47.147818]},"properties":{"w":0.3935}},{"type":"Feature","geometry":{"type":"Point","coordinates":[16.501467,47.133976]},"properties":{"w":0.8005}},{"type":"Feature","geometry":{"type":"Point","coordinates":[13.172267,47.149448]},"properties":{"w":0.3566}},{"type":"Feature","geometry":{"type":"Point","coordinates":[12.989263,47.148142]},"properties":{"w":0.3684}},{"type":"Feature","geometry":{"type":"Point","coordinates":[14.935703,47.137366]},"properties":{"w":0.2792}},{"type":"Feature","geometry":{"type":"Point","coordinates":[10.320092,47.107857]},"properties":{"w":0.3604}},{"type":"Feature","geometry":{"type":"Point","coordinates":[11.489279,47.135634]},"properties":{"w":0.4385}},{"type":"Feature","geometry":{"type":"Point","coordinates":[14.709216,47.1394]},"properties":{"w":0.3759}},{"type":"Feature","geometry":{"type":"Point","coordinates":[10.848113,47.119039]},"properties":{"w":0.3543}},{"type":"Feature","geometry":{"type":"Point","coordinates":[13.989033,47.143668]},"properties":{"w":0.2867}},{"type":"Feature","geometry":{"type":"Point","coordinates":[14.542254,47.141699]},"properties":{"w":0.2908}},{"type":"Feature","geometry":{"type":"Point","coordinates":[10.219072,47.102472]},"properties":{"w":0.2477}},{"type":"Feature","geometry":{"type":"Point","coordinates":[13.96766,47.143749]},"properties":{"w":0.3651}},{"type":"Feature","geometry":{"type":"Point","coordinates":[10.948574,47.118448]},"properties":{"w":0.3408}},{"type":"Feature","geometry":{"type":"Point","coordinates":[12.547076,47.141297]},"properties":{"w":0.276}},{"type":"Feature","geometry":{"type":"Point","coordinates":[14.072686,47.141407]},"properties":{"w":0.3747}},{"type":"Feature","geometry":{"type":"Point","coordinates":[11.645818,47.131301]},"properties":{"w":0.4909}},{"type":"Feature","geometry":{"type":"Point","coordinates":[12.580879,47.140164]},"properties":{"w":0.3412}},{"type":"Feature","geometry":{"type":"Point","coordinates":[15.061141,47.130882]},"properties":{"w":0.4264}},{"type":"Feature","geometry":{"type":"Point","coordinates":[9.706229,47.089035]},"properties":{"w":0.414}},{"type":"Feature","geometry":{"type":"Point","coordinates":[10.163233,47.097217]},"properties":{"w":0.2867}},{"type":"Feature","geometry":{"type":"Point","coordinates":[12.781165,47.140797]},"properties":{"w":0.3302}},{"type":"Feature","geometry":{"type":"Point","coordinates":[12.989872,47.140011]},"properties":{"w":0.2942}},{"type":"Feature","geometry":{"type":"Point","coordinates":[12.802856,47.150429]},"properties":{"w":0.532}},{"type":"Feature","geometry":{"type":"Point","coordinates":[10.421599,47.103149]},"properties":{"w":0.2867}},{"type":"Feature","geometry":{"type":"Point","coordinates":[10.214597,47.098335]},"properties":{"w":0.267}},{"type":"Feature","geometry":{"type":"Point","coordinates":[14.959627,47.128779]},"properties":{"w":0.3342}},{"type":"Feature","geometry":{"type":"Point","coordinates":[10.896504,47.117147]},"properties":{"w":0.2959}},{"type":"Feature","geometry":{"type":"Point","coordinates":[13.023665,47.14025]},"properties":{"w":0.3157}},{"type":"Feature","geometry":{"type":"Point","coordinates":[14.071109,47.137079]},"properties":{"w":0.2937}},{"type":"Feature","geometry":{"type":"Point","coordinates":[14.597924,47.134842]},"properties":{"w":0.3474}},{"type":"Feature","geometry":{"type":"Point","coordinates":[10.697007,47.117251]},"properties":{"w":0.5168}},{"type":"Feature","geometry":{"type":"Point","coordinates":[12.639967,47.137257]},"properties":{"w":0.2836}},{"type":"Feature","geometry":{"type":"Point","coordinates":[14.558809,47.14448]},"properties":{"w":0.5192}},{"type":"Feature","geometry":{"type":"Point","coordinates":[10.316195,47.09785]},"properties":{"w":0.3198}},{"type":"Feature","geometry":{"type":"Point","coordinates":[14.201318,47.13925]},"properties":{"w":0.5675}},{"type":"Feature","geometry":{"type":"Point","coordinates":[14.559822,47.13591]},"properties":{"w":0.4378}},{"type":"Feature","geometry":{"type":"Point","coordinates":[10.400664,47.101808]},"properties":{"w":0.3775}},{"type":"Feature","geometry":{"type":"Point","coordinates":[11.135762,47.118078]},"properties":{"w":0.342}},{"type":"Feature","geometry":{"type":"Point","coordinates":[14.470878,47.131623]},"properties":{"w":0.2867}},{"type":"Feature","geometry":{"type":"Point","coordinates":[10.379266,47.099982]},"properties":{"w":0.3727}},{"type":"Feature","geometry":{"type":"Point","coordinates":[13.319663,47.136089]},"properties":{"w":0.2766}},{"type":"Feature","geometry":{"type":"Point","coordinates":[16.181728,47.102714]},"properties":{"w":0.3314}},{"type":"Feature","geometry":{"type":"Point","coordinates":[14.63438,47.12821]},"properties":{"w":0.3008}},{"type":"Feature","geometry":{"type":"Point","coordinates":[14.215568,47.132711]},"properties":{"w":0.2842}},{"type":"Feature","geometry":{"type":"Point","coordinates":[11.855781,47.128155]},"properties":{"w":0.342}},{"type":"Feature","geometry":{"type":"Point","coordinates":[14.945329,47.147959]},"properties":{"w":0.6018}},{"type":"Feature","geometry":{"type":"Point","coordinates":[10.93161,47.110216]},"properties":{"w":0.4128}},{"type":"Feature","geometry":{"type":"Point","coordinates":[9.688108,47.079822]},"properties":{"w":0.4557}},{"type":"Feature","geometry":{"type":"Point","coordinates":[12.779636,47.132949]},"properties":{"w":0.2948}},{"type":"Feature","geometry":{"type":"Point","coordinates":[13.897201,47.133765]},"properties":{"w":0.3745}},{"type":"Feature","geometry":{"type":"Point","coordinates":[10.156962,47.090578]},"properties":{"w":0.4332}},{"type":"Feature","geometry":{"type":"Point","coordinates":[14.561556,47.127397]},"properties":{"w":0.2959}},{"type":"Feature","geometry":{"type":"Point","coordinates":[10.303286,47.093411]},"properties":{"w":0.31}},{"type":"Feature","geometry":{"type":"Point","coordinates":[10.703552,47.103111]},"properties":{"w":0.3162}},{"type":"Feature","geometry":{"type":"Point","coordinates":[14.913849,47.123154]},"properties":{"w":0.2798}},{"type":"Feature","geometry":{"type":"Point","coordinates":[14.088709,47.133254]},"properties":{"w":0.3397}},{"type":"Feature","geometry":{"type":"Point","coordinates":[10.925209,47.106933]},"properties":{"w":0.3185}},{"type":"Feature","geometry":{"type":"Point","coordinates":[13.2039,47.132465]},"properties":{"w":0.3844}},{"type":"Feature","geometry":{"type":"Point","coordinates":[13.773102,47.131083]},"properties":{"w":0.2817}},{"type":"Feature","geometry":{"type":"Point","coordinates":[13.192932,47.136006]},"properties":{"w":0.3216}},{"type":"Feature","geometry":{"type":"Point","coordinates":[14.415532,47.12745]},"properties":{"w":0.2959}},{"type":"Feature","geometry":{"type":"Point","coordinates":[10.411203,47.094144]},"properties":{"w":0.2855}},{"type":"Feature","geometry":{"type":"Point","coordinates":[12.515912,47.130369]},"properties":{"w":0.3212}},{"type":"Feature","geometry":{"type":"Point","coordinates":[10.259904,47.095706]},"properties":{"w":0.3775}},{"type":"Feature","geometry":{"type":"Point","coordinates":[13.216689,47.136478]},"properties":{"w":0.3334}},{"type":"Feature","geometry":{"type":"Point","coordinates":[9.665036,47.074073]},"properties":{"w":0.4083}},{"type":"Feature","geometry":{"type":"Point","coordinates":[16.327601,47.096427]},"properties":{"w":0.5719}},{"type":"Feature","geometry":{"type":"Point","coordinates":[10.314253,47.089971]},"properties":{"w":0.3759}},{"type":"Feature","geometry":{"type":"Point","coordinates":[13.003503,47.130001]},"properties":{"w":0.2867}},{"type":"Feature","geometry":{"type":"Point","coordinates":[10.694081,47.101587]},"properties":{"w":0.4313}},{"type":"Feature","geometry":{"type":"Point","coordinates":[14.599654,47.12542]},"properties":{"w":0.3247}},{"type":"Feature","geometry":{"type":"Point","coordinates":[14.662084,47.123016]},"properties":{"w":0.4031}},{"type":"Feature","geometry":{"type":"Point","coordinates":[14.076026,47.12855]},"properties":{"w":0.3515}},{"type":"Feature","geometry":{"type":"Point","coordinates":[12.634351,47.130095]},"properties":{"w":0.3989}},{"type":"Feature","geometry":{"type":"Point","coordinates":[13.637874,47.128417]},"properties":{"w":0.3029}},{"type":"Feature","geometry":{"type":"Point","coordinates":[16.223937,47.09933]},"properties":{"w":0.6557}},{"type":"Feature","geometry":{"type":"Point","coordinates":[11.088854,47.107541]},"properties":{"w":0.4171}},{"type":"Feature","geometry":{"type":"Point","coordinates":[16.207138,47.090773]},"properties":{"w":0.3129}},{"type":"Feature","geometry":{"type":"Point","coordinates":[14.150642,47.124845]},"properties":{"w":0.3075}},{"type":"Feature","geometry":{"type":"Point","coordinates":[14.607067,47.121483]},"properties":{"w":0.3216}},{"type":"Feature","geometry":{"type":"Point","coordinates":[14.567536,47.122419]},"properties":{"w":0.4701}},{"type":"Feature","geometry":{"type":"Point","coordinates":[10.390335,47.088771]},"properties":{"w":0.2908}},{"type":"Feature","geometry":{"type":"Point","coordinates":[14.112367,47.125632]},"properties":{"w":0.5189}},{"type":"Feature","geometry":{"type":"Point","coordinates":[14.533993,47.128276]},"properties":{"w":0.4644}},{"type":"Feature","geometry":{"type":"Point","coordinates":[11.389899,47.109283]},"properties":{"w":0.2766}},{"type":"Feature","geometry":{"type":"Point","coordinates":[11.56984,47.112193]},"properties":{"w":0.3654}},{"type":"Feature","geometry":{"type":"Point","coordinates":[11.220071,47.106627]},"properties":{"w":0.2811}},{"type":"Feature","geometry":{"type":"Point","coordinates":[14.523843,47.123092]},"properties":{"w":0.439}},{"type":"Feature","geometry":{"type":"Point","coordinates":[14.820473,47.117978]},"properties":{"w":0.3268}},{"type":"Feature","geometry":{"type":"Point","coordinates":[15.356581,47.106242]},"properties":{"w":0.3716}},{"type":"Feature","geometry":{"type":"Point","coordinates":[14.489855,47.124199]},"properties":{"w":0.4633}},{"type":"Feature","geometry":{"type":"Point","coordinates":[14.527015,47.118795]},"properties":{"w":0.2766}},{"type":"Feature","geometry":{"type":"Point","coordinates":[10.394693,47.084306]},"properties":{"w":0.3094}},{"type":"Feature","geometry":{"type":"Point","coordinates":[15.071104,47.112428]},"properties":{"w":0.3761}},{"type":"Feature","geometry":{"type":"Point","coordinates":[14.612442,47.115888]},"properties":{"w":0.3272}},{"type":"Feature","geometry":{"type":"Point","coordinates":[11.382107,47.103814]},"properties":{"w":0.2867}},{"type":"Feature","geometry":{"type":"Point","coordinates":[14.582948,47.11546]},"properties":{"w":0.442}},{"type":"Feature","geometry":{"type":"Point","coordinates":[14.594894,47.115207]},"properties":{"w":0.3654}},{"type":"Feature","geometry":{"type":"Point","coordinates":[11.409092,47.10405]},"properties":{"w":0.326}},{"type":"Feature","geometry":{"type":"Point","coordinates":[13.989331,47.11913]},"properties":{"w":0.3663}},{"type":"Feature","geometry":{"type":"Point","coordinates":[11.403236,47.104254]},"properties":{"w":0.2903}},{"type":"Feature","geometry":{"type":"Point","coordinates":[13.07153,47.121441]},"properties":{"w":0.2964}},{"type":"Feature","geometry":{"type":"Point","coordinates":[14.867467,47.113101]},"properties":{"w":0.4393}},{"type":"Feature","geometry":{"type":"Point","coordinates":[14.801765,47.113654]},"properties":{"w":0.3696}},{"type":"Feature","geometry":{"type":"Point","coordinates":[10.553219,47.088733]},"properties":{"w":0.4105}},{"type":"Feature","geometry":{"type":"Point","coordinates":[9.705842,47.060413]},"properties":{"w":0.342}},{"type":"Feature","geometry":{"type":"Point","coordinates":[11.206206,47.099796]},"properties":{"w":0.3844}},{"type":"Feature","geometry":{"type":"Point","coordinates":[11.414809,47.101633]},"properties":{"w":0.3044}},{"type":"Feature","geometry":{"type":"Point","coordinates":[10.569134,47.087237]},"properties":{"w":0.2829}},{"type":"Feature","geometry":{"type":"Point","coordinates":[14.857387,47.110759]},"properties":{"w":0.4319}},{"type":"Feature","geometry":{"type":"Point","coordinates":[13.94321,47.115683]},"properties":{"w":0.3441}},{"type":"Feature","geometry":{"type":"Point","coordinates":[10.166171,47.073163]},"properties":{"w":0.3598}},{"type":"Feature","geometry":{"type":"Point","coordinates":[12.990125,47.120174]},"properties":{"w":0.3463}},{"type":"Feature","geometry":{"type":"Point","coordinates":[11.337587,47.103188]},"properties":{"w":0.3234}},{"type":"Feature","geometry":{"type":"Point","coordinates":[14.78374,47.111022]},"properties":{"w":0.3013}},{"type":"Feature","geometry":{"type":"Point","coordinates":[14.514116,47.11213]},"properties":{"w":0.4709}},{"type":"Feature","geometry":{"type":"Point","coordinates":[13.722528,47.12159]},"properties":{"w":0.5718}},{"type":"Feature","geometry":{"type":"Point","coordinates":[9.825713,47.061853]},"properties":{"w":0.3185}},{"type":"Feature","geometry":{"type":"Point","coordinates":[10.265533,47.076916]},"properties":{"w":0.2805}},{"type":"Feature","geometry":{"type":"Point","coordinates":[16.058171,47.085495]},"properties":{"w":0.5026}},{"type":"Feature","geometry":{"type":"Point","coordinates":[10.139774,47.069871]},"properties":{"w":0.335}},{"type":"Feature","geometry":{"type":"Point","coordinates":[11.427074,47.100384]},"properties":{"w":0.4198}},{"type":"Feature","geometry":{"type":"Point","coordinates":[12.985027,47.114982]},"properties":{"w":0.2937}},{"type":"Feature","geometry":{"type":"Point","coordinates":[15.325865,47.096711]},"properties":{"w":0.3143}},{"type":"Feature","geometry":{"type":"Point","coordinates":[10.22496,47.071825]},"properties":{"w":0.363}},{"type":"Feature","geometry":{"type":"Point","coordinates":[10.337174,47.07394]},"properties":{"w":0.2867}},{"type":"Feature","geometry":{"type":"Point","coordinates":[11.192512,47.094204]},"properties":{"w":0.3722}},{"type":"Feature","geometry":{"type":"Point","coordinates":[12.99993,47.112786]},"properties":{"w":0.2942}},{"type":"Feature","geometry":{"type":"Point","coordinates":[14.887059,47.104268]},"properties":{"w":0.337}},{"type":"Feature","geometry":{"type":"Point","coordinates":[11.410287,47.096039]},"properties":{"w":0.2766}},{"type":"Feature","geometry":{"type":"Point","coordinates":[13.976216,47.110948]},"properties":{"w":0.3389}},{"type":"Feature","geometry":{"type":"Point","coordinates":[11.102553,47.100749]},"properties":{"w":0.4721}},{"type":"Feature","geometry":{"type":"Point","coordinates":[14.894647,47.104956]},"properties":{"w":0.3438}},{"type":"Feature","geometry":{"type":"Point","coordinates":[14.855223,47.10239]},"properties":{"w":0.3238}},{"type":"Feature","geometry":{"type":"Point","coordinates":[13.907741,47.10899]},"properties":{"w":0.331}},{"type":"Feature","geometry":{"type":"Point","coordinates":[10.559484,47.078543]},"properties":{"w":0.2948}},{"type":"Feature","geometry":{"type":"Point","coordinates":[10.615052,47.082899]},"properties":{"w":0.4378}},{"type":"Feature","geometry":{"type":"Point","coordinates":[14.419377,47.116533]},"properties":{"w":0.6435}},{"type":"Feature","geometry":{"type":"Point","coordinates":[12.566659,47.111012]},"properties":{"w":0.3247}},{"type":"Feature","geometry":{"type":"Point","coordinates":[10.250265,47.068727]},"properties":{"w":0.3491}},{"type":"Feature","geometry":{"type":"Point","coordinates":[10.540554,47.080569]},"properties":{"w":0.4313}},{"type":"Feature","geometry":{"type":"Point","coordinates":[11.620268,47.097257]},"properties":{"w":0.2919}},{"type":"Feature","geometry":{"type":"Point","coordinates":[11.645891,47.103425]},"properties":{"w":0.4949}},{"type":"Feature","geometry":{"type":"Point","coordinates":[16.076568,47.082952]},"properties":{"w":0.4689}},{"type":"Feature","geometry":{"type":"Point","coordinates":[14.76088,47.105836]},"properties":{"w":0.4715}},{"type":"Feature","geometry":{"type":"Point","coordinates":[14.29039,47.110163]},"properties":{"w":0.5297}},{"type":"Feature","geometry":{"type":"Point","coordinates":[14.937827,47.097285]},"properties":{"w":0.2766}},{"type":"Feature","geometry":{"type":"Point","coordinates":[13.91774,47.10623]},"properties":{"w":0.4454}},{"type":"Feature","geometry":{"type":"Point","coordinates":[14.976953,47.095664]},"properties":{"w":0.4221}},{"type":"Feature","geometry":{"type":"Point","coordinates":[14.930526,47.099712]},"properties":{"w":0.3153}},{"type":"Feature","geometry":{"type":"Point","coordinates":[10.331038,47.065038]},"properties":{"w":0.2885}},{"type":"Feature","geometry":{"type":"Point","coordinates":[14.03429,47.102498]},"properties":{"w":0.2867}},{"type":"Feature","geometry":{"type":"Point","coordinates":[13.95025,47.126993]},"properties":{"w":0.7773}},{"type":"Feature","geometry":{"type":"Point","coordinates":[10.277615,47.064102]},"properties":{"w":0.2766}},{"type":"Feature","geometry":{"type":"Point","coordinates":[9.833315,47.049621]},"properties":{"w":0.342}},{"type":"Feature","geometry":{"type":"Point","coordinates":[14.498587,47.099705]},"properties":{"w":0.3862}},{"type":"Feature","geometry":{"type":"Point","coordinates":[13.674102,47.109655]},"properties":{"w":0.5168}},{"type":"Feature","geometry":{"type":"Point","coordinates":[9.980982,47.054348]},"properties":{"w":0.3823}},{"type":"Feature","geometry":{"type":"Point","coordinates":[16.102758,47.068685]},"properties":{"w":0.3928}},{"type":"Feature","geometry":{"type":"Point","coordinates":[10.310822,47.06609]},"properties":{"w":0.488}},{"type":"Feature","geometry":{"type":"Point","coordinates":[14.271271,47.098737]},"properties":{"w":0.3119}},{"type":"Feature","geometry":{"type":"Point","coordinates":[14.954194,47.091146]},"properties":{"w":0.3129}},{"type":"Feature","geometry":{"type":"Point","coordinates":[14.90612,47.096824]},"properties":{"w":0.3968}},{"type":"Feature","geometry":{"type":"Point","coordinates":[12.580788,47.098799]},"properties":{"w":0.3669}},{"type":"Feature","geometry":{"type":"Point","coordinates":[13.54096,47.105783]},"properties":{"w":0.4442}},{"type":"Feature","geometry":{"type":"Point","coordinates":[10.276779,47.058296]},"properties":{"w":0.2678}},{"type":"Feature","geometry":{"type":"Point","coordinates":[11.675829,47.087708]},"properties":{"w":0.407}},{"type":"Feature","geometry":{"type":"Point","coordinates":[10.508095,47.063959]},"properties":{"w":0.3529}},{"type":"Feature","geometry":{"type":"Point","coordinates":[13.91198,47.096861]},"properties":{"w":0.2766}},{"type":"Feature","geometry":{"type":"Point","coordinates":[10.537376,47.064777]},"properties":{"w":0.2872}},{"type":"Feature","geometry":{"type":"Point","coordinates":[13.03273,47.103786]},"properties":{"w":0.5209}},{"type":"Feature","geometry":{"type":"Point","coordinates":[13.893813,47.097144]},"properties":{"w":0.3198}},{"type":"Feature","geometry":{"type":"Point","coordinates":[10.298403,47.055821]},"properties":{"w":0.3044}},{"type":"Feature","geometry":{"type":"Point","coordinates":[14.970041,47.086775]},"properties":{"w":0.4508}},{"type":"Feature","geometry":{"type":"Point","coordinates":[11.629784,47.086745]},"properties":{"w":0.3276}},{"type":"Feature","geometry":{"type":"Point","coordinates":[14.033786,47.09701]},"properties":{"w":0.3826}},{"type":"Feature","geometry":{"type":"Point","coordinates":[14.826042,47.087136]},"properties":{"w":0.2836}},{"type":"Feature","geometry":{"type":"Point","coordinates":[14.5818,47.088034]},"properties":{"w":0.2878}},{"type":"Feature","geometry":{"type":"Point","coordinates":[16.093858,47.061907]},"properties":{"w":0.3119}},{"type":"Feature","geometry":{"type":"Point","coordinates":[11.3647,47.080473]},"properties":{"w":0.3854}},{"type":"Feature","geometry":{"type":"Point","coordinates":[12.559732,47.094954]},"properties":{"w":0.34}},{"type":"Feature","geometry":{"type":"Point","coordinates":[14.179352,47.092626]},"properties":{"w":0.4254}},{"type":"Feature","geometry":{"type":"Point","coordinates":[16.502271,47.060139]},"properties":{"w":0.6972}},{"type":"Feature","geometry":{"type":"Point","coordinates":[11.334179,47.084654]},"properties":{"w":0.4228}},{"type":"Feature","geometry":{"type":"Point","coordinates":[10.476818,47.060727]},"properties":{"w":0.3044}},{"type":"Feature","geometry":{"type":"Point","coordinates":[14.535027,47.089284]},"properties":{"w":0.4565}},{"type":"Feature","geometry":{"type":"Point","coordinates":[11.173628,47.073146]},"properties":{"w":0.3044}},{"type":"Feature","geometry":{"type":"Point","coordinates":[13.569319,47.093953]},"properties":{"w":0.3844}},{"type":"Feature","geometry":{"type":"Point","coordinates":[14.117833,47.089705]},"properties":{"w":0.3699}},{"type":"Feature","geometry":{"type":"Point","coordinates":[11.159619,47.079138]},"properties":{"w":0.4723}},{"type":"Feature","geometry":{"type":"Point","coordinates":[10.198485,47.053211]},"properties":{"w":0.3456}},{"type":"Feature","geometry":{"type":"Point","coordinates":[10.166956,47.053201]},"properties":{"w":0.4538}},{"type":"Feature","geometry":{"type":"Point","coordinates":[13.014808,47.091652]},"properties":{"w":0.2903}},{"type":"Feature","geometry":{"type":"Point","coordinates":[13.046755,47.09258]},"properties":{"w":0.451}},{"type":"Feature","geometry":{"type":"Point","coordinates":[10.462337,47.054876]},"properties":{"w":0.3512}},{"type":"Feature","geometry":{"type":"Point","coordinates":[16.275794,47.052058]},"properties":{"w":0.2805}},{"type":"Feature","geometry":{"type":"Point","coordinates":[13.736878,47.0912]},"properties":{"w":0.4191}},{"type":"Feature","geometry":{"type":"Point","coordinates":[12.769408,47.087082]},"properties":{"w":0.2371}},{"type":"Feature","geometry":{"type":"Point","coordinates":[14.162049,47.090872]},"properties":{"w":0.5458}},{"type":"Feature","geometry":{"type":"Point","coordinates":[13.473985,47.08891]},"properties":{"w":0.3648}},{"type":"Feature","geometry":{"type":"Point","coordinates":[13.485119,47.086946]},"properties":{"w":0.3495}},{"type":"Feature","geometry":{"type":"Point","coordinates":[14.506358,47.08055]},"properties":{"w":0.3821}},{"type":"Feature","geometry":{"type":"Point","coordinates":[9.913266,47.038591]},"properties":{"w":0.4101}},{"type":"Feature","geometry":{"type":"Point","coordinates":[13.865273,47.087864]},"properties":{"w":0.4173}},{"type":"Feature","geometry":{"type":"Point","coordinates":[14.797611,47.080047]},"properties":{"w":0.3334}},{"type":"Feature","geometry":{"type":"Point","coordinates":[10.494993,47.051105]},"properties":{"w":0.3961}},{"type":"Feature","geometry":{"type":"Point","coordinates":[14.558587,47.082224]},"properties":{"w":0.4954}},{"type":"Feature","geometry":{"type":"Point","coordinates":[14.069347,47.083069]},"properties":{"w":0.3481}},{"type":"Feature","geometry":{"type":"Point","coordinates":[14.610274,47.078148]},"properties":{"w":0.3589}},{"type":"Feature","geometry":{"type":"Point","coordinates":[12.991148,47.08432]},"properties":{"w":0.3854}},{"type":"Feature","geometry":{"type":"Point","coordinates":[10.918804,47.056858]},"properties":{"w":0.2903}},{"type":"Feature","geometry":{"type":"Point","coordinates":[14.175563,47.083513]},"properties":{"w":0.4913}},{"type":"Feature","geometry":{"type":"Point","coordinates":[13.87338,47.105358]},"properties":{"w":0.7881}},{"type":"Feature","geometry":{"type":"Point","coordinates":[14.111183,47.081017]},"properties":{"w":0.3794}},{"type":"Feature","geometry":{"type":"Point","coordinates":[14.121858,47.080746]},"properties":{"w":0.3775}},{"type":"Feature","geometry":{"type":"Point","coordinates":[14.027054,47.083118]},"properties":{"w":0.3713}},{"type":"Feature","geometry":{"type":"Point","coordinates":[16.44501,47.044207]},"properties":{"w":0.5091}},{"type":"Feature","geometry":{"type":"Point","coordinates":[9.87666,47.02913]},"properties":{"w":0.2992}},{"type":"Feature","geometry":{"type":"Point","coordinates":[13.014413,47.081941]},"properties":{"w":0.3639}},{"type":"Feature","geometry":{"type":"Point","coordinates":[13.037432,47.08083]},"properties":{"w":0.3675}},{"type":"Feature","geometry":{"type":"Point","coordinates":[10.428774,47.051413]},"properties":{"w":0.5602}},{"type":"Feature","geometry":{"type":"Point","coordinates":[13.365107,47.080745]},"properties":{"w":0.276}},{"type":"Feature","geometry":{"type":"Point","coordinates":[14.980644,47.072049]},"properties":{"w":0.4493}},{"type":"Feature","geometry":{"type":"Point","coordinates":[11.607259,47.067575]},"properties":{"w":0.2925}},{"type":"Feature","geometry":{"type":"Point","coordinates":[10.582222,47.046683]},"properties":{"w":0.3523}},{"type":"Feature","geometry":{"type":"Point","coordinates":[13.513677,47.079853]},"properties":{"w":0.3085}},{"type":"Feature","geometry":{"type":"Point","coordinates":[10.189648,47.035025]},"properties":{"w":0.3075}},{"type":"Feature","geometry":{"type":"Point","coordinates":[13.5233,47.07906]},"properties":{"w":0.3105}},{"type":"Feature","geometry":{"type":"Point","coordinates":[14.896072,47.069316]},"properties":{"w":0.3563}},{"type":"Feature","geometry":{"type":"Point","coordinates":[14.508011,47.074611]},"properties":{"w":0.444}},{"type":"Feature","geometry":{"type":"Point","coordinates":[14.528335,47.071524]},"properties":{"w":0.2772}},{"type":"Feature","geometry":{"type":"Point","coordinates":[14.158131,47.07447]},"properties":{"w":0.4097}},{"type":"Feature","geometry":{"type":"Point","coordinates":[11.012378,47.053723]},"properties":{"w":0.267}},{"type":"Feature","geometry":{"type":"Point","coordinates":[13.776503,47.092724]},"properties":{"w":0.7232}},{"type":"Feature","geometry":{"type":"Point","coordinates":[9.867705,47.024333]},"properties":{"w":0.306}},{"type":"Feature","geometry":{"type":"Point","coordinates":[10.28884,47.04139]},"properties":{"w":0.4917}},{"type":"Feature","geometry":{"type":"Point","coordinates":[12.982154,47.078122]},"properties":{"w":0.3242}},{"type":"Feature","geometry":{"type":"Point","coordinates":[14.009601,47.073807]},"properties":{"w":0.4194}},{"type":"Feature","geometry":{"type":"Point","coordinates":[10.447457,47.048556]},"properties":{"w":0.3844}},{"type":"Feature","geometry":{"type":"Point","coordinates":[9.855766,47.021453]},"properties":{"w":0.326}},{"type":"Feature","geometry":{"type":"Point","coordinates":[10.166923,47.031171]},"properties":{"w":0.3124}},{"type":"Feature","geometry":{"type":"Point","coordinates":[12.834663,47.074904]},"properties":{"w":0.2867}},{"type":"Feature","geometry":{"type":"Point","coordinates":[14.113319,47.072296]},"properties":{"w":0.3642}},{"type":"Feature","geometry":{"type":"Point","coordinates":[14.806735,47.067484]},"properties":{"w":0.3617}},{"type":"Feature","geometry":{"type":"Point","coordinates":[14.986266,47.063784]},"properties":{"w":0.4485}},{"type":"Feature","geometry":{"type":"Point","coordinates":[10.155967,47.035154]},"properties":{"w":0.4085}},{"type":"Feature","geometry":{"type":"Point","coordinates":[10.882594,47.047546]},"properties":{"w":0.4047}},{"type":"Feature","geometry":{"type":"Point","coordinates":[11.427758,47.057361]},"properties":{"w":0.2766}},{"type":"Feature","geometry":{"type":"Point","coordinates":[13.626123,47.074693]},"properties":{"w":0.4331}},{"type":"Feature","geometry":{"type":"Point","coordinates":[13.658651,47.072883]},"properties":{"w":0.3924}},{"type":"Feature","geometry":{"type":"Point","coordinates":[11.433518,47.057328]},"properties":{"w":0.2986}},{"type":"Feature","geometry":{"type":"Point","coordinates":[11.317908,47.06307]},"properties":{"w":0.3786}},{"type":"Feature","geometry":{"type":"Point","coordinates":[14.249729,47.082501]},"properties":{"w":0.6395}},{"type":"Feature","geometry":{"type":"Point","coordinates":[10.253274,47.031094]},"properties":{"w":0.4558}},{"type":"Feature","geometry":{"type":"Point","coordinates":[11.420488,47.05608]},"properties":{"w":0.2908}},{"type":"Feature","geometry":{"type":"Point","coordinates":[12.849882,47.071305]},"properties":{"w":0.4057}},{"type":"Feature","geometry":{"type":"Point","coordinates":[14.142481,47.070604]},"properties":{"w":0.4047}},{"type":"Feature","geometry":{"type":"Point","coordinates":[13.031502,47.070997]},"properties":{"w":0.4164}},{"type":"Feature","geometry":{"type":"Point","coordinates":[14.079182,47.070262]},"properties":{"w":0.3404}},{"type":"Feature","geometry":{"type":"Point","coordinates":[14.039233,47.077671]},"properties":{"w":0.5892}},{"type":"Feature","geometry":{"type":"Point","coordinates":[14.914632,47.069604]},"properties":{"w":0.634}},{"type":"Feature","geometry":{"type":"Point","coordinates":[16.439645,47.03016]},"properties":{"w":0.39}},{"type":"Feature","geometry":{"type":"Point","coordinates":[13.619909,47.069105]},"properties":{"w":0.2976}},{"type":"Feature","geometry":{"type":"Point","coordinates":[10.48391,47.037899]},"properties":{"w":0.4544}},{"type":"Feature","geometry":{"type":"Point","coordinates":[16.463704,47.02752]},"properties":{"w":0.4745}},{"type":"Feature","geometry":{"type":"Point","coordinates":[10.404713,47.039534]},"properties":{"w":0.3704}},{"type":"Feature","geometry":{"type":"Point","coordinates":[14.129514,47.067534]},"properties":{"w":0.3373}},{"type":"Feature","geometry":{"type":"Point","coordinates":[11.437517,47.05327]},"properties":{"w":0.4305}},{"type":"Feature","geometry":{"type":"Point","coordinates":[14.145776,47.065646]},"properties":{"w":0.3334}},{"type":"Feature","geometry":{"type":"Point","coordinates":[16.154331,47.034839]},"properties":{"w":0.3185}},{"type":"Feature","geometry":{"type":"Point","coordinates":[10.249503,47.025626]},"properties":{"w":0.3115}},{"type":"Feature","geometry":{"type":"Point","coordinates":[13.647244,47.067214]},"properties":{"w":0.3198}},{"type":"Feature","geometry":{"type":"Point","coordinates":[14.836319,47.058733]},"properties":{"w":0.4798}},{"type":"Feature","geometry":{"type":"Point","coordinates":[13.668626,47.065631]},"properties":{"w":0.3133}},{"type":"Feature","geometry":{"type":"Point","coordinates":[11.186664,47.050054]},"properties":{"w":0.4882}},{"type":"Feature","geometry":{"type":"Point","coordinates":[14.862648,47.05698]},"properties":{"w":0.318}},{"type":"Feature","geometry":{"type":"Point","coordinates":[14.613461,47.060078]},"properties":{"w":0.3648}},{"type":"Feature","geometry":{"type":"Point","coordinates":[10.671764,47.034811]},"properties":{"w":0.3289}},{"type":"Feature","geometry":{"type":"Point","coordinates":[13.695247,47.06584]},"properties":{"w":0.4724}},{"type":"Feature","geometry":{"type":"Point","coordinates":[16.436901,47.02353]},"properties":{"w":0.3549}},{"type":"Feature","geometry":{"type":"Point","coordinates":[16.392151,47.024014]},"properties":{"w":0.4189}},{"type":"Feature","geometry":{"type":"Point","coordinates":[10.373628,47.027296]},"properties":{"w":0.2959}},{"type":"Feature","geometry":{"type":"Point","coordinates":[10.131195,47.016828]},"properties":{"w":0.2138}},{"type":"Feature","geometry":{"type":"Point","coordinates":[9.905795,47.009355]},"properties":{"w":0.3194}},{"type":"Feature","geometry":{"type":"Point","coordinates":[13.5723,47.060683]},"properties":{"w":0.3162}},{"type":"Feature","geometry":{"type":"Point","coordinates":[10.534384,47.027043]},"properties":{"w":0.3495}},{"type":"Feature","geometry":{"type":"Point","coordinates":[10.452284,47.023403]},"properties":{"w":0.3124}},{"type":"Feature","geometry":{"type":"Point","coordinates":[14.044167,47.059854]},"properties":{"w":0.337}},{"type":"Feature","geometry":{"type":"Point","coordinates":[10.513739,47.027853]},"properties":{"w":0.5003}},{"type":"Feature","geometry":{"type":"Point","coordinates":[13.64086,47.059612]},"properties":{"w":0.306}},{"type":"Feature","geometry":{"type":"Point","coordinates":[10.588261,47.028656]},"properties":{"w":0.4016}},{"type":"Feature","geometry":{"type":"Point","coordinates":[14.129515,47.057181]},"properties":{"w":0.331}},{"type":"Feature","geometry":{"type":"Point","coordinates":[14.610451,47.052735]},"properties":{"w":0.3669}},{"type":"Feature","geometry":{"type":"Point","coordinates":[14.505784,47.058462]},"properties":{"w":0.562}},{"type":"Feature","geometry":{"type":"Point","coordinates":[12.874312,47.06238]},"properties":{"w":0.337}},{"type":"Feature","geometry":{"type":"Point","coordinates":[14.832126,47.048551]},"properties":{"w":0.2903}},{"type":"Feature","geometry":{"type":"Point","coordinates":[14.940284,47.062016]},"properties":{"w":0.6404}},{"type":"Feature","geometry":{"type":"Point","coordinates":[9.886715,47.009252]},"properties":{"w":0.4632}},{"type":"Feature","geometry":{"type":"Point","coordinates":[10.406198,47.021725]},"properties":{"w":0.274}},{"type":"Feature","geometry":{"type":"Point","coordinates":[10.345679,47.017494]},"properties":{"w":0.3124}},{"type":"Feature","geometry":{"type":"Point","coordinates":[16.122722,47.029025]},"properties":{"w":0.5156}},{"type":"Feature","geometry":{"type":"Point","coordinates":[14.784061,47.04917]},"properties":{"w":0.4665}},{"type":"Feature","geometry":{"type":"Point","coordinates":[10.139329,47.017265]},"properties":{"w":0.514}},{"type":"Feature","geometry":{"type":"Point","coordinates":[11.401417,47.040825]},"properties":{"w":0.3212}},{"type":"Feature","geometry":{"type":"Point","coordinates":[16.118262,47.023949]},"properties":{"w":0.3666}},{"type":"Feature","geometry":{"type":"Point","coordinates":[13.519416,47.055926]},"properties":{"w":0.3498}},{"type":"Feature","geometry":{"type":"Point","coordinates":[13.84871,47.054554]},"properties":{"w":0.306}},{"type":"Feature","geometry":{"type":"Point","coordinates":[14.797425,47.047277]},"properties":{"w":0.3044}},{"type":"Feature","geometry":{"type":"Point","coordinates":[14.026036,47.052751]},"properties":{"w":0.4901}},{"type":"Feature","geometry":{"type":"Point","coordinates":[14.056254,47.056194]},"properties":{"w":0.4834}},{"type":"Feature","geometry":{"type":"Point","coordinates":[10.151987,47.009821]},"properties":{"w":0.4273}},{"type":"Feature","geometry":{"type":"Point","coordinates":[13.961488,47.052353]},"properties":{"w":0.3745}},{"type":"Feature","geometry":{"type":"Point","coordinates":[11.431752,47.044433]},"properties":{"w":0.5643}},{"type":"Feature","geometry":{"type":"Point","coordinates":[13.082204,47.053611]},"properties":{"w":0.3423}},{"type":"Feature","geometry":{"type":"Point","coordinates":[13.580459,47.053023]},"properties":{"w":0.3897}},{"type":"Feature","geometry":{"type":"Point","coordinates":[9.906423,47.000841]},"properties":{"w":0.2867}},{"type":"Feature","geometry":{"type":"Point","coordinates":[10.488341,47.017747]},"properties":{"w":0.369}},{"type":"Feature","geometry":{"type":"Point","coordinates":[12.334475,47.059044]},"properties":{"w":0.4664}},{"type":"Feature","geometry":{"type":"Point","coordinates":[13.786954,47.051723]},"properties":{"w":0.2867}},{"type":"Feature","geometry":{"type":"Point","coordinates":[10.226158,47.008597]},"properties":{"w":0.3124}},{"type":"Feature","geometry":{"type":"Point","coordinates":[10.199801,47.010188]},"properties":{"w":0.3914}},{"type":"Feature","geometry":{"type":"Point","coordinates":[13.793429,47.050521]},"properties":{"w":0.3404}},{"type":"Feature","geometry":{"type":"Point","coordinates":[16.500103,47.006344]},"properties":{"w":0.4811}},{"type":"Feature","geometry":{"type":"Point","coordinates":[11.412943,47.036671]},"properties":{"w":0.423}},{"type":"Feature","geometry":{"type":"Point","coordinates":[13.81271,47.052448]},"properties":{"w":0.4791}},{"type":"Feature","geometry":{"type":"Point","coordinates":[14.867077,47.041458]},"properties":{"w":0.4682}},{"type":"Feature","geometry":{"type":"Point","coordinates":[10.4029,47.010013]},"properties":{"w":0.2937}},{"type":"Feature","geometry":{"type":"Point","coordinates":[11.398718,47.031483]},"properties":{"w":0.333}},{"type":"Feature","geometry":{"type":"Point","coordinates":[14.598217,47.042387]},"properties":{"w":0.363}},{"type":"Feature","geometry":{"type":"Point","coordinates":[13.671398,47.056291]},"properties":{"w":0.5365}},{"type":"Feature","geometry":{"type":"Point","coordinates":[13.447579,47.046071]},"properties":{"w":0.3427}},{"type":"Feature","geometry":{"type":"Point","coordinates":[13.695918,47.055359]},"properties":{"w":0.6099}},{"type":"Feature","geometry":{"type":"Point","coordinates":[10.962719,47.019382]},"properties":{"w":0.2861}},{"type":"Feature","geometry":{"type":"Point","coordinates":[14.462203,47.039045]},"properties":{"w":0.3115}},{"type":"Feature","geometry":{"type":"Point","coordinates":[13.061275,47.046526]},"properties":{"w":0.4352}},{"type":"Feature","geometry":{"type":"Point","coordinates":[10.558323,47.009679]},"properties":{"w":0.3268}},{"type":"Feature","geometry":{"type":"Point","coordinates":[16.473632,47.001464]},"properties":{"w":0.4602}},{"type":"Feature","geometry":{"type":"Point","coordinates":[13.818954,47.041185]},"properties":{"w":0.3234}},{"type":"Feature","geometry":{"type":"Point","coordinates":[16.464586,47.000655]},"properties":{"w":0.3636}},{"type":"Feature","geometry":{"type":"Point","coordinates":[13.381338,47.046174]},"properties":{"w":0.4226}},{"type":"Feature","geometry":{"type":"Point","coordinates":[13.644283,47.049164]},"properties":{"w":0.4851}},{"type":"Feature","geometry":{"type":"Point","coordinates":[13.69793,47.044516]},"properties":{"w":0.402}},{"type":"Feature","geometry":{"type":"Point","coordinates":[14.263017,47.04158]},"properties":{"w":0.4785}},{"type":"Feature","geometry":{"type":"Point","coordinates":[14.248911,47.045813]},"properties":{"w":0.5223}},{"type":"Feature","geometry":{"type":"Point","coordinates":[16.373597,47.00137]},"properties":{"w":0.2786}},{"type":"Feature","geometry":{"type":"Point","coordinates":[14.611094,47.039479]},"properties":{"w":0.562}},{"type":"Feature","geometry":{"type":"Point","coordinates":[11.531427,47.027591]},"properties":{"w":0.3456}},{"type":"Feature","geometry":{"type":"Point","coordinates":[14.546925,47.034717]},"properties":{"w":0.3294}},{"type":"Feature","geometry":{"type":"Point","coordinates":[13.07668,47.041299]},"properties":{"w":0.3654}},{"type":"Feature","geometry":{"type":"Point","coordinates":[14.117234,47.044209]},"properties":{"w":0.4312}},{"type":"Feature","geometry":{"type":"Point","coordinates":[10.429319,47.003433]},"properties":{"w":0.2766}},{"type":"Feature","geometry":{"type":"Point","coordinates":[14.902333,47.029778]},"properties":{"w":0.3157}},{"type":"Feature","geometry":{"type":"Point","coordinates":[10.535059,47.00732]},"properties":{"w":0.3334}},{"type":"Feature","geometry":{"type":"Point","coordinates":[13.744835,47.04626]},"properties":{"w":0.6055}},{"type":"Feature","geometry":{"type":"Point","coordinates":[16.490277,46.999998]},"properties":{"w":0.531}},{"type":"Feature","geometry":{"type":"Point","coordinates":[10.363398,47.001724]},"properties":{"w":0.31}},{"type":"Feature","geometry":{"type":"Point","coordinates":[14.175918,47.04101]},"properties":{"w":0.446}},{"type":"Feature","geometry":{"type":"Point","coordinates":[13.455591,47.041341]},"properties":{"w":0.3996}},{"type":"Feature","geometry":{"type":"Point","coordinates":[13.650491,47.03972]},"properties":{"w":0.3912}},{"type":"Feature","geometry":{"type":"Point","coordinates":[16.337908,47.000723]},"properties":{"w":0.4473}},{"type":"Feature","geometry":{"type":"Point","coordinates":[10.324693,47.001178]},"properties":{"w":0.3129}},{"type":"Feature","geometry":{"type":"Point","coordinates":[12.380002,47.040481]},"properties":{"w":0.3539}},{"type":"Feature","geometry":{"type":"Point","coordinates":[14.799837,47.03005]},"properties":{"w":0.4059}},{"type":"Feature","geometry":{"type":"Point","coordinates":[12.727453,47.037308]},"properties":{"w":0.3702}},{"type":"Feature","geometry":{"type":"Point","coordinates":[10.371264,47.003301]},"properties":{"w":0.395}},{"type":"Feature","geometry":{"type":"Point","coordinates":[16.432044,46.998717]},"properties":{"w":0.6055}},{"type":"Feature","geometry":{"type":"Point","coordinates":[14.189242,47.041341]},"properties":{"w":0.4901}},{"type":"Feature","geometry":{"type":"Point","coordinates":[10.169159,46.995173]},"properties":{"w":0.3129}},{"type":"Feature","geometry":{"type":"Point","coordinates":[14.257404,47.035783]},"properties":{"w":0.3139}},{"type":"Feature","geometry":{"type":"Point","coordinates":[14.112969,47.034596]},"properties":{"w":0.3512}},{"type":"Feature","geometry":{"type":"Point","coordinates":[14.225729,47.034018]},"properties":{"w":0.3733}},{"type":"Feature","geometry":{"type":"Point","coordinates":[10.213088,46.994293]},"properties":{"w":0.3704}},{"type":"Feature","geometry":{"type":"Point","coordinates":[11.283644,47.017433]},"properties":{"w":0.347}},{"type":"Feature","geometry":{"type":"Point","coordinates":[14.548121,47.02885]},"properties":{"w":0.4072}},{"type":"Feature","geometry":{"type":"Point","coordinates":[14.055395,47.041403]},"properties":{"w":0.4101}},{"type":"Feature","geometry":{"type":"Point","coordinates":[13.946583,47.050515]},"properties":{"w":0.6119}},{"type":"Feature","geometry":{"type":"Point","coordinates":[13.864458,47.03462]},"properties":{"w":0.2867}},{"type":"Feature","geometry":{"type":"Point","coordinates":[10.698039,47.004011]},"properties":{"w":0.3474}},{"type":"Feature","geometry":{"type":"Point","coordinates":[14.030187,47.036859]},"properties":{"w":0.5808}},{"type":"Feature","geometry":{"type":"Point","coordinates":[14.166529,47.035175]},"properties":{"w":0.3566}},{"type":"Feature","geometry":{"type":"Point","coordinates":[9.99114,46.985332]},"properties":{"w":0.2817}},{"type":"Feature","geometry":{"type":"Point","coordinates":[13.822371,47.034232]},"properties":{"w":0.2925}},{"type":"Feature","geometry":{"type":"Point","coordinates":[14.26052,47.029004]},"properties":{"w":0.3393}},{"type":"Feature","geometry":{"type":"Point","coordinates":[13.78551,47.031405]},"properties":{"w":0.3281}},{"type":"Feature","geometry":{"type":"Point","coordinates":[12.689566,47.031785]},"properties":{"w":0.3212}},{"type":"Feature","geometry":{"type":"Point","coordinates":[13.695263,47.03282]},"properties":{"w":0.2842}},{"type":"Feature","geometry":{"type":"Point","coordinates":[14.282049,47.028261]},"properties":{"w":0.446}},{"type":"Feature","geometry":{"type":"Point","coordinates":[10.4249,46.997476]},"properties":{"w":0.3546}},{"type":"Feature","geometry":{"type":"Point","coordinates":[14.074954,47.028784]},"properties":{"w":0.2867}},{"type":"Feature","geometry":{"type":"Point","coordinates":[11.310488,47.016752]},"properties":{"w":0.3867}},{"type":"Feature","geometry":{"type":"Point","coordinates":[10.417115,46.994146]},"properties":{"w":0.3604}},{"type":"Feature","geometry":{"type":"Point","coordinates":[14.20971,47.032707]},"properties":{"w":0.4466}},{"type":"Feature","geometry":{"type":"Point","coordinates":[16.154695,46.995405]},"properties":{"w":0.3441}},{"type":"Feature","geometry":{"type":"Point","coordinates":[10.404402,46.99115]},"properties":{"w":0.2149}},{"type":"Feature","geometry":{"type":"Point","coordinates":[16.188742,46.993923]},"properties":{"w":0.4635}},{"type":"Feature","geometry":{"type":"Point","coordinates":[14.272663,47.031942]},"properties":{"w":0.4569}},{"type":"Feature","geometry":{"type":"Point","coordinates":[14.562379,47.021889]},"properties":{"w":0.3839}},{"type":"Feature","geometry":{"type":"Point","coordinates":[14.830191,47.01809]},"properties":{"w":0.2867}},{"type":"Feature","geometry":{"type":"Point","coordinates":[13.92679,47.028254]},"properties":{"w":0.3124}},{"type":"Feature","geometry":{"type":"Point","coordinates":[14.223668,47.025014]},"properties":{"w":0.4042}},{"type":"Feature","geometry":{"type":"Point","coordinates":[14.62261,47.020486]},"properties":{"w":0.3761}},{"type":"Feature","geometry":{"type":"Point","coordinates":[13.781258,47.026796]},"properties":{"w":0.3759}},{"type":"Feature","geometry":{"type":"Point","coordinates":[13.808021,47.02978]},"properties":{"w":0.3736}},{"type":"Feature","geometry":{"type":"Point","coordinates":[14.804907,47.020417]},"properties":{"w":0.4875}},{"type":"Feature","geometry":{"type":"Point","coordinates":[14.089483,47.037144]},"properties":{"w":0.5417}},{"type":"Feature","geometry":{"type":"Point","coordinates":[14.858829,47.015661]},"properties":{"w":0.3657}},{"type":"Feature","geometry":{"type":"Point","coordinates":[14.83397,47.019278]},"properties":{"w":0.4484}},{"type":"Feature","geometry":{"type":"Point","coordinates":[16.19073,46.98892]},"properties":{"w":0.4783}},{"type":"Feature","geometry":{"type":"Point","coordinates":[11.46358,47.012572]},"properties":{"w":0.3105}},{"type":"Feature","geometry":{"type":"Point","coordinates":[14.362426,47.023764]},"properties":{"w":0.4727}},{"type":"Feature","geometry":{"type":"Point","coordinates":[13.800463,47.026213]},"properties":{"w":0.34}},{"type":"Feature","geometry":{"type":"Point","coordinates":[13.882703,47.040226]},"properties":{"w":0.5176}},{"type":"Feature","geometry":{"type":"Point","coordinates":[13.85358,47.025602]},"properties":{"w":0.335}},{"type":"Feature","geometry":{"type":"Point","coordinates":[9.973037,46.972597]},"properties":{"w":0.3044}},{"type":"Feature","geometry":{"type":"Point","coordinates":[11.187374,47.003348]},"properties":{"w":0.3546}},{"type":"Feature","geometry":{"type":"Point","coordinates":[13.663349,47.025497]},"properties":{"w":0.5223}},{"type":"Feature","geometry":{"type":"Point","coordinates":[13.786195,47.020945]},"properties":{"w":0.3864}},{"type":"Feature","geometry":{"type":"Point","coordinates":[11.27579,47.00326]},"properties":{"w":0.2766}},{"type":"Feature","geometry":{"type":"Point","coordinates":[11.342954,47.010963]},"properties":{"w":0.4}},{"type":"Feature","geometry":{"type":"Point","coordinates":[14.643876,47.016234]},"properties":{"w":0.4396}},{"type":"Feature","geometry":{"type":"Point","coordinates":[13.710222,47.018563]},"properties":{"w":0.3579}},{"type":"Feature","geometry":{"type":"Point","coordinates":[11.449548,47.003812]},"properties":{"w":0.2766}},{"type":"Feature","geometry":{"type":"Point","coordinates":[14.462111,47.01536]},"properties":{"w":0.5424}},{"type":"Feature","geometry":{"type":"Point","coordinates":[13.833704,47.017589]},"properties":{"w":0.3536}},{"type":"Feature","geometry":{"type":"Point","coordinates":[10.13912,46.971933]},"properties":{"w":0.3327}},{"type":"Feature","geometry":{"type":"Point","coordinates":[14.031764,47.016777]},"properties":{"w":0.5705}},{"type":"Feature","geometry":{"type":"Point","coordinates":[9.884815,46.963741]},"properties":{"w":0.3456}},{"type":"Feature","geometry":{"type":"Point","coordinates":[14.389687,47.022815]},"properties":{"w":0.6064}},{"type":"Feature","geometry":{"type":"Point","coordinates":[11.559298,47.001336]},"properties":{"w":0.2867}},{"type":"Feature","geometry":{"type":"Point","coordinates":[14.841246,47.011241]},"properties":{"w":0.4517}},{"type":"Feature","geometry":{"type":"Point","coordinates":[14.822935,47.005226]},"properties":{"w":0.3039}},{"type":"Feature","geometry":{"type":"Point","coordinates":[13.982824,47.028919]},"properties":{"w":0.72}},{"type":"Feature","geometry":{"type":"Point","coordinates":[13.035916,47.014443]},"properties":{"w":0.2931}},{"type":"Feature","geometry":{"type":"Point","coordinates":[11.435025,47.001478]},"properties":{"w":0.2959}},{"type":"Feature","geometry":{"type":"Point","coordinates":[14.578621,47.014549]},"properties":{"w":0.649}},{"type":"Feature","geometry":{"type":"Point","coordinates":[13.875362,47.01403]},"properties":{"w":0.4403}},{"type":"Feature","geometry":{"type":"Point","coordinates":[11.275719,46.994645]},"properties":{"w":0.3124}},{"type":"Feature","geometry":{"type":"Point","coordinates":[13.961257,47.009752]},"properties":{"w":0.2959}},{"type":"Feature","geometry":{"type":"Point","coordinates":[10.136721,46.96592]},"properties":{"w":0.319}},{"type":"Feature","geometry":{"type":"Point","coordinates":[11.534804,46.997104]},"properties":{"w":0.2867}},{"type":"Feature","geometry":{"type":"Point","coordinates":[13.512318,47.011718]},"properties":{"w":0.3234}},{"type":"Feature","geometry":{"type":"Point","coordinates":[14.858722,47.005753]},"properties":{"w":0.326}},{"type":"Feature","geometry":{"type":"Point","coordinates":[10.660278,46.980759]},"properties":{"w":0.2903}},{"type":"Feature","geometry":{"type":"Point","coordinates":[11.193132,46.993403]},"properties":{"w":0.3928}},{"type":"Feature","geometry":{"type":"Point","coordinates":[10.248484,46.969797]},"properties":{"w":0.3306}},{"type":"Feature","geometry":{"type":"Point","coordinates":[14.864328,47.005353]},"properties":{"w":0.3105}},{"type":"Feature","geometry":{"type":"Point","coordinates":[11.174174,46.992882]},"properties":{"w":0.4448}},{"type":"Feature","geometry":{"type":"Point","coordinates":[9.982958,46.971369]},"properties":{"w":0.3991}},{"type":"Feature","geometry":{"type":"Point","coordinates":[13.678412,47.012478]},"properties":{"w":0.3919}},{"type":"Feature","geometry":{"type":"Point","coordinates":[14.449529,47.003731]},"properties":{"w":0.2992}},{"type":"Feature","geometry":{"type":"Point","coordinates":[13.032949,47.007017]},"properties":{"w":0.2766}},{"type":"Feature","geometry":{"type":"Point","coordinates":[11.259987,46.990145]},"properties":{"w":0.4683}},{"type":"Feature","geometry":{"type":"Point","coordinates":[11.550213,46.993589]},"properties":{"w":0.4042}},{"type":"Feature","geometry":{"type":"Point","coordinates":[14.09228,47.003765]},"properties":{"w":0.3039}},{"type":"Feature","geometry":{"type":"Point","coordinates":[13.863822,47.009425]},"properties":{"w":0.3666}},{"type":"Feature","geometry":{"type":"Point","coordinates":[13.722991,47.016786]},"properties":{"w":0.438}},{"type":"Feature","geometry":{"type":"Point","coordinates":[10.739928,46.985127]},"properties":{"w":0.4224}},{"type":"Feature","geometry":{"type":"Point","coordinates":[10.111243,46.959057]},"properties":{"w":0.3302}},{"type":"Feature","geometry":{"type":"Point","coordinates":[13.577718,47.00486]},"properties":{"w":0.31}},{"type":"Feature","geometry":{"type":"Point","coordinates":[14.305174,47.008742]},"properties":{"w":0.4385}},{"type":"Feature","geometry":{"type":"Point","coordinates":[13.540003,47.004206]},"properties":{"w":0.2931}},{"type":"Feature","geometry":{"type":"Point","coordinates":[13.053285,47.004475]},"properties":{"w":0.3799}},{"type":"Feature","geometry":{"type":"Point","coordinates":[14.115233,47.007628]},"properties":{"w":0.5708}},{"type":"Feature","geometry":{"type":"Point","coordinates":[13.039028,47.003285]},"properties":{"w":0.3306}},{"type":"Feature","geometry":{"type":"Point","coordinates":[10.665141,46.973372]},"properties":{"w":0.2981}},{"type":"Feature","geometry":{"type":"Point","coordinates":[14.036747,47.004365]},"properties":{"w":0.4064}},{"type":"Feature","geometry":{"type":"Point","coordinates":[13.484144,47.005778]},"properties":{"w":0.4057}},{"type":"Feature","geometry":{"type":"Point","coordinates":[10.594246,46.979422]},"properties":{"w":0.4633}},{"type":"Feature","geometry":{"type":"Point","coordinates":[11.39704,46.986956]},"properties":{"w":0.3212}},{"type":"Feature","geometry":{"type":"Point","coordinates":[13.514117,47.004617]},"properties":{"w":0.4364}},{"type":"Feature","geometry":{"type":"Point","coordinates":[13.956531,46.999302]},"properties":{"w":0.3124}},{"type":"Feature","geometry":{"type":"Point","coordinates":[10.105364,46.954063]},"properties":{"w":0.2896}},{"type":"Feature","geometry":{"type":"Point","coordinates":[15.049198,46.992698]},"properties":{"w":0.5621}},{"type":"Feature","geometry":{"type":"Point","coordinates":[13.741284,47.01188]},"properties":{"w":0.6503}},{"type":"Feature","geometry":{"type":"Point","coordinates":[13.529859,46.999958]},"properties":{"w":0.3412}},{"type":"Feature","geometry":{"type":"Point","coordinates":[11.423389,46.99053]},"properties":{"w":0.3684}},{"type":"Feature","geometry":{"type":"Point","coordinates":[11.434666,46.984592]},"properties":{"w":0.2903}},{"type":"Feature","geometry":{"type":"Point","coordinates":[14.126038,46.99822]},"properties":{"w":0.2861}},{"type":"Feature","geometry":{"type":"Point","coordinates":[9.910663,46.949122]},"properties":{"w":0.3054}},{"type":"Feature","geometry":{"type":"Point","coordinates":[13.574621,46.999042]},"properties":{"w":0.3733}},{"type":"Feature","geometry":{"type":"Point","coordinates":[11.218326,46.980138]},"properties":{"w":0.308}},{"type":"Feature","geometry":{"type":"Point","coordinates":[9.984769,46.954378]},"properties":{"w":0.4976}},{"type":"Feature","geometry":{"type":"Point","coordinates":[13.586544,46.996523]},"properties":{"w":0.3968}},{"type":"Feature","geometry":{"type":"Point","coordinates":[12.22972,46.991241]},"properties":{"w":0.3633}},{"type":"Feature","geometry":{"type":"Point","coordinates":[13.973241,47.006434]},"properties":{"w":0.5796}},{"type":"Feature","geometry":{"type":"Point","coordinates":[14.601309,46.989218]},"properties":{"w":0.2766}},{"type":"Feature","geometry":{"type":"Point","coordinates":[10.667252,46.965171]},"properties":{"w":0.3029}},{"type":"Feature","geometry":{"type":"Point","coordinates":[14.065194,46.997064]},"properties":{"w":0.5773}},{"type":"Feature","geometry":{"type":"Point","coordinates":[14.025571,46.992227]},"properties":{"w":0.3268}},{"type":"Feature","geometry":{"type":"Point","coordinates":[11.417824,46.978386]},"properties":{"w":0.2959}},{"type":"Feature","geometry":{"type":"Point","coordinates":[11.428958,46.977516]},"properties":{"w":0.3198}},{"type":"Feature","geometry":{"type":"Point","coordinates":[13.070905,46.992445]},"properties":{"w":0.2766}},{"type":"Feature","geometry":{"type":"Point","coordinates":[13.553531,46.995063]},"properties":{"w":0.5256}},{"type":"Feature","geometry":{"type":"Point","coordinates":[14.643276,46.984907]},"properties":{"w":0.3251}},{"type":"Feature","geometry":{"type":"Point","coordinates":[13.8225,46.992478]},"properties":{"w":0.289}},{"type":"Feature","geometry":{"type":"Point","coordinates":[13.869829,46.991882]},"properties":{"w":0.4981}},{"type":"Feature","geometry":{"type":"Point","coordinates":[14.138239,46.99239]},"properties":{"w":0.4072}},{"type":"Feature","geometry":{"type":"Point","coordinates":[13.785792,46.994549]},"properties":{"w":0.3704}},{"type":"Feature","geometry":{"type":"Point","coordinates":[9.983389,46.941363]},"properties":{"w":0.3198}},{"type":"Feature","geometry":{"type":"Point","coordinates":[10.628237,46.958987]},"properties":{"w":0.3124}},{"type":"Feature","geometry":{"type":"Point","coordinates":[12.363056,46.987428]},"properties":{"w":0.3019}},{"type":"Feature","geometry":{"type":"Point","coordinates":[10.928999,46.968458]},"properties":{"w":0.3828}},{"type":"Feature","geometry":{"type":"Point","coordinates":[13.518069,46.995723]},"properties":{"w":0.3536}},{"type":"Feature","geometry":{"type":"Point","coordinates":[13.951409,47.006629]},"properties":{"w":0.5765}},{"type":"Feature","geometry":{"type":"Point","coordinates":[10.119965,46.946055]},"properties":{"w":0.5161}},{"type":"Feature","geometry":{"type":"Point","coordinates":[10.480396,46.954307]},"properties":{"w":0.2766}},{"type":"Feature","geometry":{"type":"Point","coordinates":[13.548772,46.988966]},"properties":{"w":0.3456}},{"type":"Feature","geometry":{"type":"Point","coordinates":[11.415171,46.973701]},"properties":{"w":0.3268}},{"type":"Feature","geometry":{"type":"Point","coordinates":[9.892098,46.937156]},"properties":{"w":0.4034}},{"type":"Feature","geometry":{"type":"Point","coordinates":[12.59086,46.987819]},"properties":{"w":0.3592}},{"type":"Feature","geometry":{"type":"Point","coordinates":[13.753051,46.989117]},"properties":{"w":0.4164}},{"type":"Feature","geometry":{"type":"Point","coordinates":[14.603254,46.982181]},"properties":{"w":0.2836}},{"type":"Feature","geometry":{"type":"Point","coordinates":[11.396311,46.974053]},"properties":{"w":0.4018}},{"type":"Feature","geometry":{"type":"Point","coordinates":[10.014498,46.938406]},"properties":{"w":0.2959}},{"type":"Feature","geometry":{"type":"Point","coordinates":[13.687382,46.999824]},"properties":{"w":0.6983}},{"type":"Feature","geometry":{"type":"Point","coordinates":[14.612658,46.979852]},"properties":{"w":0.333}},{"type":"Feature","geometry":{"type":"Point","coordinates":[13.082889,46.985278]},"properties":{"w":0.2477}},{"type":"Feature","geometry":{"type":"Point","coordinates":[10.711283,46.964241]},"properties":{"w":0.4488}},{"type":"Feature","geometry":{"type":"Point","coordinates":[10.101802,46.940473]},"properties":{"w":0.3171}},{"type":"Feature","geometry":{"type":"Point","coordinates":[13.511479,46.985419]},"properties":{"w":0.3276}},{"type":"Feature","geometry":{"type":"Point","coordinates":[13.924508,46.985061]},"properties":{"w":0.2779}},{"type":"Feature","geometry":{"type":"Point","coordinates":[13.8627,46.986356]},"properties":{"w":0.5498}},{"type":"Feature","geometry":{"type":"Point","coordinates":[15.058982,46.972869]},"properties":{"w":0.4291}},{"type":"Feature","geometry":{"type":"Point","coordinates":[14.498771,46.9778]},"properties":{"w":0.3002}},{"type":"Feature","geometry":{"type":"Point","coordinates":[13.389021,46.983357]},"properties":{"w":0.5189}},{"type":"Feature","geometry":{"type":"Point","coordinates":[13.336884,46.981911]},"properties":{"w":0.2362}},{"type":"Feature","geometry":{"type":"Point","coordinates":[13.540429,46.983]},"properties":{"w":0.3389}},{"type":"Feature","geometry":{"type":"Point","coordinates":[13.738129,46.983242]},"properties":{"w":0.4817}},{"type":"Feature","geometry":{"type":"Point","coordinates":[13.95491,46.980543]},"properties":{"w":0.3961}},{"type":"Feature","geometry":{"type":"Point","coordinates":[10.61411,46.946881]},"properties":{"w":0.2766}},{"type":"Feature","geometry":{"type":"Point","coordinates":[13.864832,46.978299]},"properties":{"w":0.4034}},{"type":"Feature","geometry":{"type":"Point","coordinates":[12.983402,46.979477]},"properties":{"w":0.3294}},{"type":"Feature","geometry":{"type":"Point","coordinates":[14.903393,46.996752]},"properties":{"w":0.8641}},{"type":"Feature","geometry":{"type":"Point","coordinates":[10.094483,46.934383]},"properties":{"w":0.4434}},{"type":"Feature","geometry":{"type":"Point","coordinates":[14.573703,46.98427]},"properties":{"w":0.6572}},{"type":"Feature","geometry":{"type":"Point","coordinates":[13.534397,46.985077]},"properties":{"w":0.4572}},{"type":"Feature","geometry":{"type":"Point","coordinates":[13.833355,46.976175]},"properties":{"w":0.2896}},{"type":"Feature","geometry":{"type":"Point","coordinates":[14.08439,46.980756]},"properties":{"w":0.5346}},{"type":"Feature","geometry":{"type":"Point","coordinates":[14.017846,46.972744]},"properties":{"w":0.2855}},{"type":"Feature","geometry":{"type":"Point","coordinates":[14.641302,46.993339]},"properties":{"w":0.742}},{"type":"Feature","geometry":{"type":"Point","coordinates":[13.121093,46.977983]},"properties":{"w":0.4599}},{"type":"Feature","geometry":{"type":"Point","coordinates":[14.063056,46.977083]},"properties":{"w":0.4254}},{"type":"Feature","geometry":{"type":"Point","coordinates":[12.985208,46.973805]},"properties":{"w":0.2903}},{"type":"Feature","geometry":{"type":"Point","coordinates":[14.474792,46.990322]},"properties":{"w":0.7546}},{"type":"Feature","geometry":{"type":"Point","coordinates":[10.29984,46.935441]},"properties":{"w":0.4491}},{"type":"Feature","geometry":{"type":"Point","coordinates":[13.920998,46.97493]},"properties":{"w":0.3268}},{"type":"Feature","geometry":{"type":"Point","coordinates":[14.114098,46.969665]},"properties":{"w":0.2914}},{"type":"Feature","geometry":{"type":"Point","coordinates":[15.130222,46.970873]},"properties":{"w":0.649}},{"type":"Feature","geometry":{"type":"Point","coordinates":[10.050607,46.926568]},"properties":{"w":0.2078}},{"type":"Feature","geometry":{"type":"Point","coordinates":[10.269318,46.941032]},"properties":{"w":0.528}},{"type":"Feature","geometry":{"type":"Point","coordinates":[10.656085,46.94955]},"properties":{"w":0.5087}},{"type":"Feature","geometry":{"type":"Point","coordinates":[14.048257,46.969757]},"properties":{"w":0.3039}},{"type":"Feature","geometry":{"type":"Point","coordinates":[10.888803,46.947241]},"properties":{"w":0.3526}},{"type":"Feature","geometry":{"type":"Point","coordinates":[12.948602,46.971223]},"properties":{"w":0.4446}},{"type":"Feature","geometry":{"type":"Point","coordinates":[14.067893,46.967814]},"properties":{"w":0.2766}},{"type":"Feature","geometry":{"type":"Point","coordinates":[10.278489,46.928678]},"properties":{"w":0.2452}},{"type":"Feature","geometry":{"type":"Point","coordinates":[16.088863,46.93692]},"properties":{"w":0.3914}},{"type":"Feature","geometry":{"type":"Point","coordinates":[13.11584,46.969198]},"properties":{"w":0.2786}},{"type":"Feature","geometry":{"type":"Point","coordinates":[14.70048,46.970706]},"properties":{"w":0.6289}},{"type":"Feature","geometry":{"type":"Point","coordinates":[10.633289,46.936857]},"properties":{"w":0.4072}},{"type":"Feature","geometry":{"type":"Point","coordinates":[9.938692,46.921138]},"properties":{"w":0.5213}},{"type":"Feature","geometry":{"type":"Point","coordinates":[10.225258,46.942229]},"properties":{"w":0.4663}},{"type":"Feature","geometry":{"type":"Point","coordinates":[10.003988,46.943733]},"properties":{"w":0.4927}},{"type":"Feature","geometry":{"type":"Point","coordinates":[13.864807,46.964537]},"properties":{"w":0.2878}},{"type":"Feature","geometry":{"type":"Point","coordinates":[10.527874,46.933408]},"properties":{"w":0.3378}},{"type":"Feature","geometry":{"type":"Point","coordinates":[16.186523,46.930979]},"properties":{"w":0.4023}},{"type":"Feature","geometry":{"type":"Point","coordinates":[14.026262,46.977822]},"properties":{"w":0.6142}},{"type":"Feature","geometry":{"type":"Point","coordinates":[14.055784,46.963377]},"properties":{"w":0.2959}},{"type":"Feature","geometry":{"type":"Point","coordinates":[13.923498,46.965025]},"properties":{"w":0.3366}},{"type":"Feature","geometry":{"type":"Point","coordinates":[14.709614,46.957105]},"properties":{"w":0.3526}},{"type":"Feature","geometry":{"type":"Point","coordinates":[10.517809,46.928206]},"properties":{"w":0.3608}},{"type":"Feature","geometry":{"type":"Point","coordinates":[12.998289,46.968979]},"properties":{"w":0.5686}},{"type":"Feature","geometry":{"type":"Point","coordinates":[9.992182,46.912833]},"properties":{"w":0.3397}},{"type":"Feature","geometry":{"type":"Point","coordinates":[13.377617,46.965437]},"properties":{"w":0.3563}},{"type":"Feature","geometry":{"type":"Point","coordinates":[14.042577,46.961029]},"properties":{"w":0.4598}},{"type":"Feature","geometry":{"type":"Point","coordinates":[10.104775,46.914818]},"properties":{"w":0.3039}},{"type":"Feature","geometry":{"type":"Point","coordinates":[14.061513,46.957434]},"properties":{"w":0.3029}},{"type":"Feature","geometry":{"type":"Point","coordinates":[14.662554,46.954711]},"properties":{"w":0.4325}},{"type":"Feature","geometry":{"type":"Point","coordinates":[13.213246,46.959408]},"properties":{"w":0.319}},{"type":"Feature","geometry":{"type":"Point","coordinates":[14.069655,46.957977]},"properties":{"w":0.3264}},{"type":"Feature","geometry":{"type":"Point","coordinates":[10.003735,46.909076]},"properties":{"w":0.2903}},{"type":"Feature","geometry":{"type":"Point","coordinates":[10.127163,46.913045]},"properties":{"w":0.3539}},{"type":"Feature","geometry":{"type":"Point","coordinates":[16.051592,46.927114]},"properties":{"w":0.5283}},{"type":"Feature","geometry":{"type":"Point","coordinates":[14.351616,46.953208]},"properties":{"w":0.4439}},{"type":"Feature","geometry":{"type":"Point","coordinates":[13.394761,46.957875]},"properties":{"w":0.3623}},{"type":"Feature","geometry":{"type":"Point","coordinates":[13.976432,46.954848]},"properties":{"w":0.3044}},{"type":"Feature","geometry":{"type":"Point","coordinates":[13.405086,46.957267]},"properties":{"w":0.3684}},{"type":"Feature","geometry":{"type":"Point","coordinates":[14.99085,46.945746]},"properties":{"w":0.3598}},{"type":"Feature","geometry":{"type":"Point","coordinates":[10.14359,46.916114]},"properties":{"w":0.5027}},{"type":"Feature","geometry":{"type":"Point","coordinates":[10.2221,46.914466]},"properties":{"w":0.3334}},{"type":"Feature","geometry":{"type":"Point","coordinates":[13.950575,46.956653]},"properties":{"w":0.3044}},{"type":"Feature","geometry":{"type":"Point","coordinates":[12.992897,46.955822]},"properties":{"w":0.2848}},{"type":"Feature","geometry":{"type":"Point","coordinates":[14.715353,46.949473]},"properties":{"w":0.3857}},{"type":"Feature","geometry":{"type":"Point","coordinates":[13.43088,46.956294]},"properties":{"w":0.4166}},{"type":"Feature","geometry":{"type":"Point","coordinates":[13.93791,46.962613]},"properties":{"w":0.4641}},{"type":"Feature","geometry":{"type":"Point","coordinates":[14.381466,46.949573]},"properties":{"w":0.2817}},{"type":"Feature","geometry":{"type":"Point","coordinates":[10.573983,46.922422]},"properties":{"w":0.4595}},{"type":"Feature","geometry":{"type":"Point","coordinates":[13.585193,46.952359]},"properties":{"w":0.3366}},{"type":"Feature","geometry":{"type":"Point","coordinates":[13.977384,46.969662]},"properties":{"w":0.7675}},{"type":"Feature","geometry":{"type":"Point","coordinates":[12.979458,46.950493]},"properties":{"w":0.2878}},{"type":"Feature","geometry":{"type":"Point","coordinates":[13.41039,46.950942]},"properties":{"w":0.3318}},{"type":"Feature","geometry":{"type":"Point","coordinates":[14.044009,46.952178]},"properties":{"w":0.4337}},{"type":"Feature","geometry":{"type":"Point","coordinates":[10.111315,46.904803]},"properties":{"w":0.2959}},{"type":"Feature","geometry":{"type":"Point","coordinates":[13.558972,46.958349]},"properties":{"w":0.4873}},{"type":"Feature","geometry":{"type":"Point","coordinates":[10.553326,46.919745]},"properties":{"w":0.3268}},{"type":"Feature","geometry":{"type":"Point","coordinates":[15.062764,46.9369]},"properties":{"w":0.3157}},{"type":"Feature","geometry":{"type":"Point","coordinates":[14.629799,46.94422]},"properties":{"w":0.6401}},{"type":"Feature","geometry":{"type":"Point","coordinates":[12.591915,46.946945]},"properties":{"w":0.3759}},{"type":"Feature","geometry":{"type":"Point","coordinates":[10.047395,46.90924]},"properties":{"w":0.5803}},{"type":"Feature","geometry":{"type":"Point","coordinates":[13.646271,46.947402]},"properties":{"w":0.4264}},{"type":"Feature","geometry":{"type":"Point","coordinates":[13.396538,46.948713]},"properties":{"w":0.4014}},{"type":"Feature","geometry":{"type":"Point","coordinates":[10.12817,46.904269]},"properties":{"w":0.4504}},{"type":"Feature","geometry":{"type":"Point","coordinates":[14.995549,46.934764]},"properties":{"w":0.3203}},{"type":"Feature","geometry":{"type":"Point","coordinates":[15.027876,46.937652]},"properties":{"w":0.5304}},{"type":"Feature","geometry":{"type":"Point","coordinates":[12.998501,46.945758]},"properties":{"w":0.3456}},{"type":"Feature","geometry":{"type":"Point","coordinates":[10.704015,46.921502]},"properties":{"w":0.4547}},{"type":"Feature","geometry":{"type":"Point","coordinates":[13.935197,46.944357]},"properties":{"w":0.2959}},{"type":"Feature","geometry":{"type":"Point","coordinates":[13.046707,46.94426]},"properties":{"w":0.3124}},{"type":"Feature","geometry":{"type":"Point","coordinates":[14.210096,46.943577]},"properties":{"w":0.402}},{"type":"Feature","geometry":{"type":"Point","coordinates":[14.742874,46.935603]},"properties":{"w":0.3119}},{"type":"Feature","geometry":{"type":"Point","coordinates":[14.294208,46.945891]},"properties":{"w":0.5541}},{"type":"Feature","geometry":{"type":"Point","coordinates":[10.040123,46.896276]},"properties":{"w":0.3255}},{"type":"Feature","geometry":{"type":"Point","coordinates":[13.010823,46.944251]},"properties":{"w":0.4034}},{"type":"Feature","geometry":{"type":"Point","coordinates":[13.576515,46.965048]},"properties":{"w":0.6697}},{"type":"Feature","geometry":{"type":"Point","coordinates":[14.001451,46.94755]},"properties":{"w":0.6118}},{"type":"Feature","geometry":{"type":"Point","coordinates":[13.404245,46.943546]},"properties":{"w":0.3198}},{"type":"Feature","geometry":{"type":"Point","coordinates":[12.97679,46.942998]},"properties":{"w":0.4181}},{"type":"Feature","geometry":{"type":"Point","coordinates":[16.172639,46.911709]},"properties":{"w":0.6019}},{"type":"Feature","geometry":{"type":"Point","coordinates":[14.61661,46.936083]},"properties":{"w":0.3614}},{"type":"Feature","geometry":{"type":"Point","coordinates":[13.853572,46.941792]},"properties":{"w":0.3971}},{"type":"Feature","geometry":{"type":"Point","coordinates":[14.751279,46.936835]},"properties":{"w":0.4583}},{"type":"Feature","geometry":{"type":"Point","coordinates":[13.376774,46.940157]},"properties":{"w":0.3276}},{"type":"Feature","geometry":{"type":"Point","coordinates":[13.034789,46.93966]},"properties":{"w":0.2867}},{"type":"Feature","geometry":{"type":"Point","coordinates":[14.629703,46.932193]},"properties":{"w":0.2919}},{"type":"Feature","geometry":{"type":"Point","coordinates":[14.401041,46.934033]},"properties":{"w":0.3397}},{"type":"Feature","geometry":{"type":"Point","coordinates":[12.61635,46.936399]},"properties":{"w":0.3456}},{"type":"Feature","geometry":{"type":"Point","coordinates":[13.366961,46.938872]},"properties":{"w":0.306}},{"type":"Feature","geometry":{"type":"Point","coordinates":[14.122471,46.936781]},"properties":{"w":0.3393}},{"type":"Feature","geometry":{"type":"Point","coordinates":[14.696112,46.931699]},"properties":{"w":0.4317}},{"type":"Feature","geometry":{"type":"Point","coordinates":[13.352942,46.937668]},"properties":{"w":0.3767}},{"type":"Feature","geometry":{"type":"Point","coordinates":[12.62617,46.933202]},"properties":{"w":0.3115}},{"type":"Feature","geometry":{"type":"Point","coordinates":[14.66253,46.927567]},"properties":{"w":0.3008}},{"type":"Feature","geometry":{"type":"Point","coordinates":[10.577265,46.903391]},"properties":{"w":0.3484}},{"type":"Feature","geometry":{"type":"Point","coordinates":[10.603995,46.903594]},"properties":{"w":0.3044}},{"type":"Feature","geometry":{"type":"Point","coordinates":[14.15751,46.93455]},"properties":{"w":0.4331}},{"type":"Feature","geometry":{"type":"Point","coordinates":[14.068305,46.935687]},"properties":{"w":0.3512}},{"type":"Feature","geometry":{"type":"Point","coordinates":[12.99203,46.933805]},"properties":{"w":0.3973}},{"type":"Feature","geometry":{"type":"Point","coordinates":[12.977053,46.932144]},"properties":{"w":0.3255}},{"type":"Feature","geometry":{"type":"Point","coordinates":[13.958561,46.930123]},"properties":{"w":0.34}},{"type":"Feature","geometry":{"type":"Point","coordinates":[14.026452,46.929875]},"properties":{"w":0.3699}},{"type":"Feature","geometry":{"type":"Point","coordinates":[10.121566,46.899508]},"properties":{"w":0.4454}},{"type":"Feature","geometry":{"type":"Point","coordinates":[10.636817,46.899299]},"properties":{"w":0.2469}},{"type":"Feature","geometry":{"type":"Point","coordinates":[10.615718,46.898587]},"properties":{"w":0.2908}},{"type":"Feature","geometry":{"type":"Point","coordinates":[13.017007,46.930784]},"properties":{"w":0.3449}},{"type":"Feature","geometry":{"type":"Point","coordinates":[14.088457,46.928597]},"properties":{"w":0.3198}},{"type":"Feature","geometry":{"type":"Point","coordinates":[13.972869,46.929296]},"properties":{"w":0.333}},{"type":"Feature","geometry":{"type":"Point","coordinates":[12.973754,46.927912]},"properties":{"w":0.4166}},{"type":"Feature","geometry":{"type":"Point","coordinates":[14.655065,46.921761]},"properties":{"w":0.3828}},{"type":"Feature","geometry":{"type":"Point","coordinates":[12.699357,46.927987]},"properties":{"w":0.4569}},{"type":"Feature","geometry":{"type":"Point","coordinates":[14.635874,46.918968]},"properties":{"w":0.3604}},{"type":"Feature","geometry":{"type":"Point","coordinates":[13.988883,46.924115]},"properties":{"w":0.2766}},{"type":"Feature","geometry":{"type":"Point","coordinates":[15.126395,46.93128]},"properties":{"w":0.7824}},{"type":"Feature","geometry":{"type":"Point","coordinates":[14.097293,46.931345]},"properties":{"w":0.5684}},{"type":"Feature","geometry":{"type":"Point","coordinates":[13.469253,46.928034]},"properties":{"w":0.3124}},{"type":"Feature","geometry":{"type":"Point","coordinates":[13.942243,46.928233]},"properties":{"w":0.4066}},{"type":"Feature","geometry":{"type":"Point","coordinates":[13.959077,46.922167]},"properties":{"w":0.3342}},{"type":"Feature","geometry":{"type":"Point","coordinates":[10.736215,46.900441]},"properties":{"w":0.4325}},{"type":"Feature","geometry":{"type":"Point","coordinates":[13.999051,46.927184]},"properties":{"w":0.4913}},{"type":"Feature","geometry":{"type":"Point","coordinates":[14.176131,46.923657]},"properties":{"w":0.3931}},{"type":"Feature","geometry":{"type":"Point","coordinates":[14.101204,46.922359]},"properties":{"w":0.3049}},{"type":"Feature","geometry":{"type":"Point","coordinates":[10.197019,46.882938]},"properties":{"w":0.4718}},{"type":"Feature","geometry":{"type":"Point","coordinates":[14.020206,46.92074]},"properties":{"w":0.2867}},{"type":"Feature","geometry":{"type":"Point","coordinates":[13.444966,46.924655]},"properties":{"w":0.3491}},{"type":"Feature","geometry":{"type":"Point","coordinates":[14.955309,46.910214]},"properties":{"w":0.3162}},{"type":"Feature","geometry":{"type":"Point","coordinates":[13.977888,46.918527]},"properties":{"w":0.2896}},{"type":"Feature","geometry":{"type":"Point","coordinates":[14.651707,46.912438]},"properties":{"w":0.2959}},{"type":"Feature","geometry":{"type":"Point","coordinates":[10.640888,46.889933]},"properties":{"w":0.2535}},{"type":"Feature","geometry":{"type":"Point","coordinates":[14.150371,46.919159]},"properties":{"w":0.3423}},{"type":"Feature","geometry":{"type":"Point","coordinates":[14.643487,46.912321]},"properties":{"w":0.2867}},{"type":"Feature","geometry":{"type":"Point","coordinates":[10.177648,46.914495]},"properties":{"w":0.5768}},{"type":"Feature","geometry":{"type":"Point","coordinates":[14.004993,46.923059]},"properties":{"w":0.4934}},{"type":"Feature","geometry":{"type":"Point","coordinates":[14.690431,46.916015]},"properties":{"w":0.4984}},{"type":"Feature","geometry":{"type":"Point","coordinates":[14.209091,46.91867]},"properties":{"w":0.453}},{"type":"Feature","geometry":{"type":"Point","coordinates":[13.021223,46.919089]},"properties":{"w":0.3595}},{"type":"Feature","geometry":{"type":"Point","coordinates":[15.056631,46.919059]},"properties":{"w":0.7481}},{"type":"Feature","geometry":{"type":"Point","coordinates":[14.711293,46.914209]},"properties":{"w":0.363}},{"type":"Feature","geometry":{"type":"Point","coordinates":[10.724572,46.887662]},"properties":{"w":0.3198}},{"type":"Feature","geometry":{"type":"Point","coordinates":[13.485298,46.91873]},"properties":{"w":0.3556}},{"type":"Feature","geometry":{"type":"Point","coordinates":[12.455575,46.915762]},"properties":{"w":0.4637}},{"type":"Feature","geometry":{"type":"Point","coordinates":[10.067913,46.882549]},"properties":{"w":0.5059}},{"type":"Feature","geometry":{"type":"Point","coordinates":[13.913982,46.927076]},"properties":{"w":0.5474}},{"type":"Feature","geometry":{"type":"Point","coordinates":[13.292341,46.913726]},"properties":{"w":0.2829}},{"type":"Feature","geometry":{"type":"Point","coordinates":[10.101668,46.881436]},"properties":{"w":0.4766}},{"type":"Feature","geometry":{"type":"Point","coordinates":[13.990118,46.911743]},"properties":{"w":0.3745}},{"type":"Feature","geometry":{"type":"Point","coordinates":[14.690973,46.904819]},"properties":{"w":0.3884}},{"type":"Feature","geometry":{"type":"Point","coordinates":[14.134296,46.914791]},"properties":{"w":0.3943}},{"type":"Feature","geometry":{"type":"Point","coordinates":[14.969833,46.90143]},"properties":{"w":0.4228}},{"type":"Feature","geometry":{"type":"Point","coordinates":[10.113343,46.86574]},"properties":{"w":0.2914}},{"type":"Feature","geometry":{"type":"Point","coordinates":[13.499473,46.913693]},"properties":{"w":0.4537}},{"type":"Feature","geometry":{"type":"Point","coordinates":[10.163389,46.868468]},"properties":{"w":0.3675}},{"type":"Feature","geometry":{"type":"Point","coordinates":[12.260781,46.90476]},"properties":{"w":0.2942}},{"type":"Feature","geometry":{"type":"Point","coordinates":[14.70963,46.903765]},"properties":{"w":0.369}},{"type":"Feature","geometry":{"type":"Point","coordinates":[12.98998,46.910591]},"properties":{"w":0.4093}},{"type":"Feature","geometry":{"type":"Point","coordinates":[12.570493,46.905623]},"properties":{"w":0.4529}},{"type":"Feature","geometry":{"type":"Point","coordinates":[12.443855,46.906966]},"properties":{"w":0.3378}},{"type":"Feature","geometry":{"type":"Point","coordinates":[10.708884,46.878341]},"properties":{"w":0.4066}},{"type":"Feature","geometry":{"type":"Point","coordinates":[13.477631,46.908687]},"properties":{"w":0.3238}},{"type":"Feature","geometry":{"type":"Point","coordinates":[13.832772,46.90754]},"properties":{"w":0.3216}},{"type":"Feature","geometry":{"type":"Point","coordinates":[13.89775,46.9076]},"properties":{"w":0.2842}},{"type":"Feature","geometry":{"type":"Point","coordinates":[13.134863,46.908084]},"properties":{"w":0.307}},{"type":"Feature","geometry":{"type":"Point","coordinates":[14.966434,46.893674]},"properties":{"w":0.2772}},{"type":"Feature","geometry":{"type":"Point","coordinates":[10.593565,46.902143]},"properties":{"w":0.5347}},{"type":"Feature","geometry":{"type":"Point","coordinates":[14.699625,46.897165]},"properties":{"w":0.3234}},{"type":"Feature","geometry":{"type":"Point","coordinates":[14.473089,46.904681]},"properties":{"w":0.4814}},{"type":"Feature","geometry":{"type":"Point","coordinates":[14.166442,46.903524]},"properties":{"w":0.3745}},{"type":"Feature","geometry":{"type":"Point","coordinates":[12.206777,46.896748]},"properties":{"w":0.2919}},{"type":"Feature","geometry":{"type":"Point","coordinates":[16.122575,46.874791]},"properties":{"w":0.5384}},{"type":"Feature","geometry":{"type":"Point","coordinates":[13.379033,46.903164]},"properties":{"w":0.3133}},{"type":"Feature","geometry":{"type":"Point","coordinates":[14.017845,46.902861]},"properties":{"w":0.3171}},{"type":"Feature","geometry":{"type":"Point","coordinates":[12.530341,46.905152]},"properties":{"w":0.4057}},{"type":"Feature","geometry":{"type":"Point","coordinates":[10.481255,46.871808]},"properties":{"w":0.5675}},{"type":"Feature","geometry":{"type":"Point","coordinates":[14.680374,46.893319]},"properties":{"w":0.2867}},{"type":"Feature","geometry":{"type":"Point","coordinates":[13.713875,46.901959]},"properties":{"w":0.3675}},{"type":"Feature","geometry":{"type":"Point","coordinates":[14.594872,46.900167]},"properties":{"w":0.6053}},{"type":"Feature","geometry":{"type":"Point","coordinates":[12.450376,46.901677]},"properties":{"w":0.3334}},{"type":"Feature","geometry":{"type":"Point","coordinates":[13.400177,46.900676]},"properties":{"w":0.319}},{"type":"Feature","geometry":{"type":"Point","coordinates":[10.493332,46.863902]},"properties":{"w":0.3498}},{"type":"Feature","geometry":{"type":"Point","coordinates":[14.039689,46.905578]},"properties":{"w":0.5157}},{"type":"Feature","geometry":{"type":"Point","coordinates":[12.731403,46.900716]},"properties":{"w":0.3842}},{"type":"Feature","geometry":{"type":"Point","coordinates":[10.47236,46.861941]},"properties":{"w":0.3119}},{"type":"Feature","geometry":{"type":"Point","coordinates":[13.389976,46.898085]},"properties":{"w":0.3044}},{"type":"Feature","geometry":{"type":"Point","coordinates":[12.719806,46.898186]},"properties":{"w":0.4385}},{"type":"Feature","geometry":{"type":"Point","coordinates":[12.472628,46.894664]},"properties":{"w":0.3302}},{"type":"Feature","geometry":{"type":"Point","coordinates":[12.484272,46.895677]},"properties":{"w":0.3198}},{"type":"Feature","geometry":{"type":"Point","coordinates":[13.367774,46.896063]},"properties":{"w":0.2805}},{"type":"Feature","geometry":{"type":"Point","coordinates":[14.239741,46.892663]},"properties":{"w":0.3821}},{"type":"Feature","geometry":{"type":"Point","coordinates":[12.37335,46.890976]},"properties":{"w":0.3959}},{"type":"Feature","geometry":{"type":"Point","coordinates":[15.15757,46.890043]},"properties":{"w":0.6764}},{"type":"Feature","geometry":{"type":"Point","coordinates":[12.622719,46.893547]},"properties":{"w":0.2976}},{"type":"Feature","geometry":{"type":"Point","coordinates":[12.393515,46.893428]},"properties":{"w":0.3397}},{"type":"Feature","geometry":{"type":"Point","coordinates":[12.261202,46.89275]},"properties":{"w":0.342}},{"type":"Feature","geometry":{"type":"Point","coordinates":[15.048434,46.883421]},"properties":{"w":0.5046}},{"type":"Feature","geometry":{"type":"Point","coordinates":[10.486139,46.858167]},"properties":{"w":0.3019}},{"type":"Feature","geometry":{"type":"Point","coordinates":[10.57775,46.860997]},"properties":{"w":0.3666}},{"type":"Feature","geometry":{"type":"Point","coordinates":[13.34746,46.89261]},"properties":{"w":0.2937}},{"type":"Feature","geometry":{"type":"Point","coordinates":[13.392343,46.891709]},"properties":{"w":0.4741}},{"type":"Feature","geometry":{"type":"Point","coordinates":[12.613865,46.890271]},"properties":{"w":0.4684}},{"type":"Feature","geometry":{"type":"Point","coordinates":[12.800786,46.896889]},"properties":{"w":0.4312}},{"type":"Feature","geometry":{"type":"Point","coordinates":[10.553166,46.856689]},"properties":{"w":0.4414}},{"type":"Feature","geometry":{"type":"Point","coordinates":[14.132327,46.892319]},"properties":{"w":0.4068}},{"type":"Feature","geometry":{"type":"Point","coordinates":[13.963865,46.888494]},"properties":{"w":0.3298}},{"type":"Feature","geometry":{"type":"Point","coordinates":[12.564486,46.89055]},"properties":{"w":0.3264}},{"type":"Feature","geometry":{"type":"Point","coordinates":[12.769047,46.889964]},"properties":{"w":0.4726}},{"type":"Feature","geometry":{"type":"Point","coordinates":[13.168526,46.887551]},"properties":{"w":0.2959}},{"type":"Feature","geometry":{"type":"Point","coordinates":[13.408158,46.889902]},"properties":{"w":0.2959}},{"type":"Feature","geometry":{"type":"Point","coordinates":[13.565342,46.893143]},"properties":{"w":0.469}},{"type":"Feature","geometry":{"type":"Point","coordinates":[13.203689,46.886428]},"properties":{"w":0.3085}},{"type":"Feature","geometry":{"type":"Point","coordinates":[13.914055,46.887945]},"properties":{"w":0.3875}},{"type":"Feature","geometry":{"type":"Point","coordinates":[14.18563,46.884437]},"properties":{"w":0.3831}},{"type":"Feature","geometry":{"type":"Point","coordinates":[15.039163,46.873688]},"properties":{"w":0.4322}},{"type":"Feature","geometry":{"type":"Point","coordinates":[10.528315,46.848434]},"properties":{"w":0.2919}},{"type":"Feature","geometry":{"type":"Point","coordinates":[13.994388,46.88694]},"properties":{"w":0.4544}},{"type":"Feature","geometry":{"type":"Point","coordinates":[14.179287,46.880324]},"properties":{"w":0.3124}},{"type":"Feature","geometry":{"type":"Point","coordinates":[13.935998,46.884319]},"properties":{"w":0.4036}},{"type":"Feature","geometry":{"type":"Point","coordinates":[13.964993,46.880759]},"properties":{"w":0.3397}},{"type":"Feature","geometry":{"type":"Point","coordinates":[13.972744,46.880091]},"properties":{"w":0.289}},{"type":"Feature","geometry":{"type":"Point","coordinates":[12.91793,46.880615]},"properties":{"w":0.3143}},{"type":"Feature","geometry":{"type":"Point","coordinates":[14.395785,46.88256]},"properties":{"w":0.6065}},{"type":"Feature","geometry":{"type":"Point","coordinates":[14.660984,46.871868]},"properties":{"w":0.2867}},{"type":"Feature","geometry":{"type":"Point","coordinates":[12.782894,46.880302]},"properties":{"w":0.3212}},{"type":"Feature","geometry":{"type":"Point","coordinates":[15.047162,46.866971]},"properties":{"w":0.3008}},{"type":"Feature","geometry":{"type":"Point","coordinates":[12.907434,46.878606]},"properties":{"w":0.3034}},{"type":"Feature","geometry":{"type":"Point","coordinates":[13.957019,46.876465]},"properties":{"w":0.3044}},{"type":"Feature","geometry":{"type":"Point","coordinates":[15.040253,46.868219]},"properties":{"w":0.4352}},{"type":"Feature","geometry":{"type":"Point","coordinates":[13.41651,46.879295]},"properties":{"w":0.2919}},{"type":"Feature","geometry":{"type":"Point","coordinates":[12.793605,46.875243]},"properties":{"w":0.3044}},{"type":"Feature","geometry":{"type":"Point","coordinates":[15.070819,46.867044]},"properties":{"w":0.3633}},{"type":"Feature","geometry":{"type":"Point","coordinates":[14.070837,46.876591]},"properties":{"w":0.3897}},{"type":"Feature","geometry":{"type":"Point","coordinates":[12.540818,46.870675]},"properties":{"w":0.3268}},{"type":"Feature","geometry":{"type":"Point","coordinates":[14.0791,46.876717]},"properties":{"w":0.522}},{"type":"Feature","geometry":{"type":"Point","coordinates":[14.667919,46.875189]},"properties":{"w":0.5542}},{"type":"Feature","geometry":{"type":"Point","coordinates":[12.456333,46.869588]},"properties":{"w":0.3397}},{"type":"Feature","geometry":{"type":"Point","coordinates":[14.695497,46.864552]},"properties":{"w":0.3412}},{"type":"Feature","geometry":{"type":"Point","coordinates":[13.915418,46.871211]},"properties":{"w":0.453}},{"type":"Feature","geometry":{"type":"Point","coordinates":[13.453951,46.869652]},"properties":{"w":0.2867}},{"type":"Feature","geometry":{"type":"Point","coordinates":[13.907934,46.874035]},"properties":{"w":0.3914}},{"type":"Feature","geometry":{"type":"Point","coordinates":[13.932746,46.871599]},"properties":{"w":0.4083}},{"type":"Feature","geometry":{"type":"Point","coordinates":[13.569844,46.872186]},"properties":{"w":0.3474}},{"type":"Feature","geometry":{"type":"Point","coordinates":[14.651816,46.862109]},"properties":{"w":0.3996}},{"type":"Feature","geometry":{"type":"Point","coordinates":[12.411314,46.866068]},"properties":{"w":0.4057}},{"type":"Feature","geometry":{"type":"Point","coordinates":[13.478014,46.868072]},"properties":{"w":0.4047}},{"type":"Feature","geometry":{"type":"Point","coordinates":[12.441743,46.864639]},"properties":{"w":0.2786}},{"type":"Feature","geometry":{"type":"Point","coordinates":[13.426989,46.868393]},"properties":{"w":0.323}},{"type":"Feature","geometry":{"type":"Point","coordinates":[14.300273,46.862193]},"properties":{"w":0.4332}},{"type":"Feature","geometry":{"type":"Point","coordinates":[13.043511,46.863943]},"properties":{"w":0.3044}},{"type":"Feature","geometry":{"type":"Point","coordinates":[12.296864,46.85919]},"properties":{"w":0.3415}},{"type":"Feature","geometry":{"type":"Point","coordinates":[12.528832,46.85977]},"properties":{"w":0.3648}},{"type":"Feature","geometry":{"type":"Point","coordinates":[13.967248,46.871316]},"properties":{"w":0.5529}},{"type":"Feature","geometry":{"type":"Point","coordinates":[14.692606,46.853086]},"properties":{"w":0.3044}},{"type":"Feature","geometry":{"type":"Point","coordinates":[12.842331,46.864563]},"properties":{"w":0.3636}},{"type":"Feature","geometry":{"type":"Point","coordinates":[13.120616,46.861832]},"properties":{"w":0.3044}},{"type":"Feature","geometry":{"type":"Point","coordinates":[13.526641,46.861623]},"properties":{"w":0.3427}},{"type":"Feature","geometry":{"type":"Point","coordinates":[13.424056,46.860794]},"properties":{"w":0.3456}},{"type":"Feature","geometry":{"type":"Point","coordinates":[12.393789,46.856116]},"properties":{"w":0.4334}},{"type":"Feature","geometry":{"type":"Point","coordinates":[13.324093,46.86084]},"properties":{"w":0.3366}},{"type":"Feature","geometry":{"type":"Point","coordinates":[12.456043,46.856366]},"properties":{"w":0.3276}},{"type":"Feature","geometry":{"type":"Point","coordinates":[13.96655,46.859747]},"properties":{"w":0.4963}},{"type":"Feature","geometry":{"type":"Point","coordinates":[12.549315,46.853361]},"properties":{"w":0.2997}},{"type":"Feature","geometry":{"type":"Point","coordinates":[13.864971,46.857196]},"properties":{"w":0.4803}},{"type":"Feature","geometry":{"type":"Point","coordinates":[12.573549,46.851981]},"properties":{"w":0.3198}},{"type":"Feature","geometry":{"type":"Point","coordinates":[12.586417,46.852062]},"properties":{"w":0.3124}},{"type":"Feature","geometry":{"type":"Point","coordinates":[13.598065,46.851458]},"properties":{"w":0.2766}},{"type":"Feature","geometry":{"type":"Point","coordinates":[13.04435,46.853359]},"properties":{"w":0.3666}},{"type":"Feature","geometry":{"type":"Point","coordinates":[14.105894,46.851777]},"properties":{"w":0.3725}},{"type":"Feature","geometry":{"type":"Point","coordinates":[14.249128,46.848461]},"properties":{"w":0.3566}},{"type":"Feature","geometry":{"type":"Point","coordinates":[13.110652,46.850123]},"properties":{"w":0.2811}},{"type":"Feature","geometry":{"type":"Point","coordinates":[12.51119,46.848774]},"properties":{"w":0.3268}},{"type":"Feature","geometry":{"type":"Point","coordinates":[12.433596,46.846158]},"properties":{"w":0.2867}},{"type":"Feature","geometry":{"type":"Point","coordinates":[13.020159,46.851276]},"properties":{"w":0.5029}},{"type":"Feature","geometry":{"type":"Point","coordinates":[13.157711,46.850086]},"properties":{"w":0.4325}},{"type":"Feature","geometry":{"type":"Point","coordinates":[15.069329,46.834897]},"properties":{"w":0.2959}},{"type":"Feature","geometry":{"type":"Point","coordinates":[15.020679,46.873416]},"properties":{"w":0.8754}},{"type":"Feature","geometry":{"type":"Point","coordinates":[13.965764,46.846108]},"properties":{"w":0.3216}},{"type":"Feature","geometry":{"type":"Point","coordinates":[13.625442,46.846069]},"properties":{"w":0.3327}},{"type":"Feature","geometry":{"type":"Point","coordinates":[13.034512,46.846144]},"properties":{"w":0.3334}},{"type":"Feature","geometry":{"type":"Point","coordinates":[13.591959,46.846196]},"properties":{"w":0.2867}},{"type":"Feature","geometry":{"type":"Point","coordinates":[13.94962,46.845386]},"properties":{"w":0.3909}},{"type":"Feature","geometry":{"type":"Point","coordinates":[13.940798,46.84428]},"properties":{"w":0.3526}},{"type":"Feature","geometry":{"type":"Point","coordinates":[12.518161,46.841575]},"properties":{"w":0.4108}},{"type":"Feature","geometry":{"type":"Point","coordinates":[12.878936,46.842712]},"properties":{"w":0.4295}},{"type":"Feature","geometry":{"type":"Point","coordinates":[13.265128,46.842867]},"properties":{"w":0.3124}},{"type":"Feature","geometry":{"type":"Point","coordinates":[12.362816,46.837348]},"properties":{"w":0.3198}},{"type":"Feature","geometry":{"type":"Point","coordinates":[12.562471,46.838605]},"properties":{"w":0.2867}},{"type":"Feature","geometry":{"type":"Point","coordinates":[13.252321,46.84138]},"properties":{"w":0.3268}},{"type":"Feature","geometry":{"type":"Point","coordinates":[12.605505,46.841778]},"properties":{"w":0.2908}},{"type":"Feature","geometry":{"type":"Point","coordinates":[13.582851,46.849505]},"properties":{"w":0.4059}},{"type":"Feature","geometry":{"type":"Point","coordinates":[12.419203,46.83729]},"properties":{"w":0.2867}},{"type":"Feature","geometry":{"type":"Point","coordinates":[12.332804,46.842559]},"properties":{"w":0.3862}},{"type":"Feature","geometry":{"type":"Point","coordinates":[13.630527,46.839771]},"properties":{"w":0.2766}},{"type":"Feature","geometry":{"type":"Point","coordinates":[12.407671,46.835281]},"properties":{"w":0.3366}},{"type":"Feature","geometry":{"type":"Point","coordinates":[12.468174,46.839568]},"properties":{"w":0.3957}},{"type":"Feature","geometry":{"type":"Point","coordinates":[13.084755,46.839467]},"properties":{"w":0.3495}},{"type":"Feature","geometry":{"type":"Point","coordinates":[13.63939,46.838034]},"properties":{"w":0.335}},{"type":"Feature","geometry":{"type":"Point","coordinates":[12.642817,46.836657]},"properties":{"w":0.308}},{"type":"Feature","geometry":{"type":"Point","coordinates":[14.697977,46.830849]},"properties":{"w":0.3867}},{"type":"Feature","geometry":{"type":"Point","coordinates":[14.989914,46.836419]},"properties":{"w":0.5233}},{"type":"Feature","geometry":{"type":"Point","coordinates":[14.950567,46.826203]},"properties":{"w":0.2885}},{"type":"Feature","geometry":{"type":"Point","coordinates":[13.15887,46.83738]},"properties":{"w":0.3872}},{"type":"Feature","geometry":{"type":"Point","coordinates":[13.099902,46.837308]},"properties":{"w":0.4331}},{"type":"Feature","geometry":{"type":"Point","coordinates":[13.306789,46.836317]},"properties":{"w":0.4494}},{"type":"Feature","geometry":{"type":"Point","coordinates":[14.703583,46.826452]},"properties":{"w":0.3049}},{"type":"Feature","geometry":{"type":"Point","coordinates":[12.535965,46.836193]},"properties":{"w":0.3404}},{"type":"Feature","geometry":{"type":"Point","coordinates":[13.167818,46.834613]},"properties":{"w":0.2959}},{"type":"Feature","geometry":{"type":"Point","coordinates":[15.031288,46.824374]},"properties":{"w":0.5781}},{"type":"Feature","geometry":{"type":"Point","coordinates":[13.084384,46.832629]},"properties":{"w":0.2861}},{"type":"Feature","geometry":{"type":"Point","coordinates":[13.640889,46.832357]},"properties":{"w":0.2997}},{"type":"Feature","geometry":{"type":"Point","coordinates":[14.69565,46.824054]},"properties":{"w":0.3498}},{"type":"Feature","geometry":{"type":"Point","coordinates":[13.905623,46.834934]},"properties":{"w":0.5543}},{"type":"Feature","geometry":{"type":"Point","coordinates":[13.122323,46.832604]},"properties":{"w":0.4573}},{"type":"Feature","geometry":{"type":"Point","coordinates":[14.192799,46.82999]},"properties":{"w":0.4727}},{"type":"Feature","geometry":{"type":"Point","coordinates":[14.957477,46.817592]},"properties":{"w":0.3484}},{"type":"Feature","geometry":{"type":"Point","coordinates":[13.263578,46.829883]},"properties":{"w":0.4239}},{"type":"Feature","geometry":{"type":"Point","coordinates":[12.416193,46.825731]},"properties":{"w":0.4432}},{"type":"Feature","geometry":{"type":"Point","coordinates":[13.066871,46.831624]},"properties":{"w":0.3666}},{"type":"Feature","geometry":{"type":"Point","coordinates":[13.88766,46.829573]},"properties":{"w":0.4255}},{"type":"Feature","geometry":{"type":"Point","coordinates":[14.985643,46.81552]},"properties":{"w":0.3867}},{"type":"Feature","geometry":{"type":"Point","coordinates":[15.989223,46.798256]},"properties":{"w":0.4527}},{"type":"Feature","geometry":{"type":"Point","coordinates":[12.900979,46.823779]},"properties":{"w":0.3198}},{"type":"Feature","geometry":{"type":"Point","coordinates":[13.016002,46.824269]},"properties":{"w":0.3576}},{"type":"Feature","geometry":{"type":"Point","coordinates":[13.025077,46.825099]},"properties":{"w":0.274}},{"type":"Feature","geometry":{"type":"Point","coordinates":[13.60756,46.824833]},"properties":{"w":0.2829}},{"type":"Feature","geometry":{"type":"Point","coordinates":[13.951041,46.827611]},"properties":{"w":0.4031}},{"type":"Feature","geometry":{"type":"Point","coordinates":[14.698038,46.818495]},"properties":{"w":0.4779}},{"type":"Feature","geometry":{"type":"Point","coordinates":[13.179858,46.825046]},"properties":{"w":0.375}},{"type":"Feature","geometry":{"type":"Point","coordinates":[13.971217,46.823311]},"properties":{"w":0.306}},{"type":"Feature","geometry":{"type":"Point","coordinates":[14.675334,46.815259]},"properties":{"w":0.3049}},{"type":"Feature","geometry":{"type":"Point","coordinates":[13.629027,46.836038]},"properties":{"w":0.5209}},{"type":"Feature","geometry":{"type":"Point","coordinates":[13.964051,46.822965]},"properties":{"w":0.4492}},{"type":"Feature","geometry":{"type":"Point","coordinates":[14.973019,46.811499]},"properties":{"w":0.4717}},{"type":"Feature","geometry":{"type":"Point","coordinates":[12.594566,46.820031]},"properties":{"w":0.4673}},{"type":"Feature","geometry":{"type":"Point","coordinates":[13.081325,46.823976]},"properties":{"w":0.5419}},{"type":"Feature","geometry":{"type":"Point","coordinates":[13.004882,46.82034]},"properties":{"w":0.3815}},{"type":"Feature","geometry":{"type":"Point","coordinates":[14.651176,46.866449]},"properties":{"w":0.8693}},{"type":"Feature","geometry":{"type":"Point","coordinates":[12.674349,46.824596]},"properties":{"w":0.5936}},{"type":"Feature","geometry":{"type":"Point","coordinates":[12.88363,46.818525]},"properties":{"w":0.2872}},{"type":"Feature","geometry":{"type":"Point","coordinates":[13.244847,46.822164]},"properties":{"w":0.3512}},{"type":"Feature","geometry":{"type":"Point","coordinates":[15.029331,46.804154]},"properties":{"w":0.3124}},{"type":"Feature","geometry":{"type":"Point","coordinates":[14.62948,46.811189]},"properties":{"w":0.369}},{"type":"Feature","geometry":{"type":"Point","coordinates":[13.375806,46.81636]},"properties":{"w":0.3589}},{"type":"Feature","geometry":{"type":"Point","coordinates":[12.922078,46.816429]},"properties":{"w":0.3044}},{"type":"Feature","geometry":{"type":"Point","coordinates":[13.92539,46.829382]},"properties":{"w":0.6849}},{"type":"Feature","geometry":{"type":"Point","coordinates":[14.676009,46.806676]},"properties":{"w":0.3456}},{"type":"Feature","geometry":{"type":"Point","coordinates":[14.318639,46.812077]},"properties":{"w":0.4984}},{"type":"Feature","geometry":{"type":"Point","coordinates":[13.975502,46.815307]},"properties":{"w":0.2872}},{"type":"Feature","geometry":{"type":"Point","coordinates":[13.13507,46.823072]},"properties":{"w":0.5742}},{"type":"Feature","geometry":{"type":"Point","coordinates":[13.026534,46.813615]},"properties":{"w":0.3693}},{"type":"Feature","geometry":{"type":"Point","coordinates":[13.264453,46.814995]},"properties":{"w":0.3198}},{"type":"Feature","geometry":{"type":"Point","coordinates":[12.982601,46.815454]},"properties":{"w":0.465}},{"type":"Feature","geometry":{"type":"Point","coordinates":[15.042191,46.809394]},"properties":{"w":0.6866}},{"type":"Feature","geometry":{"type":"Point","coordinates":[13.036998,46.813161]},"properties":{"w":0.3598}},{"type":"Feature","geometry":{"type":"Point","coordinates":[13.137614,46.812935]},"properties":{"w":0.2867}},{"type":"Feature","geometry":{"type":"Point","coordinates":[13.146581,46.812931]},"properties":{"w":0.3807}},{"type":"Feature","geometry":{"type":"Point","coordinates":[12.662249,46.809064]},"properties":{"w":0.3759}},{"type":"Feature","geometry":{"type":"Point","coordinates":[12.994343,46.810134]},"properties":{"w":0.2948}},{"type":"Feature","geometry":{"type":"Point","coordinates":[14.087356,46.808411]},"properties":{"w":0.3761}},{"type":"Feature","geometry":{"type":"Point","coordinates":[14.107918,46.809434]},"properties":{"w":0.3438}},{"type":"Feature","geometry":{"type":"Point","coordinates":[13.221198,46.814769]},"properties":{"w":0.3759}},{"type":"Feature","geometry":{"type":"Point","coordinates":[12.55777,46.8159]},"properties":{"w":0.4446}},{"type":"Feature","geometry":{"type":"Point","coordinates":[13.021176,46.809051]},"properties":{"w":0.3434}},{"type":"Feature","geometry":{"type":"Point","coordinates":[14.06218,46.808536]},"properties":{"w":0.3598}},{"type":"Feature","geometry":{"type":"Point","coordinates":[14.662352,46.804941]},"properties":{"w":0.4782}},{"type":"Feature","geometry":{"type":"Point","coordinates":[12.603594,46.809272]},"properties":{"w":0.4672}},{"type":"Feature","geometry":{"type":"Point","coordinates":[15.076065,46.794622]},"properties":{"w":0.3044}},{"type":"Feature","geometry":{"type":"Point","coordinates":[12.525872,46.805271]},"properties":{"w":0.4005}},{"type":"Feature","geometry":{"type":"Point","coordinates":[12.962995,46.806551]},"properties":{"w":0.3115}},{"type":"Feature","geometry":{"type":"Point","coordinates":[13.212606,46.807737]},"properties":{"w":0.4031}},{"type":"Feature","geometry":{"type":"Point","coordinates":[14.692788,46.80251]},"properties":{"w":0.4941}},{"type":"Feature","geometry":{"type":"Point","coordinates":[13.055924,46.810997]},"properties":{"w":0.4642}},{"type":"Feature","geometry":{"type":"Point","coordinates":[13.258809,46.808029]},"properties":{"w":0.3124}},{"type":"Feature","geometry":{"type":"Point","coordinates":[12.614572,46.803505]},"properties":{"w":0.3124}},{"type":"Feature","geometry":{"type":"Point","coordinates":[13.111412,46.809405]},"properties":{"w":0.3546}},{"type":"Feature","geometry":{"type":"Point","coordinates":[13.171482,46.81018]},"properties":{"w":0.3756}},{"type":"Feature","geometry":{"type":"Point","coordinates":[12.544767,46.801127]},"properties":{"w":0.3666}},{"type":"Feature","geometry":{"type":"Point","coordinates":[13.051094,46.803526]},"properties":{"w":0.3334}},{"type":"Feature","geometry":{"type":"Point","coordinates":[12.505544,46.800801]},"properties":{"w":0.3884}},{"type":"Feature","geometry":{"type":"Point","coordinates":[12.988287,46.801233]},"properties":{"w":0.3334}},{"type":"Feature","geometry":{"type":"Point","coordinates":[13.148864,46.801759]},"properties":{"w":0.3608}},{"type":"Feature","geometry":{"type":"Point","coordinates":[14.012464,46.799318]},"properties":{"w":0.3044}},{"type":"Feature","geometry":{"type":"Point","coordinates":[14.023647,46.799503]},"properties":{"w":0.2829}},{"type":"Feature","geometry":{"type":"Point","coordinates":[14.030692,46.798886]},"properties":{"w":0.3109}},{"type":"Feature","geometry":{"type":"Point","coordinates":[14.621777,46.791584]},"properties":{"w":0.3572}},{"type":"Feature","geometry":{"type":"Point","coordinates":[14.227915,46.794995]},"properties":{"w":0.4488}},{"type":"Feature","geometry":{"type":"Point","coordinates":[15.08584,46.784788]},"properties":{"w":0.3484}},{"type":"Feature","geometry":{"type":"Point","coordinates":[13.203947,46.800443]},"properties":{"w":0.3842}},{"type":"Feature","geometry":{"type":"Point","coordinates":[13.393132,46.800316]},"properties":{"w":0.4868}},{"type":"Feature","geometry":{"type":"Point","coordinates":[14.013297,46.794993]},"properties":{"w":0.2976}},{"type":"Feature","geometry":{"type":"Point","coordinates":[15.034439,46.79375]},"properties":{"w":0.6828}},{"type":"Feature","geometry":{"type":"Point","coordinates":[12.333814,46.792975]},"properties":{"w":0.326}},{"type":"Feature","geometry":{"type":"Point","coordinates":[13.655706,46.795665]},"properties":{"w":0.3807}},{"type":"Feature","geometry":{"type":"Point","coordinates":[12.552587,46.793973]},"properties":{"w":0.3334}},{"type":"Feature","geometry":{"type":"Point","coordinates":[13.841109,46.795391]},"properties":{"w":0.3366}},{"type":"Feature","geometry":{"type":"Point","coordinates":[13.275715,46.791448]},"properties":{"w":0.2954}},{"type":"Feature","geometry":{"type":"Point","coordinates":[13.398963,46.790781]},"properties":{"w":0.2959}},{"type":"Feature","geometry":{"type":"Point","coordinates":[13.8814,46.788993]},"properties":{"w":0.3523}},{"type":"Feature","geometry":{"type":"Point","coordinates":[13.855119,46.794227]},"properties":{"w":0.3559}},{"type":"Feature","geometry":{"type":"Point","coordinates":[15.987463,46.7615]},"properties":{"w":0.3207}},{"type":"Feature","geometry":{"type":"Point","coordinates":[13.541443,46.795052]},"properties":{"w":0.5971}},{"type":"Feature","geometry":{"type":"Point","coordinates":[12.303888,46.784229]},"properties":{"w":0.209}},{"type":"Feature","geometry":{"type":"Point","coordinates":[12.481361,46.789787]},"properties":{"w":0.3884}},{"type":"Feature","geometry":{"type":"Point","coordinates":[13.30218,46.794393]},"properties":{"w":0.4034}},{"type":"Feature","geometry":{"type":"Point","coordinates":[13.983846,46.798138]},"properties":{"w":0.7}},{"type":"Feature","geometry":{"type":"Point","coordinates":[12.884448,46.787604]},"properties":{"w":0.3719}},{"type":"Feature","geometry":{"type":"Point","coordinates":[14.982492,46.779082]},"properties":{"w":0.6102}},{"type":"Feature","geometry":{"type":"Point","coordinates":[13.409134,46.788748]},"properties":{"w":0.3381}},{"type":"Feature","geometry":{"type":"Point","coordinates":[12.384502,46.785621]},"properties":{"w":0.3397}},{"type":"Feature","geometry":{"type":"Point","coordinates":[13.141263,46.787097]},"properties":{"w":0.333}},{"type":"Feature","geometry":{"type":"Point","coordinates":[13.838865,46.787711]},"properties":{"w":0.3884}},{"type":"Feature","geometry":{"type":"Point","coordinates":[13.086441,46.78534]},"properties":{"w":0.2981}},{"type":"Feature","geometry":{"type":"Point","coordinates":[12.397712,46.778877]},"properties":{"w":0.3148}},{"type":"Feature","geometry":{"type":"Point","coordinates":[13.817747,46.781287]},"properties":{"w":0.2817}},{"type":"Feature","geometry":{"type":"Point","coordinates":[13.12104,46.783064]},"properties":{"w":0.4426}},{"type":"Feature","geometry":{"type":"Point","coordinates":[13.695482,46.780172]},"properties":{"w":0.3124}},{"type":"Feature","geometry":{"type":"Point","coordinates":[13.855667,46.781742]},"properties":{"w":0.4801}},{"type":"Feature","geometry":{"type":"Point","coordinates":[15.058536,46.766756]},"properties":{"w":0.3044}},{"type":"Feature","geometry":{"type":"Point","coordinates":[15.949783,46.748689]},"properties":{"w":0.2786}},{"type":"Feature","geometry":{"type":"Point","coordinates":[14.633176,46.788923]},"properties":{"w":0.7043}},{"type":"Feature","geometry":{"type":"Point","coordinates":[13.06323,46.779687]},"properties":{"w":0.3961}},{"type":"Feature","geometry":{"type":"Point","coordinates":[12.501721,46.774694]},"properties":{"w":0.2867}},{"type":"Feature","geometry":{"type":"Point","coordinates":[13.426385,46.779727]},"properties":{"w":0.4803}},{"type":"Feature","geometry":{"type":"Point","coordinates":[12.463117,46.777635]},"properties":{"w":0.5705}},{"type":"Feature","geometry":{"type":"Point","coordinates":[13.876218,46.772889]},"properties":{"w":0.4189}},{"type":"Feature","geometry":{"type":"Point","coordinates":[12.365487,46.772473]},"properties":{"w":0.5447}},{"type":"Feature","geometry":{"type":"Point","coordinates":[13.797506,46.769122]},"properties":{"w":0.4503}},{"type":"Feature","geometry":{"type":"Point","coordinates":[12.795268,46.765292]},"properties":{"w":0.3759}},{"type":"Feature","geometry":{"type":"Point","coordinates":[12.746343,46.764966]},"properties":{"w":0.3268}},{"type":"Feature","geometry":{"type":"Point","coordinates":[14.626844,46.762076]},"properties":{"w":0.4034}},{"type":"Feature","geometry":{"type":"Point","coordinates":[13.937895,46.764306]},"properties":{"w":0.4991}},{"type":"Feature","geometry":{"type":"Point","coordinates":[15.977851,46.73323]},"properties":{"w":0.4211}},{"type":"Feature","geometry":{"type":"Point","coordinates":[13.89074,46.766805]},"properties":{"w":0.5497}},{"type":"Feature","geometry":{"type":"Point","coordinates":[15.99087,46.731302]},"properties":{"w":0.3926}},{"type":"Feature","geometry":{"type":"Point","coordinates":[13.817711,46.758638]},"properties":{"w":0.2836}},{"type":"Feature","geometry":{"type":"Point","coordinates":[12.611372,46.755138]},"properties":{"w":0.2766}},{"type":"Feature","geometry":{"type":"Point","coordinates":[12.753396,46.755412]},"properties":{"w":0.4051}},{"type":"Feature","geometry":{"type":"Point","coordinates":[12.824352,46.756631]},"properties":{"w":0.3998}},{"type":"Feature","geometry":{"type":"Point","coordinates":[13.945648,46.75694]},"properties":{"w":0.5286}},{"type":"Feature","geometry":{"type":"Point","coordinates":[13.80178,46.755651]},"properties":{"w":0.3185}},{"type":"Feature","geometry":{"type":"Point","coordinates":[12.696451,46.754877]},"properties":{"w":0.3354}},{"type":"Feature","geometry":{"type":"Point","coordinates":[15.055638,46.739137]},"properties":{"w":0.3875}},{"type":"Feature","geometry":{"type":"Point","coordinates":[13.711791,46.75982]},"properties":{"w":0.513}},{"type":"Feature","geometry":{"type":"Point","coordinates":[13.51292,46.744956]},"properties":{"w":0.3415}},{"type":"Feature","geometry":{"type":"Point","coordinates":[13.402757,46.743248]},"properties":{"w":0.3289}},{"type":"Feature","geometry":{"type":"Point","coordinates":[13.438858,46.743306]},"properties":{"w":0.3991}},{"type":"Feature","geometry":{"type":"Point","coordinates":[12.558302,46.738831]},"properties":{"w":0.2861}},{"type":"Feature","geometry":{"type":"Point","coordinates":[13.728298,46.73982]},"properties":{"w":0.3044}},{"type":"Feature","geometry":{"type":"Point","coordinates":[13.378285,46.734509]},"properties":{"w":0.2766}},{"type":"Feature","geometry":{"type":"Point","coordinates":[15.07733,46.721824]},"properties":{"w":0.2867}},{"type":"Feature","geometry":{"type":"Point","coordinates":[15.065249,46.760873]},"properties":{"w":0.8723}},{"type":"Feature","geometry":{"type":"Point","coordinates":[12.609673,46.731833]},"properties":{"w":0.4261}},{"type":"Feature","geometry":{"type":"Point","coordinates":[12.949093,46.731039]},"properties":{"w":0.2942}},{"type":"Feature","geometry":{"type":"Point","coordinates":[12.568484,46.729182]},"properties":{"w":0.3954}},{"type":"Feature","geometry":{"type":"Point","coordinates":[12.59501,46.730107]},"properties":{"w":0.4034}},{"type":"Feature","geometry":{"type":"Point","coordinates":[12.538425,46.728158]},"properties":{"w":0.5337}},{"type":"Feature","geometry":{"type":"Point","coordinates":[12.839325,46.727333]},"properties":{"w":0.3549}},{"type":"Feature","geometry":{"type":"Point","coordinates":[12.882501,46.728119]},"properties":{"w":0.289}},{"type":"Feature","geometry":{"type":"Point","coordinates":[13.733719,46.729254]},"properties":{"w":0.3268}},{"type":"Feature","geometry":{"type":"Point","coordinates":[14.004385,46.727314]},"properties":{"w":0.3987}},{"type":"Feature","geometry":{"type":"Point","coordinates":[12.977283,46.728908]},"properties":{"w":0.4469}},{"type":"Feature","geometry":{"type":"Point","coordinates":[12.687327,46.724803]},"properties":{"w":0.5256}},{"type":"Feature","geometry":{"type":"Point","coordinates":[14.973877,46.711688]},"properties":{"w":0.3306}},{"type":"Feature","geometry":{"type":"Point","coordinates":[14.46662,46.718626]},"properties":{"w":0.3786}},{"type":"Feature","geometry":{"type":"Point","coordinates":[12.656212,46.723926]},"properties":{"w":0.5065}},{"type":"Feature","geometry":{"type":"Point","coordinates":[14.454503,46.714965]},"properties":{"w":0.3185}},{"type":"Feature","geometry":{"type":"Point","coordinates":[12.882116,46.721328]},"properties":{"w":0.3397}},{"type":"Feature","geometry":{"type":"Point","coordinates":[12.730146,46.721406]},"properties":{"w":0.4956}},{"type":"Feature","geometry":{"type":"Point","coordinates":[13.187267,46.717143]},"properties":{"w":0.2959}},{"type":"Feature","geometry":{"type":"Point","coordinates":[13.92021,46.714521]},"properties":{"w":0.2817}},{"type":"Feature","geometry":{"type":"Point","coordinates":[13.447856,46.714488]},"properties":{"w":0.3366}},{"type":"Feature","geometry":{"type":"Point","coordinates":[12.747959,46.717389]},"properties":{"w":0.4759}},{"type":"Feature","geometry":{"type":"Point","coordinates":[12.790387,46.713926]},"properties":{"w":0.4014}},{"type":"Feature","geometry":{"type":"Point","coordinates":[13.204965,46.713763]},"properties":{"w":0.3716}},{"type":"Feature","geometry":{"type":"Point","coordinates":[14.454993,46.709809]},"properties":{"w":0.3867}},{"type":"Feature","geometry":{"type":"Point","coordinates":[12.990523,46.712376]},"properties":{"w":0.2861}},{"type":"Feature","geometry":{"type":"Point","coordinates":[13.505152,46.710817]},"properties":{"w":0.3397}},{"type":"Feature","geometry":{"type":"Point","coordinates":[15.055965,46.699181]},"properties":{"w":0.4266}},{"type":"Feature","geometry":{"type":"Point","coordinates":[13.2196,46.713432]},"properties":{"w":0.3713}},{"type":"Feature","geometry":{"type":"Point","coordinates":[13.006756,46.710588]},"properties":{"w":0.3166}},{"type":"Feature","geometry":{"type":"Point","coordinates":[12.842161,46.710505]},"properties":{"w":0.3139}},{"type":"Feature","geometry":{"type":"Point","coordinates":[15.02042,46.728044]},"properties":{"w":0.8845}},{"type":"Feature","geometry":{"type":"Point","coordinates":[12.857991,46.709574]},"properties":{"w":0.4095}},{"type":"Feature","geometry":{"type":"Point","coordinates":[13.173633,46.710172]},"properties":{"w":0.4851}},{"type":"Feature","geometry":{"type":"Point","coordinates":[13.052132,46.708603]},"properties":{"w":0.3989}},{"type":"Feature","geometry":{"type":"Point","coordinates":[13.904212,46.708725]},"properties":{"w":0.3556}},{"type":"Feature","geometry":{"type":"Point","coordinates":[13.925692,46.711092]},"properties":{"w":0.3756}},{"type":"Feature","geometry":{"type":"Point","coordinates":[13.7459,46.712117]},"properties":{"w":0.4806}},{"type":"Feature","geometry":{"type":"Point","coordinates":[13.915851,46.705394]},"properties":{"w":0.3268}},{"type":"Feature","geometry":{"type":"Point","coordinates":[12.895183,46.709272]},"properties":{"w":0.3393}},{"type":"Feature","geometry":{"type":"Point","coordinates":[12.508861,46.704224]},"properties":{"w":0.2766}},{"type":"Feature","geometry":{"type":"Point","coordinates":[12.881634,46.704476]},"properties":{"w":0.2986}},{"type":"Feature","geometry":{"type":"Point","coordinates":[13.496013,46.704002]},"properties":{"w":0.3334}},{"type":"Feature","geometry":{"type":"Point","coordinates":[13.964873,46.713929]},"properties":{"w":0.5994}},{"type":"Feature","geometry":{"type":"Point","coordinates":[12.919931,46.701675]},"properties":{"w":0.3684}},{"type":"Feature","geometry":{"type":"Point","coordinates":[12.866103,46.702926]},"properties":{"w":0.4464}},{"type":"Feature","geometry":{"type":"Point","coordinates":[15.027433,46.692372]},"properties":{"w":0.4859}},{"type":"Feature","geometry":{"type":"Point","coordinates":[13.861091,46.702514]},"properties":{"w":0.461}},{"type":"Feature","geometry":{"type":"Point","coordinates":[12.930966,46.699499]},"properties":{"w":0.2842}},{"type":"Feature","geometry":{"type":"Point","coordinates":[13.780053,46.695408]},"properties":{"w":0.3434}},{"type":"Feature","geometry":{"type":"Point","coordinates":[15.039303,46.686934]},"properties":{"w":0.4359}},{"type":"Feature","geometry":{"type":"Point","coordinates":[12.440155,46.69146]},"properties":{"w":0.2078}},{"type":"Feature","geometry":{"type":"Point","coordinates":[13.07739,46.695101]},"properties":{"w":0.4523}},{"type":"Feature","geometry":{"type":"Point","coordinates":[12.579135,46.692365]},"properties":{"w":0.3807}},{"type":"Feature","geometry":{"type":"Point","coordinates":[13.033889,46.702983]},"properties":{"w":0.5946}},{"type":"Feature","geometry":{"type":"Point","coordinates":[12.960437,46.693406]},"properties":{"w":0.3892}},{"type":"Feature","geometry":{"type":"Point","coordinates":[13.779985,46.691328]},"properties":{"w":0.3397}},{"type":"Feature","geometry":{"type":"Point","coordinates":[13.295349,46.691009]},"properties":{"w":0.3438}},{"type":"Feature","geometry":{"type":"Point","coordinates":[13.210227,46.688119]},"properties":{"w":0.2861}},{"type":"Feature","geometry":{"type":"Point","coordinates":[13.802158,46.689804]},"properties":{"w":0.4329}},{"type":"Feature","geometry":{"type":"Point","coordinates":[13.498022,46.693748]},"properties":{"w":0.5748}},{"type":"Feature","geometry":{"type":"Point","coordinates":[13.113369,46.684057]},"properties":{"w":0.2867}},{"type":"Feature","geometry":{"type":"Point","coordinates":[15.135205,46.676861]},"properties":{"w":0.5723}},{"type":"Feature","geometry":{"type":"Point","coordinates":[12.52608,46.68265]},"properties":{"w":0.3124}},{"type":"Feature","geometry":{"type":"Point","coordinates":[12.487699,46.682849]},"properties":{"w":0.4246}},{"type":"Feature","geometry":{"type":"Point","coordinates":[15.018493,46.677417]},"properties":{"w":0.6217}},{"type":"Feature","geometry":{"type":"Point","coordinates":[12.69775,46.681081]},"properties":{"w":0.2867}},{"type":"Feature","geometry":{"type":"Point","coordinates":[12.543761,46.679282]},"properties":{"w":0.4401}},{"type":"Feature","geometry":{"type":"Point","coordinates":[13.616648,46.679186]},"properties":{"w":0.4105}},{"type":"Feature","geometry":{"type":"Point","coordinates":[14.793721,46.665128]},"properties":{"w":0.3044}},{"type":"Feature","geometry":{"type":"Point","coordinates":[12.539722,46.670713]},"properties":{"w":0.3556}},{"type":"Feature","geometry":{"type":"Point","coordinates":[12.637135,46.671888]},"properties":{"w":0.2867}},{"type":"Feature","geometry":{"type":"Point","coordinates":[12.552785,46.671202]},"properties":{"w":0.4501}},{"type":"Feature","geometry":{"type":"Point","coordinates":[14.098869,46.669666]},"properties":{"w":0.4562}},{"type":"Feature","geometry":{"type":"Point","coordinates":[13.491208,46.668667]},"properties":{"w":0.3198}},{"type":"Feature","geometry":{"type":"Point","coordinates":[13.378693,46.668498]},"properties":{"w":0.3285}},{"type":"Feature","geometry":{"type":"Point","coordinates":[13.163818,46.667955]},"properties":{"w":0.473}},{"type":"Feature","geometry":{"type":"Point","coordinates":[12.557622,46.662646]},"properties":{"w":0.3802}},{"type":"Feature","geometry":{"type":"Point","coordinates":[13.474908,46.666709]},"properties":{"w":0.3198}},{"type":"Feature","geometry":{"type":"Point","coordinates":[12.81728,46.664222]},"properties":{"w":0.2766}},{"type":"Feature","geometry":{"type":"Point","coordinates":[13.686943,46.665469]},"properties":{"w":0.4357}},{"type":"Feature","geometry":{"type":"Point","coordinates":[13.22384,46.661499]},"properties":{"w":0.528}},{"type":"Feature","geometry":{"type":"Point","coordinates":[15.244793,46.642626]},"properties":{"w":0.2691}},{"type":"Feature","geometry":{"type":"Point","coordinates":[12.707964,46.657358]},"properties":{"w":0.3753}},{"type":"Feature","geometry":{"type":"Point","coordinates":[13.802654,46.657216]},"properties":{"w":0.3124}},{"type":"Feature","geometry":{"type":"Point","coordinates":[13.819978,46.661003]},"properties":{"w":0.6096}},{"type":"Feature","geometry":{"type":"Point","coordinates":[15.038165,46.658263]},"properties":{"w":0.7577}},{"type":"Feature","geometry":{"type":"Point","coordinates":[12.991499,46.651397]},"properties":{"w":0.2867}},{"type":"Feature","geometry":{"type":"Point","coordinates":[13.267594,46.655011]},"properties":{"w":0.6041}},{"type":"Feature","geometry":{"type":"Point","coordinates":[13.297649,46.64828]},"properties":{"w":0.3242}},{"type":"Feature","geometry":{"type":"Point","coordinates":[13.514667,46.645583]},"properties":{"w":0.4266}},{"type":"Feature","geometry":{"type":"Point","coordinates":[13.920076,46.642784]},"properties":{"w":0.34}},{"type":"Feature","geometry":{"type":"Point","coordinates":[12.868531,46.652171]},"properties":{"w":0.4386}},{"type":"Feature","geometry":{"type":"Point","coordinates":[13.308507,46.643762]},"properties":{"w":0.3872}},{"type":"Feature","geometry":{"type":"Point","coordinates":[13.618469,46.645559]},"properties":{"w":0.3397}},{"type":"Feature","geometry":{"type":"Point","coordinates":[12.940524,46.645637]},"properties":{"w":0.3722}},{"type":"Feature","geometry":{"type":"Point","coordinates":[13.683155,46.637213]},"properties":{"w":0.3358}},{"type":"Feature","geometry":{"type":"Point","coordinates":[13.723145,46.634876]},"properties":{"w":0.3264}},{"type":"Feature","geometry":{"type":"Point","coordinates":[13.789309,46.634045]},"properties":{"w":0.3105}},{"type":"Feature","geometry":{"type":"Point","coordinates":[13.578075,46.632286]},"properties":{"w":0.3982}},{"type":"Feature","geometry":{"type":"Point","coordinates":[13.563513,46.631989]},"properties":{"w":0.3902}},{"type":"Feature","geometry":{"type":"Point","coordinates":[13.585414,46.626713]},"properties":{"w":0.3085}},{"type":"Feature","geometry":{"type":"Point","coordinates":[13.064803,46.620703]},"properties":{"w":0.2867}},{"type":"Feature","geometry":{"type":"Point","coordinates":[13.098427,46.616261]},"properties":{"w":0.3512}},{"type":"Feature","geometry":{"type":"Point","coordinates":[12.971878,46.610859]},"properties":{"w":0.342}},{"type":"Feature","geometry":{"type":"Point","coordinates":[13.12991,46.60722]},"properties":{"w":0.3198}},{"type":"Feature","geometry":{"type":"Point","coordinates":[13.095553,46.607286]},"properties":{"w":0.3736}},{"type":"Feature","geometry":{"type":"Point","coordinates":[13.073484,46.604559]},"properties":{"w":0.502}},{"type":"Feature","geometry":{"type":"Point","coordinates":[13.224657,46.599412]},"properties":{"w":0.3884}},{"type":"Feature","geometry":{"type":"Point","coordinates":[13.116856,46.59986]},"properties":{"w":0.519}},{"type":"Feature","geometry":{"type":"Point","coordinates":[13.246399,46.595195]},"properties":{"w":0.3831}},{"type":"Feature","geometry":{"type":"Point","coordinates":[13.135814,46.596089]},"properties":{"w":0.5405}},{"type":"Feature","geometry":{"type":"Point","coordinates":[13.286881,46.590213]},"properties":{"w":0.3119}},{"type":"Feature","geometry":{"type":"Point","coordinates":[13.152404,46.589805]},"properties":{"w":0.251}},{"type":"Feature","geometry":{"type":"Point","coordinates":[13.403708,46.586731]},"properties":{"w":0.337}},{"type":"Feature","geometry":{"type":"Point","coordinates":[13.470447,46.584962]},"properties":{"w":0.2861}},{"type":"Feature","geometry":{"type":"Point","coordinates":[13.178747,46.585517]},"properties":{"w":0.3669}},{"type":"Feature","geometry":{"type":"Point","coordinates":[13.206824,46.588175]},"properties":{"w":0.4504}},{"type":"Feature","geometry":{"type":"Point","coordinates":[13.281821,46.584855]},"properties":{"w":0.3322}},{"type":"Feature","geometry":{"type":"Point","coordinates":[13.440956,46.582794]},"properties":{"w":0.2811}},{"type":"Feature","geometry":{"type":"Point","coordinates":[13.28834,46.582865]},"properties":{"w":0.2959}},{"type":"Feature","geometry":{"type":"Point","coordinates":[13.541928,46.579568]},"properties":{"w":0.2766}},{"type":"Feature","geometry":{"type":"Point","coordinates":[13.399567,46.581411]},"properties":{"w":0.5099}},{"type":"Feature","geometry":{"type":"Point","coordinates":[13.190554,46.578737]},"properties":{"w":0.4072}},{"type":"Feature","geometry":{"type":"Point","coordinates":[13.209636,46.577878]},"properties":{"w":0.3802}},{"type":"Feature","geometry":{"type":"Point","coordinates":[13.363093,46.574259]},"properties":{"w":0.4767}},{"type":"Feature","geometry":{"type":"Point","coordinates":[13.333262,46.571674]},"properties":{"w":0.2919}},{"type":"Feature","geometry":{"type":"Point","coordinates":[13.32227,46.563079]},"properties":{"w":0.2908}},{"type":"Feature","geometry":{"type":"Point","coordinates":[13.481319,46.566305]},"properties":{"w":0.3008}},{"type":"Feature","geometry":{"type":"Point","coordinates":[13.428573,46.567653]},"properties":{"w":0.4695}},{"type":"Feature","geometry":{"type":"Point","coordinates":[13.463206,46.564388]},"properties":{"w":0.2766}},{"type":"Feature","geometry":{"type":"Point","coordinates":[13.560933,46.559824]},"properties":{"w":0.2805}},{"type":"Feature","geometry":{"type":"Point","coordinates":[13.314158,46.555892]},"properties":{"w":0.4}},{"type":"Feature","geometry":{"type":"Point","coordinates":[13.532177,46.554027]},"properties":{"w":0.2811}},{"type":"Feature","geometry":{"type":"Point","coordinates":[14.523988,46.524452]},"properties":{"w":0.2766}},{"type":"Feature","geometry":{"type":"Point","coordinates":[14.802901,46.52278]},"properties":{"w":0.5003}},{"type":"Feature","geometry":{"type":"Point","coordinates":[13.828321,46.527719]},"properties":{"w":0.3094}},{"type":"Feature","geometry":{"type":"Point","coordinates":[14.803244,46.512747]},"properties":{"w":0.3334}},{"type":"Feature","geometry":{"type":"Point","coordinates":[13.941296,46.520075]},"properties":{"w":0.2842}},{"type":"Feature","geometry":{"type":"Point","coordinates":[14.673643,46.513504]},"properties":{"w":0.2766}},{"type":"Feature","geometry":{"type":"Point","coordinates":[14.814156,46.51328]},"properties":{"w":0.4513}},{"type":"Feature","geometry":{"type":"Point","coordinates":[14.792906,46.51052]},"properties":{"w":0.4506}},{"type":"Feature","geometry":{"type":"Point","coordinates":[14.512615,46.514709]},"properties":{"w":0.4078}},{"type":"Feature","geometry":{"type":"Point","coordinates":[14.41968,46.5136]},"properties":{"w":0.3563}},{"type":"Feature","geometry":{"type":"Point","coordinates":[14.663945,46.509542]},"properties":{"w":0.2885}},{"type":"Feature","geometry":{"type":"Point","coordinates":[14.309488,46.508784]},"properties":{"w":0.2937}},{"type":"Feature","geometry":{"type":"Point","coordinates":[14.378248,46.512362]},"properties":{"w":0.5195}},{"type":"Feature","geometry":{"type":"Point","coordinates":[14.524083,46.505266]},"properties":{"w":0.3115}},{"type":"Feature","geometry":{"type":"Point","coordinates":[14.745788,46.509108]},"properties":{"w":0.5437}},{"type":"Feature","geometry":{"type":"Point","coordinates":[14.399763,46.505568]},"properties":{"w":0.2959}},{"type":"Feature","geometry":{"type":"Point","coordinates":[14.217285,46.503695]},"properties":{"w":0.2766}},{"type":"Feature","geometry":{"type":"Point","coordinates":[14.51503,46.502432]},"properties":{"w":0.3268}},{"type":"Feature","geometry":{"type":"Point","coordinates":[14.534074,46.498524]},"properties":{"w":0.3314}},{"type":"Feature","geometry":{"type":"Point","coordinates":[14.047485,46.504284]},"properties":{"w":0.3234}},{"type":"Feature","geometry":{"type":"Point","coordinates":[14.475322,46.498109]},"properties":{"w":0.3198}},{"type":"Feature","geometry":{"type":"Point","coordinates":[14.379858,46.496967]},"properties":{"w":0.39}},{"type":"Feature","geometry":{"type":"Point","coordinates":[14.39856,46.496543]},"properties":{"w":0.3938}},{"type":"Feature","geometry":{"type":"Point","coordinates":[14.103365,46.497712]},"properties":{"w":0.3094}},{"type":"Feature","geometry":{"type":"Point","coordinates":[14.494197,46.487444]},"properties":{"w":0.2919}},{"type":"Feature","geometry":{"type":"Point","coordinates":[14.144416,46.481587]},"properties":{"w":0.3921}},{"type":"Feature","geometry":{"type":"Point","coordinates":[14.127322,46.478344]},"properties":{"w":0.2959}},{"type":"Feature","geometry":{"type":"Point","coordinates":[14.680516,46.468677]},"properties":{"w":0.3553}},{"type":"Feature","geometry":{"type":"Point","coordinates":[14.691202,46.470704]},"properties":{"w":0.4909}},{"type":"Feature","geometry":{"type":"Point","coordinates":[14.171952,46.468439]},"properties":{"w":0.3198}},{"type":"Feature","geometry":{"type":"Point","coordinates":[14.179349,46.4685]},"properties":{"w":0.3268}},{"type":"Feature","geometry":{"type":"Point","coordinates":[14.23589,46.467994]},"properties":{"w":0.3553}},{"type":"Feature","geometry":{"type":"Point","coordinates":[14.656126,46.449115]},"properties":{"w":0.3786}},{"type":"Feature","geometry":{"type":"Point","coordinates":[14.528328,46.447948]},"properties":{"w":0.3198}},{"type":"Feature","geometry":{"type":"Point","coordinates":[14.629362,46.441031]},"properties":{"w":0.2986}},{"type":"Feature","geometry":{"type":"Point","coordinates":[14.609425,46.440347]},"properties":{"w":0.3285}},{"type":"Feature","geometry":{"type":"Point","coordinates":[14.463777,46.439349]},"properties":{"w":0.3268}},{"type":"Feature","geometry":{"type":"Point","coordinates":[14.505499,46.439526]},"properties":{"w":0.4059}},{"type":"Feature","geometry":{"type":"Point","coordinates":[14.533038,46.440775]},"properties":{"w":0.4062}},{"type":"Feature","geometry":{"type":"Point","coordinates":[14.521679,46.435365]},"properties":{"w":0.3029}},{"type":"Feature","geometry":{"type":"Point","coordinates":[14.447196,46.434142]},"properties":{"w":0.4555}},{"type":"Feature","geometry":{"type":"Point","coordinates":[14.482587,46.419696]},"properties":{"w":0.3434}}]}