{"type":"FeatureCollection","features":[{"type":"Feature","geometry":{"type":"Point","coordinates":[15.285472,48.985154]},"properties":{"w":0.6281}},{"type":"Feature","geometry":{"type":"Point","coordinates":[15.374414,48.972323]},"properties":{"w":0.5581}},{"type":"Feature","geometry":{"type":"Point","coordinates":[15.00332,48.98892]},"properties":{"w":0.8139}},{"type":"Feature","geometry":{"type":"Point","coordinates":[15.465555,48.948098]},"properties":{"w":0.4213}},{"type":"Feature","geometry":{"type":"Point","coordinates":[15.214297,48.954195]},"properties":{"w":0.5411}},{"type":"Feature","geometry":{"type":"Point","coordinates":[15.412837,48.946205]},"properties":{"w":0.5596}},{"type":"Feature","geometry":{"type":"Point","coordinates":[14.983428,48.948433]},"properties":{"w":0.5002}},{"type":"Feature","geometry":{"type":"Point","coordinates":[15.446848,48.925843]},"properties":{"w":0.3334}},{"type":"Feature","geometry":{"type":"Point","coordinates":[15.504896,48.913485]},"properties":{"w":0.4901}},{"type":"Feature","geometry":{"type":"Point","coordinates":[15.502699,48.906007]},"properties":{"w":0.3052}},{"type":"Feature","geometry":{"type":"Point","coordinates":[15.001247,48.918961]},"properties":{"w":0.7497}},{"type":"Feature","geometry":{"type":"Point","coordinates":[15.467926,48.890979]},"properties":{"w":0.3478}},{"type":"Feature","geometry":{"type":"Point","coordinates":[15.648273,48.881813]},"properties":{"w":0.4636}},{"type":"Feature","geometry":{"type":"Point","coordinates":[15.492954,48.875269]},"properties":{"w":0.3207}},{"type":"Feature","geometry":{"type":"Point","coordinates":[15.169511,48.880686]},"properties":{"w":0.4928}},{"type":"Feature","geometry":{"type":"Point","coordinates":[14.993919,48.887717]},"properties":{"w":0.6319}},{"type":"Feature","geometry":{"type":"Point","coordinates":[15.340676,48.868036]},"properties":{"w":0.6703}},{"type":"Feature","geometry":{"type":"Point","coordinates":[15.709899,48.855129]},"properties":{"w":0.6093}},{"type":"Feature","geometry":{"type":"Point","coordinates":[15.692421,48.85242]},"properties":{"w":0.4287}},{"type":"Feature","geometry":{"type":"Point","coordinates":[15.738263,48.852702]},"properties":{"w":0.4667}},{"type":"Feature","geometry":{"type":"Point","coordinates":[14.977762,48.863337]},"properties":{"w":0.4737}},{"type":"Feature","geometry":{"type":"Point","coordinates":[15.075036,48.857794]},"properties":{"w":0.566}},{"type":"Feature","geometry":{"type":"Point","coordinates":[15.330672,48.853271]},"properties":{"w":0.5337}},{"type":"Feature","geometry":{"type":"Point","coordinates":[15.054964,48.859452]},"properties":{"w":0.6046}},{"type":"Feature","geometry":{"type":"Point","coordinates":[15.654571,48.83423]},"properties":{"w":0.311}},{"type":"Feature","geometry":{"type":"Point","coordinates":[15.7504,48.836322]},"properties":{"w":0.5215}},{"type":"Feature","geometry":{"type":"Point","coordinates":[15.781125,48.824538]},"properties":{"w":0.7198}},{"type":"Feature","geometry":{"type":"Point","coordinates":[15.768927,48.812475]},"properties":{"w":0.5776}},{"type":"Feature","geometry":{"type":"Point","coordinates":[15.932837,48.807368]},"properties":{"w":0.4716}},{"type":"Feature","geometry":{"type":"Point","coordinates":[15.87321,48.8089]},"properties":{"w":0.4741}},{"type":"Feature","geometry":{"type":"Point","coordinates":[15.369294,48.819161]},"properties":{"w":0.6665}},{"type":"Feature","geometry":{"type":"Point","coordinates":[15.708365,48.806997]},"properties":{"w":0.6157}},{"type":"Feature","geometry":{"type":"Point","coordinates":[15.084256,48.812313]},"properties":{"w":0.3495}},{"type":"Feature","geometry":{"type":"Point","coordinates":[16.656785,48.779841]},"properties":{"w":0.525}},{"type":"Feature","geometry":{"type":"Point","coordinates":[15.64522,48.802889]},"properties":{"w":0.4242}},{"type":"Feature","geometry":{"type":"Point","coordinates":[15.865586,48.796581]},"properties":{"w":0.355}},{"type":"Feature","geometry":{"type":"Point","coordinates":[15.772899,48.798705]},"properties":{"w":0.5419}},{"type":"Feature","geometry":{"type":"Point","coordinates":[16.59905,48.777542]},"properties":{"w":0.5386}},{"type":"Feature","geometry":{"type":"Point","coordinates":[15.935542,48.794598]},"properties":{"w":0.6836}},{"type":"Feature","geometry":{"type":"Point","coordinates":[15.223211,48.803411]},"properties":{"w":0.4449}},{"type":"Feature","geometry":{"type":"Point","coordinates":[16.536155,48.790027]},"properties":{"w":0.8998}},{"type":"Feature","geometry":{"type":"Point","coordinates":[15.012817,48.802781]},"properties":{"w":0.4149}},{"type":"Feature","geometry":{"type":"Point","coordinates":[15.775861,48.789479]},"properties":{"w":0.436}},{"type":"Feature","geometry":{"type":"Point","coordinates":[16.621375,48.773585]},"properties":{"w":0.6476}},{"type":"Feature","geometry":{"type":"Point","coordinates":[15.840982,48.781782]},"properties":{"w":0.3257}},{"type":"Feature","geometry":{"type":"Point","coordinates":[15.460715,48.782237]},"properties":{"w":0.4226}},{"type":"Feature","geometry":{"type":"Point","coordinates":[15.737163,48.778529]},"properties":{"w":0.4248}},{"type":"Feature","geometry":{"type":"Point","coordinates":[15.589446,48.778975]},"properties":{"w":0.5316}},{"type":"Feature","geometry":{"type":"Point","coordinates":[15.88396,48.764024]},"properties":{"w":0.4423}},{"type":"Feature","geometry":{"type":"Point","coordinates":[16.036422,48.761624]},"properties":{"w":0.5724}},{"type":"Feature","geometry":{"type":"Point","coordinates":[15.903716,48.760802]},"properties":{"w":0.3047}},{"type":"Feature","geometry":{"type":"Point","coordinates":[16.45522,48.770646]},"properties":{"w":0.8959}},{"type":"Feature","geometry":{"type":"Point","coordinates":[15.913271,48.760568]},"properties":{"w":0.396}},{"type":"Feature","geometry":{"type":"Point","coordinates":[15.370735,48.774128]},"properties":{"w":0.5713}},{"type":"Feature","geometry":{"type":"Point","coordinates":[15.871942,48.757591]},"properties":{"w":0.5411}},{"type":"Feature","geometry":{"type":"Point","coordinates":[15.785081,48.752043]},"properties":{"w":0.3543}},{"type":"Feature","geometry":{"type":"Point","coordinates":[16.647902,48.731453]},"properties":{"w":0.5309}},{"type":"Feature","geometry":{"type":"Point","coordinates":[14.913743,48.765407]},"properties":{"w":0.5489}},{"type":"Feature","geometry":{"type":"Point","coordinates":[14.902412,48.760077]},"properties":{"w":0.3453}},{"type":"Feature","geometry":{"type":"Point","coordinates":[16.550478,48.735229]},"properties":{"w":0.6956}},{"type":"Feature","geometry":{"type":"Point","coordinates":[16.13688,48.739437]},"properties":{"w":0.6491}},{"type":"Feature","geometry":{"type":"Point","coordinates":[16.183827,48.740415]},"properties":{"w":0.6632}},{"type":"Feature","geometry":{"type":"Point","coordinates":[15.844871,48.737603]},"properties":{"w":0.3607}},{"type":"Feature","geometry":{"type":"Point","coordinates":[16.684145,48.719264]},"properties":{"w":0.5987}},{"type":"Feature","geometry":{"type":"Point","coordinates":[16.451018,48.734418]},"properties":{"w":0.8049}},{"type":"Feature","geometry":{"type":"Point","coordinates":[16.341932,48.730486]},"properties":{"w":0.7125}},{"type":"Feature","geometry":{"type":"Point","coordinates":[16.855758,48.710288]},"properties":{"w":0.5122}},{"type":"Feature","geometry":{"type":"Point","coordinates":[16.21491,48.733367]},"properties":{"w":0.7007}},{"type":"Feature","geometry":{"type":"Point","coordinates":[16.66805,48.724591]},"properties":{"w":0.657}},{"type":"Feature","geometry":{"type":"Point","coordinates":[16.088801,48.735135]},"properties":{"w":0.6979}},{"type":"Feature","geometry":{"type":"Point","coordinates":[16.271956,48.733303]},"properties":{"w":0.7638}},{"type":"Feature","geometry":{"type":"Point","coordinates":[16.149236,48.729295]},"properties":{"w":0.4491}},{"type":"Feature","geometry":{"type":"Point","coordinates":[16.754215,48.715567]},"properties":{"w":0.6229}},{"type":"Feature","geometry":{"type":"Point","coordinates":[16.437616,48.714494]},"properties":{"w":0.5371}},{"type":"Feature","geometry":{"type":"Point","coordinates":[16.217213,48.719604]},"properties":{"w":0.4303}},{"type":"Feature","geometry":{"type":"Point","coordinates":[16.337712,48.714296]},"properties":{"w":0.5595}},{"type":"Feature","geometry":{"type":"Point","coordinates":[15.582334,48.73039]},"properties":{"w":0.4385}},{"type":"Feature","geometry":{"type":"Point","coordinates":[15.983656,48.722856]},"properties":{"w":0.6336}},{"type":"Feature","geometry":{"type":"Point","coordinates":[15.700745,48.733861]},"properties":{"w":0.5866}},{"type":"Feature","geometry":{"type":"Point","coordinates":[14.984778,48.733965]},"properties":{"w":0.3058}},{"type":"Feature","geometry":{"type":"Point","coordinates":[16.268774,48.711644]},"properties":{"w":0.5425}},{"type":"Feature","geometry":{"type":"Point","coordinates":[15.883429,48.718718]},"properties":{"w":0.3527}},{"type":"Feature","geometry":{"type":"Point","coordinates":[15.95577,48.717588]},"properties":{"w":0.6006}},{"type":"Feature","geometry":{"type":"Point","coordinates":[14.935542,48.730056]},"properties":{"w":0.3865}},{"type":"Feature","geometry":{"type":"Point","coordinates":[15.656359,48.717397]},"properties":{"w":0.3538}},{"type":"Feature","geometry":{"type":"Point","coordinates":[15.13521,48.724456]},"properties":{"w":0.4096}},{"type":"Feature","geometry":{"type":"Point","coordinates":[15.803314,48.714592]},"properties":{"w":0.5562}},{"type":"Feature","geometry":{"type":"Point","coordinates":[15.63861,48.716271]},"properties":{"w":0.5558}},{"type":"Feature","geometry":{"type":"Point","coordinates":[16.397164,48.696038]},"properties":{"w":0.6213}},{"type":"Feature","geometry":{"type":"Point","coordinates":[14.817558,48.730489]},"properties":{"w":0.6541}},{"type":"Feature","geometry":{"type":"Point","coordinates":[16.517666,48.695456]},"properties":{"w":0.5836}},{"type":"Feature","geometry":{"type":"Point","coordinates":[15.444344,48.729649]},"properties":{"w":0.7992}},{"type":"Feature","geometry":{"type":"Point","coordinates":[16.647693,48.689709]},"properties":{"w":0.6164}},{"type":"Feature","geometry":{"type":"Point","coordinates":[16.607775,48.693841]},"properties":{"w":0.8103}},{"type":"Feature","geometry":{"type":"Point","coordinates":[15.6132,48.705996]},"properties":{"w":0.467}},{"type":"Feature","geometry":{"type":"Point","coordinates":[16.428447,48.696475]},"properties":{"w":0.7388}},{"type":"Feature","geometry":{"type":"Point","coordinates":[16.661357,48.676495]},"properties":{"w":0.2968}},{"type":"Feature","geometry":{"type":"Point","coordinates":[15.625121,48.707303]},"properties":{"w":0.4808}},{"type":"Feature","geometry":{"type":"Point","coordinates":[16.812775,48.681099]},"properties":{"w":0.6697}},{"type":"Feature","geometry":{"type":"Point","coordinates":[16.36434,48.683139]},"properties":{"w":0.3491}},{"type":"Feature","geometry":{"type":"Point","coordinates":[16.129583,48.689107]},"properties":{"w":0.3515}},{"type":"Feature","geometry":{"type":"Point","coordinates":[15.769903,48.705329]},"properties":{"w":0.614}},{"type":"Feature","geometry":{"type":"Point","coordinates":[14.962063,48.704612]},"properties":{"w":0.4789}},{"type":"Feature","geometry":{"type":"Point","coordinates":[15.375823,48.69508]},"properties":{"w":0.304}},{"type":"Feature","geometry":{"type":"Point","coordinates":[15.584523,48.71199]},"properties":{"w":0.7397}},{"type":"Feature","geometry":{"type":"Point","coordinates":[16.214818,48.686584]},"properties":{"w":0.7564}},{"type":"Feature","geometry":{"type":"Point","coordinates":[16.729359,48.682037]},"properties":{"w":0.9116}},{"type":"Feature","geometry":{"type":"Point","coordinates":[15.429192,48.69909]},"properties":{"w":0.5808}},{"type":"Feature","geometry":{"type":"Point","coordinates":[15.680789,48.691318]},"properties":{"w":0.5417}},{"type":"Feature","geometry":{"type":"Point","coordinates":[16.315957,48.689432]},"properties":{"w":0.8328}},{"type":"Feature","geometry":{"type":"Point","coordinates":[16.815366,48.662141]},"properties":{"w":0.5614}},{"type":"Feature","geometry":{"type":"Point","coordinates":[14.988137,48.702486]},"properties":{"w":0.591}},{"type":"Feature","geometry":{"type":"Point","coordinates":[15.995442,48.677238]},"properties":{"w":0.5472}},{"type":"Feature","geometry":{"type":"Point","coordinates":[15.241394,48.689766]},"properties":{"w":0.3397}},{"type":"Feature","geometry":{"type":"Point","coordinates":[15.938349,48.67826]},"properties":{"w":0.3212}},{"type":"Feature","geometry":{"type":"Point","coordinates":[16.270285,48.685912]},"properties":{"w":0.7824}},{"type":"Feature","geometry":{"type":"Point","coordinates":[16.043656,48.679577]},"properties":{"w":0.6993}},{"type":"Feature","geometry":{"type":"Point","coordinates":[16.019162,48.676892]},"properties":{"w":0.6418}},{"type":"Feature","geometry":{"type":"Point","coordinates":[16.774278,48.66551]},"properties":{"w":0.8046}},{"type":"Feature","geometry":{"type":"Point","coordinates":[16.01039,48.666555]},"properties":{"w":0.585}},{"type":"Feature","geometry":{"type":"Point","coordinates":[16.144866,48.675466]},"properties":{"w":0.739}},{"type":"Feature","geometry":{"type":"Point","coordinates":[15.720207,48.668541]},"properties":{"w":0.3795}},{"type":"Feature","geometry":{"type":"Point","coordinates":[16.093672,48.672616]},"properties":{"w":0.8813}},{"type":"Feature","geometry":{"type":"Point","coordinates":[14.741829,48.694347]},"properties":{"w":0.5784}},{"type":"Feature","geometry":{"type":"Point","coordinates":[16.2022,48.650448]},"properties":{"w":0.4534}},{"type":"Feature","geometry":{"type":"Point","coordinates":[16.770587,48.634466]},"properties":{"w":0.4228}},{"type":"Feature","geometry":{"type":"Point","coordinates":[16.16992,48.652992]},"properties":{"w":0.7231}},{"type":"Feature","geometry":{"type":"Point","coordinates":[14.798579,48.671072]},"properties":{"w":0.3625}},{"type":"Feature","geometry":{"type":"Point","coordinates":[14.80872,48.674139]},"properties":{"w":0.4517}},{"type":"Feature","geometry":{"type":"Point","coordinates":[16.363296,48.638829]},"properties":{"w":0.4911}},{"type":"Feature","geometry":{"type":"Point","coordinates":[15.140781,48.665367]},"properties":{"w":0.3952}},{"type":"Feature","geometry":{"type":"Point","coordinates":[15.767491,48.649295]},"properties":{"w":0.3419}},{"type":"Feature","geometry":{"type":"Point","coordinates":[15.999186,48.654756]},"properties":{"w":0.7454}},{"type":"Feature","geometry":{"type":"Point","coordinates":[16.400835,48.634819]},"properties":{"w":0.5273}},{"type":"Feature","geometry":{"type":"Point","coordinates":[16.697082,48.619945]},"properties":{"w":0.2909}},{"type":"Feature","geometry":{"type":"Point","coordinates":[16.335766,48.630275]},"properties":{"w":0.3227}},{"type":"Feature","geometry":{"type":"Point","coordinates":[16.687701,48.628208]},"properties":{"w":0.6586}},{"type":"Feature","geometry":{"type":"Point","coordinates":[15.756586,48.642351]},"properties":{"w":0.4659}},{"type":"Feature","geometry":{"type":"Point","coordinates":[16.868017,48.614839]},"properties":{"w":0.5289}},{"type":"Feature","geometry":{"type":"Point","coordinates":[16.552347,48.640002]},"properties":{"w":0.7814}},{"type":"Feature","geometry":{"type":"Point","coordinates":[16.669239,48.622615]},"properties":{"w":0.5842}},{"type":"Feature","geometry":{"type":"Point","coordinates":[15.749686,48.632607]},"properties":{"w":0.5008}},{"type":"Feature","geometry":{"type":"Point","coordinates":[16.858771,48.604209]},"properties":{"w":0.6552}},{"type":"Feature","geometry":{"type":"Point","coordinates":[16.583987,48.630441]},"properties":{"w":0.8468}},{"type":"Feature","geometry":{"type":"Point","coordinates":[15.736073,48.631572]},"properties":{"w":0.541}},{"type":"Feature","geometry":{"type":"Point","coordinates":[16.623479,48.616453]},"properties":{"w":0.6658}},{"type":"Feature","geometry":{"type":"Point","coordinates":[16.496255,48.614683]},"properties":{"w":0.5925}},{"type":"Feature","geometry":{"type":"Point","coordinates":[16.872954,48.594344]},"properties":{"w":0.4125}},{"type":"Feature","geometry":{"type":"Point","coordinates":[16.760811,48.591471]},"properties":{"w":0.2922}},{"type":"Feature","geometry":{"type":"Point","coordinates":[16.362073,48.60192]},"properties":{"w":0.3415}},{"type":"Feature","geometry":{"type":"Point","coordinates":[16.863063,48.58732]},"properties":{"w":0.6596}},{"type":"Feature","geometry":{"type":"Point","coordinates":[16.88604,48.582702]},"properties":{"w":0.4374}},{"type":"Feature","geometry":{"type":"Point","coordinates":[16.1259,48.599028]},"properties":{"w":0.2992}},{"type":"Feature","geometry":{"type":"Point","coordinates":[16.405145,48.595433]},"properties":{"w":0.425}},{"type":"Feature","geometry":{"type":"Point","coordinates":[16.212476,48.596416]},"properties":{"w":0.3519}},{"type":"Feature","geometry":{"type":"Point","coordinates":[15.228669,48.618819]},"properties":{"w":0.5767}},{"type":"Feature","geometry":{"type":"Point","coordinates":[16.528038,48.590477]},"properties":{"w":0.5812}},{"type":"Feature","geometry":{"type":"Point","coordinates":[16.783548,48.579895]},"properties":{"w":0.6238}},{"type":"Feature","geometry":{"type":"Point","coordinates":[16.741022,48.584625]},"properties":{"w":0.6361}},{"type":"Feature","geometry":{"type":"Point","coordinates":[16.784835,48.57188]},"properties":{"w":0.3865}},{"type":"Feature","geometry":{"type":"Point","coordinates":[16.753195,48.570643]},"properties":{"w":0.6175}},{"type":"Feature","geometry":{"type":"Point","coordinates":[16.403146,48.578097]},"properties":{"w":0.3143}},{"type":"Feature","geometry":{"type":"Point","coordinates":[16.308219,48.59559]},"properties":{"w":0.9042}},{"type":"Feature","geometry":{"type":"Point","coordinates":[15.296612,48.612392]},"properties":{"w":0.7624}},{"type":"Feature","geometry":{"type":"Point","coordinates":[15.96396,48.583756]},"properties":{"w":0.3801}},{"type":"Feature","geometry":{"type":"Point","coordinates":[16.811162,48.567451]},"properties":{"w":0.6625}},{"type":"Feature","geometry":{"type":"Point","coordinates":[14.605736,48.600463]},"properties":{"w":0.4146}},{"type":"Feature","geometry":{"type":"Point","coordinates":[15.305057,48.591273]},"properties":{"w":0.331}},{"type":"Feature","geometry":{"type":"Point","coordinates":[14.620478,48.602532]},"properties":{"w":0.4515}},{"type":"Feature","geometry":{"type":"Point","coordinates":[14.442167,48.602353]},"properties":{"w":0.3301}},{"type":"Feature","geometry":{"type":"Point","coordinates":[15.032947,48.592126]},"properties":{"w":0.3647}},{"type":"Feature","geometry":{"type":"Point","coordinates":[16.485932,48.565027]},"properties":{"w":0.4558}},{"type":"Feature","geometry":{"type":"Point","coordinates":[16.505059,48.562723]},"properties":{"w":0.4377}},{"type":"Feature","geometry":{"type":"Point","coordinates":[16.024976,48.586372]},"properties":{"w":0.8025}},{"type":"Feature","geometry":{"type":"Point","coordinates":[14.508486,48.592953]},"properties":{"w":0.5767}},{"type":"Feature","geometry":{"type":"Point","coordinates":[16.623846,48.55056]},"properties":{"w":0.5412}},{"type":"Feature","geometry":{"type":"Point","coordinates":[14.392552,48.588717]},"properties":{"w":0.5076}},{"type":"Feature","geometry":{"type":"Point","coordinates":[15.186984,48.573353]},"properties":{"w":0.3449}},{"type":"Feature","geometry":{"type":"Point","coordinates":[16.693556,48.548827]},"properties":{"w":0.6942}},{"type":"Feature","geometry":{"type":"Point","coordinates":[16.325738,48.561955]},"properties":{"w":0.7479}},{"type":"Feature","geometry":{"type":"Point","coordinates":[15.213006,48.571595]},"properties":{"w":0.3565}},{"type":"Feature","geometry":{"type":"Point","coordinates":[16.283587,48.56327]},"properties":{"w":0.8596}},{"type":"Feature","geometry":{"type":"Point","coordinates":[14.223214,48.581511]},"properties":{"w":0.6029}},{"type":"Feature","geometry":{"type":"Point","coordinates":[15.362149,48.562215]},"properties":{"w":0.4297}},{"type":"Feature","geometry":{"type":"Point","coordinates":[16.153338,48.555017]},"properties":{"w":0.7777}},{"type":"Feature","geometry":{"type":"Point","coordinates":[14.510306,48.571429]},"properties":{"w":0.4575}},{"type":"Feature","geometry":{"type":"Point","coordinates":[16.610859,48.536869]},"properties":{"w":0.6723}},{"type":"Feature","geometry":{"type":"Point","coordinates":[15.620101,48.55116]},"properties":{"w":0.3511}},{"type":"Feature","geometry":{"type":"Point","coordinates":[14.255149,48.575877]},"properties":{"w":0.5618}},{"type":"Feature","geometry":{"type":"Point","coordinates":[15.592969,48.550041]},"properties":{"w":0.3306}},{"type":"Feature","geometry":{"type":"Point","coordinates":[16.206125,48.552985]},"properties":{"w":0.7706}},{"type":"Feature","geometry":{"type":"Point","coordinates":[16.674754,48.522598]},"properties":{"w":0.3491}},{"type":"Feature","geometry":{"type":"Point","coordinates":[15.622207,48.546024]},"properties":{"w":0.441}},{"type":"Feature","geometry":{"type":"Point","coordinates":[14.668919,48.583447]},"properties":{"w":0.7944}},{"type":"Feature","geometry":{"type":"Point","coordinates":[14.274591,48.564565]},"properties":{"w":0.3865}},{"type":"Feature","geometry":{"type":"Point","coordinates":[16.595575,48.527306]},"properties":{"w":0.5895}},{"type":"Feature","geometry":{"type":"Point","coordinates":[16.655992,48.534623]},"properties":{"w":0.8174}},{"type":"Feature","geometry":{"type":"Point","coordinates":[16.570582,48.527375]},"properties":{"w":0.736}},{"type":"Feature","geometry":{"type":"Point","coordinates":[15.136136,48.550088]},"properties":{"w":0.4163}},{"type":"Feature","geometry":{"type":"Point","coordinates":[16.237996,48.549081]},"properties":{"w":0.823}},{"type":"Feature","geometry":{"type":"Point","coordinates":[16.008754,48.533157]},"properties":{"w":0.4954}},{"type":"Feature","geometry":{"type":"Point","coordinates":[16.526131,48.520104]},"properties":{"w":0.6728}},{"type":"Feature","geometry":{"type":"Point","coordinates":[16.499884,48.514651]},"properties":{"w":0.3499}},{"type":"Feature","geometry":{"type":"Point","coordinates":[15.731633,48.544797]},"properties":{"w":0.7074}},{"type":"Feature","geometry":{"type":"Point","coordinates":[16.826984,48.523201]},"properties":{"w":0.8991}},{"type":"Feature","geometry":{"type":"Point","coordinates":[15.820838,48.527152]},"properties":{"w":0.3445}},{"type":"Feature","geometry":{"type":"Point","coordinates":[14.769424,48.552742]},"properties":{"w":0.709}},{"type":"Feature","geometry":{"type":"Point","coordinates":[16.033795,48.522853]},"properties":{"w":0.4704}},{"type":"Feature","geometry":{"type":"Point","coordinates":[16.704452,48.500021]},"properties":{"w":0.4688}},{"type":"Feature","geometry":{"type":"Point","coordinates":[16.839906,48.497079]},"properties":{"w":0.5605}},{"type":"Feature","geometry":{"type":"Point","coordinates":[16.773666,48.498643]},"properties":{"w":0.5504}},{"type":"Feature","geometry":{"type":"Point","coordinates":[16.629646,48.491615]},"properties":{"w":0.4231}},{"type":"Feature","geometry":{"type":"Point","coordinates":[16.122578,48.528657]},"properties":{"w":0.8247}},{"type":"Feature","geometry":{"type":"Point","coordinates":[16.462628,48.506898]},"properties":{"w":0.7724}},{"type":"Feature","geometry":{"type":"Point","coordinates":[16.803752,48.493841]},"properties":{"w":0.8037}},{"type":"Feature","geometry":{"type":"Point","coordinates":[15.721391,48.512063]},"properties":{"w":0.3058}},{"type":"Feature","geometry":{"type":"Point","coordinates":[15.178523,48.520665]},"properties":{"w":0.3432}},{"type":"Feature","geometry":{"type":"Point","coordinates":[15.884872,48.505763]},"properties":{"w":0.4012}},{"type":"Feature","geometry":{"type":"Point","coordinates":[16.618924,48.48793]},"properties":{"w":0.3918}},{"type":"Feature","geometry":{"type":"Point","coordinates":[16.742678,48.48131]},"properties":{"w":0.3257}},{"type":"Feature","geometry":{"type":"Point","coordinates":[14.696332,48.53999]},"properties":{"w":0.7688}},{"type":"Feature","geometry":{"type":"Point","coordinates":[14.334132,48.53133]},"properties":{"w":0.5499}},{"type":"Feature","geometry":{"type":"Point","coordinates":[15.279412,48.505057]},"properties":{"w":0.4682}},{"type":"Feature","geometry":{"type":"Point","coordinates":[16.276825,48.491302]},"properties":{"w":0.664}},{"type":"Feature","geometry":{"type":"Point","coordinates":[15.640294,48.495777]},"properties":{"w":0.3841}},{"type":"Feature","geometry":{"type":"Point","coordinates":[16.308847,48.488137]},"properties":{"w":0.5461}},{"type":"Feature","geometry":{"type":"Point","coordinates":[14.338423,48.514911]},"properties":{"w":0.3519}},{"type":"Feature","geometry":{"type":"Point","coordinates":[15.578537,48.496129]},"properties":{"w":0.3696}},{"type":"Feature","geometry":{"type":"Point","coordinates":[14.857494,48.506454]},"properties":{"w":0.3023}},{"type":"Feature","geometry":{"type":"Point","coordinates":[15.930333,48.488348]},"properties":{"w":0.4425}},{"type":"Feature","geometry":{"type":"Point","coordinates":[15.514799,48.491055]},"properties":{"w":0.3458}},{"type":"Feature","geometry":{"type":"Point","coordinates":[15.625405,48.486616]},"properties":{"w":0.3814}},{"type":"Feature","geometry":{"type":"Point","coordinates":[14.75133,48.497788]},"properties":{"w":0.3998}},{"type":"Feature","geometry":{"type":"Point","coordinates":[14.331744,48.502443]},"properties":{"w":0.4438}},{"type":"Feature","geometry":{"type":"Point","coordinates":[15.916882,48.48455]},"properties":{"w":0.6301}},{"type":"Feature","geometry":{"type":"Point","coordinates":[15.564582,48.486926]},"properties":{"w":0.6014}},{"type":"Feature","geometry":{"type":"Point","coordinates":[16.123277,48.469953]},"properties":{"w":0.4372}},{"type":"Feature","geometry":{"type":"Point","coordinates":[16.470543,48.458587]},"properties":{"w":0.3969}},{"type":"Feature","geometry":{"type":"Point","coordinates":[14.758551,48.491112]},"properties":{"w":0.3665}},{"type":"Feature","geometry":{"type":"Point","coordinates":[15.195907,48.484763]},"properties":{"w":0.4749}},{"type":"Feature","geometry":{"type":"Point","coordinates":[16.241213,48.461061]},"properties":{"w":0.2875}},{"type":"Feature","geometry":{"type":"Point","coordinates":[15.535175,48.484647]},"properties":{"w":0.6335}},{"type":"Feature","geometry":{"type":"Point","coordinates":[16.334267,48.45972]},"properties":{"w":0.5162}},{"type":"Feature","geometry":{"type":"Point","coordinates":[16.016561,48.468763]},"properties":{"w":0.4979}},{"type":"Feature","geometry":{"type":"Point","coordinates":[14.871439,48.488887]},"properties":{"w":0.624}},{"type":"Feature","geometry":{"type":"Point","coordinates":[15.84211,48.473981]},"properties":{"w":0.65}},{"type":"Feature","geometry":{"type":"Point","coordinates":[16.560631,48.455963]},"properties":{"w":0.6137}},{"type":"Feature","geometry":{"type":"Point","coordinates":[15.77645,48.472946]},"properties":{"w":0.6963}},{"type":"Feature","geometry":{"type":"Point","coordinates":[16.69711,48.451644]},"properties":{"w":0.783}},{"type":"Feature","geometry":{"type":"Point","coordinates":[16.829601,48.441391]},"properties":{"w":0.6547}},{"type":"Feature","geometry":{"type":"Point","coordinates":[15.866917,48.461143]},"properties":{"w":0.5885}},{"type":"Feature","geometry":{"type":"Point","coordinates":[16.632813,48.436742]},"properties":{"w":0.3334}},{"type":"Feature","geometry":{"type":"Point","coordinates":[15.840797,48.45975]},"properties":{"w":0.4634}},{"type":"Feature","geometry":{"type":"Point","coordinates":[15.850153,48.454613]},"properties":{"w":0.4544}},{"type":"Feature","geometry":{"type":"Point","coordinates":[16.247407,48.448619]},"properties":{"w":0.5891}},{"type":"Feature","geometry":{"type":"Point","coordinates":[16.343007,48.445763]},"properties":{"w":0.619}},{"type":"Feature","geometry":{"type":"Point","coordinates":[16.551495,48.439323]},"properties":{"w":0.417}},{"type":"Feature","geometry":{"type":"Point","coordinates":[16.234173,48.443133]},"properties":{"w":0.3776}},{"type":"Feature","geometry":{"type":"Point","coordinates":[15.633559,48.461566]},"properties":{"w":0.5956}},{"type":"Feature","geometry":{"type":"Point","coordinates":[15.50502,48.451281]},"properties":{"w":0.3306}},{"type":"Feature","geometry":{"type":"Point","coordinates":[15.958075,48.442946]},"properties":{"w":0.5152}},{"type":"Feature","geometry":{"type":"Point","coordinates":[15.93599,48.446489]},"properties":{"w":0.6003}},{"type":"Feature","geometry":{"type":"Point","coordinates":[16.063607,48.436568]},"properties":{"w":0.3462}},{"type":"Feature","geometry":{"type":"Point","coordinates":[14.885564,48.460174]},"properties":{"w":0.5661}},{"type":"Feature","geometry":{"type":"Point","coordinates":[15.951377,48.436067]},"properties":{"w":0.3823}},{"type":"Feature","geometry":{"type":"Point","coordinates":[14.875474,48.450781]},"properties":{"w":0.3029}},{"type":"Feature","geometry":{"type":"Point","coordinates":[16.668455,48.432134]},"properties":{"w":0.8257}},{"type":"Feature","geometry":{"type":"Point","coordinates":[16.807044,48.41569]},"properties":{"w":0.5624}},{"type":"Feature","geometry":{"type":"Point","coordinates":[15.654129,48.448164]},"properties":{"w":0.726}},{"type":"Feature","geometry":{"type":"Point","coordinates":[16.0241,48.429106]},"properties":{"w":0.4901}},{"type":"Feature","geometry":{"type":"Point","coordinates":[16.779695,48.414059]},"properties":{"w":0.5613}},{"type":"Feature","geometry":{"type":"Point","coordinates":[16.440656,48.414855]},"properties":{"w":0.4267}},{"type":"Feature","geometry":{"type":"Point","coordinates":[16.734172,48.426121]},"properties":{"w":0.8722}},{"type":"Feature","geometry":{"type":"Point","coordinates":[15.237428,48.440549]},"properties":{"w":0.4455}},{"type":"Feature","geometry":{"type":"Point","coordinates":[16.331864,48.426872]},"properties":{"w":0.7413}},{"type":"Feature","geometry":{"type":"Point","coordinates":[15.539172,48.433593]},"properties":{"w":0.3148}},{"type":"Feature","geometry":{"type":"Point","coordinates":[16.100875,48.430167]},"properties":{"w":0.7099}},{"type":"Feature","geometry":{"type":"Point","coordinates":[16.04764,48.426569]},"properties":{"w":0.6927}},{"type":"Feature","geometry":{"type":"Point","coordinates":[16.206478,48.41332]},"properties":{"w":0.3017}},{"type":"Feature","geometry":{"type":"Point","coordinates":[16.761289,48.407559]},"properties":{"w":0.6149}},{"type":"Feature","geometry":{"type":"Point","coordinates":[16.128515,48.415524]},"properties":{"w":0.505}},{"type":"Feature","geometry":{"type":"Point","coordinates":[15.467569,48.419044]},"properties":{"w":0.4006}},{"type":"Feature","geometry":{"type":"Point","coordinates":[16.770481,48.38762]},"properties":{"w":0.3895}},{"type":"Feature","geometry":{"type":"Point","coordinates":[16.336411,48.404991]},"properties":{"w":0.6855}},{"type":"Feature","geometry":{"type":"Point","coordinates":[15.418045,48.412157]},"properties":{"w":0.4935}},{"type":"Feature","geometry":{"type":"Point","coordinates":[15.165424,48.417758]},"properties":{"w":0.6016}},{"type":"Feature","geometry":{"type":"Point","coordinates":[16.771906,48.376247]},"properties":{"w":0.5505}},{"type":"Feature","geometry":{"type":"Point","coordinates":[16.576865,48.406573]},"properties":{"w":0.9622}},{"type":"Feature","geometry":{"type":"Point","coordinates":[15.103873,48.404654]},"properties":{"w":0.417}},{"type":"Feature","geometry":{"type":"Point","coordinates":[14.957816,48.405866]},"properties":{"w":0.5093}},{"type":"Feature","geometry":{"type":"Point","coordinates":[14.921433,48.416713]},"properties":{"w":0.8071}},{"type":"Feature","geometry":{"type":"Point","coordinates":[16.049367,48.381238]},"properties":{"w":0.3424}},{"type":"Feature","geometry":{"type":"Point","coordinates":[15.969311,48.381689]},"properties":{"w":0.3996}},{"type":"Feature","geometry":{"type":"Point","coordinates":[15.997378,48.38046]},"properties":{"w":0.5597}},{"type":"Feature","geometry":{"type":"Point","coordinates":[15.010638,48.414432]},"properties":{"w":0.8162}},{"type":"Feature","geometry":{"type":"Point","coordinates":[16.818329,48.358347]},"properties":{"w":0.605}},{"type":"Feature","geometry":{"type":"Point","coordinates":[16.660369,48.355333]},"properties":{"w":0.5646}},{"type":"Feature","geometry":{"type":"Point","coordinates":[16.68796,48.347387]},"properties":{"w":0.2998}},{"type":"Feature","geometry":{"type":"Point","coordinates":[15.977734,48.370205]},"properties":{"w":0.5994}},{"type":"Feature","geometry":{"type":"Point","coordinates":[16.514379,48.347135]},"properties":{"w":0.373}},{"type":"Feature","geometry":{"type":"Point","coordinates":[15.075346,48.388526]},"properties":{"w":0.8488}},{"type":"Feature","geometry":{"type":"Point","coordinates":[16.823137,48.326515]},"properties":{"w":0.4496}},{"type":"Feature","geometry":{"type":"Point","coordinates":[16.619501,48.340163]},"properties":{"w":0.7477}},{"type":"Feature","geometry":{"type":"Point","coordinates":[15.485358,48.363797]},"properties":{"w":0.6958}},{"type":"Feature","geometry":{"type":"Point","coordinates":[16.807963,48.323771]},"properties":{"w":0.4017}},{"type":"Feature","geometry":{"type":"Point","coordinates":[16.521796,48.338411]},"properties":{"w":0.3949}},{"type":"Feature","geometry":{"type":"Point","coordinates":[15.452185,48.343873]},"properties":{"w":0.4651}},{"type":"Feature","geometry":{"type":"Point","coordinates":[15.58357,48.343606]},"properties":{"w":0.5896}},{"type":"Feature","geometry":{"type":"Point","coordinates":[15.108108,48.346684]},"properties":{"w":0.4167}},{"type":"Feature","geometry":{"type":"Point","coordinates":[16.552949,48.331185]},"properties":{"w":0.7656}},{"type":"Feature","geometry":{"type":"Point","coordinates":[16.734985,48.307688]},"properties":{"w":0.5095}},{"type":"Feature","geometry":{"type":"Point","coordinates":[15.533639,48.3382]},"properties":{"w":0.7325}},{"type":"Feature","geometry":{"type":"Point","coordinates":[16.775296,48.315628]},"properties":{"w":0.8214}},{"type":"Feature","geometry":{"type":"Point","coordinates":[16.529234,48.309353]},"properties":{"w":0.5418}},{"type":"Feature","geometry":{"type":"Point","coordinates":[15.324406,48.327367]},"properties":{"w":0.5525}},{"type":"Feature","geometry":{"type":"Point","coordinates":[15.762128,48.320011]},"properties":{"w":0.6137}},{"type":"Feature","geometry":{"type":"Point","coordinates":[15.542677,48.322263]},"properties":{"w":0.6032}},{"type":"Feature","geometry":{"type":"Point","coordinates":[15.972275,48.306772]},"properties":{"w":0.5775}},{"type":"Feature","geometry":{"type":"Point","coordinates":[16.036233,48.306085]},"properties":{"w":0.4267}},{"type":"Feature","geometry":{"type":"Point","coordinates":[15.549755,48.313454]},"properties":{"w":0.2941}},{"type":"Feature","geometry":{"type":"Point","coordinates":[16.849105,48.28339]},"properties":{"w":0.5269}},{"type":"Feature","geometry":{"type":"Point","coordinates":[16.649814,48.283741]},"properties":{"w":0.3301}},{"type":"Feature","geometry":{"type":"Point","coordinates":[16.739606,48.278445]},"properties":{"w":0.4436}},{"type":"Feature","geometry":{"type":"Point","coordinates":[15.011208,48.309191]},"properties":{"w":0.3996}},{"type":"Feature","geometry":{"type":"Point","coordinates":[15.031588,48.35344]},"properties":{"w":0.9601}},{"type":"Feature","geometry":{"type":"Point","coordinates":[16.861132,48.265855]},"properties":{"w":0.3838}},{"type":"Feature","geometry":{"type":"Point","coordinates":[14.072735,48.314176]},"properties":{"w":0.3875}},{"type":"Feature","geometry":{"type":"Point","coordinates":[16.562004,48.273933]},"properties":{"w":0.4086}},{"type":"Feature","geometry":{"type":"Point","coordinates":[16.675671,48.277805]},"properties":{"w":0.7312}},{"type":"Feature","geometry":{"type":"Point","coordinates":[16.773477,48.268701]},"properties":{"w":0.5876}},{"type":"Feature","geometry":{"type":"Point","coordinates":[14.075555,48.309901]},"properties":{"w":0.4372}},{"type":"Feature","geometry":{"type":"Point","coordinates":[15.748435,48.285106]},"properties":{"w":0.4977}},{"type":"Feature","geometry":{"type":"Point","coordinates":[16.843594,48.259294]},"properties":{"w":0.5958}},{"type":"Feature","geometry":{"type":"Point","coordinates":[16.583466,48.263351]},"properties":{"w":0.5412}},{"type":"Feature","geometry":{"type":"Point","coordinates":[15.518163,48.293509]},"properties":{"w":0.7099}},{"type":"Feature","geometry":{"type":"Point","coordinates":[15.010914,48.297057]},"properties":{"w":0.6115}},{"type":"Feature","geometry":{"type":"Point","coordinates":[16.59671,48.251466]},"properties":{"w":0.4146}},{"type":"Feature","geometry":{"type":"Point","coordinates":[16.670163,48.253497]},"properties":{"w":0.6487}},{"type":"Feature","geometry":{"type":"Point","coordinates":[16.674567,48.240798]},"properties":{"w":0.3766}},{"type":"Feature","geometry":{"type":"Point","coordinates":[16.724051,48.23658]},"properties":{"w":0.4326}},{"type":"Feature","geometry":{"type":"Point","coordinates":[16.721208,48.223172]},"properties":{"w":0.3282}},{"type":"Feature","geometry":{"type":"Point","coordinates":[16.569056,48.224362]},"properties":{"w":0.3325}},{"type":"Feature","geometry":{"type":"Point","coordinates":[16.598134,48.221777]},"properties":{"w":0.7195}},{"type":"Feature","geometry":{"type":"Point","coordinates":[15.494369,48.243982]},"properties":{"w":0.5913}},{"type":"Feature","geometry":{"type":"Point","coordinates":[16.826706,48.201106]},"properties":{"w":0.3776}},{"type":"Feature","geometry":{"type":"Point","coordinates":[16.884848,48.200804]},"properties":{"w":0.5797}},{"type":"Feature","geometry":{"type":"Point","coordinates":[16.600691,48.20512]},"properties":{"w":0.4599}},{"type":"Feature","geometry":{"type":"Point","coordinates":[16.676157,48.200492]},"properties":{"w":0.5885}},{"type":"Feature","geometry":{"type":"Point","coordinates":[14.43866,48.240203]},"properties":{"w":0.4892}},{"type":"Feature","geometry":{"type":"Point","coordinates":[15.088903,48.252267]},"properties":{"w":0.8413}},{"type":"Feature","geometry":{"type":"Point","coordinates":[16.693766,48.171428]},"properties":{"w":0.541}},{"type":"Feature","geometry":{"type":"Point","coordinates":[14.606883,48.206907]},"properties":{"w":0.3301}},{"type":"Feature","geometry":{"type":"Point","coordinates":[13.011425,48.211204]},"properties":{"w":0.3644}},{"type":"Feature","geometry":{"type":"Point","coordinates":[16.646001,48.167477]},"properties":{"w":0.4626}},{"type":"Feature","geometry":{"type":"Point","coordinates":[14.611799,48.199819]},"properties":{"w":0.3814}},{"type":"Feature","geometry":{"type":"Point","coordinates":[13.05265,48.211789]},"properties":{"w":0.6095}},{"type":"Feature","geometry":{"type":"Point","coordinates":[15.326411,48.178261]},"properties":{"w":0.4536}},{"type":"Feature","geometry":{"type":"Point","coordinates":[14.778706,48.184782]},"properties":{"w":0.5533}},{"type":"Feature","geometry":{"type":"Point","coordinates":[12.922973,48.196253]},"properties":{"w":0.6439}},{"type":"Feature","geometry":{"type":"Point","coordinates":[14.612079,48.18919]},"properties":{"w":0.7114}},{"type":"Feature","geometry":{"type":"Point","coordinates":[14.983487,48.160403]},"properties":{"w":0.4476}},{"type":"Feature","geometry":{"type":"Point","coordinates":[13.084015,48.168644]},"properties":{"w":0.2986}},{"type":"Feature","geometry":{"type":"Point","coordinates":[12.901571,48.172635]},"properties":{"w":0.698}},{"type":"Feature","geometry":{"type":"Point","coordinates":[15.772955,48.134894]},"properties":{"w":0.3202}},{"type":"Feature","geometry":{"type":"Point","coordinates":[14.566058,48.154413]},"properties":{"w":0.383}},{"type":"Feature","geometry":{"type":"Point","coordinates":[16.955694,48.104389]},"properties":{"w":0.4546}},{"type":"Feature","geometry":{"type":"Point","coordinates":[14.554891,48.152316]},"properties":{"w":0.2935}},{"type":"Feature","geometry":{"type":"Point","coordinates":[12.896631,48.155292]},"properties":{"w":0.4823}},{"type":"Feature","geometry":{"type":"Point","coordinates":[16.948828,48.094357]},"properties":{"w":0.4022}},{"type":"Feature","geometry":{"type":"Point","coordinates":[15.724182,48.125559]},"properties":{"w":0.5441}},{"type":"Feature","geometry":{"type":"Point","coordinates":[16.901184,48.097794]},"properties":{"w":0.7786}},{"type":"Feature","geometry":{"type":"Point","coordinates":[16.727405,48.090031]},"properties":{"w":0.8563}},{"type":"Feature","geometry":{"type":"Point","coordinates":[15.796236,48.103846]},"properties":{"w":0.4135}},{"type":"Feature","geometry":{"type":"Point","coordinates":[17.0324,48.069096]},"properties":{"w":0.5624}},{"type":"Feature","geometry":{"type":"Point","coordinates":[16.833158,48.087566]},"properties":{"w":0.7843}},{"type":"Feature","geometry":{"type":"Point","coordinates":[12.776584,48.117894]},"properties":{"w":0.6525}},{"type":"Feature","geometry":{"type":"Point","coordinates":[12.835669,48.11289]},"properties":{"w":0.4451}},{"type":"Feature","geometry":{"type":"Point","coordinates":[12.901751,48.110604]},"properties":{"w":0.3375}},{"type":"Feature","geometry":{"type":"Point","coordinates":[16.907972,48.057124]},"properties":{"w":0.4101}},{"type":"Feature","geometry":{"type":"Point","coordinates":[15.718983,48.087217]},"properties":{"w":0.4354}},{"type":"Feature","geometry":{"type":"Point","coordinates":[12.807858,48.115234]},"properties":{"w":0.6679}},{"type":"Feature","geometry":{"type":"Point","coordinates":[16.675291,48.061486]},"properties":{"w":0.355}},{"type":"Feature","geometry":{"type":"Point","coordinates":[16.484911,48.07176]},"properties":{"w":0.6658}},{"type":"Feature","geometry":{"type":"Point","coordinates":[16.681712,48.06442]},"properties":{"w":0.3306}},{"type":"Feature","geometry":{"type":"Point","coordinates":[16.401312,48.066434]},"properties":{"w":0.3029}},{"type":"Feature","geometry":{"type":"Point","coordinates":[16.99404,48.066827]},"properties":{"w":0.7751}},{"type":"Feature","geometry":{"type":"Point","coordinates":[12.917148,48.103784]},"properties":{"w":0.3361}},{"type":"Feature","geometry":{"type":"Point","coordinates":[16.769673,48.053111]},"properties":{"w":0.4639}},{"type":"Feature","geometry":{"type":"Point","coordinates":[15.793533,48.075176]},"properties":{"w":0.3252}},{"type":"Feature","geometry":{"type":"Point","coordinates":[17.076293,48.04233]},"properties":{"w":0.5111}},{"type":"Feature","geometry":{"type":"Point","coordinates":[16.484411,48.060691]},"properties":{"w":0.5212}},{"type":"Feature","geometry":{"type":"Point","coordinates":[16.804798,48.050254]},"properties":{"w":0.4862}},{"type":"Feature","geometry":{"type":"Point","coordinates":[14.148227,48.094396]},"properties":{"w":0.451}},{"type":"Feature","geometry":{"type":"Point","coordinates":[13.341336,48.095017]},"properties":{"w":0.4524}},{"type":"Feature","geometry":{"type":"Point","coordinates":[15.775919,48.070218]},"properties":{"w":0.4315}},{"type":"Feature","geometry":{"type":"Point","coordinates":[16.413781,48.058651]},"properties":{"w":0.6701}},{"type":"Feature","geometry":{"type":"Point","coordinates":[16.476151,48.054969]},"properties":{"w":0.5692}},{"type":"Feature","geometry":{"type":"Point","coordinates":[17.111806,48.029018]},"properties":{"w":0.3436}},{"type":"Feature","geometry":{"type":"Point","coordinates":[16.914727,48.037922]},"properties":{"w":0.4088}},{"type":"Feature","geometry":{"type":"Point","coordinates":[16.708811,48.041788]},"properties":{"w":0.6202}},{"type":"Feature","geometry":{"type":"Point","coordinates":[16.863716,48.035219]},"properties":{"w":0.6138}},{"type":"Feature","geometry":{"type":"Point","coordinates":[17.003672,48.03666]},"properties":{"w":0.6873}},{"type":"Feature","geometry":{"type":"Point","coordinates":[16.733771,48.03557]},"properties":{"w":0.5638}},{"type":"Feature","geometry":{"type":"Point","coordinates":[16.838689,48.028405]},"properties":{"w":0.3907}},{"type":"Feature","geometry":{"type":"Point","coordinates":[12.877792,48.094632]},"properties":{"w":0.7894}},{"type":"Feature","geometry":{"type":"Point","coordinates":[16.543294,48.033527]},"properties":{"w":0.3339}},{"type":"Feature","geometry":{"type":"Point","coordinates":[16.541254,48.02898]},"properties":{"w":0.3445}},{"type":"Feature","geometry":{"type":"Point","coordinates":[16.900359,48.027594]},"properties":{"w":0.667}},{"type":"Feature","geometry":{"type":"Point","coordinates":[16.351723,48.040973]},"properties":{"w":0.6042}},{"type":"Feature","geometry":{"type":"Point","coordinates":[14.959026,48.061109]},"properties":{"w":0.2888}},{"type":"Feature","geometry":{"type":"Point","coordinates":[17.062519,48.013519]},"properties":{"w":0.5672}},{"type":"Feature","geometry":{"type":"Point","coordinates":[15.526254,48.046288]},"properties":{"w":0.2922}},{"type":"Feature","geometry":{"type":"Point","coordinates":[16.348882,48.028166]},"properties":{"w":0.3052}},{"type":"Feature","geometry":{"type":"Point","coordinates":[16.827222,48.019797]},"properties":{"w":0.6169}},{"type":"Feature","geometry":{"type":"Point","coordinates":[15.372261,48.042982]},"properties":{"w":0.3393}},{"type":"Feature","geometry":{"type":"Point","coordinates":[16.347715,48.021597]},"properties":{"w":0.3604}},{"type":"Feature","geometry":{"type":"Point","coordinates":[13.424806,48.071436]},"properties":{"w":0.6617}},{"type":"Feature","geometry":{"type":"Point","coordinates":[16.539381,48.019797]},"properties":{"w":0.6779}},{"type":"Feature","geometry":{"type":"Point","coordinates":[17.028219,48.005495]},"properties":{"w":0.6882}},{"type":"Feature","geometry":{"type":"Point","coordinates":[16.690512,48.004877]},"properties":{"w":0.4657}},{"type":"Feature","geometry":{"type":"Point","coordinates":[15.553441,48.028965]},"properties":{"w":0.331}},{"type":"Feature","geometry":{"type":"Point","coordinates":[16.406764,48.008056]},"properties":{"w":0.6216}},{"type":"Feature","geometry":{"type":"Point","coordinates":[15.075155,48.032243]},"properties":{"w":0.5313}},{"type":"Feature","geometry":{"type":"Point","coordinates":[16.962887,47.98977]},"properties":{"w":0.6412}},{"type":"Feature","geometry":{"type":"Point","coordinates":[16.625769,47.999876]},"properties":{"w":0.6387}},{"type":"Feature","geometry":{"type":"Point","coordinates":[15.518568,48.019207]},"properties":{"w":0.412}},{"type":"Feature","geometry":{"type":"Point","coordinates":[15.352942,48.020816]},"properties":{"w":0.3737}},{"type":"Feature","geometry":{"type":"Point","coordinates":[16.401389,47.997781]},"properties":{"w":0.4843}},{"type":"Feature","geometry":{"type":"Point","coordinates":[15.674145,48.012474]},"properties":{"w":0.3131}},{"type":"Feature","geometry":{"type":"Point","coordinates":[13.270476,48.068282]},"properties":{"w":1.0}},{"type":"Feature","geometry":{"type":"Point","coordinates":[16.388148,47.99598]},"properties":{"w":0.403}},{"type":"Feature","geometry":{"type":"Point","coordinates":[15.624532,48.008866]},"properties":{"w":0.3087}},{"type":"Feature","geometry":{"type":"Point","coordinates":[15.701067,48.008953]},"properties":{"w":0.2961}},{"type":"Feature","geometry":{"type":"Point","coordinates":[16.424808,47.998164]},"properties":{"w":0.6078}},{"type":"Feature","geometry":{"type":"Point","coordinates":[16.378106,47.993772]},"properties":{"w":0.419}},{"type":"Feature","geometry":{"type":"Point","coordinates":[15.760327,48.007293]},"properties":{"w":0.3723}},{"type":"Feature","geometry":{"type":"Point","coordinates":[15.509443,48.008758]},"properties":{"w":0.4889}},{"type":"Feature","geometry":{"type":"Point","coordinates":[15.841321,48.012928]},"properties":{"w":0.6758}},{"type":"Feature","geometry":{"type":"Point","coordinates":[17.065833,47.978948]},"properties":{"w":0.833}},{"type":"Feature","geometry":{"type":"Point","coordinates":[16.920784,47.975887]},"properties":{"w":0.8041}},{"type":"Feature","geometry":{"type":"Point","coordinates":[16.537055,47.977006]},"properties":{"w":0.3878}},{"type":"Feature","geometry":{"type":"Point","coordinates":[15.690679,47.995114]},"properties":{"w":0.467}},{"type":"Feature","geometry":{"type":"Point","coordinates":[15.517486,47.995253]},"properties":{"w":0.3034}},{"type":"Feature","geometry":{"type":"Point","coordinates":[13.375575,48.058207]},"properties":{"w":0.9137}},{"type":"Feature","geometry":{"type":"Point","coordinates":[16.91639,47.960815]},"properties":{"w":0.4009}},{"type":"Feature","geometry":{"type":"Point","coordinates":[16.367468,47.978035]},"properties":{"w":0.4354}},{"type":"Feature","geometry":{"type":"Point","coordinates":[15.775913,47.988691]},"properties":{"w":0.434}},{"type":"Feature","geometry":{"type":"Point","coordinates":[15.483185,47.992468]},"properties":{"w":0.2888}},{"type":"Feature","geometry":{"type":"Point","coordinates":[15.507369,47.998808]},"properties":{"w":0.4967}},{"type":"Feature","geometry":{"type":"Point","coordinates":[15.883632,47.990728]},"properties":{"w":0.6286}},{"type":"Feature","geometry":{"type":"Point","coordinates":[15.85624,47.990977]},"properties":{"w":0.5933}},{"type":"Feature","geometry":{"type":"Point","coordinates":[16.477595,47.972985]},"properties":{"w":0.6454}},{"type":"Feature","geometry":{"type":"Point","coordinates":[16.569555,47.964149]},"properties":{"w":0.373}},{"type":"Feature","geometry":{"type":"Point","coordinates":[16.371207,47.967783]},"properties":{"w":0.3222}},{"type":"Feature","geometry":{"type":"Point","coordinates":[16.488669,47.965829]},"properties":{"w":0.5479}},{"type":"Feature","geometry":{"type":"Point","coordinates":[15.512984,47.986326]},"properties":{"w":0.3397}},{"type":"Feature","geometry":{"type":"Point","coordinates":[16.360108,47.966158]},"properties":{"w":0.3604}},{"type":"Feature","geometry":{"type":"Point","coordinates":[14.44154,47.999217]},"properties":{"w":0.4374}},{"type":"Feature","geometry":{"type":"Point","coordinates":[16.979663,47.947365]},"properties":{"w":0.4701}},{"type":"Feature","geometry":{"type":"Point","coordinates":[15.487537,47.983335]},"properties":{"w":0.4211}},{"type":"Feature","geometry":{"type":"Point","coordinates":[14.456727,47.995504]},"properties":{"w":0.4926}},{"type":"Feature","geometry":{"type":"Point","coordinates":[16.552998,47.964025]},"properties":{"w":0.6238}},{"type":"Feature","geometry":{"type":"Point","coordinates":[14.950453,47.992055]},"properties":{"w":0.3938}},{"type":"Feature","geometry":{"type":"Point","coordinates":[16.971335,47.942554]},"properties":{"w":0.4657}},{"type":"Feature","geometry":{"type":"Point","coordinates":[15.653573,47.976035]},"properties":{"w":0.3191}},{"type":"Feature","geometry":{"type":"Point","coordinates":[15.53509,47.975268]},"properties":{"w":0.311}},{"type":"Feature","geometry":{"type":"Point","coordinates":[15.783901,47.971317]},"properties":{"w":0.3432}},{"type":"Feature","geometry":{"type":"Point","coordinates":[15.700978,47.970142]},"properties":{"w":0.37}},{"type":"Feature","geometry":{"type":"Point","coordinates":[15.473437,47.973249]},"properties":{"w":0.2875}},{"type":"Feature","geometry":{"type":"Point","coordinates":[16.370897,47.958087]},"properties":{"w":0.4222}},{"type":"Feature","geometry":{"type":"Point","coordinates":[14.915194,47.988501]},"properties":{"w":0.6449}},{"type":"Feature","geometry":{"type":"Point","coordinates":[15.766057,47.968721]},"properties":{"w":0.3851}},{"type":"Feature","geometry":{"type":"Point","coordinates":[14.467754,47.989129]},"properties":{"w":0.571}},{"type":"Feature","geometry":{"type":"Point","coordinates":[15.891665,47.967919]},"properties":{"w":0.5175}},{"type":"Feature","geometry":{"type":"Point","coordinates":[15.458599,47.971773]},"properties":{"w":0.4874}},{"type":"Feature","geometry":{"type":"Point","coordinates":[15.444511,47.96902]},"properties":{"w":0.3531}},{"type":"Feature","geometry":{"type":"Point","coordinates":[15.855078,47.967808]},"properties":{"w":0.4623}},{"type":"Feature","geometry":{"type":"Point","coordinates":[16.373933,47.951133]},"properties":{"w":0.4184}},{"type":"Feature","geometry":{"type":"Point","coordinates":[16.545453,47.943996]},"properties":{"w":0.3682}},{"type":"Feature","geometry":{"type":"Point","coordinates":[15.128967,47.977062]},"properties":{"w":0.462}},{"type":"Feature","geometry":{"type":"Point","coordinates":[15.680221,47.962467]},"properties":{"w":0.4006}},{"type":"Feature","geometry":{"type":"Point","coordinates":[17.036704,47.927299]},"properties":{"w":0.5591}},{"type":"Feature","geometry":{"type":"Point","coordinates":[15.826023,47.95901]},"properties":{"w":0.3458}},{"type":"Feature","geometry":{"type":"Point","coordinates":[16.899442,47.949695]},"properties":{"w":0.8022}},{"type":"Feature","geometry":{"type":"Point","coordinates":[15.891515,47.954534]},"properties":{"w":0.3466}},{"type":"Feature","geometry":{"type":"Point","coordinates":[15.67933,47.957969]},"properties":{"w":0.3466}},{"type":"Feature","geometry":{"type":"Point","coordinates":[14.473053,47.978123]},"properties":{"w":0.3277}},{"type":"Feature","geometry":{"type":"Point","coordinates":[15.654144,47.958969]},"properties":{"w":0.3651}},{"type":"Feature","geometry":{"type":"Point","coordinates":[15.459782,47.959641]},"properties":{"w":0.3397}},{"type":"Feature","geometry":{"type":"Point","coordinates":[14.462791,47.974962]},"properties":{"w":0.3252}},{"type":"Feature","geometry":{"type":"Point","coordinates":[14.987269,47.966957]},"properties":{"w":0.3093}},{"type":"Feature","geometry":{"type":"Point","coordinates":[15.664196,47.955975]},"properties":{"w":0.3353}},{"type":"Feature","geometry":{"type":"Point","coordinates":[15.440353,47.958955]},"properties":{"w":0.3562}},{"type":"Feature","geometry":{"type":"Point","coordinates":[16.530354,47.938851]},"properties":{"w":0.5908}},{"type":"Feature","geometry":{"type":"Point","coordinates":[16.518535,47.936001]},"properties":{"w":0.4137}},{"type":"Feature","geometry":{"type":"Point","coordinates":[15.838773,47.95377]},"properties":{"w":0.3325}},{"type":"Feature","geometry":{"type":"Point","coordinates":[15.13204,47.964532]},"properties":{"w":0.4517}},{"type":"Feature","geometry":{"type":"Point","coordinates":[15.86925,47.950564]},"properties":{"w":0.3023}},{"type":"Feature","geometry":{"type":"Point","coordinates":[15.504948,47.955566]},"properties":{"w":0.3402}},{"type":"Feature","geometry":{"type":"Point","coordinates":[15.092996,47.964915]},"properties":{"w":0.5191}},{"type":"Feature","geometry":{"type":"Point","coordinates":[15.78313,47.950442]},"properties":{"w":0.405}},{"type":"Feature","geometry":{"type":"Point","coordinates":[15.81965,47.948808]},"properties":{"w":0.3247}},{"type":"Feature","geometry":{"type":"Point","coordinates":[14.501401,47.970219]},"properties":{"w":0.3823}},{"type":"Feature","geometry":{"type":"Point","coordinates":[15.855447,47.947232]},"properties":{"w":0.3952}},{"type":"Feature","geometry":{"type":"Point","coordinates":[14.954929,47.961826]},"properties":{"w":0.307}},{"type":"Feature","geometry":{"type":"Point","coordinates":[15.800256,47.949938]},"properties":{"w":0.495}},{"type":"Feature","geometry":{"type":"Point","coordinates":[15.487366,47.952605]},"properties":{"w":0.3499}},{"type":"Feature","geometry":{"type":"Point","coordinates":[15.897784,47.943771]},"properties":{"w":0.2922}},{"type":"Feature","geometry":{"type":"Point","coordinates":[15.617571,47.956371]},"properties":{"w":0.5777}},{"type":"Feature","geometry":{"type":"Point","coordinates":[15.885456,47.948301]},"properties":{"w":0.4259}},{"type":"Feature","geometry":{"type":"Point","coordinates":[15.639189,47.951908]},"properties":{"w":0.5252}},{"type":"Feature","geometry":{"type":"Point","coordinates":[15.67231,47.948239]},"properties":{"w":0.3164}},{"type":"Feature","geometry":{"type":"Point","coordinates":[15.690999,47.947368]},"properties":{"w":0.331}},{"type":"Feature","geometry":{"type":"Point","coordinates":[14.962023,47.959404]},"properties":{"w":0.3592}},{"type":"Feature","geometry":{"type":"Point","coordinates":[15.832161,47.944274]},"properties":{"w":0.3415}},{"type":"Feature","geometry":{"type":"Point","coordinates":[15.927251,47.941824]},"properties":{"w":0.3753}},{"type":"Feature","geometry":{"type":"Point","coordinates":[15.654048,47.947425]},"properties":{"w":0.3661}},{"type":"Feature","geometry":{"type":"Point","coordinates":[15.437059,47.952637]},"properties":{"w":0.3947}},{"type":"Feature","geometry":{"type":"Point","coordinates":[16.043023,47.940013]},"properties":{"w":0.4399}},{"type":"Feature","geometry":{"type":"Point","coordinates":[15.662728,47.946562]},"properties":{"w":0.3848}},{"type":"Feature","geometry":{"type":"Point","coordinates":[15.772474,47.945985]},"properties":{"w":0.3287}},{"type":"Feature","geometry":{"type":"Point","coordinates":[14.98678,47.958548]},"properties":{"w":0.4566}},{"type":"Feature","geometry":{"type":"Point","coordinates":[15.783192,47.942879]},"properties":{"w":0.3558}},{"type":"Feature","geometry":{"type":"Point","coordinates":[15.845878,47.939808]},"properties":{"w":0.3466}},{"type":"Feature","geometry":{"type":"Point","coordinates":[16.363367,47.940555]},"properties":{"w":0.7282}},{"type":"Feature","geometry":{"type":"Point","coordinates":[16.636378,47.947934]},"properties":{"w":0.8725}},{"type":"Feature","geometry":{"type":"Point","coordinates":[15.564699,47.943133]},"properties":{"w":0.3676}},{"type":"Feature","geometry":{"type":"Point","coordinates":[15.853954,47.936722]},"properties":{"w":0.3478}},{"type":"Feature","geometry":{"type":"Point","coordinates":[15.665265,47.939415]},"properties":{"w":0.4188}},{"type":"Feature","geometry":{"type":"Point","coordinates":[15.768037,47.933415]},"properties":{"w":0.2968}},{"type":"Feature","geometry":{"type":"Point","coordinates":[16.954519,47.92281]},"properties":{"w":0.8707}},{"type":"Feature","geometry":{"type":"Point","coordinates":[15.55842,47.938108]},"properties":{"w":0.332}},{"type":"Feature","geometry":{"type":"Point","coordinates":[15.543286,47.938907]},"properties":{"w":0.2875}},{"type":"Feature","geometry":{"type":"Point","coordinates":[15.968644,47.928279]},"properties":{"w":0.304}},{"type":"Feature","geometry":{"type":"Point","coordinates":[15.734634,47.932198]},"properties":{"w":0.298}},{"type":"Feature","geometry":{"type":"Point","coordinates":[15.799903,47.933487]},"properties":{"w":0.4689}},{"type":"Feature","geometry":{"type":"Point","coordinates":[15.642256,47.933917]},"properties":{"w":0.4103}},{"type":"Feature","geometry":{"type":"Point","coordinates":[15.75638,47.935045]},"properties":{"w":0.3466}},{"type":"Feature","geometry":{"type":"Point","coordinates":[15.713133,47.932575]},"properties":{"w":0.3004}},{"type":"Feature","geometry":{"type":"Point","coordinates":[15.552929,47.935004]},"properties":{"w":0.3629}},{"type":"Feature","geometry":{"type":"Point","coordinates":[15.167201,47.939523]},"properties":{"w":0.3357}},{"type":"Feature","geometry":{"type":"Point","coordinates":[15.208949,47.937993]},"properties":{"w":0.3116}},{"type":"Feature","geometry":{"type":"Point","coordinates":[15.538711,47.935699]},"properties":{"w":0.3865}},{"type":"Feature","geometry":{"type":"Point","coordinates":[15.711062,47.928832]},"properties":{"w":0.2875}},{"type":"Feature","geometry":{"type":"Point","coordinates":[14.54427,47.952341]},"properties":{"w":0.5881}},{"type":"Feature","geometry":{"type":"Point","coordinates":[15.252859,47.937519]},"properties":{"w":0.432}},{"type":"Feature","geometry":{"type":"Point","coordinates":[15.83741,47.927359]},"properties":{"w":0.7102}},{"type":"Feature","geometry":{"type":"Point","coordinates":[13.333769,47.948312]},"properties":{"w":0.3622}},{"type":"Feature","geometry":{"type":"Point","coordinates":[15.660048,47.922884]},"properties":{"w":0.3121}},{"type":"Feature","geometry":{"type":"Point","coordinates":[15.651813,47.92323]},"properties":{"w":0.3682}},{"type":"Feature","geometry":{"type":"Point","coordinates":[15.774413,47.918178]},"properties":{"w":0.301}},{"type":"Feature","geometry":{"type":"Point","coordinates":[15.574418,47.935749]},"properties":{"w":0.5882}},{"type":"Feature","geometry":{"type":"Point","coordinates":[14.920206,47.931757]},"properties":{"w":0.3076}},{"type":"Feature","geometry":{"type":"Point","coordinates":[14.723767,47.934205]},"properties":{"w":0.3064}},{"type":"Feature","geometry":{"type":"Point","coordinates":[15.731311,47.917565]},"properties":{"w":0.3466}},{"type":"Feature","geometry":{"type":"Point","coordinates":[15.868597,47.919207]},"properties":{"w":0.563}},{"type":"Feature","geometry":{"type":"Point","coordinates":[15.216333,47.927654]},"properties":{"w":0.5511}},{"type":"Feature","geometry":{"type":"Point","coordinates":[14.732276,47.931133]},"properties":{"w":0.3733}},{"type":"Feature","geometry":{"type":"Point","coordinates":[15.823839,47.914008]},"properties":{"w":0.364}},{"type":"Feature","geometry":{"type":"Point","coordinates":[15.832496,47.914135]},"properties":{"w":0.3679}},{"type":"Feature","geometry":{"type":"Point","coordinates":[15.514034,47.915162]},"properties":{"w":0.2875}},{"type":"Feature","geometry":{"type":"Point","coordinates":[15.727481,47.911673]},"properties":{"w":0.3116}},{"type":"Feature","geometry":{"type":"Point","coordinates":[15.881765,47.910134]},"properties":{"w":0.3527}},{"type":"Feature","geometry":{"type":"Point","coordinates":[14.560805,47.931393]},"properties":{"w":0.3881}},{"type":"Feature","geometry":{"type":"Point","coordinates":[14.718322,47.926326]},"properties":{"w":0.3366}},{"type":"Feature","geometry":{"type":"Point","coordinates":[15.419099,47.925597]},"properties":{"w":0.6429}},{"type":"Feature","geometry":{"type":"Point","coordinates":[15.6985,47.910021]},"properties":{"w":0.4004}},{"type":"Feature","geometry":{"type":"Point","coordinates":[14.872956,47.924462]},"properties":{"w":0.4217}},{"type":"Feature","geometry":{"type":"Point","coordinates":[15.805535,47.910724]},"properties":{"w":0.6032}},{"type":"Feature","geometry":{"type":"Point","coordinates":[15.333783,47.922016]},"properties":{"w":0.4366}},{"type":"Feature","geometry":{"type":"Point","coordinates":[15.840298,47.91005]},"properties":{"w":0.371}},{"type":"Feature","geometry":{"type":"Point","coordinates":[15.849884,47.90967]},"properties":{"w":0.4913}},{"type":"Feature","geometry":{"type":"Point","coordinates":[15.649818,47.90868]},"properties":{"w":0.3503}},{"type":"Feature","geometry":{"type":"Point","coordinates":[15.812623,47.904612]},"properties":{"w":0.298}},{"type":"Feature","geometry":{"type":"Point","coordinates":[15.870556,47.908152]},"properties":{"w":0.4257}},{"type":"Feature","geometry":{"type":"Point","coordinates":[15.50813,47.909859]},"properties":{"w":0.3543}},{"type":"Feature","geometry":{"type":"Point","coordinates":[17.051237,47.903142]},"properties":{"w":0.8729}},{"type":"Feature","geometry":{"type":"Point","coordinates":[15.649966,47.903177]},"properties":{"w":0.3232}},{"type":"Feature","geometry":{"type":"Point","coordinates":[15.526443,47.907536]},"properties":{"w":0.317}},{"type":"Feature","geometry":{"type":"Point","coordinates":[17.012613,47.868413]},"properties":{"w":0.4071}},{"type":"Feature","geometry":{"type":"Point","coordinates":[14.969871,47.915067]},"properties":{"w":0.3093}},{"type":"Feature","geometry":{"type":"Point","coordinates":[14.876766,47.914982]},"properties":{"w":0.2922}},{"type":"Feature","geometry":{"type":"Point","coordinates":[15.887304,47.8987]},"properties":{"w":0.4046}},{"type":"Feature","geometry":{"type":"Point","coordinates":[14.909911,47.91404]},"properties":{"w":0.3287}},{"type":"Feature","geometry":{"type":"Point","coordinates":[15.76449,47.900082]},"properties":{"w":0.4561}},{"type":"Feature","geometry":{"type":"Point","coordinates":[15.540488,47.90224]},"properties":{"w":0.3325}},{"type":"Feature","geometry":{"type":"Point","coordinates":[14.816383,47.912318]},"properties":{"w":0.3353}},{"type":"Feature","geometry":{"type":"Point","coordinates":[16.162904,47.891702]},"properties":{"w":0.687}},{"type":"Feature","geometry":{"type":"Point","coordinates":[14.987935,47.907264]},"properties":{"w":0.3216}},{"type":"Feature","geometry":{"type":"Point","coordinates":[15.395016,47.903711]},"properties":{"w":0.386}},{"type":"Feature","geometry":{"type":"Point","coordinates":[15.806895,47.898216]},"properties":{"w":0.5015}},{"type":"Feature","geometry":{"type":"Point","coordinates":[15.536031,47.896475]},"properties":{"w":0.2902}},{"type":"Feature","geometry":{"type":"Point","coordinates":[15.809314,47.891037]},"properties":{"w":0.2875}},{"type":"Feature","geometry":{"type":"Point","coordinates":[14.894153,47.907416]},"properties":{"w":0.3503}},{"type":"Feature","geometry":{"type":"Point","coordinates":[15.695765,47.898946]},"properties":{"w":0.5132}},{"type":"Feature","geometry":{"type":"Point","coordinates":[15.548035,47.895506]},"properties":{"w":0.3515}},{"type":"Feature","geometry":{"type":"Point","coordinates":[14.292298,47.912862]},"properties":{"w":0.3644}},{"type":"Feature","geometry":{"type":"Point","coordinates":[15.782918,47.896523]},"properties":{"w":0.6081}},{"type":"Feature","geometry":{"type":"Point","coordinates":[15.565719,47.902672]},"properties":{"w":0.4451}},{"type":"Feature","geometry":{"type":"Point","coordinates":[15.656895,47.891425]},"properties":{"w":0.3977}},{"type":"Feature","geometry":{"type":"Point","coordinates":[12.997952,47.914589]},"properties":{"w":0.386}},{"type":"Feature","geometry":{"type":"Point","coordinates":[15.539185,47.89165]},"properties":{"w":0.3789}},{"type":"Feature","geometry":{"type":"Point","coordinates":[15.441866,47.898886]},"properties":{"w":0.4058}},{"type":"Feature","geometry":{"type":"Point","coordinates":[15.823724,47.886765]},"properties":{"w":0.4305}},{"type":"Feature","geometry":{"type":"Point","coordinates":[15.645881,47.889]},"properties":{"w":0.3889}},{"type":"Feature","geometry":{"type":"Point","coordinates":[14.055657,47.909943]},"properties":{"w":0.3411}},{"type":"Feature","geometry":{"type":"Point","coordinates":[14.853509,47.899731]},"properties":{"w":0.3393}},{"type":"Feature","geometry":{"type":"Point","coordinates":[14.804892,47.90842]},"properties":{"w":0.6113}},{"type":"Feature","geometry":{"type":"Point","coordinates":[14.652787,47.903215]},"properties":{"w":0.3966}},{"type":"Feature","geometry":{"type":"Point","coordinates":[15.554127,47.887529]},"properties":{"w":0.3301}},{"type":"Feature","geometry":{"type":"Point","coordinates":[15.381329,47.902408]},"properties":{"w":0.6295}},{"type":"Feature","geometry":{"type":"Point","coordinates":[12.981636,47.907955]},"properties":{"w":0.4544}},{"type":"Feature","geometry":{"type":"Point","coordinates":[15.421537,47.89518]},"properties":{"w":0.4209}},{"type":"Feature","geometry":{"type":"Point","coordinates":[15.782406,47.883992]},"properties":{"w":0.4522}},{"type":"Feature","geometry":{"type":"Point","coordinates":[14.859137,47.896384]},"properties":{"w":0.3247}},{"type":"Feature","geometry":{"type":"Point","coordinates":[15.547448,47.883665]},"properties":{"w":0.298}},{"type":"Feature","geometry":{"type":"Point","coordinates":[15.336573,47.898739]},"properties":{"w":0.7241}},{"type":"Feature","geometry":{"type":"Point","coordinates":[15.803071,47.881775]},"properties":{"w":0.5346}},{"type":"Feature","geometry":{"type":"Point","coordinates":[16.494799,47.885349]},"properties":{"w":0.8975}},{"type":"Feature","geometry":{"type":"Point","coordinates":[15.740269,47.877641]},"properties":{"w":0.2922}},{"type":"Feature","geometry":{"type":"Point","coordinates":[14.371975,47.897832]},"properties":{"w":0.3966}},{"type":"Feature","geometry":{"type":"Point","coordinates":[14.651534,47.894946]},"properties":{"w":0.4078}},{"type":"Feature","geometry":{"type":"Point","coordinates":[16.891634,47.861705]},"properties":{"w":0.8204}},{"type":"Feature","geometry":{"type":"Point","coordinates":[15.505625,47.881915]},"properties":{"w":0.386}},{"type":"Feature","geometry":{"type":"Point","coordinates":[15.657367,47.881233]},"properties":{"w":0.5226}},{"type":"Feature","geometry":{"type":"Point","coordinates":[14.63081,47.893168]},"properties":{"w":0.434}},{"type":"Feature","geometry":{"type":"Point","coordinates":[15.55034,47.877725]},"properties":{"w":0.3064}},{"type":"Feature","geometry":{"type":"Point","coordinates":[14.910132,47.888429]},"properties":{"w":0.3924}},{"type":"Feature","geometry":{"type":"Point","coordinates":[15.475905,47.877669]},"properties":{"w":0.3076}},{"type":"Feature","geometry":{"type":"Point","coordinates":[15.812251,47.870414]},"properties":{"w":0.3093}},{"type":"Feature","geometry":{"type":"Point","coordinates":[16.587682,47.888435]},"properties":{"w":0.9209}},{"type":"Feature","geometry":{"type":"Point","coordinates":[13.872,47.894742]},"properties":{"w":0.3081}},{"type":"Feature","geometry":{"type":"Point","coordinates":[15.649337,47.873067]},"properties":{"w":0.2896}},{"type":"Feature","geometry":{"type":"Point","coordinates":[15.536686,47.880487]},"properties":{"w":0.4618}},{"type":"Feature","geometry":{"type":"Point","coordinates":[15.527154,47.876858]},"properties":{"w":0.3076}},{"type":"Feature","geometry":{"type":"Point","coordinates":[15.674822,47.87579]},"properties":{"w":0.5233}},{"type":"Feature","geometry":{"type":"Point","coordinates":[15.571267,47.878983]},"properties":{"w":0.5432}},{"type":"Feature","geometry":{"type":"Point","coordinates":[15.518449,47.878414]},"properties":{"w":0.4401}},{"type":"Feature","geometry":{"type":"Point","coordinates":[15.819554,47.866947]},"properties":{"w":0.3996}},{"type":"Feature","geometry":{"type":"Point","coordinates":[15.734629,47.871994]},"properties":{"w":0.4903}},{"type":"Feature","geometry":{"type":"Point","coordinates":[15.499561,47.87706]},"properties":{"w":0.5072}},{"type":"Feature","geometry":{"type":"Point","coordinates":[16.432185,47.852421]},"properties":{"w":0.3415}},{"type":"Feature","geometry":{"type":"Point","coordinates":[13.663311,47.895197]},"properties":{"w":0.4395}},{"type":"Feature","geometry":{"type":"Point","coordinates":[14.754008,47.882568]},"properties":{"w":0.2888}},{"type":"Feature","geometry":{"type":"Point","coordinates":[15.463877,47.875419]},"properties":{"w":0.3175}},{"type":"Feature","geometry":{"type":"Point","coordinates":[14.181454,47.89032]},"properties":{"w":0.332}},{"type":"Feature","geometry":{"type":"Point","coordinates":[15.492473,47.87156]},"properties":{"w":0.3811}},{"type":"Feature","geometry":{"type":"Point","coordinates":[15.545773,47.869995]},"properties":{"w":0.2888}},{"type":"Feature","geometry":{"type":"Point","coordinates":[15.429891,47.877438]},"properties":{"w":0.5706}},{"type":"Feature","geometry":{"type":"Point","coordinates":[15.479066,47.870507]},"properties":{"w":0.3886}},{"type":"Feature","geometry":{"type":"Point","coordinates":[13.846583,47.888215]},"properties":{"w":0.3647}},{"type":"Feature","geometry":{"type":"Point","coordinates":[15.727365,47.864259]},"properties":{"w":0.3966}},{"type":"Feature","geometry":{"type":"Point","coordinates":[13.834315,47.888481]},"properties":{"w":0.3814}},{"type":"Feature","geometry":{"type":"Point","coordinates":[15.731168,47.862081]},"properties":{"w":0.2875}},{"type":"Feature","geometry":{"type":"Point","coordinates":[14.187834,47.885723]},"properties":{"w":0.332}},{"type":"Feature","geometry":{"type":"Point","coordinates":[14.352818,47.884307]},"properties":{"w":0.3247}},{"type":"Feature","geometry":{"type":"Point","coordinates":[15.798815,47.864522]},"properties":{"w":0.3766}},{"type":"Feature","geometry":{"type":"Point","coordinates":[15.434198,47.867883]},"properties":{"w":0.2948}},{"type":"Feature","geometry":{"type":"Point","coordinates":[16.883669,47.837446]},"properties":{"w":0.5543}},{"type":"Feature","geometry":{"type":"Point","coordinates":[14.902704,47.877434]},"properties":{"w":0.3325}},{"type":"Feature","geometry":{"type":"Point","coordinates":[15.788625,47.861429]},"properties":{"w":0.4195}},{"type":"Feature","geometry":{"type":"Point","coordinates":[13.477497,47.884155]},"properties":{"w":0.399}},{"type":"Feature","geometry":{"type":"Point","coordinates":[14.382545,47.886359]},"properties":{"w":0.6354}},{"type":"Feature","geometry":{"type":"Point","coordinates":[15.817658,47.859429]},"properties":{"w":0.4997}},{"type":"Feature","geometry":{"type":"Point","coordinates":[15.6411,47.86866]},"properties":{"w":0.5893}},{"type":"Feature","geometry":{"type":"Point","coordinates":[14.404188,47.878592]},"properties":{"w":0.4738}},{"type":"Feature","geometry":{"type":"Point","coordinates":[14.639439,47.876299]},"properties":{"w":0.5724}},{"type":"Feature","geometry":{"type":"Point","coordinates":[15.814869,47.853837]},"properties":{"w":0.3343}},{"type":"Feature","geometry":{"type":"Point","coordinates":[14.726428,47.871444]},"properties":{"w":0.3238}},{"type":"Feature","geometry":{"type":"Point","coordinates":[13.887311,47.884923]},"properties":{"w":0.6713}},{"type":"Feature","geometry":{"type":"Point","coordinates":[15.748974,47.857485]},"properties":{"w":0.509}},{"type":"Feature","geometry":{"type":"Point","coordinates":[13.624677,47.879097]},"properties":{"w":0.4022}},{"type":"Feature","geometry":{"type":"Point","coordinates":[13.257457,47.897842]},"properties":{"w":0.8187}},{"type":"Feature","geometry":{"type":"Point","coordinates":[14.75992,47.870362]},"properties":{"w":0.3466}},{"type":"Feature","geometry":{"type":"Point","coordinates":[15.466707,47.858695]},"properties":{"w":0.3811}},{"type":"Feature","geometry":{"type":"Point","coordinates":[14.733016,47.869839]},"properties":{"w":0.3361}},{"type":"Feature","geometry":{"type":"Point","coordinates":[15.655938,47.856429]},"properties":{"w":0.5234}},{"type":"Feature","geometry":{"type":"Point","coordinates":[15.677817,47.853276]},"properties":{"w":0.4631}},{"type":"Feature","geometry":{"type":"Point","coordinates":[15.482897,47.854634]},"properties":{"w":0.2875}},{"type":"Feature","geometry":{"type":"Point","coordinates":[14.911335,47.870924]},"properties":{"w":0.6366}},{"type":"Feature","geometry":{"type":"Point","coordinates":[15.75403,47.850663]},"properties":{"w":0.432}},{"type":"Feature","geometry":{"type":"Point","coordinates":[13.654144,47.893606]},"properties":{"w":0.7343}},{"type":"Feature","geometry":{"type":"Point","coordinates":[14.981283,47.861188]},"properties":{"w":0.3131}},{"type":"Feature","geometry":{"type":"Point","coordinates":[14.921275,47.859432]},"properties":{"w":0.3558}},{"type":"Feature","geometry":{"type":"Point","coordinates":[15.640467,47.848407]},"properties":{"w":0.3301}},{"type":"Feature","geometry":{"type":"Point","coordinates":[13.898525,47.870934]},"properties":{"w":0.442}},{"type":"Feature","geometry":{"type":"Point","coordinates":[13.637785,47.86813]},"properties":{"w":0.4831}},{"type":"Feature","geometry":{"type":"Point","coordinates":[14.892661,47.859706]},"properties":{"w":0.4576}},{"type":"Feature","geometry":{"type":"Point","coordinates":[14.729026,47.860632]},"properties":{"w":0.3306}},{"type":"Feature","geometry":{"type":"Point","coordinates":[15.436852,47.851249]},"properties":{"w":0.4632}},{"type":"Feature","geometry":{"type":"Point","coordinates":[15.678642,47.844369]},"properties":{"w":0.2992}},{"type":"Feature","geometry":{"type":"Point","coordinates":[15.507379,47.852373]},"properties":{"w":0.4108}},{"type":"Feature","geometry":{"type":"Point","coordinates":[14.483172,47.863175]},"properties":{"w":0.375}},{"type":"Feature","geometry":{"type":"Point","coordinates":[14.376465,47.862784]},"properties":{"w":0.3148}},{"type":"Feature","geometry":{"type":"Point","coordinates":[15.531559,47.845646]},"properties":{"w":0.3164}},{"type":"Feature","geometry":{"type":"Point","coordinates":[15.923556,47.845043]},"properties":{"w":0.5651}},{"type":"Feature","geometry":{"type":"Point","coordinates":[13.384767,47.895616]},"properties":{"w":0.8267}},{"type":"Feature","geometry":{"type":"Point","coordinates":[15.41118,47.85724]},"properties":{"w":0.6309}},{"type":"Feature","geometry":{"type":"Point","coordinates":[15.482287,47.847177]},"properties":{"w":0.3562}},{"type":"Feature","geometry":{"type":"Point","coordinates":[13.470572,47.873864]},"properties":{"w":0.6394}},{"type":"Feature","geometry":{"type":"Point","coordinates":[15.465407,47.847369]},"properties":{"w":0.4515}},{"type":"Feature","geometry":{"type":"Point","coordinates":[13.890821,47.862949]},"properties":{"w":0.3267}},{"type":"Feature","geometry":{"type":"Point","coordinates":[15.765146,47.844796]},"properties":{"w":0.4913}},{"type":"Feature","geometry":{"type":"Point","coordinates":[15.755262,47.844075]},"properties":{"w":0.4019}},{"type":"Feature","geometry":{"type":"Point","coordinates":[13.875743,47.861017]},"properties":{"w":0.3164}},{"type":"Feature","geometry":{"type":"Point","coordinates":[13.578434,47.861782]},"properties":{"w":0.3186}},{"type":"Feature","geometry":{"type":"Point","coordinates":[15.34364,47.848188]},"properties":{"w":0.4412}},{"type":"Feature","geometry":{"type":"Point","coordinates":[15.76351,47.835718]},"properties":{"w":0.3325}},{"type":"Feature","geometry":{"type":"Point","coordinates":[15.711562,47.839368]},"properties":{"w":0.4992}},{"type":"Feature","geometry":{"type":"Point","coordinates":[15.375423,47.84307]},"properties":{"w":0.3534}},{"type":"Feature","geometry":{"type":"Point","coordinates":[16.932154,47.812408]},"properties":{"w":0.4785}},{"type":"Feature","geometry":{"type":"Point","coordinates":[16.343147,47.833153]},"properties":{"w":0.703}},{"type":"Feature","geometry":{"type":"Point","coordinates":[15.726581,47.848144]},"properties":{"w":0.6876}},{"type":"Feature","geometry":{"type":"Point","coordinates":[14.053084,47.860611]},"properties":{"w":0.4215}},{"type":"Feature","geometry":{"type":"Point","coordinates":[15.665031,47.838354]},"properties":{"w":0.4017}},{"type":"Feature","geometry":{"type":"Point","coordinates":[15.924272,47.833757]},"properties":{"w":0.399}},{"type":"Feature","geometry":{"type":"Point","coordinates":[15.361538,47.841788]},"properties":{"w":0.2896}},{"type":"Feature","geometry":{"type":"Point","coordinates":[14.410773,47.852671]},"properties":{"w":0.298}},{"type":"Feature","geometry":{"type":"Point","coordinates":[15.642825,47.835898]},"properties":{"w":0.3093}},{"type":"Feature","geometry":{"type":"Point","coordinates":[15.483069,47.839309]},"properties":{"w":0.3881}},{"type":"Feature","geometry":{"type":"Point","coordinates":[13.612327,47.862976]},"properties":{"w":0.6705}},{"type":"Feature","geometry":{"type":"Point","coordinates":[15.389399,47.838137]},"properties":{"w":0.3076}},{"type":"Feature","geometry":{"type":"Point","coordinates":[15.513173,47.836871]},"properties":{"w":0.3424}},{"type":"Feature","geometry":{"type":"Point","coordinates":[15.859013,47.828832]},"properties":{"w":0.4181}},{"type":"Feature","geometry":{"type":"Point","coordinates":[16.322417,47.816499]},"properties":{"w":0.3428}},{"type":"Feature","geometry":{"type":"Point","coordinates":[15.495204,47.834258]},"properties":{"w":0.3432}},{"type":"Feature","geometry":{"type":"Point","coordinates":[13.624643,47.853149]},"properties":{"w":0.3811}},{"type":"Feature","geometry":{"type":"Point","coordinates":[13.839437,47.855014]},"properties":{"w":0.3845}},{"type":"Feature","geometry":{"type":"Point","coordinates":[15.712566,47.829069]},"properties":{"w":0.4071}},{"type":"Feature","geometry":{"type":"Point","coordinates":[15.342053,47.837659]},"properties":{"w":0.436}},{"type":"Feature","geometry":{"type":"Point","coordinates":[15.571267,47.831414]},"properties":{"w":0.298}},{"type":"Feature","geometry":{"type":"Point","coordinates":[15.786588,47.833608]},"properties":{"w":0.5529}},{"type":"Feature","geometry":{"type":"Point","coordinates":[14.814676,47.842737]},"properties":{"w":0.298}},{"type":"Feature","geometry":{"type":"Point","coordinates":[15.629587,47.838472]},"properties":{"w":0.5778}},{"type":"Feature","geometry":{"type":"Point","coordinates":[14.840469,47.845633]},"properties":{"w":0.448}},{"type":"Feature","geometry":{"type":"Point","coordinates":[17.02809,47.82555]},"properties":{"w":0.9367}},{"type":"Feature","geometry":{"type":"Point","coordinates":[15.447303,47.834579]},"properties":{"w":0.4416}},{"type":"Feature","geometry":{"type":"Point","coordinates":[15.635297,47.829374]},"properties":{"w":0.2875}},{"type":"Feature","geometry":{"type":"Point","coordinates":[14.326316,47.846019]},"properties":{"w":0.2888}},{"type":"Feature","geometry":{"type":"Point","coordinates":[16.468379,47.806722]},"properties":{"w":0.298}},{"type":"Feature","geometry":{"type":"Point","coordinates":[15.921273,47.821748]},"properties":{"w":0.3348}},{"type":"Feature","geometry":{"type":"Point","coordinates":[15.745499,47.824665]},"properties":{"w":0.3795}},{"type":"Feature","geometry":{"type":"Point","coordinates":[16.443162,47.812656]},"properties":{"w":0.6178}},{"type":"Feature","geometry":{"type":"Point","coordinates":[15.64912,47.830017]},"properties":{"w":0.5265}},{"type":"Feature","geometry":{"type":"Point","coordinates":[14.78173,47.83983]},"properties":{"w":0.298}},{"type":"Feature","geometry":{"type":"Point","coordinates":[13.629335,47.846867]},"properties":{"w":0.4108}},{"type":"Feature","geometry":{"type":"Point","coordinates":[14.389339,47.845332]},"properties":{"w":0.3357}},{"type":"Feature","geometry":{"type":"Point","coordinates":[13.915793,47.847099]},"properties":{"w":0.4724}},{"type":"Feature","geometry":{"type":"Point","coordinates":[15.727923,47.821532]},"properties":{"w":0.4017}},{"type":"Feature","geometry":{"type":"Point","coordinates":[14.29053,47.843969]},"properties":{"w":0.3325}},{"type":"Feature","geometry":{"type":"Point","coordinates":[14.820893,47.8372]},"properties":{"w":0.3247}},{"type":"Feature","geometry":{"type":"Point","coordinates":[14.299087,47.840703]},"properties":{"w":0.4391}},{"type":"Feature","geometry":{"type":"Point","coordinates":[16.979598,47.818683]},"properties":{"w":0.8824}},{"type":"Feature","geometry":{"type":"Point","coordinates":[13.608711,47.841614]},"properties":{"w":0.364}},{"type":"Feature","geometry":{"type":"Point","coordinates":[13.696223,47.840397]},"properties":{"w":0.3277}},{"type":"Feature","geometry":{"type":"Point","coordinates":[15.495115,47.822077]},"properties":{"w":0.4412}},{"type":"Feature","geometry":{"type":"Point","coordinates":[14.334407,47.837157]},"properties":{"w":0.4284}},{"type":"Feature","geometry":{"type":"Point","coordinates":[15.33649,47.826089]},"properties":{"w":0.3912}},{"type":"Feature","geometry":{"type":"Point","coordinates":[15.397837,47.826342]},"properties":{"w":0.5437}},{"type":"Feature","geometry":{"type":"Point","coordinates":[14.382419,47.838359]},"properties":{"w":0.5111}},{"type":"Feature","geometry":{"type":"Point","coordinates":[14.12556,47.836883]},"properties":{"w":0.3499}},{"type":"Feature","geometry":{"type":"Point","coordinates":[15.636812,47.815212]},"properties":{"w":0.2875}},{"type":"Feature","geometry":{"type":"Point","coordinates":[14.900532,47.828249]},"properties":{"w":0.3585}},{"type":"Feature","geometry":{"type":"Point","coordinates":[14.606207,47.8322]},"properties":{"w":0.4793}},{"type":"Feature","geometry":{"type":"Point","coordinates":[14.565771,47.832517]},"properties":{"w":0.298}},{"type":"Feature","geometry":{"type":"Point","coordinates":[14.577681,47.832841]},"properties":{"w":0.383}},{"type":"Feature","geometry":{"type":"Point","coordinates":[13.906911,47.836636]},"properties":{"w":0.5381}},{"type":"Feature","geometry":{"type":"Point","coordinates":[15.332326,47.818339]},"properties":{"w":0.3495}},{"type":"Feature","geometry":{"type":"Point","coordinates":[14.337219,47.829901]},"properties":{"w":0.298}},{"type":"Feature","geometry":{"type":"Point","coordinates":[14.965923,47.834314]},"properties":{"w":0.5081}},{"type":"Feature","geometry":{"type":"Point","coordinates":[14.051848,47.833863]},"properties":{"w":0.4368}},{"type":"Feature","geometry":{"type":"Point","coordinates":[15.34211,47.816086]},"properties":{"w":0.3052}},{"type":"Feature","geometry":{"type":"Point","coordinates":[13.871586,47.834676]},"properties":{"w":0.4592}},{"type":"Feature","geometry":{"type":"Point","coordinates":[15.663974,47.811113]},"properties":{"w":0.4364}},{"type":"Feature","geometry":{"type":"Point","coordinates":[13.667886,47.833993]},"properties":{"w":0.4513}},{"type":"Feature","geometry":{"type":"Point","coordinates":[13.703086,47.834323]},"properties":{"w":0.5045}},{"type":"Feature","geometry":{"type":"Point","coordinates":[14.90564,47.824646]},"properties":{"w":0.4038}},{"type":"Feature","geometry":{"type":"Point","coordinates":[14.801264,47.826844]},"properties":{"w":0.3938}},{"type":"Feature","geometry":{"type":"Point","coordinates":[15.341091,47.812158]},"properties":{"w":0.298}},{"type":"Feature","geometry":{"type":"Point","coordinates":[14.231124,47.826846]},"properties":{"w":0.298}},{"type":"Feature","geometry":{"type":"Point","coordinates":[14.672257,47.824506]},"properties":{"w":0.3164}},{"type":"Feature","geometry":{"type":"Point","coordinates":[14.583956,47.825095]},"properties":{"w":0.3247}},{"type":"Feature","geometry":{"type":"Point","coordinates":[13.874294,47.828411]},"properties":{"w":0.3466}},{"type":"Feature","geometry":{"type":"Point","coordinates":[14.103589,47.83256]},"properties":{"w":0.529}},{"type":"Feature","geometry":{"type":"Point","coordinates":[14.090745,47.825526]},"properties":{"w":0.3676}},{"type":"Feature","geometry":{"type":"Point","coordinates":[14.08189,47.821805]},"properties":{"w":0.3164}},{"type":"Feature","geometry":{"type":"Point","coordinates":[13.861893,47.823432]},"properties":{"w":0.3164}},{"type":"Feature","geometry":{"type":"Point","coordinates":[13.620753,47.82585]},"properties":{"w":0.3478}},{"type":"Feature","geometry":{"type":"Point","coordinates":[14.284349,47.820001]},"properties":{"w":0.3034}},{"type":"Feature","geometry":{"type":"Point","coordinates":[13.977451,47.822897]},"properties":{"w":0.2888}},{"type":"Feature","geometry":{"type":"Point","coordinates":[15.511826,47.804805]},"properties":{"w":0.3506}},{"type":"Feature","geometry":{"type":"Point","coordinates":[14.562037,47.818324]},"properties":{"w":0.298}},{"type":"Feature","geometry":{"type":"Point","coordinates":[15.449324,47.803172]},"properties":{"w":0.3159}},{"type":"Feature","geometry":{"type":"Point","coordinates":[14.898954,47.813081]},"properties":{"w":0.4416}},{"type":"Feature","geometry":{"type":"Point","coordinates":[13.437113,47.822081]},"properties":{"w":0.4435}},{"type":"Feature","geometry":{"type":"Point","coordinates":[14.056702,47.820996]},"properties":{"w":0.3164}},{"type":"Feature","geometry":{"type":"Point","coordinates":[14.234108,47.818793]},"properties":{"w":0.4263}},{"type":"Feature","geometry":{"type":"Point","coordinates":[14.574638,47.815952]},"properties":{"w":0.338}},{"type":"Feature","geometry":{"type":"Point","coordinates":[14.673874,47.814335]},"properties":{"w":0.3592}},{"type":"Feature","geometry":{"type":"Point","coordinates":[14.368327,47.818428]},"properties":{"w":0.3898}},{"type":"Feature","geometry":{"type":"Point","coordinates":[14.588377,47.813632]},"properties":{"w":0.2875}},{"type":"Feature","geometry":{"type":"Point","coordinates":[14.321946,47.819034]},"properties":{"w":0.441}},{"type":"Feature","geometry":{"type":"Point","coordinates":[14.353973,47.815478]},"properties":{"w":0.3466}},{"type":"Feature","geometry":{"type":"Point","coordinates":[14.294367,47.816297]},"properties":{"w":0.4383}},{"type":"Feature","geometry":{"type":"Point","coordinates":[15.600327,47.798251]},"properties":{"w":0.4091}},{"type":"Feature","geometry":{"type":"Point","coordinates":[14.582587,47.811716]},"properties":{"w":0.2875}},{"type":"Feature","geometry":{"type":"Point","coordinates":[15.587658,47.795337]},"properties":{"w":0.3242}},{"type":"Feature","geometry":{"type":"Point","coordinates":[14.485271,47.814909]},"properties":{"w":0.513}},{"type":"Feature","geometry":{"type":"Point","coordinates":[13.628639,47.819596]},"properties":{"w":0.4301}},{"type":"Feature","geometry":{"type":"Point","coordinates":[14.898212,47.806452]},"properties":{"w":0.4172}},{"type":"Feature","geometry":{"type":"Point","coordinates":[15.338161,47.801696]},"properties":{"w":0.3515}},{"type":"Feature","geometry":{"type":"Point","coordinates":[13.85633,47.817992]},"properties":{"w":0.433}},{"type":"Feature","geometry":{"type":"Point","coordinates":[15.370831,47.798372]},"properties":{"w":0.3325}},{"type":"Feature","geometry":{"type":"Point","coordinates":[13.597832,47.820027]},"properties":{"w":0.6631}},{"type":"Feature","geometry":{"type":"Point","coordinates":[15.422437,47.808347]},"properties":{"w":0.7243}},{"type":"Feature","geometry":{"type":"Point","coordinates":[14.729099,47.806513]},"properties":{"w":0.3267}},{"type":"Feature","geometry":{"type":"Point","coordinates":[15.382251,47.798766]},"properties":{"w":0.3202}},{"type":"Feature","geometry":{"type":"Point","coordinates":[13.982161,47.811915]},"properties":{"w":0.3159}},{"type":"Feature","geometry":{"type":"Point","coordinates":[14.042337,47.81083]},"properties":{"w":0.386}},{"type":"Feature","geometry":{"type":"Point","coordinates":[15.571159,47.790968]},"properties":{"w":0.3247}},{"type":"Feature","geometry":{"type":"Point","coordinates":[14.541705,47.805582]},"properties":{"w":0.2875}},{"type":"Feature","geometry":{"type":"Point","coordinates":[14.880317,47.801206]},"properties":{"w":0.3397}},{"type":"Feature","geometry":{"type":"Point","coordinates":[15.388546,47.7936]},"properties":{"w":0.332}},{"type":"Feature","geometry":{"type":"Point","coordinates":[14.571041,47.803586]},"properties":{"w":0.298}},{"type":"Feature","geometry":{"type":"Point","coordinates":[15.46231,47.79056]},"properties":{"w":0.3272}},{"type":"Feature","geometry":{"type":"Point","coordinates":[15.707636,47.784475]},"properties":{"w":0.4878}},{"type":"Feature","geometry":{"type":"Point","coordinates":[17.018582,47.749681]},"properties":{"w":0.4476}},{"type":"Feature","geometry":{"type":"Point","coordinates":[14.410033,47.809498]},"properties":{"w":0.6386}},{"type":"Feature","geometry":{"type":"Point","coordinates":[15.36234,47.789865]},"properties":{"w":0.3212}},{"type":"Feature","geometry":{"type":"Point","coordinates":[16.637624,47.772208]},"properties":{"w":0.7304}},{"type":"Feature","geometry":{"type":"Point","coordinates":[15.466588,47.787011]},"properties":{"w":0.3534}},{"type":"Feature","geometry":{"type":"Point","coordinates":[15.376949,47.789615]},"properties":{"w":0.3164}},{"type":"Feature","geometry":{"type":"Point","coordinates":[13.921551,47.803784]},"properties":{"w":0.3076}},{"type":"Feature","geometry":{"type":"Point","coordinates":[15.651385,47.782158]},"properties":{"w":0.2875}},{"type":"Feature","geometry":{"type":"Point","coordinates":[15.526419,47.788484]},"properties":{"w":0.3723}},{"type":"Feature","geometry":{"type":"Point","coordinates":[13.337939,47.806611]},"properties":{"w":0.4314}},{"type":"Feature","geometry":{"type":"Point","coordinates":[13.654073,47.808342]},"properties":{"w":0.6266}},{"type":"Feature","geometry":{"type":"Point","coordinates":[15.54391,47.786908]},"properties":{"w":0.4651}},{"type":"Feature","geometry":{"type":"Point","coordinates":[14.000668,47.803948]},"properties":{"w":0.298}},{"type":"Feature","geometry":{"type":"Point","coordinates":[15.230438,47.791641]},"properties":{"w":0.4882}},{"type":"Feature","geometry":{"type":"Point","coordinates":[15.838941,47.777765]},"properties":{"w":0.3538}},{"type":"Feature","geometry":{"type":"Point","coordinates":[14.570045,47.79738]},"properties":{"w":0.298}},{"type":"Feature","geometry":{"type":"Point","coordinates":[16.947663,47.757976]},"properties":{"w":0.7112}},{"type":"Feature","geometry":{"type":"Point","coordinates":[16.919948,47.75363]},"properties":{"w":0.5954}},{"type":"Feature","geometry":{"type":"Point","coordinates":[15.47358,47.781741]},"properties":{"w":0.2968}},{"type":"Feature","geometry":{"type":"Point","coordinates":[14.858734,47.794903]},"properties":{"w":0.3963}},{"type":"Feature","geometry":{"type":"Point","coordinates":[14.010149,47.798515]},"properties":{"w":0.3393}},{"type":"Feature","geometry":{"type":"Point","coordinates":[13.352147,47.800895]},"properties":{"w":0.3977}},{"type":"Feature","geometry":{"type":"Point","coordinates":[16.58195,47.763926]},"properties":{"w":0.7276}},{"type":"Feature","geometry":{"type":"Point","coordinates":[15.213843,47.785172]},"properties":{"w":0.3912}},{"type":"Feature","geometry":{"type":"Point","coordinates":[15.389261,47.778731]},"properties":{"w":0.3191}},{"type":"Feature","geometry":{"type":"Point","coordinates":[14.049221,47.796869]},"properties":{"w":0.5347}},{"type":"Feature","geometry":{"type":"Point","coordinates":[14.575166,47.793499]},"properties":{"w":0.4217}},{"type":"Feature","geometry":{"type":"Point","coordinates":[14.500998,47.792741]},"properties":{"w":0.4996}},{"type":"Feature","geometry":{"type":"Point","coordinates":[13.863269,47.794392]},"properties":{"w":0.3361}},{"type":"Feature","geometry":{"type":"Point","coordinates":[14.067401,47.792455]},"properties":{"w":0.3076}},{"type":"Feature","geometry":{"type":"Point","coordinates":[14.104202,47.791909]},"properties":{"w":0.3357}},{"type":"Feature","geometry":{"type":"Point","coordinates":[15.641287,47.771394]},"properties":{"w":0.3316}},{"type":"Feature","geometry":{"type":"Point","coordinates":[14.510367,47.787796]},"properties":{"w":0.3267}},{"type":"Feature","geometry":{"type":"Point","coordinates":[15.415098,47.776738]},"properties":{"w":0.391}},{"type":"Feature","geometry":{"type":"Point","coordinates":[15.42519,47.78456]},"properties":{"w":0.5638}},{"type":"Feature","geometry":{"type":"Point","coordinates":[15.408902,47.773938]},"properties":{"w":0.3432}},{"type":"Feature","geometry":{"type":"Point","coordinates":[14.060534,47.788284]},"properties":{"w":0.2875}},{"type":"Feature","geometry":{"type":"Point","coordinates":[13.693424,47.803206]},"properties":{"w":0.7027}},{"type":"Feature","geometry":{"type":"Point","coordinates":[15.396151,47.775428]},"properties":{"w":0.3713}},{"type":"Feature","geometry":{"type":"Point","coordinates":[17.059809,47.748397]},"properties":{"w":0.7611}},{"type":"Feature","geometry":{"type":"Point","coordinates":[13.87755,47.790069]},"properties":{"w":0.5608}},{"type":"Feature","geometry":{"type":"Point","coordinates":[15.602995,47.767868]},"properties":{"w":0.298}},{"type":"Feature","geometry":{"type":"Point","coordinates":[13.990367,47.78609]},"properties":{"w":0.3565}},{"type":"Feature","geometry":{"type":"Point","coordinates":[14.136354,47.785725]},"properties":{"w":0.3291}},{"type":"Feature","geometry":{"type":"Point","coordinates":[14.556134,47.782845]},"properties":{"w":0.2875}},{"type":"Feature","geometry":{"type":"Point","coordinates":[15.567257,47.766564]},"properties":{"w":0.3164}},{"type":"Feature","geometry":{"type":"Point","coordinates":[13.798111,47.785491]},"properties":{"w":0.3466}},{"type":"Feature","geometry":{"type":"Point","coordinates":[14.11109,47.786935]},"properties":{"w":0.4063}},{"type":"Feature","geometry":{"type":"Point","coordinates":[13.846325,47.786862]},"properties":{"w":0.4927}},{"type":"Feature","geometry":{"type":"Point","coordinates":[13.888951,47.783709]},"properties":{"w":0.4078}},{"type":"Feature","geometry":{"type":"Point","coordinates":[15.965316,47.753751]},"properties":{"w":0.3491}},{"type":"Feature","geometry":{"type":"Point","coordinates":[14.092863,47.782767]},"properties":{"w":0.3577}},{"type":"Feature","geometry":{"type":"Point","coordinates":[13.60606,47.783923]},"properties":{"w":0.3343}},{"type":"Feature","geometry":{"type":"Point","coordinates":[14.129254,47.780447]},"properties":{"w":0.3164}},{"type":"Feature","geometry":{"type":"Point","coordinates":[14.535472,47.777002]},"properties":{"w":0.3466}},{"type":"Feature","geometry":{"type":"Point","coordinates":[13.455357,47.785562]},"properties":{"w":0.5604}},{"type":"Feature","geometry":{"type":"Point","coordinates":[16.004267,47.761878]},"properties":{"w":0.6419}},{"type":"Feature","geometry":{"type":"Point","coordinates":[14.111944,47.779942]},"properties":{"w":0.3247}},{"type":"Feature","geometry":{"type":"Point","coordinates":[15.250132,47.764046]},"properties":{"w":0.2916}},{"type":"Feature","geometry":{"type":"Point","coordinates":[14.568589,47.773421]},"properties":{"w":0.3811}},{"type":"Feature","geometry":{"type":"Point","coordinates":[15.627671,47.759039]},"properties":{"w":0.3397}},{"type":"Feature","geometry":{"type":"Point","coordinates":[13.54766,47.778057]},"properties":{"w":0.2875}},{"type":"Feature","geometry":{"type":"Point","coordinates":[15.230504,47.767806]},"properties":{"w":0.3482}},{"type":"Feature","geometry":{"type":"Point","coordinates":[15.652711,47.754769]},"properties":{"w":0.2875}},{"type":"Feature","geometry":{"type":"Point","coordinates":[14.085866,47.776591]},"properties":{"w":0.3076}},{"type":"Feature","geometry":{"type":"Point","coordinates":[14.015723,47.778519]},"properties":{"w":0.4004}},{"type":"Feature","geometry":{"type":"Point","coordinates":[15.591634,47.755424]},"properties":{"w":0.3706}},{"type":"Feature","geometry":{"type":"Point","coordinates":[14.047338,47.782709]},"properties":{"w":0.5852}},{"type":"Feature","geometry":{"type":"Point","coordinates":[15.556403,47.756221]},"properties":{"w":0.2875}},{"type":"Feature","geometry":{"type":"Point","coordinates":[14.125228,47.775623]},"properties":{"w":0.2875}},{"type":"Feature","geometry":{"type":"Point","coordinates":[14.523091,47.77816]},"properties":{"w":0.5591}},{"type":"Feature","geometry":{"type":"Point","coordinates":[16.887822,47.732452]},"properties":{"w":0.7394}},{"type":"Feature","geometry":{"type":"Point","coordinates":[14.58122,47.773182]},"properties":{"w":0.5184}},{"type":"Feature","geometry":{"type":"Point","coordinates":[15.563794,47.772259]},"properties":{"w":0.7186}},{"type":"Feature","geometry":{"type":"Point","coordinates":[14.030276,47.774923]},"properties":{"w":0.3592}},{"type":"Feature","geometry":{"type":"Point","coordinates":[14.236042,47.771968]},"properties":{"w":0.3047}},{"type":"Feature","geometry":{"type":"Point","coordinates":[14.563452,47.769098]},"properties":{"w":0.3164}},{"type":"Feature","geometry":{"type":"Point","coordinates":[13.842143,47.77447]},"properties":{"w":0.3076}},{"type":"Feature","geometry":{"type":"Point","coordinates":[15.468808,47.757395]},"properties":{"w":0.4487}},{"type":"Feature","geometry":{"type":"Point","coordinates":[15.606107,47.754564]},"properties":{"w":0.3974}},{"type":"Feature","geometry":{"type":"Point","coordinates":[15.269318,47.758937]},"properties":{"w":0.4103}},{"type":"Feature","geometry":{"type":"Point","coordinates":[13.585059,47.773407]},"properties":{"w":0.3325}},{"type":"Feature","geometry":{"type":"Point","coordinates":[13.906239,47.774326]},"properties":{"w":0.4704}},{"type":"Feature","geometry":{"type":"Point","coordinates":[15.430245,47.752414]},"properties":{"w":0.2992}},{"type":"Feature","geometry":{"type":"Point","coordinates":[14.088382,47.769146]},"properties":{"w":0.4253}},{"type":"Feature","geometry":{"type":"Point","coordinates":[15.282685,47.754754]},"properties":{"w":0.2896}},{"type":"Feature","geometry":{"type":"Point","coordinates":[15.637628,47.747683]},"properties":{"w":0.386}},{"type":"Feature","geometry":{"type":"Point","coordinates":[14.934186,47.762914]},"properties":{"w":0.4923}},{"type":"Feature","geometry":{"type":"Point","coordinates":[13.601248,47.770077]},"properties":{"w":0.3615}},{"type":"Feature","geometry":{"type":"Point","coordinates":[13.929748,47.768421]},"properties":{"w":0.3262}},{"type":"Feature","geometry":{"type":"Point","coordinates":[14.137845,47.766767]},"properties":{"w":0.301}},{"type":"Feature","geometry":{"type":"Point","coordinates":[14.613272,47.760163]},"properties":{"w":0.3131}},{"type":"Feature","geometry":{"type":"Point","coordinates":[14.517011,47.767148]},"properties":{"w":0.5808}},{"type":"Feature","geometry":{"type":"Point","coordinates":[16.54943,47.72195]},"properties":{"w":0.3034}},{"type":"Feature","geometry":{"type":"Point","coordinates":[13.45753,47.766967]},"properties":{"w":0.2731}},{"type":"Feature","geometry":{"type":"Point","coordinates":[15.622723,47.743774]},"properties":{"w":0.3491}},{"type":"Feature","geometry":{"type":"Point","coordinates":[13.882969,47.765993]},"properties":{"w":0.4038}},{"type":"Feature","geometry":{"type":"Point","coordinates":[13.874893,47.768592]},"properties":{"w":0.3466}},{"type":"Feature","geometry":{"type":"Point","coordinates":[13.558336,47.766365]},"properties":{"w":0.3357}},{"type":"Feature","geometry":{"type":"Point","coordinates":[15.406911,47.747773]},"properties":{"w":0.602}},{"type":"Feature","geometry":{"type":"Point","coordinates":[14.111928,47.763094]},"properties":{"w":0.3935}},{"type":"Feature","geometry":{"type":"Point","coordinates":[14.028987,47.768739]},"properties":{"w":0.5351}},{"type":"Feature","geometry":{"type":"Point","coordinates":[13.510181,47.764162]},"properties":{"w":0.4025}},{"type":"Feature","geometry":{"type":"Point","coordinates":[13.892934,47.76044]},"properties":{"w":0.3076}},{"type":"Feature","geometry":{"type":"Point","coordinates":[13.569355,47.761042]},"properties":{"w":0.3969}},{"type":"Feature","geometry":{"type":"Point","coordinates":[16.463243,47.72914]},"properties":{"w":0.7026}},{"type":"Feature","geometry":{"type":"Point","coordinates":[14.062386,47.758192]},"properties":{"w":0.4118}},{"type":"Feature","geometry":{"type":"Point","coordinates":[15.933133,47.737891]},"properties":{"w":0.6082}},{"type":"Feature","geometry":{"type":"Point","coordinates":[13.90121,47.758675]},"properties":{"w":0.3651}},{"type":"Feature","geometry":{"type":"Point","coordinates":[14.039097,47.756117]},"properties":{"w":0.4118}},{"type":"Feature","geometry":{"type":"Point","coordinates":[13.919764,47.758352]},"properties":{"w":0.6004}},{"type":"Feature","geometry":{"type":"Point","coordinates":[15.380552,47.739859]},"properties":{"w":0.3159}},{"type":"Feature","geometry":{"type":"Point","coordinates":[13.628524,47.757567]},"properties":{"w":0.3798}},{"type":"Feature","geometry":{"type":"Point","coordinates":[14.048608,47.760391]},"properties":{"w":0.4742}},{"type":"Feature","geometry":{"type":"Point","coordinates":[13.506497,47.754514]},"properties":{"w":0.2968}},{"type":"Feature","geometry":{"type":"Point","coordinates":[14.037483,47.751792]},"properties":{"w":0.298}},{"type":"Feature","geometry":{"type":"Point","coordinates":[15.399707,47.7386]},"properties":{"w":0.5712}},{"type":"Feature","geometry":{"type":"Point","coordinates":[13.898663,47.75239]},"properties":{"w":0.3466}},{"type":"Feature","geometry":{"type":"Point","coordinates":[14.588854,47.753076]},"properties":{"w":0.6116}},{"type":"Feature","geometry":{"type":"Point","coordinates":[14.855397,47.744797]},"properties":{"w":0.4022}},{"type":"Feature","geometry":{"type":"Point","coordinates":[13.136447,47.753845]},"properties":{"w":0.3665}},{"type":"Feature","geometry":{"type":"Point","coordinates":[13.537471,47.754012]},"properties":{"w":0.4827}},{"type":"Feature","geometry":{"type":"Point","coordinates":[13.737751,47.75302]},"properties":{"w":0.4315}},{"type":"Feature","geometry":{"type":"Point","coordinates":[13.333115,47.751991]},"properties":{"w":0.2929}},{"type":"Feature","geometry":{"type":"Point","coordinates":[13.633674,47.75104]},"properties":{"w":0.3428}},{"type":"Feature","geometry":{"type":"Point","coordinates":[13.987748,47.758522]},"properties":{"w":0.699}},{"type":"Feature","geometry":{"type":"Point","coordinates":[15.850163,47.722145]},"properties":{"w":0.3247}},{"type":"Feature","geometry":{"type":"Point","coordinates":[16.968067,47.705242]},"properties":{"w":0.8296}},{"type":"Feature","geometry":{"type":"Point","coordinates":[16.294653,47.735323]},"properties":{"w":0.7806}},{"type":"Feature","geometry":{"type":"Point","coordinates":[14.952454,47.743384]},"properties":{"w":0.6516}},{"type":"Feature","geometry":{"type":"Point","coordinates":[13.28537,47.750605]},"properties":{"w":0.4956}},{"type":"Feature","geometry":{"type":"Point","coordinates":[15.834046,47.727651]},"properties":{"w":0.5884}},{"type":"Feature","geometry":{"type":"Point","coordinates":[16.874196,47.693498]},"properties":{"w":0.3676}},{"type":"Feature","geometry":{"type":"Point","coordinates":[13.807442,47.742836]},"properties":{"w":0.4025}},{"type":"Feature","geometry":{"type":"Point","coordinates":[13.15357,47.746432]},"properties":{"w":0.3325}},{"type":"Feature","geometry":{"type":"Point","coordinates":[15.888541,47.727488]},"properties":{"w":0.8393}},{"type":"Feature","geometry":{"type":"Point","coordinates":[13.34235,47.744883]},"properties":{"w":0.3611}},{"type":"Feature","geometry":{"type":"Point","coordinates":[14.381565,47.735782]},"properties":{"w":0.3093}},{"type":"Feature","geometry":{"type":"Point","coordinates":[15.358644,47.722657]},"properties":{"w":0.3076}},{"type":"Feature","geometry":{"type":"Point","coordinates":[13.890243,47.744985]},"properties":{"w":0.6477}},{"type":"Feature","geometry":{"type":"Point","coordinates":[14.53233,47.739055]},"properties":{"w":0.5357}},{"type":"Feature","geometry":{"type":"Point","coordinates":[13.210995,47.74126]},"properties":{"w":0.3466}},{"type":"Feature","geometry":{"type":"Point","coordinates":[15.675321,47.715063]},"properties":{"w":0.3466}},{"type":"Feature","geometry":{"type":"Point","coordinates":[16.281016,47.70074]},"properties":{"w":0.3076}},{"type":"Feature","geometry":{"type":"Point","coordinates":[13.337418,47.739161]},"properties":{"w":0.3795}},{"type":"Feature","geometry":{"type":"Point","coordinates":[13.305718,47.738562]},"properties":{"w":0.4342}},{"type":"Feature","geometry":{"type":"Point","coordinates":[14.025691,47.743584]},"properties":{"w":0.6114}},{"type":"Feature","geometry":{"type":"Point","coordinates":[13.924806,47.737074]},"properties":{"w":0.4184}},{"type":"Feature","geometry":{"type":"Point","coordinates":[14.074942,47.730008]},"properties":{"w":0.3164}},{"type":"Feature","geometry":{"type":"Point","coordinates":[14.093255,47.731096]},"properties":{"w":0.4297}},{"type":"Feature","geometry":{"type":"Point","coordinates":[13.309378,47.730774]},"properties":{"w":0.3052}},{"type":"Feature","geometry":{"type":"Point","coordinates":[14.936693,47.725971]},"properties":{"w":0.425}},{"type":"Feature","geometry":{"type":"Point","coordinates":[13.301221,47.733162]},"properties":{"w":0.4299}},{"type":"Feature","geometry":{"type":"Point","coordinates":[13.770925,47.728316]},"properties":{"w":0.2948}},{"type":"Feature","geometry":{"type":"Point","coordinates":[15.383071,47.71155]},"properties":{"w":0.433}},{"type":"Feature","geometry":{"type":"Point","coordinates":[15.386677,47.723773]},"properties":{"w":0.6113}},{"type":"Feature","geometry":{"type":"Point","coordinates":[14.113131,47.723519]},"properties":{"w":0.3511}},{"type":"Feature","geometry":{"type":"Point","coordinates":[14.140303,47.722975]},"properties":{"w":0.2875}},{"type":"Feature","geometry":{"type":"Point","coordinates":[14.099866,47.723914]},"properties":{"w":0.4642}},{"type":"Feature","geometry":{"type":"Point","coordinates":[15.392889,47.708313]},"properties":{"w":0.4156}},{"type":"Feature","geometry":{"type":"Point","coordinates":[15.316033,47.710756]},"properties":{"w":0.4364}},{"type":"Feature","geometry":{"type":"Point","coordinates":[15.403365,47.70639]},"properties":{"w":0.3952}},{"type":"Feature","geometry":{"type":"Point","coordinates":[15.359713,47.71016]},"properties":{"w":0.3511}},{"type":"Feature","geometry":{"type":"Point","coordinates":[13.803652,47.721265]},"properties":{"w":0.3325}},{"type":"Feature","geometry":{"type":"Point","coordinates":[14.083653,47.72018]},"properties":{"w":0.4315}},{"type":"Feature","geometry":{"type":"Point","coordinates":[13.753847,47.724449]},"properties":{"w":0.4715}},{"type":"Feature","geometry":{"type":"Point","coordinates":[13.831925,47.722574]},"properties":{"w":0.4019}},{"type":"Feature","geometry":{"type":"Point","coordinates":[13.820446,47.723427]},"properties":{"w":0.5111}},{"type":"Feature","geometry":{"type":"Point","coordinates":[13.688223,47.719747]},"properties":{"w":0.4393}},{"type":"Feature","geometry":{"type":"Point","coordinates":[15.395944,47.70181]},"properties":{"w":0.307}},{"type":"Feature","geometry":{"type":"Point","coordinates":[13.368084,47.722431]},"properties":{"w":0.5389}},{"type":"Feature","geometry":{"type":"Point","coordinates":[13.789185,47.718593]},"properties":{"w":0.3651}},{"type":"Feature","geometry":{"type":"Point","coordinates":[12.970261,47.718075]},"properties":{"w":0.3607}},{"type":"Feature","geometry":{"type":"Point","coordinates":[12.217958,47.712972]},"properties":{"w":0.2916}},{"type":"Feature","geometry":{"type":"Point","coordinates":[15.29825,47.710756]},"properties":{"w":0.5541}},{"type":"Feature","geometry":{"type":"Point","coordinates":[13.850852,47.72209]},"properties":{"w":0.3782}},{"type":"Feature","geometry":{"type":"Point","coordinates":[12.993666,47.717418]},"properties":{"w":0.3076}},{"type":"Feature","geometry":{"type":"Point","coordinates":[13.809346,47.716055]},"properties":{"w":0.3029}},{"type":"Feature","geometry":{"type":"Point","coordinates":[15.733411,47.691821]},"properties":{"w":0.3029}},{"type":"Feature","geometry":{"type":"Point","coordinates":[15.746011,47.691547]},"properties":{"w":0.3023}},{"type":"Feature","geometry":{"type":"Point","coordinates":[15.311449,47.700823]},"properties":{"w":0.3357}},{"type":"Feature","geometry":{"type":"Point","coordinates":[15.382351,47.699223]},"properties":{"w":0.3779}},{"type":"Feature","geometry":{"type":"Point","coordinates":[14.020305,47.713403]},"properties":{"w":0.2875}},{"type":"Feature","geometry":{"type":"Point","coordinates":[15.307062,47.705753]},"properties":{"w":0.4315}},{"type":"Feature","geometry":{"type":"Point","coordinates":[14.107236,47.713046]},"properties":{"w":0.4769}},{"type":"Feature","geometry":{"type":"Point","coordinates":[15.347188,47.696424]},"properties":{"w":0.4812}},{"type":"Feature","geometry":{"type":"Point","coordinates":[13.769935,47.713633]},"properties":{"w":0.4144}},{"type":"Feature","geometry":{"type":"Point","coordinates":[12.974034,47.711056]},"properties":{"w":0.5856}},{"type":"Feature","geometry":{"type":"Point","coordinates":[16.356513,47.681647]},"properties":{"w":0.7651}},{"type":"Feature","geometry":{"type":"Point","coordinates":[15.380118,47.692198]},"properties":{"w":0.3562}},{"type":"Feature","geometry":{"type":"Point","coordinates":[15.366574,47.693011]},"properties":{"w":0.393}},{"type":"Feature","geometry":{"type":"Point","coordinates":[15.307753,47.690723]},"properties":{"w":0.3445}},{"type":"Feature","geometry":{"type":"Point","coordinates":[14.004973,47.709006]},"properties":{"w":0.4356}},{"type":"Feature","geometry":{"type":"Point","coordinates":[13.267954,47.705497]},"properties":{"w":0.3047}},{"type":"Feature","geometry":{"type":"Point","coordinates":[14.011672,47.703412]},"properties":{"w":0.3004}},{"type":"Feature","geometry":{"type":"Point","coordinates":[13.687289,47.705544]},"properties":{"w":0.4617}},{"type":"Feature","geometry":{"type":"Point","coordinates":[13.258685,47.705621]},"properties":{"w":0.3872}},{"type":"Feature","geometry":{"type":"Point","coordinates":[13.7115,47.716493]},"properties":{"w":0.7389}},{"type":"Feature","geometry":{"type":"Point","coordinates":[15.28465,47.686839]},"properties":{"w":0.2954}},{"type":"Feature","geometry":{"type":"Point","coordinates":[14.03189,47.705031]},"properties":{"w":0.5827}},{"type":"Feature","geometry":{"type":"Point","coordinates":[13.356055,47.714467]},"properties":{"w":0.8145}},{"type":"Feature","geometry":{"type":"Point","coordinates":[13.249942,47.707084]},"properties":{"w":0.3792}},{"type":"Feature","geometry":{"type":"Point","coordinates":[15.288444,47.68377]},"properties":{"w":0.3277}},{"type":"Feature","geometry":{"type":"Point","coordinates":[13.422548,47.698851]},"properties":{"w":0.2929}},{"type":"Feature","geometry":{"type":"Point","coordinates":[12.422759,47.694249]},"properties":{"w":0.332}},{"type":"Feature","geometry":{"type":"Point","coordinates":[14.40729,47.690588]},"properties":{"w":0.5126}},{"type":"Feature","geometry":{"type":"Point","coordinates":[12.346678,47.690117]},"properties":{"w":0.3339}},{"type":"Feature","geometry":{"type":"Point","coordinates":[14.045039,47.696932]},"properties":{"w":0.4715}},{"type":"Feature","geometry":{"type":"Point","coordinates":[15.384489,47.673457]},"properties":{"w":0.3058}},{"type":"Feature","geometry":{"type":"Point","coordinates":[14.203656,47.688652]},"properties":{"w":0.4776}},{"type":"Feature","geometry":{"type":"Point","coordinates":[14.242328,47.687581]},"properties":{"w":0.5258}},{"type":"Feature","geometry":{"type":"Point","coordinates":[14.424659,47.684121]},"properties":{"w":0.3478}},{"type":"Feature","geometry":{"type":"Point","coordinates":[13.519024,47.694229]},"properties":{"w":0.4948}},{"type":"Feature","geometry":{"type":"Point","coordinates":[14.212256,47.688586]},"properties":{"w":0.3325}},{"type":"Feature","geometry":{"type":"Point","coordinates":[13.460028,47.691288]},"properties":{"w":0.3527}},{"type":"Feature","geometry":{"type":"Point","coordinates":[14.040259,47.686163]},"properties":{"w":0.4968}},{"type":"Feature","geometry":{"type":"Point","coordinates":[12.353694,47.684558]},"properties":{"w":0.4796}},{"type":"Feature","geometry":{"type":"Point","coordinates":[13.697696,47.687417]},"properties":{"w":0.4291}},{"type":"Feature","geometry":{"type":"Point","coordinates":[13.671782,47.687531]},"properties":{"w":0.3676}},{"type":"Feature","geometry":{"type":"Point","coordinates":[12.286467,47.685017]},"properties":{"w":0.4976}},{"type":"Feature","geometry":{"type":"Point","coordinates":[12.324507,47.680068]},"properties":{"w":0.2902}},{"type":"Feature","geometry":{"type":"Point","coordinates":[14.423653,47.679067]},"properties":{"w":0.3763}},{"type":"Feature","geometry":{"type":"Point","coordinates":[14.283228,47.679602]},"properties":{"w":0.3023}},{"type":"Feature","geometry":{"type":"Point","coordinates":[15.249665,47.67978]},"properties":{"w":0.7162}},{"type":"Feature","geometry":{"type":"Point","coordinates":[15.366848,47.664892]},"properties":{"w":0.4078}},{"type":"Feature","geometry":{"type":"Point","coordinates":[13.273815,47.682523]},"properties":{"w":0.4083}},{"type":"Feature","geometry":{"type":"Point","coordinates":[15.281302,47.673047]},"properties":{"w":0.5813}},{"type":"Feature","geometry":{"type":"Point","coordinates":[14.385506,47.674327]},"properties":{"w":0.3546}},{"type":"Feature","geometry":{"type":"Point","coordinates":[13.437139,47.678344]},"properties":{"w":0.3181}},{"type":"Feature","geometry":{"type":"Point","coordinates":[13.710237,47.678721]},"properties":{"w":0.5128}},{"type":"Feature","geometry":{"type":"Point","coordinates":[12.710359,47.673282]},"properties":{"w":0.3197}},{"type":"Feature","geometry":{"type":"Point","coordinates":[14.076099,47.675535]},"properties":{"w":0.4931}},{"type":"Feature","geometry":{"type":"Point","coordinates":[13.678734,47.676206]},"properties":{"w":0.5504}},{"type":"Feature","geometry":{"type":"Point","coordinates":[15.239039,47.65912]},"properties":{"w":0.5057}},{"type":"Feature","geometry":{"type":"Point","coordinates":[15.378879,47.658083]},"properties":{"w":0.526}},{"type":"Feature","geometry":{"type":"Point","coordinates":[16.616913,47.62356]},"properties":{"w":0.3242}},{"type":"Feature","geometry":{"type":"Point","coordinates":[14.205003,47.66904]},"properties":{"w":0.3786}},{"type":"Feature","geometry":{"type":"Point","coordinates":[13.36293,47.668781]},"properties":{"w":0.376}},{"type":"Feature","geometry":{"type":"Point","coordinates":[13.72402,47.67027]},"properties":{"w":0.4489}},{"type":"Feature","geometry":{"type":"Point","coordinates":[12.708224,47.666691]},"properties":{"w":0.4153}},{"type":"Feature","geometry":{"type":"Point","coordinates":[14.176611,47.663571]},"properties":{"w":0.3076}},{"type":"Feature","geometry":{"type":"Point","coordinates":[15.380932,47.649101]},"properties":{"w":0.4156}},{"type":"Feature","geometry":{"type":"Point","coordinates":[13.708027,47.668201]},"properties":{"w":0.4685}},{"type":"Feature","geometry":{"type":"Point","coordinates":[15.423298,47.651514]},"properties":{"w":0.6381}},{"type":"Feature","geometry":{"type":"Point","coordinates":[15.447154,47.647663]},"properties":{"w":0.3733}},{"type":"Feature","geometry":{"type":"Point","coordinates":[13.351366,47.666656]},"properties":{"w":0.298}},{"type":"Feature","geometry":{"type":"Point","coordinates":[15.524114,47.644569]},"properties":{"w":0.3081}},{"type":"Feature","geometry":{"type":"Point","coordinates":[13.662239,47.66623]},"properties":{"w":0.4141}},{"type":"Feature","geometry":{"type":"Point","coordinates":[13.44139,47.666622]},"properties":{"w":0.4889}},{"type":"Feature","geometry":{"type":"Point","coordinates":[13.297653,47.666487]},"properties":{"w":0.3325}},{"type":"Feature","geometry":{"type":"Point","coordinates":[14.136649,47.658966]},"properties":{"w":0.3515}},{"type":"Feature","geometry":{"type":"Point","coordinates":[16.643573,47.62155]},"properties":{"w":0.5984}},{"type":"Feature","geometry":{"type":"Point","coordinates":[15.373992,47.644207]},"properties":{"w":0.3993}},{"type":"Feature","geometry":{"type":"Point","coordinates":[16.534741,47.629485]},"properties":{"w":0.7849}},{"type":"Feature","geometry":{"type":"Point","coordinates":[15.329364,47.641975]},"properties":{"w":0.4334}},{"type":"Feature","geometry":{"type":"Point","coordinates":[15.537867,47.638725]},"properties":{"w":0.399}},{"type":"Feature","geometry":{"type":"Point","coordinates":[12.605391,47.658941]},"properties":{"w":0.5639}},{"type":"Feature","geometry":{"type":"Point","coordinates":[15.239698,47.642907]},"properties":{"w":0.4707}},{"type":"Feature","geometry":{"type":"Point","coordinates":[14.121963,47.65268]},"properties":{"w":0.3287}},{"type":"Feature","geometry":{"type":"Point","coordinates":[15.367395,47.637547]},"properties":{"w":0.3138}},{"type":"Feature","geometry":{"type":"Point","coordinates":[13.93416,47.655504]},"properties":{"w":0.4144}},{"type":"Feature","geometry":{"type":"Point","coordinates":[15.514476,47.63704]},"properties":{"w":0.3618}},{"type":"Feature","geometry":{"type":"Point","coordinates":[13.393478,47.660442]},"properties":{"w":0.5774}},{"type":"Feature","geometry":{"type":"Point","coordinates":[15.500088,47.641419]},"properties":{"w":0.4263}},{"type":"Feature","geometry":{"type":"Point","coordinates":[15.346778,47.639589]},"properties":{"w":0.383}},{"type":"Feature","geometry":{"type":"Point","coordinates":[15.270309,47.647238]},"properties":{"w":0.6257}},{"type":"Feature","geometry":{"type":"Point","coordinates":[12.456873,47.650687]},"properties":{"w":0.4734}},{"type":"Feature","geometry":{"type":"Point","coordinates":[13.350838,47.658016]},"properties":{"w":0.494}},{"type":"Feature","geometry":{"type":"Point","coordinates":[15.473818,47.636049]},"properties":{"w":0.2922}},{"type":"Feature","geometry":{"type":"Point","coordinates":[14.10897,47.650323]},"properties":{"w":0.3081}},{"type":"Feature","geometry":{"type":"Point","coordinates":[14.058727,47.65549]},"properties":{"w":0.5002}},{"type":"Feature","geometry":{"type":"Point","coordinates":[15.394287,47.635115]},"properties":{"w":0.3353}},{"type":"Feature","geometry":{"type":"Point","coordinates":[14.551632,47.645255]},"properties":{"w":0.2992}},{"type":"Feature","geometry":{"type":"Point","coordinates":[15.497516,47.6333]},"properties":{"w":0.3216}},{"type":"Feature","geometry":{"type":"Point","coordinates":[15.286152,47.634721]},"properties":{"w":0.377}},{"type":"Feature","geometry":{"type":"Point","coordinates":[15.640959,47.626893]},"properties":{"w":0.2902}},{"type":"Feature","geometry":{"type":"Point","coordinates":[15.319594,47.633814]},"properties":{"w":0.3703}},{"type":"Feature","geometry":{"type":"Point","coordinates":[13.453101,47.65033]},"properties":{"w":0.3181}},{"type":"Feature","geometry":{"type":"Point","coordinates":[13.30846,47.657317]},"properties":{"w":0.4928}},{"type":"Feature","geometry":{"type":"Point","coordinates":[15.706438,47.623335]},"properties":{"w":0.3104}},{"type":"Feature","geometry":{"type":"Point","coordinates":[15.852446,47.618662]},"properties":{"w":0.3238}},{"type":"Feature","geometry":{"type":"Point","coordinates":[15.716915,47.627541]},"properties":{"w":0.3523}},{"type":"Feature","geometry":{"type":"Point","coordinates":[14.311568,47.645297]},"properties":{"w":0.3949}},{"type":"Feature","geometry":{"type":"Point","coordinates":[15.616482,47.62641]},"properties":{"w":0.4706}},{"type":"Feature","geometry":{"type":"Point","coordinates":[16.432604,47.645951]},"properties":{"w":0.9086}},{"type":"Feature","geometry":{"type":"Point","coordinates":[15.587125,47.631488]},"properties":{"w":0.4717}},{"type":"Feature","geometry":{"type":"Point","coordinates":[13.291249,47.652131]},"properties":{"w":0.4106}},{"type":"Feature","geometry":{"type":"Point","coordinates":[15.337068,47.628655]},"properties":{"w":0.4287}},{"type":"Feature","geometry":{"type":"Point","coordinates":[15.579806,47.623225]},"properties":{"w":0.3076}},{"type":"Feature","geometry":{"type":"Point","coordinates":[12.622776,47.644688]},"properties":{"w":0.5756}},{"type":"Feature","geometry":{"type":"Point","coordinates":[13.108508,47.641292]},"properties":{"w":0.3087}},{"type":"Feature","geometry":{"type":"Point","coordinates":[15.219043,47.629967]},"properties":{"w":0.6127}},{"type":"Feature","geometry":{"type":"Point","coordinates":[15.176246,47.625053]},"properties":{"w":0.3397}},{"type":"Feature","geometry":{"type":"Point","coordinates":[14.083307,47.639092]},"properties":{"w":0.3519}},{"type":"Feature","geometry":{"type":"Point","coordinates":[13.439402,47.641758]},"properties":{"w":0.4541}},{"type":"Feature","geometry":{"type":"Point","coordinates":[12.585086,47.638752]},"properties":{"w":0.4762}},{"type":"Feature","geometry":{"type":"Point","coordinates":[15.373309,47.621012]},"properties":{"w":0.3523}},{"type":"Feature","geometry":{"type":"Point","coordinates":[15.16419,47.62302]},"properties":{"w":0.4797}},{"type":"Feature","geometry":{"type":"Point","coordinates":[15.337358,47.619182]},"properties":{"w":0.3935}},{"type":"Feature","geometry":{"type":"Point","coordinates":[15.181038,47.620264]},"properties":{"w":0.3164}},{"type":"Feature","geometry":{"type":"Point","coordinates":[15.402065,47.617333]},"properties":{"w":0.3076}},{"type":"Feature","geometry":{"type":"Point","coordinates":[15.165957,47.617818]},"properties":{"w":0.298}},{"type":"Feature","geometry":{"type":"Point","coordinates":[15.526277,47.615131]},"properties":{"w":0.4522}},{"type":"Feature","geometry":{"type":"Point","coordinates":[15.306345,47.617763]},"properties":{"w":0.3668}},{"type":"Feature","geometry":{"type":"Point","coordinates":[12.652314,47.631743]},"properties":{"w":0.298}},{"type":"Feature","geometry":{"type":"Point","coordinates":[15.231386,47.617621]},"properties":{"w":0.5131}},{"type":"Feature","geometry":{"type":"Point","coordinates":[14.423325,47.626262]},"properties":{"w":0.3164}},{"type":"Feature","geometry":{"type":"Point","coordinates":[15.556645,47.610705]},"properties":{"w":0.3159}},{"type":"Feature","geometry":{"type":"Point","coordinates":[12.532659,47.631382]},"properties":{"w":0.5462}},{"type":"Feature","geometry":{"type":"Point","coordinates":[15.321693,47.624872]},"properties":{"w":0.5221}},{"type":"Feature","geometry":{"type":"Point","coordinates":[15.376147,47.611578]},"properties":{"w":0.298}},{"type":"Feature","geometry":{"type":"Point","coordinates":[15.325348,47.613079]},"properties":{"w":0.3164}},{"type":"Feature","geometry":{"type":"Point","coordinates":[15.477272,47.617101]},"properties":{"w":0.4625}},{"type":"Feature","geometry":{"type":"Point","coordinates":[14.406133,47.630012]},"properties":{"w":0.516}},{"type":"Feature","geometry":{"type":"Point","coordinates":[15.170343,47.613892]},"properties":{"w":0.448}},{"type":"Feature","geometry":{"type":"Point","coordinates":[15.417298,47.614878]},"properties":{"w":0.5128}},{"type":"Feature","geometry":{"type":"Point","coordinates":[12.671544,47.62602]},"properties":{"w":0.2992}},{"type":"Feature","geometry":{"type":"Point","coordinates":[13.257376,47.627394]},"properties":{"w":0.3034}},{"type":"Feature","geometry":{"type":"Point","coordinates":[13.457137,47.62849]},"properties":{"w":0.3453}},{"type":"Feature","geometry":{"type":"Point","coordinates":[15.304577,47.611245]},"properties":{"w":0.3325}},{"type":"Feature","geometry":{"type":"Point","coordinates":[15.58153,47.604541]},"properties":{"w":0.2916}},{"type":"Feature","geometry":{"type":"Point","coordinates":[13.696731,47.627222]},"properties":{"w":0.4014}},{"type":"Feature","geometry":{"type":"Point","coordinates":[13.952296,47.633537]},"properties":{"w":0.575}},{"type":"Feature","geometry":{"type":"Point","coordinates":[13.935296,47.624069]},"properties":{"w":0.3076}},{"type":"Feature","geometry":{"type":"Point","coordinates":[13.400388,47.624703]},"properties":{"w":0.3247}},{"type":"Feature","geometry":{"type":"Point","coordinates":[12.509625,47.622072]},"properties":{"w":0.3898}},{"type":"Feature","geometry":{"type":"Point","coordinates":[12.682692,47.623143]},"properties":{"w":0.3863}},{"type":"Feature","geometry":{"type":"Point","coordinates":[14.556724,47.617084]},"properties":{"w":0.3242}},{"type":"Feature","geometry":{"type":"Point","coordinates":[15.19287,47.609927]},"properties":{"w":0.4014}},{"type":"Feature","geometry":{"type":"Point","coordinates":[12.361772,47.624466]},"properties":{"w":0.5391}},{"type":"Feature","geometry":{"type":"Point","coordinates":[12.490887,47.629659]},"properties":{"w":0.5974}},{"type":"Feature","geometry":{"type":"Point","coordinates":[13.946339,47.620902]},"properties":{"w":0.3889}},{"type":"Feature","geometry":{"type":"Point","coordinates":[13.107272,47.622468]},"properties":{"w":0.3935}},{"type":"Feature","geometry":{"type":"Point","coordinates":[15.399341,47.60364]},"properties":{"w":0.4482}},{"type":"Feature","geometry":{"type":"Point","coordinates":[15.589116,47.599534]},"properties":{"w":0.2902}},{"type":"Feature","geometry":{"type":"Point","coordinates":[12.633721,47.620617]},"properties":{"w":0.3892}},{"type":"Feature","geometry":{"type":"Point","coordinates":[15.618362,47.610179]},"properties":{"w":0.6823}},{"type":"Feature","geometry":{"type":"Point","coordinates":[15.439764,47.600564]},"properties":{"w":0.2888}},{"type":"Feature","geometry":{"type":"Point","coordinates":[15.571805,47.604421]},"properties":{"w":0.3996}},{"type":"Feature","geometry":{"type":"Point","coordinates":[15.596607,47.59934]},"properties":{"w":0.3679}},{"type":"Feature","geometry":{"type":"Point","coordinates":[15.569192,47.611241]},"properties":{"w":0.5094}},{"type":"Feature","geometry":{"type":"Point","coordinates":[14.420172,47.618876]},"properties":{"w":0.4242}},{"type":"Feature","geometry":{"type":"Point","coordinates":[13.520648,47.622207]},"properties":{"w":0.3565}},{"type":"Feature","geometry":{"type":"Point","coordinates":[12.66765,47.619403]},"properties":{"w":0.3924}},{"type":"Feature","geometry":{"type":"Point","coordinates":[15.605702,47.601141]},"properties":{"w":0.3801}},{"type":"Feature","geometry":{"type":"Point","coordinates":[12.799107,47.616881]},"properties":{"w":0.3093}},{"type":"Feature","geometry":{"type":"Point","coordinates":[10.472099,47.583281]},"properties":{"w":0.3458}},{"type":"Feature","geometry":{"type":"Point","coordinates":[15.796717,47.594701]},"properties":{"w":0.3993}},{"type":"Feature","geometry":{"type":"Point","coordinates":[15.397432,47.616997]},"properties":{"w":0.5689}},{"type":"Feature","geometry":{"type":"Point","coordinates":[12.782872,47.616009]},"properties":{"w":0.3679}},{"type":"Feature","geometry":{"type":"Point","coordinates":[15.402116,47.598311]},"properties":{"w":0.3325}},{"type":"Feature","geometry":{"type":"Point","coordinates":[13.278322,47.616401]},"properties":{"w":0.4125}},{"type":"Feature","geometry":{"type":"Point","coordinates":[15.851969,47.603625]},"properties":{"w":0.5998}},{"type":"Feature","geometry":{"type":"Point","coordinates":[12.507442,47.614494]},"properties":{"w":0.3854}},{"type":"Feature","geometry":{"type":"Point","coordinates":[15.044137,47.603925]},"properties":{"w":0.3658}},{"type":"Feature","geometry":{"type":"Point","coordinates":[12.608068,47.616331]},"properties":{"w":0.4458}},{"type":"Feature","geometry":{"type":"Point","coordinates":[15.583982,47.596447]},"properties":{"w":0.3918}},{"type":"Feature","geometry":{"type":"Point","coordinates":[16.351701,47.580428]},"properties":{"w":0.6267}},{"type":"Feature","geometry":{"type":"Point","coordinates":[13.43126,47.617636]},"properties":{"w":0.471}},{"type":"Feature","geometry":{"type":"Point","coordinates":[13.929762,47.623716]},"properties":{"w":0.6503}},{"type":"Feature","geometry":{"type":"Point","coordinates":[15.811599,47.589164]},"properties":{"w":0.2875}},{"type":"Feature","geometry":{"type":"Point","coordinates":[14.392272,47.60908]},"properties":{"w":0.433}},{"type":"Feature","geometry":{"type":"Point","coordinates":[15.159234,47.605318]},"properties":{"w":0.6071}},{"type":"Feature","geometry":{"type":"Point","coordinates":[13.281361,47.611611]},"properties":{"w":0.2935}},{"type":"Feature","geometry":{"type":"Point","coordinates":[13.973771,47.611885]},"properties":{"w":0.5455}},{"type":"Feature","geometry":{"type":"Point","coordinates":[14.909994,47.600011]},"properties":{"w":0.298}},{"type":"Feature","geometry":{"type":"Point","coordinates":[14.937614,47.607615]},"properties":{"w":0.6548}},{"type":"Feature","geometry":{"type":"Point","coordinates":[15.212214,47.602577]},"properties":{"w":0.6057}},{"type":"Feature","geometry":{"type":"Point","coordinates":[15.92252,47.58761]},"properties":{"w":0.5277}},{"type":"Feature","geometry":{"type":"Point","coordinates":[13.696687,47.609494]},"properties":{"w":0.3029}},{"type":"Feature","geometry":{"type":"Point","coordinates":[15.131555,47.597635]},"properties":{"w":0.4255}},{"type":"Feature","geometry":{"type":"Point","coordinates":[15.397911,47.593723]},"properties":{"w":0.3227}},{"type":"Feature","geometry":{"type":"Point","coordinates":[13.535166,47.619164]},"properties":{"w":0.6998}},{"type":"Feature","geometry":{"type":"Point","coordinates":[16.467385,47.566976]},"properties":{"w":0.3932}},{"type":"Feature","geometry":{"type":"Point","coordinates":[12.421072,47.605771]},"properties":{"w":0.4125}},{"type":"Feature","geometry":{"type":"Point","coordinates":[16.565235,47.565507]},"properties":{"w":0.5327}},{"type":"Feature","geometry":{"type":"Point","coordinates":[15.394997,47.590525]},"properties":{"w":0.3636}},{"type":"Feature","geometry":{"type":"Point","coordinates":[15.251247,47.59537]},"properties":{"w":0.3892}},{"type":"Feature","geometry":{"type":"Point","coordinates":[15.083554,47.603303]},"properties":{"w":0.7214}},{"type":"Feature","geometry":{"type":"Point","coordinates":[14.109907,47.604367]},"properties":{"w":0.3316}},{"type":"Feature","geometry":{"type":"Point","coordinates":[15.430265,47.595448]},"properties":{"w":0.4505}},{"type":"Feature","geometry":{"type":"Point","coordinates":[13.851111,47.604229]},"properties":{"w":0.3207}},{"type":"Feature","geometry":{"type":"Point","coordinates":[15.526933,47.589251]},"properties":{"w":0.4677}},{"type":"Feature","geometry":{"type":"Point","coordinates":[15.8873,47.580199]},"properties":{"w":0.3993}},{"type":"Feature","geometry":{"type":"Point","coordinates":[15.387565,47.588218]},"properties":{"w":0.3131}},{"type":"Feature","geometry":{"type":"Point","coordinates":[12.347066,47.599759]},"properties":{"w":0.2954}},{"type":"Feature","geometry":{"type":"Point","coordinates":[15.368485,47.59337]},"properties":{"w":0.4033}},{"type":"Feature","geometry":{"type":"Point","coordinates":[15.782781,47.5762]},"properties":{"w":0.3277}},{"type":"Feature","geometry":{"type":"Point","coordinates":[12.629648,47.604254]},"properties":{"w":0.5075}},{"type":"Feature","geometry":{"type":"Point","coordinates":[14.947749,47.592476]},"properties":{"w":0.4217}},{"type":"Feature","geometry":{"type":"Point","coordinates":[11.877818,47.592314]},"properties":{"w":0.3941}},{"type":"Feature","geometry":{"type":"Point","coordinates":[12.332068,47.597298]},"properties":{"w":0.3227}},{"type":"Feature","geometry":{"type":"Point","coordinates":[13.507621,47.602756]},"properties":{"w":0.2875}},{"type":"Feature","geometry":{"type":"Point","coordinates":[15.377179,47.587364]},"properties":{"w":0.4476}},{"type":"Feature","geometry":{"type":"Point","coordinates":[14.046786,47.598407]},"properties":{"w":0.304}},{"type":"Feature","geometry":{"type":"Point","coordinates":[13.887923,47.602846]},"properties":{"w":0.6071}},{"type":"Feature","geometry":{"type":"Point","coordinates":[15.23148,47.588588]},"properties":{"w":0.4868}},{"type":"Feature","geometry":{"type":"Point","coordinates":[15.949655,47.56909]},"properties":{"w":0.2875}},{"type":"Feature","geometry":{"type":"Point","coordinates":[11.720509,47.58753]},"properties":{"w":0.3397}},{"type":"Feature","geometry":{"type":"Point","coordinates":[15.93266,47.573269]},"properties":{"w":0.3776}},{"type":"Feature","geometry":{"type":"Point","coordinates":[15.357127,47.585906]},"properties":{"w":0.4908}},{"type":"Feature","geometry":{"type":"Point","coordinates":[14.318966,47.597251]},"properties":{"w":0.4853}},{"type":"Feature","geometry":{"type":"Point","coordinates":[15.982968,47.568394]},"properties":{"w":0.3851}},{"type":"Feature","geometry":{"type":"Point","coordinates":[14.251378,47.593806]},"properties":{"w":0.4078}},{"type":"Feature","geometry":{"type":"Point","coordinates":[14.432672,47.591621]},"properties":{"w":0.3565}},{"type":"Feature","geometry":{"type":"Point","coordinates":[15.765458,47.572611]},"properties":{"w":0.374}},{"type":"Feature","geometry":{"type":"Point","coordinates":[12.423207,47.594439]},"properties":{"w":0.3449}},{"type":"Feature","geometry":{"type":"Point","coordinates":[13.851784,47.594476]},"properties":{"w":0.3004}},{"type":"Feature","geometry":{"type":"Point","coordinates":[12.642792,47.594946]},"properties":{"w":0.3511}},{"type":"Feature","geometry":{"type":"Point","coordinates":[11.784602,47.584853]},"properties":{"w":0.3733}},{"type":"Feature","geometry":{"type":"Point","coordinates":[14.848516,47.58829]},"properties":{"w":0.4536}},{"type":"Feature","geometry":{"type":"Point","coordinates":[15.259164,47.582006]},"properties":{"w":0.3462}},{"type":"Feature","geometry":{"type":"Point","coordinates":[11.772493,47.583803]},"properties":{"w":0.3164}},{"type":"Feature","geometry":{"type":"Point","coordinates":[12.402432,47.591882]},"properties":{"w":0.3985}},{"type":"Feature","geometry":{"type":"Point","coordinates":[11.735794,47.583209]},"properties":{"w":0.386}},{"type":"Feature","geometry":{"type":"Point","coordinates":[13.424695,47.598033]},"properties":{"w":0.4634}},{"type":"Feature","geometry":{"type":"Point","coordinates":[14.110008,47.590588]},"properties":{"w":0.331}},{"type":"Feature","geometry":{"type":"Point","coordinates":[12.652968,47.594519]},"properties":{"w":0.482}},{"type":"Feature","geometry":{"type":"Point","coordinates":[15.193655,47.577885]},"properties":{"w":0.3247}},{"type":"Feature","geometry":{"type":"Point","coordinates":[11.982892,47.583137]},"properties":{"w":0.3064}},{"type":"Feature","geometry":{"type":"Point","coordinates":[13.867621,47.591631]},"properties":{"w":0.5277}},{"type":"Feature","geometry":{"type":"Point","coordinates":[15.109103,47.580984]},"properties":{"w":0.5529}},{"type":"Feature","geometry":{"type":"Point","coordinates":[15.79409,47.564744]},"properties":{"w":0.3952}},{"type":"Feature","geometry":{"type":"Point","coordinates":[14.132857,47.589219]},"properties":{"w":0.3175}},{"type":"Feature","geometry":{"type":"Point","coordinates":[15.281669,47.575501]},"properties":{"w":0.3143}},{"type":"Feature","geometry":{"type":"Point","coordinates":[15.989914,47.560827]},"properties":{"w":0.4224}},{"type":"Feature","geometry":{"type":"Point","coordinates":[16.620249,47.562991]},"properties":{"w":0.8659}},{"type":"Feature","geometry":{"type":"Point","coordinates":[11.813945,47.5784]},"properties":{"w":0.3257}},{"type":"Feature","geometry":{"type":"Point","coordinates":[11.930131,47.57952]},"properties":{"w":0.3207}},{"type":"Feature","geometry":{"type":"Point","coordinates":[14.053418,47.586234]},"properties":{"w":0.3247}},{"type":"Feature","geometry":{"type":"Point","coordinates":[15.748533,47.568978]},"properties":{"w":0.4544}},{"type":"Feature","geometry":{"type":"Point","coordinates":[14.297198,47.583419]},"properties":{"w":0.2916}},{"type":"Feature","geometry":{"type":"Point","coordinates":[13.893494,47.591826]},"properties":{"w":0.5793}},{"type":"Feature","geometry":{"type":"Point","coordinates":[14.042052,47.584407]},"properties":{"w":0.3676}},{"type":"Feature","geometry":{"type":"Point","coordinates":[15.701355,47.567796]},"properties":{"w":0.4614}},{"type":"Feature","geometry":{"type":"Point","coordinates":[15.187086,47.573892]},"properties":{"w":0.4667}},{"type":"Feature","geometry":{"type":"Point","coordinates":[13.967942,47.58307]},"properties":{"w":0.2986}},{"type":"Feature","geometry":{"type":"Point","coordinates":[11.92706,47.574514]},"properties":{"w":0.3389}},{"type":"Feature","geometry":{"type":"Point","coordinates":[11.791499,47.573581]},"properties":{"w":0.3389}},{"type":"Feature","geometry":{"type":"Point","coordinates":[15.169194,47.569907]},"properties":{"w":0.4027}},{"type":"Feature","geometry":{"type":"Point","coordinates":[11.72752,47.572777]},"properties":{"w":0.3466}},{"type":"Feature","geometry":{"type":"Point","coordinates":[11.804002,47.572409]},"properties":{"w":0.298}},{"type":"Feature","geometry":{"type":"Point","coordinates":[14.059097,47.581968]},"properties":{"w":0.4594}},{"type":"Feature","geometry":{"type":"Point","coordinates":[11.743188,47.571204]},"properties":{"w":0.3676}},{"type":"Feature","geometry":{"type":"Point","coordinates":[14.141252,47.583503]},"properties":{"w":0.4423}},{"type":"Feature","geometry":{"type":"Point","coordinates":[15.949093,47.555249]},"properties":{"w":0.3267}},{"type":"Feature","geometry":{"type":"Point","coordinates":[15.931636,47.562111]},"properties":{"w":0.6855}},{"type":"Feature","geometry":{"type":"Point","coordinates":[13.492621,47.58128]},"properties":{"w":0.3668}},{"type":"Feature","geometry":{"type":"Point","coordinates":[15.061307,47.571508]},"properties":{"w":0.386}},{"type":"Feature","geometry":{"type":"Point","coordinates":[15.16379,47.565988]},"properties":{"w":0.3164}},{"type":"Feature","geometry":{"type":"Point","coordinates":[13.952951,47.578613]},"properties":{"w":0.3076}},{"type":"Feature","geometry":{"type":"Point","coordinates":[11.863296,47.57102]},"properties":{"w":0.3164}},{"type":"Feature","geometry":{"type":"Point","coordinates":[13.96083,47.582669]},"properties":{"w":0.3795}},{"type":"Feature","geometry":{"type":"Point","coordinates":[10.473375,47.547035]},"properties":{"w":0.3596}},{"type":"Feature","geometry":{"type":"Point","coordinates":[15.008158,47.569422]},"properties":{"w":0.4887}},{"type":"Feature","geometry":{"type":"Point","coordinates":[10.464385,47.547799]},"properties":{"w":0.4265}},{"type":"Feature","geometry":{"type":"Point","coordinates":[14.125627,47.579841]},"properties":{"w":0.3875}},{"type":"Feature","geometry":{"type":"Point","coordinates":[12.761291,47.579559]},"properties":{"w":0.4076}},{"type":"Feature","geometry":{"type":"Point","coordinates":[15.793315,47.554488]},"properties":{"w":0.3466}},{"type":"Feature","geometry":{"type":"Point","coordinates":[13.692384,47.581466]},"properties":{"w":0.4088}},{"type":"Feature","geometry":{"type":"Point","coordinates":[14.28895,47.574568]},"properties":{"w":0.3154}},{"type":"Feature","geometry":{"type":"Point","coordinates":[15.187827,47.565949]},"properties":{"w":0.3164}},{"type":"Feature","geometry":{"type":"Point","coordinates":[14.093981,47.576792]},"properties":{"w":0.3676}},{"type":"Feature","geometry":{"type":"Point","coordinates":[11.802331,47.567814]},"properties":{"w":0.2998}},{"type":"Feature","geometry":{"type":"Point","coordinates":[12.73495,47.578893]},"properties":{"w":0.4436}},{"type":"Feature","geometry":{"type":"Point","coordinates":[15.931481,47.548144]},"properties":{"w":0.3491}},{"type":"Feature","geometry":{"type":"Point","coordinates":[14.16856,47.581253]},"properties":{"w":0.5993}},{"type":"Feature","geometry":{"type":"Point","coordinates":[13.630687,47.577288]},"properties":{"w":0.3216}},{"type":"Feature","geometry":{"type":"Point","coordinates":[15.707558,47.551914]},"properties":{"w":0.3625}},{"type":"Feature","geometry":{"type":"Point","coordinates":[14.995267,47.584068]},"properties":{"w":0.8851}},{"type":"Feature","geometry":{"type":"Point","coordinates":[15.490217,47.55565]},"properties":{"w":0.3207}},{"type":"Feature","geometry":{"type":"Point","coordinates":[10.582092,47.542398]},"properties":{"w":0.2875}},{"type":"Feature","geometry":{"type":"Point","coordinates":[10.469376,47.540492]},"properties":{"w":0.3397}},{"type":"Feature","geometry":{"type":"Point","coordinates":[15.724528,47.551767]},"properties":{"w":0.464}},{"type":"Feature","geometry":{"type":"Point","coordinates":[11.824407,47.562797]},"properties":{"w":0.3952}},{"type":"Feature","geometry":{"type":"Point","coordinates":[12.056874,47.565818]},"properties":{"w":0.3615}},{"type":"Feature","geometry":{"type":"Point","coordinates":[15.903964,47.549208]},"properties":{"w":0.3353}},{"type":"Feature","geometry":{"type":"Point","coordinates":[14.98597,47.564493]},"properties":{"w":0.502}},{"type":"Feature","geometry":{"type":"Point","coordinates":[11.729072,47.562873]},"properties":{"w":0.4929}},{"type":"Feature","geometry":{"type":"Point","coordinates":[15.117985,47.562871]},"properties":{"w":0.4217}},{"type":"Feature","geometry":{"type":"Point","coordinates":[16.509472,47.541687]},"properties":{"w":0.7575}},{"type":"Feature","geometry":{"type":"Point","coordinates":[11.913458,47.565823]},"properties":{"w":0.4193}},{"type":"Feature","geometry":{"type":"Point","coordinates":[11.875602,47.562302]},"properties":{"w":0.298}},{"type":"Feature","geometry":{"type":"Point","coordinates":[11.898171,47.564329]},"properties":{"w":0.4086}},{"type":"Feature","geometry":{"type":"Point","coordinates":[10.495882,47.535609]},"properties":{"w":0.3607}},{"type":"Feature","geometry":{"type":"Point","coordinates":[16.346797,47.537864]},"properties":{"w":0.6632}},{"type":"Feature","geometry":{"type":"Point","coordinates":[11.939563,47.561279]},"properties":{"w":0.2875}},{"type":"Feature","geometry":{"type":"Point","coordinates":[15.049304,47.562534]},"properties":{"w":0.5242}},{"type":"Feature","geometry":{"type":"Point","coordinates":[15.768187,47.558958]},"properties":{"w":0.6709}},{"type":"Feature","geometry":{"type":"Point","coordinates":[10.44765,47.531866]},"properties":{"w":0.3918}},{"type":"Feature","geometry":{"type":"Point","coordinates":[15.708957,47.543934]},"properties":{"w":0.3957}},{"type":"Feature","geometry":{"type":"Point","coordinates":[11.861431,47.558576]},"properties":{"w":0.3872}},{"type":"Feature","geometry":{"type":"Point","coordinates":[11.950362,47.558825]},"properties":{"w":0.4066}},{"type":"Feature","geometry":{"type":"Point","coordinates":[15.843837,47.555738]},"properties":{"w":0.6539}},{"type":"Feature","geometry":{"type":"Point","coordinates":[10.505182,47.531927]},"properties":{"w":0.3076}},{"type":"Feature","geometry":{"type":"Point","coordinates":[11.800193,47.555824]},"properties":{"w":0.3076}},{"type":"Feature","geometry":{"type":"Point","coordinates":[10.715837,47.537987]},"properties":{"w":0.451}},{"type":"Feature","geometry":{"type":"Point","coordinates":[16.526308,47.523825]},"properties":{"w":0.5179}},{"type":"Feature","geometry":{"type":"Point","coordinates":[11.839172,47.554721]},"properties":{"w":0.3706}},{"type":"Feature","geometry":{"type":"Point","coordinates":[15.816828,47.53832]},"properties":{"w":0.2954}},{"type":"Feature","geometry":{"type":"Point","coordinates":[15.032134,47.552478]},"properties":{"w":0.4366}},{"type":"Feature","geometry":{"type":"Point","coordinates":[13.61305,47.562421]},"properties":{"w":0.3654}},{"type":"Feature","geometry":{"type":"Point","coordinates":[15.753425,47.540734]},"properties":{"w":0.4416}},{"type":"Feature","geometry":{"type":"Point","coordinates":[10.606065,47.532217]},"properties":{"w":0.3428}},{"type":"Feature","geometry":{"type":"Point","coordinates":[15.068183,47.552319]},"properties":{"w":0.4476}},{"type":"Feature","geometry":{"type":"Point","coordinates":[10.597611,47.527317]},"properties":{"w":0.298}},{"type":"Feature","geometry":{"type":"Point","coordinates":[15.823122,47.537789]},"properties":{"w":0.4139}},{"type":"Feature","geometry":{"type":"Point","coordinates":[15.195739,47.544081]},"properties":{"w":0.3197}},{"type":"Feature","geometry":{"type":"Point","coordinates":[10.522847,47.524259]},"properties":{"w":0.3397}},{"type":"Feature","geometry":{"type":"Point","coordinates":[15.922835,47.535512]},"properties":{"w":0.5599}},{"type":"Feature","geometry":{"type":"Point","coordinates":[16.614123,47.517215]},"properties":{"w":0.5659}},{"type":"Feature","geometry":{"type":"Point","coordinates":[13.294619,47.560443]},"properties":{"w":0.4001}},{"type":"Feature","geometry":{"type":"Point","coordinates":[15.040338,47.544662]},"properties":{"w":0.396}},{"type":"Feature","geometry":{"type":"Point","coordinates":[15.353241,47.539208]},"properties":{"w":0.2968}},{"type":"Feature","geometry":{"type":"Point","coordinates":[16.025601,47.531434]},"properties":{"w":0.5677}},{"type":"Feature","geometry":{"type":"Point","coordinates":[10.490583,47.52685]},"properties":{"w":0.6115}},{"type":"Feature","geometry":{"type":"Point","coordinates":[16.679305,47.552048]},"properties":{"w":0.86}},{"type":"Feature","geometry":{"type":"Point","coordinates":[10.579826,47.521251]},"properties":{"w":0.3098}},{"type":"Feature","geometry":{"type":"Point","coordinates":[13.83354,47.554781]},"properties":{"w":0.4712}},{"type":"Feature","geometry":{"type":"Point","coordinates":[14.99438,47.544618]},"properties":{"w":0.5078}},{"type":"Feature","geometry":{"type":"Point","coordinates":[14.818353,47.543071]},"properties":{"w":0.3164}},{"type":"Feature","geometry":{"type":"Point","coordinates":[11.800687,47.542707]},"properties":{"w":0.3076}},{"type":"Feature","geometry":{"type":"Point","coordinates":[11.945686,47.545199]},"properties":{"w":0.4622}},{"type":"Feature","geometry":{"type":"Point","coordinates":[15.945005,47.523501]},"properties":{"w":0.3325}},{"type":"Feature","geometry":{"type":"Point","coordinates":[12.381985,47.547152]},"properties":{"w":0.3282}},{"type":"Feature","geometry":{"type":"Point","coordinates":[14.434031,47.547876]},"properties":{"w":0.3706}},{"type":"Feature","geometry":{"type":"Point","coordinates":[15.969596,47.52142]},"properties":{"w":0.4209}},{"type":"Feature","geometry":{"type":"Point","coordinates":[12.643764,47.548722]},"properties":{"w":0.3262}},{"type":"Feature","geometry":{"type":"Point","coordinates":[14.34956,47.545774]},"properties":{"w":0.2875}},{"type":"Feature","geometry":{"type":"Point","coordinates":[13.446381,47.559455]},"properties":{"w":0.684}},{"type":"Feature","geometry":{"type":"Point","coordinates":[15.693159,47.534322]},"properties":{"w":0.726}},{"type":"Feature","geometry":{"type":"Point","coordinates":[10.531892,47.51483]},"properties":{"w":0.3126}},{"type":"Feature","geometry":{"type":"Point","coordinates":[15.425463,47.538677]},"properties":{"w":0.4188}},{"type":"Feature","geometry":{"type":"Point","coordinates":[14.371855,47.553366]},"properties":{"w":0.4888}},{"type":"Feature","geometry":{"type":"Point","coordinates":[12.007463,47.541925]},"properties":{"w":0.3389}},{"type":"Feature","geometry":{"type":"Point","coordinates":[13.563616,47.552016]},"properties":{"w":0.4379}},{"type":"Feature","geometry":{"type":"Point","coordinates":[15.4035,47.54849]},"properties":{"w":0.744}},{"type":"Feature","geometry":{"type":"Point","coordinates":[11.806395,47.539153]},"properties":{"w":0.3651}},{"type":"Feature","geometry":{"type":"Point","coordinates":[16.447554,47.513532]},"properties":{"w":0.6626}},{"type":"Feature","geometry":{"type":"Point","coordinates":[13.383991,47.547618]},"properties":{"w":0.3955}},{"type":"Feature","geometry":{"type":"Point","coordinates":[15.437289,47.531216]},"properties":{"w":0.4755}},{"type":"Feature","geometry":{"type":"Point","coordinates":[9.613736,47.487933]},"properties":{"w":0.4625}},{"type":"Feature","geometry":{"type":"Point","coordinates":[14.486347,47.538813]},"properties":{"w":0.344}},{"type":"Feature","geometry":{"type":"Point","coordinates":[10.658336,47.514755]},"properties":{"w":0.2998}},{"type":"Feature","geometry":{"type":"Point","coordinates":[13.876746,47.544178]},"properties":{"w":0.3316}},{"type":"Feature","geometry":{"type":"Point","coordinates":[13.89189,47.54809]},"properties":{"w":0.6312}},{"type":"Feature","geometry":{"type":"Point","coordinates":[11.84062,47.534295]},"properties":{"w":0.2875}},{"type":"Feature","geometry":{"type":"Point","coordinates":[15.012804,47.531231]},"properties":{"w":0.3064}},{"type":"Feature","geometry":{"type":"Point","coordinates":[15.601966,47.521324]},"properties":{"w":0.3682}},{"type":"Feature","geometry":{"type":"Point","coordinates":[14.988406,47.531824]},"properties":{"w":0.298}},{"type":"Feature","geometry":{"type":"Point","coordinates":[13.386241,47.542771]},"properties":{"w":0.3247}},{"type":"Feature","geometry":{"type":"Point","coordinates":[13.89554,47.540823]},"properties":{"w":0.4499}},{"type":"Feature","geometry":{"type":"Point","coordinates":[12.761411,47.544976]},"properties":{"w":0.5212}},{"type":"Feature","geometry":{"type":"Point","coordinates":[14.44101,47.537039]},"properties":{"w":0.3389}},{"type":"Feature","geometry":{"type":"Point","coordinates":[15.375046,47.527728]},"properties":{"w":0.355}},{"type":"Feature","geometry":{"type":"Point","coordinates":[14.411527,47.544018]},"properties":{"w":0.4987}},{"type":"Feature","geometry":{"type":"Point","coordinates":[15.117942,47.534399]},"properties":{"w":0.6647}},{"type":"Feature","geometry":{"type":"Point","coordinates":[13.601662,47.53707]},"properties":{"w":0.3773}},{"type":"Feature","geometry":{"type":"Point","coordinates":[15.663715,47.51823]},"properties":{"w":0.5951}},{"type":"Feature","geometry":{"type":"Point","coordinates":[13.905652,47.535149]},"properties":{"w":0.3689}},{"type":"Feature","geometry":{"type":"Point","coordinates":[14.67799,47.530013]},"properties":{"w":0.5203}},{"type":"Feature","geometry":{"type":"Point","coordinates":[11.932428,47.526061]},"properties":{"w":0.5002}},{"type":"Feature","geometry":{"type":"Point","coordinates":[10.824218,47.5065]},"properties":{"w":0.4025}},{"type":"Feature","geometry":{"type":"Point","coordinates":[15.119035,47.521535]},"properties":{"w":0.3458}},{"type":"Feature","geometry":{"type":"Point","coordinates":[15.342078,47.518652]},"properties":{"w":0.5026}},{"type":"Feature","geometry":{"type":"Point","coordinates":[10.436984,47.496684]},"properties":{"w":0.3004}},{"type":"Feature","geometry":{"type":"Point","coordinates":[14.929351,47.522946]},"properties":{"w":0.3636}},{"type":"Feature","geometry":{"type":"Point","coordinates":[15.302914,47.517044]},"properties":{"w":0.298}},{"type":"Feature","geometry":{"type":"Point","coordinates":[16.574847,47.489387]},"properties":{"w":0.6163}},{"type":"Feature","geometry":{"type":"Point","coordinates":[15.528635,47.511895]},"properties":{"w":0.3291}},{"type":"Feature","geometry":{"type":"Point","coordinates":[15.28378,47.516978]},"properties":{"w":0.2875}},{"type":"Feature","geometry":{"type":"Point","coordinates":[12.704243,47.532734]},"properties":{"w":0.3629}},{"type":"Feature","geometry":{"type":"Point","coordinates":[14.804341,47.521972]},"properties":{"w":0.3996}},{"type":"Feature","geometry":{"type":"Point","coordinates":[15.31587,47.516316]},"properties":{"w":0.411}},{"type":"Feature","geometry":{"type":"Point","coordinates":[14.919122,47.519657]},"properties":{"w":0.376}},{"type":"Feature","geometry":{"type":"Point","coordinates":[13.375643,47.531163]},"properties":{"w":0.4193}},{"type":"Feature","geometry":{"type":"Point","coordinates":[14.796767,47.520435]},"properties":{"w":0.3164}},{"type":"Feature","geometry":{"type":"Point","coordinates":[15.845402,47.505239]},"properties":{"w":0.5106}},{"type":"Feature","geometry":{"type":"Point","coordinates":[10.855737,47.503636]},"properties":{"w":0.484}},{"type":"Feature","geometry":{"type":"Point","coordinates":[15.038669,47.517181]},"properties":{"w":0.298}},{"type":"Feature","geometry":{"type":"Point","coordinates":[11.935406,47.520758]},"properties":{"w":0.3727}},{"type":"Feature","geometry":{"type":"Point","coordinates":[14.478973,47.521112]},"properties":{"w":0.2902}},{"type":"Feature","geometry":{"type":"Point","coordinates":[15.330105,47.513036]},"properties":{"w":0.3287}},{"type":"Feature","geometry":{"type":"Point","coordinates":[13.858623,47.52665]},"properties":{"w":0.3339}},{"type":"Feature","geometry":{"type":"Point","coordinates":[14.490216,47.522381]},"properties":{"w":0.3277}},{"type":"Feature","geometry":{"type":"Point","coordinates":[13.879553,47.534419]},"properties":{"w":0.7016}},{"type":"Feature","geometry":{"type":"Point","coordinates":[10.460218,47.490338]},"properties":{"w":0.2875}},{"type":"Feature","geometry":{"type":"Point","coordinates":[13.977514,47.5237]},"properties":{"w":0.3247}},{"type":"Feature","geometry":{"type":"Point","coordinates":[14.5162,47.518836]},"properties":{"w":0.4001}},{"type":"Feature","geometry":{"type":"Point","coordinates":[15.540637,47.508256]},"properties":{"w":0.4231}},{"type":"Feature","geometry":{"type":"Point","coordinates":[14.197301,47.523421]},"properties":{"w":0.4301}},{"type":"Feature","geometry":{"type":"Point","coordinates":[16.648073,47.4942]},"properties":{"w":0.7599}},{"type":"Feature","geometry":{"type":"Point","coordinates":[10.809268,47.496225]},"properties":{"w":0.2875}},{"type":"Feature","geometry":{"type":"Point","coordinates":[14.908225,47.513115]},"properties":{"w":0.2954}},{"type":"Feature","geometry":{"type":"Point","coordinates":[14.808427,47.515112]},"properties":{"w":0.3397}},{"type":"Feature","geometry":{"type":"Point","coordinates":[14.659232,47.518663]},"properties":{"w":0.373}},{"type":"Feature","geometry":{"type":"Point","coordinates":[12.535135,47.519982]},"properties":{"w":0.3615}},{"type":"Feature","geometry":{"type":"Point","coordinates":[13.962343,47.521172]},"properties":{"w":0.4287}},{"type":"Feature","geometry":{"type":"Point","coordinates":[15.278486,47.507438]},"properties":{"w":0.4715}},{"type":"Feature","geometry":{"type":"Point","coordinates":[13.985124,47.519629]},"properties":{"w":0.3325}},{"type":"Feature","geometry":{"type":"Point","coordinates":[15.041328,47.509933]},"properties":{"w":0.3428}},{"type":"Feature","geometry":{"type":"Point","coordinates":[15.006641,47.510841]},"properties":{"w":0.373}},{"type":"Feature","geometry":{"type":"Point","coordinates":[11.763423,47.512039]},"properties":{"w":0.3592}},{"type":"Feature","geometry":{"type":"Point","coordinates":[10.476127,47.484793]},"properties":{"w":0.4395}},{"type":"Feature","geometry":{"type":"Point","coordinates":[11.839505,47.508926]},"properties":{"w":0.3654}},{"type":"Feature","geometry":{"type":"Point","coordinates":[14.796532,47.508314]},"properties":{"w":0.3029}},{"type":"Feature","geometry":{"type":"Point","coordinates":[12.647946,47.517838]},"properties":{"w":0.3247}},{"type":"Feature","geometry":{"type":"Point","coordinates":[15.028703,47.510048]},"properties":{"w":0.3898}},{"type":"Feature","geometry":{"type":"Point","coordinates":[15.483835,47.496124]},"properties":{"w":0.298}},{"type":"Feature","geometry":{"type":"Point","coordinates":[15.506382,47.496043]},"properties":{"w":0.5875}},{"type":"Feature","geometry":{"type":"Point","coordinates":[15.557896,47.495714]},"properties":{"w":0.4091}},{"type":"Feature","geometry":{"type":"Point","coordinates":[10.649883,47.485576]},"properties":{"w":0.3647}},{"type":"Feature","geometry":{"type":"Point","coordinates":[13.96449,47.514206]},"properties":{"w":0.3952}},{"type":"Feature","geometry":{"type":"Point","coordinates":[15.286139,47.500318]},"properties":{"w":0.2916}},{"type":"Feature","geometry":{"type":"Point","coordinates":[14.776169,47.506748]},"properties":{"w":0.2875}},{"type":"Feature","geometry":{"type":"Point","coordinates":[13.390848,47.513959]},"properties":{"w":0.3121}},{"type":"Feature","geometry":{"type":"Point","coordinates":[13.406147,47.513262]},"properties":{"w":0.3252}},{"type":"Feature","geometry":{"type":"Point","coordinates":[10.490426,47.478704]},"properties":{"w":0.4362}},{"type":"Feature","geometry":{"type":"Point","coordinates":[12.660189,47.5145]},"properties":{"w":0.4213}},{"type":"Feature","geometry":{"type":"Point","coordinates":[10.47934,47.478211]},"properties":{"w":0.2875}},{"type":"Feature","geometry":{"type":"Point","coordinates":[14.238018,47.508824]},"properties":{"w":0.371}},{"type":"Feature","geometry":{"type":"Point","coordinates":[14.585063,47.506021]},"properties":{"w":0.3622}},{"type":"Feature","geometry":{"type":"Point","coordinates":[14.879717,47.501683]},"properties":{"w":0.441}},{"type":"Feature","geometry":{"type":"Point","coordinates":[14.67136,47.503977]},"properties":{"w":0.3808}},{"type":"Feature","geometry":{"type":"Point","coordinates":[15.113416,47.501566]},"properties":{"w":0.4761}},{"type":"Feature","geometry":{"type":"Point","coordinates":[15.251201,47.498187]},"properties":{"w":0.5236}},{"type":"Feature","geometry":{"type":"Point","coordinates":[14.676748,47.499649]},"properties":{"w":0.3343}},{"type":"Feature","geometry":{"type":"Point","coordinates":[11.761927,47.496195]},"properties":{"w":0.3104}},{"type":"Feature","geometry":{"type":"Point","coordinates":[14.605716,47.498683]},"properties":{"w":0.2875}},{"type":"Feature","geometry":{"type":"Point","coordinates":[16.419146,47.481945]},"properties":{"w":0.8812}},{"type":"Feature","geometry":{"type":"Point","coordinates":[14.819922,47.500668]},"properties":{"w":0.376}},{"type":"Feature","geometry":{"type":"Point","coordinates":[14.180119,47.503947]},"properties":{"w":0.3262}},{"type":"Feature","geometry":{"type":"Point","coordinates":[10.554853,47.473287]},"properties":{"w":0.3779}},{"type":"Feature","geometry":{"type":"Point","coordinates":[13.894908,47.516167]},"properties":{"w":0.6773}},{"type":"Feature","geometry":{"type":"Point","coordinates":[11.770197,47.493113]},"properties":{"w":0.4137}},{"type":"Feature","geometry":{"type":"Point","coordinates":[14.800306,47.495443]},"properties":{"w":0.3531}},{"type":"Feature","geometry":{"type":"Point","coordinates":[15.04771,47.495276]},"properties":{"w":0.4118}},{"type":"Feature","geometry":{"type":"Point","coordinates":[14.721094,47.49086]},"properties":{"w":0.298}},{"type":"Feature","geometry":{"type":"Point","coordinates":[13.899433,47.503631]},"properties":{"w":0.5855}},{"type":"Feature","geometry":{"type":"Point","coordinates":[11.790604,47.490365]},"properties":{"w":0.446}},{"type":"Feature","geometry":{"type":"Point","coordinates":[11.77506,47.486953]},"properties":{"w":0.3402}},{"type":"Feature","geometry":{"type":"Point","coordinates":[11.752913,47.490178]},"properties":{"w":0.4761}},{"type":"Feature","geometry":{"type":"Point","coordinates":[10.921214,47.473268]},"properties":{"w":0.4825}},{"type":"Feature","geometry":{"type":"Point","coordinates":[11.844105,47.494924]},"properties":{"w":0.5308}},{"type":"Feature","geometry":{"type":"Point","coordinates":[15.201045,47.484372]},"properties":{"w":0.3384}},{"type":"Feature","geometry":{"type":"Point","coordinates":[14.696946,47.489929]},"properties":{"w":0.3985}},{"type":"Feature","geometry":{"type":"Point","coordinates":[14.86966,47.484632]},"properties":{"w":0.2941}},{"type":"Feature","geometry":{"type":"Point","coordinates":[14.877284,47.48601]},"properties":{"w":0.386}},{"type":"Feature","geometry":{"type":"Point","coordinates":[14.774999,47.487232]},"properties":{"w":0.491}},{"type":"Feature","geometry":{"type":"Point","coordinates":[13.92903,47.494019]},"properties":{"w":0.5017}},{"type":"Feature","geometry":{"type":"Point","coordinates":[14.865258,47.481746]},"properties":{"w":0.2902}},{"type":"Feature","geometry":{"type":"Point","coordinates":[14.706554,47.488916]},"properties":{"w":0.3592}},{"type":"Feature","geometry":{"type":"Point","coordinates":[12.810251,47.49047]},"properties":{"w":0.3658}},{"type":"Feature","geometry":{"type":"Point","coordinates":[12.731474,47.489517]},"properties":{"w":0.4038}},{"type":"Feature","geometry":{"type":"Point","coordinates":[13.487419,47.489772]},"properties":{"w":0.3773}},{"type":"Feature","geometry":{"type":"Point","coordinates":[10.581579,47.456403]},"properties":{"w":0.3633}},{"type":"Feature","geometry":{"type":"Point","coordinates":[14.954317,47.480961]},"properties":{"w":0.3921}},{"type":"Feature","geometry":{"type":"Point","coordinates":[13.921004,47.499661]},"properties":{"w":0.6384}},{"type":"Feature","geometry":{"type":"Point","coordinates":[16.560142,47.447454]},"properties":{"w":0.6137}},{"type":"Feature","geometry":{"type":"Point","coordinates":[10.553094,47.453422]},"properties":{"w":0.3076}},{"type":"Feature","geometry":{"type":"Point","coordinates":[10.604713,47.453539]},"properties":{"w":0.3247}},{"type":"Feature","geometry":{"type":"Point","coordinates":[13.830198,47.486588]},"properties":{"w":0.455}},{"type":"Feature","geometry":{"type":"Point","coordinates":[12.710048,47.484389]},"properties":{"w":0.2875}},{"type":"Feature","geometry":{"type":"Point","coordinates":[15.606821,47.482784]},"properties":{"w":0.8796}},{"type":"Feature","geometry":{"type":"Point","coordinates":[13.865792,47.487492]},"properties":{"w":0.6446}},{"type":"Feature","geometry":{"type":"Point","coordinates":[12.755476,47.481479]},"properties":{"w":0.2875}},{"type":"Feature","geometry":{"type":"Point","coordinates":[15.218818,47.46705]},"properties":{"w":0.2935}},{"type":"Feature","geometry":{"type":"Point","coordinates":[10.6913,47.453152]},"properties":{"w":0.404}},{"type":"Feature","geometry":{"type":"Point","coordinates":[11.82953,47.473727]},"properties":{"w":0.2888}},{"type":"Feature","geometry":{"type":"Point","coordinates":[14.911738,47.475929]},"properties":{"w":0.3466}},{"type":"Feature","geometry":{"type":"Point","coordinates":[16.580086,47.438253]},"properties":{"w":0.3947}},{"type":"Feature","geometry":{"type":"Point","coordinates":[15.010663,47.47237]},"properties":{"w":0.344}},{"type":"Feature","geometry":{"type":"Point","coordinates":[12.723029,47.484145]},"properties":{"w":0.4783}},{"type":"Feature","geometry":{"type":"Point","coordinates":[10.714608,47.451361]},"properties":{"w":0.3296}},{"type":"Feature","geometry":{"type":"Point","coordinates":[13.552967,47.48292]},"properties":{"w":0.4482}},{"type":"Feature","geometry":{"type":"Point","coordinates":[10.5845,47.445985]},"properties":{"w":0.3466}},{"type":"Feature","geometry":{"type":"Point","coordinates":[13.35648,47.480025]},"properties":{"w":0.3519}},{"type":"Feature","geometry":{"type":"Point","coordinates":[14.877583,47.470933]},"properties":{"w":0.3419}},{"type":"Feature","geometry":{"type":"Point","coordinates":[13.776951,47.494612]},"properties":{"w":0.647}},{"type":"Feature","geometry":{"type":"Point","coordinates":[13.551501,47.477092]},"properties":{"w":0.3625}},{"type":"Feature","geometry":{"type":"Point","coordinates":[13.826163,47.477209]},"properties":{"w":0.4623}},{"type":"Feature","geometry":{"type":"Point","coordinates":[11.738005,47.475588]},"properties":{"w":0.5336}},{"type":"Feature","geometry":{"type":"Point","coordinates":[13.071483,47.476313]},"properties":{"w":0.4372}},{"type":"Feature","geometry":{"type":"Point","coordinates":[12.724349,47.475669]},"properties":{"w":0.4642}},{"type":"Feature","geometry":{"type":"Point","coordinates":[13.485588,47.475657]},"properties":{"w":0.3519}},{"type":"Feature","geometry":{"type":"Point","coordinates":[14.705353,47.46932]},"properties":{"w":0.3531}},{"type":"Feature","geometry":{"type":"Point","coordinates":[15.209638,47.46334]},"properties":{"w":0.4317}},{"type":"Feature","geometry":{"type":"Point","coordinates":[13.327359,47.476923]},"properties":{"w":0.3717}},{"type":"Feature","geometry":{"type":"Point","coordinates":[14.162777,47.475169]},"properties":{"w":0.3996}},{"type":"Feature","geometry":{"type":"Point","coordinates":[14.466455,47.469736]},"properties":{"w":0.4338}},{"type":"Feature","geometry":{"type":"Point","coordinates":[13.043792,47.474394]},"properties":{"w":0.3334}},{"type":"Feature","geometry":{"type":"Point","coordinates":[10.555196,47.440013]},"properties":{"w":0.3651}},{"type":"Feature","geometry":{"type":"Point","coordinates":[10.891974,47.447093]},"properties":{"w":0.3424}},{"type":"Feature","geometry":{"type":"Point","coordinates":[16.59946,47.427762]},"properties":{"w":0.431}},{"type":"Feature","geometry":{"type":"Point","coordinates":[15.016461,47.461171]},"properties":{"w":0.3523}},{"type":"Feature","geometry":{"type":"Point","coordinates":[11.785005,47.461621]},"properties":{"w":0.4639}},{"type":"Feature","geometry":{"type":"Point","coordinates":[13.343097,47.471322]},"properties":{"w":0.3164}},{"type":"Feature","geometry":{"type":"Point","coordinates":[13.468411,47.470318]},"properties":{"w":0.2902}},{"type":"Feature","geometry":{"type":"Point","coordinates":[14.075615,47.469382]},"properties":{"w":0.4862}},{"type":"Feature","geometry":{"type":"Point","coordinates":[11.811162,47.459485]},"properties":{"w":0.2875}},{"type":"Feature","geometry":{"type":"Point","coordinates":[13.772843,47.46725]},"properties":{"w":0.3197}},{"type":"Feature","geometry":{"type":"Point","coordinates":[13.500524,47.470968]},"properties":{"w":0.3334}},{"type":"Feature","geometry":{"type":"Point","coordinates":[13.043499,47.467222]},"properties":{"w":0.2875}},{"type":"Feature","geometry":{"type":"Point","coordinates":[13.328367,47.468385]},"properties":{"w":0.3397}},{"type":"Feature","geometry":{"type":"Point","coordinates":[14.964825,47.459082]},"properties":{"w":0.3191}},{"type":"Feature","geometry":{"type":"Point","coordinates":[10.543122,47.431551]},"properties":{"w":0.298}},{"type":"Feature","geometry":{"type":"Point","coordinates":[13.454351,47.466432]},"properties":{"w":0.4156}},{"type":"Feature","geometry":{"type":"Point","coordinates":[14.088661,47.463053]},"properties":{"w":0.3458}},{"type":"Feature","geometry":{"type":"Point","coordinates":[14.734018,47.46724]},"properties":{"w":0.4578}},{"type":"Feature","geometry":{"type":"Point","coordinates":[13.741879,47.480544]},"properties":{"w":0.814}},{"type":"Feature","geometry":{"type":"Point","coordinates":[13.569368,47.46522]},"properties":{"w":0.3339}},{"type":"Feature","geometry":{"type":"Point","coordinates":[13.786145,47.463897]},"properties":{"w":0.3654}},{"type":"Feature","geometry":{"type":"Point","coordinates":[15.601996,47.440933]},"properties":{"w":0.3242}},{"type":"Feature","geometry":{"type":"Point","coordinates":[11.823338,47.454561]},"properties":{"w":0.331}},{"type":"Feature","geometry":{"type":"Point","coordinates":[12.445736,47.460352]},"properties":{"w":0.5042}},{"type":"Feature","geometry":{"type":"Point","coordinates":[16.461992,47.444348]},"properties":{"w":0.8091}},{"type":"Feature","geometry":{"type":"Point","coordinates":[10.90098,47.437364]},"properties":{"w":0.3779}},{"type":"Feature","geometry":{"type":"Point","coordinates":[11.759336,47.452446]},"properties":{"w":0.3592}},{"type":"Feature","geometry":{"type":"Point","coordinates":[13.652676,47.461566]},"properties":{"w":0.3737}},{"type":"Feature","geometry":{"type":"Point","coordinates":[13.139073,47.462149]},"properties":{"w":0.4246}},{"type":"Feature","geometry":{"type":"Point","coordinates":[15.134101,47.446818]},"properties":{"w":0.3592}},{"type":"Feature","geometry":{"type":"Point","coordinates":[13.754085,47.459771]},"properties":{"w":0.4573}},{"type":"Feature","geometry":{"type":"Point","coordinates":[14.814999,47.45282]},"properties":{"w":0.2916}},{"type":"Feature","geometry":{"type":"Point","coordinates":[13.413698,47.460693]},"properties":{"w":0.4237}},{"type":"Feature","geometry":{"type":"Point","coordinates":[14.798332,47.453566]},"properties":{"w":0.3247}},{"type":"Feature","geometry":{"type":"Point","coordinates":[15.061113,47.450387]},"properties":{"w":0.4153}},{"type":"Feature","geometry":{"type":"Point","coordinates":[10.507265,47.429222]},"properties":{"w":0.4291}},{"type":"Feature","geometry":{"type":"Point","coordinates":[11.808151,47.457023]},"properties":{"w":0.5276}},{"type":"Feature","geometry":{"type":"Point","coordinates":[10.699145,47.431117]},"properties":{"w":0.4543}},{"type":"Feature","geometry":{"type":"Point","coordinates":[11.782084,47.450141]},"properties":{"w":0.4695}},{"type":"Feature","geometry":{"type":"Point","coordinates":[13.68715,47.461074]},"properties":{"w":0.5538}},{"type":"Feature","geometry":{"type":"Point","coordinates":[14.442647,47.466166]},"properties":{"w":0.6254}},{"type":"Feature","geometry":{"type":"Point","coordinates":[13.774078,47.459111]},"properties":{"w":0.4977}},{"type":"Feature","geometry":{"type":"Point","coordinates":[15.172628,47.441721]},"properties":{"w":0.2954}},{"type":"Feature","geometry":{"type":"Point","coordinates":[10.688796,47.427863]},"properties":{"w":0.3907}},{"type":"Feature","geometry":{"type":"Point","coordinates":[14.092295,47.454496]},"properties":{"w":0.3651}},{"type":"Feature","geometry":{"type":"Point","coordinates":[14.707946,47.45104]},"properties":{"w":0.4561}},{"type":"Feature","geometry":{"type":"Point","coordinates":[13.64905,47.455947]},"properties":{"w":0.4237}},{"type":"Feature","geometry":{"type":"Point","coordinates":[13.742109,47.455848]},"properties":{"w":0.4709}},{"type":"Feature","geometry":{"type":"Point","coordinates":[13.710759,47.454514]},"properties":{"w":0.3164}},{"type":"Feature","geometry":{"type":"Point","coordinates":[14.859105,47.444632]},"properties":{"w":0.3076}},{"type":"Feature","geometry":{"type":"Point","coordinates":[15.391481,47.440704]},"properties":{"w":0.4885}},{"type":"Feature","geometry":{"type":"Point","coordinates":[10.953169,47.442474]},"properties":{"w":0.7368}},{"type":"Feature","geometry":{"type":"Point","coordinates":[15.100812,47.440682]},"properties":{"w":0.3325}},{"type":"Feature","geometry":{"type":"Point","coordinates":[13.665986,47.454423]},"properties":{"w":0.3466}},{"type":"Feature","geometry":{"type":"Point","coordinates":[14.215837,47.455632]},"properties":{"w":0.3445}},{"type":"Feature","geometry":{"type":"Point","coordinates":[14.030932,47.451911]},"properties":{"w":0.3098}},{"type":"Feature","geometry":{"type":"Point","coordinates":[16.546647,47.407809]},"properties":{"w":0.2854}},{"type":"Feature","geometry":{"type":"Point","coordinates":[13.69005,47.454604]},"properties":{"w":0.4315}},{"type":"Feature","geometry":{"type":"Point","coordinates":[10.017722,47.4048]},"properties":{"w":0.4193}},{"type":"Feature","geometry":{"type":"Point","coordinates":[14.189651,47.448321]},"properties":{"w":0.3706}},{"type":"Feature","geometry":{"type":"Point","coordinates":[15.154505,47.434545]},"properties":{"w":0.3633}},{"type":"Feature","geometry":{"type":"Point","coordinates":[10.052916,47.401343]},"properties":{"w":0.3052}},{"type":"Feature","geometry":{"type":"Point","coordinates":[14.179599,47.447003]},"properties":{"w":0.2875}},{"type":"Feature","geometry":{"type":"Point","coordinates":[15.498344,47.425348]},"properties":{"w":0.3052}},{"type":"Feature","geometry":{"type":"Point","coordinates":[12.645164,47.444675]},"properties":{"w":0.3947}},{"type":"Feature","geometry":{"type":"Point","coordinates":[14.111339,47.442729]},"properties":{"w":0.3247}},{"type":"Feature","geometry":{"type":"Point","coordinates":[10.471282,47.410138]},"properties":{"w":0.3808}},{"type":"Feature","geometry":{"type":"Point","coordinates":[10.00623,47.395419]},"properties":{"w":0.3531}},{"type":"Feature","geometry":{"type":"Point","coordinates":[10.513586,47.410156]},"properties":{"w":0.3197}},{"type":"Feature","geometry":{"type":"Point","coordinates":[11.962325,47.435377]},"properties":{"w":0.3581}},{"type":"Feature","geometry":{"type":"Point","coordinates":[13.173583,47.442673]},"properties":{"w":0.298}},{"type":"Feature","geometry":{"type":"Point","coordinates":[15.587756,47.420977]},"properties":{"w":0.304}},{"type":"Feature","geometry":{"type":"Point","coordinates":[13.290097,47.445247]},"properties":{"w":0.3411}},{"type":"Feature","geometry":{"type":"Point","coordinates":[15.596302,47.419727]},"properties":{"w":0.3519}},{"type":"Feature","geometry":{"type":"Point","coordinates":[10.945061,47.418304]},"properties":{"w":0.3047}},{"type":"Feature","geometry":{"type":"Point","coordinates":[10.501296,47.408688]},"properties":{"w":0.4879}},{"type":"Feature","geometry":{"type":"Point","coordinates":[13.159107,47.441373]},"properties":{"w":0.4399}},{"type":"Feature","geometry":{"type":"Point","coordinates":[14.057011,47.437849]},"properties":{"w":0.3689}},{"type":"Feature","geometry":{"type":"Point","coordinates":[12.88655,47.439801]},"properties":{"w":0.332}},{"type":"Feature","geometry":{"type":"Point","coordinates":[14.354439,47.443883]},"properties":{"w":0.5076}},{"type":"Feature","geometry":{"type":"Point","coordinates":[14.320868,47.436945]},"properties":{"w":0.2968}},{"type":"Feature","geometry":{"type":"Point","coordinates":[14.184482,47.437249]},"properties":{"w":0.2875}},{"type":"Feature","geometry":{"type":"Point","coordinates":[14.07921,47.442397]},"properties":{"w":0.3811}},{"type":"Feature","geometry":{"type":"Point","coordinates":[14.626361,47.431883]},"properties":{"w":0.4344}},{"type":"Feature","geometry":{"type":"Point","coordinates":[10.018222,47.387729]},"properties":{"w":0.3622}},{"type":"Feature","geometry":{"type":"Point","coordinates":[15.098949,47.42442]},"properties":{"w":0.4524}},{"type":"Feature","geometry":{"type":"Point","coordinates":[15.585038,47.422435]},"properties":{"w":0.5132}},{"type":"Feature","geometry":{"type":"Point","coordinates":[12.465881,47.432062]},"properties":{"w":0.3466}},{"type":"Feature","geometry":{"type":"Point","coordinates":[10.604321,47.400891]},"properties":{"w":0.4156}},{"type":"Feature","geometry":{"type":"Point","coordinates":[15.606758,47.411063]},"properties":{"w":0.3325}},{"type":"Feature","geometry":{"type":"Point","coordinates":[15.407571,47.416355]},"properties":{"w":0.3523}},{"type":"Feature","geometry":{"type":"Point","coordinates":[10.687859,47.402609]},"properties":{"w":0.5053}},{"type":"Feature","geometry":{"type":"Point","coordinates":[15.619806,47.405609]},"properties":{"w":0.2896}},{"type":"Feature","geometry":{"type":"Point","coordinates":[13.188846,47.429856]},"properties":{"w":0.4692}},{"type":"Feature","geometry":{"type":"Point","coordinates":[14.099782,47.431642]},"properties":{"w":0.4156}},{"type":"Feature","geometry":{"type":"Point","coordinates":[15.547813,47.426004]},"properties":{"w":0.6554}},{"type":"Feature","geometry":{"type":"Point","coordinates":[15.381282,47.409828]},"properties":{"w":0.3599}},{"type":"Feature","geometry":{"type":"Point","coordinates":[11.132146,47.404527]},"properties":{"w":0.3952}},{"type":"Feature","geometry":{"type":"Point","coordinates":[12.477904,47.421966]},"properties":{"w":0.332}},{"type":"Feature","geometry":{"type":"Point","coordinates":[12.529616,47.422004]},"properties":{"w":0.3592}},{"type":"Feature","geometry":{"type":"Point","coordinates":[15.477522,47.413179]},"properties":{"w":0.4824}},{"type":"Feature","geometry":{"type":"Point","coordinates":[14.080945,47.424686]},"properties":{"w":0.3397}},{"type":"Feature","geometry":{"type":"Point","coordinates":[12.597446,47.422824]},"properties":{"w":0.3466}},{"type":"Feature","geometry":{"type":"Point","coordinates":[10.488758,47.386854]},"properties":{"w":0.3247}},{"type":"Feature","geometry":{"type":"Point","coordinates":[12.502126,47.419383]},"properties":{"w":0.298}},{"type":"Feature","geometry":{"type":"Point","coordinates":[11.993147,47.412902]},"properties":{"w":0.307}},{"type":"Feature","geometry":{"type":"Point","coordinates":[15.355409,47.4024]},"properties":{"w":0.3357}},{"type":"Feature","geometry":{"type":"Point","coordinates":[9.828138,47.374404]},"properties":{"w":0.648}},{"type":"Feature","geometry":{"type":"Point","coordinates":[10.517201,47.386713]},"properties":{"w":0.4691}},{"type":"Feature","geometry":{"type":"Point","coordinates":[10.837015,47.391627]},"properties":{"w":0.3889}},{"type":"Feature","geometry":{"type":"Point","coordinates":[13.533078,47.415904]},"properties":{"w":0.4476}},{"type":"Feature","geometry":{"type":"Point","coordinates":[13.497996,47.41603]},"properties":{"w":0.4389}},{"type":"Feature","geometry":{"type":"Point","coordinates":[14.585374,47.412926]},"properties":{"w":0.4235}},{"type":"Feature","geometry":{"type":"Point","coordinates":[14.086275,47.414211]},"properties":{"w":0.4484}},{"type":"Feature","geometry":{"type":"Point","coordinates":[15.335566,47.397342]},"properties":{"w":0.3325}},{"type":"Feature","geometry":{"type":"Point","coordinates":[12.601936,47.412715]},"properties":{"w":0.3375}},{"type":"Feature","geometry":{"type":"Point","coordinates":[12.952347,47.418186]},"properties":{"w":0.3654}},{"type":"Feature","geometry":{"type":"Point","coordinates":[11.013609,47.390672]},"properties":{"w":0.298}},{"type":"Feature","geometry":{"type":"Point","coordinates":[11.141494,47.393412]},"properties":{"w":0.4647}},{"type":"Feature","geometry":{"type":"Point","coordinates":[14.688486,47.408829]},"properties":{"w":0.3247}},{"type":"Feature","geometry":{"type":"Point","coordinates":[12.643553,47.411318]},"properties":{"w":0.3554}},{"type":"Feature","geometry":{"type":"Point","coordinates":[12.505243,47.410905]},"properties":{"w":0.3242}},{"type":"Feature","geometry":{"type":"Point","coordinates":[12.517127,47.409812]},"properties":{"w":0.3486}},{"type":"Feature","geometry":{"type":"Point","coordinates":[11.127366,47.391281]},"properties":{"w":0.3706}},{"type":"Feature","geometry":{"type":"Point","coordinates":[14.434695,47.414108]},"properties":{"w":0.5023}},{"type":"Feature","geometry":{"type":"Point","coordinates":[11.984888,47.404409]},"properties":{"w":0.3306}},{"type":"Feature","geometry":{"type":"Point","coordinates":[14.21236,47.409084]},"properties":{"w":0.3348}},{"type":"Feature","geometry":{"type":"Point","coordinates":[15.33825,47.393345]},"properties":{"w":0.2968}},{"type":"Feature","geometry":{"type":"Point","coordinates":[10.794693,47.382654]},"properties":{"w":0.2875}},{"type":"Feature","geometry":{"type":"Point","coordinates":[14.697058,47.4051]},"properties":{"w":0.3242}},{"type":"Feature","geometry":{"type":"Point","coordinates":[10.676924,47.381911]},"properties":{"w":0.4451}},{"type":"Feature","geometry":{"type":"Point","coordinates":[10.455648,47.374221]},"properties":{"w":0.3164}},{"type":"Feature","geometry":{"type":"Point","coordinates":[10.864706,47.382821]},"properties":{"w":0.3462}},{"type":"Feature","geometry":{"type":"Point","coordinates":[13.140145,47.410163]},"properties":{"w":0.3963}},{"type":"Feature","geometry":{"type":"Point","coordinates":[14.750452,47.401676]},"properties":{"w":0.3164}},{"type":"Feature","geometry":{"type":"Point","coordinates":[12.761861,47.408699]},"properties":{"w":0.2909}},{"type":"Feature","geometry":{"type":"Point","coordinates":[12.523314,47.405328]},"properties":{"w":0.3397}},{"type":"Feature","geometry":{"type":"Point","coordinates":[13.43532,47.407109]},"properties":{"w":0.3713}},{"type":"Feature","geometry":{"type":"Point","coordinates":[10.992791,47.381874]},"properties":{"w":0.4053}},{"type":"Feature","geometry":{"type":"Point","coordinates":[13.472572,47.404643]},"properties":{"w":0.2896}},{"type":"Feature","geometry":{"type":"Point","coordinates":[12.781399,47.412277]},"properties":{"w":0.4464}},{"type":"Feature","geometry":{"type":"Point","coordinates":[10.029472,47.359504]},"properties":{"w":0.4354}},{"type":"Feature","geometry":{"type":"Point","coordinates":[13.150278,47.403874]},"properties":{"w":0.4076}},{"type":"Feature","geometry":{"type":"Point","coordinates":[13.462358,47.407641]},"properties":{"w":0.5612}},{"type":"Feature","geometry":{"type":"Point","coordinates":[13.430045,47.401644]},"properties":{"w":0.3737}},{"type":"Feature","geometry":{"type":"Point","coordinates":[14.098026,47.398693]},"properties":{"w":0.3191}},{"type":"Feature","geometry":{"type":"Point","coordinates":[10.800699,47.373148]},"properties":{"w":0.3453}},{"type":"Feature","geometry":{"type":"Point","coordinates":[10.425983,47.365106]},"properties":{"w":0.3503}},{"type":"Feature","geometry":{"type":"Point","coordinates":[10.927349,47.374362]},"properties":{"w":0.3247}},{"type":"Feature","geometry":{"type":"Point","coordinates":[10.960853,47.377136]},"properties":{"w":0.4934}},{"type":"Feature","geometry":{"type":"Point","coordinates":[14.661473,47.402139]},"properties":{"w":0.5521}},{"type":"Feature","geometry":{"type":"Point","coordinates":[14.080452,47.395634]},"properties":{"w":0.3466}},{"type":"Feature","geometry":{"type":"Point","coordinates":[11.203722,47.37833]},"properties":{"w":0.3397}},{"type":"Feature","geometry":{"type":"Point","coordinates":[13.07381,47.397355]},"properties":{"w":0.3686}},{"type":"Feature","geometry":{"type":"Point","coordinates":[10.99308,47.374321]},"properties":{"w":0.4617}},{"type":"Feature","geometry":{"type":"Point","coordinates":[10.937141,47.371198]},"properties":{"w":0.2791}},{"type":"Feature","geometry":{"type":"Point","coordinates":[14.763464,47.39082]},"properties":{"w":0.3076}},{"type":"Feature","geometry":{"type":"Point","coordinates":[11.018376,47.373216]},"properties":{"w":0.5245}},{"type":"Feature","geometry":{"type":"Point","coordinates":[12.720857,47.39373]},"properties":{"w":0.436}},{"type":"Feature","geometry":{"type":"Point","coordinates":[15.258173,47.380316]},"properties":{"w":0.332}},{"type":"Feature","geometry":{"type":"Point","coordinates":[10.010157,47.3512]},"properties":{"w":0.4914}},{"type":"Feature","geometry":{"type":"Point","coordinates":[10.405682,47.353222]},"properties":{"w":0.3651}},{"type":"Feature","geometry":{"type":"Point","coordinates":[15.609622,47.36869]},"properties":{"w":0.3126}},{"type":"Feature","geometry":{"type":"Point","coordinates":[13.363347,47.394009]},"properties":{"w":0.4796}},{"type":"Feature","geometry":{"type":"Point","coordinates":[12.528438,47.390597]},"properties":{"w":0.3339}},{"type":"Feature","geometry":{"type":"Point","coordinates":[14.775901,47.381794]},"properties":{"w":0.3247}},{"type":"Feature","geometry":{"type":"Point","coordinates":[15.269818,47.373012]},"properties":{"w":0.3004}},{"type":"Feature","geometry":{"type":"Point","coordinates":[12.752023,47.393248]},"properties":{"w":0.3952}},{"type":"Feature","geometry":{"type":"Point","coordinates":[10.380214,47.350272]},"properties":{"w":0.2986}},{"type":"Feature","geometry":{"type":"Point","coordinates":[13.274358,47.391578]},"properties":{"w":0.3325}},{"type":"Feature","geometry":{"type":"Point","coordinates":[12.473683,47.388779]},"properties":{"w":0.3651}},{"type":"Feature","geometry":{"type":"Point","coordinates":[12.502939,47.387616]},"properties":{"w":0.386}},{"type":"Feature","geometry":{"type":"Point","coordinates":[14.56815,47.385018]},"properties":{"w":0.4873}},{"type":"Feature","geometry":{"type":"Point","coordinates":[13.074687,47.38947]},"properties":{"w":0.4928}},{"type":"Feature","geometry":{"type":"Point","coordinates":[10.962131,47.364284]},"properties":{"w":0.4071}},{"type":"Feature","geometry":{"type":"Point","coordinates":[14.717035,47.378464]},"properties":{"w":0.3098}},{"type":"Feature","geometry":{"type":"Point","coordinates":[15.886859,47.360138]},"properties":{"w":0.4184}},{"type":"Feature","geometry":{"type":"Point","coordinates":[11.079269,47.367705]},"properties":{"w":0.5899}},{"type":"Feature","geometry":{"type":"Point","coordinates":[14.865185,47.377867]},"properties":{"w":0.3202}},{"type":"Feature","geometry":{"type":"Point","coordinates":[13.342089,47.387961]},"properties":{"w":0.3247}},{"type":"Feature","geometry":{"type":"Point","coordinates":[12.724931,47.385986]},"properties":{"w":0.3706}},{"type":"Feature","geometry":{"type":"Point","coordinates":[10.976482,47.361704]},"properties":{"w":0.3651}},{"type":"Feature","geometry":{"type":"Point","coordinates":[14.503846,47.378251]},"properties":{"w":0.3585}},{"type":"Feature","geometry":{"type":"Point","coordinates":[10.040233,47.335448]},"properties":{"w":0.307}},{"type":"Feature","geometry":{"type":"Point","coordinates":[15.440049,47.364043]},"properties":{"w":0.3466}},{"type":"Feature","geometry":{"type":"Point","coordinates":[10.846523,47.355498]},"properties":{"w":0.3993}},{"type":"Feature","geometry":{"type":"Point","coordinates":[14.754019,47.37463]},"properties":{"w":0.3212}},{"type":"Feature","geometry":{"type":"Point","coordinates":[12.023047,47.374924]},"properties":{"w":0.304}},{"type":"Feature","geometry":{"type":"Point","coordinates":[11.097157,47.361701]},"properties":{"w":0.4735}},{"type":"Feature","geometry":{"type":"Point","coordinates":[9.869565,47.326456]},"properties":{"w":0.3301}},{"type":"Feature","geometry":{"type":"Point","coordinates":[10.781518,47.351307]},"properties":{"w":0.3232}},{"type":"Feature","geometry":{"type":"Point","coordinates":[10.101919,47.332007]},"properties":{"w":0.298}},{"type":"Feature","geometry":{"type":"Point","coordinates":[12.492674,47.37675]},"properties":{"w":0.3366}},{"type":"Feature","geometry":{"type":"Point","coordinates":[15.890336,47.35035]},"properties":{"w":0.4609}},{"type":"Feature","geometry":{"type":"Point","coordinates":[13.179173,47.376841]},"properties":{"w":0.3495}},{"type":"Feature","geometry":{"type":"Point","coordinates":[10.500683,47.342828]},"properties":{"w":0.4193}},{"type":"Feature","geometry":{"type":"Point","coordinates":[14.297159,47.372068]},"properties":{"w":0.5005}},{"type":"Feature","geometry":{"type":"Point","coordinates":[13.333629,47.379028]},"properties":{"w":0.2875}},{"type":"Feature","geometry":{"type":"Point","coordinates":[13.826346,47.378461]},"properties":{"w":0.3081}},{"type":"Feature","geometry":{"type":"Point","coordinates":[12.478425,47.374174]},"properties":{"w":0.4038}},{"type":"Feature","geometry":{"type":"Point","coordinates":[15.52722,47.357718]},"properties":{"w":0.542}},{"type":"Feature","geometry":{"type":"Point","coordinates":[12.002414,47.371031]},"properties":{"w":0.4385}},{"type":"Feature","geometry":{"type":"Point","coordinates":[13.886855,47.379727]},"properties":{"w":0.3801}},{"type":"Feature","geometry":{"type":"Point","coordinates":[14.924229,47.367545]},"properties":{"w":0.4931}},{"type":"Feature","geometry":{"type":"Point","coordinates":[9.918164,47.324854]},"properties":{"w":0.3857}},{"type":"Feature","geometry":{"type":"Point","coordinates":[10.479043,47.338623]},"properties":{"w":0.298}},{"type":"Feature","geometry":{"type":"Point","coordinates":[10.055695,47.326882]},"properties":{"w":0.376}},{"type":"Feature","geometry":{"type":"Point","coordinates":[15.152308,47.36172]},"properties":{"w":0.5122}},{"type":"Feature","geometry":{"type":"Point","coordinates":[10.704871,47.34396]},"properties":{"w":0.331}},{"type":"Feature","geometry":{"type":"Point","coordinates":[13.079504,47.37252]},"properties":{"w":0.2896}},{"type":"Feature","geometry":{"type":"Point","coordinates":[10.412828,47.342173]},"properties":{"w":0.4789}},{"type":"Feature","geometry":{"type":"Point","coordinates":[9.877767,47.320356]},"properties":{"w":0.3495}},{"type":"Feature","geometry":{"type":"Point","coordinates":[14.841953,47.364674]},"properties":{"w":0.3618}},{"type":"Feature","geometry":{"type":"Point","coordinates":[9.902878,47.324245]},"properties":{"w":0.5457}},{"type":"Feature","geometry":{"type":"Point","coordinates":[14.913249,47.362083]},"properties":{"w":0.2888}},{"type":"Feature","geometry":{"type":"Point","coordinates":[10.84696,47.342523]},"properties":{"w":0.3515}},{"type":"Feature","geometry":{"type":"Point","coordinates":[12.969729,47.370346]},"properties":{"w":0.4395}},{"type":"Feature","geometry":{"type":"Point","coordinates":[11.159019,47.349701]},"properties":{"w":0.311}},{"type":"Feature","geometry":{"type":"Point","coordinates":[14.9236,47.357988]},"properties":{"w":0.3527}},{"type":"Feature","geometry":{"type":"Point","coordinates":[13.578646,47.36963]},"properties":{"w":0.4376}},{"type":"Feature","geometry":{"type":"Point","coordinates":[13.053241,47.367994]},"properties":{"w":0.3397}},{"type":"Feature","geometry":{"type":"Point","coordinates":[15.405849,47.35502]},"properties":{"w":0.5433}},{"type":"Feature","geometry":{"type":"Point","coordinates":[13.308779,47.37156]},"properties":{"w":0.4383}},{"type":"Feature","geometry":{"type":"Point","coordinates":[10.069143,47.322907]},"properties":{"w":0.3918}},{"type":"Feature","geometry":{"type":"Point","coordinates":[13.045076,47.373336]},"properties":{"w":0.4289}},{"type":"Feature","geometry":{"type":"Point","coordinates":[14.221106,47.365514]},"properties":{"w":0.3706}},{"type":"Feature","geometry":{"type":"Point","coordinates":[10.737765,47.337286]},"properties":{"w":0.4276}},{"type":"Feature","geometry":{"type":"Point","coordinates":[10.474272,47.331427]},"properties":{"w":0.3693}},{"type":"Feature","geometry":{"type":"Point","coordinates":[10.693872,47.338145]},"properties":{"w":0.298}},{"type":"Feature","geometry":{"type":"Point","coordinates":[11.796421,47.357848]},"properties":{"w":0.3159}},{"type":"Feature","geometry":{"type":"Point","coordinates":[10.459472,47.328973]},"properties":{"w":0.2875}},{"type":"Feature","geometry":{"type":"Point","coordinates":[13.528649,47.364944]},"properties":{"w":0.3148}},{"type":"Feature","geometry":{"type":"Point","coordinates":[16.17487,47.336099]},"properties":{"w":0.5208}},{"type":"Feature","geometry":{"type":"Point","coordinates":[13.070351,47.366153]},"properties":{"w":0.3325}},{"type":"Feature","geometry":{"type":"Point","coordinates":[14.791163,47.355248]},"properties":{"w":0.338}},{"type":"Feature","geometry":{"type":"Point","coordinates":[15.201742,47.348361]},"properties":{"w":0.3121}},{"type":"Feature","geometry":{"type":"Point","coordinates":[14.920179,47.351146]},"properties":{"w":0.2909}},{"type":"Feature","geometry":{"type":"Point","coordinates":[14.818241,47.355083]},"properties":{"w":0.4193}},{"type":"Feature","geometry":{"type":"Point","coordinates":[10.357331,47.323217]},"properties":{"w":0.4322}},{"type":"Feature","geometry":{"type":"Point","coordinates":[10.842017,47.33572]},"properties":{"w":0.3938}},{"type":"Feature","geometry":{"type":"Point","coordinates":[12.253806,47.357913]},"properties":{"w":0.3654}},{"type":"Feature","geometry":{"type":"Point","coordinates":[11.151316,47.34389]},"properties":{"w":0.5103}},{"type":"Feature","geometry":{"type":"Point","coordinates":[15.415528,47.343541]},"properties":{"w":0.3164}},{"type":"Feature","geometry":{"type":"Point","coordinates":[15.427335,47.340606]},"properties":{"w":0.2986}},{"type":"Feature","geometry":{"type":"Point","coordinates":[12.014629,47.353155]},"properties":{"w":0.4634}},{"type":"Feature","geometry":{"type":"Point","coordinates":[12.619811,47.359089]},"properties":{"w":0.3076}},{"type":"Feature","geometry":{"type":"Point","coordinates":[13.524109,47.358761]},"properties":{"w":0.3486}},{"type":"Feature","geometry":{"type":"Point","coordinates":[15.208471,47.34338]},"properties":{"w":0.42}},{"type":"Feature","geometry":{"type":"Point","coordinates":[15.266628,47.340897]},"properties":{"w":0.2954}},{"type":"Feature","geometry":{"type":"Point","coordinates":[13.24796,47.36215]},"properties":{"w":0.3432}},{"type":"Feature","geometry":{"type":"Point","coordinates":[12.479721,47.358714]},"properties":{"w":0.552}},{"type":"Feature","geometry":{"type":"Point","coordinates":[10.448535,47.321404]},"properties":{"w":0.3466}},{"type":"Feature","geometry":{"type":"Point","coordinates":[10.745345,47.328198]},"properties":{"w":0.4673}},{"type":"Feature","geometry":{"type":"Point","coordinates":[11.032944,47.332344]},"properties":{"w":0.2875}},{"type":"Feature","geometry":{"type":"Point","coordinates":[11.925266,47.350895]},"properties":{"w":0.3148}},{"type":"Feature","geometry":{"type":"Point","coordinates":[12.848586,47.358225]},"properties":{"w":0.3287}},{"type":"Feature","geometry":{"type":"Point","coordinates":[10.422297,47.318666]},"properties":{"w":0.2875}},{"type":"Feature","geometry":{"type":"Point","coordinates":[13.279206,47.356981]},"properties":{"w":0.2992}},{"type":"Feature","geometry":{"type":"Point","coordinates":[15.2455,47.342079]},"properties":{"w":0.4193}},{"type":"Feature","geometry":{"type":"Point","coordinates":[14.820493,47.345607]},"properties":{"w":0.2902}},{"type":"Feature","geometry":{"type":"Point","coordinates":[11.966954,47.349228]},"properties":{"w":0.3222}},{"type":"Feature","geometry":{"type":"Point","coordinates":[10.432627,47.320628]},"properties":{"w":0.4078}},{"type":"Feature","geometry":{"type":"Point","coordinates":[9.915394,47.304869]},"properties":{"w":0.4659}},{"type":"Feature","geometry":{"type":"Point","coordinates":[15.296911,47.339031]},"properties":{"w":0.3592}},{"type":"Feature","geometry":{"type":"Point","coordinates":[12.178692,47.349062]},"properties":{"w":0.3339}},{"type":"Feature","geometry":{"type":"Point","coordinates":[12.342998,47.351728]},"properties":{"w":0.3047}},{"type":"Feature","geometry":{"type":"Point","coordinates":[15.311851,47.336265]},"properties":{"w":0.3949}},{"type":"Feature","geometry":{"type":"Point","coordinates":[13.145713,47.354358]},"properties":{"w":0.317}},{"type":"Feature","geometry":{"type":"Point","coordinates":[14.207715,47.358707]},"properties":{"w":0.4679}},{"type":"Feature","geometry":{"type":"Point","coordinates":[12.071074,47.348773]},"properties":{"w":0.311}},{"type":"Feature","geometry":{"type":"Point","coordinates":[14.806174,47.345932]},"properties":{"w":0.4526}},{"type":"Feature","geometry":{"type":"Point","coordinates":[13.524804,47.353253]},"properties":{"w":0.3865}},{"type":"Feature","geometry":{"type":"Point","coordinates":[14.348677,47.349593]},"properties":{"w":0.3164}},{"type":"Feature","geometry":{"type":"Point","coordinates":[10.083809,47.307512]},"properties":{"w":0.3164}},{"type":"Feature","geometry":{"type":"Point","coordinates":[12.504213,47.346946]},"properties":{"w":0.2935}},{"type":"Feature","geometry":{"type":"Point","coordinates":[13.537274,47.350425]},"properties":{"w":0.3757}},{"type":"Feature","geometry":{"type":"Point","coordinates":[14.846304,47.339956]},"properties":{"w":0.2896}},{"type":"Feature","geometry":{"type":"Point","coordinates":[9.853043,47.296644]},"properties":{"w":0.4389}},{"type":"Feature","geometry":{"type":"Point","coordinates":[10.383069,47.312051]},"properties":{"w":0.433}},{"type":"Feature","geometry":{"type":"Point","coordinates":[13.079581,47.350462]},"properties":{"w":0.4078}},{"type":"Feature","geometry":{"type":"Point","coordinates":[12.359669,47.34819]},"properties":{"w":0.3482}},{"type":"Feature","geometry":{"type":"Point","coordinates":[14.516014,47.342869]},"properties":{"w":0.3458}},{"type":"Feature","geometry":{"type":"Point","coordinates":[13.463722,47.35128]},"properties":{"w":0.4623}},{"type":"Feature","geometry":{"type":"Point","coordinates":[9.965705,47.298723]},"properties":{"w":0.3081}},{"type":"Feature","geometry":{"type":"Point","coordinates":[12.00123,47.345327]},"properties":{"w":0.417}},{"type":"Feature","geometry":{"type":"Point","coordinates":[12.95127,47.348014]},"properties":{"w":0.3076}},{"type":"Feature","geometry":{"type":"Point","coordinates":[15.390752,47.32937]},"properties":{"w":0.2935}},{"type":"Feature","geometry":{"type":"Point","coordinates":[11.923467,47.337131]},"properties":{"w":0.3458}},{"type":"Feature","geometry":{"type":"Point","coordinates":[11.152761,47.326245]},"properties":{"w":0.405}},{"type":"Feature","geometry":{"type":"Point","coordinates":[12.54919,47.342028]},"properties":{"w":0.2935}},{"type":"Feature","geometry":{"type":"Point","coordinates":[16.049098,47.313821]},"properties":{"w":0.331}},{"type":"Feature","geometry":{"type":"Point","coordinates":[10.369682,47.306177]},"properties":{"w":0.3076}},{"type":"Feature","geometry":{"type":"Point","coordinates":[13.356456,47.343925]},"properties":{"w":0.2929}},{"type":"Feature","geometry":{"type":"Point","coordinates":[12.447887,47.340207]},"properties":{"w":0.307}},{"type":"Feature","geometry":{"type":"Point","coordinates":[10.195048,47.302303]},"properties":{"w":0.3064}},{"type":"Feature","geometry":{"type":"Point","coordinates":[14.66857,47.338167]},"properties":{"w":0.416}},{"type":"Feature","geometry":{"type":"Point","coordinates":[12.111224,47.336578]},"properties":{"w":0.337}},{"type":"Feature","geometry":{"type":"Point","coordinates":[13.62425,47.348269]},"properties":{"w":0.3676}},{"type":"Feature","geometry":{"type":"Point","coordinates":[12.026622,47.337645]},"properties":{"w":0.3949}},{"type":"Feature","geometry":{"type":"Point","coordinates":[15.207546,47.332836]},"properties":{"w":0.5439}},{"type":"Feature","geometry":{"type":"Point","coordinates":[15.456369,47.325027]},"properties":{"w":0.3798}},{"type":"Feature","geometry":{"type":"Point","coordinates":[13.531644,47.343358]},"properties":{"w":0.3222}},{"type":"Feature","geometry":{"type":"Point","coordinates":[12.934498,47.341891]},"properties":{"w":0.3242}},{"type":"Feature","geometry":{"type":"Point","coordinates":[12.065426,47.336066]},"properties":{"w":0.3717}},{"type":"Feature","geometry":{"type":"Point","coordinates":[13.474737,47.34095]},"properties":{"w":0.298}},{"type":"Feature","geometry":{"type":"Point","coordinates":[10.30937,47.301396]},"properties":{"w":0.331}},{"type":"Feature","geometry":{"type":"Point","coordinates":[12.920763,47.339141]},"properties":{"w":0.2922}},{"type":"Feature","geometry":{"type":"Point","coordinates":[15.156937,47.325834]},"properties":{"w":0.2875}},{"type":"Feature","geometry":{"type":"Point","coordinates":[15.26698,47.323571]},"properties":{"w":0.3886}},{"type":"Feature","geometry":{"type":"Point","coordinates":[10.778722,47.310188]},"properties":{"w":0.2875}},{"type":"Feature","geometry":{"type":"Point","coordinates":[12.008339,47.332413]},"properties":{"w":0.337}},{"type":"Feature","geometry":{"type":"Point","coordinates":[12.61601,47.3393]},"properties":{"w":0.3737}},{"type":"Feature","geometry":{"type":"Point","coordinates":[10.753268,47.30975]},"properties":{"w":0.3191}},{"type":"Feature","geometry":{"type":"Point","coordinates":[10.661095,47.308798]},"properties":{"w":0.3076}},{"type":"Feature","geometry":{"type":"Point","coordinates":[15.60221,47.317191]},"properties":{"w":0.3932}},{"type":"Feature","geometry":{"type":"Point","coordinates":[14.367886,47.335691]},"properties":{"w":0.3462}},{"type":"Feature","geometry":{"type":"Point","coordinates":[12.979869,47.339719]},"properties":{"w":0.3247}},{"type":"Feature","geometry":{"type":"Point","coordinates":[11.996728,47.330595]},"properties":{"w":0.2954}},{"type":"Feature","geometry":{"type":"Point","coordinates":[15.296335,47.328318]},"properties":{"w":0.5882}},{"type":"Feature","geometry":{"type":"Point","coordinates":[12.123669,47.333641]},"properties":{"w":0.3971}},{"type":"Feature","geometry":{"type":"Point","coordinates":[12.031314,47.331322]},"properties":{"w":0.3886}},{"type":"Feature","geometry":{"type":"Point","coordinates":[13.465959,47.33979]},"properties":{"w":0.3207}},{"type":"Feature","geometry":{"type":"Point","coordinates":[10.643451,47.304262]},"properties":{"w":0.355}},{"type":"Feature","geometry":{"type":"Point","coordinates":[12.3105,47.334997]},"properties":{"w":0.3462}},{"type":"Feature","geometry":{"type":"Point","coordinates":[14.855623,47.329655]},"properties":{"w":0.3424}},{"type":"Feature","geometry":{"type":"Point","coordinates":[12.620116,47.334116]},"properties":{"w":0.3164}},{"type":"Feature","geometry":{"type":"Point","coordinates":[15.261944,47.319612]},"properties":{"w":0.2875}},{"type":"Feature","geometry":{"type":"Point","coordinates":[15.248759,47.319987]},"properties":{"w":0.3706}},{"type":"Feature","geometry":{"type":"Point","coordinates":[10.395142,47.296611]},"properties":{"w":0.3932}},{"type":"Feature","geometry":{"type":"Point","coordinates":[11.923699,47.328214]},"properties":{"w":0.4738}},{"type":"Feature","geometry":{"type":"Point","coordinates":[15.224723,47.320268]},"properties":{"w":0.3672}},{"type":"Feature","geometry":{"type":"Point","coordinates":[9.745757,47.278119]},"properties":{"w":0.417}},{"type":"Feature","geometry":{"type":"Point","coordinates":[12.447215,47.33281]},"properties":{"w":0.5286}},{"type":"Feature","geometry":{"type":"Point","coordinates":[14.84078,47.326247]},"properties":{"w":0.3159}},{"type":"Feature","geometry":{"type":"Point","coordinates":[10.112753,47.29115]},"properties":{"w":0.3436}},{"type":"Feature","geometry":{"type":"Point","coordinates":[13.05627,47.336867]},"properties":{"w":0.4063}},{"type":"Feature","geometry":{"type":"Point","coordinates":[13.477835,47.333469]},"properties":{"w":0.3257}},{"type":"Feature","geometry":{"type":"Point","coordinates":[12.688439,47.33014]},"properties":{"w":0.2869}},{"type":"Feature","geometry":{"type":"Point","coordinates":[10.668056,47.301141]},"properties":{"w":0.2875}},{"type":"Feature","geometry":{"type":"Point","coordinates":[12.603823,47.328945]},"properties":{"w":0.3531}},{"type":"Feature","geometry":{"type":"Point","coordinates":[14.18729,47.337032]},"properties":{"w":0.5533}},{"type":"Feature","geometry":{"type":"Point","coordinates":[15.154481,47.319414]},"properties":{"w":0.4263}},{"type":"Feature","geometry":{"type":"Point","coordinates":[15.287902,47.314251]},"properties":{"w":0.3353}},{"type":"Feature","geometry":{"type":"Point","coordinates":[11.954516,47.322386]},"properties":{"w":0.3389}},{"type":"Feature","geometry":{"type":"Point","coordinates":[12.038941,47.324265]},"properties":{"w":0.3811}},{"type":"Feature","geometry":{"type":"Point","coordinates":[15.323751,47.317696]},"properties":{"w":0.4103}},{"type":"Feature","geometry":{"type":"Point","coordinates":[15.195378,47.318693]},"properties":{"w":0.3789}},{"type":"Feature","geometry":{"type":"Point","coordinates":[14.382773,47.327135]},"properties":{"w":0.3569}},{"type":"Feature","geometry":{"type":"Point","coordinates":[15.149384,47.316504]},"properties":{"w":0.298}},{"type":"Feature","geometry":{"type":"Point","coordinates":[12.472125,47.330234]},"properties":{"w":0.4751}},{"type":"Feature","geometry":{"type":"Point","coordinates":[14.878495,47.324434]},"properties":{"w":0.5799}},{"type":"Feature","geometry":{"type":"Point","coordinates":[12.316778,47.324939]},"properties":{"w":0.3397}},{"type":"Feature","geometry":{"type":"Point","coordinates":[15.179954,47.318901]},"properties":{"w":0.4837}},{"type":"Feature","geometry":{"type":"Point","coordinates":[15.749207,47.305831]},"properties":{"w":0.4956}},{"type":"Feature","geometry":{"type":"Point","coordinates":[15.141117,47.315435]},"properties":{"w":0.3076}},{"type":"Feature","geometry":{"type":"Point","coordinates":[15.251854,47.314681]},"properties":{"w":0.433}},{"type":"Feature","geometry":{"type":"Point","coordinates":[10.105997,47.281875]},"properties":{"w":0.3449}},{"type":"Feature","geometry":{"type":"Point","coordinates":[12.255282,47.32578]},"properties":{"w":0.298}},{"type":"Feature","geometry":{"type":"Point","coordinates":[12.193183,47.323798]},"properties":{"w":0.3121}},{"type":"Feature","geometry":{"type":"Point","coordinates":[11.170095,47.306789]},"properties":{"w":0.3527}},{"type":"Feature","geometry":{"type":"Point","coordinates":[12.561059,47.326174]},"properties":{"w":0.3836}},{"type":"Feature","geometry":{"type":"Point","coordinates":[12.024069,47.321767]},"properties":{"w":0.3164}},{"type":"Feature","geometry":{"type":"Point","coordinates":[12.342612,47.322897]},"properties":{"w":0.3757}},{"type":"Feature","geometry":{"type":"Point","coordinates":[12.703412,47.32594]},"properties":{"w":0.3531}},{"type":"Feature","geometry":{"type":"Point","coordinates":[12.586637,47.324751]},"properties":{"w":0.2974}},{"type":"Feature","geometry":{"type":"Point","coordinates":[10.801762,47.302427]},"properties":{"w":0.5536}},{"type":"Feature","geometry":{"type":"Point","coordinates":[13.540684,47.334796]},"properties":{"w":0.47}},{"type":"Feature","geometry":{"type":"Point","coordinates":[12.126058,47.319635]},"properties":{"w":0.2862}},{"type":"Feature","geometry":{"type":"Point","coordinates":[14.307237,47.32171]},"properties":{"w":0.2992}},{"type":"Feature","geometry":{"type":"Point","coordinates":[12.291872,47.323788]},"properties":{"w":0.3348}},{"type":"Feature","geometry":{"type":"Point","coordinates":[12.153383,47.320268]},"properties":{"w":0.3733}},{"type":"Feature","geometry":{"type":"Point","coordinates":[12.463221,47.321605]},"properties":{"w":0.3164}},{"type":"Feature","geometry":{"type":"Point","coordinates":[9.773634,47.269751]},"properties":{"w":0.3076}},{"type":"Feature","geometry":{"type":"Point","coordinates":[11.773165,47.313452]},"properties":{"w":0.2875}},{"type":"Feature","geometry":{"type":"Point","coordinates":[12.935594,47.325119]},"properties":{"w":0.3462}},{"type":"Feature","geometry":{"type":"Point","coordinates":[15.207191,47.309571]},"properties":{"w":0.3076}},{"type":"Feature","geometry":{"type":"Point","coordinates":[10.556177,47.292293]},"properties":{"w":0.2954}},{"type":"Feature","geometry":{"type":"Point","coordinates":[13.552243,47.332848]},"properties":{"w":0.5834}},{"type":"Feature","geometry":{"type":"Point","coordinates":[14.203016,47.321171]},"properties":{"w":0.3058}},{"type":"Feature","geometry":{"type":"Point","coordinates":[12.336007,47.319643]},"properties":{"w":0.298}},{"type":"Feature","geometry":{"type":"Point","coordinates":[12.105541,47.318385]},"properties":{"w":0.3316}},{"type":"Feature","geometry":{"type":"Point","coordinates":[15.220047,47.311398]},"properties":{"w":0.4972}},{"type":"Feature","geometry":{"type":"Point","coordinates":[10.805044,47.296658]},"properties":{"w":0.3644}},{"type":"Feature","geometry":{"type":"Point","coordinates":[15.304302,47.30986]},"properties":{"w":0.4108}},{"type":"Feature","geometry":{"type":"Point","coordinates":[14.700111,47.320998]},"properties":{"w":0.3924}},{"type":"Feature","geometry":{"type":"Point","coordinates":[14.691815,47.320843]},"properties":{"w":0.3482}},{"type":"Feature","geometry":{"type":"Point","coordinates":[15.165575,47.310812]},"properties":{"w":0.4783}},{"type":"Feature","geometry":{"type":"Point","coordinates":[15.207365,47.306926]},"properties":{"w":0.3159}},{"type":"Feature","geometry":{"type":"Point","coordinates":[15.272096,47.30639]},"properties":{"w":0.298}},{"type":"Feature","geometry":{"type":"Point","coordinates":[10.149177,47.277165]},"properties":{"w":0.347}},{"type":"Feature","geometry":{"type":"Point","coordinates":[16.153001,47.306392]},"properties":{"w":0.8166}},{"type":"Feature","geometry":{"type":"Point","coordinates":[10.524295,47.287325]},"properties":{"w":0.3121}},{"type":"Feature","geometry":{"type":"Point","coordinates":[10.117755,47.277249]},"properties":{"w":0.404}},{"type":"Feature","geometry":{"type":"Point","coordinates":[13.554569,47.322087]},"properties":{"w":0.4393}},{"type":"Feature","geometry":{"type":"Point","coordinates":[13.365761,47.322575]},"properties":{"w":0.2992}},{"type":"Feature","geometry":{"type":"Point","coordinates":[12.471423,47.319772]},"properties":{"w":0.3462}},{"type":"Feature","geometry":{"type":"Point","coordinates":[13.57681,47.328706]},"properties":{"w":0.4462}},{"type":"Feature","geometry":{"type":"Point","coordinates":[12.120258,47.313921]},"properties":{"w":0.2747}},{"type":"Feature","geometry":{"type":"Point","coordinates":[16.417262,47.280889]},"properties":{"w":0.4451}},{"type":"Feature","geometry":{"type":"Point","coordinates":[15.110133,47.308233]},"properties":{"w":0.3397}},{"type":"Feature","geometry":{"type":"Point","coordinates":[14.676762,47.31659]},"properties":{"w":0.4224}},{"type":"Feature","geometry":{"type":"Point","coordinates":[10.116826,47.273511]},"properties":{"w":0.3076}},{"type":"Feature","geometry":{"type":"Point","coordinates":[10.167419,47.277889]},"properties":{"w":0.4639}},{"type":"Feature","geometry":{"type":"Point","coordinates":[10.264188,47.279491]},"properties":{"w":0.2902}},{"type":"Feature","geometry":{"type":"Point","coordinates":[15.099818,47.305743]},"properties":{"w":0.298}},{"type":"Feature","geometry":{"type":"Point","coordinates":[15.044261,47.305575]},"properties":{"w":0.298}},{"type":"Feature","geometry":{"type":"Point","coordinates":[14.402284,47.315736]},"properties":{"w":0.399}},{"type":"Feature","geometry":{"type":"Point","coordinates":[13.535171,47.318498]},"properties":{"w":0.3857}},{"type":"Feature","geometry":{"type":"Point","coordinates":[10.293025,47.277746]},"properties":{"w":0.3706}},{"type":"Feature","geometry":{"type":"Point","coordinates":[14.849961,47.312343]},"properties":{"w":0.4127}},{"type":"Feature","geometry":{"type":"Point","coordinates":[10.879918,47.290533]},"properties":{"w":0.3325}},{"type":"Feature","geometry":{"type":"Point","coordinates":[15.225947,47.301222]},"properties":{"w":0.2875}},{"type":"Feature","geometry":{"type":"Point","coordinates":[12.955825,47.314694]},"properties":{"w":0.4115}},{"type":"Feature","geometry":{"type":"Point","coordinates":[12.624055,47.321655]},"properties":{"w":0.5103}},{"type":"Feature","geometry":{"type":"Point","coordinates":[14.758628,47.309513]},"properties":{"w":0.3306}},{"type":"Feature","geometry":{"type":"Point","coordinates":[14.41982,47.308667]},"properties":{"w":0.2948}},{"type":"Feature","geometry":{"type":"Point","coordinates":[10.212479,47.272395]},"properties":{"w":0.3375}},{"type":"Feature","geometry":{"type":"Point","coordinates":[12.871626,47.316508]},"properties":{"w":0.487}},{"type":"Feature","geometry":{"type":"Point","coordinates":[14.56783,47.306095]},"properties":{"w":0.3121}},{"type":"Feature","geometry":{"type":"Point","coordinates":[12.17737,47.308268]},"properties":{"w":0.4141}},{"type":"Feature","geometry":{"type":"Point","coordinates":[11.831058,47.304015]},"properties":{"w":0.3449}},{"type":"Feature","geometry":{"type":"Point","coordinates":[12.169196,47.306827]},"properties":{"w":0.355}},{"type":"Feature","geometry":{"type":"Point","coordinates":[10.218521,47.269161]},"properties":{"w":0.2875}},{"type":"Feature","geometry":{"type":"Point","coordinates":[14.307728,47.310741]},"properties":{"w":0.3017}},{"type":"Feature","geometry":{"type":"Point","coordinates":[12.506664,47.313048]},"properties":{"w":0.4188}},{"type":"Feature","geometry":{"type":"Point","coordinates":[14.821696,47.305047]},"properties":{"w":0.4622}},{"type":"Feature","geometry":{"type":"Point","coordinates":[12.24251,47.311824]},"properties":{"w":0.5014}},{"type":"Feature","geometry":{"type":"Point","coordinates":[14.316029,47.30936]},"properties":{"w":0.3131}},{"type":"Feature","geometry":{"type":"Point","coordinates":[15.152672,47.299727]},"properties":{"w":0.4153}},{"type":"Feature","geometry":{"type":"Point","coordinates":[10.649201,47.280745]},"properties":{"w":0.3907}},{"type":"Feature","geometry":{"type":"Point","coordinates":[12.272437,47.307583]},"properties":{"w":0.2968}},{"type":"Feature","geometry":{"type":"Point","coordinates":[15.283305,47.296519]},"properties":{"w":0.2986}},{"type":"Feature","geometry":{"type":"Point","coordinates":[12.219001,47.308148]},"properties":{"w":0.3814}},{"type":"Feature","geometry":{"type":"Point","coordinates":[14.579144,47.32295]},"properties":{"w":0.6076}},{"type":"Feature","geometry":{"type":"Point","coordinates":[15.173506,47.300917]},"properties":{"w":0.4422}},{"type":"Feature","geometry":{"type":"Point","coordinates":[15.233018,47.29369]},"properties":{"w":0.2882}},{"type":"Feature","geometry":{"type":"Point","coordinates":[13.581484,47.312728]},"properties":{"w":0.3924}},{"type":"Feature","geometry":{"type":"Point","coordinates":[10.035843,47.260139]},"properties":{"w":0.3148}},{"type":"Feature","geometry":{"type":"Point","coordinates":[13.434698,47.305925]},"properties":{"w":0.3262}},{"type":"Feature","geometry":{"type":"Point","coordinates":[16.471999,47.280055]},"properties":{"w":0.7583}},{"type":"Feature","geometry":{"type":"Point","coordinates":[15.626847,47.282973]},"properties":{"w":0.2998}},{"type":"Feature","geometry":{"type":"Point","coordinates":[12.203771,47.299014]},"properties":{"w":0.3706}},{"type":"Feature","geometry":{"type":"Point","coordinates":[15.645341,47.28674]},"properties":{"w":0.3863}},{"type":"Feature","geometry":{"type":"Point","coordinates":[14.769595,47.305653]},"properties":{"w":0.5338}},{"type":"Feature","geometry":{"type":"Point","coordinates":[11.993505,47.302087]},"properties":{"w":0.5314}},{"type":"Feature","geometry":{"type":"Point","coordinates":[12.174438,47.299843]},"properties":{"w":0.4263}},{"type":"Feature","geometry":{"type":"Point","coordinates":[13.566726,47.302673]},"properties":{"w":0.3296}},{"type":"Feature","geometry":{"type":"Point","coordinates":[12.379555,47.298851]},"properties":{"w":0.3131}},{"type":"Feature","geometry":{"type":"Point","coordinates":[12.1087,47.296981]},"properties":{"w":0.3216}},{"type":"Feature","geometry":{"type":"Point","coordinates":[12.252438,47.304906]},"properties":{"w":0.4825}},{"type":"Feature","geometry":{"type":"Point","coordinates":[13.55299,47.312534]},"properties":{"w":0.5566}},{"type":"Feature","geometry":{"type":"Point","coordinates":[15.18557,47.295496]},"properties":{"w":0.5057}},{"type":"Feature","geometry":{"type":"Point","coordinates":[10.902066,47.279709]},"properties":{"w":0.4522}},{"type":"Feature","geometry":{"type":"Point","coordinates":[13.338769,47.302301]},"properties":{"w":0.3098}},{"type":"Feature","geometry":{"type":"Point","coordinates":[11.818492,47.29599]},"properties":{"w":0.386}},{"type":"Feature","geometry":{"type":"Point","coordinates":[13.245672,47.30128]},"properties":{"w":0.3181}},{"type":"Feature","geometry":{"type":"Point","coordinates":[10.867927,47.280985]},"properties":{"w":0.4422}},{"type":"Feature","geometry":{"type":"Point","coordinates":[10.593935,47.271598]},"properties":{"w":0.3081}},{"type":"Feature","geometry":{"type":"Point","coordinates":[12.245319,47.29719]},"properties":{"w":0.3706}},{"type":"Feature","geometry":{"type":"Point","coordinates":[12.199341,47.293728]},"properties":{"w":0.2882}},{"type":"Feature","geometry":{"type":"Point","coordinates":[16.059129,47.271139]},"properties":{"w":0.4301}},{"type":"Feature","geometry":{"type":"Point","coordinates":[10.121914,47.260232]},"properties":{"w":0.4566}},{"type":"Feature","geometry":{"type":"Point","coordinates":[10.138764,47.254482]},"properties":{"w":0.2916}},{"type":"Feature","geometry":{"type":"Point","coordinates":[15.139971,47.286953]},"properties":{"w":0.3247}},{"type":"Feature","geometry":{"type":"Point","coordinates":[12.1528,47.293499]},"properties":{"w":0.4078}},{"type":"Feature","geometry":{"type":"Point","coordinates":[10.146404,47.254997]},"properties":{"w":0.3238}},{"type":"Feature","geometry":{"type":"Point","coordinates":[14.687788,47.297344]},"properties":{"w":0.4726}},{"type":"Feature","geometry":{"type":"Point","coordinates":[12.238022,47.29367]},"properties":{"w":0.3076}},{"type":"Feature","geometry":{"type":"Point","coordinates":[12.056695,47.292721]},"properties":{"w":0.3538}},{"type":"Feature","geometry":{"type":"Point","coordinates":[14.332072,47.29638]},"properties":{"w":0.3466}},{"type":"Feature","geometry":{"type":"Point","coordinates":[13.264792,47.298562]},"properties":{"w":0.376}},{"type":"Feature","geometry":{"type":"Point","coordinates":[11.757699,47.288492]},"properties":{"w":0.3393}},{"type":"Feature","geometry":{"type":"Point","coordinates":[12.269266,47.291704]},"properties":{"w":0.3523}},{"type":"Feature","geometry":{"type":"Point","coordinates":[13.33728,47.296487]},"properties":{"w":0.3306}},{"type":"Feature","geometry":{"type":"Point","coordinates":[11.783529,47.291449]},"properties":{"w":0.3291}},{"type":"Feature","geometry":{"type":"Point","coordinates":[15.155734,47.281962]},"properties":{"w":0.3325}},{"type":"Feature","geometry":{"type":"Point","coordinates":[11.694814,47.284817]},"properties":{"w":0.2896}},{"type":"Feature","geometry":{"type":"Point","coordinates":[12.115665,47.288812]},"properties":{"w":0.3996}},{"type":"Feature","geometry":{"type":"Point","coordinates":[12.323763,47.291889]},"properties":{"w":0.3907}},{"type":"Feature","geometry":{"type":"Point","coordinates":[14.657306,47.287586]},"properties":{"w":0.2896}},{"type":"Feature","geometry":{"type":"Point","coordinates":[11.971973,47.289605]},"properties":{"w":0.3262}},{"type":"Feature","geometry":{"type":"Point","coordinates":[13.555625,47.29626]},"properties":{"w":0.5198}},{"type":"Feature","geometry":{"type":"Point","coordinates":[14.553019,47.286994]},"properties":{"w":0.3227}},{"type":"Feature","geometry":{"type":"Point","coordinates":[12.20722,47.288705]},"properties":{"w":0.3592}},{"type":"Feature","geometry":{"type":"Point","coordinates":[12.306371,47.289276]},"properties":{"w":0.4647}},{"type":"Feature","geometry":{"type":"Point","coordinates":[13.285431,47.291558]},"properties":{"w":0.3242}},{"type":"Feature","geometry":{"type":"Point","coordinates":[15.216633,47.277435]},"properties":{"w":0.2875}},{"type":"Feature","geometry":{"type":"Point","coordinates":[15.002723,47.281562]},"properties":{"w":0.3411}},{"type":"Feature","geometry":{"type":"Point","coordinates":[10.118276,47.246016]},"properties":{"w":0.3334}},{"type":"Feature","geometry":{"type":"Point","coordinates":[13.267382,47.290561]},"properties":{"w":0.3491}},{"type":"Feature","geometry":{"type":"Point","coordinates":[13.278434,47.294149]},"properties":{"w":0.332}},{"type":"Feature","geometry":{"type":"Point","coordinates":[14.595199,47.284129]},"properties":{"w":0.2935}},{"type":"Feature","geometry":{"type":"Point","coordinates":[14.568461,47.285483]},"properties":{"w":0.3792}},{"type":"Feature","geometry":{"type":"Point","coordinates":[10.846056,47.264916]},"properties":{"w":0.4235}},{"type":"Feature","geometry":{"type":"Point","coordinates":[12.150022,47.283506]},"properties":{"w":0.2968}},{"type":"Feature","geometry":{"type":"Point","coordinates":[10.654668,47.257801]},"properties":{"w":0.376}},{"type":"Feature","geometry":{"type":"Point","coordinates":[12.086048,47.282479]},"properties":{"w":0.2875}},{"type":"Feature","geometry":{"type":"Point","coordinates":[12.131008,47.300689]},"properties":{"w":0.6743}},{"type":"Feature","geometry":{"type":"Point","coordinates":[15.109678,47.277804]},"properties":{"w":0.3164}},{"type":"Feature","geometry":{"type":"Point","coordinates":[10.55873,47.254798]},"properties":{"w":0.3841}},{"type":"Feature","geometry":{"type":"Point","coordinates":[12.010653,47.283608]},"properties":{"w":0.298}},{"type":"Feature","geometry":{"type":"Point","coordinates":[13.481542,47.289538]},"properties":{"w":0.4181}},{"type":"Feature","geometry":{"type":"Point","coordinates":[12.003031,47.292225]},"properties":{"w":0.5806}},{"type":"Feature","geometry":{"type":"Point","coordinates":[15.179548,47.27267]},"properties":{"w":0.3076}},{"type":"Feature","geometry":{"type":"Point","coordinates":[10.229266,47.243265]},"properties":{"w":0.3029}},{"type":"Feature","geometry":{"type":"Point","coordinates":[15.056852,47.274535]},"properties":{"w":0.3017}},{"type":"Feature","geometry":{"type":"Point","coordinates":[13.36994,47.285769]},"properties":{"w":0.3247}},{"type":"Feature","geometry":{"type":"Point","coordinates":[10.535984,47.25387]},"properties":{"w":0.2888}},{"type":"Feature","geometry":{"type":"Point","coordinates":[12.053354,47.281145]},"properties":{"w":0.4827}},{"type":"Feature","geometry":{"type":"Point","coordinates":[13.495289,47.285613]},"properties":{"w":0.3058}},{"type":"Feature","geometry":{"type":"Point","coordinates":[16.197319,47.255873]},"properties":{"w":0.6029}},{"type":"Feature","geometry":{"type":"Point","coordinates":[11.944716,47.27631]},"properties":{"w":0.3706}},{"type":"Feature","geometry":{"type":"Point","coordinates":[12.068592,47.279738]},"properties":{"w":0.3985}},{"type":"Feature","geometry":{"type":"Point","coordinates":[13.433925,47.284117]},"properties":{"w":0.3017}},{"type":"Feature","geometry":{"type":"Point","coordinates":[11.952319,47.274333]},"properties":{"w":0.3164}},{"type":"Feature","geometry":{"type":"Point","coordinates":[15.131578,47.275681]},"properties":{"w":0.4224}},{"type":"Feature","geometry":{"type":"Point","coordinates":[10.132979,47.240165]},"properties":{"w":0.4395}},{"type":"Feature","geometry":{"type":"Point","coordinates":[14.452482,47.276528]},"properties":{"w":0.3116}},{"type":"Feature","geometry":{"type":"Point","coordinates":[12.189316,47.283611]},"properties":{"w":0.6304}},{"type":"Feature","geometry":{"type":"Point","coordinates":[12.146292,47.27825]},"properties":{"w":0.3164}},{"type":"Feature","geometry":{"type":"Point","coordinates":[11.957486,47.284278]},"properties":{"w":0.5759}},{"type":"Feature","geometry":{"type":"Point","coordinates":[13.359262,47.284318]},"properties":{"w":0.4098}},{"type":"Feature","geometry":{"type":"Point","coordinates":[15.224915,47.266127]},"properties":{"w":0.4068}},{"type":"Feature","geometry":{"type":"Point","coordinates":[11.991879,47.272253]},"properties":{"w":0.3164}},{"type":"Feature","geometry":{"type":"Point","coordinates":[12.046738,47.275228]},"properties":{"w":0.3993}},{"type":"Feature","geometry":{"type":"Point","coordinates":[14.565556,47.275566]},"properties":{"w":0.4004}},{"type":"Feature","geometry":{"type":"Point","coordinates":[13.535291,47.285285]},"properties":{"w":0.6749}},{"type":"Feature","geometry":{"type":"Point","coordinates":[13.274687,47.280863]},"properties":{"w":0.3462}},{"type":"Feature","geometry":{"type":"Point","coordinates":[15.134776,47.265884]},"properties":{"w":0.2875}},{"type":"Feature","geometry":{"type":"Point","coordinates":[10.49864,47.24405]},"properties":{"w":0.3164}},{"type":"Feature","geometry":{"type":"Point","coordinates":[11.803827,47.272995]},"properties":{"w":0.3428}},{"type":"Feature","geometry":{"type":"Point","coordinates":[10.591934,47.246335]},"properties":{"w":0.3411}},{"type":"Feature","geometry":{"type":"Point","coordinates":[10.479549,47.243504]},"properties":{"w":0.3164}},{"type":"Feature","geometry":{"type":"Point","coordinates":[15.06417,47.265805]},"properties":{"w":0.2875}},{"type":"Feature","geometry":{"type":"Point","coordinates":[10.119071,47.232581]},"properties":{"w":0.311}},{"type":"Feature","geometry":{"type":"Point","coordinates":[12.237619,47.276214]},"properties":{"w":0.3592}},{"type":"Feature","geometry":{"type":"Point","coordinates":[10.511282,47.24299]},"properties":{"w":0.3076}},{"type":"Feature","geometry":{"type":"Point","coordinates":[10.579981,47.24368]},"properties":{"w":0.2813}},{"type":"Feature","geometry":{"type":"Point","coordinates":[10.586303,47.242184]},"properties":{"w":0.3202}},{"type":"Feature","geometry":{"type":"Point","coordinates":[12.013309,47.268553]},"properties":{"w":0.3581}},{"type":"Feature","geometry":{"type":"Point","coordinates":[14.362156,47.270936]},"properties":{"w":0.374}},{"type":"Feature","geometry":{"type":"Point","coordinates":[10.088813,47.229273]},"properties":{"w":0.4475}},{"type":"Feature","geometry":{"type":"Point","coordinates":[10.4032,47.238563]},"properties":{"w":0.2941}},{"type":"Feature","geometry":{"type":"Point","coordinates":[12.19175,47.268822]},"properties":{"w":0.3811}},{"type":"Feature","geometry":{"type":"Point","coordinates":[14.272155,47.273262]},"properties":{"w":0.3397}},{"type":"Feature","geometry":{"type":"Point","coordinates":[10.561328,47.240403]},"properties":{"w":0.3247}},{"type":"Feature","geometry":{"type":"Point","coordinates":[10.221328,47.233965]},"properties":{"w":0.3238}},{"type":"Feature","geometry":{"type":"Point","coordinates":[13.59491,47.27826]},"properties":{"w":0.544}},{"type":"Feature","geometry":{"type":"Point","coordinates":[12.100681,47.270643]},"properties":{"w":0.4377}},{"type":"Feature","geometry":{"type":"Point","coordinates":[14.256535,47.283918]},"properties":{"w":0.5543}},{"type":"Feature","geometry":{"type":"Point","coordinates":[15.173723,47.261299]},"properties":{"w":0.311}},{"type":"Feature","geometry":{"type":"Point","coordinates":[10.201752,47.228449]},"properties":{"w":0.298}},{"type":"Feature","geometry":{"type":"Point","coordinates":[12.199631,47.266776]},"properties":{"w":0.3047}},{"type":"Feature","geometry":{"type":"Point","coordinates":[13.383255,47.275727]},"properties":{"w":0.4274}},{"type":"Feature","geometry":{"type":"Point","coordinates":[12.085262,47.264496]},"properties":{"w":0.2896}},{"type":"Feature","geometry":{"type":"Point","coordinates":[13.477541,47.275202]},"properties":{"w":0.5719}},{"type":"Feature","geometry":{"type":"Point","coordinates":[10.108715,47.226528]},"properties":{"w":0.332}},{"type":"Feature","geometry":{"type":"Point","coordinates":[13.024177,47.272075]},"properties":{"w":0.3554}},{"type":"Feature","geometry":{"type":"Point","coordinates":[13.04926,47.272242]},"properties":{"w":0.3242}},{"type":"Feature","geometry":{"type":"Point","coordinates":[13.52126,47.270007]},"properties":{"w":0.3076}},{"type":"Feature","geometry":{"type":"Point","coordinates":[14.400524,47.270812]},"properties":{"w":0.6508}},{"type":"Feature","geometry":{"type":"Point","coordinates":[13.573678,47.27102]},"properties":{"w":0.4204}},{"type":"Feature","geometry":{"type":"Point","coordinates":[15.096699,47.25967]},"properties":{"w":0.4156}},{"type":"Feature","geometry":{"type":"Point","coordinates":[13.355083,47.268054]},"properties":{"w":0.3753}},{"type":"Feature","geometry":{"type":"Point","coordinates":[13.005684,47.268998]},"properties":{"w":0.4983}},{"type":"Feature","geometry":{"type":"Point","coordinates":[10.614987,47.235299]},"properties":{"w":0.3523}},{"type":"Feature","geometry":{"type":"Point","coordinates":[15.228873,47.251173]},"properties":{"w":0.3348}},{"type":"Feature","geometry":{"type":"Point","coordinates":[15.001588,47.259625]},"properties":{"w":0.371}},{"type":"Feature","geometry":{"type":"Point","coordinates":[15.143612,47.25721]},"properties":{"w":0.4592}},{"type":"Feature","geometry":{"type":"Point","coordinates":[11.986792,47.263596]},"properties":{"w":0.6152}},{"type":"Feature","geometry":{"type":"Point","coordinates":[10.324575,47.224147]},"properties":{"w":0.298}},{"type":"Feature","geometry":{"type":"Point","coordinates":[10.511065,47.229735]},"properties":{"w":0.3651}},{"type":"Feature","geometry":{"type":"Point","coordinates":[13.294593,47.266126]},"properties":{"w":0.301}},{"type":"Feature","geometry":{"type":"Point","coordinates":[12.164185,47.261791]},"properties":{"w":0.3406}},{"type":"Feature","geometry":{"type":"Point","coordinates":[12.800286,47.263972]},"properties":{"w":0.4276}},{"type":"Feature","geometry":{"type":"Point","coordinates":[12.507761,47.262149]},"properties":{"w":0.3921}},{"type":"Feature","geometry":{"type":"Point","coordinates":[10.9606,47.240388]},"properties":{"w":0.5102}},{"type":"Feature","geometry":{"type":"Point","coordinates":[11.829899,47.253683]},"properties":{"w":0.3017}},{"type":"Feature","geometry":{"type":"Point","coordinates":[15.124554,47.249035]},"properties":{"w":0.2875}},{"type":"Feature","geometry":{"type":"Point","coordinates":[10.983552,47.238763]},"properties":{"w":0.3242}},{"type":"Feature","geometry":{"type":"Point","coordinates":[11.823018,47.252224]},"properties":{"w":0.2986}},{"type":"Feature","geometry":{"type":"Point","coordinates":[10.054872,47.215147]},"properties":{"w":0.298}},{"type":"Feature","geometry":{"type":"Point","coordinates":[11.654542,47.252078]},"properties":{"w":0.3466}},{"type":"Feature","geometry":{"type":"Point","coordinates":[15.076941,47.25712]},"properties":{"w":0.416}},{"type":"Feature","geometry":{"type":"Point","coordinates":[12.524848,47.258562]},"properties":{"w":0.298}},{"type":"Feature","geometry":{"type":"Point","coordinates":[13.513925,47.264496]},"properties":{"w":0.4342}},{"type":"Feature","geometry":{"type":"Point","coordinates":[15.070036,47.252516]},"properties":{"w":0.3325}},{"type":"Feature","geometry":{"type":"Point","coordinates":[12.950564,47.264932]},"properties":{"w":0.4414}},{"type":"Feature","geometry":{"type":"Point","coordinates":[13.285393,47.260788]},"properties":{"w":0.2875}},{"type":"Feature","geometry":{"type":"Point","coordinates":[15.012567,47.253287]},"properties":{"w":0.4376}},{"type":"Feature","geometry":{"type":"Point","coordinates":[14.171443,47.258017]},"properties":{"w":0.3306}},{"type":"Feature","geometry":{"type":"Point","coordinates":[12.086162,47.253639]},"properties":{"w":0.4014}},{"type":"Feature","geometry":{"type":"Point","coordinates":[10.597237,47.228068]},"properties":{"w":0.4334}},{"type":"Feature","geometry":{"type":"Point","coordinates":[10.545849,47.227217]},"properties":{"w":0.3482}},{"type":"Feature","geometry":{"type":"Point","coordinates":[10.39267,47.224552]},"properties":{"w":0.3267}},{"type":"Feature","geometry":{"type":"Point","coordinates":[11.9997,47.252259]},"properties":{"w":0.3058}},{"type":"Feature","geometry":{"type":"Point","coordinates":[10.186802,47.220781]},"properties":{"w":0.5414}},{"type":"Feature","geometry":{"type":"Point","coordinates":[11.08901,47.236587]},"properties":{"w":0.3558}},{"type":"Feature","geometry":{"type":"Point","coordinates":[12.380336,47.256237]},"properties":{"w":0.3811}},{"type":"Feature","geometry":{"type":"Point","coordinates":[10.086467,47.217728]},"properties":{"w":0.5008}},{"type":"Feature","geometry":{"type":"Point","coordinates":[12.790877,47.258196]},"properties":{"w":0.3952}},{"type":"Feature","geometry":{"type":"Point","coordinates":[11.129697,47.241226]},"properties":{"w":0.3531}},{"type":"Feature","geometry":{"type":"Point","coordinates":[14.072992,47.257739]},"properties":{"w":0.3482}},{"type":"Feature","geometry":{"type":"Point","coordinates":[12.418975,47.253958]},"properties":{"w":0.2948}},{"type":"Feature","geometry":{"type":"Point","coordinates":[13.234219,47.25786]},"properties":{"w":0.3737}},{"type":"Feature","geometry":{"type":"Point","coordinates":[13.470501,47.258437]},"properties":{"w":0.4986}},{"type":"Feature","geometry":{"type":"Point","coordinates":[14.336353,47.255276]},"properties":{"w":0.3272}},{"type":"Feature","geometry":{"type":"Point","coordinates":[10.67956,47.225359]},"properties":{"w":0.298}},{"type":"Feature","geometry":{"type":"Point","coordinates":[10.040864,47.212692]},"properties":{"w":0.4676}},{"type":"Feature","geometry":{"type":"Point","coordinates":[14.402686,47.252342]},"properties":{"w":0.3148}},{"type":"Feature","geometry":{"type":"Point","coordinates":[10.073016,47.215772]},"properties":{"w":0.3955}},{"type":"Feature","geometry":{"type":"Point","coordinates":[14.797658,47.248642]},"properties":{"w":0.386}},{"type":"Feature","geometry":{"type":"Point","coordinates":[11.762727,47.246263]},"properties":{"w":0.2875}},{"type":"Feature","geometry":{"type":"Point","coordinates":[12.069168,47.251213]},"properties":{"w":0.3272}},{"type":"Feature","geometry":{"type":"Point","coordinates":[15.084073,47.244622]},"properties":{"w":0.3076}},{"type":"Feature","geometry":{"type":"Point","coordinates":[13.269852,47.255972]},"properties":{"w":0.2902}},{"type":"Feature","geometry":{"type":"Point","coordinates":[13.278314,47.265484]},"properties":{"w":0.4156}},{"type":"Feature","geometry":{"type":"Point","coordinates":[14.576919,47.252913]},"properties":{"w":0.4579}},{"type":"Feature","geometry":{"type":"Point","coordinates":[13.290435,47.255187]},"properties":{"w":0.4272}},{"type":"Feature","geometry":{"type":"Point","coordinates":[12.874968,47.256799]},"properties":{"w":0.4431}},{"type":"Feature","geometry":{"type":"Point","coordinates":[13.253824,47.256081]},"properties":{"w":0.4924}},{"type":"Feature","geometry":{"type":"Point","coordinates":[12.892736,47.255495]},"properties":{"w":0.317}},{"type":"Feature","geometry":{"type":"Point","coordinates":[12.866693,47.2524]},"properties":{"w":0.3138}},{"type":"Feature","geometry":{"type":"Point","coordinates":[12.532163,47.253738]},"properties":{"w":0.3325}},{"type":"Feature","geometry":{"type":"Point","coordinates":[10.20341,47.209893]},"properties":{"w":0.3316}},{"type":"Feature","geometry":{"type":"Point","coordinates":[10.423426,47.22217]},"properties":{"w":0.4014}},{"type":"Feature","geometry":{"type":"Point","coordinates":[11.799953,47.245316]},"properties":{"w":0.3375}},{"type":"Feature","geometry":{"type":"Point","coordinates":[12.680372,47.250917]},"properties":{"w":0.3592}},{"type":"Feature","geometry":{"type":"Point","coordinates":[10.067329,47.204293]},"properties":{"w":0.3343}},{"type":"Feature","geometry":{"type":"Point","coordinates":[14.333641,47.249568]},"properties":{"w":0.4226}},{"type":"Feature","geometry":{"type":"Point","coordinates":[10.626854,47.218981]},"properties":{"w":0.3743}},{"type":"Feature","geometry":{"type":"Point","coordinates":[15.013327,47.244359]},"properties":{"w":0.4922}},{"type":"Feature","geometry":{"type":"Point","coordinates":[11.050011,47.231134]},"properties":{"w":0.3466}},{"type":"Feature","geometry":{"type":"Point","coordinates":[13.260214,47.25043]},"properties":{"w":0.4674}},{"type":"Feature","geometry":{"type":"Point","coordinates":[14.604976,47.249274]},"properties":{"w":0.4781}},{"type":"Feature","geometry":{"type":"Point","coordinates":[12.356574,47.245905]},"properties":{"w":0.2902}},{"type":"Feature","geometry":{"type":"Point","coordinates":[11.667559,47.246695]},"properties":{"w":0.412}},{"type":"Feature","geometry":{"type":"Point","coordinates":[11.777367,47.248092]},"properties":{"w":0.3963}},{"type":"Feature","geometry":{"type":"Point","coordinates":[13.498049,47.249552]},"properties":{"w":0.3121}},{"type":"Feature","geometry":{"type":"Point","coordinates":[11.170355,47.234544]},"properties":{"w":0.5458}},{"type":"Feature","geometry":{"type":"Point","coordinates":[12.545843,47.249765]},"properties":{"w":0.4519}},{"type":"Feature","geometry":{"type":"Point","coordinates":[15.112749,47.236004]},"properties":{"w":0.3076}},{"type":"Feature","geometry":{"type":"Point","coordinates":[10.463241,47.215619]},"properties":{"w":0.3361}},{"type":"Feature","geometry":{"type":"Point","coordinates":[14.304938,47.250904]},"properties":{"w":0.4043}},{"type":"Feature","geometry":{"type":"Point","coordinates":[10.534114,47.21472]},"properties":{"w":0.3432}},{"type":"Feature","geometry":{"type":"Point","coordinates":[15.067675,47.239592]},"properties":{"w":0.4118}},{"type":"Feature","geometry":{"type":"Point","coordinates":[10.020067,47.199088]},"properties":{"w":0.3121}},{"type":"Feature","geometry":{"type":"Point","coordinates":[11.019405,47.225575]},"properties":{"w":0.3402}},{"type":"Feature","geometry":{"type":"Point","coordinates":[14.75442,47.23782]},"properties":{"w":0.3348}},{"type":"Feature","geometry":{"type":"Point","coordinates":[12.953958,47.246626]},"properties":{"w":0.3466}},{"type":"Feature","geometry":{"type":"Point","coordinates":[11.585143,47.233874]},"properties":{"w":0.3154}},{"type":"Feature","geometry":{"type":"Point","coordinates":[11.80864,47.236038]},"properties":{"w":0.4053}},{"type":"Feature","geometry":{"type":"Point","coordinates":[10.075458,47.199433]},"properties":{"w":0.4127}},{"type":"Feature","geometry":{"type":"Point","coordinates":[10.223234,47.208777]},"properties":{"w":0.3397}},{"type":"Feature","geometry":{"type":"Point","coordinates":[10.389713,47.206779]},"properties":{"w":0.2813}},{"type":"Feature","geometry":{"type":"Point","coordinates":[14.41044,47.242212]},"properties":{"w":0.4873}},{"type":"Feature","geometry":{"type":"Point","coordinates":[10.212141,47.210055]},"properties":{"w":0.4471}},{"type":"Feature","geometry":{"type":"Point","coordinates":[14.995594,47.235015]},"properties":{"w":0.5555}},{"type":"Feature","geometry":{"type":"Point","coordinates":[12.542018,47.242418]},"properties":{"w":0.337}},{"type":"Feature","geometry":{"type":"Point","coordinates":[14.69028,47.236297]},"properties":{"w":0.3325}},{"type":"Feature","geometry":{"type":"Point","coordinates":[10.505443,47.210057]},"properties":{"w":0.3397}},{"type":"Feature","geometry":{"type":"Point","coordinates":[12.628068,47.249312]},"properties":{"w":0.377}},{"type":"Feature","geometry":{"type":"Point","coordinates":[15.108955,47.231985]},"properties":{"w":0.3164}},{"type":"Feature","geometry":{"type":"Point","coordinates":[11.185609,47.222447]},"properties":{"w":0.3202}},{"type":"Feature","geometry":{"type":"Point","coordinates":[10.18118,47.199863]},"properties":{"w":0.3282}},{"type":"Feature","geometry":{"type":"Point","coordinates":[10.554048,47.209719]},"properties":{"w":0.376}},{"type":"Feature","geometry":{"type":"Point","coordinates":[11.517539,47.228911]},"properties":{"w":0.2941}},{"type":"Feature","geometry":{"type":"Point","coordinates":[15.355259,47.224872]},"properties":{"w":0.3138}},{"type":"Feature","geometry":{"type":"Point","coordinates":[10.194207,47.201909]},"properties":{"w":0.3384}},{"type":"Feature","geometry":{"type":"Point","coordinates":[14.675861,47.246218]},"properties":{"w":0.6533}},{"type":"Feature","geometry":{"type":"Point","coordinates":[14.685658,47.233462]},"properties":{"w":0.3466}},{"type":"Feature","geometry":{"type":"Point","coordinates":[10.189135,47.197484]},"properties":{"w":0.3397}},{"type":"Feature","geometry":{"type":"Point","coordinates":[11.480325,47.226531]},"properties":{"w":0.3499}},{"type":"Feature","geometry":{"type":"Point","coordinates":[10.169116,47.19797]},"properties":{"w":0.4399}},{"type":"Feature","geometry":{"type":"Point","coordinates":[10.16019,47.196197]},"properties":{"w":0.2954}},{"type":"Feature","geometry":{"type":"Point","coordinates":[11.757599,47.229825]},"properties":{"w":0.4538}},{"type":"Feature","geometry":{"type":"Point","coordinates":[13.49861,47.23859]},"properties":{"w":0.298}},{"type":"Feature","geometry":{"type":"Point","coordinates":[13.518075,47.239573]},"properties":{"w":0.3495}},{"type":"Feature","geometry":{"type":"Point","coordinates":[11.776202,47.232084]},"properties":{"w":0.3907}},{"type":"Feature","geometry":{"type":"Point","coordinates":[14.491517,47.233379]},"properties":{"w":0.4513}},{"type":"Feature","geometry":{"type":"Point","coordinates":[11.969601,47.232652]},"properties":{"w":0.3554}},{"type":"Feature","geometry":{"type":"Point","coordinates":[13.307741,47.238301]},"properties":{"w":0.2875}},{"type":"Feature","geometry":{"type":"Point","coordinates":[11.814971,47.229751]},"properties":{"w":0.4661}},{"type":"Feature","geometry":{"type":"Point","coordinates":[11.041437,47.214224]},"properties":{"w":0.3098}},{"type":"Feature","geometry":{"type":"Point","coordinates":[15.046117,47.228641]},"properties":{"w":0.4783}},{"type":"Feature","geometry":{"type":"Point","coordinates":[10.252821,47.198235]},"properties":{"w":0.2875}},{"type":"Feature","geometry":{"type":"Point","coordinates":[13.490262,47.238356]},"properties":{"w":0.376}},{"type":"Feature","geometry":{"type":"Point","coordinates":[10.036843,47.189553]},"properties":{"w":0.2992}},{"type":"Feature","geometry":{"type":"Point","coordinates":[10.966788,47.214267]},"properties":{"w":0.4265}},{"type":"Feature","geometry":{"type":"Point","coordinates":[14.190549,47.236398]},"properties":{"w":0.4312}},{"type":"Feature","geometry":{"type":"Point","coordinates":[11.992091,47.235154]},"properties":{"w":0.5077}},{"type":"Feature","geometry":{"type":"Point","coordinates":[11.653363,47.22456]},"properties":{"w":0.307}},{"type":"Feature","geometry":{"type":"Point","coordinates":[10.237345,47.203969]},"properties":{"w":0.4704}},{"type":"Feature","geometry":{"type":"Point","coordinates":[11.492683,47.220266]},"properties":{"w":0.3841}},{"type":"Feature","geometry":{"type":"Point","coordinates":[11.587752,47.22129]},"properties":{"w":0.3076}},{"type":"Feature","geometry":{"type":"Point","coordinates":[10.164595,47.190551]},"properties":{"w":0.3131}},{"type":"Feature","geometry":{"type":"Point","coordinates":[11.064845,47.212448]},"properties":{"w":0.3076}},{"type":"Feature","geometry":{"type":"Point","coordinates":[10.011444,47.187497]},"properties":{"w":0.4442}},{"type":"Feature","geometry":{"type":"Point","coordinates":[11.726048,47.224943]},"properties":{"w":0.2954}},{"type":"Feature","geometry":{"type":"Point","coordinates":[10.481068,47.200259]},"properties":{"w":0.4317}},{"type":"Feature","geometry":{"type":"Point","coordinates":[10.281026,47.197555]},"properties":{"w":0.386}},{"type":"Feature","geometry":{"type":"Point","coordinates":[13.406711,47.235249]},"properties":{"w":0.2986}},{"type":"Feature","geometry":{"type":"Point","coordinates":[10.352364,47.194148]},"properties":{"w":0.3462}},{"type":"Feature","geometry":{"type":"Point","coordinates":[15.206467,47.220075]},"properties":{"w":0.3216}},{"type":"Feature","geometry":{"type":"Point","coordinates":[13.478645,47.236654]},"properties":{"w":0.4893}},{"type":"Feature","geometry":{"type":"Point","coordinates":[15.091842,47.222908]},"properties":{"w":0.4668}},{"type":"Feature","geometry":{"type":"Point","coordinates":[12.659094,47.237749]},"properties":{"w":0.427}},{"type":"Feature","geometry":{"type":"Point","coordinates":[11.504204,47.216351]},"properties":{"w":0.3592}},{"type":"Feature","geometry":{"type":"Point","coordinates":[11.477925,47.216545]},"properties":{"w":0.4068}},{"type":"Feature","geometry":{"type":"Point","coordinates":[15.367969,47.21316]},"properties":{"w":0.3121}},{"type":"Feature","geometry":{"type":"Point","coordinates":[12.784668,47.228694]},"properties":{"w":0.2875}},{"type":"Feature","geometry":{"type":"Point","coordinates":[12.707663,47.229064]},"properties":{"w":0.3432}},{"type":"Feature","geometry":{"type":"Point","coordinates":[14.404892,47.224635]},"properties":{"w":0.3458}},{"type":"Feature","geometry":{"type":"Point","coordinates":[16.450862,47.186412]},"properties":{"w":0.3329}},{"type":"Feature","geometry":{"type":"Point","coordinates":[13.47219,47.229886]},"properties":{"w":0.386}},{"type":"Feature","geometry":{"type":"Point","coordinates":[13.403775,47.228567]},"properties":{"w":0.2875}},{"type":"Feature","geometry":{"type":"Point","coordinates":[14.441462,47.227121]},"properties":{"w":0.506}},{"type":"Feature","geometry":{"type":"Point","coordinates":[10.211961,47.187341]},"properties":{"w":0.5349}},{"type":"Feature","geometry":{"type":"Point","coordinates":[10.192928,47.185612]},"properties":{"w":0.2875}},{"type":"Feature","geometry":{"type":"Point","coordinates":[10.488095,47.193083]},"properties":{"w":0.3023}},{"type":"Feature","geometry":{"type":"Point","coordinates":[10.961357,47.205055]},"properties":{"w":0.4749}},{"type":"Feature","geometry":{"type":"Point","coordinates":[11.039421,47.203324]},"properties":{"w":0.3499}},{"type":"Feature","geometry":{"type":"Point","coordinates":[9.993925,47.180934]},"properties":{"w":0.5262}},{"type":"Feature","geometry":{"type":"Point","coordinates":[13.050347,47.228739]},"properties":{"w":0.3325}},{"type":"Feature","geometry":{"type":"Point","coordinates":[11.736807,47.215539]},"properties":{"w":0.3227}},{"type":"Feature","geometry":{"type":"Point","coordinates":[12.130092,47.218341]},"properties":{"w":0.2875}},{"type":"Feature","geometry":{"type":"Point","coordinates":[15.171265,47.208877]},"properties":{"w":0.2992}},{"type":"Feature","geometry":{"type":"Point","coordinates":[10.310777,47.185962]},"properties":{"w":0.298}},{"type":"Feature","geometry":{"type":"Point","coordinates":[14.954453,47.212429]},"properties":{"w":0.4527}},{"type":"Feature","geometry":{"type":"Point","coordinates":[15.033175,47.21273]},"properties":{"w":0.3737}},{"type":"Feature","geometry":{"type":"Point","coordinates":[13.301097,47.224479]},"properties":{"w":0.3159}},{"type":"Feature","geometry":{"type":"Point","coordinates":[11.758253,47.214523]},"properties":{"w":0.3131}},{"type":"Feature","geometry":{"type":"Point","coordinates":[12.557963,47.221794]},"properties":{"w":0.2875}},{"type":"Feature","geometry":{"type":"Point","coordinates":[12.879853,47.221798]},"properties":{"w":0.3625}},{"type":"Feature","geometry":{"type":"Point","coordinates":[15.076222,47.211678]},"properties":{"w":0.3938}},{"type":"Feature","geometry":{"type":"Point","coordinates":[11.002068,47.200287]},"properties":{"w":0.2761}},{"type":"Feature","geometry":{"type":"Point","coordinates":[10.522557,47.187411]},"properties":{"w":0.3644}},{"type":"Feature","geometry":{"type":"Point","coordinates":[12.88748,47.224166]},"properties":{"w":0.3023}},{"type":"Feature","geometry":{"type":"Point","coordinates":[10.114405,47.177103]},"properties":{"w":0.3397}},{"type":"Feature","geometry":{"type":"Point","coordinates":[9.9641,47.17184]},"properties":{"w":0.3565}},{"type":"Feature","geometry":{"type":"Point","coordinates":[9.639216,47.164089]},"properties":{"w":0.3325}},{"type":"Feature","geometry":{"type":"Point","coordinates":[10.088124,47.175362]},"properties":{"w":0.3076}},{"type":"Feature","geometry":{"type":"Point","coordinates":[10.804212,47.193072]},"properties":{"w":0.2968}},{"type":"Feature","geometry":{"type":"Point","coordinates":[15.050778,47.210268]},"properties":{"w":0.3325}},{"type":"Feature","geometry":{"type":"Point","coordinates":[10.186891,47.178458]},"properties":{"w":0.4172}},{"type":"Feature","geometry":{"type":"Point","coordinates":[13.293294,47.226356]},"properties":{"w":0.4297}},{"type":"Feature","geometry":{"type":"Point","coordinates":[10.207052,47.177584]},"properties":{"w":0.3186}},{"type":"Feature","geometry":{"type":"Point","coordinates":[14.390382,47.220512]},"properties":{"w":0.4998}},{"type":"Feature","geometry":{"type":"Point","coordinates":[10.983795,47.203009]},"properties":{"w":0.4529}},{"type":"Feature","geometry":{"type":"Point","coordinates":[11.688202,47.217449]},"properties":{"w":0.3974}},{"type":"Feature","geometry":{"type":"Point","coordinates":[15.107297,47.209144]},"properties":{"w":0.4153}},{"type":"Feature","geometry":{"type":"Point","coordinates":[13.349972,47.220565]},"properties":{"w":0.3164}},{"type":"Feature","geometry":{"type":"Point","coordinates":[13.465082,47.223963]},"properties":{"w":0.444}},{"type":"Feature","geometry":{"type":"Point","coordinates":[12.064834,47.214974]},"properties":{"w":0.3883}},{"type":"Feature","geometry":{"type":"Point","coordinates":[10.128872,47.173533]},"properties":{"w":0.3262}},{"type":"Feature","geometry":{"type":"Point","coordinates":[10.392744,47.182335]},"properties":{"w":0.4709}},{"type":"Feature","geometry":{"type":"Point","coordinates":[12.088361,47.220273]},"properties":{"w":0.5738}},{"type":"Feature","geometry":{"type":"Point","coordinates":[12.940943,47.221527]},"properties":{"w":0.3164}},{"type":"Feature","geometry":{"type":"Point","coordinates":[14.105293,47.216857]},"properties":{"w":0.3148}},{"type":"Feature","geometry":{"type":"Point","coordinates":[13.223714,47.218964]},"properties":{"w":0.3076}},{"type":"Feature","geometry":{"type":"Point","coordinates":[16.295377,47.179594]},"properties":{"w":0.3495}},{"type":"Feature","geometry":{"type":"Point","coordinates":[10.405982,47.180323]},"properties":{"w":0.3996}},{"type":"Feature","geometry":{"type":"Point","coordinates":[15.182933,47.204675]},"properties":{"w":0.3316}},{"type":"Feature","geometry":{"type":"Point","coordinates":[12.783125,47.218605]},"properties":{"w":0.3881}},{"type":"Feature","geometry":{"type":"Point","coordinates":[13.421526,47.220512]},"properties":{"w":0.4763}},{"type":"Feature","geometry":{"type":"Point","coordinates":[10.348404,47.17819]},"properties":{"w":0.3291}},{"type":"Feature","geometry":{"type":"Point","coordinates":[9.966726,47.167257]},"properties":{"w":0.3531}},{"type":"Feature","geometry":{"type":"Point","coordinates":[10.974003,47.192594]},"properties":{"w":0.3689}},{"type":"Feature","geometry":{"type":"Point","coordinates":[11.069299,47.196966]},"properties":{"w":0.3693}},{"type":"Feature","geometry":{"type":"Point","coordinates":[12.623244,47.214986]},"properties":{"w":0.2954}},{"type":"Feature","geometry":{"type":"Point","coordinates":[14.137114,47.221759]},"properties":{"w":0.4108}},{"type":"Feature","geometry":{"type":"Point","coordinates":[12.794025,47.216832]},"properties":{"w":0.386}},{"type":"Feature","geometry":{"type":"Point","coordinates":[11.667913,47.202617]},"properties":{"w":0.298}},{"type":"Feature","geometry":{"type":"Point","coordinates":[15.294596,47.198914]},"properties":{"w":0.3272}},{"type":"Feature","geometry":{"type":"Point","coordinates":[13.302168,47.217579]},"properties":{"w":0.3247}},{"type":"Feature","geometry":{"type":"Point","coordinates":[14.411055,47.21013]},"properties":{"w":0.3076}},{"type":"Feature","geometry":{"type":"Point","coordinates":[13.290361,47.215245]},"properties":{"w":0.3996}},{"type":"Feature","geometry":{"type":"Point","coordinates":[13.056224,47.216534]},"properties":{"w":0.3706}},{"type":"Feature","geometry":{"type":"Point","coordinates":[13.233152,47.213554]},"properties":{"w":0.3222}},{"type":"Feature","geometry":{"type":"Point","coordinates":[10.252735,47.173379]},"properties":{"w":0.2902}},{"type":"Feature","geometry":{"type":"Point","coordinates":[15.172163,47.203121]},"properties":{"w":0.4127}},{"type":"Feature","geometry":{"type":"Point","coordinates":[14.165303,47.21507]},"properties":{"w":0.5559}},{"type":"Feature","geometry":{"type":"Point","coordinates":[15.286665,47.198433]},"properties":{"w":0.2888}},{"type":"Feature","geometry":{"type":"Point","coordinates":[13.894611,47.213782]},"properties":{"w":0.2961}},{"type":"Feature","geometry":{"type":"Point","coordinates":[10.397405,47.176896]},"properties":{"w":0.2948}},{"type":"Feature","geometry":{"type":"Point","coordinates":[9.733509,47.157009]},"properties":{"w":0.4043}},{"type":"Feature","geometry":{"type":"Point","coordinates":[10.322422,47.175785]},"properties":{"w":0.3811}},{"type":"Feature","geometry":{"type":"Point","coordinates":[13.382854,47.219171]},"properties":{"w":0.4303}},{"type":"Feature","geometry":{"type":"Point","coordinates":[15.091151,47.202596]},"properties":{"w":0.3334}},{"type":"Feature","geometry":{"type":"Point","coordinates":[14.126958,47.214883]},"properties":{"w":0.4538}},{"type":"Feature","geometry":{"type":"Point","coordinates":[10.032806,47.16827]},"properties":{"w":0.4482}},{"type":"Feature","geometry":{"type":"Point","coordinates":[15.001033,47.203799]},"properties":{"w":0.3227}},{"type":"Feature","geometry":{"type":"Point","coordinates":[10.019099,47.165218]},"properties":{"w":0.4471}},{"type":"Feature","geometry":{"type":"Point","coordinates":[12.089069,47.205874]},"properties":{"w":0.298}},{"type":"Feature","geometry":{"type":"Point","coordinates":[12.109502,47.210954]},"properties":{"w":0.4701}},{"type":"Feature","geometry":{"type":"Point","coordinates":[11.574788,47.197943]},"properties":{"w":0.298}},{"type":"Feature","geometry":{"type":"Point","coordinates":[14.376982,47.209725]},"properties":{"w":0.5078}},{"type":"Feature","geometry":{"type":"Point","coordinates":[12.248268,47.213396]},"properties":{"w":0.47}},{"type":"Feature","geometry":{"type":"Point","coordinates":[11.243696,47.197434]},"properties":{"w":0.3676}},{"type":"Feature","geometry":{"type":"Point","coordinates":[14.331139,47.211211]},"properties":{"w":0.4416}},{"type":"Feature","geometry":{"type":"Point","coordinates":[11.709011,47.200411]},"properties":{"w":0.3531}},{"type":"Feature","geometry":{"type":"Point","coordinates":[13.398665,47.218012]},"properties":{"w":0.6562}},{"type":"Feature","geometry":{"type":"Point","coordinates":[12.91562,47.211832]},"properties":{"w":0.377}},{"type":"Feature","geometry":{"type":"Point","coordinates":[10.003436,47.163327]},"properties":{"w":0.413}},{"type":"Feature","geometry":{"type":"Point","coordinates":[13.978588,47.216787]},"properties":{"w":0.5081}},{"type":"Feature","geometry":{"type":"Point","coordinates":[11.686609,47.198654]},"properties":{"w":0.3466}},{"type":"Feature","geometry":{"type":"Point","coordinates":[15.101673,47.201294]},"properties":{"w":0.3615}},{"type":"Feature","geometry":{"type":"Point","coordinates":[14.392493,47.206857]},"properties":{"w":0.3676}},{"type":"Feature","geometry":{"type":"Point","coordinates":[11.724262,47.199617]},"properties":{"w":0.3836}},{"type":"Feature","geometry":{"type":"Point","coordinates":[11.518158,47.193063]},"properties":{"w":0.3064}},{"type":"Feature","geometry":{"type":"Point","coordinates":[14.978653,47.199864]},"properties":{"w":0.4689}},{"type":"Feature","geometry":{"type":"Point","coordinates":[12.039272,47.203634]},"properties":{"w":0.4947}},{"type":"Feature","geometry":{"type":"Point","coordinates":[10.101362,47.162099]},"properties":{"w":0.3495}},{"type":"Feature","geometry":{"type":"Point","coordinates":[11.774105,47.196185]},"properties":{"w":0.298}},{"type":"Feature","geometry":{"type":"Point","coordinates":[13.904731,47.205583]},"properties":{"w":0.3592}},{"type":"Feature","geometry":{"type":"Point","coordinates":[11.545793,47.193114]},"properties":{"w":0.2875}},{"type":"Feature","geometry":{"type":"Point","coordinates":[13.256221,47.21255]},"properties":{"w":0.3523}},{"type":"Feature","geometry":{"type":"Point","coordinates":[9.99777,47.157094]},"properties":{"w":0.2875}},{"type":"Feature","geometry":{"type":"Point","coordinates":[11.527433,47.191679]},"properties":{"w":0.3047}},{"type":"Feature","geometry":{"type":"Point","coordinates":[13.917466,47.207498]},"properties":{"w":0.317}},{"type":"Feature","geometry":{"type":"Point","coordinates":[11.497754,47.192984]},"properties":{"w":0.4449}},{"type":"Feature","geometry":{"type":"Point","coordinates":[13.041319,47.205672]},"properties":{"w":0.3589}},{"type":"Feature","geometry":{"type":"Point","coordinates":[10.046389,47.161701]},"properties":{"w":0.4662}},{"type":"Feature","geometry":{"type":"Point","coordinates":[10.257086,47.163533]},"properties":{"w":0.3466}},{"type":"Feature","geometry":{"type":"Point","coordinates":[10.850582,47.177983]},"properties":{"w":0.298}},{"type":"Feature","geometry":{"type":"Point","coordinates":[10.199009,47.163499]},"properties":{"w":0.3227}},{"type":"Feature","geometry":{"type":"Point","coordinates":[12.55848,47.201901]},"properties":{"w":0.2768}},{"type":"Feature","geometry":{"type":"Point","coordinates":[11.92899,47.196664]},"properties":{"w":0.3197}},{"type":"Feature","geometry":{"type":"Point","coordinates":[11.787731,47.194793]},"properties":{"w":0.2841}},{"type":"Feature","geometry":{"type":"Point","coordinates":[10.713235,47.187825]},"properties":{"w":0.5493}},{"type":"Feature","geometry":{"type":"Point","coordinates":[15.034071,47.197228]},"properties":{"w":0.4453}},{"type":"Feature","geometry":{"type":"Point","coordinates":[13.163426,47.204833]},"properties":{"w":0.3207}},{"type":"Feature","geometry":{"type":"Point","coordinates":[12.043729,47.19684]},"properties":{"w":0.3592}},{"type":"Feature","geometry":{"type":"Point","coordinates":[10.266313,47.162886]},"properties":{"w":0.3907}},{"type":"Feature","geometry":{"type":"Point","coordinates":[10.983051,47.180316]},"properties":{"w":0.4636}},{"type":"Feature","geometry":{"type":"Point","coordinates":[13.064085,47.205665]},"properties":{"w":0.3453}},{"type":"Feature","geometry":{"type":"Point","coordinates":[13.280028,47.207794]},"properties":{"w":0.5588}},{"type":"Feature","geometry":{"type":"Point","coordinates":[9.731117,47.147057]},"properties":{"w":0.4717}},{"type":"Feature","geometry":{"type":"Point","coordinates":[11.684443,47.189803]},"properties":{"w":0.3672}},{"type":"Feature","geometry":{"type":"Point","coordinates":[10.278119,47.163115]},"properties":{"w":0.5091}},{"type":"Feature","geometry":{"type":"Point","coordinates":[12.474508,47.201011]},"properties":{"w":0.4078}},{"type":"Feature","geometry":{"type":"Point","coordinates":[11.244968,47.183941]},"properties":{"w":0.298}},{"type":"Feature","geometry":{"type":"Point","coordinates":[13.02137,47.203483]},"properties":{"w":0.3466}},{"type":"Feature","geometry":{"type":"Point","coordinates":[11.200032,47.184479]},"properties":{"w":0.4952}},{"type":"Feature","geometry":{"type":"Point","coordinates":[13.049467,47.199482]},"properties":{"w":0.4263}},{"type":"Feature","geometry":{"type":"Point","coordinates":[13.26501,47.200402]},"properties":{"w":0.3076}},{"type":"Feature","geometry":{"type":"Point","coordinates":[11.771476,47.187327]},"properties":{"w":0.3175}},{"type":"Feature","geometry":{"type":"Point","coordinates":[13.325749,47.197025]},"properties":{"w":0.2784}},{"type":"Feature","geometry":{"type":"Point","coordinates":[10.073071,47.149483]},"properties":{"w":0.2922}},{"type":"Feature","geometry":{"type":"Point","coordinates":[14.057879,47.202111]},"properties":{"w":0.3869}},{"type":"Feature","geometry":{"type":"Point","coordinates":[9.633389,47.137643]},"properties":{"w":0.3453}},{"type":"Feature","geometry":{"type":"Point","coordinates":[14.395939,47.190672]},"properties":{"w":0.298}},{"type":"Feature","geometry":{"type":"Point","coordinates":[10.684467,47.165808]},"properties":{"w":0.298}},{"type":"Feature","geometry":{"type":"Point","coordinates":[13.839255,47.194359]},"properties":{"w":0.3087}},{"type":"Feature","geometry":{"type":"Point","coordinates":[13.71736,47.196887]},"properties":{"w":0.4144}},{"type":"Feature","geometry":{"type":"Point","coordinates":[15.253408,47.179226]},"properties":{"w":0.298}},{"type":"Feature","geometry":{"type":"Point","coordinates":[12.064908,47.189225]},"properties":{"w":0.3375}},{"type":"Feature","geometry":{"type":"Point","coordinates":[10.854026,47.166953]},"properties":{"w":0.3164}},{"type":"Feature","geometry":{"type":"Point","coordinates":[13.311423,47.194573]},"properties":{"w":0.3247}},{"type":"Feature","geometry":{"type":"Point","coordinates":[15.192496,47.178954]},"properties":{"w":0.3776}},{"type":"Feature","geometry":{"type":"Point","coordinates":[12.518708,47.191079]},"properties":{"w":0.3361}},{"type":"Feature","geometry":{"type":"Point","coordinates":[16.238095,47.154685]},"properties":{"w":0.304}},{"type":"Feature","geometry":{"type":"Point","coordinates":[12.621009,47.191018]},"properties":{"w":0.4058}},{"type":"Feature","geometry":{"type":"Point","coordinates":[9.668449,47.134213]},"properties":{"w":0.3651}},{"type":"Feature","geometry":{"type":"Point","coordinates":[10.20699,47.148697]},"properties":{"w":0.3654}},{"type":"Feature","geometry":{"type":"Point","coordinates":[11.521346,47.175031]},"properties":{"w":0.298}},{"type":"Feature","geometry":{"type":"Point","coordinates":[11.563535,47.178003]},"properties":{"w":0.4139}},{"type":"Feature","geometry":{"type":"Point","coordinates":[13.252197,47.191036]},"properties":{"w":0.2875}},{"type":"Feature","geometry":{"type":"Point","coordinates":[14.96452,47.183438]},"properties":{"w":0.3895}},{"type":"Feature","geometry":{"type":"Point","coordinates":[10.460949,47.151611]},"properties":{"w":0.3242}},{"type":"Feature","geometry":{"type":"Point","coordinates":[12.554838,47.185194]},"properties":{"w":0.2974}},{"type":"Feature","geometry":{"type":"Point","coordinates":[13.643296,47.189138]},"properties":{"w":0.3252}},{"type":"Feature","geometry":{"type":"Point","coordinates":[11.9622,47.179233]},"properties":{"w":0.3242}},{"type":"Feature","geometry":{"type":"Point","coordinates":[14.486141,47.18091]},"properties":{"w":0.298}},{"type":"Feature","geometry":{"type":"Point","coordinates":[12.021496,47.184798]},"properties":{"w":0.3676}},{"type":"Feature","geometry":{"type":"Point","coordinates":[12.609753,47.186397]},"properties":{"w":0.4006}},{"type":"Feature","geometry":{"type":"Point","coordinates":[10.862996,47.159574]},"properties":{"w":0.3453}},{"type":"Feature","geometry":{"type":"Point","coordinates":[10.470945,47.149572]},"properties":{"w":0.3424}},{"type":"Feature","geometry":{"type":"Point","coordinates":[13.656197,47.185549]},"properties":{"w":0.4078}},{"type":"Feature","geometry":{"type":"Point","coordinates":[11.51171,47.170484]},"properties":{"w":0.3811}},{"type":"Feature","geometry":{"type":"Point","coordinates":[9.725991,47.12998]},"properties":{"w":0.495}},{"type":"Feature","geometry":{"type":"Point","coordinates":[13.184812,47.183276]},"properties":{"w":0.3306}},{"type":"Feature","geometry":{"type":"Point","coordinates":[10.843628,47.157881]},"properties":{"w":0.4213}},{"type":"Feature","geometry":{"type":"Point","coordinates":[14.98277,47.179718]},"properties":{"w":0.5595}},{"type":"Feature","geometry":{"type":"Point","coordinates":[10.21991,47.138975]},"properties":{"w":0.2922}},{"type":"Feature","geometry":{"type":"Point","coordinates":[11.089867,47.167608]},"properties":{"w":0.4255}},{"type":"Feature","geometry":{"type":"Point","coordinates":[14.383006,47.18945]},"properties":{"w":0.5311}},{"type":"Feature","geometry":{"type":"Point","coordinates":[13.042526,47.181589]},"properties":{"w":0.2961}},{"type":"Feature","geometry":{"type":"Point","coordinates":[14.470636,47.184857]},"properties":{"w":0.4377}},{"type":"Feature","geometry":{"type":"Point","coordinates":[12.066585,47.175941]},"properties":{"w":0.3034}},{"type":"Feature","geometry":{"type":"Point","coordinates":[14.897227,47.17184]},"properties":{"w":0.4591}},{"type":"Feature","geometry":{"type":"Point","coordinates":[13.175275,47.180606]},"properties":{"w":0.2875}},{"type":"Feature","geometry":{"type":"Point","coordinates":[10.641585,47.148209]},"properties":{"w":0.3848}},{"type":"Feature","geometry":{"type":"Point","coordinates":[14.713966,47.17364]},"properties":{"w":0.3949}},{"type":"Feature","geometry":{"type":"Point","coordinates":[12.490524,47.176927]},"properties":{"w":0.3023}},{"type":"Feature","geometry":{"type":"Point","coordinates":[15.016691,47.167968]},"properties":{"w":0.3131}},{"type":"Feature","geometry":{"type":"Point","coordinates":[11.50581,47.163277]},"properties":{"w":0.3589}},{"type":"Feature","geometry":{"type":"Point","coordinates":[13.65543,47.178859]},"properties":{"w":0.3543}},{"type":"Feature","geometry":{"type":"Point","coordinates":[11.567965,47.163706]},"properties":{"w":0.2929}},{"type":"Feature","geometry":{"type":"Point","coordinates":[15.03332,47.164891]},"properties":{"w":0.3121}},{"type":"Feature","geometry":{"type":"Point","coordinates":[10.792393,47.154388]},"properties":{"w":0.331}},{"type":"Feature","geometry":{"type":"Point","coordinates":[9.902306,47.124533]},"properties":{"w":0.2875}},{"type":"Feature","geometry":{"type":"Point","coordinates":[15.237138,47.161498]},"properties":{"w":0.3581}},{"type":"Feature","geometry":{"type":"Point","coordinates":[9.635818,47.118177]},"properties":{"w":0.4393}},{"type":"Feature","geometry":{"type":"Point","coordinates":[13.011256,47.182005]},"properties":{"w":0.3306}},{"type":"Feature","geometry":{"type":"Point","coordinates":[9.683436,47.119255]},"properties":{"w":0.298}},{"type":"Feature","geometry":{"type":"Point","coordinates":[14.50163,47.172443]},"properties":{"w":0.3599}},{"type":"Feature","geometry":{"type":"Point","coordinates":[13.2957,47.176369]},"properties":{"w":0.3296}},{"type":"Feature","geometry":{"type":"Point","coordinates":[12.708643,47.174248]},"properties":{"w":0.3227}},{"type":"Feature","geometry":{"type":"Point","coordinates":[13.313933,47.176428]},"properties":{"w":0.3325}},{"type":"Feature","geometry":{"type":"Point","coordinates":[14.146418,47.172606]},"properties":{"w":0.3499}},{"type":"Feature","geometry":{"type":"Point","coordinates":[14.528274,47.174471]},"properties":{"w":0.3679}},{"type":"Feature","geometry":{"type":"Point","coordinates":[13.923444,47.171952]},"properties":{"w":0.3212}},{"type":"Feature","geometry":{"type":"Point","coordinates":[11.497782,47.158453]},"properties":{"w":0.3415}},{"type":"Feature","geometry":{"type":"Point","coordinates":[15.22465,47.158213]},"properties":{"w":0.3143}},{"type":"Feature","geometry":{"type":"Point","coordinates":[13.320556,47.179821]},"properties":{"w":0.461}},{"type":"Feature","geometry":{"type":"Point","coordinates":[9.944447,47.121308]},"properties":{"w":0.3339}},{"type":"Feature","geometry":{"type":"Point","coordinates":[9.71482,47.115032]},"properties":{"w":0.4442}},{"type":"Feature","geometry":{"type":"Point","coordinates":[14.513399,47.171741]},"properties":{"w":0.3907}},{"type":"Feature","geometry":{"type":"Point","coordinates":[13.939006,47.170236]},"properties":{"w":0.4103}},{"type":"Feature","geometry":{"type":"Point","coordinates":[14.463587,47.165624]},"properties":{"w":0.4141}},{"type":"Feature","geometry":{"type":"Point","coordinates":[13.306761,47.179516]},"properties":{"w":0.4118}},{"type":"Feature","geometry":{"type":"Point","coordinates":[11.412328,47.154547]},"properties":{"w":0.3093}},{"type":"Feature","geometry":{"type":"Point","coordinates":[16.507263,47.137491]},"properties":{"w":0.7862}},{"type":"Feature","geometry":{"type":"Point","coordinates":[14.488153,47.165535]},"properties":{"w":0.4301}},{"type":"Feature","geometry":{"type":"Point","coordinates":[12.030135,47.167741]},"properties":{"w":0.3703}},{"type":"Feature","geometry":{"type":"Point","coordinates":[12.996849,47.171099]},"properties":{"w":0.3955}},{"type":"Feature","geometry":{"type":"Point","coordinates":[14.198216,47.165518]},"properties":{"w":0.3034}},{"type":"Feature","geometry":{"type":"Point","coordinates":[10.144721,47.124204]},"properties":{"w":0.3406}},{"type":"Feature","geometry":{"type":"Point","coordinates":[9.655509,47.116085]},"properties":{"w":0.4832}},{"type":"Feature","geometry":{"type":"Point","coordinates":[11.540279,47.152826]},"properties":{"w":0.3531}},{"type":"Feature","geometry":{"type":"Point","coordinates":[13.851787,47.165667]},"properties":{"w":0.3325}},{"type":"Feature","geometry":{"type":"Point","coordinates":[13.869811,47.169845]},"properties":{"w":0.5749}},{"type":"Feature","geometry":{"type":"Point","coordinates":[12.497569,47.165041]},"properties":{"w":0.3921}},{"type":"Feature","geometry":{"type":"Point","coordinates":[13.190457,47.172295]},"properties":{"w":0.374}},{"type":"Feature","geometry":{"type":"Point","coordinates":[13.045766,47.164873]},"properties":{"w":0.2875}},{"type":"Feature","geometry":{"type":"Point","coordinates":[14.53831,47.169666]},"properties":{"w":0.5414}},{"type":"Feature","geometry":{"type":"Point","coordinates":[13.32784,47.167643]},"properties":{"w":0.3661}},{"type":"Feature","geometry":{"type":"Point","coordinates":[11.071719,47.149479]},"properties":{"w":0.5123}},{"type":"Feature","geometry":{"type":"Point","coordinates":[10.187536,47.119996]},"properties":{"w":0.298}},{"type":"Feature","geometry":{"type":"Point","coordinates":[9.810549,47.108571]},"properties":{"w":0.3458}},{"type":"Feature","geometry":{"type":"Point","coordinates":[13.834163,47.171245]},"properties":{"w":0.6605}},{"type":"Feature","geometry":{"type":"Point","coordinates":[10.178474,47.120269]},"properties":{"w":0.3222}},{"type":"Feature","geometry":{"type":"Point","coordinates":[14.299597,47.158888]},"properties":{"w":0.298}},{"type":"Feature","geometry":{"type":"Point","coordinates":[10.807897,47.136298]},"properties":{"w":0.344}},{"type":"Feature","geometry":{"type":"Point","coordinates":[11.406402,47.150284]},"properties":{"w":0.4609}},{"type":"Feature","geometry":{"type":"Point","coordinates":[10.145713,47.118034]},"properties":{"w":0.2798}},{"type":"Feature","geometry":{"type":"Point","coordinates":[10.164801,47.118163]},"properties":{"w":0.3419}},{"type":"Feature","geometry":{"type":"Point","coordinates":[10.198946,47.119721]},"properties":{"w":0.4078}},{"type":"Feature","geometry":{"type":"Point","coordinates":[13.894138,47.159718]},"properties":{"w":0.3393}},{"type":"Feature","geometry":{"type":"Point","coordinates":[9.696189,47.104341]},"properties":{"w":0.4267}},{"type":"Feature","geometry":{"type":"Point","coordinates":[13.042754,47.160816]},"properties":{"w":0.2875}},{"type":"Feature","geometry":{"type":"Point","coordinates":[11.527458,47.154181]},"properties":{"w":0.5391}},{"type":"Feature","geometry":{"type":"Point","coordinates":[14.191243,47.160873]},"properties":{"w":0.3811}},{"type":"Feature","geometry":{"type":"Point","coordinates":[12.579183,47.174312]},"properties":{"w":0.5042}},{"type":"Feature","geometry":{"type":"Point","coordinates":[10.660776,47.128753]},"properties":{"w":0.2882}},{"type":"Feature","geometry":{"type":"Point","coordinates":[11.508768,47.147825]},"properties":{"w":0.386}},{"type":"Feature","geometry":{"type":"Point","coordinates":[12.505131,47.158445]},"properties":{"w":0.3282}},{"type":"Feature","geometry":{"type":"Point","coordinates":[13.054024,47.160575]},"properties":{"w":0.4217}},{"type":"Feature","geometry":{"type":"Point","coordinates":[13.673347,47.161214]},"properties":{"w":0.4671}},{"type":"Feature","geometry":{"type":"Point","coordinates":[14.996317,47.149625]},"properties":{"w":0.3892}},{"type":"Feature","geometry":{"type":"Point","coordinates":[10.047553,47.109685]},"properties":{"w":0.3272}},{"type":"Feature","geometry":{"type":"Point","coordinates":[14.899614,47.151278]},"properties":{"w":0.4179}},{"type":"Feature","geometry":{"type":"Point","coordinates":[12.538871,47.155511]},"properties":{"w":0.2896}},{"type":"Feature","geometry":{"type":"Point","coordinates":[14.327934,47.154227]},"properties":{"w":0.298}},{"type":"Feature","geometry":{"type":"Point","coordinates":[11.586299,47.144934]},"properties":{"w":0.2948}},{"type":"Feature","geometry":{"type":"Point","coordinates":[10.342656,47.121563]},"properties":{"w":0.3495}},{"type":"Feature","geometry":{"type":"Point","coordinates":[11.418059,47.148209]},"properties":{"w":0.5597}},{"type":"Feature","geometry":{"type":"Point","coordinates":[14.955965,47.144524]},"properties":{"w":0.3052}},{"type":"Feature","geometry":{"type":"Point","coordinates":[11.402514,47.141273]},"properties":{"w":0.3282}},{"type":"Feature","geometry":{"type":"Point","coordinates":[13.006053,47.158521]},"properties":{"w":0.5323}},{"type":"Feature","geometry":{"type":"Point","coordinates":[11.388609,47.141088]},"properties":{"w":0.404}},{"type":"Feature","geometry":{"type":"Point","coordinates":[13.647344,47.159003]},"properties":{"w":0.4299}},{"type":"Feature","geometry":{"type":"Point","coordinates":[13.89162,47.157562]},"properties":{"w":0.658}},{"type":"Feature","geometry":{"type":"Point","coordinates":[14.515541,47.153851]},"properties":{"w":0.451}},{"type":"Feature","geometry":{"type":"Point","coordinates":[14.933431,47.145679]},"properties":{"w":0.3393}},{"type":"Feature","geometry":{"type":"Point","coordinates":[15.006539,47.15156]},"properties":{"w":0.4836}},{"type":"Feature","geometry":{"type":"Point","coordinates":[14.342396,47.150804]},"properties":{"w":0.3881}},{"type":"Feature","geometry":{"type":"Point","coordinates":[11.661324,47.141113]},"properties":{"w":0.2922}},{"type":"Feature","geometry":{"type":"Point","coordinates":[14.165818,47.154387]},"properties":{"w":0.5705}},{"type":"Feature","geometry":{"type":"Point","coordinates":[10.016341,47.103573]},"properties":{"w":0.2916}},{"type":"Feature","geometry":{"type":"Point","coordinates":[13.610795,47.154451]},"properties":{"w":0.4228}},{"type":"Feature","geometry":{"type":"Point","coordinates":[13.225501,47.153807]},"properties":{"w":0.3076}},{"type":"Feature","geometry":{"type":"Point","coordinates":[11.080713,47.143929]},"properties":{"w":0.4591}},{"type":"Feature","geometry":{"type":"Point","coordinates":[12.635802,47.150062]},"properties":{"w":0.2875}},{"type":"Feature","geometry":{"type":"Point","coordinates":[12.493389,47.149622]},"properties":{"w":0.2948}},{"type":"Feature","geometry":{"type":"Point","coordinates":[11.418948,47.134174]},"properties":{"w":0.3402}},{"type":"Feature","geometry":{"type":"Point","coordinates":[10.063161,47.103385]},"properties":{"w":0.3164}},{"type":"Feature","geometry":{"type":"Point","coordinates":[12.568953,47.147233]},"properties":{"w":0.27}},{"type":"Feature","geometry":{"type":"Point","coordinates":[10.400803,47.112191]},"properties":{"w":0.2875}},{"type":"Feature","geometry":{"type":"Point","coordinates":[14.24287,47.145316]},"properties":{"w":0.3034}},{"type":"Feature","geometry":{"type":"Point","coordinates":[14.007913,47.147225]},"properties":{"w":0.3017}},{"type":"Feature","geometry":{"type":"Point","coordinates":[10.287586,47.109573]},"properties":{"w":0.3798}},{"type":"Feature","geometry":{"type":"Point","coordinates":[10.226918,47.109384]},"properties":{"w":0.3661}},{"type":"Feature","geometry":{"type":"Point","coordinates":[13.652302,47.148718]},"properties":{"w":0.2968}},{"type":"Feature","geometry":{"type":"Point","coordinates":[14.511143,47.143226]},"properties":{"w":0.3076}},{"type":"Feature","geometry":{"type":"Point","coordinates":[10.032619,47.10383]},"properties":{"w":0.471}},{"type":"Feature","geometry":{"type":"Point","coordinates":[12.628822,47.147735]},"properties":{"w":0.3466}},{"type":"Feature","geometry":{"type":"Point","coordinates":[13.620147,47.147818]},"properties":{"w":0.4091}},{"type":"Feature","geometry":{"type":"Point","coordinates":[13.172267,47.149448]},"properties":{"w":0.3706}},{"type":"Feature","geometry":{"type":"Point","coordinates":[14.935703,47.137366]},"properties":{"w":0.2902}},{"type":"Feature","geometry":{"type":"Point","coordinates":[10.320092,47.107857]},"properties":{"w":0.3747}},{"type":"Feature","geometry":{"type":"Point","coordinates":[10.848113,47.119039]},"properties":{"w":0.3682}},{"type":"Feature","geometry":{"type":"Point","coordinates":[13.989033,47.143668]},"properties":{"w":0.298}},{"type":"Feature","geometry":{"type":"Point","coordinates":[14.542254,47.141699]},"properties":{"w":0.3023}},{"type":"Feature","geometry":{"type":"Point","coordinates":[10.219072,47.102472]},"properties":{"w":0.2575}},{"type":"Feature","geometry":{"type":"Point","coordinates":[13.968269,47.143608]},"properties":{"w":0.3565}},{"type":"Feature","geometry":{"type":"Point","coordinates":[14.947699,47.152516]},"properties":{"w":0.6002}},{"type":"Feature","geometry":{"type":"Point","coordinates":[12.547076,47.141297]},"properties":{"w":0.2869}},{"type":"Feature","geometry":{"type":"Point","coordinates":[14.072686,47.141407]},"properties":{"w":0.3895}},{"type":"Feature","geometry":{"type":"Point","coordinates":[15.061533,47.130922]},"properties":{"w":0.4348}},{"type":"Feature","geometry":{"type":"Point","coordinates":[11.645818,47.131301]},"properties":{"w":0.5103}},{"type":"Feature","geometry":{"type":"Point","coordinates":[12.580879,47.140164]},"properties":{"w":0.3546}},{"type":"Feature","geometry":{"type":"Point","coordinates":[9.706229,47.089035]},"properties":{"w":0.4303}},{"type":"Feature","geometry":{"type":"Point","coordinates":[10.163233,47.097217]},"properties":{"w":0.298}},{"type":"Feature","geometry":{"type":"Point","coordinates":[12.781165,47.140797]},"properties":{"w":0.3432}},{"type":"Feature","geometry":{"type":"Point","coordinates":[12.989872,47.140011]},"properties":{"w":0.3058}},{"type":"Feature","geometry":{"type":"Point","coordinates":[12.802856,47.150429]},"properties":{"w":0.5529}},{"type":"Feature","geometry":{"type":"Point","coordinates":[10.421599,47.103149]},"properties":{"w":0.298}},{"type":"Feature","geometry":{"type":"Point","coordinates":[10.214597,47.098335]},"properties":{"w":0.2775}},{"type":"Feature","geometry":{"type":"Point","coordinates":[14.959627,47.128779]},"properties":{"w":0.3474}},{"type":"Feature","geometry":{"type":"Point","coordinates":[14.202373,47.140155]},"properties":{"w":0.5578}},{"type":"Feature","geometry":{"type":"Point","coordinates":[10.896504,47.117147]},"properties":{"w":0.3076}},{"type":"Feature","geometry":{"type":"Point","coordinates":[13.023665,47.14025]},"properties":{"w":0.3282}},{"type":"Feature","geometry":{"type":"Point","coordinates":[14.071109,47.137079]},"properties":{"w":0.3052}},{"type":"Feature","geometry":{"type":"Point","coordinates":[14.59786,47.134874]},"properties":{"w":0.3592}},{"type":"Feature","geometry":{"type":"Point","coordinates":[10.697173,47.117146]},"properties":{"w":0.5341}},{"type":"Feature","geometry":{"type":"Point","coordinates":[12.639967,47.137257]},"properties":{"w":0.2948}},{"type":"Feature","geometry":{"type":"Point","coordinates":[14.558809,47.14448]},"properties":{"w":0.5396}},{"type":"Feature","geometry":{"type":"Point","coordinates":[10.316195,47.09785]},"properties":{"w":0.3325}},{"type":"Feature","geometry":{"type":"Point","coordinates":[14.559822,47.13591]},"properties":{"w":0.4551}},{"type":"Feature","geometry":{"type":"Point","coordinates":[10.400664,47.101808]},"properties":{"w":0.3924}},{"type":"Feature","geometry":{"type":"Point","coordinates":[11.135762,47.118078]},"properties":{"w":0.3554}},{"type":"Feature","geometry":{"type":"Point","coordinates":[10.379266,47.099982]},"properties":{"w":0.3875}},{"type":"Feature","geometry":{"type":"Point","coordinates":[13.319663,47.136089]},"properties":{"w":0.2875}},{"type":"Feature","geometry":{"type":"Point","coordinates":[11.855781,47.128155]},"properties":{"w":0.3554}},{"type":"Feature","geometry":{"type":"Point","coordinates":[9.688108,47.079822]},"properties":{"w":0.4737}},{"type":"Feature","geometry":{"type":"Point","coordinates":[12.779636,47.132949]},"properties":{"w":0.3064}},{"type":"Feature","geometry":{"type":"Point","coordinates":[13.897201,47.133765]},"properties":{"w":0.3892}},{"type":"Feature","geometry":{"type":"Point","coordinates":[10.156962,47.090578]},"properties":{"w":0.4503}},{"type":"Feature","geometry":{"type":"Point","coordinates":[14.561556,47.127397]},"properties":{"w":0.3076}},{"type":"Feature","geometry":{"type":"Point","coordinates":[10.303286,47.093411]},"properties":{"w":0.3222}},{"type":"Feature","geometry":{"type":"Point","coordinates":[10.703552,47.103111]},"properties":{"w":0.3287}},{"type":"Feature","geometry":{"type":"Point","coordinates":[14.088709,47.133254]},"properties":{"w":0.3531}},{"type":"Feature","geometry":{"type":"Point","coordinates":[13.2039,47.132465]},"properties":{"w":0.3996}},{"type":"Feature","geometry":{"type":"Point","coordinates":[10.69405,47.103313]},"properties":{"w":0.3857}},{"type":"Feature","geometry":{"type":"Point","coordinates":[13.192932,47.136006]},"properties":{"w":0.3343}},{"type":"Feature","geometry":{"type":"Point","coordinates":[10.411203,47.094144]},"properties":{"w":0.2968}},{"type":"Feature","geometry":{"type":"Point","coordinates":[12.515912,47.130369]},"properties":{"w":0.3339}},{"type":"Feature","geometry":{"type":"Point","coordinates":[10.259904,47.095706]},"properties":{"w":0.3924}},{"type":"Feature","geometry":{"type":"Point","coordinates":[13.216689,47.136478]},"properties":{"w":0.3466}},{"type":"Feature","geometry":{"type":"Point","coordinates":[9.665133,47.073935]},"properties":{"w":0.4197}},{"type":"Feature","geometry":{"type":"Point","coordinates":[10.314253,47.089971]},"properties":{"w":0.3907}},{"type":"Feature","geometry":{"type":"Point","coordinates":[13.003503,47.130001]},"properties":{"w":0.298}},{"type":"Feature","geometry":{"type":"Point","coordinates":[14.598578,47.125069]},"properties":{"w":0.3207}},{"type":"Feature","geometry":{"type":"Point","coordinates":[14.662084,47.123016]},"properties":{"w":0.419}},{"type":"Feature","geometry":{"type":"Point","coordinates":[14.12134,47.127066]},"properties":{"w":0.419}},{"type":"Feature","geometry":{"type":"Point","coordinates":[14.076026,47.12855]},"properties":{"w":0.3654}},{"type":"Feature","geometry":{"type":"Point","coordinates":[12.634351,47.130095]},"properties":{"w":0.4146}},{"type":"Feature","geometry":{"type":"Point","coordinates":[13.637874,47.128417]},"properties":{"w":0.3148}},{"type":"Feature","geometry":{"type":"Point","coordinates":[11.088854,47.107541]},"properties":{"w":0.4336}},{"type":"Feature","geometry":{"type":"Point","coordinates":[14.606718,47.121254]},"properties":{"w":0.3238}},{"type":"Feature","geometry":{"type":"Point","coordinates":[14.567536,47.122419]},"properties":{"w":0.4887}},{"type":"Feature","geometry":{"type":"Point","coordinates":[10.390335,47.088771]},"properties":{"w":0.3023}},{"type":"Feature","geometry":{"type":"Point","coordinates":[14.098666,47.123723]},"properties":{"w":0.3985}},{"type":"Feature","geometry":{"type":"Point","coordinates":[14.533993,47.128276]},"properties":{"w":0.4827}},{"type":"Feature","geometry":{"type":"Point","coordinates":[11.389899,47.109283]},"properties":{"w":0.2875}},{"type":"Feature","geometry":{"type":"Point","coordinates":[11.56984,47.112193]},"properties":{"w":0.3798}},{"type":"Feature","geometry":{"type":"Point","coordinates":[11.220071,47.106627]},"properties":{"w":0.2922}},{"type":"Feature","geometry":{"type":"Point","coordinates":[14.523843,47.123092]},"properties":{"w":0.4563}},{"type":"Feature","geometry":{"type":"Point","coordinates":[14.820506,47.117669]},"properties":{"w":0.3301}},{"type":"Feature","geometry":{"type":"Point","coordinates":[14.489855,47.124199]},"properties":{"w":0.4816}},{"type":"Feature","geometry":{"type":"Point","coordinates":[14.527015,47.118795]},"properties":{"w":0.2875}},{"type":"Feature","geometry":{"type":"Point","coordinates":[15.071131,47.11256]},"properties":{"w":0.3875}},{"type":"Feature","geometry":{"type":"Point","coordinates":[13.713769,47.12047]},"properties":{"w":0.4086}},{"type":"Feature","geometry":{"type":"Point","coordinates":[11.382107,47.103814]},"properties":{"w":0.298}},{"type":"Feature","geometry":{"type":"Point","coordinates":[14.582948,47.11546]},"properties":{"w":0.4594}},{"type":"Feature","geometry":{"type":"Point","coordinates":[14.594894,47.115207]},"properties":{"w":0.3798}},{"type":"Feature","geometry":{"type":"Point","coordinates":[11.409092,47.10405]},"properties":{"w":0.3389}},{"type":"Feature","geometry":{"type":"Point","coordinates":[13.989331,47.11913]},"properties":{"w":0.3808}},{"type":"Feature","geometry":{"type":"Point","coordinates":[11.403236,47.104254]},"properties":{"w":0.3017}},{"type":"Feature","geometry":{"type":"Point","coordinates":[13.07153,47.121441]},"properties":{"w":0.3081}},{"type":"Feature","geometry":{"type":"Point","coordinates":[14.867485,47.112614]},"properties":{"w":0.4425}},{"type":"Feature","geometry":{"type":"Point","coordinates":[14.801765,47.113654]},"properties":{"w":0.3841}},{"type":"Feature","geometry":{"type":"Point","coordinates":[10.553219,47.088733]},"properties":{"w":0.4267}},{"type":"Feature","geometry":{"type":"Point","coordinates":[16.05243,47.086836]},"properties":{"w":0.3164}},{"type":"Feature","geometry":{"type":"Point","coordinates":[9.705842,47.060413]},"properties":{"w":0.3554}},{"type":"Feature","geometry":{"type":"Point","coordinates":[11.206206,47.099796]},"properties":{"w":0.3996}},{"type":"Feature","geometry":{"type":"Point","coordinates":[11.414809,47.101633]},"properties":{"w":0.3164}},{"type":"Feature","geometry":{"type":"Point","coordinates":[10.569134,47.087237]},"properties":{"w":0.2941}},{"type":"Feature","geometry":{"type":"Point","coordinates":[14.508164,47.113989]},"properties":{"w":0.3863}},{"type":"Feature","geometry":{"type":"Point","coordinates":[14.857387,47.110759]},"properties":{"w":0.4489}},{"type":"Feature","geometry":{"type":"Point","coordinates":[13.94321,47.115683]},"properties":{"w":0.3577}},{"type":"Feature","geometry":{"type":"Point","coordinates":[10.166171,47.073163]},"properties":{"w":0.374}},{"type":"Feature","geometry":{"type":"Point","coordinates":[12.990125,47.120174]},"properties":{"w":0.3599}},{"type":"Feature","geometry":{"type":"Point","coordinates":[14.78374,47.111022]},"properties":{"w":0.3131}},{"type":"Feature","geometry":{"type":"Point","coordinates":[11.427752,47.101048]},"properties":{"w":0.4056}},{"type":"Feature","geometry":{"type":"Point","coordinates":[9.825713,47.061853]},"properties":{"w":0.331}},{"type":"Feature","geometry":{"type":"Point","coordinates":[10.265533,47.076916]},"properties":{"w":0.2916}},{"type":"Feature","geometry":{"type":"Point","coordinates":[10.139774,47.069871]},"properties":{"w":0.3482}},{"type":"Feature","geometry":{"type":"Point","coordinates":[12.985027,47.114982]},"properties":{"w":0.3052}},{"type":"Feature","geometry":{"type":"Point","coordinates":[10.22496,47.071825]},"properties":{"w":0.3773}},{"type":"Feature","geometry":{"type":"Point","coordinates":[10.337174,47.07394]},"properties":{"w":0.298}},{"type":"Feature","geometry":{"type":"Point","coordinates":[11.192512,47.094204]},"properties":{"w":0.3869}},{"type":"Feature","geometry":{"type":"Point","coordinates":[12.99993,47.112786]},"properties":{"w":0.3058}},{"type":"Feature","geometry":{"type":"Point","coordinates":[14.887059,47.104268]},"properties":{"w":0.3503}},{"type":"Feature","geometry":{"type":"Point","coordinates":[14.294881,47.112256]},"properties":{"w":0.4893}},{"type":"Feature","geometry":{"type":"Point","coordinates":[13.976216,47.110948]},"properties":{"w":0.3523}},{"type":"Feature","geometry":{"type":"Point","coordinates":[11.102553,47.100749]},"properties":{"w":0.4907}},{"type":"Feature","geometry":{"type":"Point","coordinates":[14.855223,47.10239]},"properties":{"w":0.3366}},{"type":"Feature","geometry":{"type":"Point","coordinates":[13.907741,47.10899]},"properties":{"w":0.344}},{"type":"Feature","geometry":{"type":"Point","coordinates":[10.559484,47.078543]},"properties":{"w":0.3064}},{"type":"Feature","geometry":{"type":"Point","coordinates":[10.615052,47.082899]},"properties":{"w":0.4551}},{"type":"Feature","geometry":{"type":"Point","coordinates":[14.41756,47.116306]},"properties":{"w":0.6104}},{"type":"Feature","geometry":{"type":"Point","coordinates":[12.566659,47.111012]},"properties":{"w":0.3375}},{"type":"Feature","geometry":{"type":"Point","coordinates":[10.250265,47.068727]},"properties":{"w":0.3629}},{"type":"Feature","geometry":{"type":"Point","coordinates":[10.540554,47.080569]},"properties":{"w":0.4484}},{"type":"Feature","geometry":{"type":"Point","coordinates":[11.620268,47.097257]},"properties":{"w":0.3034}},{"type":"Feature","geometry":{"type":"Point","coordinates":[11.645891,47.103425]},"properties":{"w":0.5145}},{"type":"Feature","geometry":{"type":"Point","coordinates":[14.76102,47.105762]},"properties":{"w":0.4889}},{"type":"Feature","geometry":{"type":"Point","coordinates":[13.91774,47.10623]},"properties":{"w":0.4629}},{"type":"Feature","geometry":{"type":"Point","coordinates":[10.331038,47.065038]},"properties":{"w":0.2998}},{"type":"Feature","geometry":{"type":"Point","coordinates":[13.950218,47.126558]},"properties":{"w":0.8048}},{"type":"Feature","geometry":{"type":"Point","coordinates":[13.53612,47.108086]},"properties":{"w":0.4217}},{"type":"Feature","geometry":{"type":"Point","coordinates":[10.277615,47.064102]},"properties":{"w":0.2875}},{"type":"Feature","geometry":{"type":"Point","coordinates":[9.833315,47.049621]},"properties":{"w":0.3554}},{"type":"Feature","geometry":{"type":"Point","coordinates":[9.980982,47.054348]},"properties":{"w":0.3974}},{"type":"Feature","geometry":{"type":"Point","coordinates":[10.310822,47.06609]},"properties":{"w":0.5073}},{"type":"Feature","geometry":{"type":"Point","coordinates":[14.954194,47.091146]},"properties":{"w":0.3252}},{"type":"Feature","geometry":{"type":"Point","coordinates":[12.580788,47.098799]},"properties":{"w":0.3814}},{"type":"Feature","geometry":{"type":"Point","coordinates":[10.276779,47.058296]},"properties":{"w":0.2784}},{"type":"Feature","geometry":{"type":"Point","coordinates":[11.675829,47.087708]},"properties":{"w":0.4231}},{"type":"Feature","geometry":{"type":"Point","coordinates":[10.508095,47.063959]},"properties":{"w":0.3668}},{"type":"Feature","geometry":{"type":"Point","coordinates":[13.91198,47.096861]},"properties":{"w":0.2875}},{"type":"Feature","geometry":{"type":"Point","coordinates":[10.537376,47.064777]},"properties":{"w":0.2986}},{"type":"Feature","geometry":{"type":"Point","coordinates":[13.03273,47.103786]},"properties":{"w":0.5414}},{"type":"Feature","geometry":{"type":"Point","coordinates":[13.893813,47.097144]},"properties":{"w":0.3325}},{"type":"Feature","geometry":{"type":"Point","coordinates":[10.298403,47.055821]},"properties":{"w":0.3164}},{"type":"Feature","geometry":{"type":"Point","coordinates":[14.970041,47.086775]},"properties":{"w":0.4686}},{"type":"Feature","geometry":{"type":"Point","coordinates":[16.50839,47.059843]},"properties":{"w":0.6574}},{"type":"Feature","geometry":{"type":"Point","coordinates":[11.629784,47.086745]},"properties":{"w":0.3406}},{"type":"Feature","geometry":{"type":"Point","coordinates":[14.034227,47.096391]},"properties":{"w":0.3679}},{"type":"Feature","geometry":{"type":"Point","coordinates":[14.183591,47.092148]},"properties":{"w":0.3029}},{"type":"Feature","geometry":{"type":"Point","coordinates":[14.826042,47.087136]},"properties":{"w":0.2948}},{"type":"Feature","geometry":{"type":"Point","coordinates":[11.3647,47.080473]},"properties":{"w":0.4006}},{"type":"Feature","geometry":{"type":"Point","coordinates":[12.559732,47.094954]},"properties":{"w":0.3534}},{"type":"Feature","geometry":{"type":"Point","coordinates":[11.334179,47.084654]},"properties":{"w":0.4395}},{"type":"Feature","geometry":{"type":"Point","coordinates":[10.476951,47.060531]},"properties":{"w":0.3121}},{"type":"Feature","geometry":{"type":"Point","coordinates":[14.538719,47.087534]},"properties":{"w":0.344}},{"type":"Feature","geometry":{"type":"Point","coordinates":[11.173628,47.073146]},"properties":{"w":0.3164}},{"type":"Feature","geometry":{"type":"Point","coordinates":[13.572675,47.092598]},"properties":{"w":0.3212}},{"type":"Feature","geometry":{"type":"Point","coordinates":[11.159619,47.079138]},"properties":{"w":0.491}},{"type":"Feature","geometry":{"type":"Point","coordinates":[10.198485,47.053211]},"properties":{"w":0.3592}},{"type":"Feature","geometry":{"type":"Point","coordinates":[10.166956,47.053201]},"properties":{"w":0.4717}},{"type":"Feature","geometry":{"type":"Point","coordinates":[13.014808,47.091652]},"properties":{"w":0.3017}},{"type":"Feature","geometry":{"type":"Point","coordinates":[13.046755,47.09258]},"properties":{"w":0.4688}},{"type":"Feature","geometry":{"type":"Point","coordinates":[10.462337,47.054876]},"properties":{"w":0.3651}},{"type":"Feature","geometry":{"type":"Point","coordinates":[13.866399,47.089085]},"properties":{"w":0.3932}},{"type":"Feature","geometry":{"type":"Point","coordinates":[12.769408,47.087082]},"properties":{"w":0.2465}},{"type":"Feature","geometry":{"type":"Point","coordinates":[13.473921,47.088759]},"properties":{"w":0.3743}},{"type":"Feature","geometry":{"type":"Point","coordinates":[14.510464,47.080741]},"properties":{"w":0.2896}},{"type":"Feature","geometry":{"type":"Point","coordinates":[9.913266,47.038591]},"properties":{"w":0.4263}},{"type":"Feature","geometry":{"type":"Point","coordinates":[13.874035,47.106579]},"properties":{"w":0.8109}},{"type":"Feature","geometry":{"type":"Point","coordinates":[14.797611,47.080047]},"properties":{"w":0.3466}},{"type":"Feature","geometry":{"type":"Point","coordinates":[10.494993,47.051105]},"properties":{"w":0.4118}},{"type":"Feature","geometry":{"type":"Point","coordinates":[14.558587,47.082224]},"properties":{"w":0.515}},{"type":"Feature","geometry":{"type":"Point","coordinates":[14.177307,47.084205]},"properties":{"w":0.4861}},{"type":"Feature","geometry":{"type":"Point","coordinates":[12.991148,47.08432]},"properties":{"w":0.4006}},{"type":"Feature","geometry":{"type":"Point","coordinates":[10.918804,47.056858]},"properties":{"w":0.3017}},{"type":"Feature","geometry":{"type":"Point","coordinates":[14.111232,47.081031]},"properties":{"w":0.393}},{"type":"Feature","geometry":{"type":"Point","coordinates":[14.121858,47.080746]},"properties":{"w":0.3924}},{"type":"Feature","geometry":{"type":"Point","coordinates":[14.027054,47.083118]},"properties":{"w":0.386}},{"type":"Feature","geometry":{"type":"Point","coordinates":[14.511833,47.076491]},"properties":{"w":0.3428}},{"type":"Feature","geometry":{"type":"Point","coordinates":[9.87666,47.02913]},"properties":{"w":0.311}},{"type":"Feature","geometry":{"type":"Point","coordinates":[13.014413,47.081941]},"properties":{"w":0.3782}},{"type":"Feature","geometry":{"type":"Point","coordinates":[13.037432,47.08083]},"properties":{"w":0.382}},{"type":"Feature","geometry":{"type":"Point","coordinates":[10.429227,47.05114]},"properties":{"w":0.5778}},{"type":"Feature","geometry":{"type":"Point","coordinates":[14.980644,47.072049]},"properties":{"w":0.467}},{"type":"Feature","geometry":{"type":"Point","coordinates":[11.607259,47.067575]},"properties":{"w":0.304}},{"type":"Feature","geometry":{"type":"Point","coordinates":[14.89972,47.069609]},"properties":{"w":0.3093}},{"type":"Feature","geometry":{"type":"Point","coordinates":[13.513677,47.079853]},"properties":{"w":0.3207}},{"type":"Feature","geometry":{"type":"Point","coordinates":[13.780702,47.094328]},"properties":{"w":0.7218}},{"type":"Feature","geometry":{"type":"Point","coordinates":[10.189648,47.035025]},"properties":{"w":0.3197}},{"type":"Feature","geometry":{"type":"Point","coordinates":[13.5233,47.07906]},"properties":{"w":0.3227}},{"type":"Feature","geometry":{"type":"Point","coordinates":[14.528335,47.071524]},"properties":{"w":0.2882}},{"type":"Feature","geometry":{"type":"Point","coordinates":[11.012378,47.053723]},"properties":{"w":0.2775}},{"type":"Feature","geometry":{"type":"Point","coordinates":[10.288748,47.041502]},"properties":{"w":0.5092}},{"type":"Feature","geometry":{"type":"Point","coordinates":[9.867705,47.024333]},"properties":{"w":0.3181}},{"type":"Feature","geometry":{"type":"Point","coordinates":[12.982154,47.078122]},"properties":{"w":0.337}},{"type":"Feature","geometry":{"type":"Point","coordinates":[14.01417,47.073735]},"properties":{"w":0.3845}},{"type":"Feature","geometry":{"type":"Point","coordinates":[10.447516,47.047995]},"properties":{"w":0.3941}},{"type":"Feature","geometry":{"type":"Point","coordinates":[9.855766,47.021453]},"properties":{"w":0.3389}},{"type":"Feature","geometry":{"type":"Point","coordinates":[10.166923,47.031171]},"properties":{"w":0.3247}},{"type":"Feature","geometry":{"type":"Point","coordinates":[12.834663,47.074904]},"properties":{"w":0.298}},{"type":"Feature","geometry":{"type":"Point","coordinates":[14.113319,47.072296]},"properties":{"w":0.3786}},{"type":"Feature","geometry":{"type":"Point","coordinates":[14.806735,47.067484]},"properties":{"w":0.376}},{"type":"Feature","geometry":{"type":"Point","coordinates":[14.986266,47.063784]},"properties":{"w":0.4662}},{"type":"Feature","geometry":{"type":"Point","coordinates":[13.627154,47.074281]},"properties":{"w":0.4043}},{"type":"Feature","geometry":{"type":"Point","coordinates":[10.155967,47.035154]},"properties":{"w":0.4246}},{"type":"Feature","geometry":{"type":"Point","coordinates":[14.249811,47.082582]},"properties":{"w":0.6641}},{"type":"Feature","geometry":{"type":"Point","coordinates":[10.884425,47.047355]},"properties":{"w":0.355}},{"type":"Feature","geometry":{"type":"Point","coordinates":[11.427758,47.057361]},"properties":{"w":0.2875}},{"type":"Feature","geometry":{"type":"Point","coordinates":[13.658651,47.072883]},"properties":{"w":0.4078}},{"type":"Feature","geometry":{"type":"Point","coordinates":[11.433518,47.057328]},"properties":{"w":0.3104}},{"type":"Feature","geometry":{"type":"Point","coordinates":[11.317908,47.06307]},"properties":{"w":0.3935}},{"type":"Feature","geometry":{"type":"Point","coordinates":[10.253274,47.031094]},"properties":{"w":0.4738}},{"type":"Feature","geometry":{"type":"Point","coordinates":[11.420488,47.05608]},"properties":{"w":0.3023}},{"type":"Feature","geometry":{"type":"Point","coordinates":[12.849882,47.071305]},"properties":{"w":0.4217}},{"type":"Feature","geometry":{"type":"Point","coordinates":[14.139368,47.06893]},"properties":{"w":0.3238}},{"type":"Feature","geometry":{"type":"Point","coordinates":[13.031502,47.070997]},"properties":{"w":0.4328}},{"type":"Feature","geometry":{"type":"Point","coordinates":[14.039233,47.077671]},"properties":{"w":0.6124}},{"type":"Feature","geometry":{"type":"Point","coordinates":[14.914632,47.069604]},"properties":{"w":0.659}},{"type":"Feature","geometry":{"type":"Point","coordinates":[10.48391,47.037899]},"properties":{"w":0.4724}},{"type":"Feature","geometry":{"type":"Point","coordinates":[10.404713,47.039534]},"properties":{"w":0.3851}},{"type":"Feature","geometry":{"type":"Point","coordinates":[14.129514,47.067534]},"properties":{"w":0.3506}},{"type":"Feature","geometry":{"type":"Point","coordinates":[11.437517,47.05327]},"properties":{"w":0.4475}},{"type":"Feature","geometry":{"type":"Point","coordinates":[14.145776,47.065646]},"properties":{"w":0.3466}},{"type":"Feature","geometry":{"type":"Point","coordinates":[10.249503,47.025626]},"properties":{"w":0.3238}},{"type":"Feature","geometry":{"type":"Point","coordinates":[13.647244,47.067214]},"properties":{"w":0.3325}},{"type":"Feature","geometry":{"type":"Point","coordinates":[14.836319,47.058733]},"properties":{"w":0.4987}},{"type":"Feature","geometry":{"type":"Point","coordinates":[13.668626,47.065631]},"properties":{"w":0.3257}},{"type":"Feature","geometry":{"type":"Point","coordinates":[11.186664,47.050054]},"properties":{"w":0.5075}},{"type":"Feature","geometry":{"type":"Point","coordinates":[14.613461,47.060078]},"properties":{"w":0.3792}},{"type":"Feature","geometry":{"type":"Point","coordinates":[10.671764,47.034811]},"properties":{"w":0.3419}},{"type":"Feature","geometry":{"type":"Point","coordinates":[13.694272,47.062914]},"properties":{"w":0.3428}},{"type":"Feature","geometry":{"type":"Point","coordinates":[14.503352,47.060528]},"properties":{"w":0.4888}},{"type":"Feature","geometry":{"type":"Point","coordinates":[10.373628,47.027296]},"properties":{"w":0.3076}},{"type":"Feature","geometry":{"type":"Point","coordinates":[10.131195,47.016828]},"properties":{"w":0.2222}},{"type":"Feature","geometry":{"type":"Point","coordinates":[9.905795,47.009355]},"properties":{"w":0.332}},{"type":"Feature","geometry":{"type":"Point","coordinates":[13.5723,47.060683]},"properties":{"w":0.3287}},{"type":"Feature","geometry":{"type":"Point","coordinates":[10.534384,47.027043]},"properties":{"w":0.3633}},{"type":"Feature","geometry":{"type":"Point","coordinates":[10.452284,47.023403]},"properties":{"w":0.3247}},{"type":"Feature","geometry":{"type":"Point","coordinates":[14.044167,47.059854]},"properties":{"w":0.3503}},{"type":"Feature","geometry":{"type":"Point","coordinates":[13.641434,47.059733]},"properties":{"w":0.2902}},{"type":"Feature","geometry":{"type":"Point","coordinates":[10.513739,47.027853]},"properties":{"w":0.52}},{"type":"Feature","geometry":{"type":"Point","coordinates":[10.586731,47.027924]},"properties":{"w":0.3282}},{"type":"Feature","geometry":{"type":"Point","coordinates":[14.129515,47.057181]},"properties":{"w":0.344}},{"type":"Feature","geometry":{"type":"Point","coordinates":[14.610451,47.052735]},"properties":{"w":0.3814}},{"type":"Feature","geometry":{"type":"Point","coordinates":[12.874312,47.06238]},"properties":{"w":0.3503}},{"type":"Feature","geometry":{"type":"Point","coordinates":[14.832126,47.048551]},"properties":{"w":0.3017}},{"type":"Feature","geometry":{"type":"Point","coordinates":[14.940284,47.062016]},"properties":{"w":0.6657}},{"type":"Feature","geometry":{"type":"Point","coordinates":[9.886715,47.009252]},"properties":{"w":0.4815}},{"type":"Feature","geometry":{"type":"Point","coordinates":[10.406198,47.021725]},"properties":{"w":0.2848}},{"type":"Feature","geometry":{"type":"Point","coordinates":[10.345679,47.017494]},"properties":{"w":0.3247}},{"type":"Feature","geometry":{"type":"Point","coordinates":[14.784061,47.04917]},"properties":{"w":0.4849}},{"type":"Feature","geometry":{"type":"Point","coordinates":[10.139329,47.017265]},"properties":{"w":0.5343}},{"type":"Feature","geometry":{"type":"Point","coordinates":[11.401417,47.040825]},"properties":{"w":0.3339}},{"type":"Feature","geometry":{"type":"Point","coordinates":[13.519416,47.055926]},"properties":{"w":0.3636}},{"type":"Feature","geometry":{"type":"Point","coordinates":[13.84871,47.054554]},"properties":{"w":0.3181}},{"type":"Feature","geometry":{"type":"Point","coordinates":[14.797425,47.047277]},"properties":{"w":0.3164}},{"type":"Feature","geometry":{"type":"Point","coordinates":[13.585364,47.053135]},"properties":{"w":0.2998}},{"type":"Feature","geometry":{"type":"Point","coordinates":[11.431726,47.04445]},"properties":{"w":0.5863}},{"type":"Feature","geometry":{"type":"Point","coordinates":[14.026036,47.052751]},"properties":{"w":0.5094}},{"type":"Feature","geometry":{"type":"Point","coordinates":[14.056254,47.056194]},"properties":{"w":0.5025}},{"type":"Feature","geometry":{"type":"Point","coordinates":[10.151987,47.009821]},"properties":{"w":0.4442}},{"type":"Feature","geometry":{"type":"Point","coordinates":[13.961488,47.052353]},"properties":{"w":0.3892}},{"type":"Feature","geometry":{"type":"Point","coordinates":[13.082204,47.053611]},"properties":{"w":0.3558}},{"type":"Feature","geometry":{"type":"Point","coordinates":[9.906423,47.000841]},"properties":{"w":0.298}},{"type":"Feature","geometry":{"type":"Point","coordinates":[13.672322,47.057415]},"properties":{"w":0.5442}},{"type":"Feature","geometry":{"type":"Point","coordinates":[10.488341,47.017747]},"properties":{"w":0.3836}},{"type":"Feature","geometry":{"type":"Point","coordinates":[12.334475,47.059044]},"properties":{"w":0.4848}},{"type":"Feature","geometry":{"type":"Point","coordinates":[13.786954,47.051723]},"properties":{"w":0.298}},{"type":"Feature","geometry":{"type":"Point","coordinates":[10.226158,47.008597]},"properties":{"w":0.3247}},{"type":"Feature","geometry":{"type":"Point","coordinates":[13.696694,47.056552]},"properties":{"w":0.5938}},{"type":"Feature","geometry":{"type":"Point","coordinates":[10.199801,47.010188]},"properties":{"w":0.4068}},{"type":"Feature","geometry":{"type":"Point","coordinates":[13.793429,47.050521]},"properties":{"w":0.3538}},{"type":"Feature","geometry":{"type":"Point","coordinates":[16.505131,47.004813]},"properties":{"w":0.4093}},{"type":"Feature","geometry":{"type":"Point","coordinates":[11.412943,47.036671]},"properties":{"w":0.4397}},{"type":"Feature","geometry":{"type":"Point","coordinates":[13.812588,47.052253]},"properties":{"w":0.4957}},{"type":"Feature","geometry":{"type":"Point","coordinates":[14.867077,47.041458]},"properties":{"w":0.4866}},{"type":"Feature","geometry":{"type":"Point","coordinates":[10.4029,47.010013]},"properties":{"w":0.3052}},{"type":"Feature","geometry":{"type":"Point","coordinates":[11.398718,47.031483]},"properties":{"w":0.3462}},{"type":"Feature","geometry":{"type":"Point","coordinates":[14.598217,47.042387]},"properties":{"w":0.3773}},{"type":"Feature","geometry":{"type":"Point","coordinates":[13.447579,47.046071]},"properties":{"w":0.3562}},{"type":"Feature","geometry":{"type":"Point","coordinates":[16.499546,47.001442]},"properties":{"w":0.4103}},{"type":"Feature","geometry":{"type":"Point","coordinates":[10.962719,47.019382]},"properties":{"w":0.2974}},{"type":"Feature","geometry":{"type":"Point","coordinates":[13.061275,47.046526]},"properties":{"w":0.4524}},{"type":"Feature","geometry":{"type":"Point","coordinates":[10.558323,47.009679]},"properties":{"w":0.3397}},{"type":"Feature","geometry":{"type":"Point","coordinates":[13.818954,47.041185]},"properties":{"w":0.3361}},{"type":"Feature","geometry":{"type":"Point","coordinates":[13.381338,47.046174]},"properties":{"w":0.4393}},{"type":"Feature","geometry":{"type":"Point","coordinates":[13.644404,47.049065]},"properties":{"w":0.5017}},{"type":"Feature","geometry":{"type":"Point","coordinates":[14.263017,47.04158]},"properties":{"w":0.4974}},{"type":"Feature","geometry":{"type":"Point","coordinates":[14.248911,47.045813]},"properties":{"w":0.5429}},{"type":"Feature","geometry":{"type":"Point","coordinates":[14.611094,47.039479]},"properties":{"w":0.5841}},{"type":"Feature","geometry":{"type":"Point","coordinates":[14.546925,47.034717]},"properties":{"w":0.3424}},{"type":"Feature","geometry":{"type":"Point","coordinates":[13.07668,47.041299]},"properties":{"w":0.3798}},{"type":"Feature","geometry":{"type":"Point","coordinates":[14.117234,47.044209]},"properties":{"w":0.4482}},{"type":"Feature","geometry":{"type":"Point","coordinates":[10.429319,47.003433]},"properties":{"w":0.2875}},{"type":"Feature","geometry":{"type":"Point","coordinates":[14.902333,47.029778]},"properties":{"w":0.3282}},{"type":"Feature","geometry":{"type":"Point","coordinates":[10.535059,47.00732]},"properties":{"w":0.3466}},{"type":"Feature","geometry":{"type":"Point","coordinates":[13.744835,47.04626]},"properties":{"w":0.6294}},{"type":"Feature","geometry":{"type":"Point","coordinates":[10.363398,47.001724]},"properties":{"w":0.3222}},{"type":"Feature","geometry":{"type":"Point","coordinates":[14.175918,47.04101]},"properties":{"w":0.4636}},{"type":"Feature","geometry":{"type":"Point","coordinates":[13.455591,47.041341]},"properties":{"w":0.4153}},{"type":"Feature","geometry":{"type":"Point","coordinates":[16.482687,46.995742]},"properties":{"w":0.2723}},{"type":"Feature","geometry":{"type":"Point","coordinates":[10.324693,47.001178]},"properties":{"w":0.3252}},{"type":"Feature","geometry":{"type":"Point","coordinates":[12.380002,47.040481]},"properties":{"w":0.3679}},{"type":"Feature","geometry":{"type":"Point","coordinates":[14.804921,47.029943]},"properties":{"w":0.3569}},{"type":"Feature","geometry":{"type":"Point","coordinates":[10.211768,46.995502]},"properties":{"w":0.2992}},{"type":"Feature","geometry":{"type":"Point","coordinates":[12.727453,47.037308]},"properties":{"w":0.3848}},{"type":"Feature","geometry":{"type":"Point","coordinates":[10.371264,47.003301]},"properties":{"w":0.4106}},{"type":"Feature","geometry":{"type":"Point","coordinates":[14.189242,47.041341]},"properties":{"w":0.5094}},{"type":"Feature","geometry":{"type":"Point","coordinates":[10.169159,46.995173]},"properties":{"w":0.3252}},{"type":"Feature","geometry":{"type":"Point","coordinates":[14.257404,47.035783]},"properties":{"w":0.3262}},{"type":"Feature","geometry":{"type":"Point","coordinates":[16.441248,46.994167]},"properties":{"w":0.3238}},{"type":"Feature","geometry":{"type":"Point","coordinates":[14.112969,47.034596]},"properties":{"w":0.3651}},{"type":"Feature","geometry":{"type":"Point","coordinates":[14.225729,47.034018]},"properties":{"w":0.3881}},{"type":"Feature","geometry":{"type":"Point","coordinates":[11.283644,47.017433]},"properties":{"w":0.3607}},{"type":"Feature","geometry":{"type":"Point","coordinates":[14.548328,47.028877]},"properties":{"w":0.4209}},{"type":"Feature","geometry":{"type":"Point","coordinates":[14.055395,47.041403]},"properties":{"w":0.4263}},{"type":"Feature","geometry":{"type":"Point","coordinates":[13.946583,47.050515]},"properties":{"w":0.636}},{"type":"Feature","geometry":{"type":"Point","coordinates":[13.864458,47.03462]},"properties":{"w":0.298}},{"type":"Feature","geometry":{"type":"Point","coordinates":[10.698039,47.004011]},"properties":{"w":0.3611}},{"type":"Feature","geometry":{"type":"Point","coordinates":[14.030187,47.036859]},"properties":{"w":0.6037}},{"type":"Feature","geometry":{"type":"Point","coordinates":[14.166529,47.035175]},"properties":{"w":0.3706}},{"type":"Feature","geometry":{"type":"Point","coordinates":[9.99114,46.985332]},"properties":{"w":0.2929}},{"type":"Feature","geometry":{"type":"Point","coordinates":[13.822371,47.034232]},"properties":{"w":0.304}},{"type":"Feature","geometry":{"type":"Point","coordinates":[14.26052,47.029004]},"properties":{"w":0.3527}},{"type":"Feature","geometry":{"type":"Point","coordinates":[13.78551,47.031405]},"properties":{"w":0.3411}},{"type":"Feature","geometry":{"type":"Point","coordinates":[12.689566,47.031785]},"properties":{"w":0.3339}},{"type":"Feature","geometry":{"type":"Point","coordinates":[14.282049,47.028261]},"properties":{"w":0.4636}},{"type":"Feature","geometry":{"type":"Point","coordinates":[10.4249,46.997476]},"properties":{"w":0.3686}},{"type":"Feature","geometry":{"type":"Point","coordinates":[14.074954,47.028784]},"properties":{"w":0.298}},{"type":"Feature","geometry":{"type":"Point","coordinates":[11.31021,47.016577]},"properties":{"w":0.3985}},{"type":"Feature","geometry":{"type":"Point","coordinates":[10.417115,46.994146]},"properties":{"w":0.3747}},{"type":"Feature","geometry":{"type":"Point","coordinates":[14.20971,47.032707]},"properties":{"w":0.4642}},{"type":"Feature","geometry":{"type":"Point","coordinates":[10.404402,46.99115]},"properties":{"w":0.2233}},{"type":"Feature","geometry":{"type":"Point","coordinates":[14.272663,47.031942]},"properties":{"w":0.4749}},{"type":"Feature","geometry":{"type":"Point","coordinates":[14.562379,47.021889]},"properties":{"w":0.399}},{"type":"Feature","geometry":{"type":"Point","coordinates":[14.830191,47.01809]},"properties":{"w":0.298}},{"type":"Feature","geometry":{"type":"Point","coordinates":[13.92679,47.028254]},"properties":{"w":0.3247}},{"type":"Feature","geometry":{"type":"Point","coordinates":[14.223668,47.025014]},"properties":{"w":0.4202}},{"type":"Feature","geometry":{"type":"Point","coordinates":[13.808022,47.029958]},"properties":{"w":0.3854}},{"type":"Feature","geometry":{"type":"Point","coordinates":[13.780493,47.026954]},"properties":{"w":0.3782}},{"type":"Feature","geometry":{"type":"Point","coordinates":[14.806084,47.020692]},"properties":{"w":0.4943}},{"type":"Feature","geometry":{"type":"Point","coordinates":[14.089483,47.037144]},"properties":{"w":0.563}},{"type":"Feature","geometry":{"type":"Point","coordinates":[14.858829,47.015661]},"properties":{"w":0.3801}},{"type":"Feature","geometry":{"type":"Point","coordinates":[14.83397,47.019278]},"properties":{"w":0.4661}},{"type":"Feature","geometry":{"type":"Point","coordinates":[14.362426,47.023764]},"properties":{"w":0.4913}},{"type":"Feature","geometry":{"type":"Point","coordinates":[13.874088,47.030206]},"properties":{"w":0.4376}},{"type":"Feature","geometry":{"type":"Point","coordinates":[13.85358,47.025602]},"properties":{"w":0.3482}},{"type":"Feature","geometry":{"type":"Point","coordinates":[9.973037,46.972597]},"properties":{"w":0.3164}},{"type":"Feature","geometry":{"type":"Point","coordinates":[11.187374,47.003348]},"properties":{"w":0.3686}},{"type":"Feature","geometry":{"type":"Point","coordinates":[11.27579,47.00326]},"properties":{"w":0.2875}},{"type":"Feature","geometry":{"type":"Point","coordinates":[11.343062,47.009225]},"properties":{"w":0.3985}},{"type":"Feature","geometry":{"type":"Point","coordinates":[13.710222,47.018563]},"properties":{"w":0.372}},{"type":"Feature","geometry":{"type":"Point","coordinates":[11.449548,47.003812]},"properties":{"w":0.2875}},{"type":"Feature","geometry":{"type":"Point","coordinates":[14.84351,47.012855]},"properties":{"w":0.4425}},{"type":"Feature","geometry":{"type":"Point","coordinates":[14.458957,47.012612]},"properties":{"w":0.4074}},{"type":"Feature","geometry":{"type":"Point","coordinates":[13.833704,47.017589]},"properties":{"w":0.3676}},{"type":"Feature","geometry":{"type":"Point","coordinates":[14.384922,47.019923]},"properties":{"w":0.5222}},{"type":"Feature","geometry":{"type":"Point","coordinates":[10.139107,46.971938]},"properties":{"w":0.3453}},{"type":"Feature","geometry":{"type":"Point","coordinates":[14.031764,47.016777]},"properties":{"w":0.593}},{"type":"Feature","geometry":{"type":"Point","coordinates":[9.884815,46.963741]},"properties":{"w":0.3592}},{"type":"Feature","geometry":{"type":"Point","coordinates":[11.559298,47.001336]},"properties":{"w":0.298}},{"type":"Feature","geometry":{"type":"Point","coordinates":[14.577123,47.015047]},"properties":{"w":0.6505}},{"type":"Feature","geometry":{"type":"Point","coordinates":[13.982824,47.028919]},"properties":{"w":0.7484}},{"type":"Feature","geometry":{"type":"Point","coordinates":[13.875362,47.01403]},"properties":{"w":0.4576}},{"type":"Feature","geometry":{"type":"Point","coordinates":[11.275719,46.994645]},"properties":{"w":0.3247}},{"type":"Feature","geometry":{"type":"Point","coordinates":[13.961257,47.009752]},"properties":{"w":0.3076}},{"type":"Feature","geometry":{"type":"Point","coordinates":[10.136124,46.965947]},"properties":{"w":0.3191}},{"type":"Feature","geometry":{"type":"Point","coordinates":[11.534804,46.997104]},"properties":{"w":0.298}},{"type":"Feature","geometry":{"type":"Point","coordinates":[13.512318,47.011718]},"properties":{"w":0.3361}},{"type":"Feature","geometry":{"type":"Point","coordinates":[14.858722,47.005753]},"properties":{"w":0.3389}},{"type":"Feature","geometry":{"type":"Point","coordinates":[10.660278,46.980759]},"properties":{"w":0.3017}},{"type":"Feature","geometry":{"type":"Point","coordinates":[11.193132,46.993403]},"properties":{"w":0.4083}},{"type":"Feature","geometry":{"type":"Point","coordinates":[10.248484,46.969797]},"properties":{"w":0.3436}},{"type":"Feature","geometry":{"type":"Point","coordinates":[14.864328,47.005353]},"properties":{"w":0.3227}},{"type":"Feature","geometry":{"type":"Point","coordinates":[11.174174,46.992882]},"properties":{"w":0.4623}},{"type":"Feature","geometry":{"type":"Point","coordinates":[9.982958,46.971369]},"properties":{"w":0.4149}},{"type":"Feature","geometry":{"type":"Point","coordinates":[13.678412,47.012478]},"properties":{"w":0.4074}},{"type":"Feature","geometry":{"type":"Point","coordinates":[14.449529,47.003731]},"properties":{"w":0.311}},{"type":"Feature","geometry":{"type":"Point","coordinates":[11.259987,46.990145]},"properties":{"w":0.4868}},{"type":"Feature","geometry":{"type":"Point","coordinates":[11.550213,46.993589]},"properties":{"w":0.4202}},{"type":"Feature","geometry":{"type":"Point","coordinates":[14.09228,47.003765]},"properties":{"w":0.3159}},{"type":"Feature","geometry":{"type":"Point","coordinates":[13.863822,47.009425]},"properties":{"w":0.3811}},{"type":"Feature","geometry":{"type":"Point","coordinates":[13.722991,47.016786]},"properties":{"w":0.4553}},{"type":"Feature","geometry":{"type":"Point","coordinates":[10.739928,46.985127]},"properties":{"w":0.4391}},{"type":"Feature","geometry":{"type":"Point","coordinates":[10.111243,46.959057]},"properties":{"w":0.3432}},{"type":"Feature","geometry":{"type":"Point","coordinates":[13.577718,47.00486]},"properties":{"w":0.3222}},{"type":"Feature","geometry":{"type":"Point","coordinates":[14.305174,47.008742]},"properties":{"w":0.4558}},{"type":"Feature","geometry":{"type":"Point","coordinates":[13.540003,47.004206]},"properties":{"w":0.3047}},{"type":"Feature","geometry":{"type":"Point","coordinates":[13.053285,47.004475]},"properties":{"w":0.3949}},{"type":"Feature","geometry":{"type":"Point","coordinates":[14.115233,47.007628]},"properties":{"w":0.5933}},{"type":"Feature","geometry":{"type":"Point","coordinates":[13.039028,47.003285]},"properties":{"w":0.3436}},{"type":"Feature","geometry":{"type":"Point","coordinates":[10.665141,46.973372]},"properties":{"w":0.3098}},{"type":"Feature","geometry":{"type":"Point","coordinates":[14.036747,47.004365]},"properties":{"w":0.4224}},{"type":"Feature","geometry":{"type":"Point","coordinates":[13.484144,47.005778]},"properties":{"w":0.4217}},{"type":"Feature","geometry":{"type":"Point","coordinates":[10.594246,46.979422]},"properties":{"w":0.4816}},{"type":"Feature","geometry":{"type":"Point","coordinates":[11.39704,46.986956]},"properties":{"w":0.3339}},{"type":"Feature","geometry":{"type":"Point","coordinates":[13.514117,47.004617]},"properties":{"w":0.4536}},{"type":"Feature","geometry":{"type":"Point","coordinates":[13.956531,46.999302]},"properties":{"w":0.3247}},{"type":"Feature","geometry":{"type":"Point","coordinates":[10.105364,46.954063]},"properties":{"w":0.301}},{"type":"Feature","geometry":{"type":"Point","coordinates":[13.741284,47.01188]},"properties":{"w":0.6759}},{"type":"Feature","geometry":{"type":"Point","coordinates":[13.529859,46.999958]},"properties":{"w":0.3546}},{"type":"Feature","geometry":{"type":"Point","coordinates":[11.423477,46.990274]},"properties":{"w":0.3795}},{"type":"Feature","geometry":{"type":"Point","coordinates":[11.434666,46.984592]},"properties":{"w":0.3017}},{"type":"Feature","geometry":{"type":"Point","coordinates":[14.126038,46.99822]},"properties":{"w":0.2974}},{"type":"Feature","geometry":{"type":"Point","coordinates":[13.574621,46.999042]},"properties":{"w":0.3881}},{"type":"Feature","geometry":{"type":"Point","coordinates":[11.218326,46.980138]},"properties":{"w":0.3202}},{"type":"Feature","geometry":{"type":"Point","coordinates":[9.984769,46.954378]},"properties":{"w":0.5172}},{"type":"Feature","geometry":{"type":"Point","coordinates":[13.586544,46.996523]},"properties":{"w":0.4125}},{"type":"Feature","geometry":{"type":"Point","coordinates":[12.22972,46.991241]},"properties":{"w":0.3776}},{"type":"Feature","geometry":{"type":"Point","coordinates":[13.973241,47.006434]},"properties":{"w":0.6024}},{"type":"Feature","geometry":{"type":"Point","coordinates":[14.601309,46.989218]},"properties":{"w":0.2875}},{"type":"Feature","geometry":{"type":"Point","coordinates":[10.667252,46.965171]},"properties":{"w":0.3148}},{"type":"Feature","geometry":{"type":"Point","coordinates":[14.065194,46.997064]},"properties":{"w":0.6}},{"type":"Feature","geometry":{"type":"Point","coordinates":[14.025571,46.992227]},"properties":{"w":0.3397}},{"type":"Feature","geometry":{"type":"Point","coordinates":[11.417824,46.978386]},"properties":{"w":0.3076}},{"type":"Feature","geometry":{"type":"Point","coordinates":[11.428958,46.977516]},"properties":{"w":0.3325}},{"type":"Feature","geometry":{"type":"Point","coordinates":[13.070905,46.992445]},"properties":{"w":0.2875}},{"type":"Feature","geometry":{"type":"Point","coordinates":[13.553531,46.995063]},"properties":{"w":0.5464}},{"type":"Feature","geometry":{"type":"Point","coordinates":[13.518484,46.996464]},"properties":{"w":0.3558}},{"type":"Feature","geometry":{"type":"Point","coordinates":[13.8225,46.992478]},"properties":{"w":0.3004}},{"type":"Feature","geometry":{"type":"Point","coordinates":[13.869829,46.991882]},"properties":{"w":0.5177}},{"type":"Feature","geometry":{"type":"Point","coordinates":[9.983389,46.941363]},"properties":{"w":0.3325}},{"type":"Feature","geometry":{"type":"Point","coordinates":[10.628237,46.958987]},"properties":{"w":0.3247}},{"type":"Feature","geometry":{"type":"Point","coordinates":[12.363056,46.987428]},"properties":{"w":0.3138}},{"type":"Feature","geometry":{"type":"Point","coordinates":[10.928999,46.968458]},"properties":{"w":0.3979}},{"type":"Feature","geometry":{"type":"Point","coordinates":[13.951409,47.006629]},"properties":{"w":0.5992}},{"type":"Feature","geometry":{"type":"Point","coordinates":[10.119965,46.946055]},"properties":{"w":0.5365}},{"type":"Feature","geometry":{"type":"Point","coordinates":[10.480396,46.954307]},"properties":{"w":0.2875}},{"type":"Feature","geometry":{"type":"Point","coordinates":[13.548772,46.988966]},"properties":{"w":0.3592}},{"type":"Feature","geometry":{"type":"Point","coordinates":[11.415171,46.973701]},"properties":{"w":0.3397}},{"type":"Feature","geometry":{"type":"Point","coordinates":[13.751323,46.989802]},"properties":{"w":0.3814}},{"type":"Feature","geometry":{"type":"Point","coordinates":[9.892098,46.937156]},"properties":{"w":0.4193}},{"type":"Feature","geometry":{"type":"Point","coordinates":[12.59086,46.987819]},"properties":{"w":0.3733}},{"type":"Feature","geometry":{"type":"Point","coordinates":[14.603254,46.982181]},"properties":{"w":0.2948}},{"type":"Feature","geometry":{"type":"Point","coordinates":[11.396311,46.974053]},"properties":{"w":0.4177}},{"type":"Feature","geometry":{"type":"Point","coordinates":[10.014498,46.938406]},"properties":{"w":0.3076}},{"type":"Feature","geometry":{"type":"Point","coordinates":[13.686269,47.000168]},"properties":{"w":0.7224}},{"type":"Feature","geometry":{"type":"Point","coordinates":[15.062137,46.974294]},"properties":{"w":0.3126}},{"type":"Feature","geometry":{"type":"Point","coordinates":[14.579827,46.988586]},"properties":{"w":0.5625}},{"type":"Feature","geometry":{"type":"Point","coordinates":[14.612658,46.979852]},"properties":{"w":0.3462}},{"type":"Feature","geometry":{"type":"Point","coordinates":[13.082889,46.985278]},"properties":{"w":0.2575}},{"type":"Feature","geometry":{"type":"Point","coordinates":[10.711283,46.964241]},"properties":{"w":0.4665}},{"type":"Feature","geometry":{"type":"Point","coordinates":[14.899312,46.99923]},"properties":{"w":0.8744}},{"type":"Feature","geometry":{"type":"Point","coordinates":[10.101802,46.940473]},"properties":{"w":0.3296}},{"type":"Feature","geometry":{"type":"Point","coordinates":[13.924508,46.985061]},"properties":{"w":0.2888}},{"type":"Feature","geometry":{"type":"Point","coordinates":[13.8627,46.986356]},"properties":{"w":0.5715}},{"type":"Feature","geometry":{"type":"Point","coordinates":[14.498771,46.9778]},"properties":{"w":0.3121}},{"type":"Feature","geometry":{"type":"Point","coordinates":[13.389021,46.983357]},"properties":{"w":0.5394}},{"type":"Feature","geometry":{"type":"Point","coordinates":[13.54009,46.983222]},"properties":{"w":0.3424}},{"type":"Feature","geometry":{"type":"Point","coordinates":[13.533392,46.988858]},"properties":{"w":0.4137}},{"type":"Feature","geometry":{"type":"Point","coordinates":[13.336884,46.981911]},"properties":{"w":0.2455}},{"type":"Feature","geometry":{"type":"Point","coordinates":[13.95491,46.980543]},"properties":{"w":0.4118}},{"type":"Feature","geometry":{"type":"Point","coordinates":[10.61411,46.946881]},"properties":{"w":0.2875}},{"type":"Feature","geometry":{"type":"Point","coordinates":[13.864741,46.978299]},"properties":{"w":0.4186}},{"type":"Feature","geometry":{"type":"Point","coordinates":[12.983402,46.979477]},"properties":{"w":0.3424}},{"type":"Feature","geometry":{"type":"Point","coordinates":[10.094483,46.934383]},"properties":{"w":0.4609}},{"type":"Feature","geometry":{"type":"Point","coordinates":[14.630869,46.992322]},"properties":{"w":0.704}},{"type":"Feature","geometry":{"type":"Point","coordinates":[13.833355,46.976175]},"properties":{"w":0.301}},{"type":"Feature","geometry":{"type":"Point","coordinates":[14.471659,46.992409]},"properties":{"w":0.7705}},{"type":"Feature","geometry":{"type":"Point","coordinates":[14.08439,46.980756]},"properties":{"w":0.5557}},{"type":"Feature","geometry":{"type":"Point","coordinates":[14.017846,46.972744]},"properties":{"w":0.2968}},{"type":"Feature","geometry":{"type":"Point","coordinates":[13.121093,46.977983]},"properties":{"w":0.4781}},{"type":"Feature","geometry":{"type":"Point","coordinates":[14.063056,46.977083]},"properties":{"w":0.4422}},{"type":"Feature","geometry":{"type":"Point","coordinates":[12.985208,46.973805]},"properties":{"w":0.3017}},{"type":"Feature","geometry":{"type":"Point","coordinates":[10.29984,46.935441]},"properties":{"w":0.4668}},{"type":"Feature","geometry":{"type":"Point","coordinates":[14.702077,46.971044]},"properties":{"w":0.517}},{"type":"Feature","geometry":{"type":"Point","coordinates":[13.920998,46.97493]},"properties":{"w":0.3397}},{"type":"Feature","geometry":{"type":"Point","coordinates":[15.130254,46.970797]},"properties":{"w":0.674}},{"type":"Feature","geometry":{"type":"Point","coordinates":[10.050607,46.926568]},"properties":{"w":0.216}},{"type":"Feature","geometry":{"type":"Point","coordinates":[10.269318,46.941032]},"properties":{"w":0.5488}},{"type":"Feature","geometry":{"type":"Point","coordinates":[14.025574,46.980079]},"properties":{"w":0.6172}},{"type":"Feature","geometry":{"type":"Point","coordinates":[12.944799,46.972088]},"properties":{"w":0.4014}},{"type":"Feature","geometry":{"type":"Point","coordinates":[10.656085,46.94955]},"properties":{"w":0.5288}},{"type":"Feature","geometry":{"type":"Point","coordinates":[14.048257,46.969757]},"properties":{"w":0.3159}},{"type":"Feature","geometry":{"type":"Point","coordinates":[10.888803,46.947241]},"properties":{"w":0.3665}},{"type":"Feature","geometry":{"type":"Point","coordinates":[14.067893,46.967814]},"properties":{"w":0.2875}},{"type":"Feature","geometry":{"type":"Point","coordinates":[10.278489,46.928678]},"properties":{"w":0.2549}},{"type":"Feature","geometry":{"type":"Point","coordinates":[13.11584,46.969198]},"properties":{"w":0.2896}},{"type":"Feature","geometry":{"type":"Point","coordinates":[10.633289,46.936857]},"properties":{"w":0.4233}},{"type":"Feature","geometry":{"type":"Point","coordinates":[9.938692,46.921138]},"properties":{"w":0.5419}},{"type":"Feature","geometry":{"type":"Point","coordinates":[10.225258,46.942229]},"properties":{"w":0.4847}},{"type":"Feature","geometry":{"type":"Point","coordinates":[10.003988,46.943733]},"properties":{"w":0.5122}},{"type":"Feature","geometry":{"type":"Point","coordinates":[10.527874,46.933408]},"properties":{"w":0.3511}},{"type":"Feature","geometry":{"type":"Point","coordinates":[14.055784,46.963377]},"properties":{"w":0.3076}},{"type":"Feature","geometry":{"type":"Point","coordinates":[13.923498,46.965025]},"properties":{"w":0.3499}},{"type":"Feature","geometry":{"type":"Point","coordinates":[10.517809,46.928206]},"properties":{"w":0.375}},{"type":"Feature","geometry":{"type":"Point","coordinates":[12.998399,46.968982]},"properties":{"w":0.59}},{"type":"Feature","geometry":{"type":"Point","coordinates":[9.992182,46.912833]},"properties":{"w":0.3531}},{"type":"Feature","geometry":{"type":"Point","coordinates":[13.377617,46.965437]},"properties":{"w":0.3703}},{"type":"Feature","geometry":{"type":"Point","coordinates":[10.104775,46.914818]},"properties":{"w":0.3159}},{"type":"Feature","geometry":{"type":"Point","coordinates":[14.061513,46.957434]},"properties":{"w":0.3148}},{"type":"Feature","geometry":{"type":"Point","coordinates":[14.66083,46.953159]},"properties":{"w":0.3482}},{"type":"Feature","geometry":{"type":"Point","coordinates":[14.068953,46.95871]},"properties":{"w":0.3154}},{"type":"Feature","geometry":{"type":"Point","coordinates":[13.213246,46.959408]},"properties":{"w":0.3316}},{"type":"Feature","geometry":{"type":"Point","coordinates":[10.003735,46.909076]},"properties":{"w":0.3017}},{"type":"Feature","geometry":{"type":"Point","coordinates":[10.127163,46.913045]},"properties":{"w":0.3679}},{"type":"Feature","geometry":{"type":"Point","coordinates":[13.394761,46.957875]},"properties":{"w":0.3766}},{"type":"Feature","geometry":{"type":"Point","coordinates":[13.976432,46.954848]},"properties":{"w":0.3164}},{"type":"Feature","geometry":{"type":"Point","coordinates":[13.405086,46.957267]},"properties":{"w":0.383}},{"type":"Feature","geometry":{"type":"Point","coordinates":[14.991004,46.945693]},"properties":{"w":0.3703}},{"type":"Feature","geometry":{"type":"Point","coordinates":[10.14359,46.916114]},"properties":{"w":0.5225}},{"type":"Feature","geometry":{"type":"Point","coordinates":[10.2221,46.914466]},"properties":{"w":0.3466}},{"type":"Feature","geometry":{"type":"Point","coordinates":[13.950575,46.956653]},"properties":{"w":0.3164}},{"type":"Feature","geometry":{"type":"Point","coordinates":[12.993093,46.955979]},"properties":{"w":0.2888}},{"type":"Feature","geometry":{"type":"Point","coordinates":[13.43088,46.956294]},"properties":{"w":0.433}},{"type":"Feature","geometry":{"type":"Point","coordinates":[13.93791,46.962613]},"properties":{"w":0.4824}},{"type":"Feature","geometry":{"type":"Point","coordinates":[13.57642,46.96945]},"properties":{"w":0.6628}},{"type":"Feature","geometry":{"type":"Point","coordinates":[10.573983,46.922422]},"properties":{"w":0.4776}},{"type":"Feature","geometry":{"type":"Point","coordinates":[13.976933,46.969821]},"properties":{"w":0.7959}},{"type":"Feature","geometry":{"type":"Point","coordinates":[13.41039,46.950942]},"properties":{"w":0.3449}},{"type":"Feature","geometry":{"type":"Point","coordinates":[15.028583,46.937851]},"properties":{"w":0.3592}},{"type":"Feature","geometry":{"type":"Point","coordinates":[10.111315,46.904803]},"properties":{"w":0.3076}},{"type":"Feature","geometry":{"type":"Point","coordinates":[13.559837,46.950273]},"properties":{"w":0.3164}},{"type":"Feature","geometry":{"type":"Point","coordinates":[10.553326,46.919745]},"properties":{"w":0.3397}},{"type":"Feature","geometry":{"type":"Point","coordinates":[14.632576,46.943404]},"properties":{"w":0.5919}},{"type":"Feature","geometry":{"type":"Point","coordinates":[10.047395,46.90924]},"properties":{"w":0.6032}},{"type":"Feature","geometry":{"type":"Point","coordinates":[13.646064,46.946771]},"properties":{"w":0.4184}},{"type":"Feature","geometry":{"type":"Point","coordinates":[14.753855,46.938303]},"properties":{"w":0.3272}},{"type":"Feature","geometry":{"type":"Point","coordinates":[13.396538,46.948713]},"properties":{"w":0.4172}},{"type":"Feature","geometry":{"type":"Point","coordinates":[10.12817,46.904269]},"properties":{"w":0.4682}},{"type":"Feature","geometry":{"type":"Point","coordinates":[12.998501,46.945758]},"properties":{"w":0.3592}},{"type":"Feature","geometry":{"type":"Point","coordinates":[10.704015,46.921502]},"properties":{"w":0.4726}},{"type":"Feature","geometry":{"type":"Point","coordinates":[13.935197,46.944357]},"properties":{"w":0.3076}},{"type":"Feature","geometry":{"type":"Point","coordinates":[13.995674,46.946628]},"properties":{"w":0.5397}},{"type":"Feature","geometry":{"type":"Point","coordinates":[14.210096,46.943577]},"properties":{"w":0.4179}},{"type":"Feature","geometry":{"type":"Point","coordinates":[14.29753,46.945956]},"properties":{"w":0.4793}},{"type":"Feature","geometry":{"type":"Point","coordinates":[10.040123,46.896276]},"properties":{"w":0.3384}},{"type":"Feature","geometry":{"type":"Point","coordinates":[13.404245,46.943546]},"properties":{"w":0.3325}},{"type":"Feature","geometry":{"type":"Point","coordinates":[12.977163,46.942223]},"properties":{"w":0.4083}},{"type":"Feature","geometry":{"type":"Point","coordinates":[16.172077,46.905858]},"properties":{"w":0.3453}},{"type":"Feature","geometry":{"type":"Point","coordinates":[13.850106,46.940216]},"properties":{"w":0.2929}},{"type":"Feature","geometry":{"type":"Point","coordinates":[13.376774,46.940157]},"properties":{"w":0.3406}},{"type":"Feature","geometry":{"type":"Point","coordinates":[12.617358,46.936574]},"properties":{"w":0.3138}},{"type":"Feature","geometry":{"type":"Point","coordinates":[13.366961,46.938872]},"properties":{"w":0.3181}},{"type":"Feature","geometry":{"type":"Point","coordinates":[14.124017,46.934644]},"properties":{"w":0.2974}},{"type":"Feature","geometry":{"type":"Point","coordinates":[14.157105,46.93492]},"properties":{"w":0.4402}},{"type":"Feature","geometry":{"type":"Point","coordinates":[13.352942,46.937668]},"properties":{"w":0.3915}},{"type":"Feature","geometry":{"type":"Point","coordinates":[12.62617,46.933202]},"properties":{"w":0.3238}},{"type":"Feature","geometry":{"type":"Point","coordinates":[10.577265,46.903391]},"properties":{"w":0.3622}},{"type":"Feature","geometry":{"type":"Point","coordinates":[10.603995,46.903594]},"properties":{"w":0.3164}},{"type":"Feature","geometry":{"type":"Point","coordinates":[14.068305,46.935687]},"properties":{"w":0.3651}},{"type":"Feature","geometry":{"type":"Point","coordinates":[12.99203,46.933805]},"properties":{"w":0.413}},{"type":"Feature","geometry":{"type":"Point","coordinates":[12.977053,46.932144]},"properties":{"w":0.3384}},{"type":"Feature","geometry":{"type":"Point","coordinates":[13.958561,46.930123]},"properties":{"w":0.3534}},{"type":"Feature","geometry":{"type":"Point","coordinates":[10.121566,46.899508]},"properties":{"w":0.4629}},{"type":"Feature","geometry":{"type":"Point","coordinates":[10.636817,46.899299]},"properties":{"w":0.2566}},{"type":"Feature","geometry":{"type":"Point","coordinates":[10.615718,46.898587]},"properties":{"w":0.3023}},{"type":"Feature","geometry":{"type":"Point","coordinates":[13.017007,46.930784]},"properties":{"w":0.3585}},{"type":"Feature","geometry":{"type":"Point","coordinates":[13.972869,46.929296]},"properties":{"w":0.3462}},{"type":"Feature","geometry":{"type":"Point","coordinates":[12.973754,46.927912]},"properties":{"w":0.433}},{"type":"Feature","geometry":{"type":"Point","coordinates":[14.655065,46.921761]},"properties":{"w":0.3979}},{"type":"Feature","geometry":{"type":"Point","coordinates":[12.699357,46.927987]},"properties":{"w":0.4749}},{"type":"Feature","geometry":{"type":"Point","coordinates":[14.101116,46.931396]},"properties":{"w":0.5388}},{"type":"Feature","geometry":{"type":"Point","coordinates":[14.637242,46.918544]},"properties":{"w":0.3334}},{"type":"Feature","geometry":{"type":"Point","coordinates":[13.988883,46.924115]},"properties":{"w":0.2875}},{"type":"Feature","geometry":{"type":"Point","coordinates":[15.128987,46.931304]},"properties":{"w":0.8004}},{"type":"Feature","geometry":{"type":"Point","coordinates":[13.469253,46.928034]},"properties":{"w":0.3247}},{"type":"Feature","geometry":{"type":"Point","coordinates":[13.942243,46.928233]},"properties":{"w":0.4226}},{"type":"Feature","geometry":{"type":"Point","coordinates":[13.959077,46.922167]},"properties":{"w":0.3474}},{"type":"Feature","geometry":{"type":"Point","coordinates":[10.736215,46.900441]},"properties":{"w":0.4496}},{"type":"Feature","geometry":{"type":"Point","coordinates":[13.999051,46.927184]},"properties":{"w":0.5107}},{"type":"Feature","geometry":{"type":"Point","coordinates":[10.197019,46.882938]},"properties":{"w":0.4905}},{"type":"Feature","geometry":{"type":"Point","coordinates":[14.020206,46.92074]},"properties":{"w":0.298}},{"type":"Feature","geometry":{"type":"Point","coordinates":[15.055409,46.919782]},"properties":{"w":0.7498}},{"type":"Feature","geometry":{"type":"Point","coordinates":[13.444966,46.924655]},"properties":{"w":0.3629}},{"type":"Feature","geometry":{"type":"Point","coordinates":[14.955309,46.910214]},"properties":{"w":0.3287}},{"type":"Feature","geometry":{"type":"Point","coordinates":[13.977888,46.918527]},"properties":{"w":0.301}},{"type":"Feature","geometry":{"type":"Point","coordinates":[14.708433,46.916062]},"properties":{"w":0.3424}},{"type":"Feature","geometry":{"type":"Point","coordinates":[13.91892,46.928309]},"properties":{"w":0.5357}},{"type":"Feature","geometry":{"type":"Point","coordinates":[14.651707,46.912438]},"properties":{"w":0.3076}},{"type":"Feature","geometry":{"type":"Point","coordinates":[10.640888,46.889933]},"properties":{"w":0.2635}},{"type":"Feature","geometry":{"type":"Point","coordinates":[14.643487,46.912321]},"properties":{"w":0.298}},{"type":"Feature","geometry":{"type":"Point","coordinates":[10.176775,46.911944]},"properties":{"w":0.592}},{"type":"Feature","geometry":{"type":"Point","coordinates":[14.004257,46.92023]},"properties":{"w":0.4866}},{"type":"Feature","geometry":{"type":"Point","coordinates":[14.69086,46.915685]},"properties":{"w":0.5104}},{"type":"Feature","geometry":{"type":"Point","coordinates":[13.021223,46.919089]},"properties":{"w":0.3737}},{"type":"Feature","geometry":{"type":"Point","coordinates":[10.724572,46.887662]},"properties":{"w":0.3325}},{"type":"Feature","geometry":{"type":"Point","coordinates":[13.485298,46.91873]},"properties":{"w":0.3696}},{"type":"Feature","geometry":{"type":"Point","coordinates":[12.454573,46.915539]},"properties":{"w":0.4667}},{"type":"Feature","geometry":{"type":"Point","coordinates":[10.067913,46.882549]},"properties":{"w":0.5258}},{"type":"Feature","geometry":{"type":"Point","coordinates":[14.628252,46.907804]},"properties":{"w":0.3878}},{"type":"Feature","geometry":{"type":"Point","coordinates":[10.101668,46.881436]},"properties":{"w":0.4954}},{"type":"Feature","geometry":{"type":"Point","coordinates":[13.990118,46.911743]},"properties":{"w":0.3892}},{"type":"Feature","geometry":{"type":"Point","coordinates":[14.690973,46.904819]},"properties":{"w":0.4038}},{"type":"Feature","geometry":{"type":"Point","coordinates":[14.134308,46.914828]},"properties":{"w":0.4091}},{"type":"Feature","geometry":{"type":"Point","coordinates":[14.969833,46.90143]},"properties":{"w":0.4395}},{"type":"Feature","geometry":{"type":"Point","coordinates":[10.113343,46.86574]},"properties":{"w":0.3029}},{"type":"Feature","geometry":{"type":"Point","coordinates":[12.985438,46.911536]},"properties":{"w":0.331}},{"type":"Feature","geometry":{"type":"Point","coordinates":[14.707985,46.904323]},"properties":{"w":0.3596}},{"type":"Feature","geometry":{"type":"Point","coordinates":[10.163389,46.868468]},"properties":{"w":0.382}},{"type":"Feature","geometry":{"type":"Point","coordinates":[12.260781,46.90476]},"properties":{"w":0.3058}},{"type":"Feature","geometry":{"type":"Point","coordinates":[12.570493,46.905623]},"properties":{"w":0.4707}},{"type":"Feature","geometry":{"type":"Point","coordinates":[12.443855,46.906966]},"properties":{"w":0.3511}},{"type":"Feature","geometry":{"type":"Point","coordinates":[10.708884,46.878341]},"properties":{"w":0.4226}},{"type":"Feature","geometry":{"type":"Point","coordinates":[13.477631,46.908687]},"properties":{"w":0.3366}},{"type":"Feature","geometry":{"type":"Point","coordinates":[13.134863,46.908084]},"properties":{"w":0.3191}},{"type":"Feature","geometry":{"type":"Point","coordinates":[14.597679,46.901602]},"properties":{"w":0.4177}},{"type":"Feature","geometry":{"type":"Point","coordinates":[10.593565,46.902143]},"properties":{"w":0.5557}},{"type":"Feature","geometry":{"type":"Point","coordinates":[14.476871,46.90244]},"properties":{"w":0.3411}},{"type":"Feature","geometry":{"type":"Point","coordinates":[12.206777,46.896748]},"properties":{"w":0.3034}},{"type":"Feature","geometry":{"type":"Point","coordinates":[13.379031,46.903087]},"properties":{"w":0.3222}},{"type":"Feature","geometry":{"type":"Point","coordinates":[14.017845,46.902861]},"properties":{"w":0.3296}},{"type":"Feature","geometry":{"type":"Point","coordinates":[12.530411,46.905013]},"properties":{"w":0.4174}},{"type":"Feature","geometry":{"type":"Point","coordinates":[10.481224,46.870421]},"properties":{"w":0.5609}},{"type":"Feature","geometry":{"type":"Point","coordinates":[14.680374,46.893319]},"properties":{"w":0.298}},{"type":"Feature","geometry":{"type":"Point","coordinates":[13.713875,46.901959]},"properties":{"w":0.382}},{"type":"Feature","geometry":{"type":"Point","coordinates":[12.450376,46.901677]},"properties":{"w":0.3466}},{"type":"Feature","geometry":{"type":"Point","coordinates":[13.400177,46.900676]},"properties":{"w":0.3316}},{"type":"Feature","geometry":{"type":"Point","coordinates":[14.039689,46.905578]},"properties":{"w":0.536}},{"type":"Feature","geometry":{"type":"Point","coordinates":[12.731403,46.900716]},"properties":{"w":0.3993}},{"type":"Feature","geometry":{"type":"Point","coordinates":[10.47236,46.861941]},"properties":{"w":0.3242}},{"type":"Feature","geometry":{"type":"Point","coordinates":[13.389976,46.898085]},"properties":{"w":0.3164}},{"type":"Feature","geometry":{"type":"Point","coordinates":[12.719806,46.898186]},"properties":{"w":0.4558}},{"type":"Feature","geometry":{"type":"Point","coordinates":[12.472628,46.894664]},"properties":{"w":0.3432}},{"type":"Feature","geometry":{"type":"Point","coordinates":[12.484272,46.895677]},"properties":{"w":0.3325}},{"type":"Feature","geometry":{"type":"Point","coordinates":[12.37335,46.890976]},"properties":{"w":0.4115}},{"type":"Feature","geometry":{"type":"Point","coordinates":[15.15757,46.890043]},"properties":{"w":0.7031}},{"type":"Feature","geometry":{"type":"Point","coordinates":[12.393515,46.893428]},"properties":{"w":0.3531}},{"type":"Feature","geometry":{"type":"Point","coordinates":[12.261202,46.89275]},"properties":{"w":0.3554}},{"type":"Feature","geometry":{"type":"Point","coordinates":[15.048115,46.882471]},"properties":{"w":0.5009}},{"type":"Feature","geometry":{"type":"Point","coordinates":[10.486139,46.858167]},"properties":{"w":0.3138}},{"type":"Feature","geometry":{"type":"Point","coordinates":[10.57775,46.860997]},"properties":{"w":0.3811}},{"type":"Feature","geometry":{"type":"Point","coordinates":[13.392194,46.891883]},"properties":{"w":0.4871}},{"type":"Feature","geometry":{"type":"Point","coordinates":[12.61364,46.889538]},"properties":{"w":0.4661}},{"type":"Feature","geometry":{"type":"Point","coordinates":[12.800786,46.896889]},"properties":{"w":0.4482}},{"type":"Feature","geometry":{"type":"Point","coordinates":[10.553166,46.856689]},"properties":{"w":0.4588}},{"type":"Feature","geometry":{"type":"Point","coordinates":[13.996013,46.888589]},"properties":{"w":0.4305}},{"type":"Feature","geometry":{"type":"Point","coordinates":[13.963865,46.888494]},"properties":{"w":0.3428}},{"type":"Feature","geometry":{"type":"Point","coordinates":[12.564486,46.89055]},"properties":{"w":0.3393}},{"type":"Feature","geometry":{"type":"Point","coordinates":[12.769047,46.889964]},"properties":{"w":0.4912}},{"type":"Feature","geometry":{"type":"Point","coordinates":[13.168526,46.887551]},"properties":{"w":0.3076}},{"type":"Feature","geometry":{"type":"Point","coordinates":[13.408158,46.889902]},"properties":{"w":0.3076}},{"type":"Feature","geometry":{"type":"Point","coordinates":[13.203689,46.886428]},"properties":{"w":0.3207}},{"type":"Feature","geometry":{"type":"Point","coordinates":[15.039163,46.873688]},"properties":{"w":0.4493}},{"type":"Feature","geometry":{"type":"Point","coordinates":[10.528315,46.848434]},"properties":{"w":0.3034}},{"type":"Feature","geometry":{"type":"Point","coordinates":[13.935998,46.884319]},"properties":{"w":0.4195}},{"type":"Feature","geometry":{"type":"Point","coordinates":[14.393643,46.882946]},"properties":{"w":0.4425}},{"type":"Feature","geometry":{"type":"Point","coordinates":[13.964993,46.880759]},"properties":{"w":0.3531}},{"type":"Feature","geometry":{"type":"Point","coordinates":[13.97273,46.880097]},"properties":{"w":0.2998}},{"type":"Feature","geometry":{"type":"Point","coordinates":[14.660984,46.871868]},"properties":{"w":0.298}},{"type":"Feature","geometry":{"type":"Point","coordinates":[12.782894,46.880302]},"properties":{"w":0.3339}},{"type":"Feature","geometry":{"type":"Point","coordinates":[15.047162,46.866971]},"properties":{"w":0.3126}},{"type":"Feature","geometry":{"type":"Point","coordinates":[15.070648,46.868229]},"properties":{"w":0.338}},{"type":"Feature","geometry":{"type":"Point","coordinates":[13.957019,46.876465]},"properties":{"w":0.3164}},{"type":"Feature","geometry":{"type":"Point","coordinates":[15.040253,46.868219]},"properties":{"w":0.4524}},{"type":"Feature","geometry":{"type":"Point","coordinates":[13.41651,46.879295]},"properties":{"w":0.3034}},{"type":"Feature","geometry":{"type":"Point","coordinates":[12.793605,46.875243]},"properties":{"w":0.3164}},{"type":"Feature","geometry":{"type":"Point","coordinates":[14.070837,46.876591]},"properties":{"w":0.405}},{"type":"Feature","geometry":{"type":"Point","coordinates":[13.933795,46.874777]},"properties":{"w":0.3267}},{"type":"Feature","geometry":{"type":"Point","coordinates":[13.915807,46.873113]},"properties":{"w":0.3029}},{"type":"Feature","geometry":{"type":"Point","coordinates":[12.540818,46.870675]},"properties":{"w":0.3397}},{"type":"Feature","geometry":{"type":"Point","coordinates":[14.07956,46.87404]},"properties":{"w":0.5066}},{"type":"Feature","geometry":{"type":"Point","coordinates":[14.667919,46.875189]},"properties":{"w":0.5761}},{"type":"Feature","geometry":{"type":"Point","coordinates":[13.570771,46.873634]},"properties":{"w":0.3262}},{"type":"Feature","geometry":{"type":"Point","coordinates":[12.456333,46.869588]},"properties":{"w":0.3531}},{"type":"Feature","geometry":{"type":"Point","coordinates":[15.005451,46.888167]},"properties":{"w":0.8287}},{"type":"Feature","geometry":{"type":"Point","coordinates":[13.453951,46.869652]},"properties":{"w":0.298}},{"type":"Feature","geometry":{"type":"Point","coordinates":[14.651816,46.862109]},"properties":{"w":0.4153}},{"type":"Feature","geometry":{"type":"Point","coordinates":[12.411314,46.866068]},"properties":{"w":0.4217}},{"type":"Feature","geometry":{"type":"Point","coordinates":[13.478014,46.868072]},"properties":{"w":0.4206}},{"type":"Feature","geometry":{"type":"Point","coordinates":[13.962883,46.870843]},"properties":{"w":0.4951}},{"type":"Feature","geometry":{"type":"Point","coordinates":[12.441743,46.864639]},"properties":{"w":0.2896}},{"type":"Feature","geometry":{"type":"Point","coordinates":[13.426989,46.868393]},"properties":{"w":0.3357}},{"type":"Feature","geometry":{"type":"Point","coordinates":[13.043511,46.863943]},"properties":{"w":0.3164}},{"type":"Feature","geometry":{"type":"Point","coordinates":[12.296864,46.85919]},"properties":{"w":0.355}},{"type":"Feature","geometry":{"type":"Point","coordinates":[12.528832,46.85977]},"properties":{"w":0.3792}},{"type":"Feature","geometry":{"type":"Point","coordinates":[14.691702,46.852962]},"properties":{"w":0.2875}},{"type":"Feature","geometry":{"type":"Point","coordinates":[13.962562,46.85918]},"properties":{"w":0.3737}},{"type":"Feature","geometry":{"type":"Point","coordinates":[13.120616,46.861832]},"properties":{"w":0.3164}},{"type":"Feature","geometry":{"type":"Point","coordinates":[12.393789,46.856116]},"properties":{"w":0.4505}},{"type":"Feature","geometry":{"type":"Point","coordinates":[12.456043,46.856366]},"properties":{"w":0.3406}},{"type":"Feature","geometry":{"type":"Point","coordinates":[12.549315,46.853361]},"properties":{"w":0.3116}},{"type":"Feature","geometry":{"type":"Point","coordinates":[12.573549,46.851981]},"properties":{"w":0.3325}},{"type":"Feature","geometry":{"type":"Point","coordinates":[12.586417,46.852062]},"properties":{"w":0.3247}},{"type":"Feature","geometry":{"type":"Point","coordinates":[13.598065,46.851458]},"properties":{"w":0.2875}},{"type":"Feature","geometry":{"type":"Point","coordinates":[13.04435,46.853359]},"properties":{"w":0.3811}},{"type":"Feature","geometry":{"type":"Point","coordinates":[15.042873,46.840347]},"properties":{"w":0.4122}},{"type":"Feature","geometry":{"type":"Point","coordinates":[13.110652,46.850123]},"properties":{"w":0.2922}},{"type":"Feature","geometry":{"type":"Point","coordinates":[12.51119,46.848774]},"properties":{"w":0.3397}},{"type":"Feature","geometry":{"type":"Point","coordinates":[12.433596,46.846158]},"properties":{"w":0.298}},{"type":"Feature","geometry":{"type":"Point","coordinates":[13.020159,46.851276]},"properties":{"w":0.5227}},{"type":"Feature","geometry":{"type":"Point","coordinates":[15.05463,46.848917]},"properties":{"w":0.7398}},{"type":"Feature","geometry":{"type":"Point","coordinates":[13.157711,46.850086]},"properties":{"w":0.4496}},{"type":"Feature","geometry":{"type":"Point","coordinates":[14.654907,46.870062]},"properties":{"w":0.8293}},{"type":"Feature","geometry":{"type":"Point","coordinates":[13.62532,46.846077]},"properties":{"w":0.3415}},{"type":"Feature","geometry":{"type":"Point","coordinates":[13.034512,46.846144]},"properties":{"w":0.3466}},{"type":"Feature","geometry":{"type":"Point","coordinates":[13.591959,46.846196]},"properties":{"w":0.298}},{"type":"Feature","geometry":{"type":"Point","coordinates":[12.518161,46.841575]},"properties":{"w":0.427}},{"type":"Feature","geometry":{"type":"Point","coordinates":[13.952003,46.842715]},"properties":{"w":0.2916}},{"type":"Feature","geometry":{"type":"Point","coordinates":[12.879257,46.842315]},"properties":{"w":0.3817}},{"type":"Feature","geometry":{"type":"Point","coordinates":[13.265128,46.842867]},"properties":{"w":0.3247}},{"type":"Feature","geometry":{"type":"Point","coordinates":[12.362816,46.837348]},"properties":{"w":0.3325}},{"type":"Feature","geometry":{"type":"Point","coordinates":[12.562471,46.838605]},"properties":{"w":0.298}},{"type":"Feature","geometry":{"type":"Point","coordinates":[13.252321,46.84138]},"properties":{"w":0.3397}},{"type":"Feature","geometry":{"type":"Point","coordinates":[12.605505,46.841778]},"properties":{"w":0.3023}},{"type":"Feature","geometry":{"type":"Point","coordinates":[13.584385,46.845517]},"properties":{"w":0.3466}},{"type":"Feature","geometry":{"type":"Point","coordinates":[12.419203,46.83729]},"properties":{"w":0.298}},{"type":"Feature","geometry":{"type":"Point","coordinates":[12.332804,46.842559]},"properties":{"w":0.4014}},{"type":"Feature","geometry":{"type":"Point","coordinates":[12.407671,46.835281]},"properties":{"w":0.3499}},{"type":"Feature","geometry":{"type":"Point","coordinates":[12.468174,46.839568]},"properties":{"w":0.4113}},{"type":"Feature","geometry":{"type":"Point","coordinates":[13.084755,46.839467]},"properties":{"w":0.3633}},{"type":"Feature","geometry":{"type":"Point","coordinates":[12.642817,46.836657]},"properties":{"w":0.3202}},{"type":"Feature","geometry":{"type":"Point","coordinates":[14.950731,46.82622]},"properties":{"w":0.2896}},{"type":"Feature","geometry":{"type":"Point","coordinates":[13.15887,46.83738]},"properties":{"w":0.4025}},{"type":"Feature","geometry":{"type":"Point","coordinates":[13.099902,46.837308]},"properties":{"w":0.4501}},{"type":"Feature","geometry":{"type":"Point","coordinates":[13.307043,46.836805]},"properties":{"w":0.444}},{"type":"Feature","geometry":{"type":"Point","coordinates":[12.535965,46.836193]},"properties":{"w":0.3538}},{"type":"Feature","geometry":{"type":"Point","coordinates":[13.167818,46.834613]},"properties":{"w":0.3076}},{"type":"Feature","geometry":{"type":"Point","coordinates":[15.026772,46.823879]},"properties":{"w":0.5515}},{"type":"Feature","geometry":{"type":"Point","coordinates":[13.084384,46.832629]},"properties":{"w":0.2974}},{"type":"Feature","geometry":{"type":"Point","coordinates":[14.693447,46.824435]},"properties":{"w":0.3375}},{"type":"Feature","geometry":{"type":"Point","coordinates":[13.890817,46.830565]},"properties":{"w":0.317}},{"type":"Feature","geometry":{"type":"Point","coordinates":[13.905291,46.83219]},"properties":{"w":0.5093}},{"type":"Feature","geometry":{"type":"Point","coordinates":[13.122323,46.832604]},"properties":{"w":0.4754}},{"type":"Feature","geometry":{"type":"Point","coordinates":[13.259023,46.830693]},"properties":{"w":0.4101}},{"type":"Feature","geometry":{"type":"Point","coordinates":[12.416193,46.825731]},"properties":{"w":0.4607}},{"type":"Feature","geometry":{"type":"Point","coordinates":[13.066871,46.831624]},"properties":{"w":0.3811}},{"type":"Feature","geometry":{"type":"Point","coordinates":[14.692545,46.819794]},"properties":{"w":0.4328}},{"type":"Feature","geometry":{"type":"Point","coordinates":[13.626073,46.837505]},"properties":{"w":0.5291}},{"type":"Feature","geometry":{"type":"Point","coordinates":[14.985643,46.81552]},"properties":{"w":0.4019}},{"type":"Feature","geometry":{"type":"Point","coordinates":[12.900979,46.823779]},"properties":{"w":0.3325}},{"type":"Feature","geometry":{"type":"Point","coordinates":[13.016002,46.824269]},"properties":{"w":0.3717}},{"type":"Feature","geometry":{"type":"Point","coordinates":[13.025077,46.825099]},"properties":{"w":0.2848}},{"type":"Feature","geometry":{"type":"Point","coordinates":[13.951041,46.827611]},"properties":{"w":0.419}},{"type":"Feature","geometry":{"type":"Point","coordinates":[14.657645,46.820793]},"properties":{"w":0.537}},{"type":"Feature","geometry":{"type":"Point","coordinates":[13.179858,46.825046]},"properties":{"w":0.3898}},{"type":"Feature","geometry":{"type":"Point","coordinates":[13.971217,46.823311]},"properties":{"w":0.3181}},{"type":"Feature","geometry":{"type":"Point","coordinates":[13.929,46.830713]},"properties":{"w":0.6721}},{"type":"Feature","geometry":{"type":"Point","coordinates":[14.675334,46.815259]},"properties":{"w":0.317}},{"type":"Feature","geometry":{"type":"Point","coordinates":[13.964051,46.822965]},"properties":{"w":0.467}},{"type":"Feature","geometry":{"type":"Point","coordinates":[14.974579,46.811313]},"properties":{"w":0.4559}},{"type":"Feature","geometry":{"type":"Point","coordinates":[12.594566,46.820031]},"properties":{"w":0.4857}},{"type":"Feature","geometry":{"type":"Point","coordinates":[13.081325,46.823976]},"properties":{"w":0.5633}},{"type":"Feature","geometry":{"type":"Point","coordinates":[13.004882,46.82034]},"properties":{"w":0.3966}},{"type":"Feature","geometry":{"type":"Point","coordinates":[12.674349,46.824596]},"properties":{"w":0.617}},{"type":"Feature","geometry":{"type":"Point","coordinates":[12.88363,46.818525]},"properties":{"w":0.2986}},{"type":"Feature","geometry":{"type":"Point","coordinates":[13.244847,46.822164]},"properties":{"w":0.3651}},{"type":"Feature","geometry":{"type":"Point","coordinates":[15.029331,46.804154]},"properties":{"w":0.3247}},{"type":"Feature","geometry":{"type":"Point","coordinates":[12.922078,46.816429]},"properties":{"w":0.3164}},{"type":"Feature","geometry":{"type":"Point","coordinates":[14.676009,46.806676]},"properties":{"w":0.3592}},{"type":"Feature","geometry":{"type":"Point","coordinates":[13.975502,46.815307]},"properties":{"w":0.2986}},{"type":"Feature","geometry":{"type":"Point","coordinates":[13.13507,46.823072]},"properties":{"w":0.5968}},{"type":"Feature","geometry":{"type":"Point","coordinates":[13.026534,46.813615]},"properties":{"w":0.3838}},{"type":"Feature","geometry":{"type":"Point","coordinates":[13.264453,46.814995]},"properties":{"w":0.3325}},{"type":"Feature","geometry":{"type":"Point","coordinates":[12.982601,46.815454]},"properties":{"w":0.4833}},{"type":"Feature","geometry":{"type":"Point","coordinates":[15.042116,46.809138]},"properties":{"w":0.7077}},{"type":"Feature","geometry":{"type":"Point","coordinates":[14.687001,46.804905]},"properties":{"w":0.331}},{"type":"Feature","geometry":{"type":"Point","coordinates":[13.036998,46.813161]},"properties":{"w":0.374}},{"type":"Feature","geometry":{"type":"Point","coordinates":[13.137614,46.812935]},"properties":{"w":0.298}},{"type":"Feature","geometry":{"type":"Point","coordinates":[13.146581,46.812931]},"properties":{"w":0.3957}},{"type":"Feature","geometry":{"type":"Point","coordinates":[12.662249,46.809064]},"properties":{"w":0.3907}},{"type":"Feature","geometry":{"type":"Point","coordinates":[12.994343,46.810134]},"properties":{"w":0.3064}},{"type":"Feature","geometry":{"type":"Point","coordinates":[13.221198,46.814769]},"properties":{"w":0.3907}},{"type":"Feature","geometry":{"type":"Point","coordinates":[12.55777,46.8159]},"properties":{"w":0.4622}},{"type":"Feature","geometry":{"type":"Point","coordinates":[13.021176,46.809051]},"properties":{"w":0.3569}},{"type":"Feature","geometry":{"type":"Point","coordinates":[14.665099,46.800309]},"properties":{"w":0.2916}},{"type":"Feature","geometry":{"type":"Point","coordinates":[12.603594,46.809272]},"properties":{"w":0.4856}},{"type":"Feature","geometry":{"type":"Point","coordinates":[15.076065,46.794622]},"properties":{"w":0.3164}},{"type":"Feature","geometry":{"type":"Point","coordinates":[12.525872,46.805271]},"properties":{"w":0.4163}},{"type":"Feature","geometry":{"type":"Point","coordinates":[12.962995,46.806551]},"properties":{"w":0.3238}},{"type":"Feature","geometry":{"type":"Point","coordinates":[13.212575,46.807745]},"properties":{"w":0.4186}},{"type":"Feature","geometry":{"type":"Point","coordinates":[13.055924,46.810997]},"properties":{"w":0.4825}},{"type":"Feature","geometry":{"type":"Point","coordinates":[13.258809,46.808029]},"properties":{"w":0.3247}},{"type":"Feature","geometry":{"type":"Point","coordinates":[12.614572,46.803505]},"properties":{"w":0.3247}},{"type":"Feature","geometry":{"type":"Point","coordinates":[13.111412,46.809405]},"properties":{"w":0.3686}},{"type":"Feature","geometry":{"type":"Point","coordinates":[13.171482,46.81018]},"properties":{"w":0.3904}},{"type":"Feature","geometry":{"type":"Point","coordinates":[12.544767,46.801127]},"properties":{"w":0.3811}},{"type":"Feature","geometry":{"type":"Point","coordinates":[13.051094,46.803526]},"properties":{"w":0.3466}},{"type":"Feature","geometry":{"type":"Point","coordinates":[12.505544,46.800801]},"properties":{"w":0.4038}},{"type":"Feature","geometry":{"type":"Point","coordinates":[12.988287,46.801233]},"properties":{"w":0.3466}},{"type":"Feature","geometry":{"type":"Point","coordinates":[13.148864,46.801759]},"properties":{"w":0.375}},{"type":"Feature","geometry":{"type":"Point","coordinates":[13.20291,46.802759]},"properties":{"w":0.3272}},{"type":"Feature","geometry":{"type":"Point","coordinates":[13.949701,46.799458]},"properties":{"w":0.3519}},{"type":"Feature","geometry":{"type":"Point","coordinates":[14.621777,46.791584]},"properties":{"w":0.3713}},{"type":"Feature","geometry":{"type":"Point","coordinates":[15.08584,46.784788]},"properties":{"w":0.3622}},{"type":"Feature","geometry":{"type":"Point","coordinates":[13.306218,46.798573]},"properties":{"w":0.2998}},{"type":"Feature","geometry":{"type":"Point","coordinates":[13.39303,46.8002]},"properties":{"w":0.5032}},{"type":"Feature","geometry":{"type":"Point","coordinates":[15.034439,46.79375]},"properties":{"w":0.7097}},{"type":"Feature","geometry":{"type":"Point","coordinates":[12.333814,46.792975]},"properties":{"w":0.3389}},{"type":"Feature","geometry":{"type":"Point","coordinates":[12.552587,46.793973]},"properties":{"w":0.3466}},{"type":"Feature","geometry":{"type":"Point","coordinates":[13.988013,46.80045]},"properties":{"w":0.6756}},{"type":"Feature","geometry":{"type":"Point","coordinates":[13.275715,46.791448]},"properties":{"w":0.307}},{"type":"Feature","geometry":{"type":"Point","coordinates":[13.88045,46.789015]},"properties":{"w":0.3539}},{"type":"Feature","geometry":{"type":"Point","coordinates":[13.852389,46.791109]},"properties":{"w":0.3052}},{"type":"Feature","geometry":{"type":"Point","coordinates":[12.303888,46.784229]},"properties":{"w":0.2172}},{"type":"Feature","geometry":{"type":"Point","coordinates":[12.481361,46.789787]},"properties":{"w":0.4038}},{"type":"Feature","geometry":{"type":"Point","coordinates":[14.982492,46.779082]},"properties":{"w":0.6342}},{"type":"Feature","geometry":{"type":"Point","coordinates":[13.140557,46.787653]},"properties":{"w":0.3238}},{"type":"Feature","geometry":{"type":"Point","coordinates":[13.409159,46.78876]},"properties":{"w":0.3511}},{"type":"Feature","geometry":{"type":"Point","coordinates":[12.384502,46.785621]},"properties":{"w":0.3531}},{"type":"Feature","geometry":{"type":"Point","coordinates":[13.086441,46.78534]},"properties":{"w":0.3098}},{"type":"Feature","geometry":{"type":"Point","coordinates":[14.630689,46.788502]},"properties":{"w":0.6808}},{"type":"Feature","geometry":{"type":"Point","coordinates":[12.397712,46.778877]},"properties":{"w":0.3272}},{"type":"Feature","geometry":{"type":"Point","coordinates":[13.695482,46.780172]},"properties":{"w":0.3247}},{"type":"Feature","geometry":{"type":"Point","coordinates":[13.855896,46.781772]},"properties":{"w":0.4979}},{"type":"Feature","geometry":{"type":"Point","coordinates":[15.058536,46.766756]},"properties":{"w":0.3164}},{"type":"Feature","geometry":{"type":"Point","coordinates":[12.501659,46.774748]},"properties":{"w":0.2954}},{"type":"Feature","geometry":{"type":"Point","coordinates":[13.425978,46.779821]},"properties":{"w":0.4966}},{"type":"Feature","geometry":{"type":"Point","coordinates":[12.463117,46.777635]},"properties":{"w":0.593}},{"type":"Feature","geometry":{"type":"Point","coordinates":[13.876218,46.772889]},"properties":{"w":0.4354}},{"type":"Feature","geometry":{"type":"Point","coordinates":[12.365487,46.772473]},"properties":{"w":0.5662}},{"type":"Feature","geometry":{"type":"Point","coordinates":[12.795268,46.765292]},"properties":{"w":0.3907}},{"type":"Feature","geometry":{"type":"Point","coordinates":[12.746343,46.764966]},"properties":{"w":0.3397}},{"type":"Feature","geometry":{"type":"Point","coordinates":[13.940111,46.764109]},"properties":{"w":0.3238}},{"type":"Feature","geometry":{"type":"Point","coordinates":[13.884597,46.765129]},"properties":{"w":0.5253}},{"type":"Feature","geometry":{"type":"Point","coordinates":[12.611372,46.755138]},"properties":{"w":0.2875}},{"type":"Feature","geometry":{"type":"Point","coordinates":[12.753396,46.755412]},"properties":{"w":0.4211}},{"type":"Feature","geometry":{"type":"Point","coordinates":[12.824352,46.756631]},"properties":{"w":0.4156}},{"type":"Feature","geometry":{"type":"Point","coordinates":[13.709651,46.761524]},"properties":{"w":0.5164}},{"type":"Feature","geometry":{"type":"Point","coordinates":[12.696451,46.754877]},"properties":{"w":0.3486}},{"type":"Feature","geometry":{"type":"Point","coordinates":[15.055638,46.739137]},"properties":{"w":0.4027}},{"type":"Feature","geometry":{"type":"Point","coordinates":[13.513751,46.74491]},"properties":{"w":0.3445}},{"type":"Feature","geometry":{"type":"Point","coordinates":[13.402757,46.743248]},"properties":{"w":0.3419}},{"type":"Feature","geometry":{"type":"Point","coordinates":[13.438858,46.743306]},"properties":{"w":0.4149}},{"type":"Feature","geometry":{"type":"Point","coordinates":[12.558302,46.738831]},"properties":{"w":0.2974}},{"type":"Feature","geometry":{"type":"Point","coordinates":[13.378285,46.734509]},"properties":{"w":0.2875}},{"type":"Feature","geometry":{"type":"Point","coordinates":[15.07733,46.721824]},"properties":{"w":0.298}},{"type":"Feature","geometry":{"type":"Point","coordinates":[15.065249,46.760873]},"properties":{"w":0.9068}},{"type":"Feature","geometry":{"type":"Point","coordinates":[12.609673,46.731833]},"properties":{"w":0.4429}},{"type":"Feature","geometry":{"type":"Point","coordinates":[12.568484,46.729182]},"properties":{"w":0.411}},{"type":"Feature","geometry":{"type":"Point","coordinates":[12.59501,46.730107]},"properties":{"w":0.4193}},{"type":"Feature","geometry":{"type":"Point","coordinates":[12.548875,46.727379]},"properties":{"w":0.4253}},{"type":"Feature","geometry":{"type":"Point","coordinates":[12.839325,46.727333]},"properties":{"w":0.3689}},{"type":"Feature","geometry":{"type":"Point","coordinates":[12.882501,46.728119]},"properties":{"w":0.3004}},{"type":"Feature","geometry":{"type":"Point","coordinates":[13.734472,46.728073]},"properties":{"w":0.3034}},{"type":"Feature","geometry":{"type":"Point","coordinates":[12.734691,46.723606]},"properties":{"w":0.4206}},{"type":"Feature","geometry":{"type":"Point","coordinates":[12.686618,46.725086]},"properties":{"w":0.536}},{"type":"Feature","geometry":{"type":"Point","coordinates":[12.656212,46.723926]},"properties":{"w":0.5265}},{"type":"Feature","geometry":{"type":"Point","coordinates":[12.882116,46.721328]},"properties":{"w":0.3531}},{"type":"Feature","geometry":{"type":"Point","coordinates":[13.972663,46.717664]},"properties":{"w":0.5182}},{"type":"Feature","geometry":{"type":"Point","coordinates":[13.204965,46.713763]},"properties":{"w":0.3863}},{"type":"Feature","geometry":{"type":"Point","coordinates":[13.216581,46.714218]},"properties":{"w":0.3546}},{"type":"Feature","geometry":{"type":"Point","coordinates":[13.926884,46.713346]},"properties":{"w":0.3216}},{"type":"Feature","geometry":{"type":"Point","coordinates":[15.021847,46.728511]},"properties":{"w":0.9119}},{"type":"Feature","geometry":{"type":"Point","coordinates":[13.741759,46.714459]},"properties":{"w":0.4578}},{"type":"Feature","geometry":{"type":"Point","coordinates":[13.006756,46.710588]},"properties":{"w":0.3291}},{"type":"Feature","geometry":{"type":"Point","coordinates":[12.862607,46.709359]},"properties":{"w":0.3633}},{"type":"Feature","geometry":{"type":"Point","coordinates":[13.173633,46.710172]},"properties":{"w":0.5042}},{"type":"Feature","geometry":{"type":"Point","coordinates":[13.052132,46.708603]},"properties":{"w":0.4146}},{"type":"Feature","geometry":{"type":"Point","coordinates":[13.942565,46.706896]},"properties":{"w":0.3023}},{"type":"Feature","geometry":{"type":"Point","coordinates":[12.895183,46.709272]},"properties":{"w":0.3527}},{"type":"Feature","geometry":{"type":"Point","coordinates":[13.859854,46.704469]},"properties":{"w":0.3121}},{"type":"Feature","geometry":{"type":"Point","coordinates":[12.508861,46.704224]},"properties":{"w":0.2875}},{"type":"Feature","geometry":{"type":"Point","coordinates":[12.866434,46.703739]},"properties":{"w":0.42}},{"type":"Feature","geometry":{"type":"Point","coordinates":[13.496027,46.703992]},"properties":{"w":0.3458}},{"type":"Feature","geometry":{"type":"Point","coordinates":[15.032733,46.687957]},"properties":{"w":0.2784}},{"type":"Feature","geometry":{"type":"Point","coordinates":[12.440155,46.69146]},"properties":{"w":0.216}},{"type":"Feature","geometry":{"type":"Point","coordinates":[13.490374,46.696769]},"properties":{"w":0.4539}},{"type":"Feature","geometry":{"type":"Point","coordinates":[13.07739,46.695101]},"properties":{"w":0.4701}},{"type":"Feature","geometry":{"type":"Point","coordinates":[12.579135,46.692365]},"properties":{"w":0.3957}},{"type":"Feature","geometry":{"type":"Point","coordinates":[13.033607,46.702037]},"properties":{"w":0.6105}},{"type":"Feature","geometry":{"type":"Point","coordinates":[13.295349,46.691009]},"properties":{"w":0.3573}},{"type":"Feature","geometry":{"type":"Point","coordinates":[13.520536,46.68909]},"properties":{"w":0.3462}},{"type":"Feature","geometry":{"type":"Point","coordinates":[13.210227,46.688119]},"properties":{"w":0.2974}},{"type":"Feature","geometry":{"type":"Point","coordinates":[13.113369,46.684057]},"properties":{"w":0.298}},{"type":"Feature","geometry":{"type":"Point","coordinates":[15.134243,46.677497]},"properties":{"w":0.5791}},{"type":"Feature","geometry":{"type":"Point","coordinates":[12.52608,46.68265]},"properties":{"w":0.3247}},{"type":"Feature","geometry":{"type":"Point","coordinates":[12.487699,46.682849]},"properties":{"w":0.4414}},{"type":"Feature","geometry":{"type":"Point","coordinates":[15.022493,46.67617]},"properties":{"w":0.5671}},{"type":"Feature","geometry":{"type":"Point","coordinates":[12.69775,46.681081]},"properties":{"w":0.298}},{"type":"Feature","geometry":{"type":"Point","coordinates":[12.543761,46.679282]},"properties":{"w":0.4575}},{"type":"Feature","geometry":{"type":"Point","coordinates":[12.539722,46.670713]},"properties":{"w":0.3696}},{"type":"Feature","geometry":{"type":"Point","coordinates":[12.637135,46.671888]},"properties":{"w":0.298}},{"type":"Feature","geometry":{"type":"Point","coordinates":[12.552785,46.671202]},"properties":{"w":0.4679}},{"type":"Feature","geometry":{"type":"Point","coordinates":[13.378693,46.668498]},"properties":{"w":0.3415}},{"type":"Feature","geometry":{"type":"Point","coordinates":[13.166089,46.667044]},"properties":{"w":0.4181}},{"type":"Feature","geometry":{"type":"Point","coordinates":[12.557622,46.662646]},"properties":{"w":0.3952}},{"type":"Feature","geometry":{"type":"Point","coordinates":[13.474908,46.666709]},"properties":{"w":0.3325}},{"type":"Feature","geometry":{"type":"Point","coordinates":[13.819881,46.661473]},"properties":{"w":0.4498}},{"type":"Feature","geometry":{"type":"Point","coordinates":[13.22369,46.661759]},"properties":{"w":0.5353}},{"type":"Feature","geometry":{"type":"Point","coordinates":[15.043154,46.658638]},"properties":{"w":0.7656}},{"type":"Feature","geometry":{"type":"Point","coordinates":[15.244793,46.642626]},"properties":{"w":0.2798}},{"type":"Feature","geometry":{"type":"Point","coordinates":[15.015524,46.645582]},"properties":{"w":0.2974}},{"type":"Feature","geometry":{"type":"Point","coordinates":[12.707964,46.657358]},"properties":{"w":0.3901}},{"type":"Feature","geometry":{"type":"Point","coordinates":[13.266621,46.656302]},"properties":{"w":0.5571}},{"type":"Feature","geometry":{"type":"Point","coordinates":[13.512371,46.646289]},"properties":{"w":0.411}},{"type":"Feature","geometry":{"type":"Point","coordinates":[12.867889,46.649945]},"properties":{"w":0.4287}},{"type":"Feature","geometry":{"type":"Point","coordinates":[13.578075,46.632286]},"properties":{"w":0.4139}},{"type":"Feature","geometry":{"type":"Point","coordinates":[13.064803,46.620703]},"properties":{"w":0.298}},{"type":"Feature","geometry":{"type":"Point","coordinates":[13.098427,46.616261]},"properties":{"w":0.3651}},{"type":"Feature","geometry":{"type":"Point","coordinates":[13.12991,46.60722]},"properties":{"w":0.3325}},{"type":"Feature","geometry":{"type":"Point","coordinates":[13.095553,46.607286]},"properties":{"w":0.3883}},{"type":"Feature","geometry":{"type":"Point","coordinates":[13.073484,46.604559]},"properties":{"w":0.5218}},{"type":"Feature","geometry":{"type":"Point","coordinates":[13.224657,46.599412]},"properties":{"w":0.4038}},{"type":"Feature","geometry":{"type":"Point","coordinates":[13.116856,46.59986]},"properties":{"w":0.5395}},{"type":"Feature","geometry":{"type":"Point","coordinates":[13.135814,46.596089]},"properties":{"w":0.5618}},{"type":"Feature","geometry":{"type":"Point","coordinates":[13.152404,46.589805]},"properties":{"w":0.2609}},{"type":"Feature","geometry":{"type":"Point","coordinates":[13.178747,46.585517]},"properties":{"w":0.3814}},{"type":"Feature","geometry":{"type":"Point","coordinates":[13.206593,46.588757]},"properties":{"w":0.455}},{"type":"Feature","geometry":{"type":"Point","coordinates":[13.28834,46.582865]},"properties":{"w":0.3076}},{"type":"Feature","geometry":{"type":"Point","coordinates":[13.190554,46.578737]},"properties":{"w":0.4233}},{"type":"Feature","geometry":{"type":"Point","coordinates":[13.362017,46.573515]},"properties":{"w":0.4591}},{"type":"Feature","geometry":{"type":"Point","coordinates":[13.333262,46.571674]},"properties":{"w":0.3034}},{"type":"Feature","geometry":{"type":"Point","coordinates":[13.322507,46.563137]},"properties":{"w":0.2974}},{"type":"Feature","geometry":{"type":"Point","coordinates":[13.463206,46.564388]},"properties":{"w":0.2875}},{"type":"Feature","geometry":{"type":"Point","coordinates":[13.315627,46.555768]},"properties":{"w":0.376}},{"type":"Feature","geometry":{"type":"Point","coordinates":[14.523988,46.524452]},"properties":{"w":0.2875}},{"type":"Feature","geometry":{"type":"Point","coordinates":[14.801664,46.521334]},"properties":{"w":0.4858}},{"type":"Feature","geometry":{"type":"Point","coordinates":[13.828321,46.527719]},"properties":{"w":0.3216}},{"type":"Feature","geometry":{"type":"Point","coordinates":[14.803244,46.512747]},"properties":{"w":0.3466}},{"type":"Feature","geometry":{"type":"Point","coordinates":[13.941296,46.520075]},"properties":{"w":0.2954}},{"type":"Feature","geometry":{"type":"Point","coordinates":[14.673643,46.513504]},"properties":{"w":0.2875}},{"type":"Feature","geometry":{"type":"Point","coordinates":[14.814156,46.51328]},"properties":{"w":0.4691}},{"type":"Feature","geometry":{"type":"Point","coordinates":[14.794414,46.510053]},"properties":{"w":0.432}},{"type":"Feature","geometry":{"type":"Point","coordinates":[14.512615,46.514709]},"properties":{"w":0.4239}},{"type":"Feature","geometry":{"type":"Point","coordinates":[14.41968,46.5136]},"properties":{"w":0.3703}},{"type":"Feature","geometry":{"type":"Point","coordinates":[14.663945,46.509542]},"properties":{"w":0.2998}},{"type":"Feature","geometry":{"type":"Point","coordinates":[14.37871,46.510977]},"properties":{"w":0.4957}},{"type":"Feature","geometry":{"type":"Point","coordinates":[14.524083,46.505266]},"properties":{"w":0.3238}},{"type":"Feature","geometry":{"type":"Point","coordinates":[14.746952,46.508135]},"properties":{"w":0.5502}},{"type":"Feature","geometry":{"type":"Point","coordinates":[14.399763,46.505568]},"properties":{"w":0.3076}},{"type":"Feature","geometry":{"type":"Point","coordinates":[14.51503,46.502432]},"properties":{"w":0.3397}},{"type":"Feature","geometry":{"type":"Point","coordinates":[14.533716,46.49888]},"properties":{"w":0.3287}},{"type":"Feature","geometry":{"type":"Point","coordinates":[14.047485,46.504284]},"properties":{"w":0.3361}},{"type":"Feature","geometry":{"type":"Point","coordinates":[14.475322,46.498109]},"properties":{"w":0.3325}},{"type":"Feature","geometry":{"type":"Point","coordinates":[14.379858,46.496967]},"properties":{"w":0.4053}},{"type":"Feature","geometry":{"type":"Point","coordinates":[14.39856,46.496543]},"properties":{"w":0.4093}},{"type":"Feature","geometry":{"type":"Point","coordinates":[14.103365,46.497712]},"properties":{"w":0.3216}},{"type":"Feature","geometry":{"type":"Point","coordinates":[14.127322,46.478344]},"properties":{"w":0.3076}},{"type":"Feature","geometry":{"type":"Point","coordinates":[14.680516,46.468677]},"properties":{"w":0.3693}},{"type":"Feature","geometry":{"type":"Point","coordinates":[14.691202,46.470704]},"properties":{"w":0.5103}},{"type":"Feature","geometry":{"type":"Point","coordinates":[14.179349,46.4685]},"properties":{"w":0.3397}},{"type":"Feature","geometry":{"type":"Point","coordinates":[14.656475,46.448448]},"properties":{"w":0.3786}},{"type":"Feature","geometry":{"type":"Point","coordinates":[14.528328,46.447948]},"properties":{"w":0.3325}},{"type":"Feature","geometry":{"type":"Point","coordinates":[14.629362,46.441031]},"properties":{"w":0.3104}},{"type":"Feature","geometry":{"type":"Point","coordinates":[14.609425,46.440347]},"properties":{"w":0.3415}},{"type":"Feature","geometry":{"type":"Point","coordinates":[14.46329,46.439245]},"properties":{"w":0.3301}},{"type":"Feature","geometry":{"type":"Point","coordinates":[14.533034,46.440932]},"properties":{"w":0.4193}},{"type":"Feature","geometry":{"type":"Point","coordinates":[14.521679,46.435365]},"properties":{"w":0.3148}},{"type":"Feature","geometry":{"type":"Point","coordinates":[14.447196,46.434142]},"properties":{"w":0.4735}},{"type":"Feature","geometry":{"type":"Point","coordinates":[14.482587,46.419696]},"properties":{"w":0.3569}}]}